Date,Open,High,Low,Close,Volume
2015-01-01,1241.447796829266,1251.5919227955753,1221.1595448966477,1246.22998046875,7094
2015-01-02,1251.0601688850797,1267.5323398343196,1223.5744728659802,1229.709228515625,15311
2015-01-05,1229.8543020959878,1264.585804145376,1229.8543020959878,1254.3450927734375,10368
2015-01-06,1252.0747796778633,1252.0747796778633,1208.6483134664002,1219.758544921875,8830
2015-01-07,1217.295067670449,1242.945260912422,1200.9678324619183,1225.8450927734375,7996
2015-01-08,1238.5494628992597,1248.5970016295062,1217.29510394155,1227.77734375,9740
2015-01-09,1238.2111171811234,1239.4669855791915,1222.1254113034565,1224.444091796875,6924
2015-01-12,1203.28637006279,1248.2103493545762,1203.28637006279,1230.8687744140625,9083
2015-01-13,1240.2881060551886,1241.4473871813127,1218.792227172088,1220.8692626953125,6314
2015-01-14,1222.1252653047554,1277.0967731568371,1222.1252653047554,1243.04150390625,23993
2015-01-15,1243.0417848932168,1261.7359346103767,1243.0417848932168,1251.54345703125,17133
2015-01-16,1253.089178945716,1339.9904597112575,1253.0408264206926,1277.5316162109375,87728
2015-01-19,1288.7867092066424,1409.7432557311051,1284.9706338150925,1392.9813232421875,173366
2015-01-20,1409.9850293298582,1448.8708420190549,1305.3073434785836,1318.977783203125,219158
2015-01-21,1311.7800152561113,1312.9392963799464,1235.6507432449973,1249.2728271484375,69718
2015-01-22,1226.9560133979817,1287.5308812169517,1226.9560133979817,1262.46044921875,33717
2015-01-23,1266.5662186224044,1294.5833203310617,1255.9390421122241,1262.26708984375,20640
2015-01-27,1266.5665304942233,1266.614883027094,1186.2346937797847,1194.205078125,36590
2015-01-28,1197.9728658566864,1230.8205089527569,1185.413472908189,1199.325439453125,20572
2015-01-29,1199.3737803018157,1205.7018298673531,1183.4813634515285,1191.983154296875,7749
2015-01-30,1195.60605642989,1203.2865617786767,1173.916878233767,1191.983154296875,16757
2015-02-02,1192.224340854745,1228.8880528041295,1179.6649503779731,1190.2437744140625,18566
2015-02-03,1194.1082184245672,1202.7065940693983,1184.4471486962132,1191.837890625,11022
2015-02-04,1196.0407004096066,1202.8518032676943,1178.6507710013896,1182.7083740234375,10199
2015-02-05,1180.437904899237,1217.005034067223,1164.0624371664842,1171.2598876953125,83374
2015-02-06,1174.7860535713874,1192.17597870649,1167.057197955786,1172.998779296875,9972
2015-02-09,1172.9025453416937,1191.8864583170664,1154.4981551924088,1161.9371337890625,17483
2015-02-10,1158.3625202563537,1178.650771236657,1151.2133034671695,1163.38623046875,9723
2015-02-11,1167.0091934956804,1177.443198861877,1159.3770406453652,1166.4779052734375,9744
2015-02-12,1170.9216906075778,1180.5827606620958,1159.3284065421562,1178.119140625,12054
2015-02-13,1184.398978377253,1188.0702326119895,1147.7352602911515,1152.5657958984375,13625
2015-02-16,1151.5995862668894,1176.718369188818,1151.5995862668894,1164.0140380859375,8534
2015-02-18,1168.0232219033073,1168.989328786602,1138.895075785378,1146.52734375,16436
2015-02-19,1144.836948858313,1165.125198584916,1122.6164848720334,1129.08935546875,15702
2015-02-20,1133.1950992627208,1147.7350560261418,1114.935772263232,1119.5247802734375,13585
2015-02-23,1123.5824665605674,1135.175750824305,1104.2603261210047,1120.05615234375,11448
2015-02-24,1123.5823067344434,1123.5823067344434,1099.1881078994952,1106.1923828125,8442
2015-02-25,1110.0571294153672,1130.3453798224364,1096.5316291439876,1109.2359619140625,13819
2015-02-26,1111.9893682846691,1119.7182257531986,1086.8705815119486,1097.6427001953125,5938
2015-02-27,1100.8305458223615,1125.5146262142437,1095.5653099802166,1109.13916015625,5199
2015-03-02,1101.313729927221,1115.2740481356784,1072.3788697587304,1084.8416748046875,20524
2015-03-03,1088.5610524311305,1137.1079287432356,1078.1754022748096,1133.340087890625,29148
2015-03-04,1137.1082693584037,1137.1082693584037,1103.2945145346619,1107.54541015625,11959
2015-03-05,1111.023320555176,1133.8234277208364,1103.4876369469014,1127.4471435546875,6473
2015-03-09,1124.5486051958378,1127.4469263432497,1101.362036016542,1108.0281982421875,5686
2015-03-10,1111.9893395026427,1120.6843039296834,1096.5316249656817,1102.6663818359375,11168
2015-03-11,1106.1926195004226,1134.4512519199748,1100.7824433759276,1119.3800048828125,10463
2015-03-12,1123.5825870350895,1133.2436582907653,1103.3909245241275,1130.3453369140625,16677
2015-03-13,1134.2096872947582,1201.5956546617167,1127.4469378815868,1134.3062744140625,60598
2015-03-16,1137.1080758297464,1180.3897218110785,1117.785933504687,1134.4996337890625,35163
2015-03-17,1141.0206981244578,1164.1589131673297,1127.1087339987664,1139.13671875,12166
2015-03-18,1126.6255670544792,1149.715545182841,1103.4390018242523,1118.123779296875,10655
2015-03-19,1112.0374713682918,1140.006220885468,1083.1508494728184,1092.71533203125,9891
2015-03-20,1100.3959596296359,1106.1926020859814,1077.2093898042529,1082.4263916015625,8854
2015-03-23,1099.4299033476927,1099.4299033476927,1026.9718692957797,1033.734619140625,19059
2015-03-24,1026.9716980858975,1043.5886906183293,992.5783139096918,1018.4699096679688,12780
2015-03-25,1007.6497074588214,1023.0108339683306,967.8943766220491,980.5504150390625,15712
2015-03-26,980.5504087285054,1020.2090932199394,970.9376313314764,984.2698974609375,23638
2015-03-27,1002.819232777624,1035.9084030306428,974.8021251181335,1009.5336303710938,22209
2015-03-30,1033.7344516164933,1061.7515535761927,1015.3784192980697,1051.1727294921875,19682
2015-03-31,1070.4466609099654,1091.6044298701459,1032.7684842172862,1082.7645263671875,17661
2015-04-01,1077.2093917454572,1103.29428284602,1077.2093917454572,1086.5323486328125,14009
2015-04-06,1095.0339471504171,1100.7823546398615,1055.9549656321028,1088.4161376953125,13975
2015-04-07,1100.3477223670027,1102.5214635158375,1055.9551447451106,1063.5390625,26544
2015-04-08,1071.364390202616,1080.3975856712098,1036.5845356144657,1044.603271484375,28232
2015-04-09,1054.0227172711914,1118.7518850596148,1054.0227172711914,1101.7000732421875,56143
2015-04-10,1106.2893561022006,1141.1175686214717,1085.131584358071,1125.85302734375,27929
2015-04-13,1126.2875890223197,1177.6844343061289,1121.7468153574937,1162.5166015625,50033
2015-04-15,1162.5166635710082,1292.651236383506,1162.5166635710082,1228.9365234375,147123
2015-04-16,1241.4474703106405,1280.0917495421002,1209.807466689883,1244.877197265625,35378
2015-04-17,1241.5442472768746,1263.6681241066256,1196.137212236346,1208.455078125,27517
2015-04-20,1206.6676922526901,1206.6676922526901,1140.1028936491107,1154.5462646484375,15662
2015-04-21,1180.58280502903,1182.5150191125472,1141.9385233586854,1149.184326171875,9029
2015-04-22,1140.247806384756,1196.0404865954906,1140.247806384756,1150.10205078125,18985
2015-04-23,1170.8733231868794,1191.2099225660872,1149.6189693373628,1174.0615234375,15790
2015-04-24,1176.7669756371556,1179.3270654871487,1076.7748758908242,1084.26220703125,26507
2015-04-27,1120.4427151149364,1120.4427151149364,995.3801975357068,1008.0844116210938,30074
2015-04-28,1008.6158417182388,1060.7856266346994,985.4292706442563,1048.51611328125,24805
2015-04-29,1044.361781084722,1094.5993505726087,1044.361781084722,1061.751708984375,19785
2015-04-30,1061.751572377739,1099.9127981365386,1048.3226617519704,1075.3736572265625,16198
2015-05-04,1080.1560741556727,1115.8536837929958,1048.322774927496,1108.7044677734375,14915
2015-05-05,1111.0230378662122,1122.1816207675397,1091.7008980772346,1101.265380859375,9321
2015-05-06,1095.6137949849897,1108.897767501556,1057.8872658647433,1072.9102783203125,20832
2015-05-07,1083.1508336660906,1086.9186743684245,1004.7512308635553,1015.6199340820312,36497
2015-05-08,984.4630826768849,1009.5818659444012,937.2204244063817,975.3816528320312,73348
2015-05-11,1002.8189936457454,1009.1470412123647,970.164591195087,1000.8867797851562,15508
2015-05-12,984.4632262587547,1009.5336606571072,981.9513711522522,989.2937622070312,14287
2015-05-13,994.7522065420839,1013.3980029517521,990.2597849068826,996.9741821289062,12742
2015-05-14,994.6555121038677,1038.081974715176,988.4240511747774,1015.2335205078125,15898
2015-05-15,1024.5083806391683,1029.918675556798,1012.4803926138596,1024.6533203125,5452
2015-05-18,1028.8558568101546,1032.7686383005882,1014.4126007629726,1021.8033447265625,8259
2015-05-19,1022.2863446865755,1048.033124836343,1021.3202374984642,1039.241455078125,9217
2015-05-20,1037.5506310581925,1037.5506310581925,1014.5090012383763,1019.1463623046875,5782
2015-05-21,1024.0733799686686,1101.2653498378083,1021.2234116032681,1085.3245849609375,50022
2015-05-22,1078.1754595335788,1101.2654414381448,1053.1050289514908,1065.2779541015625,12234
2015-05-25,1068.5145202299798,1086.870556291797,1033.4931356383554,1038.516845703125,6911
2015-05-26,1065.616008023335,1065.616008023335,1024.1699946414521,1039.9658203125,4462
2015-05-27,1033.7345234517213,1057.8871992333036,1030.8362023579316,1039.821044921875,5487
2015-05-28,1043.6371426752316,1053.9262063631868,1019.9191673810666,1029.8701171875,7004
2015-05-29,1032.1403833272184,1064.5049676222648,1030.1599347495498,1044.89306640625,9197
2015-06-01,1061.7516886552287,1061.7516886552287,995.0902996495773,1045.376220703125,7964
2015-06-02,1057.8871336264299,1057.8871336264299,1029.0970987070575,1033.444580078125,4571
2015-06-03,1036.198270507242,1051.1245787958014,995.0903641173488,1014.5090942382812,8522
2015-06-04,1019.1945141222732,1082.0398205136942,1002.8190479403701,1062.62109375,16696
2015-06-05,1059.5779177165546,1091.507803212552,1054.022802123329,1061.5101318359375,9466
2015-06-08,1057.887163561662,1061.7515915564077,1019.242883614204,1042.81591796875,8895
2015-06-09,1031.8989141354969,1041.415044969424,998.7615131568128,1005.620849609375,12308
2015-06-10,1014.36407508025,1039.0481579918874,1006.8767452574355,1017.4556884765625,5801
2015-06-11,1032.4786388578534,1032.4786388578534,997.9886616169905,1005.9590454101562,4792
2015-06-12,1005.3792743649518,1037.5023321541992,997.0224252181449,1010.306396484375,10295
2015-06-15,1026.971918270481,1038.5652042716529,1009.6303418002627,1029.049072265625,4832
2015-06-16,1033.7346694971238,1040.4008325412294,1014.1709993500989,1033.9761962890625,6590
2015-06-17,1035.0871225331455,1063.9737470703706,1029.097188031081,1054.9405517578125,6472
2015-06-18,1065.6164526052457,1067.5486673878481,1043.3959826053176,1049.192626953125,3542
2015-06-19,1064.6503078654662,1101.2658002978983,1041.463731287634,1083.00634765625,17829
2015-06-22,1101.265576412212,1101.265576412212,1070.4467343896638,1084.9866943359375,6140
2015-06-23,1097.4976243649116,1141.9385492951808,1088.6094865520542,1116.1917724609375,22345
2015-06-24,1130.296813578392,1165.9945372334078,1112.0374860108445,1135.8519287109375,34460
2015-06-25,1151.5514373988965,1188.3118637725431,1142.9048250755436,1152.227783203125,28697
2015-06-26,1144.8850092215866,1167.0087625026604,1140.0061222877607,1146.52734375,6672
2015-06-29,1117.882394894192,1178.5056096203778,1101.4585757651855,1163.7242431640625,14524
2015-06-30,1159.3284400217103,1170.9217244219276,1141.9385134213846,1160.729248046875,13663
2015-07-01,1204.7354777517953,1204.7354777517953,1149.6673765233654,1155.367431640625,17321
2015-07-02,1173.6269555439019,1173.6269555439019,1125.5147746558032,1132.905517578125,6176
2015-07-03,1134.2095885317904,1149.6673001301795,1128.5095337932885,1138.750244140625,8577
2015-07-06,1152.5658457460984,1157.251441901215,1130.8284345731838,1153.6285400390625,4495
2015-07-07,1153.5319589609583,1159.2320148405822,1137.1564896313223,1144.1607666015625,6523
2015-07-08,1136.141633104687,1148.7010219060141,1111.0228555020321,1129.040771484375,8867
2015-07-09,1147.686789186505,1147.686789186505,1115.8536099965931,1120.8773193359375,3540
2015-07-10,1138.0741169101207,1141.9385451509022,1101.21710897707,1107.9798583984375,9712
2015-07-13,1130.1039384516673,1130.3454652604835,1104.2605699083185,1127.4471435546875,4134
2015-07-14,1134.161364771278,1134.161364771278,1109.9121005348807,1118.17236328125,5614
2015-07-15,1130.296931164561,1130.296931164561,1091.7010004886251,1097.207763671875,11660
2015-07-16,1087.8366621185103,1111.023233957626,1087.8366621185103,1106.7723388671875,9758
2015-07-17,1120.6841981164198,1134.8859248331466,1101.3620567695848,1108.3663330078125,9919
2015-07-20,1120.6844471595825,1136.6252173131456,1101.3623015189,1116.5784912109375,13108
2015-07-21,1127.4469979291196,1127.4469979291196,1096.5315703937881,1102.859619140625,8795
2015-07-22,1102.3282570356334,1120.684292867077,1091.7010783963767,1113.39013671875,7928
2015-07-23,1128.4129389081913,1165.608057185559,1109.139152064929,1147.010498046875,20840
2015-07-24,1148.4115278715904,1206.6678364860304,1145.803085726527,1162.7099609375,41455
2015-07-27,1167.1056149269991,1178.6505464671518,1125.611248289533,1134.113037109375,13257
2015-07-28,1138.7989868806553,1161.0678074558566,1101.3623287753528,1118.9454345703125,17066
2015-07-29,1150.6334854679403,1171.887840363234,1111.1196839169106,1118.751953125,53136
2015-07-30,1134.161464623763,1164.5938404673716,1134.161464623763,1154.836181640625,18486
2015-07-31,1163.192885746959,1172.9023087521787,1143.870744787707,1151.213134765625,10517
2015-08-03,1162.1784972281682,1168.989599505926,1143.4361136981893,1160.4395751953125,16743
2015-08-04,1168.8928698135596,1202.8032015477058,1154.884318470233,1193.818359375,47036
2015-08-05,1202.8035499756584,1264.6344151952906,1197.9730136303747,1237.873291015625,74878
2015-08-06,1249.0799804464473,1351.5839273315225,1244.3460317391,1296.2742919921875,168490
2015-08-07,1308.1088752209685,1338.0581921573423,1296.0325377466243,1314.7266845703125,39676
2015-08-10,1314.8717785704032,1370.9059910296858,1282.0724893126946,1288.3038330078125,49067
2015-08-11,1312.9393342852786,1341.3429019689945,1275.2611635442,1284.5357666015625,29880
2015-08-12,1306.0482599900674,1306.0482599900674,1235.503391571466,1252.0252685546875,20845
2015-08-13,1259.7775879636151,1279.1095370604603,1215.8323285554843,1224.166015625,13895
2015-08-14,1239.37940162301,1269.4190900126216,1192.3818246263595,1208.419189453125,18332
2015-08-17,1244.2246350891628,1259.7289919127038,1203.5256984273678,1232.838623046875,10924
2015-08-18,1240.5909711175368,1302.366151284491,1240.348715509039,1273.05322265625,34418
2015-08-19,1283.9544900719773,1298.4898239218487,1260.697955912183,1293.257080078125,14202
2015-08-20,1302.269326657286,1302.269326657286,1235.5036545311232,1248.7308349609375,17551
2015-08-21,1234.5343218843732,1305.7089574121683,1212.2468105787682,1291.900390625,18272
2015-08-24,1277.12303417902,1277.12303417902,1128.911104321993,1149.1636962890625,30033
2015-08-25,1149.2607131230884,1180.26943388189,1015.535604850756,1095.189208984375,75842
2015-08-26,1106.7688403585953,1143.3494320763698,1075.6147498471437,1101.5845947265625,14074
2015-08-27,1109.627207085625,1211.277651235036,1099.8401073214127,1205.7542724609375,111964
2015-08-28,1220.8712855917722,1250.03883474471,1145.0936666517607,1166.5091552734375,55428
2015-08-31,1182.1101787275259,1193.9322019848655,1134.5312134403598,1158.9990234375,14011
2015-09-01,1157.981591461441,1162.729824155329,1090.5376663612892,1111.75927734375,29613
2015-09-02,1114.3755529370173,1132.786975115977,1058.172264180194,1066.69970703125,25442
2015-09-03,1075.6147851681358,1094.9952317477419,1070.7696735232344,1085.2081298828125,14673
2015-09-04,1092.8148023394438,1092.8148023394438,1031.039636168626,1050.37158203125,18333
2015-09-07,1065.9246176615459,1065.9246176615459,1017.4734986769303,1022.0763549804688,9065
2015-09-08,1020.3805711710895,1041.408309605223,988.4997110541248,1026.969970703125,13729
2015-09-09,1046.5442696098428,1058.6570505081047,1028.85960949838,1054.68408203125,9127
2015-09-10,1046.5441645230815,1065.9246120142495,1001.9691352933945,1052.7943115234375,11237
2015-09-11,1084.3359909437113,1084.3359909437113,1017.4734499471822,1051.9222412109375,12381
2015-09-14,1063.1628274337852,1065.924517298105,1032.0087372022563,1051.050048828125,8080
2015-09-15,1050.468730660376,1060.4980883711926,1034.3344848009601,1039.760986328125,4367
2015-09-16,1045.5266433092715,1061.0794997304554,1043.5402184155148,1049.0635986328125,8916
2015-09-18,1065.8759659768752,1083.9482544175019,1042.1349210878675,1049.402587890625,15741
2015-09-21,1059.141450415048,1075.6148307051267,1041.699047754965,1052.6490478515625,12018
2015-09-22,1053.3273194953933,1074.645811702292,1029.3925141968302,1037.8714599609375,5601
2015-09-23,1022.3186113366594,1044.6061260861788,1022.3186113366594,1035.061279296875,5090
2015-09-24,1047.3676347699316,1063.9378909466575,1036.853767421603,1042.91015625,7337
2015-09-28,1045.6719541968666,1061.1279310609984,1026.1946293652688,1030.7974853515625,4708
2015-09-29,1040.7300394641709,1048.0945859180624,1009.8182017850692,1036.6116943359375,5201
2015-09-30,1061.0795119260622,1061.0795119260622,1038.7919970636883,1049.9842529296875,3912
2015-10-01,1077.3590710253213,1081.380419053342,1000.079540407535,1008.073974609375,39587
2015-10-05,1018.4424751455014,1056.2343462498538,1018.4424751455014,1053.47265625,16493
2015-10-06,1065.633923497933,1077.9405793847152,1053.3758843372773,1074.0159912109375,15483
2015-10-07,1083.3184234413309,1083.3669218714465,1051.3891862527007,1065.19775390625,5229
2015-10-08,1076.1478085984697,1076.1478085984697,1051.8737516299273,1056.573486328125,3641
2015-10-09,1064.9553919918237,1071.7385473548288,1046.5439702922379,1053.666259765625,5334
2015-10-12,1073.6765254214747,1073.6765254214747,1036.9021827191884,1040.6812744140625,14177
2015-10-13,1057.2034428336403,1062.726823221257,1016.4560034272091,1023.2876586914062,9845
2015-10-14,1022.4640139158763,1040.1486728005946,1011.7562690290341,1016.989013671875,14677
2015-10-15,1022.3184727867357,1030.1675293465703,1010.6902057976922,1013.3065185546875,12593
2015-10-16,1025.1288293130249,1026.243228740251,1007.3472917799735,1015.9714965820312,23476
2015-10-19,1021.3494704341317,1027.1636040419162,1007.6862801136085,1011.4169921875,19406
2015-10-20,1017.4733241493145,1036.5630144392449,896.5878030182412,919.0206909179688,312002
2015-10-21,921.5401130528512,943.8276236734775,908.9428244411929,917.3248901367188,87505
2015-10-23,938.0136221148435,938.0136221148435,910.9778752576872,923.7689819335938,17896
2015-10-26,929.1955197628677,942.9071500076604,913.6911627520412,917.421875,32719
2015-10-27,932.1510396013284,932.1994788888089,915.9199156185971,919.5053100585938,11196
2015-10-28,913.9333626232514,927.6449920322775,906.0358075944708,910.105712890625,26511
2015-10-29,920.3773756248116,920.3773756248116,902.1597680768499,905.842041015625,7652
2015-10-30,905.1153252952168,918.5847597832716,861.1217455520333,872.653076171875,33212
2015-11-02,872.1200827832835,886.6069782095136,872.1200827832835,882.97314453125,15088
2015-11-03,884.7658106533438,893.5354507531194,881.4226718461288,882.1979370117188,6756
2015-11-04,883.7968528480498,895.3766821572162,873.0891673416146,877.4497680664062,8255
2015-11-05,878.7094438790382,881.9072057641313,863.5442797827351,870.0366821289062,12441
2015-11-06,885.6862965736823,886.6553187799992,848.8634527336386,865.6759643554688,22966
2015-11-09,848.1852484889877,876.9652240233928,848.1852484889877,860.1527099609375,9972
2015-11-10,860.5886033352489,868.2439024724061,860.4917247717597,864.2709350585938,8562
2015-11-13,880.5505920627373,880.5505920627373,849.9294513318965,865.2400512695312,11933
2015-11-16,871.1026499728754,879.2909006274099,851.770642336689,873.1375732421875,30212
2015-11-17,861.0247227762949,895.1343183743571,860.6371493564822,868.4862060546875,11160
2015-11-18,873.7674003188216,886.6553847934921,862.4298278319212,866.4512939453125,6305
2015-11-19,867.807969875875,877.6920098588438,857.5847957218623,861.6062622070312,6687
2015-11-20,870.1336390877495,872.1201230948014,854.6777206329054,864.8040161132812,12507
2015-11-23,862.4783288597009,875.8993238638434,853.2241772667837,857.5847778320312,29478
2015-11-24,868.1471920631594,868.1471920631594,836.2663314363747,845.0844116210938,19299
2015-11-26,845.0359374122235,859.8135284057754,834.425130738787,855.9374389648438,9174
2015-11-27,859.4744604110173,874.0097969336307,855.9375048660737,861.2186889648438,16054
2015-11-30,861.4607945798894,875.0271063055569,850.8015496525792,853.3209838867188,17764
2015-12-01,858.5537578235973,858.5537578235973,847.8945125233043,852.7396240234375,7880
2015-12-02,857.3909089198394,857.3909089198394,844.2606687413273,851.8190307617188,4619
2015-12-03,856.5672175955112,932.1025127430322,847.8944567518504,897.6052856445312,90794
2015-12-04,882.7793690970195,897.2178259046773,877.5466247003624,880.7444458007812,17955
2015-12-07,886.4131548488914,901.1907450226499,876.9651873607507,883.2153930664062,11602
2015-12-08,879.4846978635445,892.8572541665238,854.6777483272391,864.2225952148438,9101
2015-12-09,863.4473499600747,872.0716725010989,843.0978806849855,850.5109252929688,10086
2015-12-10,871.0542196899756,871.1510982678282,852.8365520769502,866.9843139648438,11744
2015-12-11,870.8603830722727,879.5815840750439,857.827020855912,864.7555541992188,7163
2015-12-14,847.8945548550091,872.1201135651523,847.8945548550091,861.3154907226562,6307
2015-12-15,863.39894408118,869.0677013693945,851.2861642820613,861.1217651367188,5088
2015-12-16,866.4028354929604,879.9207087301369,859.1836665008501,860.8794555664062,8562
2015-12-17,868.1470820025128,873.040632674622,860.4917823530876,869.7943725585938,15373
2015-12-18,878.9031458039818,882.7792346498649,869.2129236892741,879.4360961914062,28464
2015-12-21,881.810241458545,924.9317312881112,881.810241458545,899.9309692382812,115818
2015-12-22,907.877092276775,910.8810379996391,893.4386351443269,898.9136352539062,28241
2015-12-23,908.4584724065194,908.4584724065194,896.733325380432,901.336181640625,10635
2015-12-24,901.1907682145119,938.0136168082231,901.1907682145119,918.1002197265625,63613
2015-12-28,925.4163307443437,925.4163307443437,901.2876509237088,904.0978393554688,16772
2015-12-29,910.5419357650233,919.6022716860317,886.5586309976584,889.4656982421875,16271
2015-12-30,899.2527803005285,925.3195063183063,891.5006011600067,916.9374389648438,34569
2015-12-31,916.7435428714471,933.1684828248193,907.9739028108575,921.782470703125,20952
2016-01-01,921.5886793365902,921.5886793365902,892.4695700156706,897.0239868164062,26472
2016-01-04,896.3455727605794,909.9118841320909,891.5004615564683,902.4988403320312,15052
2016-01-05,897.2662874138422,915.7261519820543,894.4076595549587,903.031982421875,8013
2016-01-06,903.5165233201054,915.4839264864734,898.2837786218162,902.8381958007812,7008
2016-01-07,903.7586097491114,903.7586097491114,879.9690666006853,884.2327880859375,15937
2016-01-08,888.6419083009492,896.3456475874788,876.7713848599259,883.1184692382812,6848
2016-01-11,888.4966407772571,890.5315641103784,873.2345383455504,884.765869140625,6044
2016-01-12,883.8937665228998,890.5315460100336,847.8945623055271,854.3870239257812,20468
2016-01-13,864.6586352640894,869.9882582149035,828.5625525517579,860.2980346679688,72400
2016-01-14,852.7396962939655,860.4918753511834,836.2663157973775,850.7047729492188,9019
2016-01-15,849.8324597790095,849.8324597790095,828.6108501814916,841.353515625,18959
2016-01-18,838.2043921027993,841.111459358647,802.6412575107067,808.6007690429688,15373
2016-01-19,804.3853834085706,823.0875610173065,804.2885048368431,816.3528442382812,13313
2016-01-20,776.1867709230103,790.1407140580461,757.7753493905044,777.349609375,67740
2016-01-21,775.4116512239713,784.8596185872581,746.1471661262385,753.3663940429688,20913
2016-01-22,754.8683188804788,778.1248524531765,750.9922299516959,774.3456420898438,16088
2016-01-25,777.7373003816897,788.493483758751,763.734974993059,769.113037109375,14803
2016-01-27,774.6364070283929,783.9389969312413,769.4036632427757,772.3107299804688,24389
2016-01-28,772.3592556586387,789.7532187470457,755.8858756356942,763.8803100585938,9205
2016-01-29,767.4656506924645,775.2662682677134,763.4926829767008,769.549072265625,4998
2016-02-01,768.6768970381793,784.9080196670977,756.0796078336456,769.7427978515625,6880
2016-02-02,766.448117877779,774.7332458260212,757.8722359551535,769.0159912109375,9203
2016-02-03,764.5585814728498,764.5585814728498,713.4426560321745,722.5029907226562,31850
2016-02-04,722.8905467369996,787.524338012744,712.231302750261,721.8246459960938,40838
2016-02-05,722.1638684492718,733.5498804644063,707.4831569592211,717.5125732421875,20593
2016-02-08,738.2981206064751,738.2981206064751,703.5101960687216,704.6730346679688,9681
2016-02-09,704.4792655112684,741.447492716847,701.1361264939172,734.8580932617188,40151
2016-02-10,735.2941230085663,735.2941230085663,706.4172697634456,717.4156494140625,17477
2016-02-11,716.9796330493948,724.8286901269555,688.9748645458093,712.134521484375,21971
2016-02-12,712.2798841663845,726.7183411964851,675.8931058522569,692.9478759765625,28588
2016-02-15,741.3020056668422,741.3020056668422,678.8485111383131,721.7761840820312,5206
2016-02-16,720.9525445983213,720.9525445983213,688.9748107653313,702.2504272460938,5209
2016-02-17,694.7406179317366,755.4498354924907,679.3331381932946,728.4625854492188,58022
2016-02-18,736.4569209981129,755.2559765866243,723.9080708443258,738.1527099609375,21138
2016-02-19,738.2496877941852,770.3728038384288,726.8636746556926,767.4172973632812,29956
2016-02-22,767.4171146321801,770.3726204035867,746.1955055821626,750.0715942382812,7707
2016-02-23,751.0407236853604,759.5681081180392,724.6348659435848,727.9295654296875,8501
2016-02-24,727.7842308006499,752.7849958306174,715.186940135336,742.41650390625,8083
2016-02-25,742.2227114900545,759.1321640253676,731.6119044900865,753.26953125,5411
2016-02-26,752.930307941526,760.6824861442702,737.4259515360378,754.2384643554688,9038
2016-02-29,755.8374163212667,770.3727512505218,727.7357687913734,761.6515502929688,10694
2016-03-01,775.2177819690035,775.2177819690035,751.186042556849,757.6300048828125,6453
2016-03-02,763.0083086043594,775.2179679416657,758.7445861229053,773.1830444335938,10909
2016-03-03,775.2177673415549,780.0628783874397,760.6824342039008,769.9365844726562,10175
2016-03-04,766.5451433917722,770.3727936292569,756.3219690913647,766.4967041015625,6479
2016-03-08,780.0629949961294,780.0629949961294,749.441912266476,753.8509521484375,6192
2016-03-09,752.978748370914,773.2797768990924,748.6181481252423,757.1940307617188,21116
2016-03-10,756.806465708382,760.6825551614339,745.1781973492263,747.6976318359375,7119
2016-03-11,760.6826179066184,760.6826179066184,748.2307031693609,750.6532592773438,7855
2016-03-14,749.054278041249,757.8239184973218,722.8906745391613,737.1353149414062,14809
2016-03-15,753.8993482286082,755.8373928255969,739.8969641864793,745.6626586914062,7614
2016-03-16,745.3720120834286,755.8374417557761,741.3021063373958,752.83349609375,6396
2016-03-17,758.7444359640473,758.7444359640473,730.6427901876011,748.5697021484375,8764
2016-03-18,748.0851863336533,770.3726983617285,735.4878969264804,761.796875,10772
2016-03-21,759.7135276075143,784.9081088802125,751.5737161539471,774.2973022460938,18637
2016-03-22,774.2487823056406,823.6689173464262,774.2487823056406,815.7713623046875,31713
2016-03-23,800.4125119821518,854.3386328455027,799.4434895705512,842.2742919921875,38343
2016-03-28,842.5649725410376,872.1201555916433,818.048717773848,862.429931640625,31538
2016-03-29,861.7999083153445,871.1509966198117,844.987396053922,866.64501953125,22293
2016-03-30,866.3059658853516,872.1200998845821,830.5490181323119,836.6054077148438,20241
2016-03-31,837.2836556293262,857.5846834101229,826.5759716935987,850.3170166015625,21432
2016-04-01,851.7706695914113,851.7706695914113,829.483154914958,832.8262939453125,10613
2016-04-04,841.4989577617013,842.9039927290385,801.865923504149,815.5291137695312,16994
2016-04-05,815.965243866313,824.6380055775954,801.8659807467218,807.6801147460938,6863
2016-04-06,807.3893767307522,816.8857832600503,800.8969156161703,805.7904663085938,9196
2016-04-07,811.2170101007658,848.3789901819779,805.3059388172974,824.008056640625,20882
2016-04-08,823.6690291107235,835.83024824106,810.1027156900764,813.6881103515625,8964
2016-04-11,828.5140388021534,830.4520833373632,809.7149831528491,825.5585327148438,8687
2016-04-12,825.7038301145881,867.2749080228378,825.7038301145881,857.0032958984375,27574
2016-04-13,856.6157932140286,903.4680021375883,856.6157932140286,883.5061645507812,35752
2016-04-18,882.7793549679192,890.2408388420884,872.1201091889432,875.31787109375,7859
2016-04-20,875.3178852030189,886.6554586341118,867.759522630434,874.8333740234375,5622
2016-04-21,880.5990177645228,887.5759901743213,874.0581172199171,875.75390625,24989
2016-04-22,880.7927705299371,880.7927705299371,857.5846762202888,859.8134155273438,4115
2016-04-25,868.1471646550513,871.1511103432899,853.0303802013674,862.3814697265625,6265
2016-04-26,861.4608008718702,905.0668031657219,848.5728164672392,893.0509033203125,19878
2016-04-27,893.4385338079373,910.8809346848819,878.9031997438169,894.8436279296875,16480
2016-04-28,894.4075433842414,894.4075433842414,875.0270982404876,880.9381103515625,11460
2016-04-29,890.5314957289532,890.5314957289532,872.1200719870054,878.3218383789062,7044
2016-05-02,892.4695092821661,893.4385315506593,872.1200416438105,881.8587036132812,9399
2016-05-03,881.8102813401749,915.7260613917201,881.8102813401749,897.7022705078125,20004
2016-05-04,965.0977450009657,978.7124961130592,920.813415278648,936.3662109375,343307
2016-05-05,935.1064475347334,938.0619534933938,906.0357807719956,914.4178466796875,39726
2016-05-06,913.7882491971818,928.3235872013787,906.0360689282767,908.2163696289062,22881
2016-05-09,907.9738916450624,918.6331369045029,901.1422962849429,904.9214477539062,13385
2016-05-10,906.9564403267672,914.708618785,904.0978126914082,905.842041015625,10627
2016-05-11,897.3146717240725,934.6220311856025,897.3146717240725,925.0286865234375,34316
2016-05-12,924.4472213830912,1010.4964440223397,924.3987820997443,986.1739501953125,188284
2016-05-13,976.7745516886944,997.9961653087513,953.0819428471209,967.035888671875,39309
2016-05-16,974.6910000811479,994.1683235200152,943.8276652798187,973.9642333984375,30069
2016-05-17,973.9642476312795,987.4336806721136,965.0977294592986,973.0921630859375,12646
2016-05-18,972.7046034910458,972.7046034910458,949.6418838548844,962.1907348632812,8451
2016-05-19,962.1422625086677,995.185899184078,949.7387297894685,961.6092529296875,35537
2016-05-20,961.2702225819918,970.9604465999554,926.3854161173227,930.8428955078125,22206
2016-05-23,939.9516323820092,939.9516323820092,909.330551314758,913.1581420898438,11300
2016-05-24,913.0613458149446,913.0613458149446,888.5935304985982,892.7603149414062,16762
2016-05-25,892.469502512373,937.965109501905,892.469502512373,934.67041015625,12335
2016-05-26,935.106606309715,942.3742742344019,911.5109347720047,928.759521484375,5643
2016-05-27,934.1375153923744,953.5664010568674,928.3718207662017,935.3003540039062,30327
2016-05-30,944.7967466327741,944.7967466327741,925.4163005479993,929.4862060546875,6358
2016-05-31,936.9961497284869,968.0533034404069,929.3892889845649,960.252685546875,21640
2016-06-01,960.2525899301407,983.5575627153488,955.4559180663389,967.7625122070312,41041
2016-06-02,971.3964230929475,972.8983958393119,951.8705999569273,959.1867065429688,3899
2016-06-03,960.7856034709415,965.5822756499845,939.9516241722777,944.118408203125,8655
2016-06-06,949.5450363393948,975.8055186961869,939.9516912962278,956.4735107421875,10977
2016-06-07,961.0279449872263,973.7706129369902,947.703887267464,957.15185546875,22161
2016-06-08,957.1518344644152,972.8984477876718,951.2892610252582,967.907958984375,10651
2016-06-09,968.0532985266057,968.0532985266057,945.9111621530128,958.7022094726562,9860
2016-06-10,959.332083624848,988.402752825601,947.7038159445468,978.0826416015625,49923
2016-06-13,973.8675196369439,981.5712596062424,958.3631611153608,962.4815063476562,13379
2016-06-14,962.2877317555265,969.0708889027908,951.5800455162322,954.3417358398438,5937
2016-06-15,954.5354062816235,1014.5663496895619,949.6902947740325,991.309814453125,46526
2016-06-16,991.3097714086483,1017.2796152772204,987.4821216549694,996.1063842773438,28384
2016-06-17,988.5965187005837,1028.956260229422,988.5965187005837,998.2866821289062,34935
2016-06-20,990.3891591965725,1005.7965771802035,977.7434309130534,986.658447265625,25197
2016-06-21,986.4647727527879,1001.0001083041551,981.6681001919503,985.1566162109375,8227
2016-06-22,1001.000035822792,1032.0087494204004,984.332840435192,997.2208251953125,46624
2016-06-23,997.1239695979725,999.9825381330747,979.6815677974249,984.284423828125,4913
2016-06-24,966.7936185186452,1002.9381406473896,944.7967991605843,990.1470336914062,30033
2016-06-27,989.3718135334476,1017.1827074994019,988.1120963147397,996.5426025390625,19842
2016-06-28,1006.6689913627039,1043.6372230611314,990.3409860431535,1027.599853515625,36021
2016-06-29,1041.698992600001,1070.7696621609311,1008.7522337642799,1058.3177490234375,50074
2016-06-30,1056.2343131368552,1108.5615176408828,1041.698978552403,1097.3692626953125,48692
2016-07-01,1094.995201099863,1130.5098921207402,1093.1540350685611,1100.9547119140625,20584
2016-07-04,1109.482023200683,1118.0094666650018,1075.7116200647156,1079.975341796875,18769
2016-07-05,1079.490966796875,1087.340024675057,1054.199505505458,1079.490966796875,7324
2016-07-07,1079.4907352474186,1114.3755345911413,1069.8490116332325,1108.5614013671875,15498
2016-07-08,1114.278742019395,1114.327122160022,1091.215964469045,1100.5185546875,6389
2016-07-11,1081.4288359341556,1148.2913714892245,1081.4288359341556,1131.8179931640625,35135
2016-07-12,1135.694110778086,1143.4947874381353,1114.3756206440264,1121.982421875,12007
2016-07-13,1121.9823734509068,1124.065794918223,1099.8402389932612,1102.6019287109375,11823
2016-07-14,1102.5536287771952,1113.7457654553864,1095.9642297707237,1103.2803955078125,4086
2016-07-15,1109.4821474382989,1119.3177484372238,1090.634709109964,1092.57275390625,7648
2016-07-18,1093.5902857616152,1107.0112224533857,1083.3670520426247,1086.80712890625,5120
2016-07-19,1087.2914457417708,1090.1015155912742,1058.0754017083043,1064.034912109375,8504
2016-07-20,1068.8315332786588,1085.3049113980942,1064.0349204947154,1073.822021484375,6444
2016-07-21,1072.756446689462,1083.3671961519622,1060.304412460365,1066.4093017578125,7372
2016-07-22,1070.7696236660126,1075.3724795143507,1057.2033116919636,1064.2772216796875,8237
2016-07-25,1071.4479537127213,1078.2311100907605,1058.1723949741029,1062.4844970703125,8520
2016-07-26,1062.0486627684968,1075.6149778038607,1046.5443027280808,1050.129638671875,5233
2016-07-27,1053.3274479734912,1057.203537938435,1017.4736157977605,1027.599853515625,10375
2016-07-28,1028.1326197181572,1061.0793766177023,978.7124843688396,1048.288330078125,17692
2016-07-29,1065.6337693750202,1065.6337693750202,1026.1946093255478,1028.18115234375,12329
2016-08-01,1028.1811064537706,1034.915763780812,1009.7211852618036,1013.6941528320312,16110
2016-08-02,1013.597332228172,1035.884845269518,991.0191243238679,999.5465087890625,12676
2016-08-03,1008.6157305912848,1008.6157305912848,989.3619939005202,997.5097045898438,9184
2016-08-04,1003.9112738396508,1091.2079063474464,960.3599301633678,1073.1666259765625,250260
2016-08-05,1077.6769636407346,1084.4181561588011,1047.559578400273,1074.9124755859375,51007
2016-08-08,1074.7187124813947,1084.4183398503603,1049.7907175046148,1068.75341796875,20313
2016-08-09,1067.9288266439573,1091.207929132109,1062.0120784422797,1074.47607421875,31088
2016-08-10,1073.7001126663743,1089.2680606271786,1040.3819191765388,1083.9818115234375,31664
2016-08-11,1083.4483972571622,1083.4483972571622,1068.1714838670098,1071.1783447265625,5332
2016-08-12,1074.3308322401867,1077.6287296209305,1052.409695444383,1055.8045654296875,6129
2016-08-16,1055.3195335357432,1057.2594591488605,1040.8186369391576,1046.7838134765625,2497
2016-08-17,1046.5897999707076,1057.2593901464982,1033.98028430841,1041.2550048828125,4620
2016-08-18,1040.818402317065,1049.5480656082448,1032.961610632094,1041.8367919921875,3520
2016-08-19,1045.1347252194419,1047.5596317744755,1034.9501176883011,1040.284912109375,3252
2016-08-22,1066.9589177073826,1073.7486562746114,1048.5296273106187,1063.5155029296875,19097
2016-08-23,1066.9102962713225,1086.3095479397214,1062.012056267233,1073.1666259765625,10543
2016-08-24,1073.1669087751886,1100.85927678708,1068.8990486027565,1081.217529296875,22382
2016-08-25,1088.249664325011,1090.2381353318744,1078.1136009086997,1087.3282470703125,16507
2016-08-26,1087.328153570271,1096.639771525826,1078.6470350312354,1088.007080078125,11782
2016-08-29,1088.0072208636302,1090.2381826557962,1077.6286663083538,1085.630859375,8028
2016-08-30,1090.7715443489813,1112.5471584586633,1078.792410910317,1103.9630126953125,16144
2016-08-31,1103.8174682040312,1109.5886984663132,1083.0602443303626,1102.1685791015625,12385
2016-09-01,1091.2078103213887,1107.3577095948704,1081.5081853407542,1086.79443359375,16705
2016-09-02,1086.3583560879538,1100.665307652505,1079.568616362404,1093.342041015625,6647
2016-09-06,1093.5843391197998,1110.6072309379924,1081.9933328483237,1105.0784912109375,20985
2016-09-07,1097.2702820673155,1100.9561876138405,1073.7486870705134,1078.7440185546875,7037
2016-09-08,1084.3212941053646,1084.4182666917811,1070.256835369201,1076.173583984375,12075
2016-09-09,1076.7071447824355,1100.9076668373561,1054.3494571385074,1095.087890625,11390
2016-09-12,1075.6885722498237,1085.388198690309,1066.037491302998,1073.8941650390625,11885
2016-09-14,1073.7485653323274,1146.4957581055203,1064.4853754244205,1122.3922119140625,57762
2016-09-15,1111.5772326879764,1162.9367092975717,1111.5772326879764,1137.9117431640625,25854
2016-09-16,1139.7546641019046,1159.105371690425,1125.1566787957263,1131.31591796875,16981
2016-09-19,1136.7479317901511,1146.4961059407087,1109.5889715817418,1113.0809326171875,4789
2016-09-20,1113.5172478373258,1130.006614747809,1100.9077319646037,1107.64892578125,8795
2016-09-21,1106.7274123878856,1118.269991903335,1087.328158884154,1092.8084716796875,7791
2016-09-22,1097.318727094561,1148.4357083037194,1097.318727094561,1128.5029296875,140266
2016-09-23,1134.856303569332,1148.4357807060592,1121.4223445112275,1126.5146484375,10464
2016-09-26,1126.5149291286534,1154.2558442250931,1101.877847932526,1132.480224609375,29594
2016-09-27,1119.2399264281912,1159.0083951106126,1119.1913809341943,1149.69677734375,31106
2016-09-28,1148.4842675370028,1204.6450075323594,1144.0708903315385,1197.2733154296875,70521
2016-09-29,1212.4048605424457,1222.104487790767,1110.7042925245287,1160.366455078125,36343
2016-09-30,1149.4057972828316,1197.8553866929137,1134.8563568108968,1173.121337890625,27039
2016-10-03,1183.3545231323717,1211.4834421248624,1178.5047095129767,1206.5850830078125,13053
2016-10-04,1205.4695416480008,1213.4231874416398,1181.4144223052897,1190.6776123046875,4589
2016-10-05,1190.6291120621559,1196.6428329245578,1171.8118136164537,1181.4630126953125,7776
2016-10-06,1181.4632506500334,1189.1744076448294,1169.7751514026625,1175.0614013671875,5743
2016-10-07,1175.69160543051,1194.9938842216347,1164.9735900922933,1187.6221923828125,38253
2016-10-10,1187.2828201307245,1190.1441625651657,1163.955171212876,1169.1929931640625,4549
2016-10-13,1172.6850505570465,1172.6850505570465,1130.976649255183,1149.1634521484375,8905
2016-10-14,1148.7267110655994,1184.3242897768828,1131.2673849263824,1173.7032470703125,62541
2016-10-17,1189.1743223893432,1189.1743223893432,1155.2256263994354,1167.5926513671875,10333
2016-10-18,1166.865069386376,1184.1788790294602,1159.1053681768242,1169.0474853515625,57170
2016-10-19,1174.576150007854,1174.6246954987676,1134.8562293423272,1140.967041015625,8968
2016-10-20,1135.777848138658,1191.1142710398808,1135.777848138658,1176.4193115234375,22946
2016-10-21,1175.5948736378214,1233.7926396594958,1155.5651188179636,1222.007568359375,41022
2016-10-24,1233.792653656359,1250.960947466057,1207.6036586495024,1214.829833984375,14652
2016-10-25,1214.3932136781755,1231.658595866686,1196.7399411602848,1202.753662109375,4422
2016-10-26,1202.7538515854358,1218.2732561220218,1181.5116429452512,1193.2481689453125,8587
2016-10-27,1159.105441986737,1188.252868872634,1159.105441986737,1173.4609375,4348
2016-10-28,1173.4608546869126,1200.5227177457639,1161.5788122916929,1168.0775146484375,4389
2016-11-01,1204.7421955219443,1226.0328290124014,1202.7537246640647,1205.712158203125,8529
2016-11-02,1184.4700697699054,1207.6036583392877,1166.9621942694664,1196.5946044921875,11916
2016-11-03,1195.9639579673587,1234.7624643085546,1179.7656289313675,1202.3172607421875,25662
2016-11-04,1197.903763714825,1208.1853431882498,1140.2879638683812,1186.6522216796875,20814
2016-11-07,1187.2828061713965,1222.0073973287915,1187.2828061713965,1194.1209716796875,13476
2016-11-08,1202.8023976695335,1212.2595348136033,1168.8051547286188,1172.2969970703125,4349
2016-11-09,1113.420074138601,1154.2554752546998,1071.9541736620142,1142.0823974609375,18921
2016-11-10,1167.73805625248,1181.365960422216,1149.4057385144324,1159.9298095703125,8981
2016-11-11,1129.133402625685,1148.9206627093417,1092.1778524362337,1097.609619140625,14632
2016-11-15,1130.0065760805921,1130.0065760805921,1036.93869985842,1040.4305419921875,15714
2016-11-16,1065.0190006527355,1065.0190006527355,1026.2690397481856,1039.218017578125,6781
2016-11-17,1047.6083240392509,1053.9615090613497,984.6091718709771,992.4174194335938,11276
2016-11-18,989.7984889734889,1006.8213232046471,975.297534183307,997.5097045898438,6939
2016-11-21,979.6620916153843,1026.2202900287887,960.2628422764658,1003.6201171875,12819
2016-11-22,992.2718529228741,1026.1720022961688,974.8125241324424,1002.7474975585938,12904
2016-11-23,989.4104618157867,1034.85325082033,989.361975520097,999.8860473632812,8161
2016-11-24,983.1054946420563,1018.4606401327414,983.0570083566985,1012.1558837890625,3410
2016-11-25,995.9576170953503,1023.2135417098343,995.9090716052574,1007.59716796875,3803
2016-11-28,996.8307482306059,1032.0404461515661,996.7823211315384,1023.456298828125,4705
2016-11-29,1010.6527208782012,1025.250708795363,1000.080220780065,1007.306396484375,4607
2016-11-30,1008.2275750304415,1018.4607277997895,1005.8997595183805,1018.0242919921875,7888
2016-12-01,1000.0800197798172,1030.100315899616,1000.0314742867268,1021.0311889648438,4540
2016-12-02,1002.5049079004233,1016.5208203230012,986.4519792638284,994.066162109375,4362
2016-12-05,988.052564570595,1004.6389036731722,988.00401907234,994.3087768554688,1434
2016-12-06,985.1426134403887,1005.3663115107438,985.0940679452343,996.7821655273438,2384
2016-12-07,1026.2204818457012,1026.2204818457012,989.3619012123016,994.9877319335938,1853
2016-12-08,994.9875913858958,1086.3580125827436,994.9875913858958,1062.3514404296875,57341
2016-12-09,1062.1091308313087,1093.1479364811735,1038.2964997603444,1081.4598388671875,17771
2016-12-12,1090.1893348170597,1090.1893348170597,1028.1602785793157,1036.79296875,16076
2016-12-13,1036.7930587422968,1046.1532216206522,1023.4075273469282,1030.197265625,2789
2016-12-14,1033.0589484440964,1086.358358023141,1006.8699523131814,1069.1900634765625,15686
2016-12-15,1062.1091063186022,1113.517126989731,1055.3193677393967,1106.0484619140625,23951
2016-12-16,1105.7575905862702,1113.5172929763492,1081.508520617273,1088.831787109375,5765
2016-12-19,1067.1047587841554,1084.3700281817428,1043.680129956169,1051.779296875,7110
2016-12-20,1065.698078025754,1065.698078025754,1032.9618336170722,1036.2113037109375,3965
2016-12-21,1023.552958257797,1090.916808504499,1023.5044127699176,1077.725341796875,13580
2016-12-22,1066.6678059355238,1071.6147098353122,1049.1115068512465,1052.700439453125,3968
2016-12-23,1063.0793587901455,1071.760479550182,1034.0290167394219,1049.4998779296875,7980
2016-12-26,1032.0889279239686,1052.409600498396,1019.4794119732966,1044.1649169921875,22058
2016-12-27,1037.8600154479711,1058.7142120200567,1031.021731536133,1042.8553466796875,4808
2016-12-28,1033.3983017831106,1065.0190626585447,1033.3983017831106,1057.2108154296875,6205
2016-12-29,1046.638149332555,1100.9075072862245,1039.3634301214124,1090.722900390625,20601
2016-12-30,1096.0091887657989,1134.8562381245958,1085.3881456935237,1124.671630859375,20849
2017-01-02,1144.5558560691984,1152.3155567883116,1101.8775021140757,1120.9857177734375,13219
2017-01-03,1120.3067953743775,1135.8261968687411,1110.6071694404002,1121.470703125,3205
2017-01-04,1120.8890564720798,1132.9166196075514,1110.6074738447314,1114.1962890625,2877
2017-01-05,1121.2282637803105,1124.1381516936503,1102.8475191558368,1111.1407470703125,4106
2017-01-06,1103.914433568642,1108.6672740849046,1086.3581338364768,1089.8499755859375,4204
2017-01-09,1089.9470747751282,1117.397067456929,1086.35826002757,1111.2862548828125,3008
2017-01-10,1119.2402168508943,1123.217041070322,1101.8778572157908,1110.8985595703125,2706
2017-01-11,1115.5055456872617,1154.3040500418829,1105.9513192670252,1130.9278564453125,10689
2017-01-12,1140.4335501100613,1140.4335501100613,1115.6509578153184,1120.54931640625,1756
2017-01-13,1124.5263099640479,1124.5263099640479,1100.9077402741405,1105.4180908203125,2946
2017-01-16,1105.757477310231,1115.4085588077508,1096.1063958127113,1102.1201171875,4097
2017-01-17,1092.711340923259,1125.1079948621673,1092.711340923259,1111.6256103515625,4721
2017-01-18,1120.258513299994,1120.258513299994,1093.14809980126,1101.34423828125,3562
2017-01-19,1097.5129080551674,1120.258488350701,1097.318962856658,1101.1502685546875,5228
2017-01-20,1106.7760016125876,1124.1867849586401,1097.2217741615882,1117.4940185546875,8581
2017-01-23,1115.4085094787567,1130.006494820514,1101.8775777820633,1121.0828857421875,8740
2017-01-24,1111.965014012533,1162.9850169293773,1111.577005338671,1149.5994873046875,29100
2017-01-25,1152.2671976626066,1260.9515707995197,1132.91648822603,1217.4971923828125,63894
2017-01-27,1223.1228225812401,1273.5608771206728,1203.820543413307,1251.9306640625,58299
2017-01-30,1246.692985472827,1307.5095935377958,1236.944813916227,1291.4566650390625,69385
2017-01-31,1291.4567426921853,1298.7800081729158,1253.1917629271152,1266.771240234375,15498
2017-02-01,1260.8060174614868,1279.8658085834177,1233.8895519910889,1251.8338623046875,17807
2017-02-02,1224.0929938316087,1230.8827331000884,1193.0541857471305,1210.949951171875,35781
2017-02-03,1204.790563863677,1215.3631802537157,1170.5509539298398,1175.2552490234375,223122
2017-02-06,1175.2553810633892,1184.373054526976,1146.4959620569489,1154.15869140625,14488
2017-02-07,1159.057035055003,1168.805208847103,1130.9766585192713,1136.699462890625,6193
2017-02-08,1152.1702949598166,1152.218840461562,1105.7575983922432,1108.0369873046875,56884
2017-02-09,1099.0162480015194,1123.071251118348,1098.9677025066758,1117.10595703125,4919
2017-02-10,1127.0965518773698,1127.0965518773698,1102.556450503438,1119.0943603515625,14207
2017-02-13,1123.1196356132407,1160.851201658743,1111.916521045795,1137.03857421875,13402
2017-02-14,1143.586027732839,1143.586027732839,1105.3694735239717,1110.122314453125,4681
2017-02-15,1111.7226451429992,1162.9851442946072,1087.9100162198827,1152.800537109375,22039
2017-02-16,1159.1053459981997,1173.4608403226466,1135.0017982579614,1167.738037109375,10294
2017-02-17,1157.8445332604833,1168.853705632787,1144.6530630177351,1149.1148681640625,2729
2017-02-20,1139.1240843633118,1162.0151777058381,1134.8562253053678,1140.4820556640625,6655
2017-02-21,1156.1956681301824,1156.1956681301824,1111.674351523967,1141.3067626953125,16991
2017-02-22,1132.3343996870615,1135.777695986681,1114.1476003465452,1129.521484375,17613
2017-02-23,1125.1082269662331,1137.5723428324047,1117.3970705853737,1127.921142578125,6261
2017-02-27,1117.5425019244544,1125.9811297014076,1102.459535206411,1108.6187744140625,6538
2017-02-28,1101.9744703929894,1139.7060386731953,1101.9744703929894,1135.0501708984375,8740
2017-03-01,1138.6390706659297,1152.315519054793,1112.5470541715888,1142.5189208984375,11252
2017-03-02,1152.1216313366106,1152.7035852197698,1128.4059745660284,1146.5927734375,8822
2017-03-03,1135.1956255791515,1196.3032650915814,1135.1956255791515,1185.4881591796875,24885
2017-03-06,1188.3013000524993,1218.2731716667508,1174.8673401125413,1200.8138427734375,16890
2017-03-07,1183.5484006537847,1212.4533355343829,1174.7217640518238,1184.9063720703125,8628
2017-03-08,1173.5093590092497,1196.9339820964874,1163.9552500127916,1184.8094482421875,10299
2017-03-09,1178.6016894819913,1188.204344189231,1163.9552759404712,1173.169921875,2958
2017-03-10,1172.7818322935682,1174.6247850342188,1156.3894396061683,1166.1861572265625,3396
2017-03-14,1178.6501510090773,1183.3544462334567,1127.484620649393,1173.2183837890625,14501
2017-03-15,1178.4077755316575,1183.4031074040363,1165.0222421420915,1179.7657470703125,7516
2017-03-16,1179.4745883747003,1193.975482704198,1167.8350365157394,1185.682373046875,9159
2017-03-17,1197.7099226663167,1197.7099226663167,1164.925137869401,1169.677978515625,7790
2017-03-20,1181.4631115397544,1187.040397052685,1147.465871616865,1159.6873779296875,23512
2017-03-21,1160.0267143927065,1183.3543620887801,1149.5026439515786,1176.4676513671875,8286
2017-03-22,1155.322463446708,1183.354407098877,1155.322463446708,1179.0865478515625,16799
2017-03-23,1168.9019880412586,1236.2174209108568,1164.2462382749943,1184.9063720703125,55128
2017-03-24,1178.0195614743966,1204.693532606999,1178.0195614743966,1194.848388671875,15686
2017-03-27,1188.1557365509261,1202.656749647476,1178.504655254131,1193.8785400390625,20727
2017-03-28,1201.7353494934973,1219.873724681291,1185.3915001874211,1210.3680419921875,20638
2017-03-29,1207.7007127977583,1285.2007676764933,1194.2667510956094,1255.0833740234375,43349
2017-03-30,1259.011586320518,1308.3827114987166,1232.822593384729,1288.740966796875,53695
2017-03-31,1295.4337276730323,1356.4928321034288,1273.6095669849185,1329.67333984375,62192
2017-04-03,1330.7886517151082,1350.2364486879962,1299.749849342744,1310.9044189453125,37291
2017-04-05,1285.8310972034842,1312.990053231574,1284.2306350425272,1299.798583984375,29183
2017-04-06,1290.2441835651712,1299.749864262275,1256.5865292177443,1264.394775390625,11333
2017-04-07,1264.3948155584862,1266.8197220986976,1235.2959370759495,1241.74609375,10455
2017-04-10,1242.6677062716456,1287.0919257986054,1224.2384154241824,1280.544677734375,23667
2017-04-11,1281.3692515925898,1323.9990642106607,1281.3207060969105,1306.7822265625,31383
2017-04-12,1301.0595202930347,1305.5213252940637,1262.5520462053912,1275.404052734375,9994
2017-04-13,1277.8772754997951,1309.449607850539,1275.500914313673,1304.84228515625,11743
2017-04-17,1297.6159196586577,1299.7497898626523,1271.717849072202,1279.33203125,4862
2017-04-18,1269.6812493326736,1294.6092448343504,1254.1618452155437,1261.9700927734375,6831
2017-04-19,1266.0437154272386,1278.3621933949728,1243.4920844112007,1263.182373046875,12388
2017-04-20,1265.8013454015013,1282.2907115868081,1256.0531727363737,1275.0159912109375,6066
2017-04-21,1265.80143527562,1288.062033844865,1248.3421051338873,1253.3858642578125,7371
2017-04-24,1260.9514806964853,1275.4039482713515,1245.4806233524757,1265.9952392578125,11952
2017-04-25,1270.699688355465,1270.699688355465,1253.1918141782787,1259.64208984375,12509
2017-04-26,1270.6025389409829,1305.5697401909122,1249.699914662877,1292.669189453125,27384
2017-04-27,1295.8700368886393,1307.509588118178,1253.919154332177,1265.7042236328125,10240
2017-04-28,1276.3738489201496,1294.706166313945,1253.482754525302,1273.2698974609375,8384
2017-05-02,1262.9884375382421,1282.2907194005697,1257.0716886105433,1265.7528076171875,5755
2017-05-03,1273.0760539414907,1299.6530558149805,1256.247224642499,1286.9949951171875,15663
2017-05-04,1288.1103788657485,1348.2480622164085,1267.1592096372146,1334.0380859375,143761
2017-05-05,1328.8488563150815,1348.2481096919441,1280.3507228729252,1332.3406982421875,41840
2017-05-08,1300.7197956158527,1323.9019245279133,1275.597741579831,1288.498291015625,19155
2017-05-09,1294.6576495362524,1319.1492064950762,1281.3206630735262,1298.7314453125,14703
2017-05-10,1296.791676815395,1328.8489936963208,1290.1960010275645,1305.8123779296875,13065
2017-05-11,1303.3874199094728,1326.3754892749728,1290.098977854927,1296.7916259765625,4758
2017-05-12,1296.9857350252864,1296.9857350252864,1275.598008693515,1282.7757568359375,5453
2017-05-15,1285.9765847883373,1314.2994480414989,1280.3507538116446,1287.2860107421875,10880
2017-05-16,1289.0804464657617,1338.5485448628679,1282.4362255578612,1327.781982421875,35279
2017-05-17,1311.438176627953,1333.698774262361,1291.214358673487,1328.8004150390625,15902
2017-05-18,1315.220789660263,1329.8187747017057,1311.9230114189274,1327.005859375,10540
2017-05-19,1311.7290678323864,1338.5485608667145,1294.9002382297565,1306.0548095703125,27411
2017-05-22,1309.4009832786685,1309.4495287708194,1283.2605381954031,1290.8262939453125,11815
2017-05-23,1276.6164275881356,1301.3019308701766,1246.4020658899185,1270.505615234375,25141
2017-05-24,1275.3069080571995,1291.9416723705904,1249.36040781107,1262.06689453125,19649
2017-05-25,1260.9515880230563,1299.7500984237658,1260.9515880230563,1286.6070556640625,7648
2017-05-26,1294.9001301338008,1297.7130454829849,1262.0183728114723,1270.8935546875,7909
2017-05-29,1282.339202225995,1289.8564129594772,1269.050642532361,1273.0274658203125,7717
2017-05-30,1264.2978415112816,1270.6511445957203,1241.6008089185227,1261.2425537109375,12242
2017-05-31,1268.7598476971655,1338.548621584243,1260.7091093508116,1334.28076171875,37853
2017-06-01,1328.848893460535,1367.6474012987987,1322.883599199672,1341.02197265625,32113
2017-06-02,1350.0424492186355,1356.97770563366,1320.11912606677,1325.6964111328125,11245
2017-06-05,1319.1978852862678,1346.3082967829346,1302.6599730399719,1314.7359619140625,6328
2017-06-06,1310.128391184753,1333.6985289117004,1297.3734781584317,1319.6826171875,10026
2017-06-07,1319.1490985418625,1329.8186868388923,1300.671264175098,1320.652587890625,7392
2017-06-08,1328.8488095226471,1344.077175525793,1314.3963425850666,1334.0380859375,7605
2017-06-09,1334.0381691951172,1406.4459080742927,1317.7912940501212,1395.873291015625,42329
2017-06-12,1392.818055523204,1422.8384756613182,1380.0631392409236,1410.8109130859375,20527
2017-06-13,1410.810629827778,1449.124153291647,1406.494343533178,1416.1939697265625,30231
2017-06-14,1430.3555061502955,1435.544782867092,1407.4644103204419,1409.937744140625,14059
2017-06-15,1409.9377950895855,1492.7726355857983,1406.4459529560802,1482.927490234375,70407
2017-06-16,1485.9828934526763,1600.3899494089328,1484.0915135019752,1587.8289794921875,93327
2017-06-19,1587.6350100214229,1677.841541990739,1582.9791416550945,1654.3199462890625,92877
2017-06-20,1648.936690741044,1653.835050036767,1571.339670000289,1585.986083984375,31385
2017-06-21,1594.618574341616,1644.0866688011188,1561.2034088769972,1633.853515625,52656
2017-06-22,1634.3872206386516,1653.5925302960454,1571.3396423944305,1582.5911865234375,21316
2017-06-23,1582.0576395864819,1585.452508887109,1514.3541987439496,1561.3004150390625,46232
2017-06-27,1561.6398452128558,1569.3995463070812,1507.370483046574,1516.488037109375,14107
2017-06-28,1513.141674849047,1570.3694689619276,1509.261824400716,1552.5706787109375,20518
2017-06-29,1568.6721275985258,1615.3758538260902,1556.7900848945023,1601.94189453125,22265
2017-06-30,1575.2193244593673,1757.9603091795937,1571.5819645660652,1729.6373291015625,150318
2017-07-03,1729.443290469151,1745.9326544276341,1687.7348992800464,1709.3651123046875,47465
2017-07-04,1706.164453837936,1724.399800649172,1675.8531183163693,1689.7236328125,25073
2017-07-05,1673.1857002506397,1721.6838364897887,1668.3358866267247,1679.781494140625,19713
2017-07-06,1680.169318680276,1701.896506544896,1639.7219220029751,1654.2713623046875,12397
2017-07-07,1652.8165277266028,1680.9454475059874,1635.5996888961174,1645.29931640625,22641
2017-07-10,1743.9930150527773,1743.9930150527773,1644.0868523439697,1648.6456298828125,1215
2017-07-11,1644.0865927001705,1686.6679741505366,1634.3384212935025,1646.7054443359375,16704
2017-07-12,1664.0194893723956,1664.0679164632272,1623.7660389667215,1635.5025634765625,9249
2017-07-13,1645.0567374382852,1656.1627629799316,1581.0391993068424,1591.61181640625,17659
2017-07-14,1592.1937698854972,1600.438452824289,1544.2775888899068,1551.7947998046875,19382
2017-07-17,1564.4045435467183,1581.0394299412505,1538.6521011748446,1555.7718505859375,12627
2017-07-18,1555.8200318712882,1616.1516590624474,1533.122883037326,1590.7872314453125,18386
2017-07-19,1569.7390217914228,1639.2368689393122,1569.7390217914228,1620.759033203125,9186
2017-07-20,1629.537407961012,1629.537407961012,1566.7808658611184,1576.6744384765625,7281
2017-07-21,1566.8777221491623,1605.5307109012467,1550.4367838363048,1568.526611328125,10186
2017-07-24,1573.9584309241457,1579.0507351153083,1534.7234869460774,1545.24755859375,8299
2017-07-25,1535.8875509001564,1570.0787396580724,1510.7656090605324,1527.0609130859375,23875
2017-07-26,1527.0607129579403,1550.9703165657145,1489.8626680706302,1496.8948974609375,22361
2017-07-27,1507.370215729759,1524.7324491261584,1484.5275523230907,1494.712158203125,20183
2017-07-28,1503.4423059878582,1503.4423059878582,1447.6694462495989,1464.1588134765625,27940
2017-07-31,1478.368680922134,1501.502267762158,1417.261030489953,1436.02978515625,39765
2017-08-01,1435.5933542726084,1435.5933542726084,1380.6449431478618,1387.5802001953125,32848
2017-08-02,1387.046548120313,1406.154764393801,1367.64729569905,1372.545654296875,14572
2017-08-03,1377.298422227426,1454.9439799875527,1373.4671171082498,1407.46435546875,46796
2017-08-04,1414.1570753180772,1430.6949867638243,1382.487887791615,1389.81103515625,18298
2017-08-07,1387.1435103907343,1440.103445426391,1387.1435103907343,1418.4248046875,8729
2017-08-08,1417.891472604521,1417.891472604521,1386.9010943817918,1389.4229736328125,4654
2017-08-09,1396.8434214522952,1420.9955191444246,1377.347192617804,1385.058349609375,16504
2017-08-10,1391.8965740897618,1391.8965740897618,1342.0890095617763,1362.7491455078125,24823
2017-08-11,1319.1492909443684,1362.8461585683613,1319.1492909443684,1351.4490966796875,7528
2017-08-14,1360.469450073942,1396.6491005803034,1337.6753301300985,1379.771728515625,4131
2017-08-16,1406.3973246902042,1406.3973246902042,1362.797550075924,1367.84130859375,7838
2017-08-17,1408.8223159129338,1408.8223159129338,1369.5873709549012,1400.0926513671875,6301
2017-08-18,1395.6308781467735,1420.0254649723508,1376.183196065541,1414.2056884765625,7473
2017-08-21,1419.976894611848,1419.976894611848,1382.3908387346214,1393.54541015625,5394
2017-08-22,1393.884880942257,1396.7947689077016,1372.5457025289954,1381.5662841796875,3602
2017-08-23,1372.545621399362,1401.5959538424618,1370.5571507123866,1392.332763671875,9445
2017-08-24,1393.9819123659502,1394.3213756288517,1372.497214966835,1387.2406005859375,6610
2017-08-28,1406.445985630918,1474.3433780406863,1387.0952761555961,1441.0736083984375,30279
2017-08-29,1462.7038388135636,1464.6437643292315,1423.4203471212895,1444.1290283203125,8605
2017-08-30,1465.8075166387227,1465.8075166387227,1445.2443557174888,1450.482177734375,6223
2017-08-31,1464.5950820581643,1474.003790972712,1445.2443742079126,1467.45654296875,18349
2017-09-01,1471.2395961733737,1489.8628342399084,1457.8540624105353,1478.562744140625,11272
2017-09-04,1503.4422226131826,1503.4422226131826,1443.3045337086553,1449.6578369140625,9535
2017-09-05,1460.9092299783715,1460.9576570673923,1435.5446836772646,1440.8309326171875,3567
2017-09-06,1445.2444765682599,1455.9140666637302,1428.7551100570784,1432.73193359375,4456
2017-09-07,1436.514648352589,1445.2443119820105,1394.8062554564638,1402.614501953125,48218
2017-09-08,1411.198741250902,1422.8382935299878,1399.2197257110724,1408.3372802734375,9662
2017-09-11,1418.8129761285088,1421.9168094873423,1396.8432967244414,1407.1248779296875,6575
2017-09-12,1406.4457682389032,1431.664795807325,1397.716104849834,1408.482666015625,7445
2017-09-13,1397.716392934651,1419.7345011038014,1397.716392934651,1401.9842529296875,15225
2017-09-14,1416.0966757292156,1425.844846017519,1392.9146671733256,1421.0435791015625,5300
2017-09-15,1408.9678315437272,1461.3458187267925,1395.4853259769852,1451.7431640625,12614
2017-09-18,1454.944165456578,1508.3406636902982,1452.1797952229424,1491.0267333984375,21899
2017-09-19,1492.772567951592,1527.691224511863,1474.294731493656,1517.7005615234375,21945
2017-09-20,1524.7857757583458,1569.8693052500994,1484.9918758181218,1498.2403564453125,30357
2017-09-21,1508.7225772548459,1517.894656964747,1460.7272991045825,1510.032958984375,15321
2017-09-22,1495.0860106256123,1503.4330003597547,1402.7835951128263,1428.6495361328125,23444
2017-09-25,1448.1099032829777,1448.1099032829777,1383.566130784105,1395.16455078125,16651
2017-09-26,1395.1645138880604,1407.3453781736573,1374.3455555130336,1386.963134765625,13018
2017-09-27,1400.8422211035956,1400.8422211035956,1344.3057722580918,1368.81298828125,14750
2017-09-28,1368.522054772226,1484.9920168805006,1348.2368460091604,1439.22900390625,19130
2017-09-29,1450.730402339269,1475.2376237587566,1411.3733317017357,1457.0877685546875,14293
2017-10-03,1457.1361405843813,1493.387387840848,1451.0214209838107,1462.3287353515625,6928
2017-10-04,1465.6288613230124,1489.8448590341334,1451.1185748330731,1465.2890625,4113
2017-10-05,1480.0904894069254,1480.0904894069254,1418.6040804288127,1426.1260986328125,11134
2017-10-06,1484.991999520359,1711.3319091796875,1484.991999520359,1711.3319091796875,628791
2017-10-09,1746.0785030040142,1758.4048574956273,1664.5495456653055,1683.13623046875,219865
2017-10-10,1682.0203034801598,1733.1699791082651,1621.8927352916437,1711.914306640625,133073
2017-10-11,1711.137749070855,1732.4905740734407,1635.4322786071416,1656.348388671875,53559
2017-10-12,1655.8145989264553,1683.961505942204,1625.2898109511243,1638.2470703125,21401
2017-10-13,1651.3499396804173,1722.784824775223,1625.7265247878865,1656.0086669921875,88516
2017-10-16,1668.432156716104,1683.9614845273068,1646.1087479875,1673.5762939453125,24054
2017-10-17,1674.2556277832389,1814.8931242129042,1661.2013341931395,1687.1644287109375,397909
2017-10-18,1693.7643290819478,1731.5200305745418,1669.402720060657,1695.1231689453125,44771
2017-10-19,1698.4231279877356,1708.080380948984,1669.4512506246267,1683.912841796875,12172
2017-10-23,1688.8143067563315,1700.4613019753406,1630.6279071997762,1638.343994140625,29475
2017-10-24,1656.3484653427968,1671.2953487529933,1625.9691700638682,1635.2867431640625,18393
2017-10-25,1645.1382264014296,1654.6984454961473,1613.108986595384,1629.7059326171875,15587
2017-10-26,1624.8043037638452,1636.4027216889378,1597.4337956942468,1613.836669921875,12098
2017-10-27,1617.6705868740987,1717.9318549532286,1607.5766187810304,1659.5028076171875,252052
2017-10-30,1661.007162744042,1693.6673037880346,1651.9322355571546,1659.6968994140625,12525
2017-10-31,1669.4028317392067,1697.549739948763,1634.850099150247,1688.1351318359375,36592
2017-11-01,1680.612978938389,1717.931846517604,1673.3336067073822,1679.1571044921875,15033
2017-11-02,1684.9320791253388,1726.6671479055171,1659.6969212582542,1700.3157958984375,22951
2017-11-03,1713.0789234797774,1717.6891925373009,1659.6968607084527,1698.8114013671875,14190
2017-11-06,1710.4097199246094,1727.6375664439238,1679.1084213190945,1689.1539306640625,10896
2017-11-07,1706.721597232637,1717.6406557796668,1653.9219777976057,1663.6278076171875,15854
2017-11-08,1650.2823040415778,1673.2850734954463,1633.5882055385728,1642.0323486328125,12067
2017-11-09,1649.8940150645094,1658.7262963991996,1639.363213531634,1644.7498779296875,6188
2017-11-10,1645.1380506104892,1687.795122584132,1636.402804324062,1676.5849609375,18487
2017-11-13,1679.1085953631155,1717.689269736343,1661.8321705161861,1683.6702880859375,88906
2017-11-14,1693.2788661857962,1910.1071049450427,1679.205414447126,1782.4268798828125,326818
2017-11-15,1788.6388040615911,1897.4897079338216,1758.6963431079716,1866.6251220703125,187118
2017-11-16,1866.6251023794978,1921.7542619317092,1814.1651644482235,1896.0338134765625,114569
2017-11-17,1911.9513579477832,1911.9513579477832,1818.1444930643138,1888.802978515625,56053
2017-11-20,1889.1425939295364,1954.5599055589,1863.6162160830324,1914.9114990234375,57771
2017-11-21,1901.226263088574,2008.8639288726065,1901.226263088574,1962.8582763671875,67639
2017-11-22,1970.283372379598,2018.7639429436956,1934.7600603961143,1946.018798828125,34013
2017-11-23,1958.830475605988,1958.830475605988,1890.2588845061234,1903.8470458984375,16049
2017-11-24,1917.8719334622347,1936.3130097455255,1902.3426060657794,1909.8646240234375,40545
2017-11-27,1921.7541227510078,1969.2641078383874,1912.048293848225,1932.3819580078125,15072
2017-11-28,1915.8337909210372,1955.6761516407987,1912.533785053541,1917.2410888671875,10986
2017-11-29,1929.470405042957,1960.577637223322,1906.2249898547548,1918.1632080078125,24432
2017-11-30,1918.1632729417906,1971.2541168305088,1875.2149742368424,1927.577880859375,41972
2017-12-01,1921.7541285099987,2003.2830915376958,1921.7055519735966,1985.6185302734375,41541
2017-12-04,1977.5629467491738,1995.0820180372784,1949.4160385500445,1962.421875,7390
2017-12-05,1987.705290867951,1987.705290867951,1914.863112078184,1935.19677734375,9683
2017-12-06,1931.4600228395223,1946.2128359237379,1902.342535058022,1911.2718505859375,8017
2017-12-07,1892.6367004919323,1970.283334358268,1892.6367004919323,1953.58935546875,10568
2017-12-08,1953.7348536306076,1984.8420838027323,1924.1806509236758,1934.9056396484375,15103
2017-12-11,1941.1658748083582,1975.1362776175044,1931.6541146300524,1941.020263671875,13835
2017-12-12,1968.827642801547,1968.827642801547,1941.166026917966,1941.2630615234375,11163
2017-12-13,1964.4600306683208,1964.4600306683208,1929.5190419805442,1941.360107421875,8367
2017-12-14,1949.9010966510289,1949.9010966510289,1921.7541918213226,1928.014404296875,8199
2017-12-15,1948.7365703185478,1965.4305503171486,1931.5087222849038,1951.69677734375,12362
2017-12-18,1955.7247834963766,1975.0878673357704,1912.048547636656,1941.360107421875,7417
2017-12-19,1942.3791365778598,2104.2238441478075,1931.4600783460041,2058.6064453125,36539
2017-12-20,2069.3801012000445,2154.694251791538,2067.3417821243133,2120.481201171875,59532
2017-12-21,2129.459082828065,2207.105722128997,2096.4106845838583,2118.44287109375,46528
2017-12-22,2143.047657292048,2208.0767302261816,2108.1066628796775,2169.15625,25546
2017-12-26,2183.811703655896,2208.0762781409617,2174.2513665252864,2185.267578125,17005
2017-12-27,2188.664605850564,2188.664605850564,2108.640087055003,2129.9443359375,13625
2017-12-28,2154.5483954009883,2154.5483954009883,2058.897409871151,2074.232666015625,15891
2017-12-29,2073.165256471604,2130.4296526007356,2068.9431257023175,2078.84326171875,12941
2018-01-01,2095.1971774121953,2122.6161432716062,2067.341496656499,2072.77685546875,7202
2018-01-02,2059.5767320525683,2088.1117720110065,2019.9769058353136,2032.594482421875,23591
2018-01-03,2063.0231914328297,2076.0774882283886,2041.9615831469087,2057.1025390625,5189
2018-01-04,2062.48843394472,2110.9689970355885,2003.671021939103,2079.4736328125,11546
2018-01-05,2100.341630401203,2100.341630401203,2053.4138471565702,2069.428466796875,13711
2018-01-08,2086.704976003825,2358.4196528147727,2070.253640737116,2281.2099609375,124009
2018-01-09,2304.115536179697,2304.115536179697,2189.780807878612,2215.79248046875,17440
2018-01-10,2230.2054335568705,2279.7051614245793,2184.782106474759,2191.67333984375,11608
2018-01-11,2191.7703501734395,2197.399778623496,2167.311707449764,2178.66748046875,88976
2018-01-12,2193.5175981403127,2193.5175981403127,2135.7679091627247,2175.901611328125,21241
2018-01-15,2188.6649292449083,2267.23358518902,2178.959098073091,2193.7119140625,38965
2018-01-16,2193.663166676359,2230.399829584212,2135.2826915079486,2142.998779296875,27028
2018-01-17,2146.929980089199,2169.1562399820164,2094.6156418135765,2117.6669921875,9752
2018-01-18,2115.7254829864055,2156.6354623422994,2115.7254829864055,2136.641357421875,62363
2018-01-19,2144.988666432056,2182.841407604387,2130.4784963744164,2154.01513671875,12135
2018-01-22,2149.7924680220895,2164.2542948762753,2128.391068471213,2135.86474609375,9050
2018-01-23,2156.6352422264986,2174.0571582001753,2119.073730718978,2134.845703125,50625
2018-01-24,2141.9312236192513,2173.135372799806,2106.165144696552,2144.503173828125,8069
2018-01-25,2147.900228093461,2147.900228093461,2106.1651581395436,2118.976806640625,6895
2018-01-29,2120.8208193482483,2144.9396625766294,2087.723847210105,2103.253173828125,7943
2018-01-30,2096.5078895820316,2133.050245324431,2059.577158458267,2073.45654296875,10270
2018-01-31,2057.635772280878,2092.5281805558784,2053.753440635065,2065.740234375,10798
2018-02-01,2065.4005466571707,2159.5470941316753,1984.8907372137608,2001.584716796875,40921
2018-02-02,1989.7923167243116,2096.362141287898,1911.077940101197,1946.0675048828125,29616
2018-02-05,1844.1076070336392,2026.5772018348625,1844.1076070336392,1983.62890625,25910
2018-02-06,1873.2250913809232,1979.9892157601469,1864.489844840805,1913.601318359375,42762
2018-02-07,1926.6072944575417,1981.8334919844663,1926.6072944575417,1944.3204345703125,12046
2018-02-08,1947.8630128717462,2085.7828311021726,1947.4747559825544,2019.68603515625,23524
2018-02-09,1941.1662089521187,2086.753674623528,1941.1662089521187,2059.237548828125,20653
2018-02-12,2084.812353194008,2200.311734027382,2084.812353194008,2160.56640625,25419
2018-02-14,2137.6603098532714,2191.479085503701,2101.312026804449,2113.250244140625,7689
2018-02-15,2120.1896273023517,2144.8909130704296,2004.2535550107802,2021.1416015625,44102
2018-02-16,2029.4886816301905,2046.6679501948615,1914.1833949377974,1933.25537109375,13828
2018-02-19,1941.1659272216364,1950.8717568577445,1906.224940531647,1943.3983154296875,6080
2018-02-20,1945.242340490846,1994.5480027436022,1945.242340490846,1968.148193359375,6818
2018-02-21,1974.9421836362844,1994.0140433334352,1935.7790678200322,1943.786376953125,7715
2018-02-22,1947.5234628601652,1972.2247540464075,1936.3131812611136,1955.6278076171875,5149
2018-02-23,1946.0188376116419,1992.1215282782518,1945.193865790323,1967.031982421875,5794
2018-02-26,1989.646517792065,2036.5742993126191,1970.5746571591524,1995.809814453125,5284
2018-02-27,2004.836441499249,2017.8421595768978,1970.2835901592605,1984.260009765625,5520
2018-02-28,1988.190765046406,2004.2539616221004,1952.1821582453415,1977.07763671875,5238
2018-03-01,1966.4011072353894,2001.196601670605,1953.1041678704114,1986.0068359375,12631
2018-03-05,1979.9891073188442,2044.0475784379832,1955.724534925231,2019.2005615234375,20310
2018-03-06,2045.988804685697,2072.145967107178,1946.5040549322416,1976.3009033203125,8479
2018-03-07,1953.7833904310833,2004.2537015599537,1928.548234866648,1935.5849609375,7253
2018-03-08,1960.577649841442,2018.8126295397028,1913.116117691486,1992.26708984375,28109
2018-03-09,2010.174750237753,2085.783078833073,1976.2042233083207,1999.886474609375,24003
2018-03-12,2020.7537654408204,2038.1756825493917,1999.206870665043,2022.5977783203125,6023
2018-03-13,2030.6535970858388,2030.6535970858388,1976.1068827819338,1980.6201171875,8700
2018-03-14,1979.9890657904489,2017.8417979305602,1961.839213412445,2005.0301513671875,6056
2018-03-15,1990.1803544147256,2018.8125516618527,1973.195152657955,1982.75537109375,2538
2018-03-16,1982.9009904736122,2009.8832441968152,1946.989420895774,1957.1805419921875,10146
2018-03-19,1962.0820683109614,1979.7466311345095,1918.066035436059,1933.78955078125,10500
2018-03-20,1950.871841375945,1950.871841375945,1917.1440819292714,1924.3748779296875,6043
2018-03-21,1931.3145302928172,1950.1438639102328,1904.0897486330537,1926.9954833984375,12644
2018-03-22,1917.3379358304414,1940.9717241477856,1897.8292433032923,1923.5982666015625,15858
2018-03-23,1892.636767297446,1926.5101362131554,1868.3721933577353,1904.8660888671875,12770
2018-03-26,1902.3426804201595,1902.3426804201595,1844.1077004072974,1863.131103515625,13778
2018-03-27,1881.6205578808124,1940.1952120474025,1851.435453465291,1916.7071533203125,27887
2018-03-28,1933.8867152134194,1933.8867152134194,1854.9782663426975,1866.7708740234375,22742
2018-04-02,1888.7544339697922,1897.4896805811634,1861.2384308398464,1890.064697265625,11051
2018-04-03,1890.0645309550132,1941.1657428309077,1877.5925647531956,1934.031982421875,15761
2018-04-04,1932.8674329899432,1968.1482191851599,1893.2191418531108,1905.25439453125,9879
2018-04-05,1929.5190252289708,1994.5480869444343,1929.5190252289708,1962.9071044921875,14445
2018-04-06,1970.2834116869074,1979.9892413011287,1943.107088767088,1969.0216064453125,3667
2018-04-09,1958.7818707319504,1983.8714145835277,1932.4790982755646,1939.176025390625,5336
2018-04-10,1951.2598412651064,1955.724498807207,1916.901183694409,1927.2379150390625,4741
2018-04-11,1931.4599606734116,1936.3128751474655,1915.9306343564397,1925.5394287109375,3000
2018-04-12,1925.6364223229673,1955.0451308015972,1919.667313951045,1931.1202392578125,4454
2018-04-13,1929.5674316898017,1964.41126391836,1907.680739336451,1935.876220703125,11130
2018-04-16,1935.8763514910086,1988.724547942837,1935.051261165419,1948.7850341796875,7517
2018-04-17,1954.8996542782315,1987.5112173994119,1948.9305454953092,1978.5333251953125,4135
2018-04-18,1986.104078039008,1988.724604797065,1942.1366199116287,1955.1424560546875,3746
2018-04-19,1955.190842266847,2086.268121482861,1952.8129613507865,2035.40966796875,28775
2018-04-20,2048.1237547721494,2092.527917386593,2008.523929573433,2023.2769775390625,8364
2018-04-23,2027.1594542708172,2079.9590670216216,1993.0433245987156,2006.7286376953125,5386
2018-04-24,2030.4596235573333,2030.4596235573333,1980.037884408066,1989.2584228515625,3686
2018-04-25,1994.1596359889502,2002.1183680374334,1897.9747799217816,1917.09521484375,11151
2018-04-26,1917.8717400454584,1957.1803460534752,1902.342414215131,1921.1231689453125,6097
2018-04-27,1943.4952478411217,2020.4624017209042,1926.6070814664006,1996.7802734375,21947
2018-04-30,2055.6946737120397,2081.900413178624,2015.4640581078627,2074.184326171875,16279
2018-05-02,2113.929770555846,2149.744188413999,2074.18444416235,2106.698974609375,18355
2018-05-03,2115.094398559349,2135.2825720871933,2058.703669171743,2069.040283203125,8990
2018-05-04,2078.163481489354,2144.6969866741074,2072.194491438019,2114.8515625,26870
2018-05-07,1991.6364854208148,2117.8122861541024,1951.8425790357012,2066.711181640625,41387
2018-05-08,2076.0767677582885,2117.1324707256153,2028.518206926051,2055.2578125,10826
2018-05-09,2021.2391229436591,2067.1477468133116,1995.9553880836356,2016.192138671875,8469
2018-05-10,2016.1919909953713,2018.7639410058682,1933.4497952642737,1941.06884765625,7046
2018-05-11,1969.3126912246018,1975.1361885865276,1902.3424715624542,1912.7276611328125,17204
2018-05-14,1957.665860736797,1957.665860736797,1874.1957248798983,1891.3265380859375,9963
2018-05-15,1892.6367168885715,1936.1188796221666,1834.401740984308,1842.3604736328125,12477
2018-05-16,1851.0956038328202,1926.6069985742217,1843.185448219135,1914.3291015625,15862
2018-05-17,1921.7542631637698,1995.130429813515,1916.9013483578008,1984.7935791015625,19230
2018-05-18,1981.930448031055,2023.8595854360472,1965.4305373471532,1983.1436767578125,5822
2018-05-21,1980.037879230208,2001.8759965392767,1932.4307361046908,1984.308349609375,8981
2018-05-22,1980.6201046153546,1980.6201046153546,1910.107230171534,1918.40576171875,9165
2018-05-23,1911.9998387373043,1945.0482356418265,1879.1942060501256,1892.927978515625,4500
2018-05-24,1900.2558249408776,1940.8746981295708,1885.0177198574102,1923.6468505859375,4552
2018-05-25,1939.2732367267893,1961.4994906511781,1922.821785263693,1944.5628662109375,5865
2018-05-28,1935.148444890943,1945.485059122075,1931.9940501212207,1937.1866455078125,23300
2018-05-29,1959.6070256264513,1989.6950978376549,1937.429228353744,1959.3643798828125,10653
2018-05-30,1955.676151308625,1979.9893026371674,1914.0866938192037,1923.16162109375,6815
2018-05-31,1937.8658597826163,1997.9935435525394,1922.7247897279806,1967.565673828125,11351
2018-06-01,1989.6950389069855,1989.6950389069855,1938.1571081804382,1948.0570068359375,4952
2018-06-04,1972.418795244714,1972.418795244714,1922.7249912719392,1933.692626953125,2655
2018-06-05,1906.1279926102243,1933.6925737261136,1858.6664598355214,1869.1488037109375,6775
2018-06-06,1858.666480829674,1896.1309616560059,1858.666480829674,1864.3929443359375,13264
2018-06-07,1880.0193095034047,1958.6365341135108,1877.010525837658,1944.3204345703125,71167
2018-06-08,1965.430512330766,1975.1363420212883,1945.0482699806694,1953.3468017578125,2940
2018-06-11,1969.2639962066762,1993.9169423974708,1956.6949958818143,1983.67724609375,5118
2018-06-12,1983.7258231073763,1984.8420171307296,1941.1657869249188,1953.10400390625,7184
2018-06-13,1973.1950076065098,1988.72433378541,1942.1363552487092,1960.86865234375,57996
2018-06-14,1961.5968884893884,1965.0423871728713,1932.0425640129695,1941.602783203125,3127
2018-06-15,1968.051141645228,1974.16586206106,1945.4366283739416,1968.9732666015625,2342
2018-06-18,1969.0702427063331,1986.9289934340227,1928.5484028379465,1942.864501953125,4896
2018-06-19,1947.960026328142,1971.254017674368,1920.0071893209242,1955.385009765625,4955
2018-06-20,1965.4302656895861,1965.4302656895861,1912.24227826832,1920.83203125,2447
2018-06-21,1920.9778638869866,1935.1969288117584,1891.7148806465084,1899.916259765625,2844
2018-06-22,1915.1056958168192,1915.9306675958492,1884.8720144230695,1904.1380615234375,2212
2018-06-25,1901.6145899664773,1929.4218143782048,1845.0781347588481,1881.62060546875,157202
2018-06-26,1885.3574974515238,1909.1367812031647,1883.028074530999,1902.73095703125,5220
2018-06-27,1899.8192643327554,1904.9632833520966,1835.421103387649,1850.90185546875,10899
2018-06-28,1850.9504380696512,1850.9504380696512,1805.2844585411478,1814.4564208984375,3781
2018-06-29,1830.7622149097829,1915.9308746093632,1792.666831511395,1890.9869384765625,28488
2018-07-02,1890.8894302346112,1890.938006768062,1845.0779678511926,1851.677978515625,2099
2018-07-03,1866.4308421354717,1866.6249113159756,1826.6369448252512,1836.3427734375,2425
2018-07-04,1836.2941967770332,1902.3424078706087,1836.2941967770332,1885.599853515625,19085
2018-07-05,1900.4014633948057,1901.905914396492,1844.1076508938359,1847.94140625,3395
2018-07-06,1860.2677338603103,1871.4778952368383,1838.8178755252245,1854.6383056640625,2398
2018-07-09,1883.9017359922505,1883.9017359922505,1829.5490841552767,1838.5269775390625,5177
2018-07-10,1836.4885589512153,1871.2839341343447,1836.4399824118,1852.5516357421875,2864
2018-07-11,1849.9311133275125,1863.519274705574,1829.5488712604201,1834.8385009765625,1508
2018-07-12,1852.842833643166,1853.8134165837857,1834.4503343101662,1843.4766845703125,1610
2018-07-13,1861.5295555452194,1861.5295555452194,1813.0489836993938,1823.1915283203125,3806
2018-07-16,1850.416431624786,1850.416431624786,1797.9563747238237,1825.1812744140625,5241
2018-07-17,1800.5283489517692,1850.8530495951675,1800.4798908934458,1833.2855224609375,2474
2018-07-18,1834.4985903060567,1848.960298224258,1797.7620537458697,1804.4105224609375,2376
2018-07-19,1801.4505397376777,1809.0695922331333,1764.6168455340178,1773.6917724609375,2550
2018-07-20,1748.068432491027,1790.3372479812806,1693.667211903194,1710.2156982421875,8176
2018-07-23,1735.8390543268592,1747.0493349512092,1690.9981687881912,1696.918701171875,3313
2018-07-24,1698.5687902684565,1741.2258648157579,1678.1865477037236,1683.33056640625,9190
2018-07-25,1701.4320672360298,1701.4320672360298,1660.0366769299912,1681.1954345703125,4092
2018-07-26,1684.2093232132502,1699.2307992166338,1670.354520005983,1683.7718505859375,7572
2018-07-27,1687.3203713709327,1759.5598421185014,1687.3203713709327,1748.23291015625,12064
2018-07-30,1758.830892378557,1788.9711674828884,1697.7239390088585,1708.61328125,9397
2018-07-31,1716.002368825264,1929.9497415530052,1716.002368825264,1884.0101318359375,86689
2018-08-01,1876.4751175584934,1881.3364520599403,1820.326704066782,1842.6888427734375,42292
2018-08-02,1829.0770608534194,1932.8665498878925,1808.4163897341448,1897.1357421875,34726
2018-08-03,1897.135684015921,1921.1506276477544,1884.2531483012708,1896.2606201171875,7713
2018-08-06,1936.7556574233627,1936.7556574233627,1886.2949817685703,1896.5037841796875,5778
2018-08-07,1891.0590745710633,2075.789781084432,1888.5797465623102,1972.7294921875,49332
2018-08-08,1974.8196572298439,2045.6006062873585,1963.2009982138434,1983.4241943359375,12538
2018-08-09,1994.897233082825,2017.6481831408566,1981.4799026566182,1987.7509765625,7121
2018-08-10,2001.508660617303,2001.508660617303,1902.969319030588,1913.4698486328125,7549
2018-08-13,1913.4698914694734,1925.0884332771518,1872.2457517875641,1891.2049560546875,13264
2018-08-14,1891.204886777609,1958.09677483828,1886.1490279472914,1901.9483642578125,10900
2018-08-16,1910.455770257015,1917.1644355076992,1881.3364244939842,1893.100830078125,12075
2018-08-17,1920.0325576777968,1966.8957707830416,1891.885362114812,1914.5877685546875,10076
2018-08-20,1917.3103419535423,1956.0066123533497,1906.8098118765813,1916.6783447265625,4056
2018-08-21,1916.6783222778474,1929.998449968069,1894.0731169389453,1896.5037841796875,6714
2018-08-23,1921.1994935499604,1954.2565698559818,1891.8856212651344,1919.206298828125,6732
2018-08-24,1917.6504701490135,1988.2856795177647,1907.8305988429015,1923.8243408203125,14246
2018-08-27,1942.589253602695,1972.680866488587,1892.468847758746,1905.6917724609375,5707
2018-08-28,1926.692828192663,1963.0069750944979,1857.5646716774359,1878.9058837890625,22704
2018-08-29,1878.4196814599504,1915.365824262993,1871.6138130488637,1904.5250244140625,6786
2018-08-30,1900.878881133375,1915.365680831981,1886.1976755401236,1909.775146484375,3360
2018-08-31,1905.691650059289,1942.5891288311393,1884.2531189563304,1908.8028564453125,12800
2018-09-03,1908.8029390934732,1930.9220104620592,1876.4750655547707,1893.3438720703125,5223
2018-09-04,1893.3439070537088,1900.7817725092077,1848.911357594854,1893.2467041015625,22276
2018-09-05,1893.2467321133606,1905.6431351609638,1877.0584643965642,1901.1220703125,8850
2018-09-06,1898.253824499384,1917.3102310507343,1877.4959509580042,1899.5177001953125,7264
2018-09-07,1894.510794202152,1911.6712107523751,1865.780258639182,1876.71826171875,2940
2018-09-10,1866.7522929444638,1895.5313670570413,1837.6814913121477,1876.8638916015625,12442
2018-09-11,1881.385003007543,1899.8094122180862,1828.7367296945056,1842.2998046875,4165
2018-09-12,1842.4458040321447,1876.7182127878878,1819.2572618450315,1829.466064453125,8363
2018-09-14,1832.7231995243048,1868.6484158288065,1832.7231995243048,1861.4537353515625,5056
2018-09-17,1861.9882636431496,1878.9057309603197,1815.0278449159994,1829.5145263671875,5618
2018-09-18,1810.895388893712,1856.0571296181613,1791.7416636998082,1798.59619140625,2816
2018-09-19,1813.228902296536,1845.1679612917374,1801.1728890500606,1804.867431640625,5682
2018-09-21,1825.8198211396302,1825.8198211396302,1730.4404731714096,1778.7620849609375,7971
2018-09-24,1752.6567525195867,1810.1176960646903,1750.0802217894145,1755.3790283203125,5135
2018-09-25,1750.0804033074064,1788.9224181179543,1738.0729309439207,1741.378662109375,6140
2018-09-26,1758.8305964484337,1784.4012601117802,1723.051131644839,1736.4197998046875,3442
2018-09-27,1740.4547804327162,1763.6919807629927,1713.3285128901728,1732.822509765625,5826
2018-09-28,1721.2041176998491,1846.3348185951231,1714.495452441903,1816.291748046875,25378
2018-10-01,1802.3883787440398,1823.0003890017174,1739.1423711076384,1778.1302490234375,7916
2018-10-03,1755.7680257370967,1797.7213630576034,1740.3576202666902,1757.6153564453125,2766
2018-10-04,1730.6348818824406,1749.0592900330112,1677.1602085658483,1694.6610107421875,6812
2018-10-05,1694.6609572625143,1696.5568299644908,1604.2401488715714,1617.80322265625,7528
2018-10-08,1620.7689449241313,1634.380681714136,1555.6270617148232,1568.4609375,7009
2018-10-09,1575.0722249327332,1594.517561043014,1547.897415192581,1585.57275390625,3763
2018-10-10,1579.9337180109655,1660.6318709924487,1564.7177172359059,1623.345458984375,13237
2018-10-11,1599.038774026453,1657.763718273871,1571.1833037228473,1616.97705078125,2980
2018-10-12,1649.8882461823246,1661.6041096429512,1608.5669034907942,1652.6593017578125,17652
2018-10-15,1691.7446035814419,1691.7932644060947,1629.7139206428137,1643.5687255859375,3190
2018-10-16,1662.6734995142017,1681.9729725531588,1624.6578898033624,1640.943359375,2192
2018-10-17,1672.29892095543,1672.29892095543,1612.0183784558737,1619.26171875,11518
2018-10-19,1609.1502029740468,1650.9090142528262,1575.0722044108236,1643.422607421875,4798
2018-10-22,1650.7631817372321,1650.7631817372321,1591.98970047137,1603.7054443359375,2926
2018-10-23,1604.1432487124964,1604.1432487124964,1565.3497740533196,1580.2740478515625,2168
2018-10-24,1579.2043791130222,1631.4637205797453,1579.2043791130222,1623.0535888671875,1488
2018-10-25,1620.7203972014454,1623.4914530464353,1583.9201156917454,1589.9482421875,2269
2018-10-26,1582.3643099729234,1698.307132685225,1576.044575401603,1626.5052490234375,6401
2018-10-29,1557.8632586956242,1621.6924839852843,1557.8632586956242,1597.19140625,5438
2018-10-30,1609.1015857198965,1677.1602630615234,1546.0014454190336,1610.0738525390625,51782
2018-10-31,1620.7688018349636,1643.1309388728785,1604.2402657634611,1618.338134765625,7534
2018-11-01,1607.497219911476,1651.8812211320828,1604.2401500105573,1604.823486328125,3594
2018-11-02,1614.011648732245,1643.1309937209655,1538.3205787185243,1556.5992431640625,16738
2018-11-05,1599.3790090203286,1599.3790090203286,1555.6269996550309,1573.66259765625,3539
2018-11-06,1584.3574433480685,1596.2677118881304,1524.465712312969,1541.3831787109375,4941
2018-11-07,1583.822637902383,1583.822637902383,1556.5991671465408,1570.30810546875,1623
2018-11-09,1593.5454631933253,1593.5454631933253,1566.3219897525607,1574.53759765625,32340
2018-11-12,1583.725491814546,1593.5453632384585,1545.904287705399,1553.1962890625,3462
2018-11-13,1576.0445337087083,1576.0445337087083,1542.987461440913,1551.54345703125,2865
2018-11-14,1551.5433433708663,1559.4186803913512,1541.0428148869482,1547.362548828125,2464
2018-11-15,1546.8277195302035,1559.5158479365668,1501.1798436496629,1514.0623779296875,5188
2018-11-16,1516.736339093156,1532.9731485825562,1482.755658970134,1492.137939453125,9297
2018-11-19,1492.3810158522247,1519.021152384504,1492.3810158522247,1511.486083984375,4846
2018-11-20,1511.437423824026,1540.9942400343348,1505.166231660096,1519.6043701171875,4742
2018-11-21,1521.403013784178,1536.181420481942,1495.3462181653335,1505.6522216796875,2062
2018-11-22,1513.7706858164452,1517.9514803620216,1482.7068102815583,1486.790283203125,2643
2018-11-26,1494.2283313041999,1524.5144683635858,1475.90112434689,1509.9791259765625,5564
2018-11-27,1509.979061285761,1515.7640015019397,1458.497460966711,1494.7630615234375,9572
2018-11-28,1511.874788051546,1514.791588285729,1475.3175821867662,1483.922119140625,3606
2018-11-29,1482.7070340511611,1594.5177284222323,1482.7070340511611,1565.203857421875,9791
2018-11-30,1567.2941059114416,1584.7949085829093,1521.646226417329,1544.3486328125,14678
2018-12-03,1549.2585839931492,1566.4677786638695,1509.9304368938044,1534.96630859375,4060
2018-12-04,1541.091676611552,1550.7656846625941,1482.7070025770884,1494.033935546875,11006
2018-12-05,1483.1931808101474,1505.0691864268163,1468.4147711564128,1481.102783203125,4926
2018-12-06,1473.9563709045924,1531.3201082946787,1469.581170595179,1520.819580078125,7407
2018-12-07,1520.8197345712929,1520.8197345712929,1477.8455879739126,1489.0753173828125,5183
2018-12-10,1461.7060571938118,1498.117404526919,1461.7060571938118,1492.137939453125,8581
2018-12-11,1489.2698928567331,1521.3547020385658,1470.2134844736004,1500.353759765625,1760
2018-12-12,1515.7156071829602,1555.6272154020953,1492.9159932811983,1545.3697509765625,5444
2018-12-13,1545.9530105888482,1563.4051537302132,1526.4590120375838,1553.53662109375,5956
2018-12-14,1562.0926930155872,1562.3843018847867,1521.111618016601,1544.154296875,6661
2018-12-17,1521.0628122140367,1564.8634808832765,1517.7085390859238,1525.1949462890625,2115
2018-12-18,1525.3892775395416,1560.4880823208048,1511.923407232819,1545.126220703125,4919
2018-12-19,1534.2372046229432,1557.6202715970292,1527.917469622912,1543.8626708984375,14237
2018-12-20,1537.785951786571,1559.0786204350634,1532.2926201157957,1545.5640869140625,8814
2018-12-21,1540.3137521951692,1555.6269550337831,1518.7294756680426,1551.3004150390625,12265
2018-12-24,1520.6254591967381,1555.627068231957,1520.6254591967381,1542.50146484375,6589
2018-12-26,1558.4465546079368,1558.4465546079368,1508.1317452171004,1541.431884765625,7021
2018-12-27,1531.3690718014504,1558.5438849540965,1500.2078692976736,1522.9102783203125,15928
2018-12-28,1535.8899074174499,1578.9613766814346,1511.8749635096249,1557.134033203125,16582
2018-12-31,1534.2370367738959,1559.224246489467,1478.33169481287,1496.756103515625,35478
2019-01-01,1497.2909021360374,1524.5143730839654,1483.97089418191,1507.3052978515625,7328
2019-01-02,1504.4371220063267,1506.7705862382113,1482.706981134552,1491.8463134765625,7273
2019-01-03,1491.4573965618815,1521.1115364544091,1473.0815287603473,1513.7708740234375,13056
2019-01-04,1507.0136026397172,1513.7708097066186,1487.61692664745,1500.985595703125,6428
2019-01-07,1497.3394653858984,1506.0412053800776,1487.5681370119553,1492.866943359375,2263
2019-01-08,1488.5404885736473,1502.2980876948998,1473.0814225320785,1477.4080810546875,10543
2019-01-09,1496.2699826488058,1496.318643464015,1472.9842396673052,1475.26904296875,3529
2019-01-10,1474.9288519530846,1487.5683213501777,1474.9288519530846,1476.4359130859375,2562
2019-01-11,1477.894240911066,1485.3319872050622,1458.4002435154432,1461.7545166015625,4472
2019-01-14,1476.8247305707548,1483.6305987338365,1458.4003206603807,1458.5947265625,54025
2019-01-15,1459.7615649219013,1481.4430458412398,1459.7615649219013,1467.9771728515625,5808
2019-01-16,1474.7342568304616,1512.8470660329067,1471.7687957630542,1504.485595703125,11752
2019-01-17,1504.0482543969756,1511.875050524788,1463.5534323967765,1471.0885009765625,12300
2019-01-18,1482.7070327877675,1501.180104015943,1465.2062284663382,1470.942626953125,4207
2019-01-21,1496.3186704764885,1496.3186704764885,1459.3725304647235,1465.157470703125,4625
2019-01-22,1466.227170594746,1486.8391817462589,1457.5739713027228,1481.102783203125,6782
2019-01-23,1481.102724242024,1496.3187246133152,1407.842438752489,1429.378173828125,59730
2019-01-24,1424.3710314035172,1424.4196922232695,1352.909413104433,1368.8546142578125,18573
2019-01-25,1373.7160242533678,1385.188703276744,1322.3802808155863,1332.151611328125,8434
2019-01-28,1351.4509723995404,1355.3400399460138,1297.8790906838524,1314.3104248046875,31347
2019-01-29,1312.5604161360218,1334.3392201111174,1295.1082714102606,1303.7613525390625,3974
2019-01-30,1302.0111410324537,1331.811142923569,1298.2192766820574,1318.0048828125,5801
2019-01-31,1298.4139408259723,1340.7562169048845,1295.156870054888,1315.185546875,12835
2019-02-01,1305.8030636053481,1327.1442738686824,1302.8376021861059,1310.226806640625,3474
2019-02-04,1319.3661479024968,1341.728286002539,1308.3794847532902,1327.6790771484375,4961
2019-02-05,1332.0540936803952,1341.8739640105543,1283.3920959034285,1290.295166015625,7217
2019-02-06,1290.2468350214767,1312.2685853227376,1263.9469679452616,1275.5169677734375,8198
2019-02-07,1282.37138232842,1306.4836489608865,1279.2115148983748,1301.622314453125,9786
2019-02-08,1306.4350960957152,1311.6368193967905,1288.3024118313574,1302.0113525390625,2014
2019-02-11,1322.2829610402127,1322.2829610402127,1249.4601477577048,1256.02294921875,4756
2019-02-12,1272.6973891511936,1274.5932621576242,1226.0285773259398,1237.404052734375,7690
2019-02-14,1225.9313470230818,1249.362955367305,1204.2497478723103,1226.41748046875,7440
2019-02-15,1208.2845997476752,1229.480064058897,1164.3381866232949,1173.185791015625,15452
2019-02-18,1174.4983137981842,1215.1876563132328,1155.0529774770223,1187.2349853515625,12342
2019-02-19,1186.1169811185962,1209.5000480094702,1161.081107938336,1165.6021728515625,5654
2019-02-20,1190.9296193537052,1190.9296193537052,1143.4344102179002,1166.3798828125,11453
2019-02-21,1166.3799502077186,1262.9746380073227,1166.3799502077186,1248.5364990234375,28091
2019-02-22,1260.8356719551095,1303.8098183445506,1231.8620729623756,1280.9615478515625,9883
2019-02-25,1299.8236912334103,1302.8376949997821,1254.321551128103,1269.4888916015625,6122
2019-02-26,1256.1689986271078,1267.8362029487218,1233.126317565896,1245.8143310546875,11379
2019-02-27,1246.1544465603674,1273.6696474876978,1228.7995060166995,1259.57177734375,7550
2019-02-28,1262.7801109260986,1311.587854632685,1262.7801109260986,1282.6142578125,27847
2019-03-01,1288.2536540859742,1317.4216613482981,1269.5375160926496,1294.330322265625,17486
2019-03-05,1313.7267809715515,1380.5701198226682,1292.2397096014827,1351.0133056640625,12887
2019-03-06,1364.090336097931,1393.6472708950541,1361.1735356643644,1372.208740234375,7657
2019-03-07,1385.9664827634863,1422.4264919557913,1351.5482103489653,1386.160888671875,8082
2019-03-08,1371.8686387607818,1403.1270443093613,1315.0882262898276,1345.617431640625,14007
2019-03-11,1356.3122195788753,1408.3284946666674,1336.8668830974577,1388.5914306640625,10049
2019-03-12,1400.4532727476292,1405.6548769488606,1375.7090088212335,1391.5570068359375,8451
2019-03-13,1397.1475000433109,1440.0244455143363,1387.9596255441343,1431.808837890625,12058
2019-03-14,1441.0939793650398,1444.7886411299214,1380.6190244983097,1391.8487548828125,7536
2019-03-15,1392.3350180368448,1393.0642182937647,1335.9435315017054,1352.22900390625,64976
2019-03-18,1356.3608264437864,1385.4801691925,1322.23416732838,1341.3392333984375,10490
2019-03-19,1340.8532659611428,1364.3335354716105,1322.2829917986035,1326.5123291015625,7037
2019-03-20,1335.5058618929888,1336.8670593631448,1307.6503899736363,1313.1923828125,6506
2019-03-22,1332.0055158985697,1386.4524566944235,1307.0183066144373,1365.1597900390625,10692
2019-03-25,1349.6036401960916,1427.2877880943417,1349.6036401960916,1412.2176513671875,33039
2019-03-26,1419.5095781550956,1458.400251529208,1392.5291735018054,1421.5999755859375,18297
2019-03-27,1429.2321082805254,1432.975311493803,1359.9581030322347,1401.5711669921875,41955
2019-03-28,1407.8424859224735,1457.4280983410135,1380.910739984805,1440.656494140625,12331
2019-04-01,1452.6153642821316,1452.6153642821316,1385.4802894492373,1392.0430908203125,16763
2019-04-02,1395.3001374542325,1406.0922757890364,1386.452532826057,1394.1820068359375,5380
2019-04-03,1399.0918448693074,1408.5714456250237,1362.2429115280547,1369.534912109375,4485
2019-04-04,1370.896347225452,1390.0014158014303,1336.8670052730472,1374.396484375,11647
2019-04-05,1380.0840107301078,1381.5910716883193,1349.50626847529,1372.4031982421875,14402
2019-04-08,1393.2584923057425,1393.2584923057425,1334.193277087617,1340.9991455078125,8970
2019-04-09,1359.2288570866056,1375.757391114125,1318.7339249822026,1356.3607177734375,9910
2019-04-10,1353.4926638945249,1376.3409349665317,1352.4231940919678,1360.1041259765625,10114
2019-04-11,1357.1384591812152,1361.1733897521033,1338.8599163011988,1350.8187255859375,12013
2019-04-12,1350.430006808559,1364.0904036562765,1336.9155924116462,1357.138671875,12890
2019-04-15,1343.7215569724117,1366.0350355235405,1338.0337004886596,1346.832763671875,10781
2019-04-16,1346.9298578727344,1356.9927960404395,1337.4502560784624,1344.5478515625,3552
2019-04-18,1340.610110827943,1352.4231766905846,1330.0610393333716,1335.0682373046875,8576
2019-04-22,1349.4578127228194,1361.1736764836671,1323.8872641541175,1354.513671875,21752
2019-04-23,1367.0073761035878,1367.0073761035878,1340.9992343462827,1347.3189697265625,7445
2019-04-24,1351.4021471760113,1353.3953415250653,1327.241341719819,1331.7137451171875,8944
2019-04-25,1327.2415101206325,1340.8532466044114,1308.2823057325118,1314.4561767578125,5574
2019-04-26,1322.2342920582744,1326.366426286012,1285.4340144964642,1291.8509521484375,5089
2019-04-30,1271.968049942201,1351.40220058043,1271.968049942201,1325.685791015625,47544
2019-05-02,1322.3315620568478,1344.6450385413216,1306.7752926304838,1340.610107421875,14083
2019-05-03,1334.5336106164643,1337.5476144669,1307.6990661557563,1314.6993408203125,91379
2019-05-06,1312.5602287619308,1326.9011645947,1269.780487972653,1276.78076171875,3916
2019-05-07,1284.3645405154116,1294.9136123610103,1247.8073297910942,1257.0924072265625,5891
2019-05-08,1263.947070404766,1263.9957312276013,1207.5555857251686,1221.2645263671875,5053
2019-05-09,1225.0560266326734,1233.0285659987044,1207.5552262522067,1218.83349609375,2500
2019-05-10,1206.5833703191624,1230.6956398591453,1206.5833703191624,1216.451904296875,2617
2019-05-13,1210.1807118446613,1248.5367169795584,1187.4783006735668,1210.909912109375,3062
2019-05-14,1198.2703484957283,1225.0563502956081,1176.4430030616554,1187.137939453125,4381
2019-05-15,1187.1377937011164,1191.3671306542233,1150.4833818609693,1158.31005859375,6956
2019-05-16,1158.3100883386594,1201.4300994113914,1158.3100883386594,1192.8255615234375,3180
2019-05-17,1210.3263888127944,1214.312659240934,1189.9087845524055,1204.346923828125,3163
2019-05-20,1215.3336896359392,1311.8798454145904,1203.6664862154341,1272.891845703125,13757
2019-05-21,1295.9828535033566,1295.9828535033566,1234.7787120606117,1243.1888427734375,6354
2019-05-22,1225.0561437905944,1286.308950980124,1225.0561437905944,1276.2945556640625,4478
2019-05-23,1276.2460558044663,1302.934732346996,1255.3423193252443,1278.77392578125,9978
2019-05-24,1292.9690161050635,1297.0039471739597,1273.6695433267519,1286.50341796875,3450
2019-05-27,1293.1149772632748,1332.0056532711928,1293.1149772632748,1318.9287109375,3732
2019-05-28,1327.2412974842546,1381.5910317598532,1317.4214271883188,1364.3819580078125,37286
2019-05-29,1370.896197046396,1370.896197046396,1348.3881967408856,1354.756591796875,3983
2019-05-30,1365.0626314514022,1368.6599712540528,1351.450895810149,1354.659423828125,11488
2019-05-31,1361.1249155201892,1368.9517110580891,1341.7282395313657,1344.936767578125,9734
2019-06-03,1336.8670046902055,1351.451008377735,1322.283001002676,1335.3114013671875,5356
2019-06-04,1348.8745911891547,1348.8745911891547,1322.283112624466,1324.6165771484375,2501
2019-06-06,1340.026695634097,1340.0753564472823,1278.5308215192001,1286.84375,3151
2019-06-07,1302.8375509073885,1302.8375509073885,1265.405277989527,1292.7259521484375,3012
2019-06-10,1298.170852277606,1313.3868545804353,1281.4479073341695,1303.6641845703125,2706
2019-06-11,1303.6639362659673,1368.4655432778852,1301.7194026343113,1346.9298095703125,22332
2019-06-12,1353.395433005307,1432.1003857481362,1351.5481022836184,1365.8890380859375,47386
2019-06-13,1390.2929665336164,1390.2929665336164,1339.68654704273,1351.2078857421875,5816
2019-06-14,1333.9500840548828,1362.097161167935,1311.4907441317582,1322.33154296875,12608
2019-06-17,1327.2413022562262,1345.4713036205017,1306.0459585476378,1320.581298828125,4282
2019-06-18,1320.2896426078362,1334.9223053001306,1294.087100039675,1301.865234375,4364
2019-06-19,1301.816708080269,1330.0611087779216,1273.6696290197933,1281.5936279296875,10436
2019-06-20,1284.5101748651418,1302.8373784291994,1264.9189771167078,1277.1209716796875,18256
2019-06-21,1274.6904621869276,1309.6434069016127,1273.6695345516798,1299.33740234375,6057
2019-06-24,1337.8392541887201,1337.8392541887201,1283.3923077973186,1295.3997802734375,3575
2019-06-25,1298.5595641301552,1308.6711629748193,1274.6418236701247,1281.107421875,4831
2019-06-26,1264.9192438815778,1297.1499155314561,1264.9192438815778,1281.88525390625,3736
2019-06-27,1275.6138308545799,1293.1146303632554,1267.835697739613,1287.0379638671875,9659
2019-06-28,1287.0867850221964,1318.393727236293,1273.7666591924194,1308.0390625,9924
2019-07-01,1302.9834377010368,1310.5185057592553,1273.669568550468,1280.0379638671875,5211
2019-07-02,1292.142645567022,1292.142645567022,1275.273839431479,1280.1837158203125,2179
2019-07-03,1291.121646100251,1293.1148405088345,1270.5096374698642,1278.482177734375,4835
2019-07-04,1278.531177593232,1293.1708475656735,1269.747375609767,1273.846435546875,2881
2019-07-05,1286.3389498270121,1291.2188396215001,1249.2517873889042,1258.4747314453125,7269
2019-07-08,1259.0602976634798,1259.0602976634798,1182.2020404733287,1214.994873046875,10454
2019-07-09,1229.3416822301813,1233.489588113593,1185.8130937283147,1209.8709716796875,8382
2019-07-10,1202.7465432608085,1212.8478923949303,1156.5828523195241,1162.438720703125,6197
2019-07-11,1176.3462859381737,1176.3950133535411,1156.289891152231,1167.904052734375,8576
2019-07-12,1167.9038446257662,1175.0772575448234,1141.8940127304347,1146.5299072265625,5188
2019-07-15,1160.1450210494972,1160.1450210494972,1096.1208869675822,1107.8814697265625,10968
2019-07-16,1111.4438355903803,1117.4948517613338,1099.8296731287653,1109.345458984375,2790
2019-07-17,1102.8549876804009,1140.1861410244499,1102.8549876804009,1127.1568603515625,9754
2019-07-18,1139.844483255013,1140.6740405478286,1097.9750122920275,1100.3173828125,4100
2019-07-19,1105.3438989530334,1125.2537542554403,1088.2154379030621,1095.242431640625,11605
2019-07-22,1093.1441782059685,1093.1441782059685,1053.0802346897967,1056.642578125,7382
2019-07-23,1068.9888635320142,1079.431781575621,1049.1764603922177,1057.8138427734375,2952
2019-07-24,1054.3000463119017,1062.7910057411254,1024.776717081691,1030.291015625,4726
2019-07-25,1033.5608065960375,1083.238115650954,1032.5848284972687,1050.8355712890625,7320
2019-07-26,1054.1538011610073,1073.5757869525546,1054.0562271897809,1069.671875,4279
2019-07-29,1069.671720805921,1077.674691499848,1052.20169350897,1056.9840087890625,3045
2019-07-30,1056.105710304765,1075.5276952350534,1034.536621550959,1038.4893798828125,3542
2019-07-31,1039.4653728384314,1042.34446016217,989.4464428731054,998.1814575195312,8458
2019-08-01,998.1814004577385,1013.0650634809411,977.9298589671513,1006.379638671875,4480
2019-08-02,1012.0402750918563,1055.0321509132923,998.962206464838,1039.41650390625,5276
2019-08-05,1044.393907061639,1044.4427536108792,999.4013505565512,1004.9156494140625,3394
2019-08-06,1014.968165132005,1110.7116920250396,1014.968165132005,1036.488525390625,87295
2019-08-07,1024.6304518734207,1024.6304518734207,994.9607572139723,1015.1635131835938,15173
2019-08-08,1015.017059647951,1023.5568666401813,975.9779419691837,982.4193725585938,10103
2019-08-09,985.737731437373,1024.7768495141006,983.7857755335366,1020.3849487304688,14731
2019-08-13,1024.9232348209468,1031.071824224023,972.2692142102137,980.8090209960938,13703
2019-08-14,991.5935630321269,995.4974746976077,973.1475565851441,983.3953247070312,3558
2019-08-16,1003.2564702470212,1003.2564702470212,971.0980449561582,977.881103515625,3644
2019-08-19,974.0259106050573,1010.1370916595534,974.0259106050573,995.9854125976562,16097
2019-08-20,988.8608099971183,1005.2572266342534,985.73766883553,996.2294311523438,4796
2019-08-21,992.3255108792649,1003.7932509853199,951.6272213124945,959.7766723632812,6220
2019-08-22,959.8742742648124,971.0492332455418,951.5784620317154,961.6798095703125,3870
2019-08-23,961.6798670792557,1003.0125102024016,952.944911919576,1000.1334228515625,3412
2019-08-26,1018.1889479891662,1029.6566883571247,1010.7715397489658,1017.1641235351562,4011
2019-08-27,1017.1642141610845,1030.5839115320052,986.9577430068056,999.0110473632812,5287
2019-08-28,1000.2309011929084,1014.0410119493511,993.447902618003,995.2046508789062,2107
2019-08-29,1011.113162620317,1011.3083105563828,982.9562224116141,998.0350341796875,1696
2019-08-30,1004.8180585830263,1054.983225534542,961.9237599327922,1028.9735107421875,11482
2019-09-03,1029.16879960917,1063.8160185623474,964.9494592097508,976.8075561523438,15319
2019-09-04,980.8578325909075,1003.2564787247508,980.4674175861703,995.790283203125,3370
2019-09-05,987.787213850388,1004.3788382358495,987.787213850388,990.5687866210938,1181
2019-09-06,990.5688347118141,1002.6709255803119,982.8097980763653,985.7377319335938,3687
2019-09-09,998.4254125542105,1005.257257996908,979.8330450846627,996.9126586914062,3714
2019-09-11,1002.6708715116883,1010.1859728227529,984.2737119284154,995.5950317382812,13258
2019-09-12,998.4742001093301,1032.9262088049074,987.0064595382224,994.3262939453125,8155
2019-09-13,1006.3308008355399,1006.9163637549213,988.2264224889303,992.3743286132812,5241
2019-09-16,990.6663920396644,1014.9194794910517,983.7857595045418,995.35107421875,11160
2019-09-17,1034.5366143452065,1034.5366143452065,971.5860373402388,975.441162109375,15116
2019-09-18,989.641640584175,993.3503448776991,971.2932670512399,981.4922485351562,4042
2019-09-19,982.0289480134134,989.641563511246,954.5063600729769,956.604736328125,8114
2019-09-20,951.6271888292488,1022.8247847584296,951.6271888292488,997.4005737304688,17663
2019-09-23,997.4494180761642,1036.537380793909,995.497462267796,1001.2069091796875,23610
2019-09-24,1005.2574223126919,1113.590989183283,1005.2574223126919,1026.58251953125,80599
2019-09-25,1035.512705620436,1036.5375302227408,995.4976057802496,998.5719604492188,17948
2019-09-26,1006.2332552585466,1020.3360888240197,986.7136964756456,999.5965576171875,29066
2019-09-27,1009.1610535281764,1009.1610535281764,987.3967603223565,994.765380859375,10965
2019-09-30,1006.9651916859628,1007.0140382358117,975.9778935652656,977.832275390625,6159
2019-10-01,981.1505894299405,986.6648884963527,950.7000664628058,955.5799560546875,13402
2019-10-03,956.4583155765118,982.7121441887989,955.5799116631936,965.8765258789062,5748
2019-10-04,975.0019785971465,976.1731640588043,952.6520595644799,959.2887573242188,5171
2019-10-07,985.737675677677,985.737675677677,956.4583387763598,962.1677856445312,2464
2019-10-09,975.9779338810564,997.3518744606378,960.8502759058999,975.1483764648438,37187
2019-10-10,964.1197892449852,975.9779451056048,951.5784964779648,953.2376708984375,4734
2019-10-11,956.8976116937249,975.6851875984255,932.6445234208217,950.7489624023438,30141
2019-10-14,935.0844015513435,951.5784518781502,927.179004394095,929.0333862304688,28463
2019-10-15,933.0349793609199,937.866082433539,907.659551051941,909.3187255859375,8245
2019-10-16,908.5378571737407,971.0980171655649,897.8996741631354,936.1580200195312,28221
2019-10-17,936.9387716773387,946.6985505489777,917.4192139340607,922.9822998046875,11887
2019-10-18,956.4583590812209,971.000453878511,937.9147786500544,940.8427124023438,35438
2019-10-22,954.3112888717532,962.3143204894146,928.2526640197568,933.4741821289062,17231
2019-10-23,946.7473376558387,966.0229009298969,937.9147496896197,944.2586059570312,17182
2019-10-24,953.9208842137654,953.9696711980887,934.9868879168804,938.3052368164062,3657
2019-10-25,945.4298413920116,945.4298413920116,928.2038069416415,931.5221557617188,5738
2019-10-27,936.9387195919642,954.5063205843135,936.0115287369093,944.8441162109375,4783
2019-10-29,946.7474230291307,975.0019973279536,944.8442540634958,959.2399291992188,13749
2019-10-30,961.3383159867557,1004.2813473607833,961.3383159867557,977.2955322265625,31656
2019-10-31,977.2955314847326,999.1574621770487,976.9539630175587,979.8818969726562,16597
2019-11-01,988.6655408785155,996.2781560317053,966.2180508092106,972.36669921875,17704
2019-11-04,975.9779845593773,994.7655607621454,966.4621992099234,971.830078125,12385
2019-11-05,975.9779047292905,1015.0170209184621,973.5379599674673,985.2496948242188,35558
2019-11-06,994.4727755366222,1004.2813423307232,975.9779808850566,979.589111328125,21565
2019-11-07,987.9336068732364,995.4974354267238,927.1789839758701,939.7202758789062,116227
2019-11-08,939.9155001830507,970.0732409763101,919.2736034382149,962.0214233398438,23068
2019-11-11,964.2661681384088,971.0980134592276,940.8914854483864,966.5596923828125,10186
2019-11-13,968.6092845302761,991.6911262611934,968.6092845302761,973.3915405273438,29022
2019-11-14,976.0267470911951,976.0267470911951,936.9388417027039,940.8915405273438,16429
2019-11-15,941.8186103150541,951.2856072237228,920.34709795554,923.7142333984375,14362
2019-11-18,924.2510712095898,932.8884517961594,923.2750933096853,926.447021484375,8708
2019-11-19,932.1077692167521,938.3540521922749,923.8119562859007,933.52294921875,5477
2019-11-20,934.157238396023,940.8426629514439,918.1023905843559,923.0310668945312,12508
2019-11-21,918.102410368868,941.8186611131581,914.0032913289872,922.9822998046875,111121
2019-11-22,924.2511612689075,941.8187651789817,924.2511612689075,928.3502807617188,11100
2019-11-25,928.5454584741592,964.9982115900759,927.179065497418,954.4088745117188,19874
2019-11-26,956.5071502378399,974.0259658459565,927.1790256048685,966.3645629882812,32361
2019-11-27,972.0740294345565,995.497500023341,938.8907794337784,957.0439453125,45769
2019-11-28,953.5305380261378,975.9780327800796,939.8668455672167,964.2662963867188,18028
2019-11-29,969.0485915468691,987.6897477408725,959.2399648750961,976.319580078125,18801
2019-12-02,993.2039150958785,993.2039150958785,966.4620973108905,973.1475219726562,30118
2019-12-03,980.8090097882333,980.906583751371,956.4583490889613,960.1670532226562,3976
2019-12-04,959.77671265872,980.8578119537215,956.4583638951711,975.78271484375,12141
2019-12-05,966.5109082276979,976.9538837338505,961.3382372406021,966.7061157226562,5394
2019-12-06,975.0019115178055,975.0019115178055,946.6985527249964,948.3577270507812,5534
2019-12-09,947.8697742796421,959.4838758654392,936.8900226047906,945.3810424804688,4425
2019-12-10,943.5754183598748,948.3577338799932,928.1549795099894,935.5723876953125,9299
2019-12-11,934.9868998164244,937.4268447533149,928.1550539931311,931.1317749023438,2913
2019-12-12,930.1069901382368,950.163325178631,929.5214271934385,941.8187255859375,3195
2019-12-13,942.0627103442652,956.9463739886578,932.7421328938649,946.5521850585938,8046
2019-12-16,946.942622823997,954.5064520709807,939.3787935770132,941.3307495117188,2966
2019-12-17,944.2097880001559,944.2097880001559,923.2750510907024,925.0317993164062,15279
2019-12-18,939.1347261876434,939.1347261876434,918.3951959912418,923.2750854492188,17251
2019-12-19,918.3952922859801,938.890830158462,918.3952922859801,926.98388671875,15617
2019-12-20,927.1791253717813,942.5507792924187,927.0327048401866,935.7189331054688,7861
2019-12-23,922.2992458967245,994.521620707685,922.2992458967245,973.977294921875,194195
2019-12-24,985.1521236490205,985.1521236490205,966.3645489298184,972.1715698242188,29964
2019-12-26,965.2421601707756,980.8578068469459,963.9246138100596,979.442626953125,23833
2019-12-27,980.5649991972572,1007.2091837130839,975.6363227605158,989.6903686523438,35222
2019-12-30,995.2535136707706,995.2535136707706,966.2181696828271,970.8540649414062,28914
2019-12-31,974.2211235744378,985.4448691004822,961.3382037524902,964.5101318359375,38646
2020-01-01,961.3870608946087,989.8856287456694,961.3382739112491,983.7857666015625,11728
2020-01-02,985.737753024106,985.737753024106,973.0500393713205,976.4171752929688,8085
2020-01-03,984.7617532821092,988.6168781051833,972.6108158694434,983.0050048828125,12326
2020-01-06,956.4583566246463,970.6100363910314,951.8224615287616,958.0198974609375,16138
2020-01-07,970.1220740286723,973.0500078537085,958.0199237242693,960.9967041015625,7208
2020-01-08,956.4095764280047,966.2181426287766,951.1880588047429,953.1400146484375,6435
2020-01-09,958.8007533649937,977.1979137309945,956.4583824782768,962.363037109375,12117
2020-01-10,966.218124483645,974.4163627007888,946.9425608891481,950.6024780273438,17574
2020-01-13,965.632632372746,967.0965993353675,946.6498488436265,955.140869140625,13165
2020-01-14,964.8517168456549,968.999622872219,947.3329614003957,952.3104248046875,19454
2020-01-15,959.3863490088708,965.2422168563309,955.2384426169199,961.8262939453125,13888
2020-01-16,967.2917379737952,1032.3406932150258,967.2917379737952,1014.5779418945312,267986
2020-01-17,1018.4818609292929,1061.8640341547994,1015.0170914714994,1024.435302734375,166391
2020-01-20,1029.559197983143,1039.4165517827912,1010.137212295952,1021.2145385742188,64876
2020-01-21,1006.2332468814463,1026.7287834328629,981.3945966231985,987.0064697265625,37876
2020-01-22,1000.3773443952905,1004.2812559831746,981.8337643528412,988.76318359375,46316
2020-01-23,985.7376651623762,1003.305267115765,983.7857093897774,993.3502807617188,19997
2020-01-24,995.497530898763,1014.821942389031,975.6851899917283,982.9562377929688,35639
2020-01-27,978.4178218560487,1025.752748898461,975.9778771631409,990.031982421875,46767
2020-01-28,994.9119745837701,1002.280536834782,981.8338458512064,984.7617797851562,34557
2020-01-29,985.7376725009183,996.3270088185161,972.0739819910046,977.832275390625,26806
2020-01-30,979.8330293053879,985.7376837148374,960.411045174906,965.3397216796875,15063
2020-01-31,970.0732559378196,976.9538882922186,961.3382417261092,965.632568359375,20247
2020-02-03,936.8411836920616,958.4102708479177,922.2990895634239,936.6947631835938,22443
2020-02-04,941.3307091736299,964.5101849049661,941.3307091736299,956.0191650390625,13921
2020-02-05,957.2878722255613,963.2901599678393,941.9162207367127,945.966552734375,26083
2020-02-06,950.7000849058965,966.2181579367088,945.7714082362752,955.3848266601562,20488
2020-02-07,960.0695042881355,961.1430561864939,946.7473816795085,956.4583740234375,30646
2020-02-10,961.2406930733347,992.4719870279129,949.2361168043711,966.02294921875,169270
2020-02-11,970.805249988862,997.7422167824401,863.7404601351524,894.4837646484375,387758
2020-02-12,892.9709101071675,901.803497383113,866.6682961863684,870.7186279296875,116348
2020-02-13,873.7442714809905,895.6062016824108,853.9807177278601,857.0062255859375,69977
2020-02-14,873.5002520629973,873.5002520629973,849.1008036813494,852.6631469726562,40405
2020-02-17,858.8605781343992,861.739724940802,841.292975399832,843.0985107421875,21388
2020-02-18,844.2209012927755,850.5647577764784,812.4528318920252,827.9220581054688,34775
2020-02-19,832.5091412343958,838.0722271283009,820.065423120986,831.6307373046875,20311
2020-02-20,829.5812028586118,835.4858571534012,815.0391085338582,819.3334350585938,29010
2020-02-24,814.9903661498103,819.821468862256,807.1337556536735,810.2568969726562,19512
2020-02-25,814.9415518115821,845.5872818989087,801.7658500757062,804.54736328125,39400
2020-02-26,794.7875423359966,931.0828736047845,789.7125051455208,918.3463745117188,436542
2020-02-27,918.2977081463125,1085.2875172307602,902.7796343870982,1039.904541015625,1964921
2020-02-28,1024.7768354680927,1088.2154014732603,958.4591226304358,1002.1829223632812,941148
2020-03-02,1044.296353291254,1083.3354693021422,977.9298560727445,986.3232421875,234996
2020-03-03,1005.2571225817994,1032.6820746227104,981.8336556478546,990.8614501953125,110987
2020-03-04,1004.2810717012637,1140.917952204837,985.7374950614931,1118.7633056640625,1016545
2020-03-05,1146.77402468731,1195.572919354855,1108.418045823449,1177.2244873046875,687076
2020-03-06,1121.44758703102,1169.904800219001,1102.6111636655144,1110.6141357421875,224480
2020-03-09,1073.5757890187826,1144.3341932950207,1052.1042732384071,1072.4046630859375,228996
2020-03-11,1072.404572419176,1114.566770368123,1024.7768028778712,1031.9014892578125,154942
2020-03-12,988.1776860132657,1012.967550062815,890.6774638323699,951.6760864257812,111179
2020-03-13,903.7554785559233,1085.2873565379987,881.5519827274705,1064.3038330078125,123960
2020-03-16,997.6934435935864,1064.1087896948764,964.2661993352539,989.8856201171875,59638
2020-03-17,999.4989092031697,1043.7107542084932,962.0701818524226,970.7564086914062,51637
2020-03-18,984.3713541815025,1005.2573065133475,937.9148267566281,961.3870849609375,52388
2020-03-19,912.5394225505578,1081.3347686174347,884.2360607816099,1045.95556640625,149237
2020-03-20,1075.527523151835,1126.6687831075087,1065.2797563704428,1100.3173828125,96409
2020-03-23,1073.5756116700213,1073.5756116700213,908.6353586043543,1027.85107421875,54196
2020-03-24,1073.575662949956,1095.1935967178515,1015.016990425413,1038.977294921875,24836
2020-03-25,1038.9285889246823,1093.0953683378527,995.4975675934015,1065.67041015625,17122
2020-03-26,1063.8159535444008,1148.5308863075131,1055.0321520931168,1103.5382080078125,46732
2020-03-27,1151.653948835074,1151.653948835074,1050.1522448699488,1072.892578125,18782
2020-03-30,1046.5899075966895,1132.1343968407327,1029.6567143680802,1094.75439453125,24554
2020-03-31,1139.9420441290824,1139.9420441290824,1086.2144198221145,1098.218994140625,25215
2020-04-01,1122.3747203100143,1122.3747203100143,1058.3017396229889,1070.50146484375,12354
2020-04-03,1070.6478062431133,1122.374637356044,992.5695706009539,1074.6492919921875,43029
2020-04-07,1088.2154934332445,1117.4948340637354,1059.5705623440028,1110.906982421875,37071
2020-04-08,1126.278481421049,1126.278481421049,1078.4555649655626,1093.04638671875,26139
2020-04-09,1094.0712559323053,1124.4241456279083,1091.1433221519335,1095.974365234375,28005
2020-04-13,1093.0953001286646,1166.1960721523558,1075.5765436433828,1142.7237548828125,79342
2020-04-15,1147.750098550288,1205.2352251028854,1093.0953319526552,1100.7080078125,70690
2020-04-16,1100.7079867781433,1125.3514301748937,1076.7476802956344,1083.43310546875,37427
2020-04-17,1107.7350580464954,1113.2980851321686,1073.5758271816255,1085.677978515625,25832
2020-04-20,1083.3355272306223,1091.5337658588733,1049.1762988945216,1056.3985595703125,18943
2020-04-21,1031.6087906051753,1054.0074390184827,1019.8970540987779,1034.5855712890625,19903
2020-04-22,1053.9586692266794,1053.9586692266794,1010.1372330660797,1035.903076171875,17202
2020-04-23,1043.3204006812089,1102.6110595599587,1043.3204006812089,1061.034423828125,63049
2020-04-24,1071.4286411097085,1071.4286411097085,1010.1371781977081,1017.505859375,20468
2020-04-27,1027.8022959201983,1049.1762356175743,1015.0170093416532,1027.0703125,17589
2020-04-28,1045.2722450452275,1073.8195962754544,1024.7767108286544,1035.1708984375,62242
2020-04-29,1049.1761761663079,1049.1761761663079,1020.0432615208088,1027.2166748046875,13259
2020-04-30,1034.6342094207955,1050.1522827801712,1019.8969660829728,1028.7296142578125,19016
2020-05-04,1005.2572824662701,1013.992237411168,980.8578338627199,985.1521606445312,14410
2020-05-05,986.0304118688953,1002.3292539095515,971.0979626484944,972.46435546875,11882
2020-05-06,975.9778982570709,994.5214783239553,961.3382297832148,975.5386962890625,8534
2020-05-07,968.7069126744204,993.4967766959932,961.3382909872456,966.2669677734375,5895
2020-05-08,969.1461274781557,983.7370100926527,948.8457975474925,976.4171752929688,25341
2020-05-11,981.2482372277865,992.6183444007818,970.5612669524137,980.4674072265625,12564
2020-05-12,980.467408549323,980.8578235504616,961.3382648728406,975.1483764648438,6513
2020-05-13,992.374372142321,1000.3774032823734,964.2662189687658,967.1941528320312,8628
2020-05-14,985.7376882880656,990.6175778340461,968.1700859225357,984.1761474609375,9737
2020-05-15,980.8578189925174,989.6416203566296,971.0980396990595,976.221923828125,4023
2020-05-18,975.977877869337,980.9553412188857,927.1789839758701,939.7202758789062,10010
2020-05-19,933.0349725934095,955.4824667039204,927.1791045645806,930.30224609375,6522
2020-05-20,927.2766526977318,942.5995188599704,917.4192989514788,936.5972900390625,4422
2020-05-21,929.2285505729782,1008.1851878539887,929.1797635909408,988.7144165039062,28903
2020-05-22,997.4495528218837,1039.416608371141,977.9299921012988,1028.8272705078125,75530
2020-05-26,1056.0080125369323,1101.781396612189,1040.09952624558,1057.0328369140625,69827
2020-05-27,1057.032938266996,1097.975164524539,1049.1762683234485,1085.04345703125,39489
2020-05-28,1083.3354462190875,1091.1432692549008,1050.3961927867504,1053.8609619140625,26484
2020-05-29,1044.2962920279072,1087.2393171206436,1029.656624382656,1060.6439208984375,94829
2020-06-01,1061.0343008927944,1093.0951481516224,1052.9824839532846,1080.7978515625,36227
2020-06-02,1083.335428519609,1188.448196766748,1083.335428519609,1146.92041015625,239176
2020-06-03,1150.6778330782681,1158.48565552494,1078.4554754465532,1092.3631591796875,77465
2020-06-04,1076.3572180279355,1097.6823116093747,1067.1830018138585,1086.8978271484375,26972
2020-06-05,1088.2154990692536,1144.3342355683408,1086.2635430171115,1123.3507080078125,44628
2020-06-08,1125.3023759119785,1135.6965630556604,1093.1926832487463,1099.43896484375,22620
2020-06-09,1093.0954091591416,1111.3461509247456,1055.1298394241503,1065.5728759765625,24088
2020-06-10,1065.5728266077801,1161.4138184224212,1065.5728266077801,1101.2447509765625,63002
2020-06-11,1085.3849537085225,1112.6147598158097,1068.69575613887,1072.4532470703125,30274
2020-06-12,1058.9361367828164,1072.5998288703365,1026.045725627319,1056.252197265625,19373
2020-06-15,1063.7670314155164,1069.2326027961299,1044.5403150377554,1057.22802734375,21700
2020-06-16,1063.815955297458,1083.3355141102554,1059.9608900871033,1067.6710205078125,31107
2020-06-17,1067.6709679577605,1083.2378868275323,1039.4164556220774,1068.1102294921875,55506
2020-06-18,1068.110364966259,1098.2192629443434,1052.9338591561975,1087.8250732421875,38888
2020-06-19,1087.8249606051147,1112.6148234822167,1070.403778643966,1103.00146484375,31345
2020-06-22,1111.6388767989952,1179.81091227291,1091.9241700104985,1143.6510009765625,112711
2020-06-23,1156.533887797817,1176.053447085544,1144.8221522251808,1159.9986572265625,42025
2020-06-24,1165.8055817507407,1170.295056186909,1127.2544553554671,1143.211669921875,50458
2020-06-25,1142.8701959646692,1153.8499480608284,1132.1344383595356,1145.40771484375,42076
2020-06-26,1151.1658960540988,1168.6359237302365,1135.0622612216337,1144.773193359375,48339
2020-06-29,1141.8942825572274,1141.8942825572274,1093.827365107703,1108.1741943359375,23807
2020-06-30,1151.6541223994614,1151.6541223994614,1094.0714162794884,1110.4678955078125,17237
2020-07-01,1110.467765084977,1159.4618107809865,1106.856575167966,1152.7275390625,76112
2020-07-02,1162.389748441136,1249.2517867377449,1157.656279170537,1207.723876953125,358581
2020-07-03,1215.092614286549,1229.7322843381942,1193.4746776826983,1211.237548828125,112485
2020-07-06,1223.8762852337434,1260.9634453923416,1218.069264390397,1234.660888671875,100206
2020-07-07,1236.1736093146753,1246.5189514363299,1210.3101944415741,1224.5594482421875,31214
2020-07-08,1239.492011541514,1248.9589501162243,1205.332782876984,1213.189453125,30148
2020-07-09,1219.2893342755203,1230.708228950817,1185.2764064679973,1191.8642578125,34822
2020-07-10,1185.8133729751867,1188.497312708258,1152.6301180935766,1164.1954345703125,61104
2020-07-13,1194.5970339081753,1312.0072312195207,1173.66235413089,1294.0003662109375,470920
2020-07-14,1311.714418444304,1384.37593213822,1299.0267045754233,1314.593505859375,683940
2020-07-15,1320.4980053160593,1321.4739831470395,1264.9161154969108,1281.9957275390625,139112
2020-07-16,1270.7232301881145,1278.531053415077,1232.6600919566733,1248.3245849609375,117924
2020-07-17,1256.278843540943,1303.7601974312183,1256.278843540943,1275.94482421875,85648
2020-07-20,1282.3374615907614,1316.5942640555008,1272.1384204568667,1304.9801025390625,77781
2020-07-21,1342.9456742755344,1342.9456742755344,1309.1768606540418,1322.5965576171875,109308
2020-07-22,1325.384193404634,1357.662922838105,1296.0398939196607,1314.7713623046875,61564
2020-07-23,1314.7713274330727,1339.762816856904,1302.8868625764173,1318.1458740234375,29203
2020-07-24,1332.2313301933455,1335.1168055044411,1300.9307409377016,1310.5654296875,26657
2020-07-27,1310.5651623345934,1327.3403423471384,1283.3238976856637,1293.2520751953125,61951
2020-07-28,1296.0398590191496,1322.1562370965949,1292.1272858598466,1296.5289306640625,34324
2020-07-29,1302.935744392454,1313.2062483634995,1286.2583544690463,1289.9263916015625,27704
2020-07-30,1295.9909559416515,1320.4934940929475,1286.4540584843135,1293.0076904296875,34594
2020-07-31,1287.2857671322624,1310.7122555811782,1283.6665646359315,1303.718505859375,25557
2020-08-03,1309.6848925171175,1432.9799003004584,1302.8868445052633,1404.809326171875,282484
2020-08-04,1421.2421408531454,1437.381504462283,1390.0393473283623,1406.1787109375,152762
2020-08-05,1408.4286808560962,1418.3079051424972,1377.568209366054,1385.0020751953125,53712
2020-08-06,1392.6315383094482,1397.766790689518,1295.2084884651442,1308.657958984375,227661
2020-08-07,1298.4850707182802,1335.1654399476101,1281.6121008727885,1296.724365234375,108491
2020-08-10,1314.5269931785408,1314.5269931785408,1257.8924641099325,1265.032958984375,65822
2020-08-11,1259.8484855479553,1287.4320769892697,1247.2304139473433,1251.8277587890625,66734
2020-08-12,1252.0235831114492,1302.887041175352,1238.5741110272443,1285.76953125,78128
2020-08-13,1295.0617071274053,1297.8493916044413,1258.479124450455,1266.7445068359375,47145
2020-08-14,1268.6518091834687,1281.3676715731258,1248.7466177078027,1255.6424560546875,58907
2020-08-17,1266.6955052388687,1278.433224206333,1244.1982105512286,1251.6810302734375,26907
2020-08-18,1253.0016404534083,1308.755811808478,1252.0234970963018,1285.4759521484375,56082
2020-08-19,1308.7556952234686,1308.7556952234686,1275.058707333811,1287.4810791015625,67089
2020-08-20,1286.2585246429835,1342.9908397983395,1263.7612272537906,1320.395751953125,117642
2020-08-21,1326.9981602555672,1584.4454345703125,1321.8629078205474,1584.4454345703125,649229
2020-08-24,1656.9748202933663,1834.0187650826813,1565.029346203888,1597.5526123046875,1435917
2020-08-25,1565.126932285935,1662.843463210333,1550.3569936402223,1631.2493896484375,289558
2020-08-26,1623.717818342308,1641.3243970954175,1595.7917803924468,1603.763671875,51239
2020-08-27,1604.154998158106,1604.3017435322915,1556.225976871675,1564.2467041015625,57086
2020-08-28,1565.0292857557836,1575.7888620953547,1516.1221205759155,1524.974365234375,48686
2020-08-31,1528.8378408286815,1578.3318634907343,1431.268055401515,1444.7664794921875,82536
2020-09-01,1418.3566849837346,1477.9255141244403,1418.3566849837346,1445.15771484375,22148
2020-09-02,1447.6522137739323,1525.9036847887394,1437.1861272866095,1488.8809814453125,84234
2020-09-03,1491.6686094266977,1534.7069168462222,1484.8705609020196,1494.5052490234375,84396
2020-09-04,1449.90195451929,1481.9849851795393,1442.7614602095498,1455.2327880859375,31984
2020-09-07,1465.0142595011996,1478.7572218646724,1436.8926370938154,1445.64697265625,26595
2020-09-08,1459.3897897138759,1474.5999656450542,1418.3077715047723,1428.333740234375,44734
2020-09-09,1404.6628075311746,1439.09340573936,1380.160268817833,1388.4744873046875,35513
2020-09-10,1407.5481905603176,1444.6686805560266,1394.294301255223,1414.9820556640625,67669
2020-09-11,1431.659524947363,1431.659524947363,1391.35994765646,1418.45458984375,32203
2020-09-14,1444.7176755932544,1550.3571535648668,1427.74691296623,1509.3729248046875,519386
2020-09-15,1552.3133623639017,1565.0292248155279,1517.1491597297295,1524.436279296875,106306
2020-09-16,1530.794298142662,1537.4945560144636,1490.103559848843,1506.1939697265625,41381
2020-09-17,1487.756003002928,1527.9088344083234,1475.0401397293988,1485.5062255859375,29305
2020-09-18,1472.350250170088,1515.1440209357027,1468.975703436333,1479.2950439453125,24889
2020-09-21,1492.5489014439283,1514.4593354806304,1418.3078002929688,1428.0892333984375,38829
2020-09-22,1437.8707113081337,1449.510640946795,1384.072827551707,1422.562744140625,32386
2020-09-23,1446.673959603038,1452.5428194797237,1381.333938548366,1403.3421630859375,25176
2020-09-24,1379.2310024834683,1417.0361453574828,1354.7284651542518,1357.2227783203125,24918
2020-09-25,1396.7885163550534,1396.7885163550534,1349.88659677756,1366.3682861328125,20300
2020-09-28,1392.5337210045723,1432.9799222328782,1375.2694680269124,1415.960205078125,26370
2020-09-29,1415.9600848211778,1426.9641959174014,1379.1819240600264,1390.18603515625,9993
2020-09-30,1391.995725524076,1492.402160532611,1381.33393952676,1478.5125732421875,85350
2020-10-01,1493.6249120386765,1525.9036429471744,1449.217179575017,1509.813232421875,79723
2020-10-05,1501.6946753259638,1523.6051116651718,1472.105837072513,1480.322265625,23295
2020-10-06,1477.2899654191247,1524.925499324083,1471.4211052549524,1485.1151123046875,26878
2020-10-07,1488.8319522207998,1495.5811651394881,1462.324291617747,1469.953857421875,14693
2020-10-08,1472.1055960310125,1479.8329516115593,1448.6301579547705,1455.574951171875,10846
2020-10-09,1473.0348324328402,1486.7777933493735,1455.4772082262286,1460.3189697265625,22872
2020-10-12,1460.3681072027528,1476.9965451280352,1424.176801130079,1432.0509033203125,18104
2020-10-13,1418.6012282456716,1447.7009904461968,1404.6137317631728,1413.1724853515625,14178
2020-10-14,1413.1725571526126,1415.4711700669752,1396.7886565938265,1400.212158203125,13106
2020-10-15,1398.7449571084403,1430.0455435612166,1379.182090575455,1385.686767578125,17059
2020-10-16,1379.1820662714804,1404.075765735122,1298.4852432449575,1381.774169921875,16866
2020-10-19,1370.3788894668867,1383.339289385114,1319.4176427254813,1368.4715576171875,46308
2020-10-20,1397.2286682123147,1397.2286682123147,1369.4005406997105,1379.4754638671875,13170
2020-10-21,1380.2579557211352,1392.6804469932306,1358.6410131575392,1373.9000244140625,11370
2020-10-22,1385.9801098519852,1406.570074206806,1360.6462937451718,1383.877197265625,60757
2020-10-23,1396.7886068177572,1397.7177951748358,1358.6410188164318,1368.7159423828125,9583
2020-10-26,1379.1330740786746,1393.8052233233952,1345.9251573823597,1356.3424072265625,9112
2020-10-27,1354.7285796112487,1368.5203773716028,1340.0564289295385,1357.271728515625,5706
2020-10-28,1365.4390788045844,1384.170546700745,1349.8377410798184,1353.1634521484375,7938
2020-10-29,1349.6909224553292,1368.4223893348953,1306.603784482525,1329.0521240234375,20430
2020-10-30,1340.0563782452582,1349.7888567351122,1326.020045171098,1333.0137939453125,9404
2020-11-02,1335.4101656941432,1351.451739999341,1306.8484285524517,1309.587158203125,13146
2020-11-03,1320.493441142122,1325.1885766937526,1291.1980973754646,1294.474853515625,14572
2020-11-04,1305.4790429651246,1344.9471031666908,1297.556105728741,1321.618408203125,18561
2020-11-05,1435.91426541072,1523.4091298030821,1423.198403387328,1452.73828125,532697
2020-11-06,1457.3358046236601,1484.577073107593,1439.8270147352177,1458.460693359375,65501
2020-11-09,1466.2369191132177,1486.7779299880526,1447.896730832115,1460.2213134765625,37728
2020-11-10,1467.2150563641214,1476.702999301036,1424.7147746590142,1436.59912109375,44464
2020-11-11,1445.6958037190363,1521.012838148242,1432.9799407634562,1451.858154296875,88453
2020-11-12,1447.7010652195743,1480.908983096805,1447.7010652195743,1468.1441650390625,24408
2020-11-13,1468.1930831335626,1501.156464354406,1459.8299102155697,1473.621826171875,53695
2020-11-14,1498.4665382531236,1498.4665382531236,1478.023439383666,1485.2127685546875,10955
2020-11-17,1497.5374115404409,1501.205448962568,1472.1056854136925,1477.4854736328125,31077
2020-11-18,1487.7559984788481,1494.4562563798422,1442.761405493952,1461.8841552734375,23813
2020-11-19,1472.1057915233218,1481.8872253540414,1437.8218181857417,1462.1776123046875,23385
2020-11-20,1462.1775791064595,1539.5976499992644,1457.5313981423576,1509.813232421875,154777
2020-11-23,1525.9035779502678,1576.033423059211,1498.6623103910308,1552.5579833984375,115355
2020-11-24,1572.3653568228233,1623.7178801405205,1551.579811670422,1596.036376953125,134149
2020-11-25,1614.1321491712995,1614.9147116319675,1553.9274960997905,1561.06787109375,37595
2020-11-26,1569.9199029152176,1588.5046245073602,1555.1987993668565,1562.8773193359375,20907
2020-11-27,1553.9763072092235,1647.1934171144321,1553.9274716826162,1619.9521484375,80255
2020-12-01,1619.9521797219186,1657.9530260853685,1590.4611329880881,1632.0322265625,40539
2020-12-02,1624.9896965479534,1638.1456776657456,1578.723465444104,1590.4122314453125,24914
2020-12-03,1608.0675885209312,1619.8542630711759,1582.7336531181606,1592.955322265625,23877
2020-12-04,1594.3736753913427,1622.593087421957,1585.5703851591204,1597.30810546875,17754
2020-12-07,1572.8543908756685,1623.3265601352575,1572.8543908756685,1600.4869384765625,24952
2020-12-08,1597.7480964920624,1608.1165108048197,1574.0770768245636,1582.9293212890625,16134
2020-12-09,1589.3852816795606,1613.9366578672687,1584.4456096021481,1588.1136474609375,17045
2020-12-10,1588.1626881858833,1612.6651107648527,1557.0576777021477,1567.8662109375,13080
2020-12-11,1568.9419080655769,1600.2424947601519,1557.106397602143,1573.9793701171875,30819
2020-12-14,1575.9357147046082,1591.439263241101,1545.5154797732619,1554.9544677734375,14876
2020-12-15,1547.4717281583983,1611.9802340602812,1530.7943363497209,1599.557861328125,53377
2020-12-16,1611.7357729876535,1636.433893617566,1587.331143136034,1627.7283935546875,69108
2020-12-17,1638.3900699939668,1661.8655098028355,1596.1831616238192,1606.0135498046875,53145
2020-12-18,1623.7177678010264,1623.7177678010264,1584.5920384564233,1591.830322265625,18354
2020-12-21,1589.4829221733016,1613.9365055913524,1455.0371683017636,1485.408447265625,33676
2020-12-22,1513.1875914232817,1525.8544986132097,1453.8143445497972,1510.3509521484375,37061
2020-12-23,1510.253382562505,1543.5102575671199,1504.8246390287857,1536.27197265625,12610
2020-12-24,1538.5705771680646,1562.4862543782695,1511.182562610697,1549.721435546875,12251
2020-12-28,1506.3406896680797,1628.0705762118466,1506.3406896680797,1594.96044921875,103944
2020-12-29,1609.5347622334732,1610.023833871952,1581.5598883929415,1597.40576171875,39244
2020-12-30,1596.3299358280397,1623.7179494329323,1577.2561406389177,1605.76904296875,26175
2020-12-31,1615.5015050462982,1616.6263937598007,1584.5921996011964,1592.51513671875,17053
2021-01-01,1584.5921660456079,1599.2643157312152,1581.119709525777,1592.80859375,12191
2021-01-04,1586.5484238080012,1609.0457195833305,1574.810704273047,1579.6524658203125,30196
2021-01-05,1581.5600038178432,1627.14145997022,1574.8107908338168,1617.0177001953125,45402
2021-01-06,1633.499229501334,1735.177172702507,1633.499229501334,1658.5396728515625,306198
2021-01-07,1682.113008045947,1721.5322313310799,1672.625065668265,1680.303466796875,85033
2021-01-08,1708.8163541638087,1708.8163541638087,1662.8436188199628,1671.1578369140625,37517
2021-01-11,1679.4720939261836,1683.3846672376014,1629.5867842056039,1647.1444091796875,29039
2021-01-12,1647.144378361702,1705.881931861293,1637.6564360199368,1653.6002197265625,41529
2021-01-13,1671.451551025762,1686.3192834905226,1609.0459520544719,1619.9033203125,35014
2021-01-14,1625.6742186009058,1662.3056386418084,1620.7835019384481,1625.4786376953125,37958
2021-01-15,1627.6304876316033,1641.1289132346446,1584.5921814682677,1591.634765625,24102
2021-01-18,1591.4391800420738,1591.4391800420738,1534.5601221607326,1568.0126953125,40198
2021-01-19,1573.783487358405,1603.5680200733627,1570.457895929456,1581.70654296875,14723
2021-01-20,1575.8378587594455,1657.2193360133313,1568.5995742406583,1653.3067626953125,63705
2021-01-21,1653.3068265760758,1653.3068265760758,1587.5266851252602,1633.2059326171875,49394
2021-01-22,1606.942781487733,1641.3734991095284,1584.5922297814539,1593.2977294921875,24595
2021-01-25,1613.6430589875397,1613.936549757493,1567.083458765898,1578.723388671875,11855
2021-01-27,1575.739842861872,1611.4910269102204,1555.2477892487104,1563.6109619140625,17053
2021-01-28,1568.9418343464515,1574.8106940759271,1538.5704374855131,1542.6787109375,12974
2021-01-29,1574.8108023510047,1574.8108023510047,1516.1222010211536,1527.370849609375,13028
2021-02-01,1540.57575186874,1572.8055269802637,1518.9098531286734,1556.4705810546875,14301
2021-02-02,1564.197942562532,1591.4392106404923,1525.9036070062496,1534.8046875,19340
2021-02-03,1565.0292450437091,1589.4828269975171,1546.444522758815,1566.4964599609375,32527
2021-02-04,1578.7232729824516,1604.1549985695294,1564.6869406254198,1597.210205078125,44700
2021-02-05,1618.7783903659315,1618.827345297393,1577.0117144747564,1590.4122314453125,17699
2021-02-08,1590.4121495969898,1618.8272619867266,1588.2113270353764,1603.470458984375,31721
2021-02-09,1611.9801295882623,1672.6250131043257,1592.906335579178,1656.0455322265625,467257
2021-02-10,1679.472144392258,1757.7236129719788,1663.821850676314,1729.06396484375,359307
2021-02-11,1735.2262777946632,1958.6342395828392,1728.3303195160286,1881.752197265625,540403
2021-02-12,1886.838326917735,2000.3029437774846,1841.501411216725,1934.6695556640625,314027
2021-02-15,1933.7891469513431,2028.669039340964,1909.6290571656073,2004.16650390625,210809
2021-02-16,2010.9646409393952,2014.1925614715026,1920.5842988674365,1956.0419921875,74500
2021-02-17,1951.3958586700805,2024.7566052366249,1923.2252842276248,2012.2852783203125,98480
2021-02-18,2005.1938176623546,2073.663850460581,1976.827661217375,2060.018798828125,100824
2021-02-19,2063.882440980136,2103.008174458432,1953.3522439039484,1983.625732421875,100894
2021-02-22,1980.789289928937,1993.5539893353496,1912.3192536573574,1933.5938720703125,49921
2021-02-23,1936.6746774823182,1994.4340840783473,1917.992165312795,1953.205322265625,34939
2021-02-24,1941.614389350063,1970.9586874258825,1927.4313119467502,1950.8089599609375,19055
2021-02-25,1961.0796006530556,1980.7402578505269,1935.012056835953,1962.0087890625,20104
2021-02-26,1956.1889050822012,1975.8495624918905,1865.955181250579,1884.6376953125,45518
2021-03-01,1910.7540306426083,1955.3085068615128,1822.5255504800969,1857.20068359375,50898
2021-03-02,1877.056925165429,2147.1223761005594,1868.4003811523341,2059.04052734375,292271
2021-03-03,2063.8823839370243,2195.882775850197,2018.7411657058965,2150.88818359375,156176
2021-03-04,2150.8882327288707,2268.1188066229493,2117.72926928681,2198.8662109375,126352
2021-03-05,2176.466670546329,2320.1558203937693,2151.915179117324,2214.6142578125,118203
2021-03-08,2236.671566713829,2279.074179699149,2138.4171074572364,2179.64599609375,59747
2021-03-09,2200.822475460456,2314.287100861973,2190.013943986735,2236.133544921875,114307
2021-03-10,2258.2396186090205,2276.139690580337,2179.2545391013446,2198.621826171875,38093
2021-03-12,2220.385296336406,2269.04792562836,2183.7538774242707,2203.561279296875,36737
2021-03-15,2220.336414583886,2220.336414583886,2161.501188530314,2179.25439453125,13924
2021-03-16,2179.25417030459,2210.6526636359918,2142.1336823373163,2164.679931640625,16271
2021-03-17,2164.631546996075,2185.074650449495,2068.7734848154987,2095.08544921875,21045
2021-03-18,2122.571281763223,2170.5003107062635,2014.975502503336,2032.1419677734375,32556
2021-03-19,2000.3031224358956,2048.2321459074647,1956.335627236657,2034.0980224609375,63578
2021-03-22,2010.13317422615,2071.5116582950022,2007.3943255824995,2042.118408203125,31548
2021-03-23,2022.9471160671133,2076.598375457917,2022.9471160671133,2040.7005615234375,13738
2021-03-24,2024.7566766450316,2045.24873148109,1950.564529547935,1959.172119140625,28338
2021-03-25,2005.1937582630321,2033.5109589419897,1931.8330110095064,1942.103515625,58676
2021-03-26,1965.0408658227523,1975.849396669395,1932.860047903752,1964.2584228515625,27959
2021-03-30,1970.9586767080614,1995.4612132290308,1938.630994076092,1985.92431640625,27035
2021-03-31,1966.068141627159,2052.144756782975,1959.367883532415,2024.51220703125,32062
2021-04-01,2052.1444171437934,2112.7892950574806,2024.7564077634186,2090.194091796875,25528
2021-04-05,2039.4289011422104,2069.653435378333,1971.1056114760047,1990.4727783203125,29139
2021-04-06,2000.9875342959806,2085.401341812225,1977.5120970523158,2055.714599609375,38698
2021-04-07,2044.5641509384488,2093.275737853396,2022.9470872378351,2049.161376953125,37749
2021-04-08,2056.399814934622,2098.1175342547504,2027.6912114266188,2048.867919921875,24972
2021-04-09,2059.969892627928,2059.969892627928,2017.567282934502,2023.5830078125,14587
2021-04-12,1999.8629050252657,1999.8629050252657,1880.235933274521,1897.9892578125,35284
2021-04-13,1923.0295882265757,2112.7404197314663,1910.3137262494927,2072.0498046875,106873
2021-04-15,2034.5381681965443,2082.1737015852405,2007.3946902314221,2037.961669921875,28952
2021-04-16,2038.450547424252,2081.4888507287947,2033.5598311396448,2054.0029296875,18259
2021-04-19,2014.975067878885,2050.8239219870657,1961.1771898529923,1983.283203125,119507
2021-04-20,2039.4289110765083,2039.4289110765083,1966.0681588795117,1975.996337890625,22378
2021-04-22,1977.8058528421668,2020.3550885487118,1976.8277094925909,1988.5654296875,11211
2021-04-23,2000.254094467479,2018.2520744782275,1912.4657332532697,1926.5999755859375,34386
2021-04-26,1955.3084006597662,1966.0679766513908,1928.8985323166878,1934.2783203125,16272
2021-04-27,1968.0243345720105,1990.5216306431619,1931.8330321966803,1970.76318359375,25899
2021-04-28,1970.958697603169,2075.6200279473574,1970.958697603169,2006.3184814453125,71916
2021-04-29,2054.1010434614936,2062.9043336477575,2021.2842861729055,2028.620361328125,24211
2021-04-30,2013.0188978810293,2220.385276088404,2013.0188978810293,2180.036865234375,245981
2021-05-03,2198.670728747411,2289.3445719587653,2162.7729146023635,2233.00341796875,109278
2021-05-04,2247.7245615878837,2340.6971388288075,2210.6040675942772,2231.68310546875,137705
2021-05-05,2251.7839713308517,2327.981245135098,2235.0576240057558,2269.977294921875,57043
2021-05-06,2298.5878032983087,2308.4181912380013,2213.782826830257,2244.740966796875,43855
2021-05-07,2264.303494023607,2462.9644643290494,2242.0996921656515,2398.113525390625,530996
2021-05-10,2434.5987690064185,2551.9759696013443,2411.123328887433,2426.235595703125,188338
2021-05-11,2418.2149323228427,2533.391313465937,2406.3793020933317,2439.098388671875,128539
2021-05-12,2396.451336109308,2420.9049211716483,2298.8815317105723,2356.983154296875,274331
2021-05-14,2393.4189390697566,2494.070036073297,2352.434827002627,2417.138916015625,214333
2021-05-17,2437.53300432494,2440.467434105428,2327.002815926578,2337.224365234375,64757
2021-05-18,2347.4950298273375,2455.1397507225097,2298.343327646538,2442.9619140625,150205
2021-05-19,2458.758773038309,2458.758773038309,2392.5385191848163,2399.18994140625,27431
2021-05-20,2431.664311707969,2487.12499060589,2404.2762985431164,2412.052490234375,77945
2021-05-21,2440.467763756645,2440.467763756645,2376.8884432579753,2390.142333984375,30539
2021-05-24,2421.5893379915196,2444.380124811288,2335.806217706825,2352.777099609375,38759
2021-05-25,2371.7041204463476,2391.5604781072852,2339.71888083134,2350.967529296875,27565
2021-05-26,2362.705161742313,2372.829040507355,2269.292475778169,2288.904296875,54292
2021-05-27,2317.9061139655855,2362.9496603750536,2274.1831565236466,2322.1611328125,58257
2021-05-28,2324.0689383676804,2368.0853955337348,2303.1367631483154,2313.015869140625,33594
2021-05-31,2326.807465535024,2384.9090854225706,2314.287182803751,2371.31298828125,39257
2021-06-01,2384.909141121702,2424.8174387827034,2303.527659674573,2405.841552734375,87078
2021-06-02,2396.451104856005,2475.582802959851,2386.2785099735256,2444.380126953125,95743
2021-06-03,2456.6069608493544,2503.4599305971783,2448.6351882720505,2470.7900390625,50648
2021-06-04,2474.702614604428,2493.2873377971096,2440.4675981968567,2445.015869140625,33251
2021-06-07,2445.01597200888,2477.343658051902,2416.112026555184,2428.72998046875,23368
2021-06-08,2455.0906737657633,2474.7024942578396,2437.6309595296943,2462.524658203125,30072
2021-06-09,2467.8558256926635,2530.848165832601,2425.7956590241006,2455.580078125,63181
2021-06-10,2467.9047716190153,2494.2656886855875,2443.402231504548,2469.029541015625,45283
2021-06-11,2484.4842429848904,2489.3260050675945,2446.336650277642,2458.85693359375,13566
2021-06-14,2460.0304625790463,2494.0698980527745,2422.8610162259633,2474.898193359375,25259
2021-06-15,2475.92521831474,2541.21628333104,2475.92521831474,2494.06982421875,46933
2021-06-16,2524.9790078434803,2802.3805420088115,2524.9790078434803,2713.41845703125,929390
2021-06-17,2694.784822431228,2718.700378629832,2614.0879992549753,2634.775634765625,105388
2021-06-18,2644.9483234657614,2684.514170474654,2503.9001134811915,2587.580078125,67986
2021-06-21,2567.6261454087457,2587.5801730741164,2507.2257970357973,2519.84375,52094
2021-06-22,2547.427661681614,2636.0962584908616,2529.0385194273413,2552.12255859375,70586
2021-06-23,2553.9321457960887,2586.84657218391,2523.6097036208,2540.384765625,22865
2021-06-24,2554.910459160375,2577.0165946427637,2495.2437141340415,2510.160400390625,34199
2021-06-25,2526.5440783612803,2592.6177043232296,2518.816842013532,2538.81982421875,34767
2021-06-28,2562.7356667660656,2582.2985344513027,2495.2437732519975,2506.59033203125,24850
2021-06-29,2515.7846444780416,2592.0798242094907,2464.9211913237423,2476.8544921875,37266
2021-06-30,2479.59361054701,2561.7576591805205,2479.59361054701,2542.48828125,33071
2021-07-01,2562.7355387505595,2580.342118787777,2508.937655303506,2528.20703125,36970
2021-07-02,2551.193351782265,2577.065194757469,2535.4453876603898,2568.7509765625,55938
2021-07-05,2591.0523892408924,2629.248929070316,2533.390895197961,2545.519775390625,50086
2021-07-06,2563.61568124302,2580.195401233241,2538.2818652770898,2542.341064453125,22526
2021-07-07,2548.0633584014104,2623.380394331126,2524.0988469692284,2574.815673828125,53950
2021-07-08,2588.509729141142,2592.0798568183454,2533.3912562866094,2546.59619140625,23795
2021-07-09,2557.844638369385,2557.844638369385,2523.6585790132654,2534.9072265625,11887
2021-07-12,2562.4422342697626,2578.8750912600162,2543.172856922451,2564.740966796875,19720
2021-07-13,2563.7137851306566,2614.1371238581737,2546.8408119168053,2556.18212890625,33420
2021-07-14,2577.1140410425674,2606.7518300608212,2564.789579049939,2583.080810546875,22491
2021-07-15,2592.0795933829936,2698.2081352252785,2592.0795933829936,2665.19580078125,106419
2021-07-16,2687.39990529623,2719.2385191719004,2631.9881799147724,2657.517578125,35558
2021-07-19,2645.8286061295476,2684.0251488106596,2632.3301811625274,2659.278076171875,21273
2021-07-20,2670.331135405038,2673.265565224164,2592.079673561667,2630.520751953125,20840
2021-07-22,2651.8256228692453,2709.7514694998586,2650.843828858557,2656.390869140625,21637
2021-07-23,2665.4238799522273,2729.093085232171,2655.5076633971917,2676.9599609375,23806
2021-07-26,2670.4796792925904,2820.694161252799,2670.4796792925904,2766.74462890625,101610
2021-07-27,2798.112991656693,2865.8567798757495,2751.1831889802716,2764.142822265625,105766
2021-07-28,2783.3859229730424,2865.8566169870583,2740.1869880133195,2841.311767578125,58988
2021-07-29,2867.0841672259785,2881.27104376808,2754.963331029467,2774.893798828125,31553
2021-07-30,2801.3531923171704,2872.385852619727,2790.209733249307,2823.836181640625,51907
2021-08-02,2847.202556081611,2906.061057534552,2830.8557821120817,2868.605712890625,53549
2021-08-03,2891.088882484034,2900.906822954789,2827.5668555774123,2835.3720703125,29967
2021-08-04,2849.558840227479,2859.9659526172118,2788.2949898499423,2822.608642578125,26066
2021-08-05,2846.2209063016226,2846.2209063016226,2765.4192093149877,2812.790771484375,28808
2021-08-06,2822.6580421438002,3375.1626728277733,2819.3200380766384,3314.340576171875,1044584
2021-08-09,3327.9872888663394,3730.817441030448,3222.8861864370947,3603.0859375,1593527
2021-08-10,3576.67595997449,3814.564721913606,3490.2780778779334,3721.5888671875,1076267
2021-08-11,3681.727741230432,3858.450672809493,3661.6009629117057,3761.15478515625,882449
2021-08-12,3769.107549554737,3795.125093202354,3624.8329545121182,3688.89501953125,112855
2021-08-13,3705.2907729089648,3713.9797461959406,3578.6393394947477,3599.30615234375,60179
2021-08-16,3612.7075141315945,3620.8564526773794,3461.8058167409,3584.67724609375,60735
2021-08-17,3564.501744401186,3617.9112473989767,3485.3690443056626,3515.4609375,29280
2021-08-18,3495.1865636401426,3573.0920117164515,3416.6430453560947,3423.7119140625,37672
2021-08-20,3338.0997879842294,3512.760854541902,3328.281847431335,3478.496337890625,52579
2021-08-23,3509.9141527833376,3511.8777411205588,3339.0819674450718,3371.137451171875,46322
2021-08-24,3396.0254561624324,3550.167114623693,3376.389576103673,3450.416748046875,137950
2021-08-25,3459.842063157262,3509.4717978990893,3387.2384446462293,3412.61767578125,64836
2021-08-26,3436.180950619107,3526.604279841933,3359.9447373855946,3377.37158203125,91426
2021-08-27,3396.7127627482655,3431.2718647169563,3354.7902055435266,3370.400634765625,41291
2021-08-30,3406.5797863465255,3582.56636367994,3373.444238313037,3535.39111328125,234774
2021-08-31,3570.7357631571517,3622.8199845874697,3501.568421417672,3521.596923828125,138250
2021-09-01,3542.3127248318933,3581.780795390029,3514.8224930427323,3522.431396484375,50954
2021-09-02,3549.23475427287,3720.999581473214,3520.3698643616267,3570.294189453125,220178
2021-09-03,3630.674338723324,3642.4558671345408,3534.458523365053,3555.419921875,68058
2021-09-06,3588.162625361874,3590.5679728175696,3508.9318943765293,3527.193359375,38249
2021-09-07,3528.9602195248285,3559.0032114779688,3428.424610891329,3453.165771484375,58376
2021-09-08,3465.0947811394353,3465.0947811394353,3324.1582032247175,3382.034912109375,155655
2021-09-09,3377.371537533834,3406.825359082094,3299.809807456749,3349.734130859375,95547
2021-09-13,3370.646227026695,3416.6433752412445,3344.6286840830476,3358.177490234375,47859
2021-09-14,3371.9226422611882,3408.5436095162468,3338.0998840225357,3342.959716796875,47417
2021-09-15,3352.826769713238,3467.696676611173,3352.826769713238,3414.238037109375,65379
2021-09-16,3426.3627254582047,3455.9148202253823,3382.6239952713645,3405.794189453125,33889
2021-09-17,3426.166583351521,3434.3155217510985,3340.1124323797917,3362.98828125,36802
2021-09-20,3347.9179569501766,3385.2261335965422,3291.2193463889234,3314.83154296875,35522
2021-09-21,3313.26024785366,3356.753771095403,3270.2576216243615,3284.690185546875,42834
2021-09-22,3308.0569022035415,3392.7857798852315,3298.8281336603204,3334.27099609375,45283
2021-09-23,3385.1274269241812,3455.914869997623,3339.375970474079,3369.222412109375,75840
2021-09-24,3405.2544188446786,3406.8253852176294,3322.096509974639,3333.436279296875,22151
2021-09-27,3362.644749334761,3375.1134863055386,3293.91916321697,3310.7568359375,16358
2021-09-28,3323.323971070471,3358.5213862833566,3289.0103143864117,3302.166259765625,24014
2021-09-29,3293.918941788864,3331.570838387783,3289.9917657032734,3307.1240234375,68439
2021-09-30,3208.5033518365726,3401.818528288903,3208.5033518365726,3365.344970703125,71428
2021-10-01,3372.4625987808136,3514.8227375939773,3357.735687869107,3382.084228515625,133173
2021-10-04,3406.7764090741057,3509.913927815226,3392.0986351333163,3488.8544921875,61138
2021-10-05,3512.5645490952643,3549.185515353287,3474.4219938058445,3513.399169921875,58771
2021-10-06,3523.069665104543,3554.094452892092,3426.4612266832596,3463.86767578125,47712
2021-10-07,3508.293601603838,3508.293601603838,3417.5265567249708,3435.837158203125,25846
2021-10-08,3436.279139443917,3484.387047396132,3418.606846726777,3425.724853515625,21119
2021-10-11,3438.2425998544254,3464.7510379458217,3372.4624016276275,3416.593994140625,23251
2021-10-12,3416.643410741903,3423.6142446134118,3347.9178248936464,3370.449951171875,23992
2021-10-13,3370.155378168152,3407.758139653987,3352.8268084042156,3358.324951171875,26343
2021-10-14,3396.712627809427,3583.548072515635,3328.379909750992,3522.431396484375,108078
2021-10-18,3602.202651156935,3671.9100341583367,3551.1984942098647,3569.999755859375,144978
2021-10-19,3627.4342779954254,3631.656040174313,3492.6830502274006,3511.533447265625,50834
2021-10-20,3510.8955068500986,3510.8955068500986,3391.4603570885142,3486.841552734375,44867
2021-10-21,3480.4106034869633,3496.1684451764977,3340.063198677463,3406.28515625,29119
2021-10-22,3392.0982388889925,3397.056346482679,3240.901964275706,3284.591796875,38140
2021-10-25,3284.5919603868206,3288.6663097739593,3117.196076588897,3142.673583984375,45052
2021-10-26,3181.012770711017,3268.2941672142365,3163.684201341489,3243.896728515625,21890
2021-10-27,3243.896994696414,3328.2821535712433,3190.83097318777,3240.264404296875,36077
2021-10-28,3255.628949256844,3303.736855925597,3142.0845674567718,3187.590576171875,51320
2021-10-29,3184.9397405486425,3210.5155222243293,3093.8783469185914,3181.650634765625,37684
2021-11-01,3228.826198872757,3228.826198872757,3117.3925688629797,3163.880615234375,57412
2021-11-02,3164.322155469503,3306.6822896746153,3010.180492916381,3144.146240234375,178658
2021-11-03,3092.6509586211446,3178.9505513976856,3092.6509586211446,3134.917236328125,41807
2021-11-04,3172.5203857280317,3180.9145333274396,3141.7410455441386,3170.80224609375,5646
2021-11-08,3185.6269593590946,3185.921545499688,3068.10626492651,3101.8798828125,50868
2021-11-09,3117.1959587240462,3120.6322377336633,3066.633567582538,3076.74609375,26620
2021-11-10,3078.9060832357222,3085.238606800665,2967.570735925611,2978.468505859375,74862
2021-11-11,2990.54467639495,3004.2897930953864,2909.0557702423625,2952.74560546875,58426
2021-11-12,2965.018149410424,2984.654031194599,2906.110504057899,2922.997314453125,25010
2021-11-15,2940.473111671858,2974.5413164789447,2813.0853366336532,2826.732177734375,53729
2021-11-16,2849.166285975485,2875.674724887042,2823.1487440808087,2849.510009765625,46628
2021-11-17,2857.904441999754,2875.6750116613134,2822.6581285511356,2831.93603515625,23927
2021-11-18,2855.007900017007,2865.464150248197,2761.2465702039726,2783.140625,20124
2021-11-22,2783.3861091284957,2797.9658465308266,2682.2613228003706,2699.7373046875,28570
2021-11-23,2686.1883168464115,2777.4951565637784,2650.843733730011,2739.303466796875,35792
2021-11-24,2739.2052698481625,2815.04885662084,2724.478359795215,2737.97802734375,28746
2021-11-25,2748.9742693407893,2797.8185245184454,2699.0010468564496,2747.599853515625,24668
2021-11-26,2719.5695392234484,2753.245123334223,2653.789337372195,2662.08544921875,28609
2021-11-29,2690.1158099856325,2690.1158099856325,2553.6464313038796,2669.252685546875,45263
2021-11-30,2651.8258274599234,2685.305101685673,2603.767054868113,2663.656494140625,49683
2021-12-01,2670.4797760548367,2699.933597114265,2650.893032989479,2679.85595703125,14805
2021-12-02,2662.4292765355945,2787.3134375637082,2662.331001247699,2764.192138671875,23354
2021-12-03,2783.0916016394453,2857.020743032332,2763.750306404129,2841.65576171875,41378
2021-12-06,2852.111914450263,2866.838826228836,2787.1171917399943,2791.093505859375,24099
2021-12-07,2805.0839326717337,2858.0025371550196,2759.8722678187987,2845.092041015625,19524
2021-12-08,2893.0526568818136,2922.5556178354936,2848.282989269631,2856.5791015625,37980
2021-12-09,2870.8639051968003,2890.401509740983,2827.5175566731173,2830.6103515625,14112
2021-12-10,2852.062634721283,2852.062634721283,2783.582498362459,2821.0380859375,21547
2021-12-13,2847.2025584129156,2870.6673387918618,2817.748738843127,2848.528076171875,21261
2021-12-14,2847.202767754847,2974.8359952748924,2840.330209349922,2857.413330078125,71345
2021-12-15,2870.716739686052,2886.327409307077,2799.487531555295,2809.992919921875,15192
2021-12-16,2827.566636741039,2841.7043740464264,2740.236110951685,2784.71142578125,24752
2021-12-17,2758.89003944102,2798.1126584154417,2743.47592291101,2751.182861328125,13555
2021-12-20,2762.768416613707,2762.768416613707,2655.752866716445,2703.909912109375,22123
2021-12-21,2729.3382448370344,2773.7644243539767,2712.156849443742,2746.077880859375,32324
2021-12-22,2772.586376782391,2790.2586695522505,2734.4435823424533,2747.84521484375,9047
2021-12-23,2775.5318997899117,2775.5318997899117,2739.303793651174,2752.263427734375,7214
2021-12-24,2764.731895154026,2766.6954831477437,2705.529669204288,2724.96923828125,10929
2021-12-27,2754.913824908749,2788.2948192233957,2700.031638957985,2738.8125,16794
2021-12-28,2758.5467794329834,2847.202832821735,2736.6038255561425,2825.89794921875,42001
2021-12-29,2827.566898602256,3065.062786325279,2818.927062917364,3002.817138671875,207001
2021-12-30,2973.854056814112,2994.4717310277456,2907.1903394016845,2924.0771484375,41857
2021-12-31,2940.178327481469,3015.776462489112,2881.5652759406753,2975.915771484375,45524
2022-01-03,2974.835852669737,2992.4098695844154,2922.849907737986,2948.131103515625,40146
2022-01-04,2974.836023828682,2976.7504743206955,2911.0194094561193,2926.482666015625,21122
2022-01-05,2939.491365864528,2969.6323950569754,2873.563991730226,2891.62890625,33610
2022-01-06,2887.456451346882,2900.219774661234,2848.2829625911627,2890.59814453125,15513
2022-01-07,2850.1481163210206,2904.1959265073315,2802.8748288714582,2885.83642578125,33518
2022-01-10,2900.2687076135207,2926.5808356052453,2884.3636922373275,2906.8466796875,23626
2022-01-11,2899.2379770129774,3160.395207587123,2899.2379770129774,3120.828857421875,291104
2022-01-12,3140.7591991935305,3217.3391359040947,3122.2033873304504,3152.3935546875,68106
2022-01-13,3195.7394251934957,3195.7394251934957,3072.131658204883,3082.391357421875,25068
2022-01-14,3072.0335482503688,3098.4928496641464,3048.470491312686,3087.693115234375,22744
2022-01-17,3112.2874262174732,3220.1865064089498,3092.651543402221,3137.372314453125,48084
2022-01-18,3161.3768657487553,3230.004174502677,3136.2919796357164,3154.749755859375,47428
2022-01-19,3210.417371438338,3210.417371438338,3082.833283947874,3115.183349609375,25986
2022-01-20,3092.651358612099,3164.1260157280763,3060.350429189368,3132.266845703125,10620
2022-01-21,3092.651379942898,3185.332646053969,3070.4627376560898,3166.97314453125,29548
2022-01-24,3161.376739061514,3165.009328990219,2801.3037828345546,2962.2197265625,95144
2022-01-25,2907.1415675400417,3028.8349024733457,2883.725681572895,2977.8798828125,28927
2022-01-27,2993.441056884235,3141.7411028173237,2955.200224837545,3052.839599609375,47541
2022-01-28,3092.6511862098305,3118.226968561934,3037.4744098108995,3054.802978515625,17823
2022-01-31,3070.1193915508047,3111.9928154451122,2966.981869939518,3019.655029296875,28161
2022-02-01,3038.65237295472,3062.9026363603043,2976.7993521159,3026.330810546875,11377
2022-02-02,3041.4995494232003,3179.048985275937,3039.0942020523153,3128.290283203125,56541
2022-02-03,3131.628380103746,3156.3206438589305,3056.570274196502,3074.684326171875,13589
2022-02-04,3090.098511114173,3122.1050931677405,3058.190204344377,3102.12548828125,11050
2022-02-07,3117.195782232564,3142.4769763719305,3032.7615027768156,3046.850341796875,13875
2022-02-08,3059.2703984610257,3108.3601031860103,3023.925811059037,3094.074951171875,21254
2022-02-09,3141.642654626727,3161.376810721043,2886.474479353996,2904.2939453125,133404
2022-02-10,2888.388754763441,2888.437892401655,2765.713644763923,2806.212646484375,89322
2022-02-11,2749.0235458486127,2835.4214287181408,2749.0235458486127,2765.76318359375,26160
2022-02-14,2699.9826631065366,2719.5202680125035,2641.0258849112715,2662.18359375,38546
2022-02-15,2654.7710444909994,2686.9739364609686,2595.1761950926593,2662.330810546875,30307
2022-02-16,2690.115902312291,2797.1314619298237,2690.066764666878,2773.715576171875,36209
2022-02-17,2787.3132918860733,2796.1003006437695,2744.6052509572096,2748.38525390625,17890
2022-02-18,2749.023353233009,2754.717806689583,2691.833849545215,2701.700927734375,17451
2022-02-21,2700.9155185645322,2759.7248881758496,2663.5090681760953,2692.962890625,102201
2022-02-22,2650.794720037514,2735.2290058746567,2641.0259174641214,2697.969970703125,59922
2022-02-23,2680.297761823669,2797.4258401604743,2680.297761823669,2734.983642578125,65047
2022-02-24,2721.53323033961,2737.683695257258,2596.845380320443,2612.455810546875,61438
2022-02-25,2622.372008900797,2768.463017126161,2622.372008900797,2730.025634765625,54242
2022-02-28,2730.02550706635,2738.12530791302,2652.856639181015,2699.7373046875,35630
2022-03-02,2629.2447511729465,2740.3838017523663,2629.2447511729465,2686.4833984375,36947
2022-03-03,2738.2235670971404,2778.4771225833297,2684.274032744446,2731.400146484375,56005
2022-03-04,2731.4002320517498,2731.4002320517498,2626.8391639156666,2641.8115234375,39403
2022-03-07,2601.7542413083925,2635.3806876347367,2574.2640078153227,2581.43115234375,43852
2022-03-08,2600.7722422648076,2642.1547624723567,2533.028457924954,2594.243408203125,54287
2022-03-09,2585.0633463131803,2774.156947888384,2580.498100543046,2729.1416015625,49932
2022-03-10,2788.2951356425915,2818.5835783288667,2741.119883031729,2793.744140625,55346
2022-03-11,2793.203948703377,2866.8384991964363,2789.423945899746,2844.502685546875,50759
2022-03-14,2847.202989636356,2965.656356068239,2844.3067448791685,2937.184326171875,92658
2022-03-15,2935.564113124563,2936.496769502281,2780.7843821018523,2808.667236328125,54808
2022-03-16,2823.983159757497,2842.7844182600056,2762.7190726834433,2798.11279296875,64275
2022-03-17,2816.4237100179525,2866.7897981650503,2685.207016933522,2822.1181640625,326005
2022-03-21,2788.3932620942282,2865.856713560872,2755.012265773204,2838.710205078125,34315
2022-03-22,2862.715401564707,2890.4019483756056,2814.4600757626067,2866.642578125,55570
2022-03-23,2866.78933560784,2931.6368770942454,2861.9295032584478,2898.0595703125,22221
2022-03-24,2867.9677949005404,2935.564415873484,2867.9677949005404,2878.080322265625,42789
2022-03-25,2892.5125911607693,2896.2925943232162,2842.293918835834,2865.46435546875,50697
2022-03-28,2880.5836760676425,2944.400287841466,2773.5681270930777,2901.25048828125,48071
2022-03-29,2915.6339021796607,2944.400517360797,2864.4334355436977,2929.477294921875,27861
2022-03-30,2944.4002488790807,3073.0152647520913,2926.0898863907482,3035.117919921875,103668
2022-03-31,3067.8121667097753,3085.631874548106,2995.453984988615,3036.591064453125,138885
2022-04-01,3049.4524274553573,3071.542794363839,2958.440163731575,2975.81787109375,27041
2022-04-04,3013.125854416842,3018.967480910323,2936.5459206779974,2943.22216796875,22070
2022-04-05,2958.7347586276474,2993.4901734545633,2925.7463814019675,2943.074951171875,33127
2022-04-06,2938.5096522384765,2984.653973539916,2930.017229409198,2938.411376953125,20540
2022-04-07,2932.6187484312295,2939.1967204500493,2858.100677919887,2865.8076171875,30682
2022-04-08,2880.1419481583266,2891.678028105004,2817.748889103306,2834.488525390625,22541
2022-04-11,2827.566977367178,2881.467376994911,2817.7490364735418,2823.34521484375,15354
2022-04-12,2838.170316401525,2838.2683519900293,2750.103437164448,2751.96875,22791
2022-04-13,2778.4769692434356,2778.4769692434356,2732.3817897246518,2748.8759765625,16065
2022-04-18,2747.746958351675,2747.746958351675,2635.626125839766,2665.718017578125,24967
2022-04-19,2689.8210562257573,2703.860758794827,2642.0077349008275,2657.078369140625,14826
2022-04-20,2670.381613239369,2699.688262306109,2616.4812143088575,2625.513671875,24681
2022-04-21,2650.8438527383237,2669.4979391094453,2615.1066463056554,2622.371826171875,16131
2022-04-22,2622.3718879305225,2690.115676873692,2622.3718879305225,2638.42431640625,19485
2022-04-25,2645.3455760149627,2660.6616578202156,2617.904482501695,2639.111328125,11720
2022-04-26,2649.861957098984,2687.4647145442163,2649.861957098984,2661.152587890625,12654
2022-04-27,2665.2760349753867,2665.2760349753867,2611.6210905430694,2621.389892578125,11028
2022-04-28,2649.4697763641702,2649.4697763641702,2601.9507959145208,2619.23046875,8195
2022-04-29,2613.7809921777143,2675.3885636902137,2613.7809921777143,2645.44384765625,11306
2022-05-02,2644.3640921797073,2644.3640921797073,2583.1985124519892,2604.69970703125,23609
2022-05-04,2606.6630965452264,2625.3171827351925,2553.8425308681626,2574.460205078125,11943
2022-05-05,2600.7722422648076,2623.3043660734693,2572.398492238462,2594.243408203125,6949
2022-05-06,2552.664537425236,2582.020083727301,2504.556628835299,2543.632080078125,12721
2022-05-09,2537.937616988303,2816.767126939823,2481.9753561881744,2757.417724609375,469761
2022-05-10,2761.786723836835,2816.7671918549163,2512.6073404871527,2619.91748046875,137263
2022-05-11,2609.608499691277,2609.608499691277,2429.9401944077918,2495.76953125,59085
2022-05-12,2490.811519578372,2490.811519578372,2346.487793374974,2360.23291015625,36710
2022-05-13,2429.6459936316674,2429.6459936316674,2333.7247508036844,2408.48828125,40676
2022-05-16,2428.9584675705482,2434.0637486658916,2347.5678371103127,2369.658203125,31196
2022-05-17,2381.53803581185,2429.842260338589,2357.2877681024834,2411.77734375,27993
2022-05-18,2415.213389126202,2495.5733288663087,2415.1151138418136,2474.710205078125,25934
2022-05-19,2381.095717101543,2444.568598487683,2381.095717101543,2413.64208984375,11728
2022-05-20,2447.6124864289536,2472.1081992344384,2410.3534513917893,2428.123779296875,10926
2022-05-23,2427.9767983493816,2454.4852389298235,2377.0706786156475,2391.994140625,13873
2022-05-24,2395.5774239840166,2439.120084925328,2385.8086213622596,2410.74609375,9909
2022-05-25,2397.7373232168,2425.031245088537,2308.1977559526927,2342.560546875,13416
2022-05-26,2354.0480347407115,2394.2035635445104,2312.1254680365046,2379.231201171875,10714
2022-05-27,2381.832493282778,2416.195286879191,2333.5282713664146,2384.925048828125,11063
2022-05-30,2425.0314779008754,2571.318801871414,2410.3045660917605,2512.21484375,48846
2022-05-31,2504.6057565839315,2526.1560880198313,2482.319079611298,2508.189208984375,28071
2022-06-01,2508.1895374206447,2600.7727763017756,2493.757210949985,2538.87060546875,31124
2022-06-02,2525.1744029169004,2744.1144852848897,2525.1744029169004,2628.017333984375,114774
2022-06-03,2629.2446413634157,2691.0976706411957,2603.767132004829,2648.5859375,23219
2022-06-06,2589.9729696087657,2708.8191994930207,2589.9729696087657,2663.165771484375,21689
2022-06-07,2673.8670167255805,2673.8670167255805,2602.7852218103453,2616.481201171875,9269
2022-06-08,2601.803129783346,2629.440533859338,2533.0284149951904,2557.376953125,12917
2022-06-09,2516.3381570244483,2568.2749665330102,2516.3381570244483,2529.886962890625,8732
2022-06-10,2536.9558526431324,2536.9558526431324,2459.3941218541204,2474.710205078125,11161
2022-06-13,2473.8263382864425,2474.120924430893,2392.2882971830013,2421.251220703125,10125
2022-06-14,2399.5537256954726,2454.485053248002,2390.7175795037797,2425.767578125,18926
2022-06-15,2437.941997944072,2489.5353274128956,2420.122530363542,2464.450439453125,16040
2022-06-16,2476.821088396227,2522.4745144631875,2415.2135080585545,2480.404541015625,17061
2022-06-17,2480.40422423512,2488.5531622379835,2428.0256590286704,2452.423095703125,16138
2022-06-20,2449.6251894654806,2449.6251894654806,2327.8335947411497,2363.57080078125,50289
2022-06-21,2405.3955721801044,2517.1729276064784,2333.233705014701,2443.1455078125,80052
2022-06-22,2455.9579548002075,2514.571014956814,2439.8074897046085,2489.093505859375,18815
2022-06-23,2474.17000914991,2474.17000914991,2402.7936335339737,2426.356689453125,29705
2022-06-24,2450.558101848531,2461.1615261899256,2415.2626514858316,2422.52783203125,8652
2022-06-27,2444.6670579542442,2533.028517880301,2416.489618116984,2498.5185546875,19362
2022-06-28,2498.5184604813403,2601.753999724154,2475.838924077126,2582.5107421875,19925
2022-06-29,2559.045972133424,2649.8619139797092,2542.8463716959786,2627.722412109375,19016
2022-06-30,2605.386885287609,2698.7064599265523,2592.9181484915052,2678.874267578125,24396
2022-07-01,2677.352347605909,2709.7024132911015,2579.1238059454517,2685.4521484375,19400
2022-07-04,2695.024744961583,2704.5972372251076,2602.8343768865802,2629.489990234375,21513
2022-07-05,2629.4896601077344,2645.8364335809706,2553.646077080264,2572.3984375,11989
2022-07-06,2567.4407306423336,2587.5675098608626,2539.9013579675707,2562.33544921875,11980
2022-07-07,2575.1475200699006,2660.6618777763897,2560.3717113614093,2645.640380859375,20505
2022-07-08,2652.954958001919,2690.115962338099,2612.5542247378403,2623.206787109375,12389
2022-07-11,2631.207817136486,2648.585522317968,2596.8450284798528,2605.48486328125,8548
2022-07-12,2616.481244838423,2649.862243834486,2596.8453630760337,2605.77978515625,12188
2022-07-13,2605.7799394490717,2784.368198774202,2605.7799394490717,2717.066162109375,165770
2022-07-14,2747.05962712099,2752.9503911534157,2672.1978342089187,2694.386474609375,20192
2022-07-15,2710.733142940067,2714.1202841871245,2682.506566388264,2689.035400390625,10748
2022-07-18,2708.769720014573,2758.841215382729,2695.0737412795033,2731.056396484375,37328
2022-07-19,2719.5697838668007,2758.792412052355,2660.7604104116976,2667.87841796875,43305
2022-07-20,2690.1156587826426,2704.2044990783133,2611.572135898478,2632.2880859375,21692
2022-07-21,2637.109646161977,2664.6122901340323,2625.9904417713988,2635.53515625,10640
2022-07-22,2649.409610042115,2734.0332781808793,2632.189677572018,2639.618896484375,50222
2022-07-25,2653.542266600295,2666.629462933703,2612.509676785602,2621.660888671875,16806
2022-07-26,2636.125584890965,2700.085332191418,2621.660890086625,2650.19677734375,20237
2022-07-27,2642.029535043709,2670.024176111361,2621.710111621752,2632.63232421875,15986
2022-07-28,2645.965631834794,2655.7563454231968,2619.2009847584213,2630.762939453125,11054
2022-07-29,2641.045618446979,2655.7563125745787,2627.614167337743,2648.819091796875,10239
2022-08-01,2655.8055284971592,2729.605237514309,2652.0662951936047,2714.550048828125,30226
2022-08-02,2706.973555219852,2767.0465714767097,2686.506386144965,2742.544921875,32820
2022-08-03,2774.869200894201,2863.4288562418883,2760.1092583362533,2823.478515625,216349
2022-08-04,2854.572876819879,2937.3760580737608,2824.2164990133383,2867.069580078125,120715
2022-08-05,2897.573284949416,2914.9409603583204,2862.4446720160486,2882.715087890625,31569
2022-08-08,2882.124718227854,3136.9797206249227,2858.6563139986883,3039.66259765625,418122
2022-08-10,3060.2771962157285,3124.187696479706,3031.8888119196986,3087.287841796875,60069
2022-08-11,3104.5079352176404,3117.053886461388,3015.948279379419,3061.7041015625,45676
2022-08-12,3094.66773364104,3098.5052223366056,3006.1080846656205,3022.540771484375,38499
2022-08-16,3049.6995625289796,3244.924318393552,3020.819177096052,3216.388427734375,205168
2022-08-17,3235.3793976507927,3291.5164270344567,3155.331213358241,3217.126220703125,79114
2022-08-18,3216.634085564563,3277.691093182542,3171.3210159504633,3234.395263671875,51538
2022-08-19,3212.7476615194973,3296.387340303313,3212.7476615194973,3230.90234375,45592
2022-08-22,3211.7634042061477,3280.6431340757645,3187.1635006812844,3193.3134765625,51395
2022-08-23,3193.313487527295,3244.2352879986106,3151.0509011731506,3166.204345703125,32572
2022-08-24,3178.307559907471,3334.7629475313993,3165.515609975955,3284.431640625,56492
2022-08-25,3315.083159153589,3469.669056464844,3296.387231571541,3311.294677734375,136354
2022-08-26,3343.5204317568364,3393.802731262067,3279.9544244212443,3309.08056640625,39464
2022-08-29,3246.842786500737,3318.0350037450457,3216.535897395863,3236.2158203125,31162
2022-08-30,3253.33726661617,3307.752301685579,3207.8274447391195,3267.06396484375,40765
2022-09-01,3264.89929482918,3291.7624383396524,3218.651474799954,3221.2099609375,19319
2022-09-02,3247.187437638716,3260.9633843438496,3134.0278754179726,3158.873779296875,27943
2022-09-05,3173.387643025444,3219.6354629393036,3123.2038384380653,3128.86181640625,22173
2022-09-06,3142.1456678358427,3180.9150195817347,3131.6169572053686,3145.09765625,17490
2022-09-07,3156.659900875256,3193.0677613279945,3099.5388717669043,3180.2265625,29344
2022-09-08,3197.9875361333343,3222.587440257437,3134.0277854106675,3138.603271484375,19971
2022-09-09,3167.4837908304708,3167.4837908304708,3119.267976679898,3128.419189453125,15831
2022-09-12,3144.0645350134387,3157.8404814840324,3107.0171750626823,3117.890380859375,18391
2022-09-13,3133.4866799048214,3212.747622591557,3118.8744803403015,3176.635009765625,56488
2022-09-14,3148.787856884045,3192.0344420592473,3112.625996340142,3120.793212890625,27309
2022-09-15,3143.867554048548,3150.804774632335,3084.8277877753358,3113.11767578125,18716
2022-09-16,3113.1668935786543,3114.3476408460347,2933.2923593560913,2947.560302734375,48641
2022-09-19,2965.7646526552076,3022.8364342922355,2903.9203931844595,2933.686279296875,36444
2022-09-20,2952.037448776973,2989.8720495055036,2923.796809701455,2935.801513671875,16584
2022-09-21,2951.988132430964,2951.988132430964,2874.399948256873,2886.306396484375,46691
2022-09-22,2859.4928705212037,2920.4513852167,2853.6381413553654,2869.382080078125,36258
2022-09-23,2883.059520520199,2892.8994821870083,2794.5491133739342,2809.1123046875,15772
2022-09-26,2800.4532645141876,2870.316996692862,2736.7395087596924,2835.827880859375,35221
2022-09-27,2828.0050273360243,2877.155588584894,2787.9071829157238,2860.722900390625,20939
2022-09-28,2842.568005354347,2917.548460750906,2824.1180783259897,2890.341064453125,35243
2022-09-29,2904.8058201412346,2961.1395985164017,2902.8378278835867,2942.492919921875,51225
2022-09-30,2970.6844849666873,2970.6844849666873,2909.676721446338,2933.046630859375,16806
2022-10-03,2961.8284545871356,2961.8284545871356,2873.3180476537195,2944.165771484375,12287
2022-10-04,2951.988613802414,2966.7485568714264,2888.9143609941234,2904.018798828125,27519
2022-10-06,2922.468527046152,2947.3636773602684,2907.7085849903633,2915.925048828125,10903
2022-10-07,2914.596832389378,2919.910315936409,2895.507401626462,2897.868896484375,7274
2022-10-10,2864.412943470464,2901.8047991392646,2860.5262065200022,2870.513671875,9721
2022-10-11,2883.994240429206,2883.994240429206,2799.6165699672965,2808.02978515625,24620
2022-10-12,2808.1281369881904,2840.6000085051396,2799.9609212569394,2832.383544921875,7692
2022-10-13,2809.3089019727618,2839.3700312647243,2799.9116910490748,2828.496826171875,6603
2022-10-14,2843.7489544766718,2914.2031769162527,2808.6695868236493,2832.531494140625,18140
2022-10-17,2809.3586015718797,2852.605189635739,2804.389372356625,2810.391845703125,15352
2022-10-18,2823.085190458548,2853.1955712602016,2819.9364505618905,2838.140380859375,8215
2022-10-19,2828.3495118207547,2848.570441102576,2799.862630265863,2802.224365234375,8113
2022-10-20,2809.3092762494693,2811.031269676242,2749.285505373386,2766.5546875,20764
2022-10-21,2766.554480009943,2784.610665590683,2762.618495329659,2769.94921875,4889
2022-10-24,2788.6452078538096,2844.0442415046514,2769.9492802076475,2833.26953125,5230
2022-10-25,2847.438734585479,2847.438734585479,2779.7890022303163,2788.25146484375,8988
2022-10-27,2828.988824610152,2828.988824610152,2758.1903523331152,2768.768310546875,8965
2022-10-28,2769.9493542471832,2774.918583195809,2705.989600063856,2714.7470703125,13916
2022-10-31,2728.3258221787232,2848.570092428843,2722.126598966166,2822.887939453125,31921
2022-11-01,2833.9088916021615,2953.2184239308986,2780.4286051412264,2896.44189453125,79730
2022-11-02,2888.0288700284414,2923.8954837577435,2826.086356791216,2841.633544921875,22000
2022-11-03,2840.7968308029517,2863.0352394616675,2791.2035218833453,2801.240234375,13865
2022-11-04,2809.3090205674876,2831.9409321167177,2691.2294820497646,2703.6279296875,48754
2022-11-07,2710.909577313356,2744.906694650854,2676.4697097249827,2692.410400390625,29468
2022-11-09,2713.861373554693,2755.1892117306525,2697.1334390548996,2736.93603515625,12390
2022-11-10,2742.3974685655658,2746.776203703345,2587.9100618325933,2612.657470703125,62857
2022-11-11,2608.5738239709617,2637.109712652651,2592.829885387961,2623.530517578125,79182
2022-11-14,2626.2858599038864,2662.6444714763234,2612.5099130928506,2653.7392578125,11639
2022-11-15,2654.821764276626,2656.7405088319892,2585.0072814947657,2611.91943359375,13618
2022-11-16,2617.3314690413,2626.2859308035886,2602.473270148351,2612.313232421875,7646
2022-11-17,2581.0217208305867,2616.8390820907207,2548.5498501529623,2560.456298828125,20676
2022-11-18,2572.1659821020025,2600.5543676305897,2560.456523800958,2594.650390625,10167
2022-11-21,2623.2845464781794,2698.1175033992336,2593.469414422375,2679.91357421875,43793
2022-11-22,2693.3449365486294,2721.388826518232,2648.9668548069676,2671.697021484375,28669
2022-11-23,2681.635586558287,2683.3575798713687,2651.9189500020725,2658.6591796875,7503
2022-11-24,2671.992208655894,2672.6319502721904,2610.3449480008744,2620.430908203125,25465
2022-11-25,2620.4309808904777,2643.8991447988296,2608.5737793015114,2616.05224609375,8494
2022-11-28,2622.349836103627,2633.173794151334,2593.6171955145833,2597.70068359375,11753
2022-11-29,2607.5897449116856,2617.429706213239,2574.1338764864036,2581.464599609375,15854
2022-11-30,2591.796525911526,2622.349653409758,2589.4350313226514,2618.65966796875,8615
2022-12-01,2631.7963244733887,2632.189826858793,2599.816448072301,2623.776611328125,10924
2022-12-02,2628.2539404333534,2658.2165777053424,2597.700809327712,2621.365966796875,9004
2022-12-05,2623.333958043627,2655.0185887099906,2598.7340522105096,2609.31201171875,12663
2022-12-06,2622.349766099373,2692.164245596682,2611.575056195296,2685.0302734375,30583
2022-12-07,2700.08534785042,2715.7800378861743,2661.70949924759,2692.21337890625,11940
2022-12-08,2705.0053735554548,2705.694122802872,2656.7895629682534,2673.812744140625,10541
2022-12-09,2687.194837327063,2699.1997818620107,2611.525633782938,2628.007568359375,11871
2022-12-12,2641.78398898826,2696.149782969674,2607.5901185655607,2680.110595703125,12038
2022-12-13,2656.9373133674635,2688.2776892569036,2656.7898100269545,2669.385009765625,9230
2022-12-14,2683.45631868528,2693.640535919492,2656.7899237278116,2663.97314453125,9268
2022-12-15,2676.469411498468,2681.3893920343107,2636.1255711045574,2649.655517578125,7621
2022-12-16,2632.189662912558,2671.500260485818,2627.269682234217,2640.848876953125,6567
2022-12-19,2646.9988946633184,2661.11909529341,2625.2032357735097,2638.04443359375,5191
2022-12-20,2627.2696854591777,2654.8215772917083,2611.722498449849,2638.192138671875,25375
2022-12-21,2651.4268712568696,2675.190282161149,2597.7005854296717,2658.954345703125,33671
2022-12-22,2661.7095403570474,2687.2934398207385,2597.8482874045153,2663.530029296875,24514
2022-12-23,2655.8058728792053,2656.78986912703,2608.5740529836135,2650.639892578125,25228
2022-12-26,2650.7870391811466,2674.5014416556437,2613.198435619574,2654.2802734375,25073
2022-12-27,2658.7573700891976,2704.31643598752,2631.2054802437137,2685.37451171875,15257
2022-12-28,2683.35727695098,2754.2049938341747,2663.2346054107006,2727.735595703125,23276
2022-12-29,2728.5718989665656,2772.851722842076,2676.420106402076,2746.38232421875,22549
2022-12-30,2753.2213055969305,2787.415172776878,2732.557385862286,2774.573974609375,23417
2023-01-02,2789.136892016559,2793.368123212183,2755.189027216922,2760.5517578125,8775
2023-01-03,2755.435078259474,2777.820989528255,2730.589176741377,2733.295166015625,7803
2023-01-04,2731.6224305996316,2750.269108710393,2721.63472601113,2738.264404296875,5993
2023-01-05,2744.3650680006094,2763.995741756225,2706.973216948611,2746.7265625,10119
2023-01-06,2748.3502625230262,2748.3502625230262,2683.3572742618244,2699.19970703125,12699
2023-01-09,2696.1494889066526,2723.70138149402,2688.277519595976,2703.82470703125,9323
2023-01-10,2718.0433863320486,2722.422121186684,2692.80398098297,2705.940185546875,7321
2023-01-11,2707.957558503389,2733.4922119985463,2691.524869912358,2710.466796875,6056
2023-01-12,2724.389853718102,2748.2517582645664,2689.2612422881343,2705.398681640625,8322
2023-01-13,2712.090238808019,2728.5229270614805,2701.1680252875067,2712.72998046875,8986
2023-01-16,2705.9895714886748,2722.7175070215135,2684.390902773846,2704.267578125,6175
2023-01-17,2705.0547355312247,2715.8294456111457,2656.8389229098675,2670.172119140625,12468
2023-01-18,2679.4213706645087,2684.3413511468157,2611.525640008669,2622.694091796875,14929
2023-01-19,2626.2363887486017,2634.551107891605,2583.0883031528165,2590.123779296875,15465
2023-01-20,2594.7980138637668,2597.750002502975,2558.3901539802023,2567.44287109375,20239
2023-01-23,2580.0382012343634,2580.0382012343634,2556.471538785418,2572.85498046875,6346
2023-01-24,2567.2463842948814,2592.2397945874973,2564.786393508857,2585.89306640625,4396
2023-01-25,2585.449711715003,2585.8924619062914,2544.7613775324194,2564.539794921875,9107
2023-01-27,2570.197997400858,2579.988711250854,2528.8701582389763,2543.433349609375,8055
2023-01-30,2543.4330910019166,2566.2617517901767,2514.109960055177,2559.373779296875,5535
2023-01-31,2572.854349236711,2636.12534146258,2361.541203630482,2400.310791015625,114636
2023-02-01,2400.3111011791852,2454.086394606765,2315.047690762991,2414.185302734375,58220
2023-02-02,2448.182414641464,2459.399874628039,2376.350695883897,2390.963134765625,20576
2023-02-03,2389.1424570171,2389.1424570171,2281.936133279593,2308.94677734375,30411
2023-02-06,2282.871330195003,2317.4587027465977,2268.1113862497764,2278.787841796875,20168
2023-02-07,2278.7874462448744,2283.7074267059393,2240.5591019690305,2250.49755859375,18254
2023-02-08,2268.406233409028,2322.2307714636413,2252.8097992954486,2317.310791015625,15446
2023-02-09,2323.21490779644,2329.5123870566863,2288.3815402151026,2299.15625,10162
2023-02-10,2299.156362184535,2316.1302965830614,2273.424717492497,2281.6904296875,16363
2023-02-13,2311.406864511034,2311.406864511034,2252.8098480600784,2263.28955078125,20283
2023-02-14,2267.1273764258553,2269.390615863945,2165.7757619415397,2199.7236328125,14925
2023-02-15,2197.9520464780135,2199.2312894581637,2157.903453146198,2177.140625,39020
2023-02-16,2162.8726311393852,2287.692389715519,2162.8726311393852,2251.186279296875,27110
2023-02-17,2262.4531632184558,2420.6305454028056,2250.5467136294005,2336.744873046875,162191
2023-02-20,2337.8762815243153,2351.750722886599,2313.9653680348465,2319.13134765625,10155
2023-02-21,2319.1317662476795,2361.689606048334,2272.0474473921795,2320.853759765625,14495
2023-02-22,2331.5294224626487,2331.5294224626487,2274.0149006508113,2294.580322265625,37344
2023-02-23,2294.6296433607704,2313.1288179746884,2284.838930272137,2288.430419921875,5581
2023-02-24,2294.679216293144,2351.7017499720905,2283.8552577257233,2303.73193359375,23699
2023-02-27,2297.6308860282793,2297.6308860282793,2264.1750187370753,2268.40625,10006
2023-02-28,2265.159113520375,2280.903051755095,2249.464423139325,2264.224365234375,6223
2023-03-01,2265.1589465776906,2292.710836457871,2255.368233756238,2283.067626953125,4194
2023-03-02,2290.7430131517954,2294.383750821888,2257.188648695675,2264.224365234375,7050
2023-03-03,2270.079096822689,2282.8710466530724,2248.4311817251164,2258.91064453125,4846
2023-03-06,2273.0310530593038,2415.7104914548013,2230.325717246713,2385.255859375,42817
2023-03-08,2385.2557902955227,2390.225018638965,2361.5906360830886,2372.26708984375,8044
2023-03-09,2365.526496004557,2427.5182469397846,2358.0972778061137,2371.823974609375,11621
2023-03-10,2362.575039376008,2363.80503471096,2291.333805668967,2303.436767578125,13470
2023-03-13,2302.550907138481,2308.2088847949112,2263.191062572011,2269.144287109375,9057
2023-03-14,2280.509761695701,2280.509761695701,2243.511407306389,2255.51611328125,8567
2023-03-15,2266.831731776045,2282.8709159997966,2233.671111775663,2239.673583984375,7206
2023-03-16,2247.447133249361,2252.367113838786,2214.0897609464296,2245.57763671875,18945
2023-03-17,2243.511115458121,2252.809830587348,2213.991232359988,2220.38720703125,10778
2023-03-20,2185.6027712740943,2287.790859072708,2183.044525636256,2215.36865234375,12870
2023-03-21,2218.911414227312,2360.0163721473245,2213.204188263763,2332.021728515625,28275
2023-03-22,2322.2307583774323,2332.021471367128,2296.696108042805,2300.28759765625,5674
2023-03-23,2297.6309787058967,2308.307432880194,2274.015071430119,2284.24853515625,4233
2023-03-24,2284.8882287708316,2288.7257175291325,2238.6896591800846,2247.3486328125,5460
2023-03-27,2252.367249818763,2252.367249818763,2208.1366696962273,2229.194091796875,30497
2023-03-28,2229.2435236342585,2229.2435236342585,2186.4396863894603,2208.235107421875,11208
2023-03-29,2206.315992772609,2213.40071659904,2194.311288478737,2201.0517578125,12868
2023-03-31,2212.0234931161917,2251.3833417481524,2203.31503051299,2239.181884765625,16672
2023-04-03,2239.1818309871305,2277.9511848651064,2213.9914323742937,2237.902587890625,10355
2023-04-05,2234.6551682140253,2291.530191479896,2225.9959543900245,2276.22900390625,8562
2023-04-06,2283.8550762424225,2331.972392138817,2270.8663750403375,2310.86572265625,7707
2023-04-10,2322.1817992230963,2330.54576697741,2267.2257552362908,2286.315185546875,11598
2023-04-11,2288.775154259326,2292.6618911908504,2259.2552683488448,2281.6904296875,9957
2023-04-12,2282.4282749044514,2310.4721646526555,2279.082543917239,2300.189453125,5756
2023-04-13,2311.357518707295,2415.5135987257804,2302.6000497847563,2356.621337890625,41946
2023-04-17,2351.7509583025812,2369.954888314547,2341.9109961339514,2355.6376953125,7660
2023-04-18,2344.862742791627,2363.55866898258,2312.3908709862876,2326.216064453125,7720
2023-04-19,2326.2159273397215,2351.455330116459,2313.3747307450917,2326.117431640625,3260
2023-04-20,2340.926908274555,2358.5895916290974,2287.791114644111,2299.20556640625,16650
2023-04-21,2306.4872774387054,2315.2939960870103,2276.9673890755817,2308.061767578125,4275
2023-04-24,2330.1029478609626,2330.1029478609626,2272.63766719966,2300.091064453125,6690
2023-04-25,2300.09097708035,2312.390928829443,2293.6950021708217,2305.69970703125,3670
2023-04-26,2302.551096831594,2316.7205459494867,2289.267148196027,2297.28662109375,3741
2023-04-27,2303.3383553460067,2319.2790457555066,2293.6458966727837,2313.42431640625,3459
2023-04-28,2314.3587453301925,2356.670576133423,2314.3587453301925,2335.170166015625,11451
2023-05-02,2335.2691712218307,2359.6230791488256,2327.151201912832,2356.277587890625,10462
2023-05-03,2362.5254714487737,2375.3666690526834,2335.0720753853234,2349.290771484375,7326
2023-05-04,2348.7988125207808,2375.9572023827236,2341.9108394635355,2351.800048828125,7339
2023-05-05,2376.301368473582,2436.3743793056506,2373.398627982726,2389.487060546875,44923
2023-05-08,2399.9664247409028,2418.219599962225,2371.430538591872,2377.18701171875,33635
2023-05-09,2359.721231455294,2410.790534855388,2359.721231455294,2386.338134765625,9252
2023-05-10,2439.3264093428893,2439.3264093428893,2245.7744183747523,2358.146728515625,138984
2023-05-11,2357.6546821078086,2375.760114458004,2332.070783220161,2353.3251953125,15944
2023-05-12,2365.133357175605,2395.0467454959803,2351.1114113566573,2376.6953125,9300
2023-05-15,2376.744258719963,2394.554685533767,2369.610286470068,2382.500732421875,9476
2023-05-16,2383.238761133789,2454.086486485413,2377.9252778257946,2418.859375,16551
2023-05-17,2425.5505388955517,2496.644261587318,2381.6152063634963,2450.5439453125,35356
2023-05-18,2459.990500441473,2483.999911632403,2422.598644834763,2437.8505859375,9784
2023-05-19,2433.42266299479,2458.9573169718415,2377.876124172877,2406.166015625,11583
2023-05-22,2406.1659550340314,2422.3526444714716,2386.1907841345865,2410.2001953125,7797
2023-05-23,2400.9507966926517,2429.634190649922,2393.128074725528,2422.303466796875,7202
2023-05-24,2425.550433522064,2440.261127455563,2409.068498527543,2435.931640625,6636
2023-05-25,2448.1331823079263,2453.5944090071057,2410.889072034144,2446.804931640625,6993
2023-05-26,2446.8050205298214,2459.9412255175703,2424.566610557145,2450.59326171875,48265
2023-05-29,2459.9903420758683,2483.606249359797,2446.2143961602437,2462.548828125,12719
2023-05-30,2474.898022745825,2527.8863158451472,2456.5958370008375,2498.169677734375,14353
2023-05-31,2509.190080573975,2514.1100611241204,2468.1574908324505,2491.035400390625,38445
2023-06-01,2490.494154182206,2518.5872911668216,2465.8942514344562,2473.667724609375,23296
2023-06-02,2486.0664044356754,2516.2750397913906,2474.8489438258816,2500.777099609375,32100
2023-06-05,2500.7768202766833,2518.9807479809397,2450.1502693836924,2479.12890625,20161
2023-06-06,2479.1291562112374,2492.0688502673543,2450.0520207106115,2475.5869140625,10811
2023-06-07,2487.9849265209423,2517.0620597377806,2472.536235577056,2508.944091796875,25255
2023-06-08,2508.943921605943,2568.1311877577396,2501.9084459611045,2532.21533203125,122608
2023-06-09,2556.42193922038,2578.0698540251715,2510.813622617822,2517.652587890625,16237
2023-06-12,2516.0782509026544,2547.467633183854,2503.335548323927,2541.5146484375,38625
2023-06-13,2559.3739992813867,2576.1019339172126,2528.91936632932,2542.6953125,9447
2023-06-14,2542.6955520564966,2555.389007559145,2511.1584242692757,2533.29833984375,6384
2023-06-15,2530.8384609611535,2540.6291760118793,2477.8994124480096,2528.77197265625,19536
2023-06-16,2537.725967996767,2553.4699057586704,2509.485327683038,2536.05322265625,14209
2023-06-19,2536.0533997135153,2568.2300267141654,2513.1262407003746,2521.29345703125,22580
2023-06-20,2519.0300602000384,2563.2606376244435,2511.453338143778,2558.04541015625,18443
2023-06-21,2563.309826757772,2637.060286010702,2548.599133188323,2562.96533203125,27998
2023-06-22,2561.3419785424435,2576.4954231596166,2530.100100778816,2540.3828125,19244
2023-06-23,2540.6779209296883,2541.661917026098,2501.4165727763125,2529.115966796875,8634
2023-06-26,2514.110306305889,2563.900610422391,2510.666319584922,2530.73974609375,28060
2023-06-27,2522.9664769273863,2568.181058215643,2516.226006275905,2554.10986328125,11732
2023-06-28,2548.5499948180113,2627.220437924105,2548.5499948180113,2577.577880859375,26402
2023-06-30,2590.861741895125,2606.458176237274,2557.4058743583096,2581.415283203125,65287
2023-07-03,2597.405454096216,2622.2513579631254,2574.4785349919234,2579.98876953125,13630
2023-07-04,2579.054112368496,2600.7020293742603,2568.279401723682,2582.8916015625,11454
2023-07-05,2567.3444558146957,2601.193827344032,2538.710071703273,2551.55126953125,14353
2023-07-06,2545.5979147365583,2582.8912708923253,2542.6459264318773,2559.07861328125,7970
2023-07-07,2570.886894211468,2570.886894211468,2518.833589897051,2545.84423828125,11437
2023-07-10,2545.844112631349,2632.1897772881857,2519.0302167692544,2578.365234375,27308
2023-07-11,2578.3651631412213,2632.1897045673695,2538.2180721239365,2550.66552734375,16445
2023-07-12,2551.4530086837203,2566.262200178528,2519.03038054334,2532.757080078125,11992
2023-07-13,2558.389905440963,2558.389905440963,2509.190099567098,2543.334716796875,20960
2023-07-14,2537.676717400619,2545.5979341251964,2510.174074199218,2523.999267578125,13686
2023-07-17,2523.9993675708984,2568.13145067033,2514.2086539446095,2559.521484375,21793
2023-07-18,2582.989888599074,2582.989888599074,2538.7100619373755,2559.521484375,19642
2023-07-19,2578.069982692341,2602.620639251826,2553.5685739883743,2595.732666015625,24705
2023-07-20,2603.653889478496,2613.1003488897086,2577.0859926470825,2603.358642578125,12435
2023-07-21,2610.563522615607,2611.155807323136,2565.162417874466,2576.956787109375,5448
2023-07-24,2576.0192130961927,2643.133889912492,2543.4982524489396,2629.6123046875,145514
2023-07-25,2625.368255006855,2639.185982664786,2567.185799953906,2617.620361328125,47924
2023-07-26,2618.0649421238663,2636.126495066728,2601.680967114569,2616.732421875,8289
2023-07-27,2621.4204611775144,2675.7043939202717,2615.5479748277553,2642.393798828125,34026
2023-07-28,2635.2379441061835,2731.8632390052617,2632.3263998135294,2704.3759765625,29181
2023-07-31,2704.3763015203886,2733.34403819903,2690.5585728123024,2704.326904296875,21304
2023-08-01,2725.645664780504,2753.6758168539805,2682.6626123501032,2727.91552734375,23647
2023-08-02,2724.066583806818,2732.1597769141194,2635.337120088664,2659.912841796875,13680
2023-08-03,2663.860670267694,2663.860670267694,2593.785046855687,2612.48828125,10761
2023-08-04,2610.613071847229,2638.100336849694,2566.149547835589,2585.296875,18609
2023-08-07,2585.2968883148237,2609.5273102471674,2541.4750460416867,2577.00634765625,20076
2023-08-08,2575.0324006805963,2593.7850321918772,2557.2667497751727,2567.679443359375,7900
2023-08-09,2565.803971201588,2578.1906256864654,2546.459296389791,2554.99658203125,7781
2023-08-10,2554.3057141386266,2565.8533386105987,2510.9279662968825,2518.18212890625,51776
2023-08-11,2531.4079828347494,2552.33192412082,2504.9568536034963,2514.530517578125,15141
2023-08-14,2516.010903089286,2516.060300311811,2453.781727924368,2461.7763671875,23327
2023-08-16,2462.5166849735833,2476.3344138672223,2453.633859256244,2461.5791015625,5611
2023-08-17,2466.4152785284855,2486.6483821111015,2457.581849790929,2469.080078125,5778
2023-08-18,2469.0798793131416,2504.2658816776884,2469.0798793131416,2495.0869140625,6245
2023-08-21,2502.9334924769414,2502.9334924769414,2458.5687611377843,2462.023193359375,9638
2023-08-22,2458.5685214494906,2476.334171142823,2447.711735525788,2459.06201171875,12254
2023-08-23,2476.334083705104,2487.1908692454613,2452.646551617052,2463.552734375,8837
2023-08-24,2466.4645877562148,2483.243258421223,2461.529684619448,2474.9033203125,8321
2023-08-25,2474.9032548137734,2493.952028609979,2457.976392925394,2462.66455078125,6725
2023-08-28,2467.451471030597,2500.8608603331745,2463.010058382742,2484.87158203125,7203
2023-08-29,2484.8716705555125,2564.1756600444864,2478.2589485699823,2536.8857421875,16713
2023-08-30,2550.3579512330334,2584.902273327908,2541.5739199994496,2576.660888671875,13839
2023-08-31,2592.7980057295576,2615.498559262782,2546.4099180747085,2597.880859375,40527
2023-09-01,2625.3683722562337,2626.651495217041,2585.0009624661398,2594.327880859375,9238
2023-09-04,2615.4985161823024,2645.0091389045942,2613.77130018105,2628.82275390625,14607
2023-09-05,2640.074343620806,2729.4454862625475,2640.074343620806,2721.500244140625,27638
2023-09-06,2738.8710338949377,2792.167983743704,2712.222558970555,2782.39697265625,37164
2023-09-07,2782.2982696672984,2807.8609704390497,2763.792383694875,2774.9453125,18651
2023-09-08,2778.350174065783,2831.59772512412,2770.0102368333755,2782.890380859375,28700
2023-09-11,2797.4977641358346,2804.7521680548216,2724.1158998471014,2768.3818359375,17441
2023-09-12,2810.871199993279,2810.871199993279,2678.6652039452792,2736.255615234375,23395
2023-09-13,2736.2559697841193,2748.7411789337625,2664.8972188136386,2717.256591796875,14122
2023-09-14,2713.2095150303367,2752.6887367841427,2692.6308743063464,2740.252685546875,10208
2023-09-15,2729.9883789605337,2731.37005543563,2628.724071555697,2663.3671875,38433
2023-09-18,2659.8635197373824,2684.488639366206,2636.225380782757,2663.564697265625,7865
2023-09-20,2662.873652004352,2662.873652004352,2627.391747717314,2639.284912109375,4267
2023-09-21,2634.59682812618,2634.59682812618,2568.1235866375714,2588.356689453125,8340
2023-09-22,2578.239957573454,2595.2159749453135,2537.5270096358886,2544.53466796875,16986
2023-09-25,2544.435892165307,2544.435892165307,2521.4391968482064,2530.914306640625,5123
2023-09-26,2520.74827442522,2542.8565419194647,2506.930547000806,2532.2958984375,22865
2023-09-27,2532.2961015972005,2605.628809075332,2492.126038983035,2504.66064453125,32189
2023-09-28,2503.969651746378,2609.477776004715,2475.396613057409,2499.281494140625,69447
2023-09-29,2498.0478177141913,2541.4749627080373,2493.3102627951794,2521.439208984375,5906
2023-10-03,2521.439407451837,2559.2902116003784,2512.852724026408,2551.492919921875,7052
2023-10-04,2551.344786775371,2562.2015731020747,2501.995758017627,2509.1513671875,6924
2023-10-05,2521.735528120161,2533.480501318358,2504.956857287267,2512.902099609375,4324
2023-10-06,2516.8006830775653,2573.0585806992995,2437.842230275132,2474.11376953125,39746
2023-10-09,2490.1026258354655,2493.902597483376,2451.6597801324824,2487.240478515625,7712
2023-10-10,2492.126110999374,2521.7355301399602,2472.4852926876124,2511.12548828125,8666
2023-10-11,2514.826643504497,2542.3633066776665,2506.930798469946,2525.634033203125,13116
2023-10-12,2525.6340746686064,2564.175717068693,2507.917820273883,2553.12158203125,10187
2023-10-13,2551.0485709720247,2573.058285356784,2537.5763828938134,2561.263916015625,7761
2023-10-16,2565.458585192012,2573.0582872150053,2541.9683999701747,2559.4873046875,5034
2023-10-17,2572.9597860473195,2602.6680002967423,2553.3189672990798,2582.237548828125,8999
2023-10-18,2583.9150715945752,2590.5277930659104,2526.719597098327,2561.56005859375,6952
2023-10-19,2545.4228144636177,2581.9410944694937,2507.0293678152316,2572.0712890625,7950
2023-10-20,2580.4607699189714,2580.5101671412153,2515.813540838959,2528.496337890625,27015
2023-10-23,2540.4877473083243,2540.4877473083243,2398.3625586477187,2451.31396484375,30339
2023-10-25,2451.314498062739,2482.2564391261426,2444.3070797303285,2476.13720703125,14251
2023-10-26,2472.3864821039238,2483.2432690512865,2417.0661695115405,2466.90869140625,9722
2023-10-27,2479.295253256531,2502.982787523313,2443.7639518563574,2474.804443359375,8663
2023-10-30,2487.6845840088545,2502.6866408261367,2458.025769004514,2477.765380859375,3750
2023-10-31,2490.842773657286,2519.761352055424,2448.797546672604,2491.138916015625,29567
2023-11-01,2504.265896877783,2506.9306962759006,2455.706500087212,2485.019775390625,11059
2023-11-02,2485.2668156803584,2513.8398589352023,2480.529260097722,2504.512939453125,10146
2023-11-03,2516.8005369044745,2524.301685869877,2497.0115276277743,2516.50439453125,3746
2023-11-06,2520.748331073945,2565.16245593625,2500.6140241878525,2549.27197265625,9793
2023-11-07,2541.4751787357823,2604.641940459701,2528.940572648607,2596.59814453125,12396
2023-11-08,2596.597853107852,2640.1729476154533,2592.79788163955,2628.723876953125,12842
2023-11-09,2618.4595222392722,2862.2437295491477,2594.8213851479936,2808.94677734375,223488
2023-11-10,2808.9466165236104,2814.8684997629434,2753.675706289836,2808.009033203125,56529
2023-11-13,2808.0093341427405,2911.5929047129093,2783.3348180011058,2824.83740234375,56295
2023-11-15,2837.519697748288,2907.4967636588262,2837.519697748288,2893.629638671875,31300
2023-11-16,2886.9678411482605,2905.325536932369,2864.1684914114257,2896.3935546875,17148
2023-11-17,2892.840245312158,2939.771222765777,2870.534386544507,2895.99853515625,33315
2023-11-20,2895.504791843216,2916.5275257542608,2847.4388872423156,2903.252685546875,25438
2023-11-21,2903.2530064659945,3136.624535157803,2893.9260874283145,3012.65966796875,248368
2023-11-22,3015.472627240334,3030.0305918101058,2913.5668752519323,2925.55859375,28486
2023-11-23,2925.410456723633,2956.450947959008,2904.7332616406193,2942.386474609375,17180
2023-11-24,2950.282229303145,2974.9073459787646,2912.57962026274,2949.690185546875,17271
2023-11-28,3059.540992246404,3059.540992246404,2894.91282488066,2906.756591796875,26785
2023-11-29,2911.592776000756,2930.8388977404225,2897.7750475722783,2910.70458984375,10181
2023-11-30,2926.101362227791,2931.3324076459694,2862.2437650415186,2897.38037109375,65546
2023-12-01,2911.592849676378,2951.0720747567357,2906.213853451593,2914.208251953125,9843
2023-12-04,2937.0569810558213,2992.4264493334904,2911.642230057356,2926.9404296875,21724
2023-12-05,2922.4492435636685,2980.6810927262004,2902.4134913373737,2963.556884765625,18609
2023-12-06,2970.811611121809,2991.5382037575428,2938.142456820662,2966.9130859375,18241
2023-12-07,2980.3853508467414,2986.6033769886026,2941.251665375125,2971.1572265625,24909
2023-12-08,2971.157137409634,3005.355918720596,2956.056286078823,2975.20361328125,15480
2023-12-11,2974.759545431631,2980.681429065536,2947.518784330843,2958.7705078125,6375
2023-12-12,2960.9416526295117,2993.5120108084366,2884.598610634395,2901.772216796875,22249
2023-12-13,2898.860516942159,2916.1326756564536,2862.3422385176514,2895.504638671875,13485
2023-12-14,2909.618639736965,2935.280133845907,2901.722795395752,2918.205322265625,14270
2023-12-15,2935.2802815161194,3079.379447992701,2923.7820540005855,3042.36767578125,108903
2023-12-18,3059.6396308376015,3108.9392599227217,2991.784719669832,3013.79443359375,51391
2023-12-19,3013.1528226981986,3084.3142166905013,2988.4291527068463,3019.81494140625,41616
2023-12-20,3018.1867049160733,3058.6529099198533,2929.9507347804615,2949.29541015625,32110
2023-12-21,2948.1110159758355,3066.548686520563,2930.098620247158,2995.7822265625,35902
2023-12-22,3000.3224483225385,3078.3433186338125,2964.840541357801,2988.083984375,22824
2023-12-26,2984.6786245327025,3054.704847397763,2974.1671369426167,3044.78564453125,24057
2023-12-27,3044.8349793137877,3146.444578162012,2992.7223583798004,3031.214599609375,49066
2023-12-28,3039.90023715837,3156.3639475430086,3024.157944836926,3033.48486328125,110819
2023-12-29,3049.7699726985447,3103.0669236777426,3014.4854171891684,3026.427978515625,33805
2024-01-01,3011.57402414183,3055.5440591033403,3011.57402414183,3033.583740234375,11625
2024-01-02,3039.850769096707,3045.279162250846,2983.3461312649883,3025.53955078125,13400
2024-01-03,3034.9653749175413,3054.7049871121267,2991.6370225352507,3004.763671875,14691
2024-01-04,3004.763483755776,3038.370219605454,2987.6889130460977,3024.70068359375,14585
2024-01-05,3024.7008675204925,3044.0949400819627,3000.4210481800005,3008.46484375,19343
2024-01-08,3008.4646779616314,3049.6711160729333,2954.7236350124754,3011.5244140625,21487
2024-01-09,3020.160569221605,3024.898124189265,2958.079587239094,3016.804931640625,20233
2024-01-10,3016.8050963772325,3020.1607341414515,2963.902838113326,3014.189453125,12157
2024-01-11,3013.251641729956,3038.2716952447645,2998.002840310598,3003.677978515625,10697
2024-01-12,3001.260248708259,3012.2155895021397,2936.2674755947187,2949.7890625,16739
2024-01-15,2949.788962623515,2980.484156621477,2916.5771607870565,2961.830078125,21383
2024-01-16,2990.501888253892,2996.6705171430785,2895.7517485159938,2924.12744140625,14262
2024-01-17,2925.4105018538135,2964.889725900424,2901.6241729809067,2911.5927734375,11803
2024-01-18,2883.957151756614,2925.410334636073,2830.6602023401674,2913.763916015625,8824
2024-01-19,2928.371433798501,3007.329881625896,2924.226163479975,2975.351806640625,17021
2024-01-23,2966.9132339290495,2974.9076326243617,2860.2699264033427,2923.0419921875,17582
2024-01-24,2921.4625536977765,2965.8766803587223,2882.0821244432277,2929.3583984375,24331
2024-01-25,2929.3583165744326,2944.0150743477748,2893.8270162386243,2930.14794921875,8243
2024-01-29,2931.3321856977072,2952.4534727384557,2913.566536087418,2936.4150390625,7670
2024-01-30,2926.397386647792,2946.136998024843,2888.1518896047555,2922.301513671875,11255
2024-01-31,2943.0773139965504,3022.0851581247844,2929.259585787912,2998.15087890625,17748
2024-02-01,3038.9131315626773,3038.9131315626773,2972.834831538744,3006.046630859375,8963
2024-02-02,3005.3557816739994,3027.957539936252,2958.7703477990817,3014.781494140625,13843
2024-02-05,2966.863654508324,3306.384977579137,2966.863654508324,3103.906005859375,37449
2024-02-06,3120.832745042671,3192.882330870664,3093.2466846886127,3133.416748046875,33404
2024-02-07,3134.6009144911645,3158.2884483328203,3110.469287582389,3132.923095703125,22018
2024-02-08,3132.9231778013,3148.5669167373258,3108.988898188263,3132.4296875,12144
2024-02-09,3131.6399199198513,3222.4421314473975,3084.3142502563283,3171.267333984375,41846
2024-02-12,3171.2674821312467,3448.756983176507,3105.633271819667,3348.67724609375,241832
2024-02-13,3261.8229379354257,3354.7470652012935,3171.3660212117643,3245.883056640625,73211
2024-02-14,3211.684277563544,3311.171970481947,3192.1914106653467,3300.1669921875,28223
2024-02-15,3300.562135358217,3370.538968061396,3291.3831669892365,3325.927490234375,28489
2024-02-16,3326.1246793934524,3355.6353034578447,3286.6454547122244,3323.213134765625,15593
2024-02-19,3326.124833658354,3352.773311554133,3255.0622259362763,3275.640869140625,13275
2024-02-20,3274.702711074427,3305.052363363336,3227.426438527906,3281.01953125,15087
2024-02-21,3305.0522022467117,3305.0522022467117,3170.230808594181,3217.951171875,18945
2024-02-22,3212.6217699971403,3308.8523760108797,3170.181605293645,3251.55810546875,20479
2024-02-23,3251.114059747075,3280.8714281167677,3200.284559420125,3219.580078125,9402
2024-02-26,3222.4915416801996,3294.541122857123,3222.4915416801996,3276.281982421875,10699
2024-02-27,3276.7754748012735,3286.1517901659154,3239.2702133427047,3274.801513671875,6196
2024-02-28,3286.6453800365866,3299.5255249886013,3197.8171265220844,3262.46435546875,15422
2024-02-29,3257.0358882437636,3266.8562967446937,3217.5566653559604,3256.443603515625,15490
2024-03-01,3251.1139830294114,3305.8914044192516,3242.231157939167,3272.28466796875,16627
2024-03-04,3261.9707602846715,3335.2046698572003,3212.621732141182,3220.66552734375,10115
2024-03-05,3220.665585888675,3236.704020326855,3169.540184572309,3180.248779296875,10225
2024-03-06,3180.1005436658393,3180.1005436658393,3071.0885964748595,3150.984619140625,24181
2024-03-07,3130.9987839591477,3241.244475067916,3119.9938050649093,3180.9892578125,24336
2024-03-11,3180.9890916613585,3200.531355826437,3133.6634198593592,3183.752685546875,17429
2024-03-12,3159.8183554814914,3242.132440214006,3140.6710284409387,3219.876220703125,14518
2024-03-13,3235.667970753521,3237.296392370956,3059.6892802563093,3122.362548828125,26234
2024-03-14,3121.819586702169,3192.882188739019,3109.038236333786,3173.8828125,8442
2024-03-15,3158.2885429069315,3201.617136100322,3123.7936189094903,3179.75537109375,18714
2024-03-18,3179.7551759190173,3286.5958199920415,3158.337746269536,3262.56298828125,24844
2024-03-19,3266.905992345393,3306.385218838993,3192.9812371209573,3222.541259765625,21989
2024-03-20,3222.540744378782,3227.1795045574795,3108.9885891447543,3121.523193359375,13149
2024-03-21,3124.7806278676862,3192.882290319635,3124.7806278676862,3161.397705078125,13487
2024-03-22,3159.3246692617595,3207.2426220754296,3136.772067818326,3186.71337890625,8314
2024-03-26,3206.354398899485,3227.4759281131333,3117.772890903312,3159.078125,14123
2024-03-27,3148.4681769147787,3224.0215915469494,3113.923855224491,3206.502685546875,13524
2024-03-28,3205.7622460601146,3306.2860712040483,3205.318153001916,3293.603515625,22240
2024-04-01,3306.3355698832274,3547.3070248242484,3306.3355698832274,3505.212158203125,115831
2024-04-02,3553.129878288874,3597.050511506611,3493.9110469840593,3555.49853515625,53900
2024-04-03,3507.0876439147137,3592.0665297854543,3495.3424300885686,3507.975830078125,24386
2024-04-04,3514.83518876969,3575.7812395060737,3484.0414429058233,3527.5673828125,19538
2024-04-05,3527.4685128252067,3597.544132414068,3493.9111738671604,3580.27197265625,16643
2024-04-08,3592.609401556906,3730.7866862321716,3548.2446715625097,3573.51123046875,34697
2024-04-09,3606.328510019774,3761.3832669224507,3557.423811454873,3675.7626953125,239295
2024-04-10,3685.3855942987384,3796.7664524180605,3658.983863005891,3731.32958984375,44684
2024-04-12,3750.4274610964394,3760.3466642541625,3633.075564906584,3658.44091796875,27729
2024-04-15,3671.567928683098,3686.422035296662,3554.117234190279,3576.718994140625,20999
2024-04-16,3582.443672792606,3677.934052164262,3554.6108662224296,3645.26513671875,17280
2024-04-18,3673.3443886810524,3673.3443886810524,3555.1040664302445,3567.342529296875,14373
2024-04-19,3553.129947135252,3614.322740669248,3485.02828981516,3564.92431640625,18879
2024-04-22,3589.6483819759283,3670.5313925965297,3554.117080972042,3571.635986328125,24820
2024-04-23,3592.559760583984,3609.1410818124077,3503.7809093960614,3514.6376953125,18147
2024-04-24,3537.9308416969425,3562.9012587181714,3493.9114094752244,3526.13623046875,10021
2024-04-25,3524.507668081906,3577.7058252141974,3489.9633476162476,3569.267333984375,10204
2024-04-26,3569.267447473737,3666.632988868695,3568.921907873271,3657.799560546875,17321
2024-04-29,3693.675947319016,3738.1888669111477,3671.6170764043745,3693.13330078125,18377
2024-04-30,3721.7556596047393,3745.5911432222447,3664.0664543657117,3688.000732421875,18306
2024-05-02,3730.78661558858,3987.4015679835616,3677.242918790781,3961.8388671875,132151
2024-05-03,3997.271385216346,4046.6204146634614,3898.5733263221155,4009.608642578125,53387
2024-05-06,4009.6084375914543,4320.013816944688,3963.7632397712796,4215.640625,146527
2024-05-07,4204.537440036517,4204.537440036517,4046.6205408802157,4092.21923828125,30316
2024-05-08,4068.5810550202777,4263.7564819425315,4034.629016456307,4176.2607421875,40902
2024-05-09,4174.9771101195265,4197.184173703882,3948.909395600428,3967.859375,32875
2024-05-10,3962.6282852432214,4194.667518971629,3904.9393177923644,4168.01904296875,40959
2024-05-13,4218.108154734471,4218.157310992673,3972.5967412240416,4043.560546875,25054
2024-05-14,4068.4330241645303,4629.679473079895,4017.110030485448,4557.333984375,484556
2024-05-15,4589.459408977724,4677.695370907447,4500.877907481863,4515.23828125,143354
2024-05-16,4549.980286220044,4654.994919217831,4462.385763356263,4562.36669921875,68347
2024-05-17,4556.938445429533,4633.429439562245,4526.292891517618,4579.73779296875,29664
2024-05-21,4589.4599817242615,4589.4599817242615,4414.073329007852,4464.90283203125,37760
2024-05-22,4490.761499494777,4583.340082253185,4266.963659932043,4299.6328125,64603
2024-05-23,4311.179905850156,4355.594027583627,4227.23740854352,4271.40478515625,27055
2024-05-24,4298.9421149911095,4390.3857746206495,4225.264106826854,4372.0283203125,42208
2024-05-27,4372.324348539545,4431.444394023229,4295.389012887568,4392.35986328125,56501
2024-05-28,4392.359827620464,4411.803539344281,4283.594848310582,4308.2197265625,33903
2024-05-29,4303.136226440624,4337.779338704513,4246.236896459953,4306.09716796875,20309
2024-05-30,4303.23545170214,4331.808733078849,4158.396047450469,4233.80126953125,33653
2024-05-31,4266.569249270854,4288.381617253996,4157.16235167909,4215.591796875,45007
2024-06-03,4293.36507570361,4341.825913517629,4213.419657052577,4291.2431640625,22781
2024-06-04,4291.243613904435,4291.243613904435,3694.218916100293,3863.63427734375,52915
2024-06-05,3883.768702653122,4143.048701823529,3792.818535772513,4118.12744140625,38919
2024-06-06,4180.010441239345,4321.445038515475,4125.529405841687,4282.85400390625,31529
2024-06-07,4278.560723386786,4328.502036058428,4244.016403820802,4270.61572265625,11389
2024-06-10,4327.909905943823,4601.25437430096,4270.615875215172,4499.2001953125,50932
2024-06-11,4540.110862434185,4784.586155339696,4530.241056211502,4633.4296875,113542
2024-06-12,4775.012189310231,4858.90554112738,4699.261427522393,4786.263671875,114922
2024-06-13,4827.371079111642,4933.915823419211,4792.037367804785,4837.734375,78332
2024-06-14,4843.607036486765,4920.048872654446,4816.465071432585,4888.21875,43431
2024-06-18,4939.837918376769,5023.53368074765,4888.219025605738,4922.5166015625,106062
2024-06-19,4974.382189245238,5003.991607038364,4813.010862272699,4844.29833984375,62183
2024-06-20,4846.4695797124605,5219.942952991044,4811.579718125198,5166.35009765625,115415
2024-06-21,5166.05392244303,5245.801760195263,4994.121713374983,5129.2392578125,66721
2024-06-24,5129.239308961932,5308.968569985991,5008.926471961127,5208.64208984375,32353
2024-06-25,5209.283448960015,5290.1666994489215,5122.429158791679,5149.9658203125,36296
2024-06-26,5138.270646729738,5181.648640979605,5026.593877642792,5049.29443359375,18316
2024-06-27,5099.975240860859,5121.343273357871,4929.967841327591,4995.89794921875,24825
2024-06-28,5020.917971400258,5112.510054917068,4995.89791825805,5018.10498046875,12362
2024-07-01,5056.351258268307,5122.4298085880655,4926.069806489189,5045.8896484375,31896
2024-07-02,5084.776073325844,5176.713219339781,5034.73596440357,5061.1376953125,44483
2024-07-03,5107.624472543629,5269.341336044638,5088.526302044079,5250.09521484375,48171
2024-07-04,5276.299492695678,5298.062704078255,5137.234022552612,5154.90087890625,58847
2024-07-05,5194.478840041803,5393.8489190249775,5156.9735776588295,5309.0673828125,47476
2024-07-08,5369.174097735086,5808.380434774078,5320.0226599776615,5526.251953125,122272
2024-07-09,5585.471173993075,5673.164496811742,5347.608849057162,5373.51708984375,64305
2024-07-10,5408.357761859222,5670.20352107225,5329.744371889395,5509.91796875,80435
2024-07-11,5492.5469738962,5690.535376294244,5461.950575658862,5651.6484375,46959
2024-07-12,5664.2817243359395,5670.89468719673,5528.0784000706735,5564.30078125,26006
2024-07-15,5592.084268076561,5636.843935785411,5442.309958298819,5508.48681640625,26804
2024-07-16,5524.08100092865,5623.766036818565,5508.338468332831,5558.7236328125,21126
2024-07-18,5599.140503741347,5823.185082332795,5419.559204915705,5449.51416015625,39410
2024-07-19,5421.484248620272,5507.15396897283,5278.421222819954,5395.82275390625,30511
2024-07-22,5324.760361509729,5611.872922986476,5278.421429356783,5586.0634765625,36427
2024-07-23,5581.375632000211,5653.178475011355,5379.19254742524,5593.12060546875,25758
2024-07-24,5620.854055701653,5856.643605305796,5591.244640131671,5821.556640625,35404
2024-07-25,5821.211525017557,6119.279663463691,5743.733548633379,6092.58203125,48235
2024-07-26,6125.67678243281,6182.51713083912,5624.652430373258,5731.654296875,133464
2024-07-29,5782.854768830278,6045.239795055046,5782.854768830278,5926.4638671875,91444
2024-07-30,5960.053767382437,6178.411176169673,5920.527653159342,6042.568359375,34442
2024-07-31,6038.215180302725,6277.6462918271,5980.8801403162515,6172.2275390625,38566
2024-08-01,6225.209268580845,6379.058607624761,6001.85564614249,6075.41650390625,63751
2024-08-02,6010.512220198645,6126.171198236034,5900.690515434521,5943.43212890625,26824
2024-08-05,5881.892252164791,5881.892252164791,5609.811449919994,5680.7998046875,38386
2024-08-06,5985.777887699832,5985.777887699832,5676.0511771796355,5716.31884765625,32120
2024-08-07,5832.423060039548,6859.552734375,5702.071620148078,6859.552734375,500924
2024-08-08,7074.100701503357,7865.509437209986,6972.243352009643,7485.8828125,954911
2024-08-09,7560.680340671746,7648.735585184568,7205.6892785042155,7249.271484375,126789
2024-08-12,7271.978137348535,7309.77282920635,7131.188876309559,7173.732421875,40874
2024-08-13,7222.508636409261,7233.2928335070355,6905.90551810091,6930.64013671875,38551
2024-08-14,6930.541187629624,6930.541187629624,6552.843556648148,6589.005859375,50205
2024-08-16,6564.61711252917,6667.463850848617,6353.086845564873,6534.3916015625,57797
2024-08-19,6627.640929207591,6627.640929207591,6310.345054535751,6330.62744140625,68839
2024-08-20,6330.083940683819,6458.703964486397,6301.441057528565,6428.97314453125,49856
2024-08-21,6441.8844863442855,6584.306622727303,6398.697936084933,6438.71826171875,26288
2024-08-22,6470.576212181761,6905.90549862824,6470.576212181761,6749.236328125,72416
2024-08-23,6752.600065259419,6813.348674222912,6570.50399875303,6632.587890625,28237
2024-08-26,6595.238578158458,6736.720593861528,6505.204568165596,6598.998046875,28545
2024-08-27,6628.878242475512,6969.226617910076,6607.161052606091,6944.83837890625,52998
2024-08-28,6955.374943924284,7149.937362627964,6683.838100135992,6717.6259765625,36586
2024-08-29,6683.887622151873,6873.255764087968,6542.850538112735,6806.62060546875,65581
2024-08-30,6849.510797091762,6856.436490516526,6456.725041430136,6522.6181640625,42827
2024-09-02,6522.618242443162,6624.2775292925635,6432.485191741018,6459.59423828125,19746
2024-09-03,6464.640062391578,6505.105802709808,6418.138978379885,6444.654296875,12945
2024-09-04,6430.060980106055,6528.950182396725,6385.637699973183,6492.541015625,12350
2024-09-05,6532.90777012281,6717.131411309455,6532.611147924947,6612.00927734375,30256
2024-09-06,6663.506471685055,6805.384152057227,6618.984156729475,6706.29736328125,35366
2024-09-09,6776.296312924702,6776.296312924702,6589.351866754094,6706.84130859375,21881
2024-09-10,6759.476791003347,6825.765571008796,6681.31539368349,6800.6845703125,22276
2024-09-11,6796.08389456299,6815.673519508719,6629.125216850441,6641.88818359375,9413
2024-09-12,6658.510130982057,6692.099453584905,6554.674007614672,6571.93896484375,8666
2024-09-13,6571.939092221698,6769.816047230241,6531.176246250724,6726.18408203125,15360
2024-09-16,6801.030740209033,6801.030740209033,6649.803185247713,6757.79443359375,14981
2024-09-17,6762.444901506204,7194.163042423137,6695.414083353015,7091.76171875,45433
2024-09-18,7161.166920159791,7222.508775513466,6740.727671556956,6799.44775390625,29824
2024-09-19,6874.196142939856,6874.245418939408,6568.574799364366,6781.34228515625,22015
2024-09-20,6870.980452950281,6892.004878846124,6580.596029400638,6654.8984375,25848
2024-09-23,6708.077698546744,6739.392111510948,6597.761301922215,6656.97607421875,8529
2024-09-24,6661.9236253251265,6673.400585813594,6599.24600059413,6628.13623046875,7613
2024-09-25,6801.921351910691,6801.921351910691,6628.878049884798,6658.015625,9205
2024-09-26,6633.874090793743,6851.4894619619845,6580.447313761837,6786.33837890625,25437
2024-09-27,6846.542361863838,7386.746426831707,6728.854854470918,7188.12744140625,80158
2024-09-30,7320.457555547798,7370.916176352358,7032.694912633957,7306.853515625,61671
2024-10-01,7307.991581241767,8158.466827635233,7306.853885373891,7832.1181640625,426550
2024-10-03,7717.2008896174275,8157.1804720377695,7680.593654628216,8025.0478515625,115670
2024-10-04,8032.814591028101,8157.477066513942,7816.139336016997,8096.0859375,65952
2024-10-07,8201.010064015656,8657.116426605982,8096.086006164397,8148.47412109375,158674
2024-10-08,8259.384259139884,8546.305849359167,7926.851933304067,8431.091796875,66125
2024-10-09,8422.631919940495,8552.241315161007,8222.776211279861,8258.9873046875,43466
2024-10-10,8258.444096090796,8353.079137480176,8000.610806983314,8026.73046875,28063
2024-10-11,8033.804663349708,8199.031926746185,7989.183311764941,8081.54248046875,19598
2024-10-14,8137.68980333029,8180.480695001297,7959.897165390959,8012.43359375,24496
2024-10-15,8004.123179710347,8527.755094773598,7994.3776426308905,8464.8798828125,65411
2024-10-16,8463.049285765246,8606.65888446115,8203.18793238675,8226.4384765625,30040
2024-10-17,8272.048087402814,8360.301403146248,8063.980661105739,8164.8486328125,27925
2024-10-18,8128.785134879637,8167.915108641947,7867.785630141577,7933.72802734375,32336
2024-10-21,7934.865917294083,8026.037627941141,7601.195901008868,7635.4287109375,24270
2024-10-22,7657.838328338351,7664.81329791758,7178.085736920329,7215.38525390625,34739
2024-10-23,7217.512242364576,7612.029398697209,7141.824311431795,7518.33447265625,27404
2024-10-24,7518.334550177143,7596.396908618598,7297.701755771365,7322.83203125,13044
2024-10-25,7322.831914695494,7340.096871168334,6758.091314022914,7031.01318359375,32870
2024-10-28,6904.12450381208,7306.259625095458,6888.442659704219,7232.74853515625,23967
2024-10-29,7237.349300888142,7306.5569559998185,7113.725485619412,7213.109375,9294
2024-10-30,7263.073677940455,7367.9484647354,7158.198891145511,7187.3857421875,13663
2024-10-31,7215.582757300213,7618.262338024358,7173.0392143735835,7576.90625,38438
2024-11-01,7756.776524613481,8304.499541709807,7618.262658102526,8222.083984375,47786
2024-11-04,8261.362706634673,8408.781035172226,8015.0059025685605,8200.4169921875,64781
2024-11-05,8210.903530816167,8418.625039430091,8080.205716830523,8249.2421875,74710
2024-11-06,8291.341142241723,8408.781309768445,8167.371421595308,8185.37841796875,21495
2024-11-07,8300.93840984812,8302.867903432892,8043.550052674883,8240.5859375,35182
2024-11-08,8344.718113853985,8344.718113853985,8025.592264158298,8075.60546875,15148
2024-11-11,7994.27851523299,8073.330747777597,7697.41379718118,7782.40185546875,27041
2024-11-12,7788.68409789388,7988.935474666726,6485.41703600551,6631.5986328125,163286
2024-11-13,6628.8778975341,6675.972708769023,6213.336297987186,6266.0703125,117376
2024-11-14,6272.748442685654,6549.726890138494,6223.576311632091,6390.3369140625,49270
2024-11-18,6292.487310841698,6390.337370675271,5938.2875534075265,5982.0185546875,93091
2024-11-19,6060.674117876,6098.81470524877,5883.870876767561,5913.75048828125,37614
2024-11-21,5812.635518785337,5875.7580738182105,5738.480937097961,5781.66796875,31377
2024-11-22,5771.774047334172,5826.140449845982,5525.71386514911,5569.494140625,56085
2024-11-25,5580.426832222535,5806.056323215441,5442.160307958174,5703.90234375,102887
2024-11-26,5741.350385101808,5852.210752266912,5669.174574892546,5679.71142578125,34671
2024-11-27,5697.124794215616,5827.4762363443715,5621.733482265125,5765.68896484375,32142
2024-11-28,5792.253965524412,6158.920049338361,5765.688888451035,5870.2177734375,122736
2024-11-29,5921.863549984145,5990.724827110255,5745.901370705321,5952.880859375,49376
2024-12-02,5850.47977857691,5952.8318313001355,5590.024225080885,5598.3349609375,152757
2024-12-03,5610.05876107575,5725.569428216633,5555.39525478424,5609.11865234375,76335
2024-12-04,5619.705341145373,5674.121502019139,5560.342256555809,5591.01318359375,37711
2024-12-05,5676.051084783989,5676.051084783989,5562.321113529792,5597.93896484375,30156
2024-12-06,5608.575008791467,5639.444007371242,5527.89087268701,5565.14111328125,46144
2024-12-09,5565.1410902026155,5609.81171651078,5494.053696963731,5565.68505859375,34420
2024-12-10,5556.384807437652,5619.705432023836,5516.166413597439,5603.6279296875,48553
2024-12-11,5603.628038269508,5619.705540917379,5540.5547586509365,5555.9892578125,31328
2024-12-12,5592.497191949939,5631.577888824247,5454.82440325157,5580.1298828125,76337
2024-12-13,5669.174396460114,5773.059791159644,5584.13658727401,5615.2529296875,177027
2024-12-16,5615.302612963166,5657.45050134643,5553.763169307918,5578.20068359375,32148
2024-12-17,5607.783772299118,5607.783772299118,5515.820261868742,5551.58642578125,38635
2024-12-18,5554.009982838372,5555.444300777605,5466.3996788309605,5521.85498046875,26029
2024-12-19,5452.202420664356,5485.445359868992,5355.88572418633,5402.48583984375,53258
2024-12-20,5723.591236423175,5886.839733226948,5570.285863912772,5639.34521484375,654343
2024-12-23,5729.378666102717,5738.035782498924,5529.522950441702,5580.1298828125,46146
2024-12-24,5590.024072974204,5619.656340724143,5478.272867515087,5583.939453125,28638
2024-12-26,5576.865270377853,5639.493132451658,5489.205684015228,5564.39892578125,34464
2024-12-27,5586.06612274666,5604.122393866059,5530.611302493134,5568.10888671875,12528
2024-12-30,5610.504489820494,5621.6350686443675,5358.656303106826,5490.64013671875,68240
2024-12-31,5461.404166551829,5535.558751508996,5417.376542383069,5503.8984375,16321
2025-01-01,5573.600215583044,5580.130251859084,5507.459745322161,5549.85498046875,15563
2025-01-02,5549.8550498798195,5576.271817514079,5420.196363925409,5457.24853515625,33393
2025-01-03,5457.44638395576,5521.855429015453,5372.359293850576,5383.63818359375,32166
2025-01-06,5384.577971755637,5402.6835187049555,5227.908806346306,5293.99951171875,31339
2025-01-07,5327.836862405771,5377.207064659713,5283.314548792352,5307.30712890625,15412
2025-01-08,5307.307114396896,5307.307114396896,5126.15067110328,5138.4189453125,23671
2025-01-09,5144.3060167075,5531.05641954572,5144.3060167075,5221.47802734375,107880
2025-01-10,5221.47806390753,5221.47806390753,5045.86226924271,5057.19091796875,21739
2025-01-13,5070.597295539131,5094.293255652145,4726.09330165469,4769.92333984375,41736
2025-01-14,4784.6646571574265,4907.348366315309,4740.93365791194,4880.88232421875,17488
2025-01-15,4880.8821319319295,5013.954375735679,4828.197396002192,4961.96240234375,17522
2025-01-16,4996.7394141819395,5149.698394541313,4996.393032896688,5014.54833984375,23207
2025-01-17,5010.590636189954,5158.651963888715,4924.068748619705,4937.02978515625,15047
2025-01-20,4965.722170451287,4965.920240644891,4858.3739226939715,4873.6103515625,10829
2025-01-21,4863.8156667858175,4912.295521886002,4720.354871081191,4814.0498046875,35645
2025-01-22,4823.2507878066735,4823.2507878066735,4698.340959712194,4772.990234375,18529
2025-01-23,4778.72861409336,4862.826322622954,4715.358710493516,4758.94091796875,10410
2025-01-24,4830.32468694782,4830.32468694782,4575.904493716772,4593.7626953125,23102
2025-01-27,4554.4844694697595,4697.747190670836,4414.634835860273,4629.083984375,32183
2025-01-28,4689.683778837392,4710.658929062121,4383.023778161334,4478.94482421875,29472
2025-01-29,4452.231627869143,4726.340495185734,4452.231627869143,4703.78271484375,19485
2025-01-30,4651.097696931969,4788.622176802964,4507.043181109367,4547.65771484375,40288
2025-01-31,4549.1908179778675,4622.405285252848,4491.806505789369,4565.56494140625,29370
2025-02-01,4599.649515513742,4627.352287386056,4353.243446795813,4417.25634765625,29566
2025-02-03,4402.76235525761,4452.231595204325,4138.645889942882,4189.6982421875,68493
2025-02-04,4365.165756338174,4365.165756338174,4166.596032886562,4190.2919921875,96804
2025-02-05,4056.4775000218538,4341.420309779486,4056.4775000218538,4255.44287109375,85940
2025-02-06,4278.1000579805805,4424.727084844397,4250.991009921964,4286.01513671875,33419
2025-02-07,4286.014911591144,4318.664609671132,4210.128904935713,4306.7919921875,26882
2025-02-10,4333.505136667098,4339.837102347648,4179.161118100873,4237.13916015625,15682
2025-02-11,4056.477388190598,4303.872846394578,4056.477388190598,4281.46337890625,47964
2025-02-12,4266.425400237104,4327.321842471822,4071.9615246365543,4269.3935546875,30133
2025-02-13,4231.598661694429,4386.734000406043,4184.5536091156455,4202.0654296875,25595
2025-02-14,4202.065324303555,4284.035947069748,4057.565875494371,4102.4345703125,111144
2025-02-17,4102.879612419315,4390.642269837102,4021.8986137993666,4319.20849609375,85290
2025-02-18,4254.354668151279,4378.02776896963,4139.586030591849,4322.2265625,57754
2025-02-19,4322.226696100732,4548.696788699914,4296.30462012873,4399.1513671875,38871
2025-02-20,4399.150710696685,4476.272957382989,4367.144019372352,4402.3662109375,16077
2025-02-21,4392.868466537664,4490.817560723977,4309.760144197762,4358.53662109375,19886
2025-02-24,4335.484005541753,4432.443711735978,4258.510064679834,4369.17236328125,23177
2025-02-25,4369.17202398981,4525.69287364495,4353.292593110954,4369.9140625,25601
2025-02-27,4353.9858600900125,4379.808416758078,4180.200034390012,4255.640625,26043
2025-02-28,4263.259078344741,4284.184470123135,4089.5230118580316,4240.849609375,48290
2025-03-03,4240.849792908562,4370.904139879936,4102.08856951231,4347.40625,31488
2025-03-04,4311.738946712916,4412.656196039377,4234.566932522093,4378.47314453125,19831
2025-03-05,4335.483661214428,4536.328750951199,4335.483661214428,4513.17724609375,30326
2025-03-06,4536.328994038322,4572.936229104716,4496.753604777356,4533.36083984375,22806
2025-03-07,4534.350456789097,4790.155698985802,4501.750034976632,4730.94140625,51518
2025-03-10,4727.280319148604,4796.537251409048,4610.532919052426,4635.21826171875,21783
2025-03-11,4585.798016856153,4616.122560844245,4501.700318596655,4576.8935546875,25301
2025-03-12,4576.844515216814,4639.373340707065,4524.80278145543,4585.69921875,14097
2025-03-13,4585.69895248512,4594.653173689658,4418.591976806763,4438.13232421875,22836
2025-03-17,4451.934796485873,4563.932861425716,4413.051685570633,4488.59130859375,19334
2025-03-18,4488.59130859375,4488.59130859375,4488.59130859375,4488.59130859375,0
2025-03-19,4501.700775862609,4524.30831484012,4452.231536567416,4472.810546875,23526
2025-03-20,4485.870343117,4578.872507266316,4458.31588190635,4471.919921875,30749
2025-03-21,4459.6522173659505,4551.170316113893,4422.550285441109,4468.60595703125,38832
2025-03-24,4473.9976722626225,4588.766298972589,4430.464744889877,4443.42578125,29029
2025-03-25,4479.43921504225,4501.700370721643,4351.0172746287735,4383.0732421875,82246
2025-03-26,4387.030718725421,4412.655685390941,4333.603945852975,4346.6142578125,26775
2025-03-27,4353.29301341519,4469.6940356656505,4328.1627367300825,4414.189453125,30400
2025-03-28,4416.613220382311,4518.915499879991,4274.14182617643,4376.7412109375,44712
2025-04-01,4400.783072432645,4438.528001490498,4351.066492084232,4398.35888671875,14941
2025-04-02,4401.772988123149,4517.531010063002,4313.173772262249,4506.44970703125,19312
2025-04-03,4483.940981071098,4548.647130460317,4456.881694527951,4473.20654296875,11047
2025-04-04,4475.976397029777,4475.976397029777,4303.823458682478,4351.2646484375,17563
2025-04-07,4239.5133912094,4293.830514001095,4045.544474674022,4272.1630859375,28011
2025-04-08,4315.795366742233,4351.264907077915,4272.658094501403,4311.19482421875,17039
2025-04-09,4270.184643635354,4358.091576581884,4230.114560672603,4341.9150390625,16587
2025-04-11,4382.974378036078,4586.738357540866,4363.582340601687,4438.42919921875,41748
2025-04-15,4531.382160669202,4538.307853927867,4422.549838033042,4495.36865234375,20817
2025-04-16,4517.827261171736,4581.840645900852,4470.040172355873,4478.1533203125,19342
2025-04-17,4479.934440226564,4541.7709911351685,4410.677503208927,4422.35205078125,23572
2025-04-21,4422.351855581574,4631.310112427872,4379.313618048864,4608.0595703125,45006
2025-04-22,4650.1083177170185,4700.765010076889,4591.140890089769,4609.642578125,31154
2025-04-23,4650.108245727194,4677.01970370763,4541.275925082515,4551.5654296875,21422
2025-04-24,4574.915291335708,4646.843759159724,4538.9017814231765,4566.10986328125,17499
2025-04-25,4573.925933055969,4591.240167066023,4402.960432755913,4476.8671875,18448
2025-04-28,4464.104334309192,4483.100716205051,4412.65632336414,4441.744140625,13768
2025-04-29,4463.906194307255,4505.5593914445535,4404.5431056834705,4424.0341796875,8912
2025-04-30,4445.30559819899,4445.30559819899,4305.109588519813,4344.58642578125,22865
2025-05-02,4343.399055211825,4343.399055211825,4255.54188259618,4257.12451171875,17083
2025-05-05,4287.894507149479,4333.505241124296,4225.662302475313,4329.943359375,12223
2025-05-06,4349.335307379011,4356.557622725762,4255.6403794699245,4273.54833984375,11105
2025-05-07,4160.461796680762,4322.621856214409,4160.362761588827,4314.41015625,14614
2025-05-08,4335.285921425936,4477.85636108339,4254.354441795637,4282.15625,21582
2025-05-09,4254.354275082457,4297.887202548417,4183.712303041387,4284.23388671875,7737
2025-05-12,4422.550109963184,4472.0193505667985,4353.2931731181225,4449.0654296875,18783
2025-05-13,4462.124966071528,4570.957282317176,4432.542460366175,4517.23388671875,24187
2025-05-14,4556.215912889532,4616.1727267282995,4313.71760850728,4428.38720703125,123140
2025-05-15,4378.027967758832,4471.030143797099,4305.802873601455,4458.3662109375,33837
2025-05-16,4452.231121495278,4649.118675534735,4423.7370355569055,4524.060546875,48817
2025-05-19,4524.159930994063,4902.401535323831,4514.859327677687,4850.8544921875,138035
2025-05-20,5095.331295383702,5366.422707992466,4998.371593063779,5247.9931640625,887083
2025-05-21,5243.739219158986,5243.739219158986,5076.533195000898,5150.4404296875,90158
2025-05-22,5150.440297508377,5268.374667816094,5103.246452507902,5140.0517578125,52172
2025-05-23,5141.2388198216895,5199.216862808675,5066.738341363563,5113.43701171875,24654
2025-05-26,5137.380224453813,5331.794324425921,5081.974679423593,5279.35693359375,79485
2025-05-27,5312.996514686032,5332.784211202554,5164.687825914315,5184.97021484375,38766
2025-05-28,5221.973138568725,5331.201127303032,5174.284596470271,5266.89111328125,55361
2025-05-29,5316.953567218702,5342.67757033513,5203.174322665269,5212.27685546875,37696
2025-05-30,5212.078908856385,5259.470342178735,5135.995317531599,5157.26708984375,27106
2025-06-02,5149.747306777233,5201.690002955101,5100.772764666671,5113.634765625,21049
2025-06-03,5152.715815332435,5243.739212991917,5108.193501259862,5141.337890625,23302
2025-06-04,5148.758629683423,5178.934866848171,5105.720389792718,5119.57177734375,12471
2025-06-05,5139.359150164405,5154.694613987208,5046.851674846209,5061.19775390625,18211
2025-06-06,5012.717697076335,5057.734701954846,4906.358839396338,4940.9873046875,37153
2025-06-09,4945.93445307834,5031.0215430892895,4922.189218656679,4969.6796875,23422
2025-06-10,4996.393322954182,5033.495253570178,4912.295613557923,4944.9453125,18156
2025-06-11,4970.668846365638,4977.099847062568,4899.433146338106,4940.9873046875,15508
2025-06-12,4966.2165319517735,5162.60939610008,4917.2419890029505,4945.439453125,72265
2025-06-13,4896.464910176178,5019.148613724742,4857.878906640743,4945.439453125,21180
2025-06-16,4945.4399095398785,5050.31469805868,4863.320971360063,5025.580078125,20435
2025-06-17,5053.777098216481,5103.246333711944,4993.919323266971,5029.04248046875,28234
2025-06-18,5055.756142416886,5070.596913872122,4953.849511757603,4973.63720703125,11821
2025-06-19,4971.658582175632,4995.898509591214,4836.112865606863,4858.3740234375,20697
2025-06-20,4849.964248124617,4886.0767930157945,4812.3676260461325,4846.99609375,13483
2025-06-23,4867.772866376028,4884.097714403509,4808.409782639735,4872.22509765625,12557
2025-06-24,4909.821415918195,4946.428648641414,4879.645183538244,4908.83203125,10838
2025-06-25,4880.140274631738,5016.180677624513,4880.140274631738,4951.3759765625,19957
2025-06-26,4996.393351472182,5021.1279720240245,4951.871034478865,4963.74365234375,14331
2025-06-27,5000.845616679435,5169.5357299733005,4964.733070431775,5054.76708984375,80525
2025-06-30,5095.331421194007,5134.9068108731835,5021.12756554555,5107.69873046875,34638
2025-07-01,5095.331272472567,5189.322820217208,5078.5117323498425,5150.73681640625,38631
2025-07-02,5150.736866970592,5196.248564220044,5033.989469678519,5078.01708984375,25248
2025-07-03,5099.78374994303,5169.535375584893,5061.197744268808,5087.9111328125,30048
2025-07-04,5131.938587554899,5134.906741740877,5021.127497945076,5096.8154296875,13543
2025-07-07,5120.066250306773,5125.013174220114,5033.9897742146595,5102.25732421875,12959
2025-07-08,5125.012816733189,5152.220896358703,5048.830193781749,5112.6455078125,26724
2025-07-09,5159.146716037803,5159.146716037803,5045.862163542583,5062.18701171875,12498
2025-07-10,5072.08092269122,5092.85800244866,5016.67537667138,5061.6923828125,14497
2025-07-11,5070.5965121689505,5109.1825148957,4967.700504897619,4991.9404296875,17605
2025-07-14,5016.180459606632,5016.180459606632,4911.30568076673,4945.439453125,18091
2025-07-15,4948.4079294171715,5028.053403438581,4948.4079294171715,5003.8134765625,15509
2025-07-16,5035.9684968606025,5035.9684968606025,4889.044858003274,4939.0087890625,21219
2025-07-17,4968.690302541846,5093.352783250781,4919.71575654905,5068.6181640625,29190
2025-07-18,5045.861964875037,5204.163516714254,4991.445806430306,5002.82373046875,48361
2025-07-21,5040.420698381196,5040.420698381196,4930.104296797233,4969.6796875,11089
2025-07-22,4976.605478026668,5049.819952256085,4961.270013829965,4999.361328125,13451
2025-07-23,5001.3398592921085,5044.872787839854,4974.626471319629,5035.4736328125,12808
2025-07-24,5026.07435901713,5144.800524978164,5011.233588272,5097.31005859375,31751
2025-07-25,5097.310462091179,5111.161849216427,4966.711669195985,4991.4462890625,14923
2025-07-28,4995.403540129151,5005.792079873924,4800.494746822468,4826.21875,28377
2025-07-29,4818.303973319211,5045.8624771926025,4797.032200131046,4998.86669921875,25797
2025-07-30,5036.1158651507785,5115.58120424586,4893.078254779632,4978.0068359375,97572
2025-07-31,4938.274395778841,4981.483675918916,4767.920567180617,4960.6240234375,28169
2025-08-01,4966.583826069958,4980.490260782954,4773.880373618444,4793.5478515625,17201
2025-08-04,4830.300655165573,4830.300655165573,4680.8064794230995,4727.591796875,13767
2025-08-05,4727.591606163414,4767.82093422541,4596.076566490256,4618.9228515625,21733
2025-08-06,4654.185532618472,4680.905655618607,4554.953288418647,4611.07568359375,12348
2025-08-07,4616.9361786993,4642.365184088151,4500.916978198713,4542.93408203125,13464
2025-08-08,4559.324018261496,4566.17780703699,4375.560414039627,4476.779296875,9389
2025-08-11,4452.0459386408,4583.660415854077,4422.246434366096,4567.3701171875,8446
2025-08-12,4567.369751982255,4636.802494386904,4559.323789467843,4614.85009765625,9274
2025-08-13,4647.331950808529,4647.331950808529,4554.357403859197,4576.70703125,7187
2025-08-14,4582.070981950819,4597.269020042179,4486.8119975800655,4495.15576171875,10266
2025-08-18,4565.18434374124,4565.18434374124,4471.018110066655,4517.10791015625,14157
2025-08-19,4543.4309009848575,4547.106367036999,4487.407932222041,4496.14892578125,12436
2025-08-20,4530.517945465602,4566.774008830981,4456.515843528047,4554.15869140625,19847
2025-08-21,4553.364116974434,4631.140626797769,4521.577980032204,4561.90673828125,17281
2025-08-22,4566.277195382327,4618.426325849495,4505.684872363331,4571.044921875,11232
2025-08-25,4571.243811411574,4593.8912399381115,4520.684084425411,4558.1318359375,6672
2025-08-26,4557.138249637864,4557.138249637864,4420.259399760323,4449.95947265625,14459
2025-08-28,4468.932336069692,4554.85424028619,4369.600654894548,4523.46533203125,53145
2025-08-29,4522.571269265389,4708.32150589017,4507.274287958703,4578.59423828125,82714
2025-09-01,4614.452818517393,4658.655412516752,4562.999206475873,4598.6591796875,9109
2025-09-02,4608.890251786524,4653.589505153095,4562.303793614729,4632.9287109375,8313
2025-09-03,4663.622133896779,4663.622133896779,4598.8576878917165,4637.7958984375,5081
2025-09-04,4668.588997451861,4672.462835999344,4570.250633462982,4616.9365234375,9481
2025-09-05,4574.223950751482,4662.7285763135915,4574.223950751482,4617.234375,7664
2025-09-08,4618.922812166899,4633.723134496922,4517.902306332332,4542.93408203125,11357
2025-09-09,4563.197586670317,4608.98958450269,4520.882197360736,4588.427734375,6432
2025-09-10,4607.897187880811,4643.756021219381,4571.2438951126405,4596.970703125,8347
2025-09-11,4606.208483756145,4631.339202741868,4579.885590700346,4598.6591796875,5479
2025-09-12,4618.922852283422,4639.683075196548,4570.449189260183,4585.24951171875,6147
2025-09-15,4604.917172838061,4604.917172838061,4537.073830632172,4587.236328125,11327
2025-09-16,4599.0565752003295,4668.092089666079,4589.620066028751,4640.77587890625,15448
2025-09-17,4676.535462022862,4680.806530226104,4573.2305155380745,4638.98828125,11569
2025-09-18,4638.988399257244,4666.801270172195,4586.243179197082,4615.34716796875,12140
2025-09-19,4623.889495744737,4645.245805982871,4576.210291492161,4624.8828125,13953
2025-09-22,4633.822547740727,4686.567763133388,4585.150027946665,4600.84423828125,13691
2025-09-23,4599.056595761712,4604.0231795584305,4524.557838810928,4568.85986328125,10779
2025-09-24,4559.32406804761,4598.6595099520055,4541.4443658199725,4579.98486328125,6922
2025-09-25,4569.256953823495,4591.90438123962,4549.887277606199,4561.50927734375,5206
2025-09-26,4521.577828665222,4541.344734910851,4455.02560667037,4479.65966796875,7117
2025-09-29,4494.758483272433,4509.459377785121,4339.8010637386205,4391.9501953125,10677
2025-09-30,4389.466738130223,4427.510575820349,4340.794217159782,4367.61376953125,6001
2025-10-01,4384.500409268119,4579.091075784149,4337.119003316641,4559.0263671875,23356
2025-10-03,4599.056648958333,4797.620574444326,4564.290561979167,4656.17236328125,36383
2025-10-06,4672.561877209901,4687.858857780513,4612.863444997914,4635.3125,9763
2025-10-07,4668.588869205277,4668.588869205277,4606.407141730993,4634.91552734375,7838
2025-10-08,4653.689087226856,4653.689087226856,4596.772230071157,4631.935546875,6330
2025-10-09,4618.922954083713,4655.973475385635,4577.998109386586,4635.412109375,5951
2025-10-10,4667.595517979044,4667.595517979044,4547.404188403503,4560.81396484375,10386
2025-10-13,4569.256996475623,4595.977119734034,4491.77829088321,4506.57861328125,12024
2025-10-14,4499.724739577148,4510.452366141154,4430.291997883947,4451.8466796875,10723
2025-10-15,4451.846794779083,4457.906123928595,4406.353081854579,4424.431640625,9629
2025-10-16,4427.212788978727,4578.693594524892,4427.212788978727,4565.0849609375,12862
2025-10-17,4565.2841046691765,4583.461608467783,4482.639951238904,4496.54638671875,7370
2025-10-20,4499.625639152767,4499.824496518356,4450.059228234727,4461.1845703125,8113
2025-10-21,4461.879640148948,4537.4711456873065,4461.879640148948,4505.38720703125,2267
2025-10-23,4505.684763148171,4516.611247362155,4420.259522929753,4430.09326171875,15543
2025-10-24,4430.093263933865,4467.93872900663,4392.446656217723,4431.98046875,9284
2025-10-27,4453.932738275018,4453.932738275018,4378.440667648739,4398.505859375,12293
2025-10-28,4414.299820862676,4461.184567422679,4383.606429012836,4407.84326171875,7890
2025-10-29,4419.266332433679,4425.822320152951,4382.5136117548645,4394.333984375,9528
2025-10-30,4411.81647072014,4443.602607625025,4385.593004777203,4403.7705078125,10899
2025-10-31,4420.259709846725,4431.086765840285,4374.666566247629,4382.513671875,6304
2025-11-03,4381.023839136577,4444.099457271749,4372.680074843553,4427.3125,14889
2025-11-04,4458.799876251964,4461.482025389615,4375.560129542749,4420.85546875,10292
2025-11-06,4421.1534945475905,4440.125941772177,4352.714066408429,4366.0244140625,13040
2025-11-07,4359.667363317529,4463.866196915898,4296.095089165712,4418.869140625,15226
2025-11-10,4386.4868922763435,4488.103004673117,4386.4868922763435,4471.11767578125,12394
2025-11-11,4471.912051186215,4497.241628552995,4452.14514467612,4467.83935546875,6835
2025-11-12,4491.778276955602,4504.691394514299,4449.462887028904,4463.46875,6720
2025-11-13,4482.838520050919,4529.524407585241,4456.416197336416,4492.076171875,8760
2025-11-14,4489.592741316254,4508.664616450515,4346.6545615392215,4383.70556640625,47192
2025-11-17,4360.660841584506,4389.169228337364,4316.954901486621,4354.3037109375,21154
2025-11-18,4354.303616110665,4379.037107396551,4281.1954027172815,4290.13525390625,17167
2025-11-19,4296.194410198001,4404.664309240833,4280.499714399257,4380.82470703125,13101
2025-11-20,4410.326397834789,4410.326397834789,4316.1601633476575,4339.60205078125,13531
2025-11-21,4305.034683489798,4390.459921787012,4296.094832970322,4365.9248046875,13198
2025-11-24,4365.925232982903,4365.925232982903,4190.307012890523,4215.83544921875,23033
2025-11-25,4215.835451972162,4248.416049742279,4176.897238523798,4199.9423828125,10178
2025-11-26,4211.066783105885,4211.066783105885,4164.976984549467,4171.1357421875,59854
2025-11-27,4177.493243203037,4200.339529669318,4113.622681766959,4143.3232421875,16303
2025-11-28,4143.422136438763,4160.01072085624,4118.092558267361,4129.01904296875,7140
2025-12-01,4143.521455324143,4164.381107383136,4072.5987353271585,4089.087890625,9320
2025-12-02,4103.391492162806,4147.097429140575,4052.7323379385734,4081.24072265625,7822
2025-12-03,4092.4651361383253,4092.4651361383253,4035.3494212529,4055.315185546875,6192
2025-12-04,4009.4237914430973,4063.1623267493774,3998.100077048342,4036.3427734375,7171
2025-12-05,4023.9262484938467,4064.552807516767,3996.113378842445,4018.66162109375,10741
2025-12-08,4018.6615511109876,4032.6674143737014,3990.15340871655,3997.2060546875,10052
2025-12-09,3993.331994169815,4057.6989687860123,3953.301280198724,3994.52392578125,16519
2025-12-10,3988.1668997244888,4046.772590156306,3958.3673961150903,3977.33984375,7479
2025-12-11,3977.3398725972993,3983.8956179335264,3862.015695788899,3883.471435546875,27162
2025-12-12,3893.801716556319,3906.3176047916977,3837.2820896639773,3875.325927734375,25750
2025-12-15,3874.9287283020653,3983.2002564704644,3865.3927902854775,3929.759765625,15554
2025-12-16,3941.4808351612132,3941.4808351612132,3864.002129228105,3870.16064453125,7723
2025-12-17,3882.8751511019664,3882.8751511019664,3794.469960913152,3804.701171875,12142
2025-12-18,3805.2971734552957,3818.0116768010903,3760.498731971283,3789.7021484375,12032
2025-12-19,3811.3565346262467,3879.895393341183,3789.7021800377024,3871.750244140625,14985
2025-12-22,3871.7502417272713,3923.6013297861937,3859.3337818228847,3905.423583984375,9997
2025-12-23,3905.423546850864,3930.3558951054038,3854.069117676405,3888.835205078125,13339
2025-12-24,3864.0022646249113,3898.7683518387603,3841.6526371302944,3883.570556640625,12030
2025-12-26,3859.0357477019647,3892.013816786707,3836.3880762792915,3867.578369140625,14270
2025-12-29,3887.8418430747347,3918.0385759202677,3836.288799645117,3884.365234375,24635
2025-12-30,3884.3651699123952,3884.3651699123952,3790.7947801055984,3833.0107421875,40467
2025-12-31,3849.59909061286,3970.2870765526004,3836.2887430765936,3931.746337890625,13943
2026-01-01,3958.3673021659706,3992.5373018234873,3878.9019610936302,3889.331787109375,11232
2026-01-02,3889.8285256488807,3918.6347123812143,3842.447363559908,3908.5029296875,9213
2026-01-05,3893.80167730558,3946.4474652895587,3873.9353422172862,3934.031005859375,10771
2026-01-06,3899.8610284282586,3934.0310279685696,3862.015562868779,3871.94873046875,8765
2026-01-07,3872.9419789761637,3898.6687856031176,3775.5969382119515,3785.033447265625,13077
2026-01-08,3785.232131146036,3802.714603136322,3732.8843863638044,3770.928466796875,17458
2026-01-09,3741.128964567853,3787.1195790930287,3710.534759834522,3729.308349609375,11000
2026-01-12,3728.911078915864,3734.8709794149304,3597.7932679364035,3633.652099609375,22816
2026-01-13,3669.8088258470493,3669.8088258470493,3578.0264528253956,3593.025390625,13543
2026-01-14,3590.84000252657,3621.5333926815083,3561.537158799175,3593.621337890625,20957
2026-01-15,3593.621337890625,3593.621337890625,3593.621337890625,3593.621337890625,0
2026-01-16,3593.6214125297543,3616.6663127939078,3577.9269592649425,3609.017822265625,8788
2026-01-19,3580.906862198235,3601.26985545068,3556.173372275683,3586.767333984375,8983
2026-01-20,3586.1715024590912,3590.8400426711432,3518.3279200943816,3560.643310546875,11591
2026-01-21,3560.9410727166373,3567.8942898741707,3501.342068509208,3536.108154296875,13793
2026-01-22,3541.074781540096,3638.519251621509,3541.074781540096,3623.818115234375,10999
2026-01-23,3640.40654328062,3667.7227545299897,3575.940381735698,3613.09033203125,8810
2026-01-27,3605.739884391871,3613.090331505222,3513.361424543815,3526.075927734375,86952
2026-01-28,3526.076032424914,3626.003557205924,3521.9041503580943,3597.79345703125,8743
2026-01-29,3633.8508467854494,3640.605449432157,3539.684366969302,3593.720703125,14733
2026-01-30,3603.256619849781,3637.5260487635833,3548.5247682621166,3622.129638671875,25705
2026-02-02,3625.308104906282,3631.4666202730605,3528.45972148921,3607.52783203125,9675
2026-02-03,3647.161186161652,3794.4701136842255,3618.951086508534,3734.473876953125,37945
2026-02-04,3752.6513086689692,3764.471923675269,3675.66925939831,3730.79833984375,17790
2026-02-05,3719.971229883536,3771.6237008992753,3699.0121494485606,3728.613037109375,19708
2026-02-06,3712.024809476757,3720.4680021127087,3590.840162231329,3624.016845703125,17747
2026-02-09,3640.5059877794733,3917.1447101796325,3628.784801308838,3899.463623046875,47756
2026-02-10,3899.7615488588017,3933.5343182579863,3805.8931162640088,3830.03076171875,27108
2026-02-11,3830.0307647121117,3842.645838907519,3764.96851773048,3823.971435546875,18755
2026-02-12,3823.971587949627,3827.9448550992242,3727.9179031099025,3743.910400390625,14947
2026-02-13,3680.238512206964,3759.7038512019863,3609.4149803258565,3629.18212890625,51319
2026-02-16,3629.579365191354,3724.9377721586147,3581.999590385236,3609.116943359375,12723
2026-02-17,3588.952902613146,3682.125821214577,3588.952902613146,3629.778076171875,15093
2026-02-18,3615.2759167129784,3784.4375734851374,3611.6998792348945,3641.697998046875,39498
2026-02-19,3644.4792790930637,3663.5509128367257,3516.34141400639,3526.771240234375,26015
2026-02-20,3526.771083191585,3561.040510700418,3501.4415063372307,3549.716796875,7149
2026-02-23,3536.2077164706707,3568.49051163508,3516.3413809848803,3547.630859375,12198
2026-02-24,3546.1409794861306,3562.034048301755,3491.0118970319345,3507.00439453125,13316
2026-02-25,3510.4809451909773,3531.439783839052,3490.515180818446,3502.931640625,12078
2026-02-26,3498.4615648325707,3536.2076010232686,3494.587726542903,3505.81201171875,8698
2026-02-27,3505.811998441596,3513.6593461779566,3398.136561035296,3429.02880859375,22699
2026-03-02,3377.27703275609,3586.8668721418358,3355.622678573682,3565.4111328125,61511
2026-03-04,3541.2737924072985,3553.8888671647733,3443.5312745623605,3468.463623046875,22401
2026-03-05,3462.205556919,3487.2370906964647,3417.009644470337,3430.816650390625,13428
2026-03-06,3438.4654913065365,3476.608758972817,3397.3420307664405,3407.5732421875,10926
2026-03-09,3377.27708774021,3378.4690193870274,3269.9988743649324,3290.659912109375,19702
2026-03-10,3310.5261984391736,3451.7757954369863,3302.7782790871884,3438.6640625,19606
2026-03-11,3438.664074810222,3526.175137554234,3416.2150185962278,3430.320068359375,22976
2026-03-12,3421.976354167084,3471.642193850206,3355.622743848637,3446.51123046875,16674
2026-03-13,3435.7832484026058,3475.6153475313768,3398.7327272160387,3440.253173828125,22378
2026-03-16,3426.942817188565,3460.0203137519193,3331.584408362449,3442.537841796875,19431
2026-03-17,3451.775667744328,3451.775667744328,3377.1774836479062,3397.24267578125,23085
2026-03-18,3397.2428607296583,3487.733875066216,3388.2035809098006,3401.11669921875,26789
2026-03-19,3374.296974573971,3382.442123361405,3278.0446792207094,3287.87841796875,17083
2026-03-20,3287.87847233509,3342.4114654013483,3277.945304744954,3290.063720703125,17694
2026-03-23,3223.312799069188,3266.0254185946037,3101.333455736671,3142.258056640625,31011
2026-03-24,3148.814188456034,3341.6170722038896,3128.4511944928327,3307.744873046875,26846
2026-03-25,3324.2339235601125,3485.5484663200987,3301.48682454127,3374.49560546875,30913
2026-03-27,3370.721146050073,3370.721146050073,3212.1879296201296,3269.40283203125,134983
2026-03-30,3218.3463958524508,3255.397160578104,3131.133133290208,3191.924072265625,52736
2026-04-01,3209.307099380407,3306.2549144709346,3209.307099380407,3249.83447265625,16899
2026-04-02,3228.279503188944,3299.798310644207,3153.3835157185517,3288.871826171875,12641
2026-04-06,3288.8718220900832,3292.845089166,3198.3805674324885,3269.2041015625,29014
2026-04-07,3267.018970841921,3337.544463979585,3241.0933052341998,3297.01708984375,31732
2026-04-08,3428.4327697627264,3564.0205064200095,3369.628466542095,3554.186767578125,54070
2026-04-09,3525.3807228237165,3594.5154260284453,3487.5352560520846,3519.91748046875,26005
2026-04-10,3534.2211660030434,3605.739975433122,3524.486612884375,3586.4697265625,15689
2026-04-13,3555.0806858462256,3600.7732568294405,3466.77492284095,3557.166748046875,12211
2026-04-15,3613.686339527046,3656.597574661197,3582.79409157258,3645.373046875,19527
2026-04-16,3671.298869664776,3710.5348830175244,3612.693178834088,3656.10107421875,12712
2026-04-17,3666.8288865341196,3757.717371734681,3641.896538399008,3677.75537109375,20205
2026-04-20,3693.15183447172,3696.231213532027,3587.860254467954,3626.599609375,9415
2026-04-21,3651.8296793486784,3704.9721265891435,3636.532698081182,3668.716064453125,10838
2026-04-22,3658.4852030874226,3748.7776032039237,3658.4852030874226,3732.4873046875,11455
2026-04-23,3734.8711758715317,3763.57793444844,3690.1719197773245,3712.422119140625,8963
2026-04-24,3715.9981455023835,3747.784283074176,3595.806812809042,3625.804931640625,13869
2026-04-27,3655.9023299217097,3665.338839128137,3606.73315037243,3620.739013671875,8692
2026-04-28,3634.545951333018,3650.439019171588,3611.799094992652,3626.8974609375,11188
2026-04-29,3664.742819218862,3704.9721486781264,3559.153439855186,3579.019775390625,17700
2026-04-30,3543.757059606951,3642.4926510445443,3543.757059606951,3617.560302734375,19807
2026-05-01,3617.560302734375,3617.560302734375,3617.560302734375,3617.560302734375,0
2026-05-04,3623.718892012292,3721.9578204812406,3615.6729294239967,3625.010009765625,22275
2026-05-05,3625.6061188080453,3663.352155113444,3546.140779217732,3596.601318359375,14259
2026-05-06,3662.2594521926912,3809.3697608201296,3615.672993320801,3777.385009765625,49901
2026-05-07,3814.336386821242,3903.734895887365,3742.221492504312,3831.42138671875,96463
2026-05-08,3856.0556545865184,4062.6655402521533,3789.5034317999916,4002.867919921875,105032
2026-05-11,4002.8679015431167,4002.8679015431167,3837.778705621995,3847.016357421875,26701
2026-05-12,3830.5274885333183,3867.081593979117,3709.938687783313,3730.79833984375,19397
2026-05-13,3744.804293510596,3958.864061481825,3744.804293510596,3834.699462890625,48239
2026-05-14,3864.499007211577,3948.434276742326,3838.176112033295,3870.95556640625,27013
2026-05-15,3870.955504496609,3899.4636476753503,3821.686895041636,3829.434814453125,13560
2026-05-18,3824.269489736268,3836.6859491185282,3733.579621906442,3805.793701171875,17829
2026-05-19,3818.3096991736807,3943.4676133505495,3697.7211391846386,3784.4375,183817
2026-05-20,3823.2761277295776,3823.2761277295776,3581.006272134245,3599.283203125,78016
2026-05-21,3634.049423810282,3634.049423810282,3536.8038084752025,3559.35205078125,24787
2026-05-22,3559.2526250884384,3571.9671283295606,3456.7423822544133,3466.2783203125,24818
2026-05-25,3496.375700228414,3528.3606951307606,3476.6087929520804,3491.508544921875,18523
2026-05-26,3491.508535482066,3499.256454987208,3460.715714827743,3468.066162109375,15381
2026-05-27,3438.0679664495583,3484.4558112501513,3399.6266558335283,3407.275146484375,16178
2026-05-28,3407.275146484375,3407.275146484375,3407.275146484375,3407.275146484375,0
2026-05-29,3407.2751656553587,3445.2198180983482,3349.4641776391827,3376.97900390625,16081
2026-06-01,3376.9788728118615,3397.1432511376597,3292.9444221048907,3307.943359375,19547
2026-06-02,3296.023548117961,3342.4113912327493,3270.3959278022953,3326.12109375,10345
2026-06-03,3336.849142868175,3336.849142868175,3275.9587751080035,3290.659912109375,12794
2026-06-04,3292.348339943688,3442.835826291997,3281.8190854794266,3420.684814453125,27029
2026-06-05,3449.78904344493,3449.78904344493,3361.8805118166906,3394.9580078125,10841
2026-06-08,3390.5873100929107,3390.5873100929107,3296.8183055467516,3312.413330078125,12380
2026-06-09,3341.51769864988,3345.4909658302013,3250.231982185601,3335.6572265625,19243
2026-06-10,3335.6570525521633,3363.271064007674,3228.279415601938,3264.038818359375,14355
2026-06-11,3228.279479755247,3276.8525724624355,3220.8296040327346,3230.26611328125,7894
2026-06-12,3246.0596670721216,3346.9807445310757,3237.219245118497,3334.067626953125,12145
2026-06-15,3356.4174401798823,3521.904114731261,3356.4174401798823,3424.956298828125,27519
2026-06-16,3468.1653926150775,3468.1653926150775,3408.2683447792756,3438.862548828125,7545
2026-06-17,3430.022351372982,3501.441732545276,3416.8111893838513,3478.99267578125,16421
2026-06-18,3496.4751267975316,3525.2813139217155,3418.8969879181177,3446.114013671875,14318
2026-06-19,3446.809208736161,3510.9775693951865,3398.931388690094,3480.283935546875,17743
2026-06-22,3442.836015857764,3574.7485349036783,3436.8761150801683,3549.021484375,69130
2026-06-23,3603.7533458860207,3838.076681708919,3557.365499885922,3720.76611328125,217101
2026-06-24,3745.797550267094,3755.7307179951954,3666.2327797614093,3733.7783203125,35518
2026-06-25,3753.6445587470253,3757.9158692615024,3607.3291959011326,3627.989990234375,23946
2026-06-26,3627.989990234375,3627.989990234375,3627.989990234375,3627.989990234375,0
2026-06-29,3627.592762093669,3634.6454080049425,3536.2076213180344,3612.096923828125,16286
2026-06-30,3622.626324615977,3639.909939717764,3565.0139509313794,3579.715087890625,13951
2026-07-01,3583.290798031007,3632.3607916859487,3531.439711443595,3540.876220703125,11421
2026-07-02,3555.0807295089066,3635.5393880979595,3512.3681082826192,3613.09033203125,14903
2026-07-03,3635.5393648012937,3714.9052774282018,3626.698942584466,3639.612060546875,20054
2026-07-06,3639.6121028640932,3656.7962891143775,3589.3501768993538,3616.4677734375,8714
2026-07-07,3616.467679667317,3616.467679667317,3481.5752162258727,3512.566650390625,21375
2026-07-08,3500.448349193975,3530.2478527342187,3406.381298187068,3433.697509765625,16889
2026-07-09,3446.7098570714584,3491.5085416218935,3434.889484190187,3454.060546875,8462
2026-07-10,3475.615327646731,3537.2009664904285,3466.8740916961538,3520.115966796875,7676
2026-07-13,3516.241971250173,3516.241971250173,3453.563827960167,3499.554443359375,10089
2026-07-14,3510.083309986977,3655.405597316885,3469.655367235837,3589.449462890625,30219
2026-07-15,3589.4496663713307,3684.8080786635883,3564.1200881061995,3675.768798828125,19750
2026-07-16,3685.2052380409777,3789.503499494968,3656.4984802253284,3767.054443359375,32065
2026-07-17,3765.5645212228983,3767.054496407509,3665.338954141695,3698.118408203125,13458
2026-07-20,3675.2719522105,3715.004621964127,3645.4724498952796,3662.060791015625,15298
2026-07-21,3694.1449866218427,3818.409008827473,3665.3388009235277,3808.078369140625,57136
2026-07-22,3830.8254413655304,3835.69259639414,3715.0046123304633,3739.638916015625,18798
2026-07-23,3728.9111392824248,3731.1958163458476,3645.4725309447253,3673.285400390625,15036
2026-07-24,3665.3388630278746,3673.2853971482605,3601.76659006479,3645.671142578125,11446
2026-07-27,3710.733376449581,3724.9378546370585,3675.371445254945,3713.415283203125,6605
2026-07-28,3734.7716664258414,3734.7716664258414,3662.4583988043482,3675.470703125,6473
2026-07-29,3691.363690581075,3739.6389820627414,3684.7085167988553,3715.699951171875,12912
2026-07-30,3740.0,3740.0,3670.10009765625,3687.89990234375,7715
2026-07-31,3687.89990234375,3714.0,3613.5,3633.800048828125,17332
2026-08-03,3652.0,3750.0,3652.0,3729.699951171875,14660
2026-08-04,3738.0,4250.0,3713.5,3947.10009765625,775498
2026-08-05,3950.0,4099.0,3925.199951171875,4036.60009765625,271306
2026-08-06,4050.0,4186.0,4012.300048828125,4125.0,173650
