Date,Open,High,Low,Close,Volume
2015-01-01,1938.385619056255,2083.3673303176347,1938.385619056255,2039.97216796875,4306
2015-01-02,2035.7019903490382,2075.423004794873,2035.7019903490382,2059.3857421875,1188
2015-01-05,2072.4441962310984,2072.4441962310984,1962.218366915501,1979.94384765625,2388
2015-01-06,1967.1834954072297,1967.1834954072297,1876.8181758302192,1886.3511962890625,1401
2015-01-07,1951.294671477996,2090.318210412815,1862.518187371552,2056.406494140625,3416
2015-01-08,1986.050953670439,2150.893182825085,1986.050953670439,2063.556640625,3093
2015-01-09,2066.485967877298,2109.6825750866506,1856.9575972756115,2002.3365478515625,1639
2015-01-12,1998.017014053418,2204.5166191477224,1984.0649572329503,2149.35400390625,6553
2015-01-13,2184.6561971230426,2184.6561971230426,2085.353642708359,2097.468505859375,1443
2015-01-14,2045.6326654786872,2209.4818838301353,2045.6326654786872,2189.86962890625,5825
2015-01-15,2184.606340745541,2233.314288681684,2177.704862196057,2184.904296875,2934
2015-01-16,2184.6559236202647,2430.9262277374582,2184.6559236202647,2278.149169921875,12675
2015-01-19,2214.4466998169355,2283.9584796318168,2208.9850599743377,2223.681884765625,2872
2015-01-20,2219.5116473598428,2254.1184445533213,2184.6563513249107,2220.4052734375,3442
2015-01-21,2234.1088761022315,2333.6099852851116,2219.4617495988464,2280.23486328125,3042
2015-01-22,2283.9587793029145,2432.9623125011003,2283.9090795375278,2418.315185546875,10936
2015-01-23,2432.9124416757854,2432.9124416757854,2293.8888735800265,2375.4658203125,3065
2015-01-27,2437.8776683976016,2501.4313021155026,2373.3310091528588,2384.55224609375,5425
2015-01-28,2432.9127978566535,2432.9127978566535,2268.070542981468,2312.458740234375,4695
2015-01-29,2298.853990197354,2346.5192133202363,2224.37707906785,2239.6201171875,6136
2015-01-30,2235.30044954309,2283.9090003470014,2209.5314857402855,2254.267333984375,822
2015-02-02,2175.9174361965333,2219.4120017656896,2141.9560124423233,2186.443603515625,2114
2015-02-03,2175.5201824778374,2278.0003594000696,2175.5201824778374,2227.40576171875,2512
2015-02-04,2242.152047669379,2245.4787798739626,2174.725717158199,2184.75537109375,1841
2015-02-05,2184.6560395230617,2209.481676335824,2131.032664007496,2185.599365234375,6115
2015-02-06,2244.237601802739,2244.237601802739,2135.0047981751723,2151.191162109375,2694
2015-02-09,2100.8448304537897,2184.656085107306,1848.0204429021346,1989.973388671875,3840
2015-02-10,2032.2266114703646,2183.1167821926256,1986.001227647369,2036.2484130859375,2809
2015-02-11,2001.0457337922462,2120.109519828759,2000.9464554824117,2078.799560546875,1124
2015-02-12,2085.3537495601386,2228.746548507118,2084.36072396511,2161.2705078125,6442
2015-02-13,2184.606237617394,2241.953455973521,2126.6136497094544,2144.28955078125,2255
2015-02-16,2150.6945502820677,2571.9358941951,1975.127603688824,2456.19873046875,58445
2015-02-18,2542.0958169662104,2757.632070300267,2542.0958169662104,2599.6416015625,66586
2015-02-19,2646.41298597652,2774.9103900840596,2567.070344647906,2713.938720703125,34563
2015-02-20,2711.0588397271545,3256.726316794746,2642.4903848855947,3100.721923828125,78192
2015-02-23,3165.666131427502,3205.4368541669455,2954.2510836280626,2985.481689453125,33948
2015-02-24,2977.0910082159726,3028.728343915516,2864.928805410028,2903.8056640625,9708
2015-02-25,2899.6839303972474,3046.353736658076,2899.6839303972474,2953.853515625,6339
2015-02-26,2969.1464751614944,2969.8415445778014,2790.4018713056184,2843.3798828125,6566
2015-02-27,2899.088316070606,2936.0785168206767,2781.61334815395,2820.937255859375,6443
2015-03-02,2919.444955083872,2919.444955083872,2810.2618616327404,2848.344482421875,5049
2015-03-03,2854.9982148928125,2884.0939125954196,2805.297236602769,2827.491455078125,5010
2015-03-04,2850.926394941833,2869.8435784360504,2757.6317014937413,2789.557373046875,5220
2015-03-05,2789.408945121799,2831.5131341107444,2729.23149603757,2781.067626953125,2218
2015-03-09,2793.4303548310695,3152.855876234196,2730.820050281587,3014.08056640625,22670
2015-03-10,3046.6017583800253,3145.854593122604,2859.9129935249257,2887.916259765625,7179
2015-03-11,2918.8496413064836,2969.3945429897008,2849.983224941206,2885.83154296875,4218
2015-03-12,2861.6509822339694,3075.399702256824,2860.558557305172,2983.743408203125,6252
2015-03-13,3010.6052580669943,3113.135147700182,2879.7741398183507,2909.316650390625,6249
2015-03-16,2938.3626526997637,2990.9930077498097,2914.5300390921952,2939.107421875,3058
2015-03-17,2965.174058428913,3028.727688616271,2959.265605360004,2979.771484375,2404
2015-03-18,3214.4239440169777,3425.938401871663,3177.6819959389336,3301.0654296875,51042
2015-03-19,3336.5657317259693,3359.405318580046,3242.923377136681,3276.43798828125,17651
2015-03-20,3301.9585837855307,3327.0821769622885,3221.324963152081,3320.081298828125,10530
2015-03-23,3285.1767764115743,3324.6495420315728,3267.0043603555464,3300.717529296875,6534
2015-03-24,3290.0423404352473,3351.461064624324,3289.992883110509,3327.876708984375,8603
2015-03-25,3329.0681531245723,3947.7230143766014,3326.635289236433,3746.68505859375,400090
2015-03-26,3902.5900266943845,4008.8437500674886,3783.426972444174,3816.792724609375,61066
2015-03-27,3823.147969357589,3872.7992416869083,3626.5289309334844,3723.94482421875,19487
2015-03-30,3816.197124687716,3996.9277717585364,3753.636516086278,3958.3486328125,21484
2015-03-31,3972.1017949154193,4020.4620857809437,3784.4696848656727,3830.347412109375,10903
2015-04-01,3841.022517754224,4203.476814284806,3830.1986371069474,3893.2060546875,59412
2015-04-06,3931.3876396451556,3931.3876396451556,3862.8688856326485,3915.2509765625,8640
2015-04-07,3930.345309025618,3959.292148400975,3823.247652139196,3870.118408203125,7669
2015-04-08,3899.313408335903,3902.5904411633874,3798.918669930535,3828.80859375,13697
2015-04-09,3847.9738729164856,3895.8376542804144,3763.566704091221,3852.4921875,14977
2015-04-10,3849.5127153420785,3868.8767109060886,3730.002009847525,3745.443603515625,11534
2015-04-13,3775.2349052471836,3894.24911503719,3609.647893884004,3630.600830078125,25021
2015-04-15,3654.432987625282,3674.1443969788556,3436.8610185973594,3471.36865234375,13226
2015-04-16,3495.548898670171,3595.347953972677,3387.209727729824,3453.394775390625,9190
2015-04-17,3433.1871664444097,3641.374868989017,3392.1751641282362,3417.844970703125,12488
2015-04-20,3474.5959287195583,3474.5959287195583,3316.7048876602817,3335.6220703125,6276
2015-04-21,3326.6849804310355,3388.004302395636,3194.5628949007105,3219.78564453125,16989
2015-04-22,3243.1219181569436,3309.754026894657,2936.8232478939453,3111.843994140625,38781
2015-04-23,3177.6817285423876,3276.9842825593373,3133.98860477493,3158.71484375,10483
2015-04-24,3257.073906898064,3264.074785088976,2994.071251377875,3034.04052734375,8847
2015-04-27,3028.7278228910095,3078.4287984394673,2740.3533101063053,2771.782470703125,13656
2015-04-28,2780.5207811372934,3226.339479787489,2724.861659752807,3160.4521484375,22180
2015-04-29,3177.681688212519,3274.005164386461,3068.4985799441665,3165.0703125,11448
2015-04-30,3128.0303655980774,3207.4724066291396,3030.2670523418005,3140.939697265625,6585
2015-05-04,3178.873099632167,3327.0324519003943,3178.674543024892,3310.796630859375,12980
2015-05-05,3323.407717067551,3462.679527725271,3262.088399362637,3280.062255859375,12274
2015-05-06,3265.067619806421,3265.067619806421,3028.7275670345452,3154.841796875,9243
2015-05-07,3099.232289029124,3237.2628203251984,3088.3090095740386,3172.418212890625,10744
2015-05-08,3227.282777500479,3289.8433762903824,3157.820700823701,3235.425537109375,8099
2015-05-11,3209.458575930362,3406.0776347280757,3209.458575930362,3338.849853515625,7107
2015-05-12,3319.0391098611603,3323.2594685323843,3217.402845827236,3271.42333984375,2292
2015-05-13,3254.094649991567,3374.3004273583997,3128.0301195347142,3183.9375,7965
2015-05-14,3175.199039267534,3237.610788976993,3076.0950457857775,3107.425048828125,10675
2015-05-15,3088.358846570388,3197.5419462152286,3088.358846570388,3132.498779296875,24976
2015-05-18,3168.1978923888364,3305.7816123673947,3139.5492545782486,3249.6259765625,4897
2015-05-19,3254.094998626502,3314.4710000167875,3167.751476309955,3191.6337890625,3873
2015-05-20,3224.998731322622,3276.487193499436,3167.750915976118,3241.433349609375,3659
2015-05-21,3232.347723512743,3253.151559386939,3170.730442345084,3234.234375,4534
2015-05-22,3265.067730799947,3336.565564321114,3217.3528086916526,3304.639892578125,6124
2015-05-25,3324.5993882082867,3332.9904044737996,3198.6342598333113,3258.66259765625,4503
2015-05-26,3276.9342853318185,3316.7050030930045,3178.7738650592787,3207.025390625,2631
2015-05-27,3182.6960488796335,3226.2897661717366,3137.9602069355947,3177.135009765625,1742
2015-05-28,3237.263148962607,3237.263148962607,3118.1000882645967,3199.92529296875,4857
2015-05-29,3157.8206815748777,3157.8206815748777,2979.076114693281,3006.980224609375,23607
2015-06-01,3028.7281141693466,3078.3793947295,2767.5623784229406,2783.15283203125,17694
2015-06-02,2928.4319468895415,2928.4319468895415,2730.819889435822,2817.3125,11841
2015-06-03,2781.464584745044,2873.815961532366,2730.8202813455446,2830.0234375,4968
2015-06-04,2869.793947820752,2880.5683712928762,2775.5062266412106,2830.966796875,5843
2015-06-05,2816.46841879231,2928.4320377324007,2784.7413043075,2836.13037109375,3248
2015-06-08,2807.283378615612,2830.1229674759443,2737.423930495918,2773.8681640625,1937
2015-06-09,2756.7873994507313,2889.6542480109842,2710.959373680321,2865.871337890625,4322
2015-06-10,2879.774013693059,2924.460162181399,2846.358801854148,2861.15478515625,3120
2015-06-11,2883.299227977121,2888.2643554581177,2733.898590561506,2755.645751953125,2848
2015-06-12,2759.4692219571225,2864.878789993335,2733.253201258404,2841.989501953125,3084
2015-06-15,2845.2661803900073,2919.4948330325874,2760.6107604865965,2771.583740234375,4323
2015-06-16,2750.730376272074,2800.5802086367526,2682.3107728268783,2737.473388671875,5253
2015-06-17,2747.15550735758,2829.7751853231543,2736.9769953846862,2757.929931640625,3032
2015-06-18,2767.413367484628,2921.48118551012,2757.48311192545,2901.76953125,5960
2015-06-19,2944.3205972590217,2946.306648252114,2835.683704912031,2865.176513671875,2323
2015-06-22,2911.550675131647,3013.6834415942703,2867.8575544952923,2988.46044921875,13046
2015-06-23,3017.6553864910434,3033.9906061188917,2953.5555473134923,3007.973388671875,2176
2015-06-24,3028.1317061036616,3127.037137763216,2890.8956375893663,2941.142822265625,2181
2015-06-25,2911.550873910209,2911.550873910209,2840.0033354958837,2888.760986328125,8434
2015-06-26,2865.9212035035252,2939.4050882148713,2831.6121250595074,2874.759033203125,3197
2015-06-29,2869.8436127260575,2869.8436127260575,2730.8200467116462,2829.328125,4530
2015-06-30,2866.1197648705697,2927.3893879265283,2848.99007550062,2906.982666015625,2198
2015-07-01,2924.360707275,2977.090458467839,2899.634469221511,2917.459228515625,1692
2015-07-02,2974.6082713475175,2998.937399255384,2914.530220799521,2930.6171875,3099
2015-07-03,2933.9927672487624,2977.089970040055,2899.633993501321,2905.294189453125,1467
2015-07-06,2832.108540895076,3006.8810174720516,2832.108540895076,2986.325439453125,3235
2015-07-07,2970.1893260041084,3192.428508009415,2970.1893260041084,3120.2353515625,11225
2015-07-08,3120.2347429490746,3137.960343764784,2941.341309566864,3098.38818359375,7177
2015-07-09,3082.7979155176527,3156.7783140804863,3039.750406246157,3051.765869140625,3376
2015-07-10,3127.9804604662463,3127.9804604662463,3019.7903864278983,3059.7099609375,2692
2015-07-13,3033.7422857879496,3048.5879669767014,2954.250554317813,3000.525634765625,11033
2015-07-14,2993.0286527579988,3192.5770848955435,2969.196039993615,3114.7734375,22340
2015-07-15,3162.7365551776024,3300.8168010747568,3109.311734157591,3181.5048828125,10996
2015-07-16,3205.9829866295836,3310.747182104083,3181.653860666311,3268.493896484375,5647
2015-07-17,3309.058830168809,3316.7050778187236,3147.890747510585,3166.26171875,4988
2015-07-20,3188.1581208657094,3227.283229245313,3083.3442290990984,3128.775146484375,4982
2015-07-21,3147.642833677505,3147.742233210706,2979.0270416270478,3001.3701171875,4644
2015-07-22,2998.9370859864225,3118.1001490057506,2998.9370859864225,3066.31396484375,2457
2015-07-23,3099.629887278846,3113.035732344339,3040.147753185627,3061.497802734375,25046
2015-07-24,3040.0979641089048,3077.386121294318,2991.9859256081895,3010.8037109375,1475
2015-07-27,3010.8038380082803,3058.5187652854565,2930.4184663497995,2954.648193359375,1750
2015-07-28,3062.4904503268904,3062.4904503268904,2889.704024141132,2897.548828125,2869
2015-07-29,2977.9346607594252,2979.076543125809,2904.003717263891,2919.4453125,2252
2015-07-30,2976.097453608815,2976.097453608815,2899.733888861401,2932.304931640625,2241
2015-07-31,2930.5173772572616,3063.4833823558515,2929.9214650375816,3001.468994140625,3382
2015-08-03,3077.386434010283,3112.1423311352787,2979.076896428154,3051.170654296875,7266
2015-08-04,3070.9809646864373,3075.399879538855,2979.0267092207228,3024.50732421875,3693
2015-08-05,3067.405929145042,3326.4367159226954,3009.8601525451854,3228.474609375,16513
2015-08-06,3276.934707176069,3416.0079878431316,3198.0388735025595,3245.3564453125,12847
2015-08-07,3207.9190250276656,3296.844502800101,3179.965455510692,3197.293701171875,3792
2015-08-10,3237.0148765205536,3265.8623158089313,3130.1157783250774,3144.1669921875,2339
2015-08-11,3166.212064354231,3166.212064354231,3030.713785191295,3044.46728515625,3643
2015-08-12,3044.46728515625,3044.46728515625,3044.46728515625,3044.46728515625,0
2015-08-13,3028.6782167687415,3036.6721209048733,2919.4951064291454,2929.57421875,2095
2015-08-14,2890.7963928096756,2975.054454107835,2890.7466930511805,2922.67236328125,4105
2015-08-17,2894.669304655617,2919.4949419168142,2552.125210213188,2623.970458984375,43015
2015-08-18,2622.72895150072,2637.1775196313697,2513.3473001126004,2522.334228515625,15893
2015-08-19,2527.2995777633055,2621.5872997732595,2507.5382250030534,2545.620849609375,9820
2015-08-20,2552.0754577047155,2691.0990234940778,2545.1242794152477,2569.35400390625,11059
2015-08-21,2620.3462048620145,2620.3462048620145,2483.556933532884,2503.8642578125,6656
2015-08-24,2482.5139343123283,2482.5139343123283,2058.1446521666744,2193.344970703125,16062
2015-08-25,2368.3657304040635,2368.3657304040635,2085.353473311754,2283.412353515625,11962
2015-08-26,2358.3860910790827,2358.3860910790827,2197.565644270835,2258.2890625,3716
2015-08-27,2333.609576484396,2373.330590552215,2258.139649755539,2344.1357421875,2649
2015-08-28,2456.7451079689267,2456.7451079689267,2303.8191796636665,2320.899169921875,3143
2015-08-31,2264.048298760899,2334.602804614641,2216.9789899773264,2232.619140625,4003
2015-09-01,2204.51671126716,2279.9866527339636,2174.6265453689725,2234.009521484375,4976
2015-09-02,2317.7715853968007,2333.6102961533243,2196.7713120019444,2226.015869140625,2182
2015-09-03,2318.664847299377,2370.947785439963,2205.5096398393184,2337.9296875,4197
2015-09-04,2333.5605004028207,2333.5605004028207,2234.307638461839,2246.372802734375,3041
2015-09-07,2372.13942513762,2372.13942513762,2011.1249466512493,2172.78955078125,5822
2015-09-08,2214.447011328418,2264.098289609324,2159.830605219421,2189.52197265625,5176
2015-09-09,2227.405915174428,2274.028414307704,2214.4468838018256,2248.1103515625,4024
2015-09-10,2244.1384338092744,2422.8830400047686,2156.25566909649,2305.805419921875,6004
2015-09-11,2393.1914545242594,2466.6753415096514,2323.6796695380776,2451.978515625,7460
2015-09-14,2465.0367166773067,2512.354280357922,2432.9122477774345,2475.16552734375,2080
2015-09-15,2475.16552734375,2475.16552734375,2475.16552734375,2475.16552734375,0
2015-09-16,2462.4052649395703,2462.6535213126626,2368.365799299809,2397.6103515625,929
2015-09-18,2466.6259526484373,2466.675652417265,2383.2614999200628,2424.77001953125,844
2015-09-21,2363.4006101842124,2432.9123928366894,2358.4354828518926,2390.51025390625,625
2015-09-22,2442.6938244426506,2442.7432817663716,2308.8339412242535,2354.711669921875,1576
2015-09-23,2384.2049035223044,2390.5107134216264,2313.7497816210384,2321.644287109375,916
2015-09-24,2382.3178498471966,2408.086812820528,2312.7563657975297,2366.77685546875,2472
2015-09-28,2430.231565573043,2432.9126861681816,2333.610127549072,2380.679443359375,2608
2015-09-29,2403.0717275831644,2403.0717275831644,2333.609650516011,2336.98583984375,928
2015-09-30,2333.659669014045,2566.9709661755824,2293.9386482608447,2476.456787109375,41085
2015-10-01,2507.3893680115775,2556.047617133386,2463.7459461133644,2508.87890625,4884
2015-10-05,2555.054729510118,2569.9501126980895,2444.878593683994,2513.6953125,2256
2015-10-06,2560.9130415557565,2560.9130415557565,2426.954015498661,2446.268310546875,1610
2015-10-07,2504.5592564948024,2552.0756253267164,2444.8288675308854,2540.109619140625,2321
2015-10-08,2575.858385876809,2606.6918754048847,2513.347480628481,2590.1083984375,2637
2015-10-09,2606.592237941226,2609.6707136120226,2532.2644332845,2538.073486328125,1002
2015-10-12,2537.229789489106,2641.4477646480814,2537.1800897277626,2555.104248046875,26967
2015-10-13,2555.253443104858,2567.9145195924234,2482.5640171697073,2498.35302734375,10784
2015-10-14,2480.627915000018,2524.718159400385,2443.836264080824,2462.654052734375,1466
2015-10-15,2532.1652198219767,2532.1652198219767,2432.9620734770056,2487.280517578125,1692
2015-10-16,2487.280517578125,2487.280517578125,2487.280517578125,2487.280517578125,0
2015-10-19,2432.912454513319,2482.5637290952236,2422.9821995969382,2437.48046875,1374
2015-10-20,2408.3850181769294,2467.6685975665023,2408.3353184097223,2434.005126953125,1834
2015-10-21,2433.01203390944,2466.6755035895553,2418.017250902,2431.770751953125,1580
2015-10-23,2457.2417784062786,2502.4244419413308,2403.1218847214363,2414.045166015625,2384
2015-10-26,2408.0369462623307,2433.0611383849587,2278.9933412858086,2314.89111328125,2408
2015-10-27,2318.6648937439313,2356.4495633377,2294.8819809833226,2324.623046875,1441
2015-10-28,2278.993273391754,2347.4126258879432,2259.132765562632,2273.82958984375,3314
2015-10-29,2303.7692501762267,2323.530601287076,2259.132806508819,2266.083984375,2531
2015-10-30,2293.8393928172454,2302.726923281454,2244.2378135236254,2258.736083984375,2598
2015-11-02,2368.6139186763967,2382.218318647423,2135.004685108166,2278.3974609375,1490
2015-11-03,2288.923880492527,2328.595202515007,2220.4548176742633,2237.1376953125,1535
2015-11-04,2288.9234538257956,2288.9234538257956,2210.474450419185,2234.853271484375,1303
2015-11-05,2229.3919020539706,2264.1477938491753,2194.586310497201,2206.006103515625,953
2015-11-06,2206.006335351137,2273.879731007926,2189.6214132114596,2218.5185546875,950
2015-11-09,2189.6708244194565,2261.1189573011516,2095.28370659,2232.867431640625,1624
2015-11-10,2252.182016644209,2313.799302403732,2190.6144306512897,2226.164794921875,199
2015-11-13,2211.5175484827087,2303.8192227335317,2211.5175484827087,2242.102783203125,508
2015-11-16,2197.565508167952,2239.1731810944007,2144.9351548318014,2224.724853515625,11615
2015-11-17,2234.3572274341486,2234.3572274341486,2175.8678760249054,2185.698974609375,2171
2015-11-18,2224.4268656592626,2224.4268656592626,2161.8165581048484,2184.6064453125,1413
2015-11-19,2224.3770755307087,2234.307330332185,2179.641229162485,2204.96337890625,1908
2015-11-20,2229.39200576662,2234.3571333969157,2165.7886723349584,2172.78955078125,1614
2015-11-23,2219.2134435876446,2358.385870920389,2177.9034856691637,2260.62255859375,7423
2015-11-24,2304.2161071173095,2308.833820822145,2240.4142233416933,2256.9482421875,1466
2015-11-26,2269.013786986181,2284.008570460234,2255.161128410209,2259.679443359375,2194
2015-11-27,2259.1328511760794,2280.979410616024,2254.1677240306376,2255.21044921875,2242
2015-11-30,2255.21044921875,2255.21044921875,2255.21044921875,2255.21044921875,0
2015-12-01,2274.028239281039,2408.0866726011004,2220.4048659530145,2286.391357421875,6787
2015-12-02,2263.105143240756,2343.5402097622573,2263.105143240756,2274.425537109375,1065
2015-12-03,2274.177347929178,2362.407764306878,2271.0991142118482,2313.054443359375,4461
2015-12-04,2289.916721987629,2308.7842058201377,2264.197459422668,2279.936767578125,1720
2015-12-07,2312.706668374368,2371.146315484693,2184.8546364303697,2254.4658203125,5072
2015-12-08,2244.2378122699342,2303.7696473423493,2179.6911495276577,2191.855712890625,1910
2015-12-09,2224.327852776227,2298.9041793033516,2116.3860084236226,2279.490478515625,5421
2015-12-10,2327.254427712811,2341.553896517936,2238.279254771598,2329.240478515625,2105
2015-12-11,2328.644781862845,2328.644781862845,2283.9586346629185,2284.95166015625,1715
2015-12-14,2308.7841652411917,2358.43543761197,2276.014325476478,2324.07666015625,4111
2015-12-15,2343.5403184824004,2452.574573312929,2313.749551722031,2412.05908203125,7752
2015-12-16,2451.7797876999643,2451.7797876999643,2373.330778697009,2410.172119140625,1637
2015-12-17,2395.326566379316,2458.7313469169285,2363.4008908167566,2385.19775390625,69717
2015-12-18,2384.254172964577,2384.254172964577,2278.993472283925,2284.355712890625,5163
2015-12-21,2283.9585168233702,2283.9585168233702,2189.8693561846685,2222.1923828125,6085
2015-12-22,2237.1869635077333,2302.8260434372537,2164.745804634913,2253.274169921875,14684
2015-12-23,2248.75602349307,2369.3589262162955,2234.3074534730363,2329.3896484375,5481
2015-12-24,2338.5752445829407,2462.5048856496906,2290.065847948391,2425.415283203125,15147
2015-12-28,2432.9122553460365,2447.55938014863,2345.5757189937344,2384.998779296875,3999
2015-12-29,2422.9821410486693,2456.745006948528,2382.3177966362646,2386.68701171875,6192
2015-12-30,2406.1008816223425,2407.9875331717826,2359.4783810417507,2388.62353515625,6583
2015-12-31,2392.4961916708085,2407.0439170912346,2334.602761226827,2400.192138671875,1557
2016-01-01,2405.0080696490854,2405.0080696490854,2363.4004032229423,2389.367919921875,554
2016-01-04,2370.3516900831028,2397.1136768061488,2345.526054451734,2383.16162109375,12266
2016-01-05,2397.1633597762157,2398.1563851945157,2353.619098208622,2363.4501953125,1044
2016-01-06,2354.5126699359143,2403.071509798402,2264.097668502242,2294.93115234375,1606
2016-01-07,2299.84647613192,2299.84647613192,2178.6973957830023,2242.846923828125,2180
2016-01-08,2281.9726576762837,2309.032603247075,2234.3074324506692,2245.578369140625,2235
2016-01-11,2234.356870815713,2254.2173790028924,2195.5791800926763,2225.866455078125,842
2016-01-12,2264.098172778926,2264.098172778926,2149.900238625603,2162.8095703125,1882
2016-01-13,2164.795522079209,2213.4537700525493,2065.4929751948416,2119.414306640625,3217
2016-01-14,2105.213612370119,2115.193565010663,2062.513524949404,2072.989990234375,2234
2016-01-15,2075.4232069602904,2173.7327272899884,2052.2856653042145,2068.521728515625,2450
2016-01-18,2063.2585571176733,2063.2585571176733,1875.7753101780204,1888.486083984375,10554
2016-01-19,1961.1756194872648,1961.2253192487422,1842.0622618766665,1873.2432861328125,5141
2016-01-20,1856.9578167738769,1856.9578167738769,1734.8156716063972,1771.2100830078125,7779
2016-01-21,1870.8102488834265,1870.8102488834265,1779.551306962422,1815.1512451171875,3155
2016-01-22,1797.3761353062969,1875.527192812429,1797.3761353062969,1850.99951171875,2631
2016-01-25,1936.3995929002226,1936.3995929002226,1866.8878126422658,1911.2760009765625,1751
2016-01-27,1915.5461602189644,1985.0579441564075,1887.7414466439873,1915.14892578125,1385
2016-01-28,1984.0649811622318,1986.0510321944262,1936.3997563895655,1943.400634765625,1884
2016-01-29,1909.5881408203206,1971.1557251837423,1852.9856842281426,1955.66455078125,1013
2016-02-01,1914.6026745476722,1980.0926513129052,1913.5599493881487,1939.527587890625,1093
2016-02-02,1940.3717536906777,1994.9881541272116,1900.7500134938427,1943.350830078125,1086
2016-02-03,1916.5390943781815,1943.3010814312809,1827.1668050030332,1861.326904296875,2393
2016-02-04,1843.0553451001324,1911.474826928725,1792.4110441302473,1811.725341796875,1671
2016-02-05,1860.9296843449308,1860.9296843449308,1699.116236533672,1767.3370361328125,1345
2016-02-08,1787.4458888844797,1926.3701797143433,1787.4458888844797,1860.333984375,3793
2016-02-09,1849.6092771896924,1864.9018941759227,1792.4110324747287,1824.5850830078125,658
2016-02-10,1812.3211547003168,1832.1319640352406,1797.326373358274,1806.4622802734375,2617
2016-02-11,1797.4259627237916,1797.4259627237916,1627.866848414334,1652.39453125,1992
2016-02-12,1648.4223302243327,1683.1782227290626,1549.1197802108186,1664.8072509765625,4387
2016-02-15,1688.1433913458786,1737.794667561934,1653.6357543757204,1712.174560546875,3797
2016-02-16,1712.9688889485703,1731.4888377018574,1600.757013904403,1615.8509521484375,3335
2016-02-17,1612.7231492913543,1638.1941569839294,1559.0500712797848,1625.185546875,6843
2016-02-18,1660.3385731849403,1668.034520518782,1615.8014054386874,1619.9224853515625,1694
2016-02-19,1579.1587391723792,1668.2827742868083,1579.1587391723792,1641.76904296875,1078
2016-02-22,1683.2278011005371,1683.2278011005371,1625.0364140141207,1662.7218017578125,1837
2016-02-23,1646.3867839866402,1663.3179193548162,1613.6666381800455,1651.0540771484375,1122
2016-02-24,1663.3176926718559,1663.3176926718559,1613.020927452649,1630.5478515625,786
2016-02-25,1626.526123205749,1648.472084459065,1578.9105973884334,1591.1744384765625,915
2016-02-26,1593.7563627917548,1628.611657770526,1564.0152950340807,1596.1396484375,1326
2016-02-29,1573.8957880385,1626.575841654129,1469.6778056459773,1520.42138671875,2919
2016-03-01,1439.88706672746,1658.3526906447298,1439.88706672746,1612.177001953125,4299
2016-03-02,1638.4919921670735,1737.7945371468961,1593.855546686214,1680.6458740234375,4550
2016-03-03,1658.4023152590705,1696.0875851894948,1619.6246202834109,1633.5269775390625,31310
2016-03-04,1623.5470293332187,1666.3465263230933,1613.6664738730778,1626.5758056640625,1647
2016-03-08,1667.2900379524096,1677.2202942832755,1578.9107566077016,1587.947265625,2513
2016-03-09,1612.62378582793,1613.6665111380871,1544.700935503484,1554.3829345703125,2192
2016-03-10,1558.0569522073567,1636.2577074567698,1544.3531523236975,1617.489501953125,2090
2016-03-11,1603.736320316421,1686.1574438992463,1603.736320316421,1628.3634033203125,2352
2016-03-14,1628.561839836338,1663.3177327596745,1603.9844584119787,1608.2545166015625,2328
2016-03-15,1613.616784776827,1638.5418225285766,1605.7222803092634,1615.801513671875,1456
2016-03-16,1606.6657013872848,1636.5061687899954,1581.691204827811,1590.5787353515625,1905
2016-03-17,1578.9105001366158,1622.6036208951134,1578.9105001366158,1583.825927734375,1057
2016-03-18,1592.8625220213382,1608.7012294658539,1569.0299112144367,1583.92529296875,1437
2016-03-21,1613.6167578284003,1678.163416132064,1566.150211068759,1661.281982421875,4817
2016-03-22,1668.2828616755298,1734.7162927324673,1668.2828616755298,1696.9813232421875,4356
2016-03-23,1688.1929043409925,1712.9688399442107,1670.8645381273047,1689.4837646484375,2078
2016-03-28,1696.0874170366708,1718.4304889824114,1648.4221968857573,1659.6434326171875,2887
2016-03-29,1628.6114517790213,1688.192979291894,1599.7640137206342,1626.8736572265625,3189
2016-03-30,1637.4990871093496,1668.282878316378,1609.6943724707432,1643.5565185546875,1161
2016-03-31,1621.8092099013134,1785.4598619784585,1621.7596313573129,1725.4315185546875,8611
2016-04-01,1705.2233743993597,1746.731889621545,1678.1634289802655,1702.14501953125,1097
2016-04-04,1680.4473446591296,1761.6271764959645,1680.3976448982633,1746.0863037109375,1616
2016-04-05,1732.829524134555,1766.4434135824324,1687.1503504324405,1692.4630126953125,2128
2016-04-06,1688.3419167371985,1760.137709305322,1688.292338193261,1745.192626953125,1597
2016-04-07,1727.9141282405,2074.2317830859542,1727.9141282405,2014.352294921875,34003
2016-04-08,2010.8770011210217,2194.6364516122803,1922.0012027998705,2122.64208984375,26384
2016-04-11,2114.151495903951,2283.958872982192,2090.9147939105055,2256.55126953125,14781
2016-04-12,2271.744192239461,2304.712587512935,2218.9152886762026,2253.224365234375,8632
2016-04-13,2254.1678024870225,2327.6516867971723,2234.3072932140094,2244.9326171875,4864
2016-04-18,2273.978413258103,2273.978413258103,2177.9529078030923,2187.932861328125,1811
2016-04-20,2244.188110052443,2332.319130238919,2110.179356577598,2294.78271484375,7178
2016-04-21,2269.063380583207,2307.691977483192,2190.1178493988023,2225.320556640625,1900
2016-04-22,2203.4739925197364,2278.4971212020446,2135.1043289631734,2158.0927734375,3727
2016-04-25,2184.5568011515725,2281.873304636467,2145.0345783804582,2234.357177734375,4946
2016-04-26,2260.076600918408,2278.2987179364486,2184.6563539151434,2217.624755859375,1263
2016-04-27,2248.2095477812304,2258.139801967543,2150.1979874498916,2162.362548828125,2345
2016-04-28,2182.6700519844976,2229.3422505483154,2139.969955426111,2155.262451171875,1181
2016-04-29,2154.8653280667554,2182.670041977294,2106.2070787233124,2128.947265625,1545
2016-05-02,2184.6561979073927,2184.6561979073927,2047.618672765929,2061.421630859375,1463
2016-05-03,2115.144374300763,2153.8723698865515,2061.57069556133,2133.61474609375,2847
2016-05-04,2070.458091443713,2111.966604306511,2045.6821546164065,2055.314453125,960
2016-05-05,2065.492991729004,2085.35350126486,2018.3739813427585,2043.7952880859375,1497
2016-05-06,2035.7024093316973,2053.576869511195,1988.0868819522225,2037.0430908203125,1988
2016-05-09,2042.6533804377218,2134.0117231699874,2042.6533804377218,2128.45068359375,1463
2016-05-10,2159.8304343652662,2174.7258166712336,2115.442243581056,2151.88623046875,1873
2016-05-11,2184.6560251362516,2184.6560251362516,2097.269784130802,2124.97509765625,677
2016-05-12,2095.283787927201,2182.6700312151597,2095.283787927201,2140.416748046875,505
2016-05-13,2135.054858285959,2159.8307998937107,2115.1446454131515,2137.686279296875,456
2016-05-16,2137.685802938769,2198.0617978037817,2137.685802938769,2164.3486328125,1402
2016-05-17,2214.447167230425,2283.9589617174784,2135.0051163880776,2144.38916015625,2260
2016-05-18,2182.6701168454465,2182.7198166095645,2097.269921190893,2126.31591796875,801
2016-05-19,2126.3658464295336,2126.3658464295336,2040.915941820483,2044.937744140625,1876
2016-05-20,2046.625540437914,2065.4433250368515,2000.0526205868794,2009.734619140625,1965
2016-05-23,2010.9264433770957,2025.7721268979137,1919.1211583262652,2011.125,2150
2016-05-24,2010.9262691041113,2039.6743078671502,1988.1362619201973,2029.9923095703125,950
2016-05-25,2040.6676038847052,2111.271820877478,2035.65277612724,2088.481689453125,833
2016-05-26,2088.332882900299,2307.7915453448854,2088.332882900299,2269.90771484375,8439
2016-05-27,2274.028276050879,2333.609802934308,2217.425825511621,2245.72705078125,4085
2016-05-30,2482.5641806202684,2694.873117834495,2435.8919740246074,2663.14599609375,65910
2016-05-31,2651.3784276732877,2651.3784276732877,2442.8430457214563,2481.918701171875,16449
2016-06-01,2482.563580161689,2545.1241823817636,2423.975079669873,2482.960693359375,19739
2016-06-02,2523.277669753802,2529.2358224568807,2433.9053792076224,2509.871826171875,5707
2016-06-03,2534.6974262510694,2570.9428546773825,2472.6830362393725,2511.708984375,5862
2016-06-06,2511.36122118239,2556.047363908055,2437.9767415480446,2514.092041015625,3305
2016-06-07,2550.28825248766,2550.28825248766,2478.591853918773,2524.519287109375,1314
2016-06-08,2551.777962904516,2645.4203301352472,2482.5641236254196,2497.0126953125,10432
2016-06-09,2497.8559935627036,2532.2147693692823,2473.6262707838755,2496.714111328125,2736
2016-06-10,2500.438249610826,2512.3545558043643,2444.828820707646,2483.407958984375,4419
2016-06-13,2482.5634686968706,2499.4449002840092,2439.913076792226,2449.9921875,1084
2016-06-14,2449.7936871200045,2496.416181644306,2429.933178914735,2466.4765625,21854
2016-06-15,2463.6965358176526,2492.494278477351,2452.7732541191467,2460.916015625,2273
2016-06-16,2443.835918010092,2475.6127361231856,2421.9893555573403,2462.95166015625,4592
2016-06-17,2462.703452508823,2510.9645929484655,2438.870838452286,2448.949951171875,1846
2016-06-20,2448.800533628381,2591.7961852271187,2448.800533628381,2540.010009765625,7159
2016-06-21,2539.1660814181582,2581.8661758651588,2526.2567505388324,2542.79052734375,2802
2016-06-22,2543.1382760712595,2610.6640092898638,2522.2847408125726,2556.047607421875,5850
2016-06-23,2556.0974594502964,2579.5327169124234,2482.563869158253,2507.78662109375,1962
2016-06-24,2457.7381401078624,2457.7381401078624,2283.958675655791,2386.38916015625,5377
2016-06-27,2442.8426091003553,2574.914994063911,2383.261082049127,2470.697021484375,5165
2016-06-28,2470.647305405877,2491.451139976286,2442.8425929656178,2449.24755859375,1065
2016-06-29,2557.040404363099,2557.040404363099,2457.737864387833,2496.714111328125,2299
2016-06-30,2502.4242014253123,2507.3893288090926,2452.772927587508,2476.406982421875,1449
2016-07-01,2476.60577751614,2499.643922307783,2457.738291640917,2481.27294921875,1986
2016-07-04,2433.954930217201,2499.4449061885666,2433.954930217201,2485.343994140625,2087
2016-07-05,2469.654254885209,2502.424094214204,2457.737949674665,2478.442626953125,1764
2016-07-07,2477.59859198357,2495.4730507634113,2468.363406459746,2484.649169921875,1178
2016-07-08,2514.34079831431,2514.34079831431,2459.277577739278,2468.66162109375,352
2016-07-11,2512.354408442513,2512.354408442513,2472.7822469707567,2488.670654296875,6894
2016-07-12,2469.6542803206494,2522.2846288759347,2462.703102209574,2487.727294921875,1337
2016-07-13,2472.6831574056328,2520.248981161869,2432.91243824391,2454.8583984375,2121
2016-07-14,2482.5138262562573,2507.3891612744897,2407.1432945815995,2505.3037109375,2522
2016-07-15,2438.870714722639,2519.8022958504466,2438.870714722639,2504.062744140625,1293
2016-07-18,2482.265969050672,2515.4826258823955,2467.76794119018,2487.876708984375,1009
2016-07-19,2506.3966228341583,2522.285032487624,2482.5640083539606,2507.3896484375,2158
2016-07-20,2513.645927411272,2581.8667424649766,2493.0406447550613,2574.12109375,4093
2016-07-21,2573.9225029564705,2601.7272213526053,2532.2154253622684,2542.69189453125,7766
2016-07-22,2553.565159149983,2553.565159149983,2532.4136668008896,2544.2802734375,1605
2016-07-25,2533.208106292204,2556.0476932952306,2532.2150807703333,2538.818603515625,2366
2016-07-26,2560.0694378540293,2576.9011715854826,2542.145279097817,2562.204345703125,1133
2016-07-27,2557.040621054293,2557.040621054293,2527.2498565371557,2531.47021484375,1907
2016-07-28,2534.8464398529713,2557.0406567028,2522.284764281597,2530.67578125,521
2016-07-29,2531.27141993766,2656.342919373491,2516.3263393242714,2607.734375,3389
2016-08-01,2591.7967815121774,2664.188249813742,2573.4258081566313,2614.934326171875,2403
2016-08-02,2614.6362409553526,2614.6362409553526,2543.535515475681,2569.552978515625,418
2016-08-03,2566.9710435539837,2566.9710435539837,2502.424382884348,2505.353759765625,2384
2016-08-04,2509.375402256093,2512.652434846335,2451.879323611678,2453.12060546875,2737
2016-08-05,2463.2994523648185,2502.4245648560604,2442.942427134839,2465.3349609375,1139
2016-08-08,2532.214766759956,2552.025574977039,2492.4937508107805,2500.537353515625,632
2016-08-09,2500.4379330517527,2500.4379330517527,2472.6332221202797,2483.606201171875,3424
2016-08-10,2492.49392917351,2525.9091392568084,2434.1536828233334,2456.6953125,1391
2016-08-11,2455.751835287093,2532.2147917436664,2448.353844481136,2470.299560546875,3839
2016-08-12,2472.633864712971,2482.564121197762,2422.9825822890157,2435.345703125,959
2016-08-16,2466.6254195396914,2475.6123479908856,2313.550649510098,2384.998779296875,1901
2016-08-17,2358.4850963886392,2467.6681939471414,2349.0016550430432,2450.3896484375,1237
2016-08-18,2482.563554759904,2934.390121726207,2449.7937158370737,2870.9853515625,25208
2016-08-19,2810.2621489194594,2853.6076147712865,2780.4713840899244,2797.25341796875,8034
2016-08-22,2819.844515133038,3038.65776171395,2780.5705540258673,2944.916259765625,18324
2016-08-23,2944.32052038782,3010.8532269193493,2874.8087374444312,2945.81005859375,6679
2016-08-24,2899.6344922191774,3092.2814413597666,2886.725160575736,2894.5205078125,16776
2016-08-25,2949.3352026142343,2954.3003297234186,2859.9132148902527,2872.375732421875,1712
2016-08-26,2939.4049336914045,2939.4049336914045,2781.46419265078,2808.27587890625,1774
2016-08-29,2808.3259005316195,2825.753547082656,2731.76353514092,2765.42724609375,2522
2016-08-30,2790.4019150813783,2840.053194709161,2684.2475762123345,2699.440673828125,3485
2016-08-31,2706.3915269299114,2800.3318336435955,2696.064158986653,2787.372802734375,16733
2016-09-01,2786.4296021330592,3003.902190467749,2682.1619227945093,2981.459716796875,12538
2016-09-02,2988.957276465841,3074.4071755530094,2912.146893818421,2953.953125,2647
2016-09-06,3042.629830202741,3042.629830202741,2954.250569469045,2982.10498046875,2406
2016-09-07,2952.2648462036746,2992.184423285353,2941.3912653384295,2964.18115234375,2264
2016-09-08,3027.734804602063,3027.734804602063,2929.4252783129177,2979.721923828125,2046
2016-09-09,2952.115837449297,2994.021463398044,2942.284739926878,2979.17578125,1725
2016-09-12,2860.9560728467377,2967.5077540424327,2860.90637308577,2954.4990234375,1733
2016-09-14,2978.8281155109366,3038.6578993127646,2905.7413448791212,2989.2548828125,2846
2016-09-15,2954.201328841174,3000.6749733417873,2950.2292266178374,2972.47314453125,1041
2016-09-16,2954.647934530558,2991.7872331754743,2941.3414899912254,2970.2880859375,702
2016-09-19,2919.544755822044,2998.93709839972,2910.855782440919,2982.4033203125,1390
2016-09-20,3023.7125105337864,3023.7125105337864,2941.6390618010696,2976.593505859375,919
2016-09-21,2976.0973807277314,3004.150350699556,2946.356315917741,2972.37353515625,1657
2016-09-22,3008.867050024946,3046.602016328889,2959.215778572389,2966.61376953125,933
2016-09-23,2959.2159464368374,3040.6440362381195,2925.453079933867,2936.67431640625,1894
2016-09-26,2936.3763064439663,2979.0764015326,2894.71893658344,2957.279541015625,1378
2016-09-27,2960.9041155652108,3222.218924062607,2943.8738250387632,3112.5390625,11099
2016-09-28,3086.3233676431223,3177.681717007076,3008.8673757910747,3100.176025390625,4005
2016-09-29,3133.094588938561,3208.6636776802898,2792.883984230968,2889.753662109375,12658
2016-09-30,2929.3257784678526,3073.2153165715713,2891.6902095969385,3051.765869140625,3948
2016-10-03,3078.3792620743407,3165.7655120945155,2974.608090175383,3139.400634765625,5657
2016-10-04,3139.9465144708593,3176.6387568465702,3059.0149392243775,3122.3203125,3022
2016-10-05,3118.050435913733,3217.402687768989,3079.3721403616155,3114.872802734375,3958
2016-10-06,3176.588818698227,3191.5835990416044,3127.980274412588,3152.11083984375,3531
2016-10-07,3217.4027077055744,3217.4027077055744,3128.0304102693085,3130.76123046875,1460
2016-10-10,3173.709474780371,3226.3398258953143,3142.9256845055925,3209.061279296875,4128
2016-10-13,3309.7540456086017,3309.7540456086017,3113.234392921001,3238.305908203125,3505
2016-10-14,3275.89220394407,3354.440629453806,3268.047398322225,3331.352783203125,5056
2016-10-17,3363.377698940755,3365.363750135878,3227.3331920748315,3251.76171875,1654
2016-10-18,3300.5684338234937,3309.7539194986703,3197.5420404397596,3220.6298828125,1542
2016-10-19,3300.717190145723,3326.635251317698,3210.9477866076945,3252.456298828125,1929
2016-10-20,3325.6422308378797,3325.6422308378797,3198.038460559388,3285.72265625,2480
2016-10-21,3284.9283565946766,3318.6912236213448,3220.381699043693,3291.482421875,1784
2016-10-24,3326.6357577450763,3630.303034506817,3296.84498976527,3345.3046875,53433
2016-10-25,3351.5604618238176,3378.8686630721772,3279.4667135530017,3330.6572265625,2791
2016-10-26,3393.167999118015,3393.167999118015,3227.3327471857033,3245.75341796875,2551
2016-10-27,3245.2073697976907,3300.816798411115,3183.639788118542,3219.636962890625,2062
2016-10-28,3221.3745778652246,3264.074672454684,3217.4024760429497,3225.3466796875,1223
2016-11-01,3272.0188246685166,3275.246157348387,3168.7441789126665,3203.99658203125,1178
2016-11-02,3147.8908621089035,3227.33290279304,3140.9396835490415,3154.494384765625,2041
2016-11-03,3170.482188757829,3217.4026439825752,3143.968456197769,3159.3603515625,2137
2016-11-04,3149.2809912450944,3150.0754601370877,3055.539480498733,3092.82763671875,2376
2016-11-07,3216.509174112143,3263.6778880030406,3133.5418404543666,3248.33544921875,2355
2016-11-08,3227.333168203951,3430.903414198354,3177.681888693121,3240.739013671875,10475
2016-11-09,2710.9597543820064,3188.6050444397883,2710.9597543820064,3158.963134765625,8161
2016-11-10,3275.9915612596674,3440.8338162366617,3227.333305272482,3242.77490234375,1141
2016-11-11,3152.9054897647634,3267.0040164972015,3120.085950297772,3144.663330078125,3341
2016-11-15,3177.6813431704154,3177.6813431704154,2845.0178275572625,2879.326904296875,10306
2016-11-16,3034.636259296852,3034.685959059934,2841.5424973331155,2932.652587890625,4592
2016-11-17,2924.4601267699945,2963.13842189454,2902.265909647713,2933.6953125,1412
2016-11-18,2929.375524274748,2952.0662539174373,2904.7484433952677,2929.2763671875,2855
2016-11-21,2899.634612752701,2979.076656937706,2755.6956074325694,2878.58251953125,3860
2016-11-22,2869.843653477013,2918.1542463778737,2745.71546777299,2823.3203125,1887
2016-11-23,2968.1038161988354,2968.1038161988354,2791.792072575817,2882.356201171875,1533
2016-11-24,2825.8029482767397,2949.2857675392634,2796.260439325799,2929.8720703125,1523
2016-11-25,2880.766823882807,3098.2393969370414,2880.766823882807,3021.577880859375,1497
2016-11-28,2939.3059602447565,3038.658216091805,2939.3059602447565,2991.489501953125,1044
2016-11-29,3004.7461376212386,3057.525343010835,2946.0085371279683,2954.697509765625,1273
2016-11-30,2954.2507543306224,3008.8671548308525,2939.8518851078343,2968.4013671875,683
2016-12-01,2944.320352207647,2979.076241694078,2795.4162398812073,2898.094970703125,2504
2016-12-02,2868.8506415475017,2985.034623915469,2868.8506415475017,2957.428466796875,1109
2016-12-05,2924.5100967888707,2983.495720554991,2904.5998849871075,2940.54736328125,1036
2016-12-06,2905.592885370591,2972.026200572911,2905.096372574048,2931.610107421875,694
2016-12-07,2914.5791518948354,2959.2155936538256,2889.703817963971,2895.711669921875,383
2016-12-08,2959.2157867189694,2959.2157867189694,2901.520912157128,2919.09765625,557
2016-12-09,2953.1585462201465,2954.2012715211163,2861.0059703770694,2889.8037109375,1508
2016-12-12,2891.6903593960988,2928.332904681153,2879.774052970016,2891.888916015625,541
2016-12-13,2929.424921039131,2929.424921039131,2840.0526353125133,2915.224609375,762
2016-12-14,2860.0129775842966,2939.355621889195,2821.1855816848656,2925.403564453125,1389
2016-12-15,2880.8165545999777,2927.2404947805176,2841.0458365031955,2869.992431640625,479
2016-12-16,2895.066566886126,2939.3556030148106,2864.878687397881,2874.858642578125,615
2016-12-19,2841.0460203920757,2918.502011161241,2841.0460203920757,2894.073486328125,891
2016-12-20,2897.0029762629906,2897.0029762629906,2819.4475894280827,2846.25927734375,1077
2016-12-21,2873.815667645708,2874.8086931010107,2800.331783953316,2803.807373046875,917
2016-12-22,2805.2971238314217,2830.172461859519,2748.3967124427704,2765.07958984375,966
2016-12-23,2775.5064702750738,2884.739283058708,2730.8203195908595,2860.7578125,1133
2016-12-26,2860.90612417565,2860.90612417565,2745.715179918664,2760.0146484375,558
2016-12-27,2787.8198803259647,2811.255380686566,2755.6459489244858,2801.523681640625,760
2016-12-28,2830.1227108300195,2836.080863905451,2764.781583615212,2780.123779296875,436
2016-12-29,2765.576050610964,2830.122708883752,2765.576050610964,2818.951171875,357
2016-12-30,2869.843633090684,2869.843633090684,2833.1016903832947,2845.216552734375,454
2017-01-02,2817.213116158105,2954.200924340966,2805.4953677161243,2918.501708984375,852
2017-01-03,2929.424820224457,3018.598546290382,2929.424820224457,2995.95751953125,929
2017-01-04,3028.7277908791134,3078.3790661394264,2938.858982657946,2948.640380859375,998
2017-01-05,2939.3555682088136,2978.083563871024,2918.4026325548784,2944.27099609375,890
2017-01-06,2977.0405956752124,2979.076346332777,2899.8328670327546,2901.620361328125,1079
2017-01-09,2929.4254677753806,2954.7973198906398,2879.923045522734,2896.01025390625,719
2017-01-10,2949.2858696629573,2949.2858696629573,2899.634592395904,2933.3974609375,712
2017-01-11,2903.6063147427894,3003.901881702099,2903.6063147427894,2933.09912109375,1122
2017-01-12,2903.6062180461286,2968.1528679000953,2903.6062180461286,2924.3603515625,298
2017-01-13,2924.013177837503,2939.3553727652093,2871.8296412287114,2929.921630859375,730
2017-01-16,2882.355858522265,2951.271729938001,2882.355858522265,2913.1396484375,690
2017-01-17,2928.13428374209,2998.9370513560502,2889.704244849704,2922.573486328125,2207
2017-01-18,2919.544532485708,3038.6578871224297,2904.5994509258517,3002.114501953125,10597
2017-01-19,3028.727823971722,3058.518589453411,2972.4233256989037,2987.368408203125,1222
2017-01-20,2970.1392910309796,3003.902158264364,2970.1392910309796,2978.778564453125,1718
2017-01-23,2978.0832733434595,3023.7624432580305,2977.983873825027,2992.928955078125,1591
2017-01-24,2969.3946551955696,3068.5978108093445,2957.2300921904207,3054.29833984375,11844
2017-01-25,3008.867205522898,3127.0372376869987,3008.867205522898,3063.930419921875,1226
2017-01-27,3063.9304553697652,3197.5420837870097,3063.9304553697652,3099.8779296875,3440
2017-01-30,3103.254270855712,3124.6540180655547,3022.9680652171996,3046.7509765625,3177
2017-01-31,3023.812290678168,3023.812290678168,2922.473991811932,2948.4912109375,6924
2017-02-01,2990.0498443855504,3003.902503309929,2918.4029003727924,2952.165771484375,976
2017-02-02,2937.369557228296,2965.1742724420865,2893.6764333209107,2904.6494140625,1249
2017-02-03,2919.7928046345046,2974.160948497051,2885.831382435335,2907.777099609375,1619
2017-02-06,2939.3554407548972,3317.151938698136,2886.1788774523166,3117.603515625,4343
2017-02-07,3128.02987179828,3207.4222005330225,3048.6375430635376,3063.979736328125,2071
2017-02-08,3155.9345587583866,3155.9345587583866,3037.268006987487,3060.653564453125,925
2017-02-09,3091.089772632828,3094.068849082467,3038.9062350024155,3054.19873046875,683
2017-02-10,3103.204622598983,3127.037234100543,3027.734686177376,3068.79638671875,1438
2017-02-13,3177.73118382126,3177.73118382126,3103.204574277832,3120.93017578125,1854
2017-02-14,2982.6510937497187,3054.6454329647136,2891.6898730215717,2932.10595703125,12691
2017-02-15,2968.153038271192,3195.9529770870895,2877.787723288697,2893.725830078125,3642
2017-02-16,2919.395388150402,2953.7541652797463,2894.8180085603285,2937.4189453125,1178
2017-02-17,2944.3205397733304,2953.5557251984715,2907.479197595626,2924.95654296875,793
2017-02-20,2939.355179481207,2998.9367033896096,2899.6341635422714,2910.01123046875,1229
2017-02-21,2958.223165232994,2958.223165232994,2892.186965002046,2904.450927734375,538
2017-02-22,2954.250427255515,2954.250427255515,2891.888386555631,2899.286376953125,954
2017-02-23,2929.4249472642837,2934.3900742935452,2899.6341850887147,2926.247314453125,916
2017-02-27,2932.2554599933296,2932.2554599933296,2869.84371001661,2874.461181640625,999
2017-02-28,2959.2162053309103,2959.2162053309103,2859.913648105041,2890.548583984375,1446
2017-03-01,2869.9431661454873,2918.253760950947,2854.948383746141,2888.1650390625,813
2017-03-02,2923.4670002728394,2944.3205352611985,2863.7366148884685,2930.517578125,1245
2017-03-03,2901.6205141584855,2929.4252281887516,2846.0110860979535,2888.01611328125,1155
2017-03-06,2850.975887739479,2928.481567727592,2850.975887739479,2865.374755859375,347
2017-03-07,2865.921117775819,2913.5863388654866,2859.9132653800716,2893.725830078125,710
2017-03-08,2894.6693824389586,2928.3328504945757,2859.9134893393484,2912.146728515625,1248
2017-03-09,2922.027476006371,2922.027476006371,2850.976447097401,2861.701171875,531
2017-03-10,2855.1470121413577,2890.498818687457,2845.018200021527,2851.572265625,386
2017-03-14,2905.592890815631,2973.8137007009286,2814.2345360804848,2826.59765625,793
2017-03-15,2842.7838371152866,2871.8795336431995,2820.1925062989835,2837.17333984375,667
2017-03-16,2860.9560169348306,2878.731075488127,2817.1137979201335,2824.313232421875,1587
2017-03-17,2869.8435860132104,2869.8435860132104,2805.2969309644704,2820.738525390625,829
2017-03-20,2852.5156563625787,2852.5156563625787,2810.262369771198,2822.278076171875,394
2017-03-21,2800.4807669615807,2839.953530588156,2795.3667826115234,2818.0078125,1454
2017-03-22,2801.3250397013794,2819.149799601837,2768.555196982434,2783.053466796875,1722
2017-03-23,2785.4365005615027,2909.5646868610347,2785.4365005615027,2882.90185546875,1561
2017-03-24,2879.8731566330343,2889.654311690179,2805.7933623197064,2873.319091796875,2463
2017-03-27,2860.0126382680114,2899.634255954719,2830.1224758462154,2845.61376953125,1715
2017-03-28,2834.3431714273725,2878.5825080947116,2800.3320463957925,2819.348388671875,1032
2017-03-29,2824.164717149084,2825.108042951694,2755.645952914454,2764.434326171875,2069
2017-03-30,2780.4710754508615,2780.4710754508615,2730.8198062463816,2752.716064453125,1109
2017-03-31,2758.0784136597345,2760.6106769769053,2686.133770223931,2708.030029296875,1211
2017-04-03,2774.3642150067317,2778.73342995576,2719.003046876638,2742.934814453125,2137
2017-04-05,2742.9348759761965,2877.7877818753163,2742.786019132401,2828.037109375,2773
2017-04-06,2811.7513222812813,2874.8084329875715,2773.5198457113256,2816.3193359375,1182
2017-04-07,2859.8637286440603,2978.083462427392,2850.082572971431,2866.914306640625,8644
2017-04-10,2899.6344004711077,2929.4251648595096,2835.3360006661405,2843.13134765625,2551
2017-04-11,2852.5654333473344,2884.739365787502,2835.3363422253924,2849.08984375,1773
2017-04-12,2896.357376968995,2896.357376968995,2785.43647903647,2795.614990234375,1738
2017-04-13,2792.8342305378956,2812.6947384866626,2780.4711128273566,2790.0537109375,796
2017-04-17,2853.955164130742,2853.955164130742,2751.673542034199,2759.071533203125,1893
2017-04-18,2740.8497832310545,2770.5411487460538,2740.750383705774,2741.04833984375,1100
2017-04-19,2765.6256830653224,2790.4016204963923,2755.5960286641935,2781.017578125,678
2017-04-20,2755.6457120783853,2809.2690880972077,2733.6997519547963,2760.26318359375,1803
2017-04-21,2731.812882902907,2798.345584885639,2715.9741762169747,2772.67578125,513
2017-04-24,2762.5970097163777,2820.0930906213794,2740.7504481729698,2781.414794921875,4380
2017-04-25,2799.338655409442,2799.338655409442,2738.7641048667047,2761.80224609375,1228
2017-04-26,2750.6805670636118,2772.973940500436,2696.113865673875,2704.1572265625,2320
2017-04-27,2696.064186567147,2731.5151478255952,2691.0990591517375,2720.740966796875,891
2017-04-28,2710.711280834059,2720.790392394666,2666.27339098432,2679.232421875,3878
2017-05-02,2710.959618032134,2710.959618032134,2661.3580427392294,2668.259521484375,1271
2017-05-03,2681.1686773255815,2681.1686773255815,2651.377914244186,2668.755859375,3639
2017-05-04,2689.1128185382245,2702.8166177258777,2656.0947235543263,2659.5703125,2184
2017-05-05,2661.3085248289417,2673.2248316565338,2631.517757759961,2661.15966796875,1228
2017-05-08,2661.3084407560823,2691.099206883949,2633.702282323351,2675.260498046875,1415
2017-05-09,2683.1548963437435,2823.171491600763,2669.302239130356,2675.90576171875,7215
2017-05-10,2720.8897136713504,2730.819968100808,2686.1338231682494,2725.556884765625,1429
2017-05-11,2778.435653911534,2820.1924247443535,2697.0572625372056,2812.44677734375,4290
2017-05-12,2830.123062839842,2869.8440882832083,2780.471781035634,2848.096923828125,5969
2017-05-15,2832.1089190238226,2894.6198300217125,2822.7248758968217,2869.44677734375,1608
2017-05-16,2869.843590506508,2873.815692361881,2801.7716464724936,2815.177490234375,1165
2017-05-17,2818.2062869766373,2818.2062869766373,2736.7781983465866,2754.801513671875,2328
2017-05-18,2750.6307320102746,2783.4502708480145,2728.8338723832835,2736.430419921875,1244
2017-05-19,2705.9944524195903,2755.6457267759133,2681.168815241429,2708.228759765625,607
2017-05-22,2750.6809687297155,2810.262505958518,2661.3086628865117,2694.02880859375,2098
2017-05-23,2663.294386942497,2720.889865854751,2641.4478259757802,2711.60498046875,443
2017-05-24,2760.6108783904438,2760.6108783904438,2626.552436454217,2646.114990234375,326
2017-05-25,2681.168881733119,2710.9596470857095,2641.447861262999,2674.416259765625,307
2017-05-26,2701.0786713625153,2701.0786713625153,2656.3428305327066,2672.8271484375,5263
2017-05-29,2666.3235490342686,2725.8553877956315,2666.3235490342686,2704.257080078125,526
2017-05-30,2666.322862928,2674.713878957675,2542.3435464288755,2577.943603515625,5019
2017-05-31,2581.9157314601334,2646.362982737884,2544.1310666239924,2587.575927734375,1695
2017-06-01,2611.756535942264,2630.474921666388,2544.1314005679433,2560.963134765625,1719
2017-06-02,2555.9483153369088,2569.9003725245047,2462.7033150215257,2482.613525390625,3520
2017-06-05,2477.6485002958425,2522.0863946139602,2422.9823941051955,2449.744384765625,2229
2017-06-06,2481.5207323550653,2481.570432111783,2408.0865537699374,2422.286865234375,1369
2017-06-07,2403.9159819101305,2437.082933917276,2386.2400809709247,2402.97265625,23054
2017-06-08,2432.862678789097,2432.9123785497,2389.219258281869,2404.760009765625,1932
2017-06-09,2408.13682006518,2414.0949737648834,2372.33819809855,2377.700439453125,1960
2017-06-12,2378.2959894572996,2403.1216260904657,2325.814496639644,2355.506103515625,1530
2017-06-13,2343.5897878043324,2408.0867430110147,2343.5897878043324,2404.06494140625,1721
2017-06-14,2408.086666481662,2423.0317476828604,2358.4353950078134,2411.214599609375,2667
2017-06-15,2481.5710844469886,2506.3967255478988,2413.0026152386945,2477.648681640625,5049
2017-06-16,2480.974938278984,2555.054741318,2480.974938278984,2536.187255859375,1370
2017-06-19,2542.1451873855685,2596.7615878958054,2487.727343480525,2549.642578125,1121
2017-06-20,2605.649379862563,2605.649379862563,2507.389548803941,2536.087890625,744
2017-06-21,2579.830671037417,2579.830671037417,2472.63361173896,2475.91064453125,455
2017-06-22,2492.543409044497,2498.402161824262,2385.6937809461074,2425.0673828125,1724
2017-06-23,2423.5777873465613,2423.5777873465613,2358.4352268426383,2365.5849609375,2299
2017-06-27,2441.750155515534,2441.750155515534,2334.6028075991608,2345.972900390625,868
2017-06-28,2383.3110295029383,2487.479313148403,2309.8271385026937,2457.142333984375,2218
2017-06-29,2423.08180530239,2459.724352086621,2419.010303465082,2438.62255859375,1315
2017-06-30,2437.828198104156,2532.2153318026535,2432.912769771177,2499.64404296875,3134
2017-07-03,2508.432009109191,2537.180047658692,2483.7055297182183,2525.065185546875,1027
2017-07-04,2489.5643376301764,2516.276623486631,2489.5146378734053,2501.33154296875,415
2017-07-05,2512.4042004649586,2532.2150105896458,2462.7032259852244,2467.271240234375,726
2017-07-06,2482.5636738430367,2579.8801698576835,2403.121636280059,2420.301025390625,8235
2017-07-07,2432.9121248425126,2472.6331391256554,2335.595639848812,2413.79638671875,2675
2017-07-10,2457.7377021041407,2531.171877079445,2415.0376127342506,2440.65771484375,1100
2017-07-11,2480.577415685894,2507.389101123652,2388.226054733617,2411.860107421875,2291
2017-07-12,2407.04400720325,2457.539448649969,2374.919779142748,2453.66650390625,2874
2017-07-13,2457.7381653133193,2463.696318441351,2388.226378819609,2397.064208984375,1983
2017-07-14,2440.806895944256,2440.806895944256,2381.324767499246,2428.642333984375,2107
2017-07-17,2423.975208463461,2462.703202371726,2406.1007497365695,2418.116455078125,1373
2017-07-18,2426.9541610783685,2426.9541610783685,2349.597576732721,2360.222900390625,2395
2017-07-19,2371.344957989506,2424.9683364365046,2371.344957989506,2420.59912109375,1510
2017-07-20,2481.5709070985336,2481.5709070985336,2364.443589242664,2378.345947265625,891
2017-07-21,2387.33236073711,2408.086493749343,2353.4700990457495,2367.67041015625,899
2017-07-24,2382.6653235764543,2388.2263634352767,2333.609960113472,2378.3955078125,1409
2017-07-25,2385.1974424043933,2392.8933896782387,2351.5836762258596,2383.310791015625,1012
2017-07-26,2392.198089037438,2398.1562411894615,2353.470100049285,2365.5849609375,671
2017-07-27,2383.261140628781,2383.261140628781,2328.644739489371,2330.48193359375,1822
2017-07-28,2328.6447507137627,2382.168727113233,2313.7493685130353,2354.364013671875,614
2017-07-31,2357.541692867214,2383.2609536839163,2350.0940023869516,2380.232177734375,952
2017-08-01,2359.5774702287404,2393.191480740429,2333.6099500995883,2351.385009765625,542
2017-08-02,2351.2362218121275,2380.9275884763742,2343.540273878839,2353.27197265625,1185
2017-08-03,2378.2962038187475,2378.2962038187475,2333.6100538513806,2352.8251953125,1730
2017-08-04,2375.962254038737,2375.962254038737,2330.6804388276223,2348.306640625,3719
2017-08-07,2333.6100458927467,2522.185501136758,2325.715541246345,2360.471435546875,17505
2017-08-08,2343.5398825359125,2358.633819732475,2313.848520829765,2321.097412109375,1307
2017-08-09,2310.174095181653,2361.2654437856604,2234.30705482839,2240.066650390625,2501
2017-08-10,2246.273266236256,2273.7303229362105,2164.7954796278304,2203.771728515625,2132
2017-08-11,2092.354253989518,2234.2077893867586,2092.354253989518,2125.62060546875,7020
2017-08-14,2189.4227364791536,2380.679308046173,2124.0816081340654,2129.096435546875,1746
2017-08-16,2184.556748874534,2214.4469140619085,2131.0327702138366,2145.083984375,1506
2017-08-17,2184.6561924794723,2194.785004520665,2125.074659957305,2136.643310546875,2542
2017-08-18,2127.0109107649437,2154.865324390374,2060.5279023548505,2097.0712890625,3977
2017-08-21,2144.885153236867,2166.979968273497,2115.2929479811387,2141.012451171875,1469
2017-08-22,2144.935013695721,2144.935013695721,2095.283740230542,2118.71923828125,955
2017-08-23,2120.1093966963404,2165.4906125783336,2120.1093966963404,2134.260009765625,1310
2017-08-24,2134.2598826757576,2151.3398714021105,2105.4621455127485,2120.4072265625,950
2017-08-28,2125.3724505442156,2158.291147723246,2073.43717025383,2089.970947265625,1532
2017-08-29,2114.2009387878065,2183.6630223668844,2089.325602119111,2139.473388671875,2330
2017-08-30,2118.123314308926,2284.206823131321,2118.123314308926,2245.2802734375,2904
2017-08-31,2258.1399032270688,2383.062554980236,2254.1678013744267,2360.371826171875,3237
2017-09-01,2398.1568590794,2743.6303733977093,2323.6799379899776,2644.178955078125,8959
2017-09-04,2611.657027718406,2651.3780471513855,2491.4015444099155,2526.2568359375,3634
2017-09-05,2526.257008364139,2581.866439365865,2517.3197783817186,2528.541015625,1487
2017-09-06,2529.2358567931883,2542.0954880643417,2457.738023385607,2472.33544921875,1163
2017-09-07,2452.7731658746575,2506.396546829002,2428.990251883409,2445.57373046875,739
2017-09-08,2433.0614361571597,2464.6396968985187,2408.0869407366295,2415.9814453125,363
2017-09-11,2403.1714624242086,2461.710268444419,2358.5350137086457,2396.369140625,372
2017-09-12,2438.9205222565415,2458.6319345407264,2403.121901639174,2432.01904296875,642
2017-09-13,2395.2273608990436,2498.4523198222473,2395.2273608990436,2467.469970703125,494
2017-09-14,2373.330606785629,2383.3105601259967,2250.344319161793,2281.326904296875,11146
2017-09-15,2290.9100349851383,2328.64500738628,2229.342448435906,2240.3154296875,2510
2017-09-18,2282.9656465902654,2287.8810743752542,2159.8304833987936,2172.888671875,3412
2017-09-19,2204.516616514971,2234.307381603011,2156.9010921368267,2188.87646484375,4009
2017-09-20,2243.2445487477194,2243.2445487477194,2164.795536197445,2180.03857421875,1230
2017-09-21,2228.349207473854,2228.349207473854,2165.391488159409,2210.425048828125,1228
2017-09-22,2234.307446311853,2234.307446311853,2140.5162333309145,2159.234619140625,1433
2017-09-25,2125.173882188668,2184.6560102190347,2100.2488461878447,2142.005615234375,939
2017-09-26,2105.214091129462,2259.1330459054366,2105.214091129462,2161.766845703125,1573
2017-09-27,2145.034698831084,2197.5159564089886,2110.179403242371,2115.14453125,957
2017-09-28,2110.228830885597,2184.6560416346224,2110.179131124351,2146.772216796875,823
2017-09-29,2159.830483580011,2184.65612132231,2125.5711034956385,2137.537109375,787
2017-10-03,2137.53680978971,2164.745607966688,2100.2486586393034,2119.314697265625,710
2017-10-04,2164.795668840766,2164.795668840766,2097.2699323815127,2115.194091796875,1117
2017-10-05,2104.2709088563065,2135.005002143776,2075.4234672002285,2086.49560546875,2934
2017-10-06,2095.333368482145,2134.905286620669,2052.5338752406765,2080.785400390625,1684
2017-10-09,2109.186134825902,2129.9899702952985,2054.619432791496,2114.1015625,432
2017-10-10,2091.361287190307,2154.8652159183957,2056.555696851151,2136.1962890625,1054
2017-10-11,2164.7460432533708,2164.7460432533708,2095.2839531059885,2111.867431640625,881
2017-10-12,2133.515237069408,2135.004775284723,2095.3334559710743,2101.34130859375,818
2017-10-13,2103.2279038240194,2110.1790819764124,2081.3813439164987,2085.899658203125,1421
2017-10-16,2090.3188712818164,2128.500656808864,2058.7406089667984,2067.7275390625,1753
2017-10-17,2069.465442675165,2085.4035527534056,2055.563083655274,2064.3017578125,1096
2017-10-18,2056.8041687799846,2083.0199463037065,2051.4913851166143,2052.03759765625,1059
2017-10-19,2085.3535283773913,2135.004802862567,2050.697035761884,2071.103515625,618
2017-10-23,2122.095164488669,2122.095164488669,2045.632212843546,2053.228759765625,2262
2017-10-24,2052.285716081571,2103.724484559796,2047.6682445633464,2050.001708984375,1627
2017-10-25,2144.9348574674705,2144.9348574674705,2043.6462669759512,2053.626220703125,4574
2017-10-26,2035.8016673538802,2139.969944961793,2035.8016673538802,2129.989990234375,2458
2017-10-27,2162.7597038336276,2162.7597038336276,2095.2836738206697,2154.964599609375,1319
2017-10-30,2159.8305643346025,2244.2377358143453,2153.127641893564,2161.220703125,3559
2017-10-31,2170.754018676385,2183.365395640402,2144.9353523975255,2163.8525390625,1118
2017-11-01,2209.481608887226,2259.132880997051,2204.466781916563,2220.802001953125,4170
2017-11-02,2232.3212783707763,2232.3212783707763,2194.5863101420887,2205.658447265625,447
2017-11-03,2194.5865799915405,2199.700564865686,2164.795811937357,2180.982177734375,791
2017-11-06,2246.422531949466,2246.422531949466,2184.6563862441426,2187.03955078125,1034
2017-11-07,2168.171626667515,2224.1784063765585,2121.7973875787766,2134.557861328125,1647
2017-11-08,2135.004597541463,2135.004597541463,2037.1915962122382,2059.18701171875,2495
2017-11-09,2060.57751482019,2115.1442149772192,2035.7021787339434,2041.511474609375,1187
2017-11-10,2046.1788776964652,2135.0049660523214,2031.7303072293253,2053.32861328125,2501
2017-11-13,2055.6125019328833,2105.2140775846265,2027.758087937645,2031.48193359375,1503
2017-11-14,2089.2757686525606,2089.2757686525606,2006.4078464467461,2015.7423095703125,2236
2017-11-15,2006.010744930837,2055.5627405531754,2000.94633923413,2002.8826904296875,2076
2017-11-16,2020.8068197585742,2040.6673290436709,1986.0509285096553,2015.4444580078125,861
2017-11-17,2035.2553457964007,2045.632413191281,1995.9811410264442,2043.6463623046875,896
2017-11-20,2035.7026512534733,2095.2841922657703,2025.8716727426533,2052.981201171875,1232
2017-11-21,2050.597514394204,2080.3385775560805,2025.7718786267199,2033.31884765625,1225
2017-11-22,2031.8295240171456,2050.59773088257,2015.8418371387977,2027.857421875,612
2017-11-23,2035.7022301797178,2053.72554563275,2014.9479734428799,2022.6439208984375,1711
2017-11-24,2008.1459829667265,2065.4932103205792,2008.1459829667265,2020.6580810546875,2085
2017-11-27,2045.632657897602,2064.053330561878,2022.7930699696192,2043.9942626953125,487
2017-11-28,2035.702367324566,2063.5070825855846,2016.3383691963568,2025.722412109375,1029
2017-11-29,2026.4175831243085,2115.1443904714233,2025.77209228249,2045.880859375,2108
2017-11-30,2035.702234888659,2085.3535089103334,2035.702234888659,2055.910400390625,1672
2017-12-01,2055.5629002424616,2090.3187946910057,2007.8976735701726,2021.5020751953125,1931
2017-12-04,2026.7650683858328,2035.7022979867504,1981.0858948700327,2006.8548583984375,1861
2017-12-05,2055.5629095328522,2055.5629095328522,1989.030197002079,2013.1607666015625,1026
2017-12-06,1997.520676203748,2024.9777368216687,1996.9744636410821,2002.9326171875,208
2017-12-07,2000.946369411779,2024.5804246447615,2000.946369411779,2007.996826171875,599
2017-12-08,2033.7162073712848,2033.7162073712848,1997.520476679813,2011.472412109375,1159
2017-12-11,2025.9210242833374,2035.7023013411163,1926.4694949276907,1967.6800537109375,5043
2017-12-12,1959.2392881949422,2010.8766135807189,1959.2392881949422,1982.724365234375,1415
2017-12-13,1964.0555294821227,2013.2102934477584,1953.2812266748567,1959.2393798828125,1737
2017-12-14,1953.827266363479,1990.4202298347338,1953.2810538801616,1977.06396484375,1344
2017-12-15,2025.6231358636462,2025.6231358636462,1956.2603257159326,1971.6522216796875,2582
2017-12-18,1957.302962989665,2010.8766403017355,1906.6089626564603,1991.66162109375,1131
2017-12-19,1977.709410192307,2025.5733083604052,1976.1205937576935,1989.6754150390625,1214
2017-12-20,1981.0859920801774,1995.9813754792765,1956.2603530816789,1978.8516845703125,2005
2017-12-21,1972.1484160182708,2094.29053846049,1972.1484160182708,2081.430908203125,4406
2017-12-22,2085.3537096651057,2143.842819118178,2061.521095840362,2134.011962890625,3378
2017-12-26,2154.8654854239535,2204.516763889943,2100.8944487562694,2181.875732421875,4351
2017-12-27,2209.5810062741307,2209.5810062741307,2135.0046986620055,2145.927978515625,2217
2017-12-28,2149.9994506279186,2161.71695672526,2117.1302119937764,2139.771240234375,1096
2017-12-29,2174.676140883386,2174.676140883386,2134.9551209629135,2163.25634765625,959
2018-01-01,2163.852502601559,2184.6563406304385,2159.8307003960017,2165.342041015625,481
2018-01-02,2159.8300616604943,2203.523175551557,2145.3317950760584,2181.726318359375,2801
2018-01-03,2184.656076024927,2348.5052817267965,2144.984756222865,2258.984130859375,11356
2018-01-04,2314.742661987681,2314.742661987681,2164.795797139916,2227.80322265625,4777
2018-01-05,2216.6313172860946,2353.4702700849316,2199.5513283705163,2290.90966796875,6921
2018-01-08,2264.147899267356,2303.819220547397,2244.337088509275,2279.539794921875,4121
2018-01-09,2277.9009793369337,2277.9009793369337,2186.939993717129,2205.161865234375,4282
2018-01-10,2249.1530959168076,2249.1530959168076,2156.156353238334,2157.94384765625,3542
2018-01-11,2127.0605568584174,2156.851320960076,2114.9953943723895,2116.9814453125,4010
2018-01-12,2117.180212364059,2147.7654483694687,2060.5280551786786,2081.729248046875,4410
2018-01-15,2068.2237845156283,2099.206130495414,2040.6673278980275,2055.662109375,3646
2018-01-16,2040.7170809728368,2080.8849135412133,1993.0021577080486,1997.96728515625,2909
2018-01-17,1997.967380508392,2008.8906614157438,1967.332566934742,1990.0728759765625,3763
2018-01-18,1967.5310168524102,2009.6850213447062,1967.48143830961,1974.7801513671875,4463
2018-01-19,1974.780097232007,1974.780097232007,1934.413588203583,1937.8394775390625,3781
2018-01-22,1941.8614929504952,1985.9518522937476,1920.114208826566,1934.4635009765625,4525
2018-01-23,1930.4416750548248,1976.1208504933647,1920.5114195247072,1923.09326171875,5258
2018-01-24,1911.574145381274,1956.0617376159041,1911.574145381274,1915.595947265625,3088
2018-01-25,1912.5669732433405,1956.1608137516023,1901.2464591267758,1922.39794921875,4739
2018-01-29,1946.329999149327,1946.329999149327,1876.8182134654223,1883.819091796875,3120
2018-01-30,1906.5592972122695,1906.5592972122695,1842.0623382240215,1847.0274658203125,3516
2018-01-31,1837.0972981259115,1875.6267385958045,1827.167042460366,1846.4317626953125,3003
2018-02-01,1876.7686037740998,1881.783431326689,1807.306514519564,1811.129638671875,3509
2018-02-02,1814.10867880504,1814.10867880504,1757.655201246093,1760.2867431640625,4818
2018-02-05,1762.6202980115277,1812.718387008281,1669.2758991309172,1720.16845703125,4216
2018-02-06,1693.108373075983,1736.751792621662,1658.3524827195847,1682.433349609375,4081
2018-02-07,1703.0884417997372,1837.0971852876025,1688.1433594534726,1818.676513671875,9346
2018-02-08,1864.0579188115287,1864.0579188115287,1757.6552078336317,1771.3590087890625,2758
2018-02-09,1788.9852147594427,1788.9852147594427,1717.934188698804,1751.250244140625,2783
2018-02-12,1737.7946015953198,1794.9432668382128,1732.8294741621903,1762.9677734375,3415
2018-02-14,1753.2857091349667,1858.9436411899774,1744.149923488484,1758.99560546875,3656
2018-02-15,1767.932878918388,1787.1478976022217,1718.927096005686,1749.5123291015625,5378
2018-02-16,1747.724872793676,1767.585382711786,1680.199139072102,1690.4769287109375,4621
2018-02-19,1689.1860980023093,1699.5134663661893,1654.5790618862848,1659.544189453125,3760
2018-02-20,1688.1432922877227,1688.1432922877227,1638.7402753516556,1651.4510498046875,3682
2018-02-21,1656.3665555484276,1665.2540854014765,1589.337333426414,1606.1690673828125,5680
2018-02-22,1613.6663315790747,1622.057348015716,1600.2604882090332,1611.72998046875,1713
2018-02-23,1648.3230711172444,1934.066162109375,1643.4572218661197,1934.066162109375,62171
2018-02-26,2125.0744979121773,2139.9698799068888,1876.867831094539,1896.877197265625,66534
2018-02-27,1896.6788294973728,1944.294356860267,1841.1190976130235,1883.1737060546875,8962
2018-02-28,1883.1735958249158,2037.6883404790533,1856.9576981948487,1961.4736328125,35680
2018-03-01,2000.9464594629846,2060.5279917546864,1926.4695440983573,1934.9599609375,14852
2018-03-05,1935.0095608520498,1950.302178552923,1856.9577769317543,1896.0830078125,7010
2018-03-06,1915.148860124352,1915.148860124352,1802.3411931598928,1814.1085205078125,5347
2018-03-07,1822.7977157620567,1822.7977157620567,1691.1225491555645,1700.1590576171875,6070
2018-03-08,1712.9689034907774,1737.7945397732526,1658.4022034294683,1678.2130126953125,4779
2018-03-09,1678.2131271626297,1773.4938772260937,1669.772410250865,1721.90625,5755
2018-03-12,1750.3067153571426,1777.5156381967906,1693.108471019848,1726.871337890625,7065
2018-03-13,1717.9341358368656,1805.7671938896217,1712.9690082766435,1788.836181640625,3646
2018-03-14,1767.5852298086384,1826.9184980564282,1747.7247216085414,1778.955322265625,1939
2018-03-15,1749.711146567288,1792.4112483280107,1749.711146567288,1766.0960693359375,914
2018-03-16,1762.967712761304,1776.9693473970476,1722.8991599987778,1733.6734619140625,1824
2018-03-19,1742.7598474977,1742.7598474977,1700.357704823936,1713.7635498046875,1167
2018-03-20,1693.207715245369,1708.0038190847145,1673.2479274172929,1688.83837890625,2313
2018-03-21,1691.1224172013146,1712.9689780811907,1669.2758563214386,1674.886474609375,1911
2018-03-22,1659.345710167518,1675.6809321361093,1648.918941791241,1652.39453125,1805
2018-03-23,1628.5616963356624,1688.093522052558,1628.5616963356624,1670.0205078125,2425
2018-03-26,1669.275700397764,1670.2190260418897,1610.9851578006515,1653.486572265625,3814
2018-03-27,1653.387463406788,1708.0038661019069,1653.387463406788,1695.6407470703125,1820
2018-03-28,1674.3899984717941,1708.0038879531312,1670.268918335562,1690.7252197265625,1368
2018-04-02,1640.5773228959847,1727.814584498231,1640.5773228959847,1718.0830078125,546
2018-04-03,1688.1930608611638,1757.6551465552511,1688.1433610982638,1744.49755859375,697
2018-04-04,1744.2989767712893,1777.515630997041,1742.8094385330237,1752.541015625,627
2018-04-05,1759.1445643538002,1807.306298122448,1759.0948645943035,1800.653076171875,1488
2018-04-06,1806.8098941557998,1856.9576818199207,1782.4807694474641,1796.5321044921875,3139
2018-04-09,1803.3838942254524,1841.4166957496302,1797.3760418411205,1821.804443359375,577
2018-04-10,1807.3559291282563,1832.0821646318718,1797.375975363119,1819.2225341796875,325
2018-04-11,1792.4607046257486,1827.166896924874,1792.4607046257486,1817.3856201171875,983
2018-04-12,1790.5740175980668,1837.0972396669256,1790.5243178337441,1817.4849853515625,2354
2018-04-13,1817.2365459750633,1840.572643696601,1802.2914646913596,1827.017822265625,1436
2018-04-16,1800.3552236293622,1861.9228043602063,1800.3552236293622,1837.792236328125,1222
2018-04-17,1837.792340730696,1856.8585040618277,1820.5633716460477,1838.1895751953125,1780
2018-04-18,1857.8018079853414,1966.1905699621432,1837.0972497121033,1842.409912109375,2530
2018-04-19,1901.643971570952,1961.2255059282663,1867.881102101807,1886.2520751953125,2030
2018-04-20,1882.8260702312314,1936.3997481079782,1882.8260702312314,1915.6951904296875,1228
2018-04-23,1911.6236574479358,1948.3655984528623,1911.5739576887377,1930.689697265625,1312
2018-04-24,1931.4346469243367,1934.4137235005696,1898.8633612032822,1906.6090087890625,697
2018-04-25,1902.835539513924,1907.6021107143733,1859.9368835856435,1883.1737060546875,961
2018-04-26,1879.3008118684186,1879.3008118684186,1843.055380093942,1866.0439453125,704
2018-04-27,1878.8042882985162,1897.4235168427008,1827.1669611359778,1840.7713623046875,1557
2018-04-30,1839.381232001563,1861.8731632111528,1797.3762037252707,1850.1058349609375,305
2018-05-02,1896.5795501499656,1896.5795501499656,1849.2618577510752,1866.8880615234375,1253
2018-05-03,1838.1400001227612,1868.9733708414785,1838.0406005922148,1852.389892578125,689
2018-05-04,1849.4106243644126,1908.594917005931,1847.0273390379975,1852.24072265625,655
2018-05-07,1861.9228702463404,1875.7259493682207,1851.99261493836,1860.83056640625,428
2018-05-08,1862.518424496504,1862.518424496504,1832.1318713616079,1851.4461669921875,399
2018-05-09,1876.7188822223218,1887.7414408260736,1865.8948802273499,1883.9678955078125,679
2018-05-10,1886.6988707350663,1898.6648772618714,1863.5614478387101,1885.9541015625,711
2018-05-11,1886.7483746501448,1906.6088838569885,1877.6621674442283,1891.0184326171875,1315
2018-05-14,1872.39936210832,1897.8207917791415,1872.39936210832,1889.529052734375,1223
2018-05-15,1874.8320642162498,1896.6786242865662,1787.445823934984,1857.4044189453125,472
2018-05-16,1854.7732388234178,1876.8183583546088,1827.1670790330581,1844.5947265625,693
2018-05-17,1845.6866303175163,1858.6952384356978,1841.069038097921,1842.955810546875,182
2018-05-18,1845.388849291464,1889.7274605631774,1837.8915797594207,1842.45947265625,726
2018-05-21,1843.8993307311182,1843.8993307311182,1790.4249330962393,1802.1922607421875,1047
2018-05-22,1801.844925694758,1812.2716943471664,1767.585542979702,1777.71435546875,698
2018-05-23,1777.962406569191,1822.1520400412378,1737.7945747434082,1755.0732421875,1008
2018-05-24,1755.718824860757,1799.3622481197967,1727.8644104461625,1732.6309814453125,489
2018-05-25,1734.8651772398784,1801.4971613182815,1732.8294265606457,1778.0120849609375,912
2018-05-28,1778.0121537425641,1800.3552274422052,1767.5853860160648,1778.856201171875,361
2018-05-29,1761.6770398456313,1858.5963100729948,1761.6770398456313,1809.7393798828125,440
2018-05-30,1835.0615484680504,1858.9438618474167,1827.1173439302408,1845.04150390625,2744
2018-05-31,1848.3680345245687,1855.0213782655458,1797.3761981200335,1820.3150634765625,1295
2018-06-01,1819.868138960961,1845.885357603278,1768.8266059203713,1789.7794189453125,26203
2018-06-04,1763.6630401037248,1787.4459530469696,1663.3177618631523,1703.833251953125,886
2018-06-05,1707.4577059142644,1749.7109908726866,1664.3107949504101,1677.81591796875,816
2018-06-06,1668.2828941702228,1688.0937050509194,1613.6664898967929,1663.61572265625,1015
2018-06-07,1698.0736905671408,1708.847993541279,1668.2829240659628,1685.3629150390625,545
2018-06-08,1679.2060106010774,1697.6762594484694,1594.3520356670851,1670.3184814453125,769
2018-06-11,1667.9353832891916,1742.7598339681979,1667.9353832891916,1708.947265625,678
2018-06-12,1708.9471751712952,1717.9341043783038,1657.657505388557,1676.2767333984375,380
2018-06-13,1698.0736239849605,1708.0038790959836,1658.352603540868,1682.0859375,926
2018-06-14,1692.8601950597872,1692.9098948215953,1649.514608408399,1654.8272705078125,300
2018-06-15,1654.8272771922038,1698.0735857135935,1654.8272771922038,1666.2470703125,1024
2018-06-18,1683.1782436643587,1693.207777096684,1678.262815865125,1679.305419921875,267
2018-06-19,1697.8253008178979,1722.899193986871,1679.2060732171751,1715.55078125,1015
2018-06-20,1698.1234120389756,1733.7729327659342,1685.6608927391014,1698.8184814453125,786
2018-06-21,1688.3417794702555,1690.1292737232197,1668.2827143683955,1668.6302490234375,584
2018-06-22,1659.3456080359513,1688.143347493188,1658.3525825374259,1685.611083984375,461
2018-06-25,1687.150333510391,1706.166796180737,1598.7213637755542,1619.3763427734375,1141
2018-06-26,1619.37634243471,1657.3595680046183,1579.9035786071586,1601.3529052734375,964
2018-06-27,1593.9052998737238,1636.357142504104,1593.8060215616513,1619.4757080078125,708
2018-06-28,1613.6167120550385,1651.7986146536937,1602.7431314906762,1637.4990234375,3354
2018-06-29,1637.4990204262003,1651.401377179364,1611.7796361890614,1622.256103515625,174
2018-07-02,1622.5045497395429,1646.8832554529527,1544.6513185682388,1590.529052734375,570
2018-07-03,1550.1127764262926,1644.6487537656153,1550.1127764262926,1623.993896484375,20674
2018-07-04,1620.5182086537334,1657.3594275263217,1608.7011819009233,1616.992919921875,530
2018-07-05,1617.9861492511802,1625.5828189224308,1605.7223080009594,1622.3057861328125,168
2018-07-06,1615.9505488389561,1654.2813113668533,1582.4855145996696,1593.8060302734375,316
2018-07-09,1564.064890277208,1637.3998005219541,1564.064890277208,1616.5462646484375,179
2018-07-10,1604.7289765175303,1678.2128529174668,1604.7289765175303,1659.941162109375,373
2018-07-11,1633.6261460810101,1663.317631325775,1633.6261460810101,1639.3857421875,826
2018-07-12,1639.5843692295207,1677.7165724505799,1634.519963452888,1638.4920654296875,365
2018-07-13,1638.4922046493184,1658.0547600596756,1608.701437292058,1638.4425048828125,579
2018-07-16,1618.9790962932582,1635.512995077445,1588.7910969126444,1613.5174560546875,876
2018-07-17,1589.8338912348447,1605.4740435065178,1568.9803548726138,1595.64306640625,327
2018-07-18,1633.5267947974683,1633.5267947974683,1569.0298430892342,1582.385986328125,419
2018-07-19,1573.9454955775166,1588.8408788164206,1561.6816542879403,1565.1075439453125,502
2018-07-20,1551.1058843350638,1623.4974700180487,1544.1050058317642,1554.0849609375,940
2018-07-23,1523.3011463632076,1574.2929825273413,1523.3011463632076,1542.71484375,463
2018-07-24,1576.9243971313856,1613.616638614851,1547.6301466808968,1603.736083984375,721
2018-07-25,1571.214494412231,1653.387349152387,1571.214494412231,1630.7960205078125,555
2018-07-26,1652.890898621433,1653.3874113575764,1588.8407556589323,1602.5445556640625,325
2018-07-27,1588.8408120502256,1698.0736178786785,1576.9245059598488,1633.9241943359375,1050
2018-07-30,1630.5479446592194,1666.5451206603746,1630.5479446592194,1659.742919921875,589
2018-07-31,1678.213083513461,1678.213083513461,1628.5618088532995,1640.2298583984375,583
2018-08-01,1653.3377670626,1688.1433595214842,1628.5618291854316,1673.794189453125,602
2018-08-02,1638.740283447329,1703.0386826918157,1633.526899724803,1642.06689453125,1118
2018-08-03,1640.4781765226512,1672.7515062665896,1621.7596695149543,1648.7203369140625,3418
2018-08-06,1648.472098708266,1712.9690591432136,1635.61234521406,1647.9755859375,2890
2018-08-07,1640.4780150341387,1688.143235809949,1639.4849896013093,1654.38037109375,830
2018-08-08,1682.1355294752286,1682.6320422347442,1649.4153871107267,1650.16015625,1302
2018-08-09,1650.4083530923444,1670.9143535643839,1633.5269198778017,1639.23681640625,1403
2018-08-10,1668.183632020161,1736.7519729544679,1535.962256877258,1664.2611083984375,19057
2018-08-13,1688.0935226331517,1693.1580492754667,1649.464930578263,1668.977783203125,7051
2018-08-14,1668.3821484675866,1676.922143678188,1622.1568833382762,1633.87451171875,1166
2018-08-16,1657.111285925479,1658.3525677875955,1604.7291913441643,1609.7440185546875,3369
2018-08-17,1617.3404841086103,1638.4919744481476,1616.645414788839,1622.8021240234375,797
2018-08-20,1619.8729465647427,1638.44247606997,1609.4958779386934,1632.63330078125,770
2018-08-21,1616.6454820638328,1633.526915230347,1616.6454820638328,1625.731689453125,4037
2018-08-23,1627.5710725394442,1650.438595244641,1620.9097122982894,1631.2000732421875,923
2018-08-24,1630.5537855536068,1650.3391880785816,1623.7929042373578,1629.80810546875,1169
2018-08-27,1660.3811118785989,1695.1795184149767,1630.0567861826125,1638.110107421875,2161
2018-08-28,1640.4961372601942,1640.5458978112326,1622.5998157628103,1635.425537109375,985
2018-08-29,1626.626564318852,1667.2908873192664,1620.6113631663547,1625.63232421875,859
2018-08-30,1630.5539163681904,1655.3105214450277,1616.7339534133348,1622.8983154296875,390
2018-08-31,1619.169729848339,1644.9702113618039,1619.0205695629902,1630.85205078125,2968
2018-09-03,1639.5019335373947,1655.2109757470348,1620.6113715378735,1628.9630126953125,613
2018-09-04,1615.6401362538493,1680.2657417040034,1615.6401362538493,1637.3642578125,43890
2018-09-05,1632.6914141588602,1824.0826345424691,1630.553773657759,1731.91650390625,17640
2018-09-06,1731.9663800462483,1824.0827562779477,1731.9663800462483,1797.089111328125,5177
2018-09-07,1809.5169529321713,1834.0746344608003,1766.4663087468512,1793.310791015625,1435
2018-09-10,1770.7913432217506,1823.1877468965195,1739.9201401875441,1751.6522216796875,897
2018-09-11,1745.8856125927823,1813.394539539941,1704.3263279374867,1707.4085693359375,1499
2018-09-12,1738.9258523252813,1741.162892444053,1691.8486100992334,1720.88037109375,781
2018-09-14,1705.1218807902992,1748.8186874391793,1705.1218807902992,1722.6204833984375,2101
2018-09-17,1705.1219023882586,1789.5329176312416,1697.167980977701,1777.999755859375,3095
2018-09-18,1788.638127985296,1789.632368189846,1729.480835814576,1741.6602783203125,807
2018-09-19,1734.9490939000282,1741.9087750789968,1690.6060066617556,1705.4698486328125,1032
2018-09-21,1764.776068687201,1788.6378296159294,1640.5458243988858,1663.015625,1434
2018-09-24,1642.583989317568,1674.2505111568785,1602.0190674314433,1610.0723876953125,852
2018-09-25,1590.8339120395274,1620.661114879926,1565.9281491209151,1590.3367919921875,1907
2018-09-26,1606.6920345785736,1652.4270801173202,1590.784192652053,1610.171875,800
2018-09-27,1611.1661514021791,1611.1661514021791,1575.8706263328934,1588.348388671875,452
2018-09-28,1570.9989648724327,1671.417228212559,1516.2661129712378,1533.5657958984375,895
2018-10-01,1524.1700614762783,1564.9339052600535,1398.4980895377364,1509.1072998046875,931
2018-10-03,1512.289124493703,1528.1472073437815,1466.5043141392828,1490.2169189453125,388
2018-10-04,1446.6194616765313,1580.8418859557971,1424.0998973295682,1439.5106201171875,1590
2018-10-05,1460.638105635345,1460.638105635345,1391.9361390458776,1401.8785400390625,913
2018-10-08,1391.93618917493,1457.5560380931765,1391.93618917493,1421.86279296875,2964
2018-10-09,1436.5277887827265,1451.5905506190975,1402.872785564073,1414.75390625,3534
2018-10-10,1402.9722672128619,1470.4811984326004,1402.9722672128619,1430.7613525390625,664
2018-10-11,1429.717433721409,1430.761434497368,1371.2064211558359,1426.287353515625,384
2018-10-12,1487.2340700900904,1487.2340700900904,1422.757622110648,1451.73974609375,420
2018-10-15,1485.5438079014625,1485.593447084078,1421.7135233159822,1447.613525390625,319
2018-10-16,1494.9892585807227,1494.9892585807227,1451.6900505525225,1471.3262939453125,157
2018-10-17,1486.388981873976,1486.388981873976,1395.7143313259362,1440.1070556640625,288
2018-10-19,1431.7057788113477,1447.6136207981403,1401.7791753471342,1417.14013671875,372
2018-10-22,1412.8151235512544,1572.9871727500934,1391.9360823165066,1400.983642578125,1267
2018-10-23,1409.1365561326752,1411.8209558821904,1342.2241481978572,1372.6976318359375,747
2018-10-24,1372.7472856430259,1391.9361685129784,1305.7355986240914,1338.3963623046875,948
2018-10-25,1341.8759766068565,1365.0914552319387,1332.2815367886365,1338.6943359375,522
2018-10-26,1338.2470785961834,1373.443199884707,1337.3025991158188,1353.061279296875,698
2018-10-29,1380.0053606649535,1418.7807274271531,1359.176077579322,1403.5191650390625,299
2018-10-30,1417.7863843114424,1431.7555062801846,1406.8497431982405,1419.1783447265625,282
2018-10-31,1421.8130632916132,1441.5983436276106,1408.838181807132,1417.8857421875,213
2018-11-01,1446.12233224458,1454.5733737186804,1429.6179696391905,1449.6021728515625,284
2018-11-02,1451.590618494932,1471.376021746489,1431.7058155018506,1434.340576171875,1054
2018-11-05,1438.2181103833605,1438.2181103833605,1431.7057889768967,1432.6502685546875,70
2018-11-06,1451.5408927006438,1451.640413811757,1396.9074437157271,1429.120849609375,495
2018-11-07,1441.6481130031218,1490.4156373726235,1441.6481130031218,1478.0870361328125,178
2018-11-09,1443.6365795326917,1519.1988247423917,1443.6365795326917,1515.56982421875,1005
2018-11-12,1521.2370527240462,1521.2370527240462,1481.616489229545,1489.8189697265625,182
2018-11-13,1476.3968639312648,1501.3026282649264,1461.582782772614,1472.1217041015625,616
2018-11-14,1490.6144063660636,1490.6144063660636,1435.6826431833222,1437.372802734375,922
2018-11-15,1466.0568881649635,1648.450198424453,1466.0568881649635,1587.7021484375,11492
2018-11-16,1587.7020545176474,1708.1045074579174,1579.052092748035,1675.741943359375,6436
2018-11-19,1708.104596970135,1716.7544378258367,1642.2361862895345,1665.600830078125,3289
2018-11-20,1665.5508324671464,1665.5508324671464,1610.9173919310947,1613.99951171875,615
2018-11-21,1617.7778495872562,1640.2476522210413,1593.021246110722,1616.1373291015625,391
2018-11-22,1625.781513824589,1637.0164765439279,1593.2699080848129,1605.5985107421875,463
2018-11-26,1593.7670929358856,1632.5424620091853,1561.2057253166404,1599.5833740234375,621
2018-11-27,1575.920355802318,1590.7841970970626,1575.8705952492776,1578.903076171875,1108
2018-11-28,1552.0087800202546,1640.4961480034722,1552.0087800202546,1597.2467041015625,410
2018-11-29,1593.7668915819002,1593.8166521341323,1551.0145669792666,1555.4886474609375,776
2018-11-30,1552.9532069948184,1579.8474490577516,1536.1008865917095,1553.5994873046875,378
2018-12-03,1550.8159850658508,1558.9687065404123,1501.3027722423612,1519.1990966796875,429
2018-12-04,1520.2428728590057,1520.2428728590057,1467.5977867642168,1479.23046875,1390
2018-12-05,1469.4868738246794,1491.3601561143566,1441.7973111995962,1488.92431640625,157
2018-12-06,1465.311015006076,1486.2894555123155,1441.8468530402658,1459.892333984375,197
2018-12-07,1488.9739236131422,1489.0236841641574,1449.9500003662483,1457.7547607421875,333
2018-12-10,1449.4033185287208,1468.393280849225,1392.3339104598638,1413.5609130859375,703
2018-12-11,1367.8756792535282,1420.2720878502994,1365.091758220834,1408.6395263671875,150
2018-12-12,1421.017707580629,1480.1749953896528,1421.017707580629,1474.8558349609375,367
2018-12-13,1453.777880865086,1529.1413318531024,1453.5790813844185,1519.149169921875,269
2018-12-14,1494.3429083763085,1545.8942346014119,1494.3429083763085,1513.7305908203125,186
2018-12-17,1518.204664465602,1526.208345984944,1509.2067428254575,1517.458984375,124
2018-12-18,1528.1472567292228,1556.6819032169024,1490.3163668560205,1555.04150390625,213
2018-12-19,1551.0145488133658,1590.7841526290931,1498.121024285328,1578.853271484375,294
2018-12-20,1528.8429186198236,1579.847483142284,1528.8429186198236,1570.1038818359375,305
2018-12-21,1551.6110138555528,1569.9050552388044,1539.5309728492757,1549.87109375,120
2018-12-24,1556.9302871918444,1556.980047745359,1524.418683400748,1544.601806640625,78
2018-12-26,1517.011664194313,1517.011664194313,1476.4466176670828,1491.2110595703125,1853
2018-12-27,1492.155698364572,1500.5072187138146,1460.4890517993942,1471.3262939453125,862
2018-12-28,1487.4330460014805,1506.2738485636946,1480.3738437428285,1503.1419677734375,259
2018-12-31,1524.1699745041167,1541.1218156571872,1479.4291729041915,1494.3427734375,682
2019-01-01,1540.0779288665665,1551.014570065748,1481.4177624345928,1482.0142822265625,971
2019-01-02,1513.1836777984922,1568.9108841768766,1471.4753539808476,1526.0093994140625,686
2019-01-03,1513.2335453135445,1535.1068291485628,1472.9668182536243,1487.38330078125,795
2019-01-04,1496.7290330904143,1516.216114285829,1435.6826682155654,1450.5465087890625,1442
2019-01-07,1479.4790512329007,1491.360172056739,1442.9407270175107,1461.68212890625,270
2019-01-08,1490.9128483997092,1494.3429283310325,1444.0840407774083,1492.3046875,157
2019-01-09,1461.4833405831728,1496.2321085632645,1461.4833405831728,1468.8905029296875,223
2019-01-10,1464.5157209312772,1501.3026059784306,1461.4832399683464,1491.6087646484375,366
2019-01-11,1506.5223056582254,1511.2449461148342,1481.666303255021,1490.0179443359375,120
2019-01-14,1521.2371933878153,1521.2371933878153,1456.1641026073996,1484.3011474609375,213
2019-01-15,1490.415771484375,1541.0722594664037,1473.4141675281082,1490.415771484375,769
2019-01-16,1511.2449083503056,1511.2449083503056,1462.5271448574338,1464.515625,470
2019-01-17,1485.444699682795,1489.371900138275,1467.7471746189108,1486.6875,291
2019-01-18,1463.4716786483923,1481.4675216997157,1447.5638369179503,1461.532958984375,352
2019-01-21,1496.380990713765,1496.380990713765,1441.6480290634788,1443.537109375,814
2019-01-22,1456.611576817326,1473.4638987726,1429.6675717230642,1464.3665771484375,375
2019-01-23,1455.7166117244462,1473.4140120159195,1436.6768902548956,1441.9464111328125,768
2019-01-24,1441.648212009006,1465.5597360723134,1416.7922083536785,1431.705810546875,468
2019-01-25,1446.6689599370918,1457.1084799326916,1374.2882394207259,1390.0966796875,509
2019-01-28,1404.8613238929145,1470.431412862478,1366.0859582652968,1388.8043212890625,220
2019-01-29,1391.8863367709787,1411.8208987116375,1362.1088952358757,1365.4395751953125,741
2019-01-30,1396.9571202568147,1396.9571202568147,1352.166554589168,1361.91015625,1423
2019-01-31,1342.2739940497843,1391.9362421421881,1342.2242334942528,1362.556396484375,579
2019-02-01,1393.9744004893716,1401.878560849408,1353.6579153166447,1358.728515625,387
2019-02-04,1345.2067967493024,1389.7487998374727,1341.2298365224012,1345.35595703125,451
2019-02-05,1351.1723071905694,1367.0801489234975,1317.4675432454883,1328.5533447265625,233
2019-02-06,1344.2624502885756,1374.0398943877963,1302.4546032185333,1357.6846923828125,1151
2019-02-07,1347.1456384392018,1362.109001196306,1342.2241982591338,1355.5966796875,232
2019-02-08,1333.325796095415,1382.640083054521,1333.325796095415,1372.2005615234375,779
2019-02-11,1380.0550401786088,1391.8367612679697,1323.3335930707326,1355.5469970703125,755
2019-02-12,1362.1586659167074,1439.6596313649222,1362.108905365983,1405.85546875,1517
2019-02-14,1375.0840445703686,1377.0725250967755,1334.419593531905,1347.195556640625,1736
2019-02-15,1353.4092427284345,1357.6347628618382,1322.3392417475247,1328.8515625,4805
2019-02-18,1349.2335658938023,1355.4475664710974,1257.8131165803181,1284.11083984375,1319
2019-02-19,1295.0971564528845,1295.0971564528845,1272.6273540071365,1282.7685546875,947
2019-02-20,1279.98478854033,1292.5121901094888,1277.8471479524771,1290.9710693359375,1288
2019-02-21,1342.1744884657146,1459.5445907881733,1336.9547274972963,1351.9180908203125,56771
2019-02-22,1391.8865323789014,1410.826856911812,1340.3849623605881,1344.7596435546875,24311
2019-02-25,1362.1089481274057,1389.9476711548273,1342.1743854126755,1373.9404296875,4287
2019-02-26,1362.1089794903003,1396.9073840758188,1343.2681775544509,1388.506103515625,4322
2019-02-27,1362.3076952361307,1411.8208992642483,1362.3076952361307,1392.2840576171875,2676
2019-02-28,1378.0167908749338,1419.7748754469014,1378.0167908749338,1407.843994140625,1649
2019-03-01,1390.9419127940032,1506.2737654631271,1390.9419127940032,1436.627197265625,3013
2019-03-05,1485.3948593987075,1485.3948593987075,1397.354841106337,1452.1375732421875,1901
2019-03-06,1455.7167284488796,1485.2953726787873,1451.5906075853843,1476.3968505859375,938
2019-03-07,1477.4905548832032,1484.4004750581275,1453.1813115235857,1470.3817138671875,1443
2019-03-08,1461.4831272151314,1482.7102495835693,1456.561687466474,1462.9744873046875,528
2019-03-11,1457.6554256056795,1648.4501302091135,1457.6554256056795,1559.8135986328125,8851
2019-03-12,1573.5838111954813,1585.713613647987,1564.8842100248578,1567.0218505859375,2258
2019-03-13,1568.9109226541066,1607.6365271093655,1551.0146003424627,1582.2337646484375,2992
2019-03-14,1577.3620663206,1610.6691127887627,1565.928304100186,1587.055908203125,2273
2019-03-15,1597.047821775965,1608.6803816750698,1587.3539814043136,1591.47998046875,8137
2019-03-18,1602.7150385033992,1605.6977587983808,1562.6471139939345,1562.9454345703125,487
2019-03-19,1585.8130002926123,1585.8130002926123,1552.6551163781164,1566.1767578125,873
2019-03-20,1573.5838411491923,1575.8706420473104,1551.0146382295295,1569.4080810546875,546
2019-03-22,1521.1874526753784,1566.3259804465074,1491.4596474640323,1505.080810546875,682
2019-03-25,1570.2034210740899,1570.2034210740899,1476.595692423118,1487.9300537109375,3324
2019-03-26,1519.7953503266697,1523.175790846112,1491.3601085307885,1493.298828125,1406
2019-03-27,1505.7767602700153,1545.2480470699254,1505.2796401774865,1519.6463623046875,45679
2019-03-28,1530.4339266314093,1544.949808692038,1484.4005586826468,1522.2314453125,21110
2019-04-01,1617.8273663751816,1627.5709674455575,1590.7840854690849,1594.4130859375,1403
2019-04-02,1606.890852093914,1606.890852093914,1560.9570065623368,1584.8685302734375,1063
2019-04-03,1589.8891861487841,1606.642106153762,1554.4942658339967,1558.371826171875,629
2019-04-04,1568.4137563309189,1579.8475174705736,1540.9229933173522,1559.763916015625,360
2019-04-05,1551.0147375251966,1565.9283407706312,1550.0204973088344,1553.052978515625,169
2019-04-08,1553.003262856894,1578.8037486705298,1545.944181390079,1555.04150390625,811
2019-04-09,1551.9094996090462,1562.8461414366404,1541.2214178229883,1558.222900390625,476
2019-04-10,1551.1140203717016,1559.1673412438445,1522.2810562702277,1532.024658203125,589
2019-04-11,1549.3243976824315,1549.3740368671536,1516.2161537776526,1518.25439453125,244
2019-04-12,1528.6441922856645,1540.624834339565,1506.273789471728,1508.6102294921875,294
2019-04-15,1502.3961244448935,1511.294645766983,1475.4522431989976,1501.849365234375,1288
2019-04-16,1508.461100916049,1558.7199888416228,1502.5454205944204,1528.2962646484375,826
2019-04-18,1528.1470444104332,1546.0433663358644,1495.337120880476,1499.8609619140625,536
2019-04-22,1514.028786602588,1514.3269857952857,1466.504063982252,1468.3433837890625,4562
2019-04-23,1491.3603607153427,1491.4101212742535,1453.82779163734,1456.909912109375,448
2019-04-24,1479.4790609804015,1480.4733011016565,1453.5790572748274,1461.831298828125,309
2019-04-25,1468.3931841629376,1483.4559455020724,1453.5789828413883,1454.27490234375,668
2019-04-26,1454.274907961907,1457.6057093041804,1441.6481075666502,1448.6077880859375,288
2019-04-30,1436.7268279567375,1449.6519503624177,1416.7922636995545,1420.4212646484375,444
2019-05-02,1420.4212600082008,1420.4212600082008,1392.930494707869,1397.30517578125,731
2019-05-03,1385.5730186980975,1417.8361836857748,1385.4736189586959,1392.930419921875,751
2019-05-06,1415.7979747260658,1416.7922148768566,1372.0514080912717,1378.7127685546875,308
2019-05-07,1394.9686281581676,1394.9686281581676,1373.0455852914636,1373.244384765625,3124
2019-05-08,1384.479416016647,1384.6782155007902,1354.155091285223,1357.6846923828125,547
2019-05-09,1378.6629591075648,1393.9245192640144,1347.1952379477457,1347.94091796875,1053
2019-05-10,1357.1378157771474,1469.2881541552845,1352.365414471488,1389.1026611328125,623
2019-05-13,1414.8036791868767,1436.0804418542727,1342.2241510205788,1344.6103515625,2406
2019-05-14,1333.6737491251026,1368.1241942768127,1324.9243873392954,1352.2659912109375,495
2019-05-15,1375.0341666560287,1385.9708086178628,1360.0708034249994,1369.0687255859375,219
2019-05-16,1384.9267158879338,1429.0710011477022,1373.1449948305635,1391.9361572265625,725
2019-05-17,1419.774957464436,1419.774957464436,1381.9938311453545,1393.1292724609375,210
2019-05-20,1426.4362830320133,1436.677005040429,1386.9649979456046,1398.3489990234375,1428
2019-05-21,1407.8440398194289,1469.4869285685845,1387.0643965966756,1453.976806640625,1648
2019-05-22,1453.97670341337,1481.4177050864994,1417.7863405727169,1462.576904296875,1035
2019-05-23,1467.5482013747355,1471.4754013652814,1417.7864340181698,1418.6812744140625,2194
2019-05-24,1423.5033800678868,1448.9062652557586,1408.6395378992024,1417.7864990234375,537
2019-05-27,1417.8362098573252,1511.245023100083,1417.7864493031043,1496.3314208984375,1505
2019-05-28,1511.2448535905862,1536.1008544720103,1496.3312530617318,1505.8262939453125,358
2019-05-29,1525.1643461748865,1535.106747388543,1511.2449844757678,1527.69970703125,453
2019-05-30,1491.4596494077684,1536.0512965992973,1442.7418812520593,1493.5972900390625,2461
2019-05-31,1502.3466176141987,1511.2450183530136,1423.801646265588,1436.130126953125,1451
2019-06-03,1458.5501805089655,1458.5501805089655,1394.4216960898596,1406.9490966796875,920
2019-06-04,1446.619398325842,1446.619398325842,1421.7633949181816,1434.042236328125,225
2019-06-06,1422.7574942768258,1427.7784550152455,1406.849653669957,1412.0196533203125,597
2019-06-07,1440.6538638590207,1440.6538638590207,1391.9361003468798,1404.4635009765625,584
2019-06-10,1432.6998946561189,1440.6538149595533,1401.8784534803106,1412.0196533203125,262
2019-06-11,1419.7748683074387,1490.365915681268,1406.849746957301,1470.3817138671875,1004
2019-06-12,1451.6404561740403,1473.0662597171013,1412.1194081255628,1420.1727294921875,3680
2019-06-13,1417.736657936408,1441.6979420467187,1417.1401381347478,1424.19921875,386
2019-06-14,1428.7727868395336,1428.7727868395336,1393.92462272454,1397.4542236328125,400
2019-06-17,1403.9168946862032,1428.7728991856777,1381.993850170783,1419.029296875,2450
2019-06-18,1425.9391109553449,1441.6481531712636,1405.8555093683908,1410.32958984375,239
2019-06-19,1417.686883675426,1421.3158840599642,1382.0930420388581,1393.3280029296875,396
2019-06-20,1386.766082050347,1386.766082050347,1362.1088800543107,1365.8372802734375,315
2019-06-21,1391.488852300975,1391.488852300975,1344.2126845597036,1349.9295654296875,853
2019-06-24,1362.1089562863042,1372.0513574270801,1346.2011144610626,1358.728515625,119
2019-06-25,1353.7573255067944,1384.678169019903,1348.1398445454438,1350.5758056640625,433
2019-06-26,1362.6060071251086,1379.0109681740428,1352.166486457605,1353.8070068359375,385
2019-06-27,1357.1874268927315,1389.7487884844877,1357.1874268927315,1381.595947265625,2564
2019-06-28,1362.4073121380648,1389.3511956536636,1362.2581518436514,1368.869873046875,105
2019-07-01,1355.1991095837388,1386.9650344054976,1352.1666285243562,1356.044189453125,305
2019-07-02,1362.0590042851977,1409.7825230529916,1362.0590042851977,1393.3775634765625,1999
2019-07-03,1401.8785583496092,1401.8785583496092,1391.9361572265625,1391.9361572265625,261
2019-07-04,1393.0297709907763,1404.91101293065,1377.2213292277206,1395.3662109375,516
2019-07-05,1391.8367348047589,1466.504141748479,1391.8367348047589,1404.3641357421875,2282
2019-07-08,1404.8611875257504,1404.8611875257504,1352.1664649929376,1354.75146484375,907
2019-07-09,1377.072283594946,1406.2034453776437,1342.2241199342188,1372.2501220703125,2160
2019-07-10,1367.5275598614428,1388.655162957649,1342.2241967001626,1343.417236328125,1251
2019-07-11,1353.6578953301475,1367.0801366720182,1322.8862128006645,1329.64697265625,1018
2019-07-12,1367.130105457116,1367.130105457116,1342.1249388751803,1345.6544189453125,2429
2019-07-15,1348.1398352714116,1372.101119134612,1325.322073181005,1337.00439453125,257
2019-07-16,1362.1586834390957,1362.1586834390957,1324.3277994791667,1342.22412109375,3789
2019-07-17,1344.2126906707038,1361.9598531786767,1344.16293011603,1359.6234130859375,198
2019-07-18,1360.4188550348674,1360.4188550348674,1294.9978041735,1307.17724609375,550
2019-07-19,1296.4891536209368,1311.3529952938652,1285.5525119876315,1299.968994140625,1264
2019-07-22,1293.5063938892538,1337.2529590938095,1292.5121537709683,1315.9761962890625,1416
2019-07-23,1292.7604677898883,1312.446466932599,1291.2691078962641,1305.039306640625,767
2019-07-24,1272.7765901555786,1307.326436395788,1242.8002244679692,1263.48046875,2094
2019-07-25,1271.633166996757,1290.4739695167923,1260.6965252164878,1262.4862060546875,444
2019-07-26,1290.623197098347,1290.623197098347,1253.3889496430957,1273.7708740234375,346
2019-07-29,1301.2117776295686,1305.9841788279282,1263.4306524720337,1269.6446533203125,476
2019-07-30,1291.4681649389534,1291.4681649389534,1262.7347223508646,1267.5567626953125,642
2019-07-31,1236.8844355637623,1252.7922770430198,1236.8346750122603,1243.8441162109375,253
2019-08-01,1247.7712930959733,1247.7712930959733,1222.9152912414718,1234.5478515625,540
2019-08-02,1234.5480090421484,1253.687132911512,1213.3707655810497,1246.6280517578125,255
2019-08-05,1232.8576801127626,1242.8000807588332,1201.986477559835,1230.521240234375,243
2019-08-06,1243.5457310582067,1277.2007321665953,1233.603330649986,1241.5572509765625,439
2019-08-07,1292.5121503237713,1292.5121503237713,1234.8462236170185,1235.9896240234375,214
2019-08-08,1237.8289162165313,1278.5429994921956,1225.898035096372,1232.360595703125,712
2019-08-09,1243.744640706466,1286.546726802695,1242.8995608703376,1261.193603515625,710
2019-08-13,1307.4257340859035,1307.4257340859035,1234.0507660138983,1234.448486328125,383
2019-08-14,1252.7424923434664,1261.6906530030626,1224.5558105391776,1232.609130859375,357
2019-08-16,1241.805933058888,1272.6273773541848,1194.0824064081062,1217.8944091796875,476
2019-08-19,1279.0899846041932,1279.587104691486,1198.1588101194952,1217.9442138671875,290
2019-08-20,1198.8549000766873,1262.5856735997781,1193.0384977237943,1217.4471435546875,531
2019-08-21,1194.1816340174105,1223.9591946953624,1194.1816340174105,1201.0916748046875,515
2019-08-22,1194.1818028226412,1199.0536037614477,1193.0881629467142,1193.5355224609375,506
2019-08-23,1164.4540130381972,1201.0420990392556,1145.6132107764754,1162.4158935546875,1941
2019-08-26,1168.282018768825,1189.1113028257855,1105.5951243664495,1149.6400146484375,900
2019-08-27,1182.0023791444005,1182.0023791444005,1126.772411581277,1147.7508544921875,565
2019-08-28,1143.8733001439666,1163.1118229003262,1120.6080562065804,1133.78173828125,460
2019-08-29,1129.1087916744289,1151.1808733052462,1127.4185106873485,1141.0396728515625,1300
2019-08-30,1143.9725913032578,1160.2781525969103,1118.520069984168,1123.143310546875,490
2019-09-03,1119.1664966753995,1148.3474220443838,1099.629652624319,1117.7745361328125,671
2019-09-04,1101.7672254067613,1113.4991861318736,1076.2649417739651,1089.1900634765625,880
2019-09-05,1093.6642027099708,1117.9236874798887,1073.7793990243351,1081.7830810546875,503
2019-09-06,1093.6639919908018,1093.6639919908018,1056.8273517136915,1072.138671875,1176
2019-09-09,1093.5647793386984,1232.9075624287557,1068.808175011502,1184.4383544921875,7294
2019-09-11,1190.1053947130886,1290.523644392305,1190.1053947130886,1273.3232421875,5255
2019-09-12,1308.42005198618,1308.42005198618,1242.8996010973212,1275.908447265625,458
2019-09-13,1267.6564194245013,1270.6889009747215,1251.1520542372043,1254.283935546875,399
2019-09-16,1254.7310994165261,1272.726822290025,1244.1921778470082,1262.0885009765625,382
2019-09-17,1244.0926763100783,1272.0307986362918,1204.1241517706826,1216.9996337890625,808
2019-09-18,1198.5065422423565,1242.7999821531698,1198.456903063382,1210.4871826171875,473
2019-09-19,1183.2452053942845,1340.1859923997695,1169.8229630612755,1290.8717041015625,3134
2019-09-20,1327.260751969471,1396.907318420519,1247.771305777759,1354.25439453125,7849
2019-09-23,1342.2738876790943,1357.2371282760112,1262.6849195940244,1269.44580078125,2318
2019-09-24,1269.644603306679,1368.074372866085,1267.6561231135597,1310.408447265625,2992
2019-09-25,1310.4085334941765,1326.4157758286685,1243.794442641286,1282.967529296875,2100
2019-09-26,1292.5121073820153,1308.41994870364,1259.8015843909848,1266.661865234375,2125
2019-09-27,1259.7521328419843,1292.512299896316,1243.794528592532,1267.7060546875,880
2019-09-30,1272.6770662809934,1277.6482666940012,1252.6927435269442,1266.661865234375,857
2019-10-01,1245.3852683555315,1264.872352285448,1229.3282646186065,1243.048828125,515
2019-10-03,1287.5409925554225,1291.517953150188,1232.8577843773928,1237.2821044921875,472
2019-10-04,1282.420489440799,1282.420489440799,1246.7272477836796,1262.58544921875,205
2019-10-07,1243.8937542284903,1278.2944371216772,1232.8577134860468,1233.6033935546875,364
2019-10-09,1232.5592292756803,1232.8575498104108,1209.0455513266713,1217.6456298828125,368
2019-10-10,1198.1587584351958,1235.3433636341222,1133.4337501351304,1151.876953125,1563
2019-10-11,1151.8768291497067,1162.2168283127146,1139.3990682929903,1149.93798828125,203
2019-10-14,1151.3300436653276,1212.923169734222,1151.3300436653276,1183.394287109375,258
2019-10-15,1168.2319682400998,1183.046168110794,1143.3759689158423,1145.1656494140625,300
2019-10-16,1162.2668298842127,1163.2610701150804,1123.4914608803767,1150.485107421875,624
2019-10-17,1128.4625552643124,1159.2839995050117,1106.6390328085054,1132.7874755859375,569
2019-10-18,1143.2767011555807,1150.3855420562986,1121.502818960827,1142.13330078125,691
2019-10-22,1142.4317643487632,1170.2207297322225,1076.4141899867739,1129.009521484375,2017
2019-10-23,1113.6482969405022,1163.0621020743044,1113.6482969405022,1140.194580078125,638
2019-10-24,1148.347358353641,1155.6053599013726,1113.548953555046,1137.9078369140625,578
2019-10-25,1138.5044658588174,1163.2610719192603,1099.679457603551,1142.1832275390625,808
2019-10-27,1177.1305341616264,1177.180294714196,1134.4777303742735,1144.51953125,116
2019-10-29,1148.3472517878604,1216.9498148816806,1114.5928508124882,1126.026611328125,2302
2019-10-30,1150.286072393392,1162.2667145331948,1118.5201487167185,1138.4547119140625,615
2019-10-31,1134.427988059831,1173.2033531205966,1123.4913466324356,1163.3603515625,512
2019-11-01,1134.4280160392443,1204.024826839198,1134.4280160392443,1174.0484619140625,356
2019-11-04,1234.8461999805795,1234.8461999805795,1136.41643041691,1147.40283203125,1504
2019-11-05,1153.3184973742839,1178.1744994728676,1147.7010166265645,1171.46337890625,1477
2019-11-06,1149.6396581338913,1181.1570147793657,1123.4910999164,1179.1187744140625,1253
2019-11-07,1158.289675465611,1160.3279161452826,1113.996232032902,1148.7449951171875,489
2019-11-08,1148.3473521597782,1189.1111975611211,1138.4049508423775,1162.1175537109375,945
2019-11-11,1148.9935629591791,1185.1341652865506,1133.4336815659963,1146.955322265625,1182
2019-11-13,1141.8349754561611,1168.2320982224496,1092.6698518693381,1104.3521728515625,3043
2019-11-14,1128.4626151367183,1128.4626151367183,1074.972444392164,1086.3565673828125,931
2019-11-15,1075.7678721786467,1118.5201998160605,1063.8369900472753,1105.9927978515625,3006
2019-11-18,1105.595083152408,1118.5202055273912,1093.6144404040974,1105.4459228515625,2347
2019-11-19,1096.2490405285776,1126.424201378249,1093.664040705802,1097.7901611328125,1577
2019-11-20,1141.387721143539,1141.387721143539,1080.192189812348,1096.994873046875,965
2019-11-21,1094.260791229369,1108.5778750550935,1084.6167093834001,1091.824951171875,743
2019-11-22,1091.6756747950335,1091.6756747950335,1059.0149104373115,1072.7353515625,797
2019-11-25,1092.6699185734121,1092.6699185734121,996.8749049446255,1029.287109375,2353
2019-11-26,1029.0385510839171,1033.9103520726346,1015.7157088544137,1019.3944702148438,1255
2019-11-27,1020.1896998200344,1036.1473013068794,1000.0066387678859,1010.64501953125,941
2019-11-28,998.217147644335,1012.0868103882657,944.9258979001113,954.1226196289062,4506
2019-11-29,974.355329195929,974.355329195929,934.5857239226258,940.50146484375,4124
2019-12-02,939.5072244552127,964.4129276140934,934.7845838302983,952.3328857421875,3259
2019-12-03,945.5721057687249,954.4705674667241,944.4784658502778,944.9755859375,1066
2019-12-04,945.1245923539734,1057.8714412913603,945.074892486873,1014.1248779296875,2116
2019-12-05,1057.8714821107926,1057.8714821107926,976.3437926999985,986.2861938476562,628
2019-12-06,989.2689115923571,1011.1421940597257,989.2689115923571,1000.9512329101562,674
2019-12-09,1000.951307717846,1039.9752350363715,949.49937806858,969.4835815429688,1538
2019-12-10,988.9706654789087,988.9706654789087,944.5778195791198,951.2889404296875,1743
2019-12-11,966.8984623944713,968.041862741693,944.5777608173858,944.92578125,856
2019-12-12,969.1852348438601,969.234934712012,944.5280925641681,947.6599731445312,940
2019-12-13,954.5202678751739,967.9922101097474,944.5281662531119,948.505126953125,509
2019-12-16,944.8264257533268,988.8712533498788,944.8264257533268,960.3366088867188,11532
2019-12-17,953.9236721958575,1007.9605971372952,950.4935317281105,984.3970947265625,22505
2019-12-18,989.2689743008999,1004.2322768005896,984.297773425016,989.4678344726562,487
2019-12-19,983.3035146688032,989.1695558649401,976.3438335740797,977.3380737304688,255
2019-12-20,974.3553067121894,986.3358878875937,967.7933462669556,980.1218872070312,474
2019-12-23,992.1522991477339,992.1522991477339,957.4532926184419,962.9713134765625,630
2019-12-24,957.8508881037825,969.384048406254,949.5986471448313,953.9733276367188,648
2019-12-26,935.7788360727814,964.3632402250995,935.7788360727814,944.5281372070312,1482
2019-12-27,971.3725986329227,972.0685788546409,944.6275150931306,947.0634155273438,442
2019-12-30,969.3840829331549,972.3668031883338,947.7096612155743,968.886962890625,384
2019-12-31,972.3668591238137,979.3265401195873,966.4014182702933,967.8430786132812,445
2020-01-01,967.8430964497018,994.2401605762813,966.4014360801455,971.3229370117188,633
2020-01-02,977.3877517904177,1008.1594960806857,977.3877517904177,996.8251342773438,1545
2020-01-03,1002.1940057722929,1002.1940057722929,947.1130807847809,975.5980834960938,1381
2020-01-06,981.3149714187361,981.3149714187361,954.5201887858309,970.2789306640625,589
2020-01-07,994.2400937443708,994.2400937443708,957.4532102758291,965.5065307617188,602
2020-01-08,974.3552528803524,974.3552528803524,950.5431914513019,959.7896118164062,782
2020-01-09,964.4128439099835,983.0051448932148,956.5583232789276,979.7738647460938,555
2020-01-10,994.2400868317276,1009.05428839896,974.4546848303366,989.3682861328125,641
2020-01-13,969.4337747846017,993.245836761602,969.3840749174796,984.0988159179688,688
2020-01-14,984.2977230073412,1023.1228484061786,984.2977230073412,1016.8093872070312,1538
2020-01-15,989.2689221088901,1031.0270072632352,987.3798416022769,1003.0391235351562,338
2020-01-16,1028.9887746464412,1028.9887746464412,984.2977293215994,1002.84033203125,894
2020-01-17,1004.1825027351886,1014.1249037523686,984.2977007008284,1003.983642578125,2865
2020-01-20,999.509554537843,1014.025496322964,997.6702346370582,1004.1824951171875,1018
2020-01-21,994.2401355356582,1004.1825368910147,991.2574151290512,998.763916015625,1241
2020-01-22,989.2689490193236,1021.4823541452533,986.2862285700191,996.427490234375,670
2020-01-23,1001.6969422171176,1007.165262993489,989.6666607825416,993.0967407226562,595
2020-01-24,991.655129227292,1008.9548710667772,991.2574089021354,1000.9015502929688,369
2020-01-27,1002.1941279290581,1014.0256106572186,992.0031658147001,1007.5630493164062,718
2020-01-28,1007.6126401378928,1018.8973016680026,998.2667589369172,1001.6968994140625,481
2020-01-29,1004.182543675922,1008.8554844812335,946.5166154252256,967.8430786132812,1262
2020-01-30,1003.1882089104737,1003.1882089104737,956.6577867786002,967.047607421875,1057
2020-01-31,998.1673222148746,998.2170220812468,957.3040192633423,967.8927001953125,569
2020-02-03,1007.1652465772853,1007.1652465772853,968.3898817041222,973.0131225585938,197
2020-02-04,1003.6853597802161,1167.5858125347793,1003.6853597802161,1163.708251953125,34796
2020-02-05,1163.2610695475748,1277.5986960415673,1120.5087396411254,1178.0255126953125,28444
2020-02-06,1192.1933298442293,1213.3209328589908,1158.289765279865,1194.927490234375,2547
2020-02-07,1194.082418522178,1209.9902609004916,1114.5432066306091,1143.873291015625,4926
2020-02-10,1158.2896332446337,1163.2608333873145,1093.6142708414795,1139.1505126953125,4520
2020-02-11,1163.7084069297864,1172.0104097890578,1123.590838671738,1149.4908447265625,3217
2020-02-12,1115.5374397192518,1115.5374397192518,1019.0961459110812,1035.6502685546875,5171
2020-02-13,1006.1709585960189,1031.9714400645223,985.7890370039058,1002.6414184570312,1476
2020-02-14,1002.6414610764282,1043.952125922647,958.2983153175531,994.041259765625,2468
2020-02-17,994.0413141474327,994.0413141474327,885.8679953182444,929.6145629882812,3802
2020-02-18,924.643304290067,924.643304290067,851.0695359917175,864.4420776367188,5922
2020-02-19,860.017697865063,1002.5917543626074,860.017697865063,898.3456420898438,5750
2020-02-20,894.8160768815785,928.6699396535452,894.8160768815785,913.6072387695312,744
2020-02-24,905.7527554549758,917.584237236555,859.9680097555802,871.998291015625,1427
2020-02-25,899.7872885447546,904.7584890339522,855.0464841419767,900.68212890625,1483
2020-02-26,895.8102804723362,900.7814806969329,869.960039304433,884.92333984375,943
2020-02-27,865.0385483270883,884.8736495750691,861.3101481182046,876.7705688476562,682
2020-02-28,864.9888811950809,887.3095834270073,845.1040793285274,847.887939453125,2335
2020-03-02,864.9888598925711,899.7872623020423,830.1904574830999,833.8194580078125,1593
2020-03-03,853.0579881223498,861.3598685118727,800.3632639143259,815.426025390625,1565
2020-03-04,825.2192930310949,825.2192930310949,758.1080854653131,776.8494873046875,2864
2020-03-05,815.2768642237141,815.2768642237141,781.4727015607797,790.1723022460938,786
2020-03-06,790.9179584074315,877.0688828644074,721.9176747833004,793.9503784179688,1192
2020-03-09,793.4035829360907,793.4035829360907,748.6627793870631,753.4351196289062,1237
2020-03-11,752.6894784035658,761.239979933133,705.9601922858808,722.06689453125,3702
2020-03-12,716.8471352449383,716.8471352449383,624.3828029595301,636.0651245117188,3663
2020-03-13,558.7629943970512,763.2782164047217,509.05098421937765,703.375244140625,4607
2020-03-16,646.5543210706611,730.7664691794942,599.1290564443332,641.4340209960938,3856
2020-03-17,639.3460391613106,687.9147010374639,616.4288186062956,630.248779296875,1166
2020-03-18,654.2100080645913,654.2100080645913,576.7586773652665,592.2688598632812,2037
2020-03-19,576.6592455652988,594.5555669793943,507.41043016189474,552.4495239257812,2129
2020-03-20,593.5613908151387,596.5938112445587,546.8321020909988,570.9921264648438,1068
2020-03-23,497.12005630145615,546.8320619316017,475.4456339834328,477.7820739746094,4092
2020-03-24,545.8378306349568,546.8320707636179,449.39653815482785,453.9203186035156,1922
2020-03-25,471.66747365348186,477.2352240018633,451.18612255504223,460.3828430175781,1119
2020-03-26,455.3619636076739,497.12004760663086,454.66598340430465,461.0291442871094,2893
2020-03-27,491.1545888211884,496.92116902285534,468.78418750848243,475.29644775390625,839
2020-03-30,447.4080139282784,482.1069849401342,441.5420038140228,466.1494445800781,1168
2020-03-31,467.69055591198344,472.7611866956918,447.8057531066967,460.8800048828125,822
2020-04-01,472.21430306360287,472.26400292719217,433.93606282634624,447.45770263671875,2046
2020-04-03,447.50750766877366,482.2064836174193,447.50750766877366,456.9527893066406,742
2020-04-07,489.1661141635993,489.1661141635993,463.3158723582058,484.642333984375,851
2020-04-08,484.19490703165013,509.64742817917687,472.3634564394829,480.86419677734375,1691
2020-04-09,497.07036530810194,507.06246648145736,492.14886452612035,504.7757263183594,3329
2020-04-13,512.0336433464281,517.0545436347559,497.0703422164222,512.8787231445312,888
2020-04-15,560.7514673585695,560.7514673585695,522.2246599824266,544.1476440429688,985
2020-04-16,543.7997157148859,556.7745388130029,529.9300521202331,550.411376953125,559
2020-04-17,551.8032892492433,605.4425580616337,551.8032892492433,600.5210571289062,1653
2020-04-20,646.2063988216133,660.5731811523438,644.168218647073,660.5731811523438,3965
2020-04-21,692.9853815388575,693.5819013528244,627.5643920898438,627.5643920898438,5238
2020-04-22,603.1059912742178,603.1059912742178,596.1960714596443,596.2954711914062,1479
2020-04-23,587.5959677115018,626.0730762110575,566.7666230476129,593.362548828125,2167
2020-04-24,592.5670863789421,596.3948864050983,566.7168443556998,567.4625244140625,2327
2020-04-27,571.6880871938733,580.636248558647,542.1094426825381,567.164306640625,861
2020-04-28,576.6593100689317,584.4640712852157,558.31556643088,569.7493286132812,779
2020-04-29,583.6189499650992,583.6189499650992,542.8551050782695,553.4437866210938,5063
2020-04-30,561.7457409181457,561.7457409181457,540.8666956804801,548.8206176757812,2591
2020-05-04,541.860888741563,556.7744911839914,521.3795656607363,522.4732055664062,2502
2020-05-05,517.0049323709793,537.6851175290966,517.0049323709793,521.628173828125,783
2020-05-06,527.891834609601,536.8896960831628,496.1258487879597,506.1179504394531,659
2020-05-07,524.9587933044181,524.9587933044181,495.13158913939435,520.0372924804688,1119
2020-05-08,526.897614026088,531.8191152265935,515.0661311952655,515.8615112304688,759
2020-05-11,521.9760999171826,540.9163634060279,490.16041382699245,499.6553955078125,1946
2020-05-12,487.4759042533283,497.1200452682522,487.1279444950802,495.0321350097656,2061
2020-05-13,497.1200573828913,497.1200573828913,488.91757643607355,493.1430969238281,3147
2020-05-14,492.148838720951,507.0624398943131,482.20643793870954,489.6632385253906,3197
2020-05-15,506.9629973530354,506.9629973530354,472.2640255445434,492.3476867675781,1606
2020-05-18,506.0681945171066,511.0393948561744,487.17763322864874,494.5350036621094,11171
2020-05-19,506.81389483463124,507.06245486152415,469.82815069624706,479.8202819824219,3796
2020-05-20,493.14311607492175,493.14311607492175,462.32167132023915,476.4895935058594,1728
2020-05-21,466.2985653374139,490.7568756857315,462.32160529189224,473.5068054199219,1071
2020-05-22,486.13370430228775,497.12004516368535,452.97579122151,468.9830627441406,5827
2020-05-26,486.1834295312303,492.3974304199219,486.1834295312303,492.3974304199219,768
2020-05-27,517.0048922936893,517.0048922936893,487.27711705516265,512.03369140625,2545
2020-05-28,517.0048410569631,517.0048410569631,487.1776386882921,495.5789794921875,4471
2020-05-29,494.1373216429041,506.9630126554164,484.7417407143826,500.25189208984375,924
2020-06-01,494.28649521197013,517.0048891999837,482.2064831961386,489.2655944824219,8113
2020-06-02,495.8275277862308,513.0278686086783,484.2943370747302,504.17913818359375,3412
2020-06-03,517.0048298034677,517.9990698607821,499.75475874070383,507.70867919921875,2700
2020-06-04,507.7086998836819,517.9990909644841,498.31314916435804,502.4392395019531,2902
2020-06-05,516.4580442000773,518.9933443778466,500.8981619965347,509.9954833984375,10443
2020-06-08,534.8018071346391,546.7326890724238,509.0509626788124,524.06396484375,7754
2020-06-09,513.5747157702332,526.7483972042999,512.2325158975609,516.9054565429688,3967
2020-06-10,511.1387933530905,523.3182341543451,511.1387933530905,521.031494140625,4330
2020-06-11,531.8191502631546,573.1298217773438,523.4178077569932,573.1298217773438,13376
2020-06-12,575.6650973332916,630.3980102539062,568.7054156729582,630.3980102539062,28381
2020-06-15,660.9708882031448,676.0336518570765,628.95634088149,661.3189086914062,21823
2020-06-16,656.1984362096193,656.1984362096193,628.2603149414062,628.2603149414062,8710
2020-06-17,600.1232202629466,643.173859413573,600.1232202629466,613.04833984375,2854
2020-06-18,599.5765109326694,632.336736045323,599.5765109326694,623.1400146484375,3081
2020-06-19,622.7919838796546,637.2084644260948,606.9835430070162,616.2796630859375,7271
2020-06-22,599.8250193500935,629.3539614307189,599.8250193500935,624.5319213867188,2386
2020-06-23,635.2696524554884,635.3193523181687,611.9547126006773,618.6658325195312,2530
2020-06-24,618.8151043410522,632.6350062550218,613.1479232512701,616.5780639648438,2597
2020-06-25,606.5361953920989,628.6580388762661,601.515294738031,613.5953369140625,1798
2020-06-26,629.3042866242201,632.0881467816229,613.4461448120508,624.2833862304688,1783
2020-06-29,636.263995923816,638.2027763524106,593.5613693583811,609.3698120117188,1701
2020-06-30,628.3101128256012,628.3101128256012,599.4771467365475,602.9072875976562,1635
2020-07-01,596.6434088386194,621.300609762064,586.6016089586965,592.11962890625,2532
2020-07-02,590.5786488137202,614.2912521062846,584.6132079166119,587.2976684570312,4329
2020-07-03,605.4922356447797,609.1709362410825,581.2327523405796,586.1045532226562,13565
2020-07-06,615.3849641553685,615.3849641553685,603.2055220966748,609.866943359375,81814
2020-07-07,611.4576766358992,614.3906971402226,579.3934326171875,579.3934326171875,15854
2020-07-08,576.5598206621381,578.9956602014009,553.1951798359019,566.1203002929688,9540
2020-07-09,574.6210669226133,588.9878482290816,557.6195251281841,581.2327270507812,6345
2020-07-10,583.5692657019528,585.3091859570668,568.7053633858299,571.5886840820312,3106
2020-07-13,573.1794201851548,573.5273799482538,546.8320574186212,555.2333984375,8965
2020-07-14,562.6901677459883,568.904168050888,546.8320268311652,549.317626953125,6883
2020-07-15,550.0136559266431,556.5756165574204,537.4861937902472,540.170654296875,6509
2020-07-16,542.8550963211886,554.5374175332289,525.754154410248,544.9927368164062,2116
2020-07-17,541.8112050268935,546.8321058621797,531.8688031021265,540.966064453125,2683
2020-07-20,542.4574031012578,553.095784873076,534.9012022133212,543.5014038085938,5509
2020-07-21,551.8032634015647,554.7859837442758,538.3810218593644,549.5662231445312,3286
2020-07-22,544.9430337061304,548.8205947905935,533.5092713146598,539.1764526367188,2228
2020-07-23,546.4343021804098,546.4343021804098,529.6813817654433,535.1994018554688,2308
2020-07-24,535.1993857064413,535.1993857064413,519.0429855300501,520.5840454101562,5824
2020-07-27,531.9184760082268,535.7960368357465,507.0624724564405,509.3492126464844,4157
2020-07-28,514.9666876545062,514.9666876545062,497.07036530810194,504.7757263183594,2473
2020-07-29,515.9609400132798,529.9300020391291,502.53869793536563,524.9588012695312,4650
2020-07-30,540.6678288004872,544.8436499330461,527.9415659022765,533.658447265625,3141
2020-07-31,541.661913021162,541.661913021162,521.9759741334198,527.7425537109375,972
2020-08-03,527.6928835665349,536.8896036286931,526.9969034251122,531.7195434570312,1847
2020-08-04,536.342800991706,546.8320212628468,529.6813805959666,539.9717407226562,2049
2020-08-05,551.5546705054201,551.5546705054201,528.2397290791971,535.0005493164062,3515
2020-08-06,542.7557298244893,542.7557298244893,528.3392474458666,536.243408203125,1614
2020-08-07,530.4270951212687,546.8320568260502,522.522874163154,538.2816162109375,5491
2020-08-10,592.0700073242188,592.0700073242188,571.6880843180953,592.0700073242188,28861
2020-08-11,631.8396154715189,651.2769982718056,603.503771189948,607.7789916992188,48704
2020-08-12,607.7789691109798,649.6365142902031,582.3264464844673,632.0384521484375,77675
2020-08-13,636.3136942675159,680.1099606190517,626.8684128682324,663.40673828125,102985
2020-08-14,677.1769650780253,729.7225952148438,677.1769650780253,729.7225952148438,179357
2020-08-17,766.161376953125,766.161376953125,756.2189762105015,766.161376953125,56623
2020-08-18,804.4395751953125,804.4395751953125,760.5936146256261,804.4395751953125,260712
2020-08-19,824.9210948532069,844.65673828125,816.2711930941724,844.65673828125,119637
2020-08-20,855.0464989358535,886.8621826171875,849.0810582456033,886.8621826171875,71574
2020-08-21,930.6086804428262,931.2052001953125,914.7008397514958,931.2052001953125,30382
2020-08-24,977.7357788085938,977.7357788085938,977.7357788085938,977.7357788085938,12117
2020-08-25,1026.602688143446,1026.602688143446,928.8688354492188,928.8688354492188,46981
2020-08-26,882.437744140625,882.437744140625,882.437744140625,882.437744140625,7157
2020-08-27,838.34326171875,838.34326171875,838.34326171875,838.34326171875,7319
2020-08-28,810.3057183397224,880.25048828125,810.3057183397224,880.25048828125,113351
2020-08-31,924.2456249161212,924.2456249161212,836.25537109375,836.25537109375,85116
2020-09-01,796.3863512082334,807.2235929949948,794.4475708007812,794.4475708007812,11850
2020-09-02,775.5073099422049,825.2193169897821,761.5879479688832,777.84375,27797
2020-09-03,778.4900083977823,816.7185528753641,774.5130479461972,800.512451171875,33978
2020-09-04,770.4366293172664,820.645751210044,767.5533089351338,790.6196899414062,24314
2020-09-07,800.6118724782838,805.2351134012422,776.7004092556714,781.0253295898438,10862
2020-09-08,770.5360147428338,780.4784149330638,742.0013140601543,743.1447143554688,17346
2020-09-09,726.7895414973262,733.7492224692569,706.0098983219782,714.8089599609375,17558
2020-09-10,732.7549146300187,750.5020751953125,726.7894743480917,750.5020751953125,12589
2020-09-11,765.4157012579409,775.5072623426339,737.3284190000186,750.2535400390625,14357
2020-09-14,762.5822326413629,774.5131150294937,735.8371470145272,745.5807495117188,11305
2020-09-15,750.6511975757168,759.5496576836973,732.0588974990433,749.905517578125,8483
2020-09-16,760.3948590057154,760.3948590057154,735.8371150211676,739.3169555664062,6756
2020-09-17,736.234819133646,736.9307993640782,721.6691768989522,731.0647583007812,6099
2020-09-18,728.9271867070055,745.5807091386529,725.8947057173459,729.275146484375,7889
2020-09-21,738.6707218850188,738.6707218850188,692.8362151613821,695.9183959960938,13618
2020-09-22,695.9680698614991,700.1935902856582,661.1696663684241,667.3836669921875,11958
2020-09-23,693.9298365575886,700.7403564453125,671.3605758868002,700.7403564453125,16435
2020-09-24,702.9277434172453,731.7607060185185,676.6797807757501,711.3787841796875,27222
2020-09-25,720.2275902783089,723.8068305515511,688.6107049023889,709.8377685546875,11558
2020-09-28,712.9695440497663,735.9365265319744,712.9695440497663,718.0899047851562,5982
2020-09-29,727.7836937058001,733.5005738134619,701.9334532189822,716.648193359375,5347
2020-09-30,702.4803675766851,720.8241105261045,696.0675064566633,703.1266479492188,3401
2020-10-01,712.8204001521947,715.8528201006241,703.5242194810085,704.617919921875,5476
2020-10-05,714.2621871031173,739.8141118089086,707.8990255216153,739.5655517578125,12639
2020-10-06,745.6801133015517,776.5015579846826,727.7837905823145,755.5728149414062,36800
2020-10-07,760.5936029193521,770.4863030940415,725.844902649259,732.7548828125,7946
2020-10-08,743.0452959760028,754.5785172592381,717.2448145697497,721.122314453125,7360
2020-10-09,734.4949008763763,738.0741410945158,712.1244978039994,719.581298828125,7388
2020-10-12,711.9256171808336,731.909879761349,696.9623156924868,705.5127563476562,4752
2020-10-13,705.9105182235289,717.6922399232548,682.9932945221478,691.4443359375,7793
2020-10-14,697.9566010998889,720.1778446819778,686.4234393722498,695.6698608398438,5945
2020-10-15,696.6143217936822,705.5127217771777,676.1826400290194,683.8880004882812,4114
2020-10-16,684.0371748388582,705.9104565924264,668.3778935834628,674.8404541015625,6157
2020-10-19,674.8404431604092,676.182642972814,642.2790810778996,666.0414428710938,5508
2020-10-20,667.1351459103594,667.1351459103594,638.8987011542739,659.6783447265625,3960
2020-10-21,661.6170444573506,671.7583049668558,658.2366040596502,660.9707641601562,4775
2020-10-22,659.7776606503089,675.0889814093194,659.7776606503089,666.9859008789062,3347
2020-10-23,673.4485096903976,733.649796491519,666.0911693362078,704.8168334960938,21270
2020-10-26,712.522204705655,715.8031849577247,686.0753811616119,689.9529418945312,6199
2020-10-27,685.9759406207187,689.0083606629632,678.022020151305,678.7677001953125,4736
2020-10-28,679.1157218133001,686.0257029873571,662.1639394051882,665.3455200195312,2288
2020-10-29,665.3951996095287,676.0832808882773,657.4412786579019,663.1084594726562,3169
2020-10-30,673.1005461981006,675.4867467062162,653.2157442424699,658.7337646484375,3043
2020-11-02,665.4946133376721,669.1733139918515,652.2215317440654,655.6516723632812,2550
2020-11-03,652.2215148349019,699.9450403106264,652.2215148349019,679.3642578125,7940
2020-11-04,676.0832954227324,676.0832954227324,659.5291728128377,665.892333984375,3026
2020-11-05,668.4276198356163,681.054481483044,656.1984785092102,663.1084594726562,6811
2020-11-06,671.4103252914197,729.3745108032418,670.9629051111003,707.3024291992188,83634
2020-11-09,721.569722885112,730.5675832831638,698.6028017935546,707.2029418945312,11526
2020-11-10,707.2526627007863,732.7549452449632,696.9623020579637,707.8492431640625,25063
2020-11-11,722.8126505660217,722.8126505660217,675.7850996053942,692.1900634765625,10865
2020-11-12,691.9910226631,717.8909618774933,686.025582812556,700.8397827148438,9438
2020-11-13,688.6603893208886,729.275070760564,683.2914688209919,718.1892700195312,33151
2020-11-14,714.8586082318967,729.1259289210831,711.1302079803396,721.6691284179688,4332
2020-11-17,733.6497780183203,733.6497780183203,707.8989357180583,713.1683959960938,7400
2020-11-18,705.2144457448758,725.049546609549,697.9565056152259,702.4802856445312,7824
2020-11-19,712.7706906155622,712.7706906155622,684.9319702116293,694.5760498046875,10925
2020-11-20,689.3065707960315,695.7194308483944,676.0334912440652,685.9758911132812,10199
2020-11-23,693.9795529356917,700.5912735229159,678.3202721925153,687.2684326171875,5489
2020-11-24,700.9393216174099,700.9393216174099,689.2072997185485,695.6698608398438,4510
2020-11-25,697.9565498534097,704.8665306816984,686.0256686593343,687.5170288085938,6147
2020-11-26,690.9969666342909,701.7844489622605,686.224625620157,692.8860473632812,7652
2020-11-27,695.8189509442117,700.9393120360726,682.7944291358481,690.400390625,7723
2020-12-01,693.979566213256,696.9622864118803,689.9529060818327,694.8246459960938,6428
2020-12-02,696.7137578311279,755.622484411926,696.7137578311279,736.2348022460938,40452
2020-12-03,747.66859106089,773.5188349007611,735.7377092886418,746.574951171875,42026
2020-12-04,747.1713973357088,763.5763581554548,745.6303373954216,750.85009765625,11223
2020-12-07,775.5072486994311,809.3114108222268,755.7218471835322,802.7494506835938,43527
2020-12-08,802.7495229233232,878.9082942859743,802.7495229233232,857.6315307617188,207410
2020-12-09,868.9161308277085,894.816072798089,848.1861887310602,859.2222900390625,71877
2020-12-10,867.6237065525324,868.4687864215732,830.1905399679606,836.404541015625,20004
2020-12-11,836.0565235440902,836.4044833053092,802.3517599136815,811.8467407226562,16675
2020-12-14,815.2769029136841,843.3144865896311,807.9195017115103,816.0225830078125,12182
2020-12-15,814.2826703875605,840.1329138919275,803.3460289049438,810.7034301757812,10309
2020-12-16,810.8028309007634,820.1984123226,810.3057108327679,812.6421508789062,9017
2020-12-17,812.642111344256,814.8791515414051,796.1874500308347,798.275390625,11454
2020-12-18,803.7437382476231,810.6039586737091,770.5360939262637,784.9525756835938,13193
2020-12-21,804.3402865177615,810.3057274560884,707.8989913481411,732.6058349609375,15022
2020-12-22,720.824074002924,742.2002361974935,622.692563791599,726.5409545898438,16155
2020-12-23,734.7434311819248,771.5303147458371,719.1338495329502,767.7025146484375,9774
2020-12-24,766.5591816982253,794.8950269360975,766.5591816982253,770.685302734375,10427
2020-12-28,793.4035464417605,793.4035464417605,775.6066255752049,780.031005859375,7222
2020-12-29,779.434530456309,790.4208713107639,756.6167082609953,765.0677490234375,10308
2020-12-30,772.5742412944207,787.4381426130407,765.5648608737895,766.8573608398438,6480
2020-12-31,772.8228751714743,863.0004710967625,772.8228751714743,842.56884765625,77582
2021-01-01,848.0869205935155,863.0005241209514,821.9384145454665,828.6495361328125,12825
2021-01-04,821.2423979543568,859.0235252210222,815.2769568069886,824.8713989257812,12555
2021-01-05,825.219280498565,825.3684407865528,800.4129779420388,811.498779296875,9942
2021-01-06,821.1926781337469,830.1905395090705,800.3136346251355,805.6824951171875,15154
2021-01-07,811.7970293164317,820.2480700380357,800.9597881176411,812.9404296875,6071
2021-01-08,820.1983026086343,823.2307224810547,800.3135025487055,803.594482421875,12025
2021-01-11,814.9786119458906,817.2653520106604,786.7421691844913,791.5642700195312,11257
2021-01-12,791.564280097782,813.6363617767395,788.3826996402206,795.242919921875,8636
2021-01-13,795.2429692436239,805.3345311606213,770.536125493187,786.0960083007812,7749
2021-01-14,868.9659036047134,884.8737462336327,837.6473384290287,854.59912109375,90316
2021-01-15,858.0292449981152,863.3484054995756,820.2481194941427,825.8656005859375,24055
2021-01-18,817.0665812633982,845.1041669385513,808.2178799256168,813.7359008789062,6978
2021-01-19,815.2768973979431,830.1407993103941,815.2271975287243,821.6897583007812,3064
2021-01-20,812.3438913268113,821.6897728826182,812.3438913268113,817.7625122070312,4264
2021-01-21,815.2769155453354,835.7085383042938,795.4915124678065,801.5067138671875,6284
2021-01-22,812.2941835322343,816.271144039124,770.5360982098917,789.1781005859375,12989
2021-01-25,778.837976016061,806.6269995883995,770.5360952631182,786.891357421875,4450
2021-01-27,778.3408216885089,789.8740430167987,770.2875013208399,773.5684814453125,4269
2021-01-28,773.071459718347,819.0550692267991,758.704676610877,775.7559204101562,10896
2021-01-29,794.3978060828588,794.3978060828588,766.6584842002687,772.0274047851562,9964
2021-02-01,772.0274854248254,794.3978890591571,756.2190425831229,770.7349853515625,10114
2021-02-02,786.4438855394178,810.3056469211448,785.5490452141642,795.3423461914062,12428
2021-02-03,807.2236614954754,807.2236614954754,787.1896967244047,797.4303588867188,9116
2021-02-04,797.4302737154991,804.3402546654764,790.6197531873838,801.2083740234375,6964
2021-02-05,821.2423902364474,840.1329536922494,806.2790876358093,819.9498901367188,15807
2021-02-08,816.320779223558,836.1558803166594,813.4872193603707,827.1580200195312,9553
2021-02-09,835.5096727523245,837.1501932476878,824.9210517300774,834.3663330078125,12434
2021-02-10,822.087382063087,838.0449838199811,808.3171812923698,826.5614624023438,7204
2021-02-11,821.5405434111609,840.9779243047708,815.9231235235513,834.5651245117188,10045
2021-02-12,837.4981579695349,875.8758637980839,825.2193165093724,859.0731811523438,23044
2021-02-15,860.0176184851351,892.8275391903485,822.1370979443725,875.9751586914062,63366
2021-02-16,884.7245499545401,884.7245499545401,835.1617040529344,837.7467041015625,18845
2021-02-17,844.1098516114639,846.5457520125516,825.2689894299415,831.78125,7851
2021-02-18,831.7812991254308,864.9889449641632,825.2193382991443,854.9471435546875,12457
2021-02-19,854.1019781108722,861.5090792730796,823.1314342332591,826.4124145507812,8349
2021-02-22,827.2077906917863,840.5306327480034,785.9468251705013,796.9331665039062,8640
2021-02-23,796.9331488332441,817.265371239861,794.6464087146702,805.2847900390625,5775
2021-02-24,809.3114726780565,965.407174410802,684.5343353057026,801.15869140625,3708
2021-02-25,802.4015130677847,819.1047357039226,796.5852323756772,805.3345336914062,5307
2021-02-26,796.3863753851979,944.528160569211,786.9410937795058,896.2578125,128846
2021-03-01,922.6548468584634,954.4705312328931,903.7642842611457,926.1843872070312,43110
2021-03-02,925.637629041327,931.3545102088755,919.0756679746269,924.5936889648438,19381
2021-03-03,924.6432848415142,960.286767838578,924.5935849736727,928.0734252929688,15235
2021-03-04,916.142499475422,949.5489406364404,907.5919986981115,926.0848999023438,6340
2021-03-05,926.084990445498,946.4669133134242,920.7160694166033,928.4711303710938,10293
2021-03-08,928.6202567725229,947.4114190042078,925.6375364616904,926.979736328125,5601
2021-03-09,929.8630498663023,933.5914502266322,920.7160288455727,925.5878295898438,10249
2021-03-10,925.6375564006365,943.9315989745837,917.7333352699474,930.8076171875,18616
2021-03-12,937.5684526054238,937.5684526054238,924.2953710015769,926.88037109375,6195
2021-03-15,926.8803582548018,935.2816994633945,897.8982342837185,907.49267578125,8489
2021-03-16,925.5878482217863,929.5648086861939,899.2404851450859,914.0546264648438,5413
2021-03-17,919.6224030688071,921.6605831602192,898.7433607318443,909.8291015625,10064
2021-03-18,925.5877935653883,925.5877935653883,853.6047891368007,878.7093505859375,11323
2021-03-19,878.7094270010878,878.7094270010878,829.7927997867704,856.2396240234375,8452
2021-03-22,872.495429419405,919.3738766537844,853.0580466698829,863.646728515625,16232
2021-03-23,864.1935216413611,873.7879023581216,848.1365194819336,851.7158203125,10922
2021-03-24,859.9680355434682,859.9680355434682,815.3266282409929,819.3035888671875,10227
2021-03-25,822.2365880663542,824.0262081648448,800.1147451588859,808.4166259765625,11415
2021-03-26,805.3345320169957,970.0801391601562,805.3345320169957,970.0801391601562,106134
2021-03-30,1021.0846510462347,1036.3959738845372,944.5281582219309,975.8964233398438,72487
2021-03-31,969.384208417505,980.320850768882,923.499998278967,942.0426025390625,16165
2021-04-01,940.0539582029398,1104.6006848899694,940.0539582029398,1048.6746826171875,74856
2021-04-05,1044.9463446968127,1051.9060253941275,1001.6969003635003,1025.35986328125,19147
2021-04-06,1029.0387206693476,1067.8140927525405,1006.5689139407375,1033.9105224609375,16707
2021-04-07,1043.85267859966,1060.45643929866,1020.090316543197,1042.212158203125,8152
2021-04-08,1055.2368179756952,1055.286578532862,1024.6142924625103,1036.6942138671875,9143
2021-04-09,1044.0018150512433,1045.1948545666535,1034.009653982706,1039.2791748046875,5835
2021-04-12,1033.8108462393898,1033.8108462393898,960.2370223039699,969.533203125,12755
2021-04-13,978.8790665322255,1014.1248897895731,964.6614454101307,992.8978881835938,6733
2021-04-15,1004.1825540505223,1011.5896553235563,984.2480511291113,988.4735717773438,4782
2021-04-16,978.3819229301243,994.2400640890645,978.3322230636395,988.3740234375,2876
2021-04-19,978.381969168849,984.2977099664787,943.5338654123113,973.7587890625,6077
2021-04-20,981.5635348118516,989.7660156041512,966.5007730834616,970.974853515625,6281
2021-04-22,969.9309540067773,989.2192369478249,948.6542514743206,987.2804565429688,7863
2021-04-23,987.2804076208716,1000.4540887900324,967.445305723793,971.1737060546875,4456
2021-04-26,979.7242741802843,1004.1825577490475,972.3171728799692,989.1695556640625,44087
2021-04-27,996.2286295247342,1082.131002691326,976.9403463563032,1047.2828369140625,37874
2021-04-28,1038.2849928850017,1093.6641183299182,1038.2352323327427,1065.775634765625,11096
2021-04-29,1075.618538931893,1081.1366195772941,1043.95201863992,1045.74169921875,4846
2021-04-30,1038.980939021396,1083.6223452681004,1013.3792555957491,1023.6696166992188,5649
2021-05-03,1038.9809385182168,1062.8427016994965,1020.3389360328422,1048.92333984375,3978
2021-05-04,1073.6302277862824,1073.7793880858471,1010.8936970706344,1018.2510986328125,4137
2021-05-05,1011.4903404032768,1047.133830725262,1008.7064797124622,1029.1878662109375,4743
2021-05-06,1053.7950073106636,1061.8483270910058,1026.552806855303,1035.351806640625,3868
2021-05-07,1038.1855264672292,1052.1048887064533,1011.4902024461593,1015.4671630859375,5271
2021-05-10,1029.4858869179654,1075.1215328417381,964.462619277326,984.49658203125,16710
2021-05-11,1016.1134058483959,1043.8527295574238,986.286202154216,1008.1594848632812,13839
2021-05-12,999.5593552462808,1023.9182400110227,999.5593552462808,1013.7770385742188,4177
2021-05-14,1002.1941095371973,1051.8067191934826,1002.1941095371973,1005.6739501953125,4658
2021-05-17,1016.4117262649933,1025.3599485896189,992.2517019709585,1001.1004638671875,3631
2021-05-18,1001.1997890124984,1027.050031827121,998.7638886105543,1013.677490234375,5541
2021-05-19,1011.2414015210595,1073.7791169580717,1011.1917016616218,1028.88916015625,9202
2021-05-20,1043.9521525287073,1234.6474609375,1028.9391506086404,1234.6474609375,75628
2021-05-21,1289.5295565665074,1475.8998359906257,1243.794506757672,1392.234619140625,209162
2021-05-24,1387.9591226517907,1398.8957633030584,1313.490517943811,1346.0518798828125,32888
2021-05-25,1349.1839499415992,1385.871437555384,1302.4049000352802,1306.13330078125,17915
2021-05-26,1316.6224610318964,1337.2529432417598,1262.684935254301,1274.16845703125,10879
2021-05-27,1281.5757131349114,1332.3317276674766,1260.6469068211575,1296.141357421875,23345
2021-05-28,1332.2818375444992,1359.9217630195449,1272.8262263967492,1295.4451904296875,12258
2021-05-31,1317.3680663131554,1341.2298275142994,1277.548703761869,1303.697265625,11153
2021-06-01,1317.368144798415,1350.0289081148826,1310.6570240607628,1317.06982421875,13608
2021-06-02,1314.3356277332057,1384.2307540383129,1301.4105066683837,1366.980712890625,15731
2021-06-03,1390.9420397111223,1571.9931558461112,1367.080274912647,1457.2578125,23024
2021-06-04,1481.417684533434,1511.294646785164,1451.5904828314187,1482.06396484375,27733
2021-06-07,1511.2450976456837,1571.8937495906748,1481.4178917710979,1493.6470947265625,26442
2021-06-08,1411.820928974412,1497.2758162341177,1374.089566074405,1470.0833740234375,41627
2021-06-09,1541.0722337294305,1541.1716334710686,1446.6194194040784,1461.8809814453125,26135
2021-06-10,1491.360106480155,1505.080668006651,1461.532904350552,1472.8175048828125,7653
2021-06-11,1509.7534755626407,1509.7534755626407,1463.52131447363,1474.2591552734375,9566
2021-06-14,1491.3601432215955,1491.3601432215955,1439.510497968818,1452.9327392578125,5164
2021-06-15,1462.5272104622818,1490.6144937359456,1416.792165131714,1436.7763671875,7626
2021-06-16,1438.8145620633263,1453.5790030396397,1420.769080262411,1429.66748046875,4224
2021-06-17,1424.3981238856231,1446.6193661646082,1401.8785610254968,1419.4765625,8353
2021-06-18,1417.7367658009196,1453.5791735870753,1330.6911090401602,1426.535888671875,9087
2021-06-21,1411.8707455459446,1457.903990757422,1403.2705441456128,1425.5911865234375,14087
2021-06-22,1434.3405923927342,1453.5791152326663,1413.809508796752,1420.5206298828125,7523
2021-06-23,1432.3520507221797,1443.8354512683827,1405.8555272956773,1413.8094482421875,5610
2021-06-24,1415.5492193361604,1436.67681962476,1380.1045385785546,1395.5152587890625,4136
2021-06-25,1410.7769847953111,1440.0076689089578,1394.3223834538844,1401.9283447265625,4918
2021-06-28,1401.928442491281,1474.855936884426,1386.9650789350965,1462.378173828125,15026
2021-06-29,1463.7701349474867,1465.4602947411765,1422.2108460264774,1431.6561279296875,7033
2021-06-30,1413.0637763552559,1441.6481799226885,1401.8785749593042,1406.8995361328125,3597
2021-07-01,1425.74028922032,1441.1510106170529,1411.6717676717983,1427.8779296875,4273
2021-07-02,1431.6063205316632,1470.5804832587075,1418.7805991808357,1454.5732421875,5606
2021-07-05,1457.655439643369,1521.1874086301882,1438.2181177978614,1467.94580078125,11723
2021-07-06,1461.533052862019,1501.3026597426183,1461.533052862019,1481.5670166015625,6386
2021-07-07,1501.4019993654429,1733.9547905610311,1501.4019993654429,1639.25341796875,332481
2021-07-08,1640.496100782554,1714.020104752567,1596.0038580492092,1611.8619384765625,59972
2021-07-09,1627.571194519234,1630.3053550475956,1580.8916660455454,1590.2374267578125,10766
2021-07-12,1614.6459639712223,1617.877244379416,1587.8014805800751,1594.9599609375,5559
2021-07-13,1610.6690127562667,1615.043693607564,1565.9282068463704,1579.7481689453125,5068
2021-07-14,1590.6350978068178,1606.3937800902238,1563.8900131939952,1585.6142578125,5057
2021-07-15,1589.789940920257,1619.5673837620955,1568.9108985441935,1579.3006591796875,3555
2021-07-16,1579.8474209420394,1640.2972638207452,1579.8474209420394,1608.0838623046875,8908
2021-07-19,1608.0840177730463,1627.3225401016937,1570.8994124702465,1582.3829345703125,5326
2021-07-20,1577.8590542312957,1603.7092970857466,1531.1297690713266,1566.42529296875,6773
2021-07-22,1569.905114484623,1606.5925983682482,1565.828754356931,1584.6695556640625,6442
2021-07-23,1608.680630492508,1608.680630492508,1546.6400182445711,1572.937744140625,5799
2021-07-26,1588.7957278359243,1645.467415249346,1575.870606145144,1614.89453125,14856
2021-07-27,1603.7094136079634,1640.496300342926,1576.864928693261,1588.6964111328125,4349
2021-07-28,1580.8418423005244,1645.4674522058917,1503.8876302320764,1632.094970703125,18181
2021-07-29,1690.2080738956765,1720.035275199718,1631.6970716110206,1652.924072265625,19594
2021-07-30,1642.5345206942982,1689.2140481089907,1642.484760138936,1673.5050048828125,4466
2021-08-02,1705.1218095029822,1705.1218095029822,1670.4228049661865,1679.9178466796875,4539
2021-08-03,1679.9178374129256,1700.1505995138164,1649.4443535634043,1666.346435546875,3742
2021-08-04,1679.022992274825,1679.9178326507358,1644.4731483183184,1650.2894287109375,4835
2021-08-05,1650.2896027734457,1665.3523663605374,1542.1163397967434,1593.46875,8523
2021-08-06,1593.4685548929397,1641.490400124254,1571.9433538869473,1622.99755859375,10385
2021-08-09,1639.5020538546057,1731.966390427364,1621.8542906915256,1650.687255859375,33862
2021-08-10,1699.8026424188865,1980.8246361122726,1616.8829922844043,1968.843994140625,487372
2021-08-11,2028.1506282041835,2165.455176901394,1890.150038539799,2097.20068359375,555980
2021-08-12,2153.5242253220463,2271.8388064916326,2137.6163824757155,2203.68359375,183297
2021-08-13,2216.1612611466803,2234.4551825388294,2104.7068449077656,2126.0830078125,50324
2021-08-16,2126.082784962733,2172.4144674959884,2048.2835025455424,2061.90478515625,27078
2021-08-17,2061.9048165722784,2358.3373892051295,2049.2777738000705,2164.609619140625,152327
2021-08-18,2148.5527899621648,2226.898955977353,2099.7852660114713,2155.810791015625,42968
2021-08-20,2136.6222656025398,2232.0693281887866,2072.990890545042,2161.478271484375,47293
2021-08-23,2180.0703854987396,2182.555985938888,1978.6373501025307,2083.28125,38336
2021-08-24,2101.8239142930497,2207.4619421519124,2101.8239142930497,2176.491455078125,53049
2021-08-25,2197.2707490627454,2216.7081926974906,2120.7142569008306,2142.18994140625,28337
2021-08-26,2162.1740727197807,2429.923001966123,2139.9031897627947,2379.1669921875,155937
2021-08-27,2386.1761979624684,2478.34220506189,2297.6888306213605,2328.80859375,101685
2021-08-30,2351.6761736062167,2407.0552990185824,2292.7176867149324,2339.944091796875,40928
2021-08-31,2344.417931525594,2344.417931525594,2266.8672111443407,2304.250732421875,20732
2021-09-01,2316.579727169512,2326.4723688738436,2246.9829113318015,2271.341796875,18769
2021-09-02,2278.7983500468613,2296.694672167648,2237.0402650983588,2275.765869140625,16329
2021-09-03,2283.7694013892483,2335.4201235877654,2245.491159354644,2285.55908203125,28657
2021-09-06,2285.5591622977536,2302.01388429712,2256.924999223284,2265.72412109375,12825
2021-09-07,2271.8387708882005,2384.1879092297177,2256.9251684534856,2288.889892578125,27097
2021-09-08,2306.4380479657207,2422.9629298145205,2266.867246605296,2367.385009765625,37125
2021-09-09,2366.291681160786,2840.842578202647,2357.4430404552572,2828.166015625,217736
2021-09-13,2823.641972091318,3360.531642841076,2805.4970897002386,3157.5576171875,358771
2021-09-14,3220.045654195934,3297.894709605066,2973.7724077264857,3009.416015625,146503
2021-09-15,3009.415608203638,3051.223208337673,2883.296160106599,2898.259521484375,62619
2021-09-16,2932.809683608054,3060.967143623036,2888.317436279765,3004.34521484375,77134
2021-09-17,3022.48988940285,3120.9196588274826,2775.1229051706323,3075.234375,168816
2021-09-20,3053.311489065042,3075.18477228205,2874.3482627440694,2902.435546875,47561
2021-09-21,2843.5269281514074,2930.671983243818,2735.6518681148946,2828.6630859375,44311
2021-09-22,2853.4694451605706,3072.202294615388,2834.5788808894727,2977.15283203125,55709
2021-09-23,3015.927944733236,3071.2077936320966,2978.7434605768085,2992.364501953125,22805
2021-09-24,3011.5530450605997,3062.2592864927856,2905.1196015075375,2992.8115234375,26214
2021-09-27,3011.9506970116536,3044.2634984932756,2932.4114933645837,2952.743896484375,12804
2021-09-28,2967.806621169697,2979.3894209391315,2872.3595740567016,2948.9658203125,15048
2021-09-29,2952.2964183885883,3042.3746673994683,2903.1810551655058,2961.74169921875,22065
2021-09-30,2954.0865289063536,3026.069667347098,2952.8934891747854,2969.1494140625,11543
2021-10-01,2969.1492266031423,3238.2899918785465,2954.4344235510143,3121.71533203125,83205
2021-10-04,3140.0586369541215,3140.0586369541215,3042.3745520714356,3063.452392578125,19295
2021-10-05,3032.432255721378,3116.9426628480396,3027.759375874195,3051.6708984375,14371
2021-10-06,3068.175443752383,3078.9630468301907,2959.8530243765836,2966.216064453125,12366
2021-10-07,3017.518793289568,3111.9716056001143,2962.93510726913,2989.282470703125,19128
2021-10-08,3010.1117119237383,3013.740591253595,2900.2979396518135,2939.421142578125,16023
2021-10-11,2941.956495444196,2969.844979170938,2889.261769435902,2899.00537109375,11062
2021-10-12,2899.0053249604,2952.8930897003065,2833.5842779952436,2851.629638671875,5200
2021-10-13,2830.204049864565,2883.9922952324578,2719.2467543132666,2734.110595703125,11131
2021-10-14,2762.794597451846,2828.613247313452,2734.1604323767992,2764.087158203125,4993
2021-10-18,2821.653625519393,2866.1956340462866,2763.9876951881297,2820.062744140625,6810
2021-10-19,2818.670931055512,2833.5845338653294,2695.385147827687,2727.648193359375,7347
2021-10-20,2696.677425369845,2759.0162300201787,2595.364215282701,2640.70166015625,5186
2021-10-21,2659.5922376490566,2684.448239870076,2565.1394292091836,2618.579833984375,4144
2021-10-22,2565.1393616235164,2674.456007964431,2487.6881578372445,2575.330322265625,6146
2021-10-25,2565.1393724733716,2704.0844218156794,2465.7153657883573,2702.642822265625,19562
2021-10-26,2734.160622288655,2734.160622288655,2598.198271343937,2715.86669921875,9808
2021-10-27,2734.160236234847,2763.9874388119547,2634.736227644489,2679.1787109375,3064
2021-10-28,2630.610006928032,2719.246406030864,2585.0240057331794,2606.698486328125,4052
2021-10-29,2555.1970505184277,2659.5922607536163,2496.536884767226,2614.453857421875,2507
2021-11-01,2530.3412354377097,2573.09356279481,2483.760986328125,2483.760986328125,7175
2021-11-02,2430.917049589994,2435.888250100403,2359.580322265625,2359.580322265625,8675
2021-11-03,2359.3319735332675,2477.547035163943,2241.614031998153,2460.843994140625,20212
2021-11-04,2500.5140900581337,2545.2548988265694,2411.2312720133486,2478.292724609375,2580
2021-11-08,2454.778893478686,2455.773133613752,2354.410400390625,2354.410400390625,7119
2021-11-09,2267.9115432959798,2432.905647684637,2267.9115432959798,2283.322265625,7024
2021-11-10,2331.493200831913,2331.493200831913,2187.328376046997,2198.9609375,7121
2021-11-11,2207.2129753606414,2308.8740234375,2207.2129753606414,2308.8740234375,5330
2021-11-12,2376.034939241299,2416.9975810855044,2336.6629358493183,2379.663818359375,6606
2021-11-15,2381.2051159158596,2381.2051159158596,2266.8675007466218,2287.14990234375,9037
2021-11-16,2286.7523938587638,2296.6450350157475,2207.213180159328,2219.4423828125,4198
2021-11-17,2236.9904840842555,2330.399293752311,2187.328239200204,2300.373291015625,6057
2021-11-18,2300.373432462311,2322.545036797112,2192.2995745452195,2244.34814453125,2797
2021-11-22,2223.1211082589025,2300.6718445935153,2178.3802988350876,2205.423583984375,6918
2021-11-23,2205.4232985609565,2281.7809853090266,2109.777451340198,2271.241943359375,4074
2021-11-24,2325.5277437664236,2376.2339921341395,2211.239885453131,2325.42822265625,5591
2021-11-25,2371.163105205904,2386.1762277324797,2239.5258137364212,2371.46142578125,4278
2021-11-26,2286.752409970593,2356.3492224479587,2252.898483354362,2285.609130859375,4179
2021-11-29,2209.2017837192893,2286.752521401605,2171.3708945466074,2173.359375,4243
2021-11-30,2226.948716237425,2226.948716237425,2132.6449485738635,2147.5087890625,2249
2021-12-01,2216.161082571575,2216.161082571575,2120.714037292584,2140.002197265625,2737
2021-12-02,2127.6737500696017,2246.9825584847194,2098.840788035948,2236.34423828125,3615
2021-12-03,2280.737086060451,2315.4362120615187,2246.982682365601,2299.03125,2879
2021-12-06,2326.4223888073734,2326.4223888073734,2197.270692696915,2211.041015625,2888
2021-12-07,2187.328256477795,2261.8962652213563,2187.328256477795,2253.345703125,1088
2021-12-08,2286.702586134886,2310.6141103069326,2187.328331615857,2246.237060546875,3350
2021-12-09,2256.9249216495296,2327.366926540143,2217.1553195059255,2306.040283203125,2258
2021-12-10,2286.75203315006,2286.75203315006,2237.040032429407,2268.855712890625,8145
2021-12-13,2306.537604297816,2361.320333119963,2246.9827169899436,2334.774169921875,7829
2021-12-14,2335.470210536756,2335.470210536756,2242.309953112038,2266.27099609375,1253
2021-12-15,2213.1781535376113,2264.878631517825,2213.1781535376113,2219.740234375,12199
2021-12-16,2189.36644601783,2261.896212277838,2189.36644601783,2194.337646484375,2064
2021-12-17,2187.328279676257,2221.1324439985265,2139.6047535742296,2164.808837890625,2391
2021-12-20,2063.098206997596,2167.4436690308903,2056.5858850414666,2096.10693359375,3577
2021-12-21,2137.86514707183,2137.86514707183,2028.2501569708327,2047.3892822265625,1501
2021-12-22,2049.129130144596,2131.6013093247807,2013.6348022013503,2079.552978515625,3169
2021-12-23,2127.6241253158614,2127.6241253158614,2060.115317339282,2072.94091796875,1579
2021-12-24,2087.9046226970886,2087.9046226970886,2053.106212318804,2064.19189453125,1206
2021-12-27,2117.5325997497857,2117.5325997497857,2033.2209912714543,2038.3909912109375,1468
2021-12-28,2097.7469460539687,2116.7370277555806,2039.1863052732251,2098.98974609375,1542
2021-12-29,2107.7889198459447,2203.931884765625,2102.8177195632893,2203.931884765625,4003
2021-12-30,2275.8155988351814,2301.665841548032,2187.3282295488857,2295.103759765625,3113
2021-12-31,2299.6776171680117,2299.6776171680117,2222.3256798983975,2279.892333984375,1728
2022-01-03,2310.862713161797,2333.4816770101056,2212.283897483705,2262.890625,4046
2022-01-04,2286.7524529044254,2286.7524529044254,2152.5300263209047,2169.1337890625,12325
2022-01-05,2202.2420480841647,2202.2420480841647,2107.7892288661083,2114.89794921875,4374
2022-01-06,2107.7892223126382,2175.3975558585153,2077.962016336516,2103.265380859375,4623
2022-01-07,2102.768306190583,2167.4436810930197,2068.8648603058864,2127.674072265625,3536
2022-01-10,2187.3285022545233,2208.207547048771,2142.6374525394367,2156.755615234375,3655
2022-01-11,2187.2785425445686,2187.2785425445686,2135.4290164535237,2172.862060546875,5334
2022-01-12,2187.32849873197,2237.040510066787,2162.472493064561,2173.359375,7161
2022-01-13,2173.3594097110213,2187.328533666094,2162.4725276017066,2168.1396484375,4357
2022-01-14,2162.472417290791,2276.51171875,2162.472417290791,2276.51171875,8762
2022-01-17,2326.5216029655753,2390.302001953125,2297.986963476078,2390.302001953125,8211
2022-01-18,2505.4351744974974,2509.809976373927,2281.482602426327,2306.040283203125,20873
2022-01-19,2316.5796129761347,2386.226185938889,2266.917364669732,2283.670166015625,6672
2022-01-20,2361.319895808073,2361.319895808073,2213.9238223118423,2229.1357421875,7524
2022-01-21,2239.227162096938,2266.817320650959,2117.7310890113295,2155.51220703125,7134
2022-01-24,2236.046003509263,2236.046003509263,2047.7370240958403,2051.017822265625,5705
2022-01-25,2055.541754364004,2153.524169921875,1959.6971007742654,2153.524169921875,7879
2022-01-27,2187.328343970877,2187.328343970877,2059.121124356376,2089.047607421875,10478
2022-01-28,2136.6219756727482,2177.385819787491,2095.5598109810176,2108.2861328125,6421
2022-01-31,2112.7603072501715,2158.4455933471227,2010.9500921708868,2068.81494140625,4724
2022-02-01,2107.7891576965394,2157.451405577459,2070.1075523956365,2119.521240234375,5211
2022-02-02,2187.2784469251387,2224.115090966115,2130.159402054046,2206.51708984375,4091
2022-02-03,2235.996348207359,2261.796831684653,2165.0076982288224,2232.9638671875,5973
2022-02-04,2251.953612244798,2281.7808124069807,2208.157291459784,2227.0478515625,2040
2022-02-07,2238.1339084019355,2275.815509788291,2172.5140640830073,2179.324462890625,3309
2022-02-08,2172.5142170162385,2196.3759802664968,2097.846685751875,2115.842529296875,4443
2022-02-09,2208.058215405665,2327.416544802965,2150.4418076259744,2313.34814453125,36472
2022-02-10,2284.76366715742,2286.752147285494,2214.7195031928795,2235.4990234375,7244
2022-02-11,2215.1669601602157,2247.7780842426682,2162.4722344472484,2176.9384765625,7573
2022-02-14,2133.4404579143124,2133.4404579143124,2004.38804421882,2029.69140625,14510
2022-02-15,2028.2498995144726,2127.6739141965545,1976.0025312521564,2027.305419921875,9086
2022-02-16,2068.0195642715066,2108.6838903405783,1983.5091493854115,1999.4169921875,7469
2022-02-17,2062.550867359725,2081.540948337095,2028.7467075668926,2052.40966796875,5644
2022-02-18,2029.2441900732465,2076.1225170666694,1983.5091421833056,1998.0250244140625,3618
2022-02-21,1988.9774603787766,1988.9774603787766,1871.2593999599478,1907.101806640625,7114
2022-02-22,1898.0044083977698,1910.8301303497497,1814.4882374677475,1890.547607421875,8575
2022-02-23,1918.8833862645497,1968.4462308021398,1888.0619432727356,1893.381103515625,4685
2022-02-24,1874.1425280500055,1915.8508503528342,1775.7127613248326,1804.346923828125,15452
2022-02-25,1888.0620910439186,1959.597623039747,1888.0620910439186,1951.3951416015625,4723
2022-02-28,1936.879107737943,1968.8439511141837,1864.2001809564924,1893.381103515625,5820
2022-03-02,1879.1138366917808,1975.3563293612885,1849.2866329347682,1914.0614013671875,5091
2022-03-03,1897.0102386010262,1978.5379322935232,1897.0102386010262,1933.250244140625,5644
2022-03-04,1906.9526053435673,1954.1790124102095,1874.1426804341108,1892.386962890625,8409
2022-03-07,1829.6004651637188,1913.9120687386678,1794.653025002322,1809.815185546875,12004
2022-03-08,1829.401849681436,1890.5476180267667,1824.5300487430827,1882.3948974609375,23811
2022-03-09,1891.0447485289556,2013.3362858943929,1891.0447485289556,1975.952880859375,10305
2022-03-10,2068.0196381920487,2137.6164529388966,2025.6650294909812,2042.8155517578125,6328
2022-03-11,2038.5401849171587,2162.1240290238175,2029.542263912017,2101.525146484375,6955
2022-03-14,2102.8178199301974,2177.236788807303,2088.898458474395,2119.918701171875,7567
2022-03-15,2160.2850143472865,2160.2850143472865,2075.973402333968,2097.2998046875,5321
2022-03-16,2136.622028723485,2136.622028723485,2072.990660720552,2101.426025390625,2684
2022-03-17,2122.6529166748046,2147.6084410277836,2100.8293943714943,2127.1767578125,6803
2022-03-21,2152.2315777429367,2331.493123134672,2107.7393315765075,2240.669189453125,18066
2022-03-22,2256.925108901257,2390.600646650311,2256.8255877938855,2376.83056640625,26259
2022-03-23,2386.176419628992,2450.2551503508953,2310.7632052732,2335.42041015625,13086
2022-03-24,2327.5161731216485,2383.6907411615343,2266.8675244414176,2284.962646484375,5351
2022-03-25,2305.2946916097517,2334.4757353959603,2239.0784471407774,2260.7529296875,4488
2022-03-28,2269.850473391548,2278.99743507471,2143.5819626071734,2155.960205078125,7725
2022-03-29,2187.228937931383,2197.221100575274,2117.532844945163,2125.98388671875,6256
2022-03-30,2157.849343421633,2236.046239081882,2137.1193378863964,2196.574951171875,5459
2022-03-31,2165.3060839115346,2187.328406914657,2108.783432302722,2124.542236328125,5078
2022-04-01,2143.5816969757307,2227.0978669877722,2143.5816969757307,2213.775146484375,3539
2022-04-04,2234.355667315463,2266.8672677401223,2140.2011850487474,2190.857666015625,5816
2022-04-05,2219.1441806519024,2395.820619964265,2206.7659384061735,2296.24755859375,21276
2022-04-06,2286.802102103811,2346.7050710509234,2229.285212419334,2257.024658203125,7008
2022-04-07,2257.0249348241746,2484.6064356144066,2236.6925271078844,2369.721923828125,38647
2022-04-08,2423.95716741343,2589.001010641744,2386.176046674418,2544.21044921875,61816
2022-04-11,2565.139530257432,2630.2622586418743,2540.4325659827014,2584.378173828125,26392
2022-04-12,2623.1040027437266,2623.1040027437266,2473.868449665062,2523.182861328125,16724
2022-04-13,2564.145308806401,2584.030111511375,2455.773134064292,2469.54345703125,8789
2022-04-18,2425.945633971398,2508.914914586372,2425.945633971398,2460.346435546875,6400
2022-04-19,2483.0651480644947,2534.3182791096547,2287.7467086038896,2376.184326171875,18433
2022-04-20,2348.5939073506897,2398.256151622828,2281.83078196603,2305.046142578125,9832
2022-04-21,2311.6081888930444,2416.0033974236976,2311.6081888930444,2405.46435546875,15082
2022-04-22,2405.46477762335,2425.399343297657,2371.263009919957,2409.541259765625,9035
2022-04-25,2373.4000651386655,2404.470067052983,2307.631182180194,2329.3056640625,5886
2022-04-26,2391.147440080908,2406.0112810264227,2310.514470891281,2324.980712890625,7185
2022-04-27,2306.637063967006,2315.535464438446,2250.6115364618045,2289.0390625,3753
2022-04-28,2288.74098783008,2324.483875213903,2225.109613711433,2282.676025390625,7735
2022-04-29,2316.4797638030836,2386.176087451139,2257.0244038116,2276.66064453125,9253
2022-05-02,2276.6608156703346,2297.688896927948,2223.5184875404507,2252.500732421875,2910
2022-05-04,2280.1410024125857,2308.924209456419,2107.839116426254,2176.491455078125,7627
2022-05-05,2207.2131817486,2207.2131817486,2109.2805248106556,2131.15380859375,2970
2022-05-06,2117.7315971581943,2127.6739990227866,1908.9411580017525,1938.9671630859375,22090
2022-05-09,1938.96709115181,1950.3014531303918,1890.0505243396647,1904.56640625,8678
2022-05-10,1932.9519764293257,2000.4111450956154,1895.0216911293453,1909.7861328125,7021
2022-05-11,1958.6032537748838,2087.9042284706234,1710.0929871283201,1734.55126953125,23522
2022-05-12,1705.2213112454242,1789.6323269395132,1671.4171450699002,1773.028564453125,11607
2022-05-13,1826.8168976748693,1859.2788632330373,1767.7590077869484,1791.6705322265625,4980
2022-05-16,1820.1553729461546,1820.1553729461546,1761.8929251053812,1785.257568359375,2484
2022-05-17,1785.2574276601615,1969.7883585431473,1785.2574276601615,1935.0894775390625,5886
2022-05-18,1937.7738515880387,1984.2545737849298,1841.3325670297834,1866.9840087890625,6085
2022-05-19,1853.213732516255,1865.9898145273442,1777.5024481738376,1808.92041015625,3594
2022-05-20,1836.0631240636808,1928.8257729271058,1820.4536032110984,1904.01953125,6990
2022-05-23,1923.8049875731551,1937.7741106477974,1864.2003373343357,1886.918701171875,4127
2022-05-24,1898.6010569914592,1928.7265835244805,1850.1816079170615,1864.399169921875,3312
2022-05-25,1900.7881655368617,1900.7881655368617,1753.093758386123,1764.726318359375,5564
2022-05-26,1823.436439253132,1829.4018801667191,1720.8805432736053,1769.6480712890625,4964
2022-05-27,1775.7128108435054,1859.2289788786984,1758.8107292173356,1787.2459716796875,6043
2022-05-30,1819.4594120076165,1882.7924588404546,1804.5458102698492,1849.83349609375,4247
2022-05-31,1869.171373202768,1918.9827775449978,1836.7094099213123,1849.78369140625,6549
2022-06-01,1868.077742603549,1938.7681892297157,1859.82550125123,1917.0440673828125,7611
2022-06-02,1891.0446904047517,1942.248056101831,1879.113809077277,1905.31201171875,4342
2022-06-03,1943.3914633554264,2086.9099995564875,1918.8834202687094,1975.75390625,14487
2022-06-06,1968.645215184911,1978.2892958854673,1904.4669663367824,1933.995849609375,47548
2022-06-07,1963.027665199177,2002.399548634742,1927.4835818507697,1971.27978515625,5064
2022-06-08,1988.4801127335704,2048.1345161155778,1945.8271900419966,1955.421630859375,12241
2022-06-09,1974.9585846067273,2014.1813085151168,1952.9361418317858,1985.2987060546875,4084
2022-06-10,1955.521286381884,2038.192382155944,1955.521286381884,2010.6519775390625,7474
2022-06-13,2029.243927134725,2029.243927134725,1839.5926389911929,1852.1697998046875,12660
2022-06-14,1918.8834173236207,2026.9076298313676,1885.0792534951217,1911.1282958984375,138631
2022-06-15,1912.8682997991646,1988.480312218142,1894.6240172080045,1929.074462890625,24893
2022-06-16,1962.5804002674304,1983.6086048354207,1841.3826166091726,1849.1873779296875,16041
2022-06-17,1851.2751589259753,1861.2175604239667,1756.2754640657863,1777.2540283203125,13075
2022-06-20,1788.6379670692093,1803.5515687957452,1668.9811934900763,1681.011474609375,8287
2022-06-21,1706.2155030290107,1779.689874640982,1690.2082608322175,1763.284912109375,7935
2022-06-22,1753.8396595277266,1753.8396595277266,1691.4510888727577,1704.22705078125,3533
2022-06-23,1769.7475649627495,1769.7475649627495,1712.0816330707048,1743.5989990234375,6537
2022-06-24,1774.718693376917,1807.2302982045017,1754.8338900897807,1784.0645751953125,6423
2022-06-27,1818.4651830805453,1829.3024246834434,1742.5052134887048,1777.7510986328125,5322
2022-06-28,1771.7358347988281,1814.3389982476835,1769.1508348464108,1795.945556640625,5037
2022-06-29,1769.001769620501,1821.5473367616692,1769.001769620501,1809.616455078125,3835
2022-06-30,1809.5668583886966,1883.9857103640722,1800.5689363608276,1807.7274169921875,6216
2022-07-01,1803.0046489303948,1818.9124904256862,1765.7704059773575,1794.8519287109375,4252
2022-07-04,1774.718548554662,1839.2943934131752,1774.718548554662,1826.5184326171875,4215
2022-07-05,1838.2505141461086,1886.0734378757388,1809.6163512023813,1826.5184326171875,3663
2022-07-06,1823.7843153166602,1927.2350469580153,1823.7843153166602,1893.679443359375,10458
2022-07-07,1911.8242933405418,1961.635697576261,1911.8242933405418,1937.923095703125,8202
2022-07-08,1948.3625618340686,1988.480124063613,1928.9251200744689,1970.9317626953125,10167
2022-07-11,1964.817296175835,1977.593378938906,1918.7840509814512,1956.416015625,3239
2022-07-12,1964.0219465189343,2024.7699932433677,1940.4087437988117,1967.4520263671875,16292
2022-07-13,1970.8823024469095,1997.3787054118825,1903.472771574233,1912.321533203125,4325
2022-07-14,1935.0893826965741,2004.3878629429134,1864.4485813411202,1894.0272216796875,14802
2022-07-15,1912.768670220526,1923.854470902524,1869.171268887207,1874.987548828125,2707
2022-07-18,1908.543403942749,1920.8720063105231,1870.1657576967361,1887.86328125,7037
2022-07-19,1883.687405349237,1933.3994139426784,1870.8120436704191,1887.31640625,5939
2022-07-20,1918.8834330636314,2022.2844056225006,1894.1268297833078,1915.8509521484375,25051
2022-07-21,1926.8870119063918,1951.6932530506049,1914.9063705427739,1921.26953125,2627
2022-07-22,1919.8778004228484,1979.532211621901,1919.8778004228484,1959.4486083984375,12576
2022-07-25,1964.618347416963,1966.805626989679,1918.8833049163657,1924.6995849609375,2973
2022-07-26,1918.9333076546889,1918.9333076546889,1870.1657782864597,1881.79833984375,4670
2022-07-27,1900.5398044730384,1901.7328441043944,1855.252117160528,1871.9056396484375,2826
2022-07-28,1889.0562174856495,1911.8243403803642,1733.954759628933,1771.78564453125,13832
2022-07-29,1790.676183535609,1832.5833067243368,1765.7704204436204,1789.3338623046875,10060
2022-08-01,1805.2415844556351,1839.2446665003188,1792.565023999182,1814.9354248046875,4182
2022-08-02,1821.4479082421421,1873.7946750750525,1799.5746255012432,1851.37451171875,7576
2022-08-03,1852.269371623411,1877.8710551012978,1814.5380070446306,1833.1302490234375,7204
2022-08-04,1859.2290161800072,1860.9689363823147,1831.3902929430874,1844.713134765625,4978
2022-08-05,1852.3192747313133,1946.3743744733542,1846.8011930101582,1931.4110107421875,13005
2022-08-08,1937.7738214883232,1974.5607026556233,1904.1684598751024,1961.0390625,8562
2022-08-10,1934.7913575343496,2038.1923345043251,1934.7913575343496,1965.761962890625,15781
2022-08-11,1958.6531369083962,1958.6531369083962,1850.330718822706,1864.896240234375,24761
2022-08-12,1854.2578267310028,1902.9755926880105,1844.315425515287,1851.92138671875,5582
2022-08-16,1859.2290569647114,1897.0101821864541,1844.315454903497,1859.4278564453125,6513
2022-08-17,1872.2536492272998,2035.2096381796068,1872.2536492272998,1989.17626953125,44906
2022-08-18,2003.4148396720989,2075.1076172349176,1988.8771618650821,2050.712158203125,15587
2022-08-19,2060.4204933121164,2168.706456171941,2023.3792746363927,2089.894287109375,25621
2022-08-22,2100.9970071594066,2115.982840119356,2020.3426196807752,2025.918701171875,8634
2022-08-23,2006.4024723417012,2114.937395163163,2001.4238061572305,2101.2958984375,7537
2022-08-24,2134.8520888177577,2134.8520888177577,2055.4423620998396,2080.335693359375,3830
2022-08-25,2111.3526041787927,2140.527635892126,2062.113645495646,2078.493408203125,5407
2022-08-26,2109.461047401915,2109.461047401915,2062.163714500527,2095.869384765625,4753
2022-08-29,2081.082199741291,2281.1747195607504,2030.2998111351637,2241.84326171875,47607
2022-08-30,2283.7141764904936,2300.1437748825115,2230.44244837092,2245.72705078125,18894
2022-09-01,2245.378259028306,2251.701261786643,2181.950105829861,2214.0625,5278
2022-09-02,2245.527805861282,2252.3486760588635,2193.6502479086835,2228.998779296875,7728
2022-09-05,2248.365653579969,2388.764040273847,2228.998690701913,2319.112548828125,34073
2022-09-06,2333.002894517441,2335.0441962032787,2240.349871362936,2253.34423828125,8123
2022-09-07,2249.261453549799,2266.3384224628585,2205.5488667043414,2214.95849609375,6618
2022-09-08,2244.233282269825,2244.233282269825,2205.648622279177,2221.530517578125,5046
2022-09-09,2233.578631121022,2320.107984342572,2222.4763041708416,2235.918701171875,13335
2022-09-12,2250.456724882119,2280.6770819425233,2240.449557503072,2250.55615234375,5682
2022-09-13,2235.421197244187,2309.1054594250645,2235.421197244187,2284.261962890625,9261
2022-09-14,2214.5604233109743,2505.2646760293314,2214.5604233109743,2462.597412109375,53182
2022-09-15,2470.413912848147,2528.166434793005,2340.2716404646026,2383.038330078125,21157
2022-09-16,2379.802034259484,2404.9941295180765,2296.9072562878932,2324.489013671875,5590
2022-09-19,2335.890400539685,2488.337249648475,2320.158010567265,2450.698486328125,17740
2022-09-20,2442.533435007518,2476.7865583811845,2364.866248733329,2379.80224609375,7605
2022-09-21,2401.4096492314575,2401.4096492314575,2327.576131553884,2377.760986328125,4070
2022-09-22,2377.91076785989,2392.398492754931,2339.4753656138437,2351.27490234375,3124
2022-09-23,2351.324570781828,2414.6533073396795,2310.1013084651777,2322.348876953125,15479
2022-09-26,2287.497662839123,2334.994082333331,2270.271431863537,2307.063720703125,8967
2022-09-27,2291.1821382892376,2333.301702097913,2200.5704153060474,2262.75390625,3045
2022-09-28,2220.5349160479172,2265.3927462320794,2165.719753663005,2171.594482421875,6481
2022-09-29,2190.6126829954956,2234.673869914837,2165.8190275956918,2182.895751953125,2918
2022-09-30,2190.0154642988223,2299.147918337794,2151.7794073313003,2272.36279296875,7015
2022-10-03,2281.2243510052335,2284.1617147972706,2180.655315888896,2195.193115234375,2586
2022-10-04,2239.055441940009,2281.3245122505105,2217.497914638975,2229.944580078125,3057
2022-10-06,2274.453729689369,2321.103927407787,2239.2048716044737,2275.449462890625,4408
2022-10-07,2281.8718239785726,2319.909025588174,2202.611609429937,2271.615966796875,3475
2022-10-10,2246.3738307856547,2306.9642860054028,2222.5759073887875,2281.025390625,3446
2022-10-11,2277.142084089794,2282.1705852067194,2192.5047648309737,2208.088134765625,2711
2022-10-12,2217.597338198208,2225.164764082964,2180.6555420499453,2197.981201171875,2481
2022-10-13,2199.574551399975,2339.9230917434447,2195.342685468128,2281.125,27769
2022-10-14,2315.3284695218495,2402.7040520185883,2290.186207891734,2302.931640625,19981
2022-10-17,2302.9315477200876,2315.0794428433996,2266.388191801221,2308.607177734375,3724
2022-10-18,2338.97730877523,2349.98020935839,2269.27598412037,2282.91748046875,3247
2022-10-19,2298.650246946954,2325.0371785233433,2201.068386777666,2217.59765625,3887
2022-10-20,2214.0627570515444,2262.256149991229,2146.004290932783,2174.581787109375,6738
2022-10-21,2289.1409234298953,2289.1409234298953,2192.8535660612083,2205.39990234375,28767
2022-10-24,2212.519115388017,2249.3114075934295,2212.519115388017,2226.608642578125,1871
2022-10-25,2237.5120979736034,2245.6770613274834,2191.6087017113673,2213.614501953125,4762
2022-10-27,2219.4892469425267,2315.3285650305565,2203.208912292681,2296.857666015625,9094
2022-10-28,2291.3312989329174,2312.0924328759584,2237.41244473397,2242.789306640625,4945
2022-10-31,2335.8408927283276,2429.0413771129083,2292.2277286738768,2403.2021484375,55212
2022-11-01,2409.6746201543797,2409.6746201543797,2359.937789734207,2367.754150390625,6936
2022-11-02,2367.7540095115846,2428.593408623609,2346.843611159352,2371.1396484375,10880
2022-11-03,2359.1407087272237,2409.624329594609,2228.848931953227,2382.29150390625,9029
2022-11-04,2385.6277027999354,2434.56789681953,2355.904966820044,2430.186767578125,8684
2022-11-07,2431.5805953418408,2511.9860552410437,2395.7341983589145,2431.92919921875,11967
2022-11-09,2401.210641221198,2449.503702012916,2354.9090468538807,2362.227783203125,4376
2022-11-10,2354.908920020593,2401.60870791801,2349.930254227738,2357.697021484375,9955
2022-11-11,2377.8607425548266,2424.6103681798227,2354.90904342722,2368.15234375,9775
2022-11-14,2390.008368137254,2539.1193995417134,2369.8447729055993,2443.578857421875,38536
2022-11-15,2451.4952649783186,2523.18805908004,2412.9106014860727,2489.5322265625,42931
2022-11-16,2465.385380771128,2549.0767984978406,2440.5418879367994,2448.208984375,20453
2022-11-17,2447.5122065872233,2491.324467404895,2447.5122065872233,2463.69287109375,19681
2022-11-18,2469.418272003526,2486.3457359648405,2354.9089569711045,2378.159423828125,13811
2022-11-21,2369.8454288895755,2379.8027626244057,2351.922228166881,2354.11279296875,6375
2022-11-22,2372.73258846212,2420.926222083433,2350.975963503323,2402.455322265625,5902
2022-11-23,2418.3372100974316,2598.863690555416,2405.2932508432737,2575.314697265625,70353
2022-11-24,2592.6903162648637,2697.4414068094743,2564.0131496989284,2607.07861328125,74175
2022-11-25,2633.7143529558143,2801.545234918021,2612.754120166002,2719.74560546875,97591
2022-11-28,2743.244746216533,2760.570405268864,2658.6074309975106,2678.72119140625,13928
2022-11-29,2658.657194732192,2737.2702738386997,2636.25320013002,2669.759521484375,11035
2022-11-30,2680.9117714603917,2708.593200985633,2595.4780637205104,2626.992919921875,9516
2022-12-01,2733.2876928354085,2738.266358942577,2673.5436995493887,2684.596435546875,19508
2022-12-02,2688.4796520457116,2712.2775783927677,2614.994492936677,2638.89208984375,11240
2022-12-05,2663.5859943718992,2752.2062386706275,2653.628663551817,2675.335693359375,22378
2022-12-06,2698.437369270331,2723.828569608484,2668.5653688725047,2678.9208984375,9326
2022-12-07,2678.9705191124613,2774.461485260448,2657.910857758666,2684.397216796875,11873
2022-12-08,2694.055809098887,2708.394269758037,2628.7854500443086,2646.85791015625,5956
2022-12-09,2660.3503551474664,2677.5267539970196,2539.1198299339535,2546.6875,12753
2022-12-12,2546.687338924315,2608.771158313256,2539.9661397995997,2585.620361328125,10444
2022-12-13,2588.9064293283145,2645.9121574356395,2547.135468444131,2594.9306640625,8438
2022-12-14,2603.842317737816,2643.1239438540756,2589.9020529392196,2608.920654296875,6858
2022-12-15,2608.970592161008,2628.735996037464,2578.003431400396,2591.39599609375,5452
2022-12-16,2560.030129022233,2623.8068908912896,2560.030129022233,2590.64892578125,8436
2022-12-19,2573.970114148176,2606.331440534952,2573.5220828641404,2597.419677734375,2295
2022-12-20,2597.1708887950854,2622.1636456265283,2549.0769278260827,2598.763916015625,5365
2022-12-21,2612.6546062886005,2638.6929317529334,2415.648699031176,2450.35009765625,15506
2022-12-22,2466.4309369506605,2503.322897647156,2311.843370151472,2352.31982421875,14995
2022-12-23,2330.015457830043,2388.7637108266126,2290.1861337645723,2370.940185546875,9327
2022-12-26,2409.6742679645054,2424.610265493211,2335.0441155991903,2375.022705078125,5603
2022-12-27,2377.7113612445505,2487.69029461125,2377.7113612445505,2468.572021484375,9121
2022-12-28,2470.414204030676,2499.29046840669,2439.546473145972,2445.719970703125,3136
2022-12-29,2442.5338318390977,2539.11996379523,2397.427063862474,2465.5849609375,14782
2022-12-30,2461.801152446186,2497.697140967099,2397.277590417137,2418.18798828125,5849
2023-01-02,2401.758140609176,2439.695426936061,2401.708305332982,2419.382568359375,2730
2023-01-03,2439.546473145972,2454.4824719611515,2420.1296746862386,2445.719970703125,2066
2023-01-04,2463.2449252108627,2484.155323144573,2390.7554970875467,2400.8125,3115
2023-01-05,2401.708471963088,2421.4240378900327,2343.010048600193,2357.547607421875,2970
2023-01-06,2359.1408059971786,2408.6785310571595,2347.8889725899016,2386.4736328125,7452
2023-01-09,2405.1436709335144,2438.5505678801173,2393.2447080032102,2422.320068359375,2757
2023-01-10,2425.2574573194925,2433.22332287344,2339.9231711926136,2348.088134765625,4309
2023-01-11,2359.588959382432,2404.6957228026154,2354.9090618750247,2396.928955078125,4251
2023-01-12,2401.1608345076766,2449.5037311549313,2383.5862403428246,2432.028564453125,6818
2023-01-13,2431.5804934404528,2530.606112336086,2429.5890270248588,2508.650146484375,9914
2023-01-16,2508.2517453521245,2569.987199187707,2507.2061769496436,2539.7666015625,7775
2023-01-17,2549.276133789115,2560.5778030427255,2471.509515393284,2488.486572265625,5069
2023-01-18,2489.283423793971,2511.6874231256816,2479.375926042627,2488.138427734375,3788
2023-01-19,2451.4952659431524,2513.3303981197987,2451.4952659431524,2484.005859375,3230
2023-01-20,2508.600606099538,2516.3671308015723,2439.994440806415,2483.707275390625,4125
2023-01-23,2485.250425840287,2538.920591810227,2467.377063310073,2517.71142578125,15205
2023-01-24,2538.1239335547943,2548.9773282241085,2496.850840924738,2511.0400390625,4584
2023-01-25,2488.785027202583,2499.190389390118,2431.082343163616,2446.366943359375,3893
2023-01-27,2446.3671832464483,2471.359940437249,2300.143667165635,2312.59033203125,7355
2023-01-30,2316.0752379470277,2439.347046866827,2316.0752379470277,2411.91455078125,9450
2023-01-31,2415.499293958381,2471.5588743108688,2392.995628136323,2459.659912109375,17355
2023-02-01,2478.379935781816,2549.325926309921,2330.115359482651,2367.007080078125,9522
2023-02-02,2379.802012994661,2425.4066357546717,2363.5216802268774,2377.810546875,3521
2023-02-03,2409.624197950622,2411.6654993671405,2318.215853359785,2405.790771484375,7931
2023-02-06,2429.58918617164,2458.4654510892537,2353.9632927054713,2437.754150390625,8000
2023-02-07,2464.389793163875,2561.025747214114,2409.6743033663124,2530.456787109375,17448
2023-02-08,2524.183779538048,2755.1938926949815,2524.183779538048,2646.2109375,29901
2023-02-09,2678.472325071703,2715.3642867178496,2620.321606636782,2694.005859375,14424
2023-02-10,2702.8678582642438,2790.0443460329147,2649.3970355842534,2740.855224609375,29271
2023-02-13,2637.6970316044185,2704.1123820061607,2477.3839994835007,2488.884765625,78266
2023-02-14,2451.544774297465,2567.8960433953475,2416.0467427451385,2510.591796875,15662
2023-02-15,2510.542152135558,2587.7613099956743,2499.041385118277,2557.640380859375,15347
2023-02-16,2583.2303471537407,2787.056857571044,2546.6371569016023,2748.024169921875,41525
2023-02-17,2738.2164349406753,2869.802721748961,2703.415608598938,2721.4384765625,37559
2023-02-20,2718.3511778444267,2740.2074692809447,2658.60719591378,2688.578857421875,8098
2023-02-21,2688.5793090599996,2731.893703235841,2683.749905803123,2694.951904296875,6829
2023-02-22,2668.565147941354,2706.900878611407,2605.4357562333626,2622.064453125,6602
2023-02-23,2639.1904793146714,2648.6997786710863,2549.1264725282954,2569.638427734375,6741
2023-02-24,2569.6388954630393,2599.909331899643,2485.1012403997242,2541.260498046875,7309
2023-02-27,2553.7070689970205,2572.377066605636,2454.6316150206335,2514.97314453125,4991
2023-02-28,2539.86638258026,2571.5307459961045,2499.2404206372285,2525.77685546875,4689
2023-03-01,2563.4156536000023,2581.289260418954,2533.4940630757674,2541.509521484375,4455
2023-03-02,2546.3387522885037,2589.85224496308,2506.4097533120007,2534.290283203125,4784
2023-03-03,2568.9915785831768,2729.2547836738436,2548.429785862379,2601.15380859375,25292
2023-03-06,2638.692965170122,2725.3217530832544,2634.8097029515166,2681.160888671875,10705
2023-03-08,2678.522523611203,2803.9849169104637,2648.650525206617,2784.169921875,20517
2023-03-09,2791.985989023732,2827.882218622866,2751.409862119196,2781.87939453125,8509
2023-03-10,2778.0956293261584,2921.2821121742954,2724.4257070601084,2769.5322265625,36959
2023-03-13,2811.0546657455866,2814.1412929946378,2628.7358084573225,2650.09423828125,7636
2023-03-14,2641.4313151038937,2679.5679462770604,2590.3501519935485,2607.626220703125,6790
2023-03-15,2623.7568518596663,2678.273241855612,2598.1665585087494,2615.4423828125,5542
2023-03-16,2618.7779155126723,2631.6726098609133,2549.0766021720306,2587.063720703125,9340
2023-03-17,2614.7457888901095,2653.6790578376945,2595.9265269153334,2619.973388671875,6168
2023-03-20,2648.6504434222825,2668.56510841042,2588.408581833167,2596.872314453125,4025
2023-03-21,2644.916328167668,2776.7513073890473,2598.8636673948663,2734.78125,16937
2023-03-22,2748.4722849513955,2798.010006598468,2694.4537643613717,2705.65576171875,7516
2023-03-23,2715.8124853948034,2782.3773474875798,2704.461224080499,2766.744384765625,7211
2023-03-24,2766.79388912978,2827.8822166479936,2659.454047357277,2679.667236328125,7957
2023-03-27,2703.5154145056517,2707.3986768982595,2573.9704228694377,2665.577880859375,12867
2023-03-28,2640.783891189521,2652.7822807445955,2573.9701019421004,2588.7568359375,7513
2023-03-29,2588.7567502879815,2693.8065904313007,2588.7567502879815,2625.9970703125,25177
2023-03-31,2668.564963203029,2778.0956146777803,2659.354431147198,2750.61328125,13594
2023-04-03,2769.133946065178,2933.9277857177444,2768.3871461875983,2881.75146484375,37019
2023-04-05,2881.651905399421,2881.7515759598423,2823.5507754438668,2835.400146484375,10671
2023-04-06,2860.741605466131,2880.307666440065,2833.1598432709475,2866.417236328125,6353
2023-04-10,2866.417067334282,2937.41289195279,2849.7883717860623,2863.927734375,9287
2023-04-11,2869.3048762072276,2885.584968110269,2812.9462800470687,2830.72021484375,9033
2023-04-12,2836.3455445077025,2862.5333718954457,2800.9970218361127,2826.33837890625,3933
2023-04-13,2837.7898337204456,2971.2679201050023,2822.9535060238363,2857.85400390625,18040
2023-04-17,2838.088552010037,2911.523875476659,2807.9676227237273,2866.6162109375,6217
2023-04-18,2877.6689748506537,2907.5409711293805,2838.2378425231636,2861.8369140625,3377
2023-04-19,2861.836968222877,2921.481291348601,2842.918036888309,2911.075927734375,12689
2023-04-20,2934.425880879099,3010.5496390435696,2887.726088803021,2943.736083984375,25173
2023-04-21,2961.310468389852,2987.1496957131467,2850.037285860408,2861.986083984375,8792
2023-04-24,2861.9862573389173,2901.1186221849957,2832.861060147593,2853.024658203125,4146
2023-04-25,2872.690026079035,2995.1651987680198,2857.754029409646,2923.07421875,17163
2023-04-26,2932.3842215579725,2951.900688072221,2859.8948013465033,2898.927734375,6631
2023-04-27,2907.540914456419,2925.8623079106846,2885.784047017921,2893.102783203125,4617
2023-04-28,2897.2352335342953,2957.128736033137,2893.6009043111285,2912.420166015625,10319
2023-05-02,2927.007639316265,2996.360360940808,2922.775773125705,2946.62353515625,13747
2023-05-03,2947.3701210968775,3136.5594194105283,2920.584996627826,3109.1767578125,40861
2023-05-04,3134.568113350727,3135.2650779708865,3041.1682905783696,3065.11572265625,13794
2023-05-05,3080.4498146759256,3178.330433606279,3035.8411632759803,3137.107177734375,12633
2023-05-08,3137.1071161029267,3224.880895805051,3052.7685671394865,3077.612060546875,13345
2023-05-09,3093.046171356127,3166.730430147129,3086.7730034068363,3146.666259765625,13876
2023-05-10,3161.452809296214,3186.346138503271,3109.674684545536,3120.1298828125,8142
2023-05-11,3135.763084317265,3178.280845228918,3127.6479556158274,3158.416015625,3792
2023-05-12,3174.2481476444477,3305.8341914908783,3156.6733109779207,3274.717529296875,26320
2023-05-15,3262.0220139327366,3467.491660187882,3214.3264901505204,3351.14013671875,40137
2023-05-16,3350.6422729214796,3372.498568399948,3242.754481693485,3286.41748046875,31607
2023-05-17,3302.8969102824626,3409.3905290342336,3283.430277304435,3356.66650390625,10412
2023-05-18,3356.7159923458835,3484.070160178286,3356.7159923458835,3467.740234375,22082
2023-05-19,3485.115978966825,3501.993607814329,3320.770168342561,3402.22119140625,16635
2023-05-22,3532.9111093125052,3532.9111093125052,3358.4587071964297,3391.26806640625,15121
2023-05-23,3425.173070111985,3484.070593799313,3301.8514115571656,3354.973876953125,10050
2023-05-24,3321.765838789607,3374.987727844675,3267.996247873948,3283.927978515625,8818
2023-05-25,3314.7956868601227,3355.770009120194,3249.3262316450273,3303.693359375,14128
2023-05-26,3272.128499350642,3310.812830717542,3260.478469739029,3290.1513671875,7440
2023-05-29,3310.8127524994393,3430.1016335250665,3196.3034392550976,3406.701904296875,11542
2023-05-30,3485.0662495566185,3519.9169120521847,3350.8911989486887,3485.71337890625,20468
2023-05-31,3495.0235622301016,3502.4417260144796,3394.803112022818,3473.117431640625,11719
2023-06-01,3475.1088932894654,3475.1088932894654,3326.2966140862964,3361.446044921875,12163
2023-06-02,3377.5269263706177,3378.3235615296403,3267.0005440512964,3294.930908203125,19460
2023-06-05,3344.020792992024,3371.552719584855,3311.2111885570826,3358.16015625,14772
2023-06-06,3385.493044040963,3430.3010402120935,3311.3109170465364,3390.421875,9425
2023-06-07,3407.399159247547,3466.1474206138837,3328.4872997003904,3361.246826171875,17430
2023-06-08,3378.0745189182503,3439.2622718636153,3346.6590896738885,3368.1171875,20053
2023-06-09,3381.537804907298,3442.4034897994034,3341.526003135364,3402.54150390625,6037
2023-06-12,3392.563657866178,3487.304543746048,3377.0977864990637,3418.755859375,9398
2023-06-13,3462.3591365247503,3492.2930771863475,3423.694463170187,3450.635009765625,8404
2023-06-14,3472.337388348911,3472.337388348911,3392.5135403408904,3408.82763671875,4976
2023-06-15,3425.889862305879,3641.963091131861,3392.5135643420076,3614.17431640625,41193
2023-06-16,3639.967485001034,3691.902925057803,3582.095194943452,3617.267578125,16122
2023-06-19,3652.789394650157,3661.919150130922,3527.51579026226,3565.98095703125,9162
2023-06-20,3565.98092610254,3791.632874606658,3565.98092610254,3765.440673828125,38570
2023-06-21,3791.632934302647,3791.632934302647,3741.942538179858,3757.059326171875,23180
2023-06-22,3775.8675353451085,3780.6070763377393,3681.8750026960793,3727.125244140625,10222
2023-06-23,3751.7205734158597,3769.6809378630633,3641.9627906829487,3693.24951171875,10096
2023-06-26,3672.8949559914827,3739.6974927920955,3642.162724536685,3653.8369140625,4769
2023-06-27,3672.14666249238,3728.871585084803,3617.0183143902937,3644.457763671875,6337
2023-06-28,3695.0957577774216,3726.725908347042,3649.54637264454,3680.627685546875,5310
2023-06-30,3678.233214479607,3791.632873912097,3669.951441323871,3770.529541015625,15082
2023-07-03,3791.632846055099,3791.632846055099,3627.94401617782,3764.542724609375,9029
2023-07-04,3764.5428960072004,3791.5830800575704,3719.1927746249326,3767.386474609375,9884
2023-07-05,3771.6767822804263,3886.4235626937198,3757.807486262996,3800.56298828125,14582
2023-07-06,3800.612912219361,3866.467585941198,3779.7090910237207,3805.202880859375,7606
2023-07-07,3809.5932115817404,3832.542568278016,3750.7730612916803,3793.528564453125,4996
2023-07-10,3810.5908651167324,3838.5292113391124,3781.3553326705614,3799.216064453125,8570
2023-07-11,3803.606312437177,3991.1923530295667,3787.641543025059,3861.628173828125,19213
2023-07-12,3891.4126217076478,3902.3884008970795,3828.2519527423974,3862.326904296875,4531
2023-07-13,3877.4434745161057,3891.4126481247586,3849.5550659251558,3875.94677734375,9105
2023-07-14,3861.9774896877757,4041.082246023897,3861.9774896877757,3908.973876953125,20268
2023-07-17,3928.5306961222796,3953.226199509169,3834.13914044978,3893.208740234375,7501
2023-07-18,3941.302684863181,3951.1310940628628,3881.4347959791835,3901.3408203125,5250
2023-07-19,3900.3927619659685,4031.104312699543,3818.223991220093,3984.55712890625,9981
2023-07-20,3991.192334434975,3991.192334434975,3891.4125260741002,3923.2421875,3008
2023-07-21,3921.346901818619,4016.1377302340816,3902.787757971835,3951.430419921875,7074
2023-07-24,3971.236151735336,4024.7679185003035,3939.2067375929405,3964.850341796875,6008
2023-07-25,3998.177166098154,4000.1727623876964,3902.139094663927,3919.700439453125,4674
2023-07-26,3896.501220830275,3949.334578292211,3884.5773393778472,3893.956787109375,3368
2023-07-27,3889.4169408126504,3928.9298424755684,3809.89248204666,3880.985595703125,7434
2023-07-28,3880.985431157822,3970.0888452167446,3808.595134337609,3900.492431640625,4318
2023-07-31,3900.493043329143,3968.2434437073057,3871.4570182510297,3959.961669921875,5896
2023-08-01,3921.345845623149,4390.310870417775,3921.345845623149,4320.76416015625,49892
2023-08-02,4310.488245212107,4313.381762565116,4106.987106438209,4189.65478515625,18798
2023-08-03,4198.185471778423,4215.846204398886,4066.026929221069,4102.3466796875,7339
2023-08-04,4122.901590141129,4160.718039230975,4046.2207116732075,4102.646484375,5682
2023-08-07,4102.6463919428725,4296.518356043064,4095.960950198973,4220.5361328125,6924
2023-08-08,4241.640233378116,4305.499319460497,4125.895639853801,4152.28759765625,4191
2023-08-09,4173.041008729611,4265.437208127519,4120.906059191415,4155.779296875,5432
2023-08-10,4120.906035174672,4250.619784465885,4001.170266598168,4040.9326171875,17025
2023-08-11,4062.834597739544,4122.60285370202,3824.809797884674,3991.6416015625,15809
2023-08-14,3941.302304098248,3988.997099688703,3852.0992557201266,3891.212890625,12794
2023-08-16,3901.390783921894,3953.2263493252563,3838.130478370627,3874.799560546875,7496
2023-08-17,3863.474082515549,3961.258292248639,3858.535030846578,3909.921630859375,3347
2023-08-18,3911.3688056891833,3929.478744937563,3777.7637288748538,3822.265380859375,13339
2023-08-21,3841.4229713320246,3867.715049827868,3794.27700909936,3817.02685546875,6832
2023-08-22,3817.026786069787,3895.4038774580026,3788.4399672484146,3831.0458984375,6675
2023-08-23,3850.2035604685684,3924.2900709467854,3801.6108407004367,3822.963623046875,8252
2023-08-24,3827.5536954283884,3960.2109104739916,3821.566906540857,3832.193359375,5226
2023-08-25,3829.4993750542767,4052.956222842057,3791.6329838441306,3935.31591796875,22117
2023-08-28,3955.0224530037262,3985.155908686951,3871.2074076420577,3902.68798828125,10200
2023-08-29,3902.6881582882065,3937.411584456973,3881.4350078536368,3891.81201171875,4988
2023-08-30,3903.1367903323376,3921.3466059963152,3805.452451965153,3847.40966796875,5698
2023-08-31,3866.6669286858964,3921.046922045892,3811.538586793424,3832.3427734375,8287
2023-09-01,3862.6261262726994,3898.59679751243,3821.6167693683547,3855.39208984375,5862
2023-09-04,3874.69957806603,3951.2306457138375,3849.5051753502207,3899.64453125,8507
2023-09-05,3946.1915853388045,3951.0310035369293,3869.5608865861323,3903.236572265625,6232
2023-09-06,3903.236676645778,3946.241629494314,3886.4236808675546,3907.37744140625,7448
2023-09-07,3926.734430400932,3970.238523729205,3872.753700932261,3907.177734375,9613
2023-09-08,3926.7342532999974,3947.488500957286,3871.45634011178,3895.702880859375,5281
2023-09-11,3946.3412601024493,3957.3669773697943,3831.544544748175,3863.124755859375,5433
2023-09-12,3876.245984924105,3876.295923548135,3646.2535301529697,3667.65625,16718
2023-09-13,3647.9499961590104,3761.6989840042315,3592.0733003753935,3713.355712890625,12344
2023-09-14,3731.016801628019,3821.566985420957,3663.914874795236,3756.111328125,6905
2023-09-15,3774.9196184191455,3890.8137689603177,3724.5308149485404,3856.53955078125,14332
2023-09-18,3933.669315429175,4280.553716734521,3931.3243925254105,4117.26416015625,95989
2023-09-20,4140.861409952176,4490.0906854903105,4127.890036860759,4457.0634765625,71396
2023-09-21,4423.239577110599,4462.004135993463,4215.747239196291,4245.03271484375,22696
2023-09-22,4290.531217211237,4290.531217211237,4190.701726446678,4219.93701171875,37868
2023-09-25,4274.0688289014715,4364.3198760249,3990.9935124395643,4103.89453125,25266
2023-09-26,4122.901831204843,4149.543235887184,3948.337098858347,4014.690673828125,24127
2023-09-27,4034.746098146955,4201.727703837324,3951.280386415532,3967.594482421875,27919
2023-09-28,3992.190458804277,4078.998899173178,3958.365198446588,4033.249755859375,10764
2023-09-29,4053.4549995160623,4090.9723064013565,4012.595215078836,4065.478515625,10613
2023-10-03,4083.9877882182127,4330.443928870522,4066.0274216929433,4281.80126953125,26146
2023-10-04,4281.801812559626,4669.695888792089,4281.801812559626,4588.52490234375,111837
2023-10-05,4611.423728879314,4661.31363314881,4502.563860322053,4569.1171875,30371
2023-10-06,4579.893618323278,4739.5413261515405,4548.961874931552,4617.76025390625,29306
2023-10-09,4530.152617764965,4569.216313105999,4440.500367539972,4453.72119140625,12019
2023-10-10,4476.271563649388,4619.80490862978,4460.257100047257,4604.63818359375,18207
2023-10-11,4639.761316024013,4667.949113266523,4512.292604599912,4565.6748046875,10188
2023-10-12,4588.524147278051,4634.772186776775,4365.366699063163,4394.3525390625,10752
2023-10-13,4415.256673973879,4460.1575893024265,4362.4230687215095,4411.8642578125,6572
2023-10-16,4433.965112871836,4468.738472576588,4363.470777632458,4384.5244140625,4355
2023-10-17,4406.475593976894,4473.577507520009,4384.524038617064,4444.09228515625,5051
2023-10-18,4459.9582120584655,4488.744787650899,4390.66141919668,4432.169921875,6449
2023-10-19,4430.372756263211,4470.085409560562,4390.810162432872,4412.76171875,5230
2023-10-20,4434.214550216763,4489.991363972018,4326.202910914116,4358.63134765625,5730
2023-10-23,4358.880774862978,4394.252910564659,4096.060866329853,4203.07470703125,14616
2023-10-25,4141.361131719321,4191.001588604765,3906.7786943028623,3958.614501953125,16980
2023-10-26,3941.3022836770297,3958.2648504675385,3766.7375641623726,3902.488037109375,23919
2023-10-27,3922.044948278273,4120.85646357645,3922.044948278273,4061.78662109375,14245
2023-10-30,4061.7864877092425,4091.969879284064,3912.366226938019,3975.8759765625,12523
2023-10-31,3991.1924287840793,4082.889977394172,3946.9399852887145,4003.71484375,5448
2023-11-01,4016.9856567987845,4080.894431469813,3934.3179851576356,3993.337646484375,6388
2023-11-02,4033.848520297637,4067.9232300960775,3951.33066100301,3977.373046875,4799
2023-11-03,3989.0967357126733,4049.0644960950704,3971.186309395108,4003.61474609375,9140
2023-11-06,4023.6707123263277,4107.885016777161,4001.1703168116774,4017.83349609375,4310
2023-11-07,4071.016389982375,4179.776386675532,4050.1125677789355,4154.78173828125,10568
2023-11-08,4175.58541182898,4285.542960434328,4149.094066408858,4254.5615234375,7323
2023-11-09,4302.504695156148,4428.975583400824,4196.738114060009,4225.4248046875,17807
2023-11-10,4220.73575521326,4239.245202718139,4118.91065164598,4160.06982421875,5765
2023-11-13,4076.0053386427603,4140.862216736219,3979.218920564829,4016.137451171875,14058
2023-11-15,4085.98322361513,4085.98322361513,3996.131455899027,4008.9033203125,4718
2023-11-16,4028.9593503109254,4043.776506650447,3921.3467225820477,3946.591064453125,10874
2023-11-17,3990.1945212588676,4041.032284705835,3941.3523539715698,3964.501220703125,7418
2023-11-20,3984.3575647018993,4000.721600439422,3921.346709295288,3941.05322265625,3603
2023-11-21,3933.3200665705144,4125.845402712411,3933.3200665705144,4082.34130859375,15269
2023-11-22,4102.796334182687,4102.796334182687,3991.192516012465,4022.673095703125,4892
2023-11-23,4063.4827900702867,4063.4827900702867,3971.236405207619,4000.9208984375,5003
2023-11-24,4020.128741429018,4107.336202191043,3950.53232055171,4005.560791015625,8989
2023-11-28,4190.752126484437,4204.671605215563,4076.5042411314685,4156.9765625,17421
2023-11-29,4210.708392517964,4210.708392517964,4104.941783606375,4166.40625,4551
2023-11-30,4187.259911594182,4400.289815353352,4151.83807747966,4319.8671875,19431
2023-12-01,4333.985857043003,4556.944043269567,4333.985857043003,4453.92138671875,66853
2023-12-04,4606.83398493227,4606.83398493227,4390.31178984232,4400.3896484375,55107
2023-12-05,4400.389953110295,4475.075246056578,4300.510255534719,4351.84716796875,52566
2023-12-06,4371.453149879845,4534.992153416623,4305.49860109851,4491.38818359375,19697
2023-12-07,4491.388389391558,4500.967348585835,4414.308486222437,4433.0673828125,4828
2023-12-08,4450.777998604149,4477.568973202298,4353.742140000352,4403.28271484375,5627
2023-12-11,4423.088931730991,4457.014063500812,4362.4727036422655,4377.53955078125,5325
2023-12-12,4377.240399043393,4439.203758658746,4345.410737010303,4394.3525390625,9479
2023-12-13,4435.1126912075215,4739.241845368377,4420.74449596352,4660.31591796875,48262
2023-12-14,4728.765097876718,4804.398001333013,4559.937459209111,4572.31005859375,19668
2023-12-15,4604.189688724078,4624.4949771851825,4323.808426975298,4424.18701171875,13702
2023-12-18,4448.1339520576685,4460.206918535438,4323.85791427789,4392.0078125,11070
2023-12-19,4379.685176930822,4538.8836685127935,4362.373282497076,4483.955078125,44583
2023-12-20,4511.095206772135,4552.45413566518,4210.658568537309,4290.482421875,13203
2023-12-21,4241.639610647,4418.249869664765,4240.6418125734535,4351.14794921875,7827
2023-12-22,4372.9499585679105,4609.827125086779,4339.423845671516,4494.98046875,11539
2023-12-26,4490.090994337711,5178.571613469494,4391.658319203052,5115.66064453125,144328
2023-12-27,5188.550050793339,5278.252001345643,5088.7702421242375,5141.75341796875,47175
2023-12-28,5098.797465986951,5120.300305172499,4988.989991163856,5056.1416015625,11607
2023-12-29,5078.792390116182,5137.662478724601,5004.107103991228,5101.5419921875,9802
2024-01-01,5090.766223893105,5263.335610939869,5048.958578335288,5109.62451171875,11192
2024-01-02,5128.682690483498,5178.572599923999,5050.405227688893,5120.75,11075
2024-01-03,5172.934809017333,5178.5225759609675,5100.793712225031,5124.142578125,6249
2024-01-04,5138.659770859555,5333.330260785175,5126.835766955296,5240.48486328125,16845
2024-01-05,5243.429755330553,5390.106096726098,5218.484799310902,5242.1328125,19605
2024-01-08,5288.779233915891,5437.999747706757,5263.385076908834,5399.384765625,15274
2024-01-09,5462.944562516015,5462.944562516015,5238.539868704294,5354.1845703125,13908
2024-01-10,5407.916172613215,5437.999688125569,5288.280276915674,5320.80810546875,9216
2024-01-11,5348.198120958522,5440.44475544594,5210.651547589286,5422.93310546875,16302
2024-01-12,5447.977546896496,5447.977546896496,5265.380497247767,5323.8515625,10505
2024-01-15,5387.211778120219,5447.828012233543,5293.318880184122,5365.90869140625,9785
2024-01-16,5467.934264258165,5467.934264258165,5280.397893286772,5329.93896484375,7251
2024-01-17,5333.231173691091,5333.231173691091,5200.524018199806,5239.28857421875,4727
2024-01-18,5203.567126381379,5936.899082754683,5117.706789151054,5723.220703125,91775
2024-01-19,5876.931088058161,6066.562914330481,5727.361246331257,6021.61181640625,44856
2024-01-23,6384.909478844188,6766.966240201138,6191.336664514484,6355.17529296875,64195
2024-01-24,6385.907524513155,6585.467134654191,6336.067316997999,6563.71533203125,30807
2024-01-25,6629.470725185039,6675.269562409674,6368.496329117232,6512.4287109375,19789
2024-01-29,6560.522602200504,6595.395841181336,6095.54868088865,6343.3017578125,15299
2024-01-30,6385.758110912691,6503.947000631693,6271.210599521945,6410.45361328125,8554
2024-01-31,6336.018376006518,6446.275073730726,6241.876021277698,6385.06005859375,5919
2024-02-01,6449.517267488861,6560.522302647729,6294.409362804663,6364.85400390625,5931
2024-02-02,6328.03558842372,6480.698698645862,6185.350459261847,6258.08984375,12428
2024-02-05,6258.0896513383195,6765.070950864215,6258.0399563169885,6567.10791015625,32454
2024-02-06,6625.379815311456,6983.539661505061,6622.486298074308,6911.8974609375,36985
2024-02-07,6935.694535489372,7176.163875591938,6873.282459735233,7015.21923828125,22390
2024-02-08,7009.531761359294,7762.869338558763,6956.798033514109,7325.73388671875,125787
2024-02-09,7371.732045424259,7614.196973285399,7069.3992341406165,7140.3427734375,48287
2024-02-12,7258.9812537967155,7371.732440281805,6359.366379939945,6530.0400390625,31387
2024-02-13,6484.989113762182,7117.244281029675,6315.064289140652,6823.24267578125,45657
2024-02-14,6834.917168652181,6834.917168652181,6596.692865876166,6680.10888671875,19414
2024-02-15,6675.21998311617,6933.899155621135,6647.830228792015,6797.69970703125,12722
2024-02-16,6848.287312226426,6966.626263120247,6797.748936418285,6834.21826171875,10638
2024-02-19,6936.742414668064,6984.587030710884,6799.9943734706685,6834.6181640625,11057
2024-02-20,6884.807297929019,6954.653169067429,6765.071518834601,6833.77001953125,6097
2024-02-21,6834.91739370784,7052.437392514893,6761.130024918133,6861.20947265625,14699
2024-02-22,6924.719232986864,7184.1467546837775,6828.93060959108,7016.76611328125,9898
2024-02-23,7098.094302214233,7477.626818349546,7097.644778574925,7425.904296875,23269
2024-02-26,7369.787848647208,7698.447155686673,7291.105611162202,7342.17919921875,27800
2024-02-27,7407.682003837742,7577.6780087109855,7344.127060466173,7540.93310546875,17113
2024-02-28,7559.105479817213,7616.569912417462,7259.004071057035,7350.6171875,16542
2024-02-29,7344.62614424783,7425.0557752184395,7072.0831682901635,7121.2099609375,11779
2024-03-01,7228.050042207272,7289.058981125087,7127.949610929397,7226.90185546875,11040
2024-03-04,7388.959481428849,7418.765043874623,7137.3354558450565,7172.6328125,9492
2024-03-05,7488.810795358705,7768.393065052097,7247.371730337455,7347.47216796875,57781
2024-03-06,7400.942238796949,7562.401197986101,7069.437540566972,7275.67919921875,25155
2024-03-07,7285.364800036793,7479.325000469502,7162.498572081102,7372.98388671875,13457
2024-03-11,7372.98334638166,7396.2986065598725,7029.696478227515,7104.98388671875,16735
2024-03-12,7089.406682862397,7096.445969124994,6769.884128141838,6910.6240234375,14804
2024-03-13,6989.406745083763,6989.456475465685,6064.937959721949,6329.29296875,55846
2024-03-14,6512.618996812661,6834.787517646699,6282.96214815543,6648.4658203125,29889
2024-03-15,6648.465819448874,6876.7248543343085,6625.550352519661,6756.3046875,18818
2024-03-18,6824.602980603776,6839.630820070712,6600.1882846768,6729.14599609375,7585
2024-03-19,6739.929130551684,6881.96689630294,6487.156922966061,6642.17529296875,12328
2024-03-20,6669.184904684533,6839.680153200408,6494.096421655629,6536.73291015625,12411
2024-03-21,6601.436842067481,6749.765522640782,6590.153894814152,6652.9599609375,12923
2024-03-22,6685.510648127953,7029.49667131966,6666.489264798397,6974.3291015625,17975
2024-03-26,7052.113322023831,7149.268455262707,6709.974609993572,6770.43408203125,22212
2024-03-27,6819.810036296064,7637.538405434982,6819.810036296064,7363.248046875,59880
2024-03-28,7304.086994416827,7669.540971170971,7249.218777475926,7445.97509765625,27613
2024-04-01,7648.522353965312,8075.9335532922105,7568.691435948931,7987.0166015625,58247
2024-04-02,7985.668525530887,8486.320392335798,7973.686428259675,8321.666015625,54265
2024-04-03,8312.629574536311,8317.572384599891,8094.505774941225,8145.4296875,23676
2024-04-04,8228.106004579113,8318.869799929553,8038.98819264073,8090.56103515625,16628
2024-04-05,8084.819786654925,8317.572112178541,8049.572647275081,8203.0927734375,18432
2024-04-08,8284.22207073088,9069.349784849277,8156.8625551631285,8924.3662109375,63107
2024-04-09,8916.676593648976,8976.587074681333,8749.17687376268,8802.8466796875,22518
2024-04-10,8826.81093888655,8963.606538278797,8527.258531458274,8609.435546875,23869
2024-04-12,8617.025720282849,8687.020750309193,8467.348961220916,8642.7373046875,12325
2024-04-15,8637.095362578917,8637.095362578917,8238.690616952445,8263.6533203125,22747
2024-04-16,8237.691685473472,8527.059132931174,8237.691685473472,8468.5966796875,12404
2024-04-18,8469.24584709682,8516.075289732002,8234.695915340828,8277.58203125,19055
2024-04-19,8234.696609403254,8347.528028933091,8043.332622374936,8282.625,15158
2024-04-22,8317.571972243828,8581.577888031683,8307.63662222587,8431.7509765625,16163
2024-04-23,8427.458134813505,8525.81118313534,8238.690372624029,8279.8291015625,11763
2024-04-24,8279.828726936094,8306.538817530716,8038.089828193466,8089.71240234375,14880
2024-04-25,8089.712806111382,8171.391061995969,8003.042497232339,8051.42041015625,22359
2024-04-26,8132.349037057041,8132.349037057041,7877.180492877471,7911.37939453125,9789
2024-04-29,8137.840680471433,8137.840680471433,7712.376299040773,7810.62939453125,15340
2024-04-30,7865.697317581346,8306.588345540586,7820.314932356517,8263.103515625,16107
2024-05-02,8298.150952745262,8362.504992153747,8036.092805254143,8097.55078125,6509
2024-05-03,8097.800191171874,8287.416768937319,7888.2631831470135,8067.99462890625,11643
2024-05-06,8101.8946600940535,8101.8946600940535,7807.134876256111,7885.96728515625,8775
2024-05-07,7938.089489172482,7986.716540036082,7620.613650773059,7689.1611328125,10652
2024-05-08,7688.462306759618,7836.990380204394,7598.646312031907,7711.92724609375,7611
2024-05-09,7768.3928745228595,7806.785705279882,7648.571904735874,7679.3759765625,6847
2024-05-10,7756.710372090413,7814.7740088504,7638.5870574518485,7710.57958984375,8331
2024-05-13,7788.4127588658785,7788.4127588658785,7419.014986988918,7562.05126953125,9373
2024-05-14,7640.982826651659,7912.127977405078,7623.758562964214,7832.09716796875,9427
2024-05-15,7988.064045582404,8367.497087747568,7988.064045582404,8257.7109375,16759
2024-05-16,8257.711449576751,8636.795427489846,8141.085902300166,8545.6318359375,23367
2024-05-17,8531.301533069314,8670.54365972495,8412.429358344296,8596.50390625,10252
2024-05-21,8634.098585076503,8634.098585076503,8293.956448416266,8451.072265625,13157
2024-05-22,8597.105122766525,8597.105122766525,8310.432858453505,8351.771484375,8534
2024-05-23,8435.396312106643,8582.177000776113,8250.323228374129,8358.810546875,10688
2024-05-24,8427.407599101545,8454.866569359281,7683.668810810099,7746.97412109375,31907
2024-05-27,7791.807954869876,8254.117188966331,7678.377341174966,7831.2490234375,29385
2024-05-28,8137.84055368195,8137.84055368195,7782.471638547666,7804.3388671875,14569
2024-05-29,7738.487402728805,7978.079613166603,7135.189109243543,7807.833984375,50537
2024-05-30,7806.335774886684,7948.123915080328,7654.063300382946,7732.046875,13436
2024-05-31,7732.046915446351,7938.138876309418,7507.332389692884,7778.4775390625,79235
2024-06-03,7978.079562592885,8018.019885809871,7689.5107273501635,7708.78173828125,11266
2024-06-04,7707.483662909656,7707.533393291214,6167.035363783621,7137.0859375,35629
2024-06-05,7089.407544865712,7247.521400788873,6668.536378645867,7009.2275390625,39350
2024-06-06,7132.692862440048,7548.721160641291,7029.646632527643,7494.4521484375,14921
2024-06-07,7440.083421445608,7772.985909785648,7392.055086444314,7698.19775390625,9837
2024-06-10,7678.527188962636,7963.101993755139,7678.527188962636,7893.4560546875,11315
2024-06-11,7909.032601988802,7973.136526401982,7695.5015575366115,7801.443359375,4757
2024-06-12,7801.443622224906,7880.525170084043,7678.527179359455,7704.8876953125,4791
2024-06-13,7728.402535627171,7907.584511717636,7536.53882479511,7588.01220703125,26315
2024-06-14,7588.312233481126,7750.869650023181,7477.827406103799,7542.380859375,11956
2024-06-18,7638.586920026317,8037.890209354784,7593.703786174462,7863.1015625,16092
2024-06-19,7926.0076760131205,7998.049938434908,7558.356795931865,7756.9599609375,12778
2024-06-20,7828.253550994655,7828.253550994655,7713.474853142641,7718.86669921875,4806
2024-06-21,7738.437697736045,7793.854896732736,7659.55555862364,7716.02099609375,2732
2024-06-24,7777.279266084006,7777.279266084006,7588.61146225402,7636.7392578125,14051
2024-06-25,7636.739245326295,7692.206660037116,7568.6910192273035,7598.49658203125,4005
2024-06-26,7573.683493935676,7658.556677453742,7384.965474113152,7425.25537109375,9163
2024-06-27,7425.904891219754,7513.773605812646,7339.034684747236,7376.62841796875,28075
2024-06-28,7438.8852531585,7467.64209106235,7300.092628972053,7335.2900390625,3923
2024-07-01,7335.289794307427,7391.355924048923,7283.666732876155,7365.84423828125,5569
2024-07-02,7428.899962946684,7428.899962946684,7189.2580286580815,7208.02978515625,33966
2024-07-03,7280.571580511087,7386.962416234757,7234.190687431848,7367.69140625,4929
2024-07-04,7417.8667536675575,7417.8667536675575,7209.228296519342,7262.34912109375,4250
2024-07-05,7209.228283487632,7438.885140163831,7196.497305563191,7242.0791015625,7909
2024-07-08,7315.170037363738,7478.775681433162,7094.399806535111,7114.27001953125,41481
2024-07-09,7196.397206963167,7318.914339922142,6994.548901831987,7041.3291015625,8046
2024-07-10,7139.183291987008,7145.274288955079,6939.631349134783,7007.2802734375,5745
2024-07-11,7069.387771108799,7092.403188292403,6902.137660727413,6976.6259765625,39126
2024-07-12,7089.3574915011695,7137.036251338481,6991.653380376355,7028.94775390625,17204
2024-07-15,7099.742237610829,7138.284748168265,6839.980450298967,6898.79248046875,6959
2024-07-16,6991.553215718259,7024.553711039845,6789.854593956607,6834.03857421875,7487
2024-07-18,6834.0387089066735,6931.293295290998,6690.003922953531,6900.14013671875,23114
2024-07-19,6931.642970973159,6991.903030065134,6719.9592616896225,6750.86328125,9636
2024-07-22,6739.929673481059,7114.270262576139,6656.054993099961,6941.22900390625,7511
2024-07-23,6890.7046673419145,7114.320760095425,6565.191014023053,6865.59228515625,21166
2024-07-24,6851.163437166625,7031.64377775206,6792.850661149163,6960.55029296875,3956
2024-07-25,6952.911232558618,6952.911232558618,6847.119592277961,6889.90576171875,2610
2024-07-26,6941.977422306943,7309.078803211805,6919.660670253799,7219.01318359375,11471
2024-07-29,7338.784652847276,7558.706054226863,7338.784652847276,7390.40771484375,13211
2024-07-30,7464.297315619611,7464.297315619611,7219.213315844155,7278.97412109375,7995
2024-07-31,7307.081872071031,7307.081872071031,7064.444417177172,7092.6025390625,10923
2024-08-01,7198.993727526149,7198.993727526149,6940.130504271368,6973.8798828125,5962
2024-08-02,6974.479392076436,7203.351807212819,6884.6493049665005,7000.109375,14518
2024-08-05,6794.419452436284,6954.394726201271,6634.893048551693,6697.6943359375,13325
2024-08-06,6766.641166918584,6879.203590705261,6502.496350976954,6560.001953125,11845
2024-08-07,6699.793251137412,6835.637874708702,6647.334019864524,6702.04150390625,7369
2024-08-08,6744.758501568592,6797.267500371819,6605.416591882757,6665.22021484375,19493
2024-08-09,6794.66948816887,6812.205664024346,6621.253970933109,6678.509765625,10436
2024-08-12,6495.951923816376,6959.541858256495,6395.030351088264,6851.92529296875,18948
2024-08-13,6854.672273148701,6944.602375857648,6726.022265106733,6798.01611328125,22207
2024-08-14,6842.931870961787,6858.519854087705,6645.835048920067,6739.56201171875,4412
2024-08-16,6744.757857848462,6774.6847934304,6624.851051486711,6684.5048828125,6711
2024-08-19,6879.653312180005,7473.192029309261,6818.250837275757,7327.60498046875,152696
2024-08-20,7274.346525958841,7657.098863321166,7219.589277490195,7574.46337890625,34643
2024-08-21,7574.463129825628,7631.518883034234,7399.449250465956,7434.671875,12419
2024-08-22,7499.871390734792,7566.119708073343,7194.408597217125,7486.431640625,45393
2024-08-23,7501.3701966611225,7678.032700810995,7460.551822684547,7492.6767578125,9806
2024-08-26,7464.1993806312585,7793.943128369989,7399.39964050279,7652.90283203125,23380
2024-08-27,7693.721122613357,7718.951515150492,7494.176001129125,7522.1044921875,8492
2024-08-28,7529.148330440372,7644.059021614977,7453.207351924982,7485.03271484375,5971
2024-08-29,7474.191239122383,7766.464091721754,7339.945474031797,7639.212890625,39399
2024-08-30,7662.544917700296,8068.729244367201,7540.289832745476,7971.65478515625,75180
2024-09-02,8034.755465143593,8193.532455814862,7818.9232079030735,7838.85791015625,20905
2024-09-03,7933.833677815733,8122.5868776836105,7838.857690221338,8054.68994140625,13834
2024-09-04,8023.714060376696,8226.606174673854,7968.806539903315,8028.3603515625,14734
2024-09-05,8093.709514060626,8122.6869925677565,7893.864834701105,7920.99365234375,8048
2024-09-06,7992.788217673692,8077.022557673497,7832.412857136546,7952.11962890625,20364
2024-09-09,7993.78725032829,7993.78725032829,7743.981398755531,7779.10400390625,6821
2024-09-10,7793.942749678349,8068.729192775983,7756.821696854846,8045.09765625,10462
2024-09-11,8023.763826104997,8043.748293915968,7803.934680184312,7864.3876953125,5666
2024-09-12,7888.868647027664,7960.213099339311,7849.998954820946,7860.5908203125,4487
2024-09-13,7918.845510814242,7973.802798270996,7804.934042267513,7834.4111328125,3903
2024-09-16,7843.903777587055,7884.671897601462,7769.062041671763,7808.68115234375,3103
2024-09-17,7815.575885084091,7871.832457232364,7399.998955925879,7605.98876953125,18086
2024-09-18,7605.988820017696,7743.881655003513,7564.121455381402,7582.80712890625,5396
2024-09-19,7582.807428527138,7669.490065539344,7324.308118725868,7449.36083984375,10656
2024-09-20,7493.176757957239,7643.060277585668,7344.242695780623,7633.91748046875,7946
2024-09-23,7689.024422987556,7783.900884420337,7570.116832820497,7653.8515625,7122
2024-09-24,7653.8513326541715,7803.885119004621,7644.059138330597,7665.49267578125,5499
2024-09-25,7695.0194939219155,7695.0194939219155,7409.790975875751,7489.529296875,6616
2024-09-26,7526.250803849151,7535.793192329658,7345.341111289809,7383.41162109375,11836
2024-09-27,7457.254186004982,8254.98479275272,7413.088803365842,8082.11865234375,165979
2024-09-30,8130.531325405939,8248.240139090525,7902.907933590897,7960.36328125,23597
2024-10-01,7993.787454528344,8188.6360237324725,7874.929632152999,8103.55224609375,18490
2024-10-03,7893.915061671267,8078.671868849563,7813.9274192476005,7851.84814453125,11819
2024-10-04,7813.927063674579,8012.772522200313,7674.035786319791,7786.048828125,10970
2024-10-07,7813.877488800881,7826.767373520604,7494.225521904511,7620.427734375,15572
2024-10-08,7499.171680369594,7853.895990367089,7499.171680369594,7804.88427734375,9622
2024-10-09,7882.773573217054,8092.710512211928,7816.724807300155,7895.513671875,16740
2024-10-10,7939.979007734575,8350.41051160136,7895.863391730464,7922.392578125,34801
2024-10-11,7993.7870365885165,7993.7870365885165,7700.015362993889,7735.48779296875,10604
2024-10-14,7743.981814354055,7927.838930978719,7645.558303552265,7835.560546875,11781
2024-10-15,7835.560049460939,8063.7328096285455,7674.035684999657,7879.52587890625,42918
2024-10-16,7917.846583907271,8007.726928010865,7784.050662105406,7880.02587890625,6175
2024-10-17,7962.611040644578,7978.798654490772,7716.552284393062,7780.05322265625,5579
2024-10-18,7714.004995756677,7801.936658920743,7447.212335929342,7706.61083984375,9687
2024-10-21,7781.9022003303435,7843.903818152497,7544.136793254948,7557.42626953125,10973
2024-10-22,7574.11386447886,7610.335715084052,7134.405773879281,7189.71240234375,13984
2024-10-23,7194.408990548497,7328.204915722864,6902.185891320176,7255.11181640625,10603
2024-10-24,7294.331151230682,7382.2628144236,7173.824706138155,7286.28759765625,5661
2024-10-25,7296.280103850829,7296.280103850829,6849.527187204915,6890.794921875,15937
2024-10-28,6890.644407209671,7168.9281176806535,6779.8306322901435,7048.171875,7596
2024-10-29,7062.011804766509,7089.440683909066,6846.6791490994165,6989.86767578125,5149
2024-10-30,6969.583217908939,7214.343185001917,6969.583217908939,7104.92822265625,5794
2024-10-31,7139.401526455417,7584.10571166012,7073.652333078184,7515.30908203125,18055
2024-11-01,7579.159314674022,7624.024836008854,7487.180995140769,7520.90478515625,2191
2024-11-04,7543.088205318124,7543.088205318124,7314.915428475106,7389.55712890625,5283
2024-11-05,7319.311949306617,7584.106169998256,7296.229789469683,7518.4072265625,7425
2024-11-06,7584.10571751258,7763.916166147235,7504.167844337217,7564.3212890625,9360
2024-11-07,7629.070890118153,7640.012581840446,7326.306190746078,7397.35107421875,9273
2024-11-08,7404.195795176597,7458.50319787121,7204.400876674434,7238.32470703125,10747
2024-11-11,7394.252984997727,7394.252984997727,7001.308392247679,7040.6279296875,10513
2024-11-12,7084.49372386871,7134.4548925842855,6909.629633364193,6967.734375,7310
2024-11-13,6959.541754439295,7027.338677062734,6694.797298927584,6956.09423828125,16284
2024-11-14,6955.594119270792,7115.469864003349,6712.633046027946,7018.89501953125,12291
2024-11-18,7074.1024080020225,7098.683402361404,6760.745837662099,6786.17626953125,14406
2024-11-19,6858.569978204656,7385.260774505381,6804.911969824149,7238.27490234375,17142
2024-11-21,7238.274734740614,7349.288558886949,6970.782906854529,7141.30029296875,15037
2024-11-22,7239.373412947819,7364.32610188488,7072.153282150459,7240.47265625,8885
2024-11-25,7313.516321038653,7387.55838684985,7178.421118196839,7256.6103515625,9800
2024-11-26,7257.359991461895,7432.673942715525,7214.393382673122,7255.01171875,11178
2024-11-27,7237.575542092888,7612.234084718906,7179.1209698326265,7516.35888671875,13390
2024-11-28,7516.358618048286,7783.950455224977,7446.762316403605,7644.80859375,12412
2024-11-29,7611.076272838681,7765.996407085561,7606.228674257928,7709.775390625,7202
2024-12-02,7709.77507155114,7915.419047693956,7697.031641680807,7818.0693359375,14271
2024-12-03,7818.069333527826,7968.891476458406,7808.973925193719,7932.66015625,9630
2024-12-04,7993.878717788048,8080.833887636455,7857.848751028461,8026.66162109375,11153
2024-12-05,8026.661797003899,8086.830973130663,7898.477880021572,7943.65478515625,4049
2024-12-06,8020.864797506257,8023.913030659807,7798.129532283597,7942.35546875,7955
2024-12-09,7942.355418042736,8045.802084864147,7855.999549228977,7884.48486328125,4895
2024-12-10,7855.949683940368,8086.830647934036,7836.609557532374,8070.888671875,14264
2024-12-11,8070.889064755476,8811.457479009056,8045.852167198604,8719.5048828125,62121
2024-12-12,8793.466941519882,8932.39532352389,8622.804918302729,8683.873046875,38884
2024-12-13,8701.263852880953,8701.263852880953,8445.645643034093,8586.0732421875,19269
2024-12-16,8645.542483845957,8645.542483845957,8480.627511610744,8513.91015625,7817
2024-12-17,8577.577796299636,8577.577796299636,8406.816223719647,8503.06640625,8614
2024-12-18,8587.073200388248,8665.532752996114,8262.940492278702,8312.314453125,21239
2024-12-19,8295.673040949467,8494.620270715364,8162.441440673594,8398.3203125,11283
2024-12-20,8398.320974497105,8452.592801530029,7970.191093676316,8231.0068359375,18557
2024-12-23,8333.703288802863,8446.545499963655,8055.846546863885,8263.939453125,13495
2024-12-24,8320.710045546237,8745.49103886241,8201.821146440361,8731.8984375,28416
2024-12-26,8645.542931080028,8745.491404271706,8440.648561037091,8516.6591796875,13024
2024-12-27,8602.914150904377,8645.443005285864,8252.34489609647,8476.1796875,12983
2024-12-30,8485.625015363967,8574.379060595496,8278.831242645936,8497.01953125,17293
2024-12-31,8495.369859726361,8502.066602255505,8256.792672777498,8456.9892578125,12158
2025-01-01,8396.671183296945,8635.448474766927,8338.401418981819,8497.619140625,17136
2025-01-02,8513.610428517992,8560.486650016766,8425.755335503693,8532.7001953125,8236
2025-01-03,8560.037176643995,8595.618442548348,8046.351805313755,8095.12646484375,33890
2025-01-06,7945.903742550517,8124.461595083785,7800.978454164375,7873.791015625,27532
2025-01-07,7873.7906152371215,8084.8317113322455,7846.0549149046365,8056.74609375,7435
2025-01-08,7997.026887538176,8120.763385871521,7751.003826923945,7846.50439453125,15241
2025-01-09,7859.798230471171,8045.852218641655,7835.960421633611,7935.359375,9137
2025-01-10,7870.992169408776,7935.908899002277,7646.55806446057,7735.51220703125,8139
2025-01-13,7641.210698113919,7687.886830901909,7147.365188166152,7272.30078125,13235
2025-01-14,7296.238483872292,7689.585501719053,7252.01128484334,7611.076171875,9079
2025-01-15,7547.109266343182,7696.082271521791,7307.732671284357,7382.09423828125,11516
2025-01-16,7447.160875350765,7508.129445126151,7326.223220550411,7386.04248046875,3168
2025-01-17,7460.503799110409,7565.899169052763,7338.216747130815,7516.1748046875,5926
2025-01-20,7531.067565401274,7671.745039353213,7454.107242173571,7631.8154296875,4357
2025-01-21,7632.065497780567,7689.236220293773,7306.233471552638,7343.314453125,5974
2025-01-22,7391.189386396507,7415.926632821566,7122.37778003234,7320.9755859375,12287
2025-01-23,7246.364077881547,7355.158084433971,7196.8393184739725,7227.07373046875,4398
2025-01-24,7196.839308874044,7275.249078228921,7078.750290036402,7161.70751953125,5736
2025-01-27,7062.309199626195,7062.6088498280915,6694.548604443454,6818.18505859375,14024
2025-01-28,6746.522036188098,6891.297499266897,6524.636422553467,6554.37109375,12445
2025-01-29,6632.730414975829,6824.481655765504,6576.409353500188,6769.01025390625,4002
2025-01-30,6786.501264284565,7017.382235131359,6771.558772474612,6909.23779296875,7727
2025-01-31,6936.823720553795,7046.367344537212,6868.009099306533,7008.78662109375,5816
2025-02-01,7005.388230444193,7355.857441299566,6896.444398639596,7273.5,8121
2025-02-03,7164.406254160834,7164.855729450427,6846.4700788774035,6879.35302734375,8201
2025-02-04,6846.4703247256475,7016.382726945116,6846.4703247256475,6930.9765625,4636
2025-02-05,6930.976350111746,7071.354169796809,6874.45568619964,6983.599609375,3802
2025-02-06,6983.600040124268,7186.295352204055,6935.624772126243,7140.71875,5959
2025-02-07,7176.150659011136,7187.194770254632,6790.599417820574,6862.21240234375,6011
2025-02-10,6597.598462360743,6821.483033723992,6486.655661372704,6566.0146484375,16540
2025-02-11,6566.014716698569,6818.3846044526845,6422.738486777582,6793.44775390625,12233
2025-02-12,6791.498535672103,6899.442883258944,6413.193576768219,6811.38818359375,10215
2025-02-13,6716.637308277081,6832.777138951502,6544.275974543439,6617.38818359375,7855
2025-02-14,6636.578755240605,6835.476220947364,6221.492932824244,6444.57763671875,21116
2025-02-17,6444.577334852417,6668.5619549562,6276.763950408413,6332.2353515625,15964
2025-02-18,6355.972989425498,6381.909812238969,5998.4073430101225,6259.07275390625,10866
2025-02-19,6276.763801963616,6557.469172464682,6225.990175337927,6354.673828125,7286
2025-02-20,6347.927575266758,6495.651222285046,6253.976011196163,6463.16796875,5188
2025-02-21,6484.65687929168,6545.625447361469,6333.584861098451,6454.62255859375,3553
2025-02-24,6454.622661245372,6566.614730965733,6346.728088528524,6474.7119140625,3950
2025-02-25,6384.708166303412,6626.283809823896,6384.708166303412,6561.1669921875,6282
2025-02-27,6560.61788270899,6637.078465894127,6401.699807853608,6581.85693359375,3918
2025-02-28,6471.763428805296,6889.648076267512,6421.689148114461,6772.45849609375,16834
2025-03-03,6717.536981475805,6806.491123917607,6389.855809717687,6596.9990234375,9954
2025-03-04,6491.403486434164,6676.558033701099,6206.80020797662,6260.62255859375,13433
2025-03-05,6260.622487994378,6476.9108847297975,6260.622487994378,6424.337890625,6878
2025-03-06,6491.653429510953,6608.5433658438815,6446.6766159115705,6496.60107421875,5371
2025-03-07,6474.911662976579,6665.513587687854,6446.676220614971,6506.24560546875,6418
2025-03-10,6506.095825870326,6596.498923476169,6396.702031080079,6443.82763671875,4156
2025-03-11,6397.701644583291,6397.701644583291,6146.830981750858,6189.30908203125,8811
2025-03-12,6197.804645037609,6251.876865090971,6013.899459634138,6067.9716796875,9998
2025-03-13,6070.070698762026,6262.571062303894,5984.914406780349,6012.1005859375,13226
2025-03-17,5994.110071997611,5994.110071997611,5707.057859742317,5735.94287109375,30733
2025-03-18,5735.94287109375,5735.94287109375,5735.94287109375,5735.94287109375,0
2025-03-19,5902.207099948376,6196.805219030512,5902.207099948376,6131.5390625,28043
2025-03-20,6193.806757873614,6416.691848563595,6146.830976427744,6302.95068359375,19809
2025-03-21,6271.766713718833,6610.592038969938,6271.766713718833,6558.96875,27450
2025-03-24,6646.473208502748,6830.478439367012,6521.637667086589,6733.728515625,14390
2025-03-25,6786.401166611093,6786.401166611093,6583.605815608113,6652.47021484375,7741
2025-03-26,6652.470294405518,6652.470294405518,6333.684933663001,6455.6220703125,6995
2025-03-27,6371.715065060001,6477.610665941365,6157.825335817201,6206.400390625,14417
2025-03-28,6296.753845803196,6440.279951703943,6117.8958568284,6209.4990234375,18350
2025-04-01,6208.799295352523,6471.713564828758,6128.890294013253,6354.6240234375,12422
2025-04-02,6353.674686221387,6353.674686221387,6191.807938052683,6281.4619140625,7208
2025-04-03,6281.46171558057,6486.65573013715,6191.807742403644,6247.9287109375,16195
2025-04-04,6209.798564311189,6246.779498944942,6026.942639606213,6066.2724609375,7101
2025-04-07,5947.93358852508,6146.630956310832,5441.34465890034,5884.46630859375,28468
2025-04-08,6145.831377627452,6145.831377627452,5817.00091361063,5943.78564453125,9073
2025-04-09,5943.735296489709,5996.808030573969,5802.1086102306535,5845.13623046875,4394
2025-04-11,5966.773718253216,6346.277758669905,5867.224946456738,6272.26611328125,13665
2025-04-15,6345.7283582987975,6476.660853957506,6272.266232871964,6421.189453125,11964
2025-04-16,6447.676075428019,6471.163966882454,6284.2603199897185,6295.75439453125,6475
2025-04-17,6414.692677026806,6456.671033591955,6275.764306489766,6308.24755859375,11227
2025-04-21,6395.702612802934,6829.478973790037,6338.232242395657,6611.59130859375,25812
2025-04-22,6636.578316828816,6716.037349387233,6454.17236158465,6472.1630859375,13460
2025-04-23,6516.64042378623,6581.10718871479,6405.697619025453,6500.14892578125,5665
2025-04-24,6564.116047800323,6615.589512050299,6440.679682074653,6476.6611328125,5768
2025-04-25,6476.661037083072,6525.136046388401,6323.7398737075,6382.70947265625,8981
2025-04-28,6394.703045674396,6477.660274932129,6336.732933662968,6373.7138671875,6002
2025-04-29,6396.702029520295,6575.110047062384,6357.2223841818495,6500.6484375,8227
2025-04-30,6501.14825395071,6501.14825395071,6249.278108667355,6322.740234375,6674
2025-05-02,6296.753848711129,6440.679650967383,6198.804344397845,6412.1943359375,6052
2025-05-05,6378.71131041061,6493.652050099928,6332.735014534884,6446.67626953125,5906
2025-05-06,6458.670287069803,6491.653282964774,6296.753761767218,6363.71923828125,5960
2025-05-07,6196.805440660806,6363.71939365925,6161.32373208928,6324.23974609375,10732
2025-05-08,6267.768699618763,6472.663067888871,6267.768699618763,6300.251953125,6388
2025-05-09,6116.846407576026,6386.7072784984975,6116.846407576026,6359.72119140625,8044
2025-05-12,6439.180137617158,6766.5113747253645,6439.180137617158,6681.55517578125,15341
2025-05-13,6596.59921875,6895.944895419034,6596.099476384943,6871.45751953125,11554
2025-05-14,6875.455345256447,7196.289938340808,6875.455345256447,7020.88037109375,27121
2025-05-15,7113.33253922308,7121.328416743634,6971.905455578277,7050.86474609375,9635
2025-05-16,7121.32867954628,7235.269938419021,6976.40339413797,7132.82275390625,20754
2025-05-19,7171.302677087462,7228.273304626694,6879.45314653561,6934.4248046875,17965
2025-05-20,6995.89305105976,7047.866254667891,6756.516469056929,6868.95849609375,6815
2025-05-21,6871.957322737507,6973.904766111695,6804.49210285753,6918.93310546875,5678
2025-05-22,6952.415927783018,7025.87805697969,6762.5138250977425,6822.48291015625,6633
2025-05-23,6822.48250836024,6901.941541383187,6747.021414105742,6771.5087890625,4569
2025-05-26,6846.470319318263,7011.385297812791,6763.513087711925,6985.8984375,9990
2025-05-27,7116.331410136483,7116.331410136483,6876.455070468962,7011.88525390625,11640
2025-05-28,7041.369833708016,7041.369833708016,6846.470313825395,6922.43115234375,12558
2025-05-29,6936.423894573113,7005.888081989948,6862.462025956628,6947.91796875,8848
2025-05-30,7006.387877830236,7006.387877830236,6833.976763860805,6850.46826171875,5644
2025-06-02,6836.475618226488,6904.44058051295,6744.523022191863,6801.49365234375,4621
2025-06-03,6816.485632462177,6938.422765476896,6813.487178371651,6853.96630859375,4041
2025-06-04,6923.4308165111825,6936.923860545093,6819.984145584532,6901.94189453125,2840
2025-06-05,6901.941902762511,6976.403516223638,6778.005794451375,6847.9697265625,22760
2025-06-06,6847.469625663053,6995.39336009571,6754.517549296586,6771.5087890625,9830
2025-06-09,6800.494074595093,6988.397203052452,6779.005152989596,6888.44873046875,19849
2025-06-10,6898.443399798853,7362.204300625666,6898.443399798853,7026.37744140625,44087
2025-06-11,7040.370395773441,7103.837675746697,6687.552288205578,6779.5048828125,19783
2025-06-12,6786.501319933097,6955.913981748806,6773.508018436907,6853.466796875,20051
2025-06-13,6865.460477978267,7021.380092851554,6766.01174926101,6965.90869140625,12027
2025-06-16,7007.387442142062,7320.725905002074,6955.414236181231,7269.25244140625,31329
2025-06-17,7322.225112268157,7544.610464094483,7157.310132262118,7214.28076171875,53506
2025-06-18,7226.274273863598,7315.728153187359,7156.31034590088,7275.2490234375,8668
2025-06-19,7336.217780777993,7336.217780777993,6996.39297894359,7047.36669921875,15403
2025-06-20,7047.36669921875,7155.311048036737,6966.408437605261,7047.36669921875,8234
2025-06-23,7047.366799703193,7090.344642900929,6937.423479895031,7005.88818359375,6062
2025-06-24,7116.331044721144,7146.315585639913,6918.932817005915,6953.4150390625,10046
2025-06-25,6980.401424150231,7296.238601989789,6917.433885530319,7145.31640625,14269
2025-06-26,7146.3155503697,7323.224340917313,7076.351621904541,7295.23876953125,24451
2025-06-27,7295.2390621447375,7396.187020122079,7116.331295036379,7143.3173828125,27711
2025-06-30,7170.303166833276,7243.265549211144,7093.84258804003,7186.294921875,8193
2025-07-01,7186.294893148588,7256.758563519516,7133.821947127684,7203.2861328125,7105
2025-07-02,7241.266541494667,7241.266541494667,7064.357752282168,7157.8095703125,5316
2025-07-03,7097.840793389215,7246.764017808702,7097.840793389215,7196.2900390625,5171
2025-07-04,7196.289734971078,7274.249540433265,7171.802360178469,7257.25830078125,9185
2025-07-07,7257.258749081876,7295.738911847287,7151.3133658836,7165.30615234375,5242
2025-07-08,7196.289928870945,7245.764422131932,7092.343518787254,7210.28271484375,4798
2025-07-09,7216.279459049785,7280.746221530217,7161.307801120736,7222.2763671875,3343
2025-07-10,7241.266996845835,7270.252054528171,7149.814142434324,7228.7734375,4339
2025-07-11,7228.773347612251,7256.259177831309,7073.353471282669,7098.84033203125,4298
2025-07-14,7146.31593073816,7150.81361209317,6923.430832478774,6974.904296875,16027
2025-07-15,6986.398348389685,7334.718781066911,6946.41895869933,7218.27880859375,32744
2025-07-16,7218.278455439455,7325.223317628878,7189.29339933204,7223.27587890625,4989
2025-07-17,7246.264128989362,7316.228058510638,7209.782937167553,7281.24609375,7657
2025-07-18,7281.24606875129,7325.223395727962,7178.299144237717,7262.255859375,6754
2025-07-21,7298.237163457791,7461.153166969653,7158.309307680731,7211.78173828125,13782
2025-07-22,7226.274468075912,7284.244581374447,7199.288380850733,7228.2734375,3886
2025-07-23,7241.2667578125,7254.2600591032615,7146.315709918478,7183.79638671875,3992
2025-07-24,7183.796470112899,7215.7799813537495,7136.8206879779,7168.80419921875,5959
2025-07-25,7181.297725251034,7181.297725251034,6997.39253646242,7004.888671875,6483
2025-07-28,6866.459888716307,6966.408358712178,6596.599019727457,6656.068359375,17557
2025-07-29,6716.037512365212,6782.503245615049,6607.093678918109,6749.0205078125,9755
2025-07-30,6746.521748038855,6811.48825376071,6652.070443566311,6693.04931640625,4836
2025-07-31,6687.552282530447,6711.53991588581,6547.124678929263,6616.5888671875,4770
2025-08-01,6688.551625392086,6691.0503371469395,6359.721158453353,6412.69384765625,7260
2025-08-04,6476.161227261198,6645.074144524435,6418.690856002996,6588.103515625,6993
2025-08-05,6588.103630618506,6671.560605989309,6568.613678286402,6637.578125,3291
2025-08-06,6637.578220063606,6746.522057736687,6521.637989145464,6550.623046875,4961
2025-08-07,6539.128570955532,6600.596879264858,6422.688604808598,6499.64892578125,5099
2025-08-08,6546.624980159471,6721.534807873655,6446.676507179937,6690.55078125,8689
2025-08-11,6690.550505731253,6854.465994667603,6321.740655624466,6734.52783203125,17777
2025-08-12,6728.530877948202,6728.530877948202,6512.142444336232,6642.5751953125,7864
2025-08-13,6615.589226178426,6661.565522356731,6532.132253767804,6556.61962890625,4448
2025-08-14,6556.61989028791,6590.102629056911,6406.697179381936,6439.68017578125,4464
2025-08-18,6439.680004424116,6701.544999171768,6439.680004424116,6623.08544921875,9004
2025-08-19,6623.085700500159,6656.568439648541,6483.157835402441,6578.10888671875,4517
2025-08-20,6576.109562268742,6685.553136562902,6572.11162348174,6601.0966796875,6564
2025-08-21,6597.598488948243,6624.084833435008,6518.639197836759,6547.12451171875,2647
2025-08-22,6596.599266464488,6596.599266464488,6481.15877930136,6529.6337890625,2617
2025-08-25,6596.598931112079,6618.087851872519,6442.678289386131,6454.17236328125,4040
2025-08-26,6396.702205598828,6598.098376603229,6316.743428028843,6480.1591796875,8909
2025-08-28,6545.625631034193,6545.625631034193,6396.702403209472,6415.19287109375,3361
2025-08-29,6415.192679791087,6506.645531734825,6395.702727737504,6426.18701171875,4101
2025-09-01,6426.686697382581,6594.600128978268,6418.690819687547,6559.6181640625,3806
2025-09-02,6559.617982529128,6639.576757266646,6506.645294265522,6616.0888671875,2935
2025-09-03,6615.089388477466,6726.531930868527,6565.115154221385,6697.546875,3251
2025-09-04,6697.547047746925,6762.513553955484,6553.121507021746,6613.59033203125,3709
2025-09-05,6593.60055699794,6636.07865669059,6552.621684353266,6610.591796875,7015
2025-09-08,6593.600482964593,6637.577809211438,6519.638616094897,6535.63037109375,2066
2025-09-09,6537.129887182885,6716.537396509286,6497.150497917949,6700.0458984375,4127
2025-09-10,6721.534642994031,6776.506301784317,6654.56916774041,6702.54443359375,2892
2025-09-11,6662.565115810681,6776.506373416804,6662.565115810681,6678.05712890625,2338
2025-09-12,6678.057122273078,6866.4599910223815,6618.088039382053,6732.029296875,5750
2025-09-15,6745.022579226874,6796.496041897124,6697.047313048776,6776.50634765625,1701
2025-09-16,6697.546913222716,7196.289773944718,6697.546913222716,6996.892578125,21704
2025-09-17,6996.892657192974,7075.8519486604755,6969.906570235727,7017.8818359375,6464
2025-09-18,7088.345374223283,7088.345374223283,6925.429370839414,6976.90283203125,7128
2025-09-19,6946.418686681057,7298.237302179147,6946.418686681057,7198.78857421875,15830
2025-09-22,7199.288183056467,7541.111945184096,7149.313948827282,7175.80029296875,48444
2025-09-23,7204.285919299329,7296.238514273738,7033.374030814287,7078.8505859375,10923
2025-09-24,7081.349262618936,7120.329166816839,6913.435829151049,6932.92578125,4063
2025-09-25,6921.931249688722,7030.875081356627,6866.459849160569,6898.443359375,5487
2025-09-26,6899.443030752625,6979.401808452207,6781.004091285121,6923.4306640625,6523
2025-09-29,6996.393085593502,7070.354955355491,6712.539423263709,6753.0185546875,25445
2025-09-30,6829.478894012661,6920.931743244647,6771.009039585653,6843.4716796875,6504
2025-10-01,6938.423005648015,7339.216382954965,6817.985095509642,7097.8408203125,43774
2025-10-03,7190.292919368946,7209.283128636115,6980.401132731821,7016.88232421875,27993
2025-10-06,7066.357089356244,7086.346784092753,6844.471477780984,6927.4287109375,14315
2025-10-07,6927.428770406291,7024.378790710635,6867.959428054657,6893.4462890625,42490
2025-10-08,6920.93201870562,6920.93201870562,6761.514204136547,6835.47607421875,11355
2025-10-09,6847.469932934987,7775.491511205332,6773.008320031227,7669.04638671875,388748
2025-10-10,7626.56821471299,7895.929348828075,7560.602222684806,7792.982421875,92764
2025-10-13,7746.006320624032,7820.967672113942,7606.078464509534,7745.0068359375,23562
2025-10-14,7767.995036111067,7864.945051358464,7624.568982626514,7764.99658203125,19555
2025-10-15,7763.997335511583,7872.941170420279,7706.027221523468,7809.9736328125,14418
2025-10-16,7875.939816645009,8254.744536252681,7824.966094481443,7979.88623046875,75920
2025-10-17,7895.929037035644,8025.362304161735,7801.977476341803,7889.93212890625,17002
2025-10-20,7889.932337469809,8120.8133065546235,7878.938005608627,8069.33984375,22527
2025-10-21,8195.774851008557,8239.752179477384,8127.310146460498,8175.78515625,11065
2025-10-23,8215.764371621412,8244.749428406938,7966.392934794218,8042.853515625,13943
2025-10-24,8042.853581575791,8045.852035750605,7921.416187495829,7954.89892578125,8899
2025-10-27,7915.918933658411,7944.903990359938,7751.003955873861,7788.984375,16349
2025-10-28,7870.942094242792,7911.9209673683745,7765.996199652889,7787.98486328125,6836
2025-10-29,7788.9845446533045,7895.4296689963785,7626.56827511575,7741.00927734375,77143
2025-10-30,7741.008958584289,7759.999167779008,7663.049152416494,7675.04296875,16210
2025-10-31,7746.006437959907,7955.898225311079,7659.051268914422,7911.9208984375,19500
2025-11-03,7963.89407490218,8073.3376493501955,7871.441740322806,8046.3515625,14174
2025-11-04,8095.826388632674,8720.50435071853,8095.826388632674,8465.6357421875,109534
2025-11-06,8533.600509293497,8558.587627205461,8195.774675123763,8277.732421875,25255
2025-11-07,8344.697655631488,8642.544092495566,8096.325710796846,8521.6064453125,30897
2025-11-10,8544.594877665097,9203.755050997665,8544.594877665097,9056.3310546875,118846
2025-11-11,8666.032659441347,9562.070751730045,8457.140343447662,9297.70703125,111588
2025-11-12,9105.306137376967,9259.72653235224,8951.885227158815,9113.8017578125,26248
2025-11-13,9126.295210298635,9225.244200093792,9013.853176440503,9191.26171875,12761
2025-11-14,9174.270325969826,9774.960647999227,9165.274963410318,9709.994140625,54291
2025-11-17,9749.973422556614,9764.965693324257,9454.125946075143,9588.556640625,28645
2025-11-18,9578.062223149273,9677.011211993244,9355.177127066387,9522.5908203125,16302
2025-11-19,9569.066351826385,9870.910725990952,9465.119944829316,9720.48828125,24177
2025-11-20,9783.956059794102,9827.433645717183,9605.048292432457,9747.974609375,12284
2025-11-21,9747.974373707802,9754.471024320856,9145.784836113324,9215.2490234375,25588
2025-11-24,9194.759617311203,9214.249569214848,8928.396941294743,8963.37890625,26693
2025-11-25,8963.379319613228,9090.813626398542,8815.455575266356,9005.857421875,15299
2025-11-26,9095.31068735499,9171.271523864767,8970.375100990223,9046.3359375,14726
2025-11-27,9135.290624207479,9195.25970926792,8847.938758292856,8867.4287109375,8849
2025-11-28,8938.392241040652,9320.195420742937,8802.96205557034,9242.7353515625,26580
2025-12-01,9262.224775571412,9475.115018065932,9108.304130763168,9232.240234375,26473
2025-12-02,9180.266911650702,9231.740373376344,8971.874353013885,9065.326171875,12308
2025-12-03,9076.320986768178,9183.76559706193,8748.489989778864,8838.943359375,21911
2025-12-04,8909.40713048016,8918.902235678674,8546.594163421118,8589.072265625,14485
2025-12-05,8589.071597574932,8645.542481994898,8356.19166713507,8474.130859375,18218
2025-12-08,8629.550778672892,9261.225100206511,8629.550778672892,9089.8134765625,174775
2025-12-09,8960.380537137155,9768.46393527161,8647.541818997284,9662.5185546875,125110
2025-12-10,9645.027372743758,9742.477131173035,9406.1505290043,9628.0361328125,32715
2025-12-11,9615.043394813536,9615.043394813536,9235.239185870798,9259.7265625,17953
2025-12-12,9340.185128061872,9395.156790131792,9160.277870378497,9252.23046875,27756
2025-12-15,9262.224989833136,9542.08071414017,9102.30743308626,9158.7783203125,25251
2025-12-16,9161.2768975238,9195.259377833183,8745.990998448833,8819.453125,32295
2025-12-17,8945.388082111243,9043.337582898606,8656.537003258713,9004.857421875,26664
2025-12-18,9004.35821863406,9081.318545289052,8705.51227486987,9024.84765625,22668
2025-12-19,8996.3618006271,9545.078901898547,8946.387565538627,9510.5966796875,39350
2025-12-22,9510.097273284315,9906.892713903744,9421.64287405303,9812.44140625,42277
2025-12-23,9735.981020073654,9894.899096471529,9595.553411684336,9846.923828125,26240
2025-12-24,9846.923595987568,9887.40272770067,9601.050351507974,9666.5166015625,18060
2025-12-26,9726.485878023377,10034.32718208043,9470.118038768072,9574.064453125,56952
2025-12-29,9574.063945633021,9635.032512360614,9355.676538584185,9501.1015625,22719
2025-12-30,9564.06908108736,9754.970658523633,9296.207181857408,9410.1484375,32976
2025-12-31,9467.119371532224,9489.607777978536,9245.233761261938,9367.1708984375,23885
2026-01-01,9399.153847029884,9635.032229409622,9138.288347872633,9256.2275390625,27182
2026-01-02,9315.697549971885,9535.084451127275,9268.72176703656,9498.103515625,18824
2026-01-05,9475.114689256088,9495.104382693336,9245.233214727723,9337.685546875,17632
2026-01-06,9386.160849679023,9670.514247797826,9195.259271328614,9249.2314453125,29224
2026-01-07,9212.250201950797,9322.19351563362,9016.351206661402,9057.330078125,16633
2026-01-08,9045.336373605869,9112.801589652101,8800.462626475102,8871.92578125,15642
2026-01-09,8846.938904711686,9033.842545358028,8730.998678428394,8781.47265625,19982
2026-01-12,8781.472383382225,9170.27192323377,8597.567202578408,9114.30078125,25782
2026-01-13,9155.279836206897,9185.264377155172,8996.861511530173,9057.830078125,11912
2026-01-14,9015.351678329718,9166.273862745216,8905.408365179355,9100.8076171875,16118
2026-01-15,9100.8076171875,9100.8076171875,9100.8076171875,9100.8076171875,0
2026-01-16,9100.308658537862,9132.292170572262,8896.9135116941,8948.88671875,9014
2026-01-19,8958.381655391819,8958.381655391819,8645.54293418936,8698.515625,9025
2026-01-20,8746.491227772769,8753.48762116717,8283.729778971627,8348.6962890625,24924
2026-01-21,8325.707667051927,8387.6757193157,7669.046209998733,8005.87255859375,54906
2026-01-22,8096.826116203136,8323.20941645249,8034.358318121085,8257.7431640625,18158
2026-01-23,8298.721779266094,8298.721779266094,7780.988685003798,7895.4296875,28059
2026-01-27,8195.274991886092,8195.274991886092,7704.527992554904,7927.4130859375,22105
2026-01-28,7930.911331209448,8201.771692993665,7895.929365665361,8164.291015625,21931
2026-01-29,8164.290693053993,8390.174233071157,8081.3334637556545,8134.30615234375,24471
2026-01-30,8025.862511810213,8874.924803688516,8025.862511810213,8793.466796875,44300
2026-02-02,8377.680536203165,8385.176671257033,8075.836164700736,8282.7294921875,16254
2026-02-03,8544.594747669194,8872.42573108661,8544.594747669194,8717.005859375,23289
2026-02-04,8650.539886860908,9037.340457191951,8650.539886860908,8843.4404296875,17695
2026-02-05,8886.918216193462,8891.415897346571,8561.086203768216,8607.0625,10530
2026-02-06,8637.04758240817,8637.04758240817,8410.664283511513,8545.5947265625,9922
2026-02-09,8914.904109042463,9494.605256331508,8875.424461942606,9369.169921875,101622
2026-02-10,9405.150842324918,9639.030257532573,9113.801057995724,9512.095703125,47834
2026-02-11,9512.0956520252,9565.06833980048,9343.682484286812,9474.115234375,15173
2026-02-12,9510.096877254458,9813.940224672782,9363.17262702257,9698.0,26747
2026-02-13,9600.0,9719.5,9404.5,9446.5,14971
2026-02-16,9494.0,9649.0,9300.0,9468.0,13384
2026-02-17,9401.0,10254.5,9386.0,10117.0,72542
2026-02-18,10200.0,10913.0,10023.0,10238.5,120307
2026-02-19,10456.5,10460.0,9830.0,9894.5,34482
2026-02-20,9921.5,10090.0,9755.0,9952.0,22550
2026-02-23,10106.5,10325.0,9942.5,10066.0,25607
2026-02-24,10100.0,10165.0,9811.0,9924.5,13073
2026-02-25,10029.5,10290.0,9850.0,9962.5,23303
2026-02-26,10035.0,10610.0,9783.0,10125.0,23879
2026-02-27,10010.0,10125.0,9900.0,10030.0,14796
2026-03-02,9700.0,10475.0,9651.0,10307.0,50489
2026-03-04,10219.0,10869.0,9885.0,10670.0,64257
2026-03-05,10669.0,10950.0,10450.0,10690.0,35366
2026-03-06,10690.0,10945.0,10500.0,10751.0,24177
2026-03-09,10751.0,10751.0,10123.0,10286.0,26919
2026-03-10,10315.0,10615.0,10315.0,10563.0,18235
2026-03-11,10630.0,10630.0,9753.0,9919.0,29447
2026-03-12,9919.0,9920.0,9500.0,9685.0,29994
2026-03-13,9600.0,9680.0,9032.0,9080.0,28471
2026-03-16,8949.0,9419.0,8949.0,9332.0,26457
2026-03-17,9429.0,9591.0,9225.0,9533.0,14494
2026-03-18,9570.0,10145.0,9534.0,9859.0,27101
2026-03-19,9780.0,9790.0,9454.0,9497.0,15474
2026-03-20,9567.0,9836.0,9540.0,9701.0,16024
2026-03-23,9567.0,9567.0,9220.0,9420.0,16014
2026-03-24,9575.0,9754.0,9244.0,9657.0,22024
2026-03-25,9700.0,9944.0,9502.0,9565.0,37036
2026-03-27,9565.0,9574.0,8970.0,9063.0,31453
2026-03-30,9000.0,9123.0,8773.0,9010.0,29698
2026-04-01,9240.0,9549.0,9127.5,9388.5,14773
2026-04-02,9350.0,9440.5,9094.5,9384.0,11850
2026-04-06,9424.0,9700.0,9256.5,9348.0,20432
2026-04-07,9373.0,9588.0,9320.5,9505.5,11444
2026-04-08,10071.0,10071.0,9713.5,9920.0,24157
2026-04-09,9850.0,10300.0,9760.0,10017.0,21999
2026-04-10,10026.0,10387.0,10017.0,10345.5,18364
2026-04-13,10194.0,10497.0,10050.0,10391.5,17562
2026-04-15,10695.0,10695.0,10320.5,10370.0,13888
2026-04-16,10484.0,10524.0,10150.0,10340.5,16422
2026-04-17,10300.0,10542.0,10210.0,10327.5,12332
2026-04-20,10353.0,10394.5,10098.0,10140.0,13756
2026-04-21,10140.0,10962.5,10104.5,10747.0,37463
2026-04-22,10833.0,11800.0,10800.5,11541.0,111645
2026-04-23,11425.5,11877.5,11280.0,11677.5,46677
2026-04-24,11760.0,12240.0,11689.5,11829.5,82743
2026-04-27,11900.0,12681.0,11561.0,12417.0,72825
2026-04-28,12417.0,12417.0,11624.5,11758.5,39787
2026-04-29,11852.5,12024.0,11410.0,11791.0,30461
2026-04-30,11788.0,11791.0,11500.0,11568.0,13955
2026-05-04,11750.0,11828.0,11382.0,11481.0,14663
2026-05-05,11483.0,12300.0,11351.0,12222.0,47967
2026-05-06,12354.0,12425.0,11658.0,12383.0,45086
2026-05-07,12399.0,12640.0,12184.0,12405.0,28938
2026-05-08,12449.0,12875.0,12275.0,12530.0,32379
2026-05-11,12501.0,12501.0,11250.0,11322.0,49895
2026-05-12,11307.0,11349.0,10370.0,10754.0,31020
2026-05-13,10650.0,11288.0,10540.0,10714.0,27176
2026-05-14,10737.0,11125.0,10522.0,10872.0,48514
2026-05-15,10950.0,11024.0,10622.0,10736.0,13914
2026-05-18,10685.0,10703.0,10433.0,10613.0,14854
2026-05-19,10639.0,11000.0,10601.0,10864.0,15687
2026-05-20,10583.0,10583.0,9950.0,10441.0,58942
2026-05-21,10500.0,11099.0,10500.0,10933.0,26324
2026-05-22,10932.0,11344.0,10769.0,11170.0,22456
2026-05-25,11301.0,11630.0,11165.0,11306.0,30513
2026-05-26,11307.0,11489.0,10905.0,11017.0,14179
2026-05-27,10999.0,10999.0,10421.0,10668.0,47089
2026-05-28,10668.0,10668.0,10668.0,10668.0,0
2026-05-29,10807.0,11220.0,10791.0,11122.0,29858
2026-06-01,11245.0,11250.0,10410.0,10454.0,27877
2026-06-02,10450.0,10676.0,10158.0,10321.0,21459
2026-06-03,10368.0,10604.0,10200.0,10472.0,12575
2026-06-04,10418.0,10924.0,10337.0,10450.0,22217
2026-06-05,10493.0,10651.0,10376.0,10544.0,8913
2026-06-08,10400.0,10416.0,10099.0,10174.0,14790
2026-06-09,10225.0,10356.0,10021.0,10138.0,12074
2026-06-10,10163.0,10279.0,9853.0,9943.0,10603
2026-06-11,9943.0,10114.0,9769.0,9882.0,17986
2026-06-12,10000.0,10210.0,9999.0,10171.0,12640
2026-06-15,10503.0,10850.0,10441.0,10602.0,26291
2026-06-16,10602.0,10700.0,10410.0,10443.0,10120
2026-06-17,10450.0,10779.0,10450.0,10717.0,10193
2026-06-18,10718.0,11128.0,10718.0,10888.0,15866
2026-06-19,10840.0,10989.0,10792.0,10923.0,6895
2026-06-22,10923.0,11069.0,10846.0,10988.0,8308
2026-06-23,11000.0,11150.0,10532.0,10621.0,18526
2026-06-24,10550.0,10800.0,10540.0,10586.0,7360
2026-06-25,10550.0,10663.0,10111.0,10232.0,16833
2026-06-26,10232.0,10232.0,10232.0,10232.0,0
2026-06-29,10180.0,10335.0,9773.0,9940.0,33069
2026-06-30,10012.0,10482.0,10012.0,10393.0,15167
2026-07-01,10470.0,10710.0,10370.0,10397.0,9957
2026-07-02,10448.0,10520.0,10330.0,10424.0,7330
2026-07-03,10418.0,10570.0,10177.0,10288.0,12519
2026-07-06,10311.0,10940.0,10311.0,10793.0,18629
2026-07-07,10761.0,10956.0,10482.0,10765.0,13091
2026-07-08,10650.0,11050.0,10388.0,10551.0,14993
2026-07-09,10649.0,11149.0,10605.0,10845.0,13834
2026-07-10,10892.0,10998.0,10628.0,10688.0,11610
2026-07-13,10641.0,10712.0,10181.0,10408.0,19618
2026-07-14,10382.0,10472.0,10242.0,10336.0,5002
2026-07-15,10330.0,10470.0,10202.0,10262.0,7261
2026-07-16,10269.0,10650.0,10239.0,10537.0,10863
2026-07-17,10537.0,10543.0,10212.0,10309.0,9663
2026-07-20,10270.0,10362.0,10222.0,10285.0,4533
2026-07-21,10286.0,10437.0,10241.0,10352.0,6791
2026-07-22,10320.0,10440.0,10057.0,10161.0,13895
2026-07-23,10161.0,10371.0,10082.0,10181.0,8003
2026-07-24,10100.0,10497.0,10100.0,10458.0,8615
2026-07-27,10507.0,10779.0,10466.0,10546.0,13287
2026-07-28,10599.0,10599.0,10316.0,10343.0,7005
2026-07-29,10373.0,10605.0,10289.0,10331.0,5786
2026-07-30,10234.0,10450.0,10177.0,10272.0,8059
2026-07-31,10263.0,10485.0,10240.0,10339.0,6875
2026-08-03,10356.0,10985.0,10356.0,10763.0,17854
2026-08-04,10779.0,10921.0,10700.0,10752.0,8784
2026-08-05,10750.0,11040.0,10750.0,10993.0,13788
2026-08-06,11005.0,11499.0,10921.0,11403.0,20379
