Date,Open,High,Low,Close,Volume
2015-01-01,80.35598259796379,81.49309555925572,79.82533219615645,80.7729263305664,835708
2015-01-02,81.11405077439618,82.02373874999279,80.05274428043006,80.31806945800781,425824
2015-01-05,79.59790576221587,81.11405634816285,78.9914432143749,79.33258056640625,273630
2015-01-06,78.76402396114318,80.20436817204543,76.37608563565465,77.7406234741211,572663
2015-01-07,77.32367051973907,80.12854645062063,77.02043928253855,78.1196517944336,611360
2015-01-08,78.08175630872621,79.44629416933124,78.0059499350605,78.3091812133789,454076
2015-01-09,78.83982787125183,79.93903469637927,76.07285198634702,77.09625244140625,482165
2015-01-12,77.32368269378772,78.99144608548556,77.13416386365589,77.93014526367188,294443
2015-01-13,78.1196576305587,79.93903362237332,77.43738874180062,79.21886444091797,426415
2015-01-14,78.23336529612685,81.34147851994368,77.93013981603718,80.01484680175781,838759
2015-01-15,80.01484445669317,81.22776369246968,78.30917515472946,78.65030670166016,300900
2015-01-16,78.57450299657609,79.21886582020072,77.70271527818731,77.9680404663086,257604
2015-01-19,77.47529166696387,80.35598005797613,77.47529166696387,79.63581085205078,609421
2015-01-20,80.35598827337105,81.11406363444058,78.42289378918132,78.68822479248047,475322
2015-01-21,78.91563584727633,79.5220983874744,77.17206616560391,78.5365982055664,727583
2015-01-22,79.21885834720456,90.43837361318923,78.87772682089383,88.50527954101562,7049271
2015-01-23,89.83192737465366,94.30457301670513,88.73272045019829,92.71261596679688,4725750
2015-01-27,93.73600024276428,93.73600024276428,80.20435899200884,81.53099060058594,3068060
2015-01-28,81.0761560610858,81.11406214190418,74.70832777219748,77.24787902832031,4625230
2015-01-29,77.6269107380993,77.93014201038261,75.65591614374097,76.86883544921875,1053717
2015-01-30,77.77853026652915,79.52210589649737,75.84544158146626,76.07286071777344,1135987
2015-02-02,76.18656609391407,77.28577294300091,74.02605268977297,74.40509033203125,964043
2015-02-03,75.23898387393024,76.56561583140508,74.29138961859107,75.16317749023438,596385
2015-02-04,75.80752263798526,76.33817298298916,73.57120303362669,73.79862213134766,545902
2015-02-05,74.21557163942833,74.44299075498388,72.05505823154566,72.58570861816406,590984
2015-02-06,72.62362005611347,73.30588323679197,70.34939403076949,70.72843170166016,619408
2015-02-09,70.6147155885675,70.80423441420314,68.22677722882743,69.5155029296875,709248
2015-02-10,69.36388264805817,71.63810830865025,67.96144464742405,68.79532623291016,620492
2015-02-11,69.21227123279608,71.75182211198806,68.07515838089027,71.18326568603516,944039
2015-02-12,71.86553012327606,74.82201872903454,70.76631763067576,71.14535522460938,2585999
2015-02-13,71.60019781268952,72.32037269759739,70.34937840352902,70.57679748535156,778610
2015-02-16,70.88003848021123,71.56230738701919,69.02275636290848,69.25017547607422,630138
2015-02-18,69.85664203939935,72.88894332567904,69.1364670137145,71.82763671875,1690761
2015-02-19,72.47199346678958,74.29137524168432,71.25907421141149,72.16876220703125,1004192
2015-02-20,72.13086749287046,72.13086749287046,69.89454183989608,70.08406066894531,704409
2015-02-23,70.61470953399053,71.25907232917224,68.83323388249224,69.13645935058594,518893
2015-02-24,69.5154966997136,71.63810967006647,68.56790265645876,71.18326568603516,949598
2015-02-25,72.01714657722636,73.07845305193753,70.91793981135174,71.25907135009766,1239548
2015-02-26,71.60020395604738,71.60020395604738,69.51549705037083,70.23567199707031,615350
2015-02-27,70.88004231868715,71.48650488728258,70.04616062461021,70.95584869384766,438012
2015-03-02,70.95584107742347,70.95584107742347,68.37838411304155,69.13645935058594,826275
2015-03-03,68.68161189472508,70.38728109302284,68.68161189472508,69.40178680419922,485331
2015-03-04,69.81873207010018,70.27357608097061,67.62031260329515,68.5300064086914,637997
2015-03-05,68.49209194551739,68.79532317685707,65.53559756135128,66.06625366210938,759325
2015-03-09,65.80093850316554,66.3315889009106,64.62591947203005,65.61141967773438,490521
2015-03-10,66.10415498334139,68.90903668745824,65.27027342187873,67.58240509033203,715847
2015-03-11,68.22676874802566,69.13645668453741,67.7340187058923,67.99934387207031,730227
2015-03-12,68.41628967018401,68.6437145531868,67.46869563043077,67.77192687988281,1020953
2015-03-13,68.8711358460019,70.34938606529057,67.92354177606887,68.7574234008789,869559
2015-03-16,69.02275630444375,69.32598178840789,65.23237991833821,65.83883666992188,839734
2015-03-17,66.44530639549932,66.86224437289638,64.81544321636821,65.1944808959961,965475
2015-03-18,65.4598064169343,65.57351887807835,64.05736815257364,64.96705627441406,652262
2015-03-19,65.68723195217423,67.84774559944778,65.19448180505596,65.99046325683594,662397
2015-03-20,65.95254578616158,65.95254578616158,59.0919625604609,60.53230667114258,1724001
2015-03-23,61.442008405769336,62.162177662790555,61.025064656763895,61.40410232543945,926043
2015-03-24,60.75973757892621,61.55571318849957,56.93145492944292,58.59922409057617,1737836
2015-03-25,59.31938614961041,60.64601778873907,58.75082973284098,59.963748931884766,571247
2015-03-26,59.5089100080859,61.7073294963259,58.22018433411182,59.92585372924805,870062
2015-03-27,60.26698529481311,60.64602293817671,59.167778442520834,59.92585372924805,607262
2015-03-30,60.03956498288856,63.82994170614303,60.03956498288856,63.033966064453125,806822
2015-03-31,63.22348036408786,63.82993712609944,61.783136155870224,63.10976791381836,536529
2015-04-01,64.51219315759718,65.72511222299234,64.43638680044516,65.08074951171875,689616
2015-04-06,65.194474672083,65.68722476528914,63.52671135439888,63.94364929199219,177302
2015-04-07,64.39849547409878,69.06065980203063,63.29928858459502,67.62031555175781,1351671
2015-04-08,67.96144842542992,67.96144842542992,65.00495374557644,65.27027893066406,462011
2015-04-09,65.49769916470353,66.17996800901756,64.81543032038951,65.45979309082031,557023
2015-04-10,65.34609365438484,65.99046233667706,64.77753713494302,65.1944808959961,516566
2015-04-13,65.3839957666824,66.52110873653776,64.24688279682707,65.30818939208984,523538
2015-04-15,65.57350559683975,66.06625563955853,64.47429885694426,64.7396240234375,423857
2015-04-16,64.4363944398699,64.96704478650095,63.75412557730499,64.36058807373047,270336
2015-04-17,64.43639663328608,64.51220300200596,62.35168968338564,62.92024612426758,312330
2015-04-20,63.185563942019705,63.185563942019705,61.02505087521804,61.25247573852539,255434
2015-04-21,61.59362195316349,61.59362195316349,59.96375880013321,60.22908401489258,223786
2015-04-22,60.26698348240823,61.93474674959138,59.35729547915474,61.02505874633789,343417
2015-04-23,61.631512298144514,61.74521894425544,59.736324414236684,60.34278106689453,328627
2015-04-24,60.418596848080306,60.532309295579644,57.80323947387216,58.144371032714844,241458
2015-04-27,58.25808575382937,59.471005079296,56.28709112698914,57.80324172973633,319113
2015-04-28,57.76533338742942,58.03066435943652,56.893551451938656,57.53791427612305,203390
2015-04-29,57.727433103424374,59.73633373039493,57.04516420208367,58.144371032714844,269438
2015-04-30,58.56131289665625,58.86454415252854,57.68952520489409,58.030662536621094,230094
2015-05-04,58.485511612567436,59.50891212939922,58.0685678765425,59.20568084716797,124104
2015-05-05,59.31939589150932,59.88795240165158,58.447608085893336,58.63712692260742,127301
2015-05-06,58.40970718777314,58.97826369206558,56.74193797165511,57.00726318359375,204282
2015-05-07,56.85565430513383,56.89356038813308,53.70964027685184,55.41530990600586,372062
2015-05-08,55.56691487551434,58.978253300196954,55.56691487551434,56.85564041137695,195402
2015-05-11,57.42420506937821,58.37179921243725,57.2346862407664,57.5000114440918,139839
2015-05-12,57.57582826110361,57.57582826110361,56.0975834432904,56.325008392333984,133769
2015-05-13,56.741932231728,59.12987046492727,56.173375784949855,57.61371994018555,314471
2015-05-14,57.765321117953114,59.433089831572254,57.765321117953114,58.44758987426758,335308
2015-05-15,57.120967512675804,57.57581149465275,55.18787914336003,56.24917984008789,361759
2015-05-18,56.43869864788287,57.04516114628881,55.79433585811095,56.24917984008789,199791
2015-05-19,56.6282308909882,58.333900565821054,55.71854271120657,56.741943359375,402300
2015-05-20,56.855653289319484,57.500016203200545,55.870152985508824,56.70404052734375,301231
2015-05-21,57.00725636334064,57.00725636334064,56.097568378768614,56.211280822753906,146830
2015-05-22,56.17336642873136,56.32498492614516,55.491097649505015,55.56690979003906,258072
2015-05-25,55.71852505442249,56.09756263982673,55.415293829368196,55.60481262207031,125961
2015-05-26,55.60482367352669,55.64272975306277,54.695135601217885,54.84674835205078,138741
2015-05-27,54.77093615813895,54.77093615813895,53.6338232967243,54.3539924621582,248676
2015-05-28,54.61932900261181,54.61932900261181,53.216885036687586,53.36850357055664,228292
2015-05-29,53.482217410379285,54.27819304510092,53.216886415149574,53.82334899902344,178853
2015-06-01,53.9370600593403,54.27819163914821,53.141078661580906,53.36850357055664,204648
2015-06-02,53.406404333919234,54.39190456990241,52.30719742610824,52.4209098815918,304620
2015-06-03,52.53461524163032,52.53461524163032,48.89585185955062,50.639427185058594,569028
2015-06-04,51.094277715089376,51.89025333074575,49.274895790701564,50.563621520996094,342092
2015-06-05,50.563607667347796,52.117663960729374,50.0329574023002,51.132164001464844,290512
2015-06-08,51.17007850348051,52.0797664745248,50.14667809014191,50.33619689941406,136187
2015-06-09,50.33620015653777,51.92815710070418,49.95716251346693,51.39750671386719,189424
2015-06-10,51.890245564578166,53.065264447959194,51.39750130734241,52.38299560546875,331835
2015-06-11,52.91365901960497,52.91365901960497,51.05637103751976,51.62492752075195,240621
2015-06-12,51.51120353162701,52.155572028577346,50.411996890337036,51.73862838745117,232634
2015-06-15,52.00395625126391,52.11766868512602,50.63942439588248,50.942649841308594,160215
2015-06-16,51.24589042839953,52.11767820233333,50.94265914394572,51.66283416748047,175226
2015-06-17,51.928152089563916,51.966058163675186,51.17007687657758,51.32168960571289,127851
2015-06-18,51.54911322450784,54.20237640518104,51.094269264551954,52.572513580322266,426329
2015-06-19,52.534612870344056,54.391894768489124,52.534612870344056,53.633819580078125,488243
2015-06-22,54.12657521131754,57.234682648757406,53.93705639459979,54.96045684814453,607328
2015-06-23,55.26369281101718,55.33949918741947,51.92816019641416,52.07977294921875,1266347
2015-06-24,53.065263613463955,53.89914517065887,52.00395718446373,52.572513580322266,515632
2015-06-25,52.610429723403755,53.25479260531339,51.77654800659977,52.117679595947266,364975
2015-06-26,52.07976398116275,53.21687678235542,51.39750092737097,51.511207580566406,362710
2015-06-29,51.094271161904814,51.094271161904814,50.108771059025536,50.639427185058594,286410
2015-06-30,50.791042897790696,51.5491181649219,50.525717711025834,50.828948974609375,296956
2015-07-01,51.32169332215009,53.89915038967999,50.904755395008166,52.53461837768555,1106545
2015-07-02,52.79994822063753,54.12658005641408,52.45881084981579,52.951560974121094,602355
2015-07-03,53.55802355536699,54.808849014401744,52.648329683498154,52.951560974121094,825166
2015-07-06,51.700722870301234,53.63381681453419,51.66282258302777,53.21687316894531,405899
2015-07-07,53.67172855661979,56.77983584052363,53.2168787920419,56.362892150878906,1601435
2015-07-08,55.415314089850696,59.395210191691405,55.03627636586587,57.0451774597168,2205325
2015-07-09,57.19677805160461,59.39519753913349,56.43870276512261,57.1209716796875,1015022
2015-07-10,58.18228038382544,59.0540681521709,57.120973786868184,57.5000114440918,675640
2015-07-13,57.916953611984496,58.371797631603556,57.23468469072816,57.76533508300781,348880
2015-07-14,57.8411592962067,58.258097324577676,55.71854571732222,56.325008392333984,279852
2015-07-15,56.47660503316919,57.462105152579134,56.02176104869347,56.51451110839844,313189
2015-07-16,56.77984284135943,56.89355529652441,55.41530494669112,55.83224868774414,276743
2015-07-17,56.09757120776562,59.43310362549899,55.5669208206138,58.82664108276367,1605797
2015-07-20,59.05406767242222,60.49441191490191,59.01616159354554,59.546817779541016,891533
2015-07-21,59.54681723635781,60.98715568204318,57.53791653098668,57.80324172973633,852807
2015-07-22,57.158877904835364,58.82664122593325,56.93145300484226,58.10647201538086,373230
2015-07-23,58.56131349487081,60.49440771010533,58.106469498243634,58.675025939941406,509034
2015-07-24,58.97825845860645,62.237978657103746,57.727433103424374,58.144371032714844,1798204
2015-07-27,58.030659677210124,59.129866418972675,57.42419719534846,57.7274284362793,506409
2015-07-28,58.1443626342649,58.826631437057785,56.55240595018451,56.8935432434082,528560
2015-07-29,57.19677643074063,57.61372013995239,54.73303181949266,55.07416915893555,718870
2015-07-30,55.41530398175027,57.04516705431908,54.84674749948131,55.0362663269043,531662
2015-07-31,55.33948955645072,56.70402722883882,55.18787683003195,55.37739562988281,652784
2015-08-03,55.60481112712915,56.09756113163794,55.0362547643085,55.149967193603516,320060
2015-08-04,55.453210204466814,56.02176668820983,54.61932851837485,54.92255401611328,328068
2015-08-05,55.3394859812104,56.09756113163794,54.88464204768476,55.149967193603516,337704
2015-08-06,55.33950249403811,60.45651128629506,54.88465842479094,58.295997619628906,2131402
2015-08-07,58.56131001109794,58.90244154236083,57.500003559667455,57.7274284362793,588184
2015-08-10,57.80323787035423,61.366189235458265,57.80323787035423,59.62261962890625,1766574
2015-08-11,60.115377471164535,61.40410325061634,58.18228301833091,58.523414611816406,907495
2015-08-12,58.37179894798101,58.90244935222768,56.173379389312935,56.62822341918945,341337
2015-08-13,57.00725793385844,57.99275809734073,55.64272591940831,55.94595718383789,378216
2015-08-14,56.0217606111005,57.53791106994676,56.0217606111005,56.362892150878906,237217
2015-08-17,56.55241012573243,57.61371658803243,55.94595342131451,56.55241012573242,254181
2015-08-18,56.59031505870116,58.75082823044461,56.59031505870116,57.68952178955078,366137
2015-08-19,57.72743131947738,58.22018138764354,55.945955642558324,56.211280822753906,379653
2015-08-20,56.21128336012928,56.85564619359224,55.33949562842978,55.64272689819336,290691
2015-08-21,54.9604516360382,55.529008032273076,54.20237644105836,55.112064361572266,219373
2015-08-24,53.14106902257575,54.12656907117453,49.46440555206506,50.942649841308594,585249
2015-08-25,51.587013695681776,52.04185760624459,48.630519601542304,51.132164001464844,348909
2015-08-26,51.09427571999064,52.23138865537476,49.42650661123399,51.170082092285156,188051
2015-08-27,51.62492108978736,53.29269003637297,51.39750199501767,52.30718994140625,216735
2015-08-28,53.14107811788516,54.429809616136275,52.30719643293186,52.72414016723633,426505
2015-08-31,53.62440471846618,53.62440471846618,51.863019162020215,52.215293884277344,326070
2015-09-01,52.137012287762694,52.60671391741132,51.27589163797685,51.902164459228516,256093
2015-09-02,51.902157856456625,52.33271514028576,51.04103134363937,51.119319915771484,304799
2015-09-03,51.5890308851965,51.66731349901222,50.962758029509565,51.08018493652344,160709
2015-09-04,51.43245163031881,51.43245163031881,49.631927904208965,50.14077377319336,242803
2015-09-07,50.17991204327113,50.297338931791245,48.18367584245801,48.535953521728516,156625
2015-09-08,48.88823438309123,49.240512085291186,47.63569177374583,48.22282028198242,420961
2015-09-09,48.84908828113164,51.19760208337278,48.61423451187574,50.6104736328125,314589
2015-09-10,49.94506072998047,50.2190558048975,48.6142356145986,49.94506072998047,95188
2015-09-11,50.49304831617232,52.33271632387352,50.49304831617232,51.471595764160156,362130
2015-09-14,52.41099569727136,53.07641269898463,51.66730207163559,52.684993743896484,153713
2015-09-15,52.80242342747993,53.03727722859438,51.27589163797685,51.902164459228516,77251
2015-09-16,52.137002012292726,52.84155730419784,50.493043646233495,50.923606872558594,166035
2015-09-18,51.47159669967914,52.29357895996067,51.08017771336979,51.58902359008789,116226
2015-09-21,51.236738381160265,52.95898535194114,51.08017318953438,52.60670471191406,170055
2015-09-22,52.489284827351305,52.841559501663994,51.15845678228031,51.393310546875,99329
2015-09-23,50.610476647522916,51.58902412341245,50.258195972654796,51.19760513305664,118576
2015-09-24,51.27588153222161,51.82386566338166,50.76703571181352,50.923606872558594,116022
2015-09-28,51.041029879620694,53.467832204199844,50.88446468500626,51.82386779785156,320204
2015-09-29,51.275893301334015,52.37186778778702,50.53219952798044,51.86302185058594,247899
2015-09-30,51.941295164264524,55.26835634775837,51.8630125662276,54.837799072265625,940259
2015-10-01,57.85172980652041,57.93001241256192,54.99436989165507,55.50321578979492,1850671
2015-10-05,55.738063539617514,56.28605372639662,54.95522553500165,55.933773040771484,317047
2015-10-06,56.129472489710956,56.52089142191976,55.307496315619815,55.65977096557617,173961
2015-10-07,55.85549369833477,56.129485821443055,54.9552287459101,55.19008255004883,287049
2015-10-08,55.50321465455869,57.06889063368542,54.95522447831641,56.716609954833984,573707
2015-10-09,57.77345546671184,58.43886667214184,55.581506348445046,56.01206970214844,571596
2015-10-12,56.40348391713168,56.63833174869007,54.87694613539064,55.19008255004883,288984
2015-10-13,55.346642874316764,55.73806186486379,53.85925548830194,54.36809539794922,374251
2015-10-14,54.133246438749445,55.22922078354632,53.85925434569515,54.01581954956055,454108
2015-10-15,54.64208531483175,54.955215682475206,54.17237781820873,54.328948974609375,276398
2015-10-16,54.48552113373644,54.48552113373644,53.85925434569515,54.01581954956055,201978
2015-10-19,54.485519184113436,54.485519184113436,54.01581761674459,54.25067138671875,125747
2015-10-20,54.48552207657116,55.22922173925025,53.97667619633384,54.13324737548828,329381
2015-10-21,54.05496498357545,55.033512459943,53.820111200215315,54.36809539794922,312830
2015-10-23,54.798655295962355,55.26835686112614,54.09409996192695,54.446380615234375,484583
2015-10-26,57.22545478559548,60.86565256434561,56.9906069766121,59.10426712036133,7278241
2015-10-27,59.10426418383236,59.613110036884564,56.83403297430834,57.18631362915039,1606026
2015-10-28,57.6168724531049,59.92624801030052,56.99060567091766,58.47799301147461,1591981
2015-10-29,58.712848799447336,59.104267791443654,57.53859182345839,57.812583923339844,626561
2015-10-30,58.39971406613987,58.51714096158212,56.36433644460084,56.638328552246094,509673
2015-11-02,56.99060061128159,57.53858474361774,55.65977261869808,56.090335845947266,362047
2015-11-03,56.48175624195399,57.30373246159161,55.58149145347343,55.81634521484375,358835
2015-11-04,56.520902099116775,56.990609684561555,55.34664508066493,55.542354583740234,901233
2015-11-05,55.738064641780745,55.89463582934795,55.072653519215436,55.150936126708984,363328
2015-11-06,55.15093970347771,55.42493780634521,54.094109502324706,54.2115364074707,517874
2015-11-09,53.82011098975918,54.602948967792045,52.76328091393078,54.13324737548828,391853
2015-11-10,54.13324553686772,55.34664077805815,53.23298069819122,53.46783447265625,413385
2015-11-13,54.21153078666975,54.25067507518666,53.31126590399969,53.546119689941406,218141
2015-11-16,53.624401495250964,54.48552207657116,53.232982506234535,54.13324737548828,167132
2015-11-17,54.681233656076934,55.50321595338557,54.40724154783406,54.60295104980469,286338
2015-11-18,54.720376472578025,56.520900258694525,54.44638437171028,54.8769416809082,547050
2015-11-19,55.58149800690892,56.09034390148816,54.798660006811616,54.99436950683594,337191
2015-11-20,55.22922010495819,57.06888810438169,54.99436632946599,55.738059997558594,411793
2015-11-23,55.9729089682812,56.71660257253442,55.58149002444707,56.090335845947266,290064
2015-11-24,56.129479945126235,58.477993850321134,55.85548785070277,57.46030807495117,672577
2015-11-26,57.930008193193856,58.51713665461136,57.14717024463719,57.73429870605469,341317
2015-11-27,58.16486994066707,58.321435162810246,57.18632237082126,57.538597106933594,299775
2015-11-30,57.53858040496783,57.92999931928734,57.14716149064832,57.382015228271484,112277
2015-12-01,57.616880877262595,59.104274407870804,56.44262376982145,58.595428466796875,879164
2015-12-02,59.104261174643554,59.96538166611591,58.28227899444135,58.634559631347656,748681
2015-12-03,58.20400451440394,59.26083462731285,57.851729800960975,58.24314880371094,456058
2015-12-04,58.12571603746742,58.1648603228207,57.02974174594879,57.303733825683594,308989
2015-12-07,57.538584247723826,58.39970472222157,56.59918117964975,56.91231155395508,294835
2015-12-08,56.67747488964416,57.26460341549148,55.620644737635025,55.97291946411133,206761
2015-12-09,55.97291219516155,55.97291219516155,53.70268099552722,54.446380615234375,354187
2015-12-10,54.798660006811616,55.34664421784775,54.21153150673863,54.99436950683594,163869
2015-12-11,55.268361612354006,56.05119961245131,54.0158220067143,54.99436950683594,244257
2015-12-14,54.87693333623229,55.738053796264616,54.21152234314272,55.46406173706055,257782
2015-12-15,55.46406149947177,56.638318296098184,55.22921372369384,55.65977096557617,239414
2015-12-16,56.05119085420952,56.207762013312035,55.62063360498042,55.777198791503906,205495
2015-12-17,55.97292269600762,57.068897202053954,55.777213176091514,56.364341735839844,178517
2015-12-18,56.32518846370947,56.834034328889494,55.22922010495819,55.738059997558594,159453
2015-12-21,55.89463565220831,56.2469103711029,55.581499250646395,56.05120086669922,120676
2015-12-22,56.051200318749565,56.912320935191545,55.738063920248834,56.44261932373047,185092
2015-12-23,56.71660088942222,56.99059892003827,56.36432623945718,56.560035705566406,129895
2015-12-24,56.71660617114869,57.147169425716704,55.97291251970883,56.286048889160156,181166
2015-12-28,56.36434005263593,56.912324303004404,56.05120363560521,56.40348434448242,137049
2015-12-29,56.40347219553039,56.834029450200475,55.894626374030196,56.090335845947266,146764
2015-12-30,56.286048889160156,56.63832357193073,55.894629920490864,56.286048889160156,140090
2015-12-31,56.286053150898944,58.7128497458793,56.05119936288345,57.93001174926758,504831
2016-01-01,58.32143145247883,59.73054225244321,57.85172984335071,59.37826156616211,692679
2016-01-04,61.061365521219884,67.71548868699385,60.39595439915851,66.3846664428711,6107626
2016-01-05,67.01093250449223,67.48063411627768,63.44902314025418,65.36697387695312,2688599
2016-01-06,65.6409625402112,66.38466219469512,63.91872139654901,64.27099609375,854335
2016-01-07,63.09673581001771,63.40987217577197,61.21792358807155,61.84419631958008,895741
2016-01-08,62.274767267110626,64.19271803899991,61.961630862648256,62.97931671142578,729950
2016-01-11,62.000758371918735,64.34927203710625,61.139637889199136,63.057594299316406,666732
2016-01-12,64.1144225670187,65.56267142792575,63.68385935069926,63.95785140991211,1552994
2016-01-13,64.54499216914637,65.60182827108602,59.49568934410623,62.23562240600586,1314712
2016-01-14,61.765922094017235,61.765922094017235,59.61311749992816,60.552520751953125,736493
2016-01-15,60.5916575214118,61.76591442697179,58.39970890866801,59.2216911315918,525203
2016-01-18,58.79114143602218,59.10427787757184,55.38579681904911,56.01206970214844,544346
2016-01-19,56.99061222189202,58.712853536600164,55.89463776135942,57.225460052490234,321042
2016-01-20,56.28604936945225,57.0297430272381,54.79865608130103,56.32518768310547,401582
2016-01-21,57.34288390838056,58.00829501860344,54.95522560234431,55.50321578979492,348670
2016-01-22,55.19007426236209,55.81634699763343,53.820107879963025,54.446380615234375,735135
2016-01-25,54.407237488882885,55.85548650090558,54.17238371500696,54.79865646362305,303197
2016-01-27,55.07264737792628,55.346639459890206,54.21152684636276,54.446380615234375,296642
2016-01-28,55.894624470864855,56.207760809785945,54.798650270930466,54.95521545410156,327515
2016-01-29,54.79866316839532,55.542356922362856,53.93754251312232,54.681236267089844,343050
2016-02-01,54.876940530165335,55.111794310315695,54.211529449845635,54.52466583251953,226843
2016-02-02,54.40723784882655,55.0726489157711,53.38954611873751,53.70268249511719,237986
2016-02-03,53.42869172363036,54.40723919109612,52.058725269178304,52.72413635253906,292668
2016-02-04,52.91984638193291,53.389547976557026,51.74558940908272,52.33271789550781,315135
2016-02-05,52.37185717159689,52.84155872127011,51.863011337542886,52.41099548339844,191654
2016-02-08,52.37185357917149,52.6849899150006,51.471588853379885,51.784725189208984,281013
2016-02-09,51.471595384328815,51.471595384328815,50.33648274207127,50.53219223022461,343675
2016-02-10,49.98419808801208,51.0410280451237,49.98419808801208,50.2581901550293,143253
2016-02-11,50.10162791036255,50.10162791036255,47.40083643356162,47.79225540161133,466783
2016-02-12,47.90968032979131,48.14453110377129,45.01317948726584,46.109153747558594,519536
2016-02-15,46.97027358858237,48.222813023095405,46.65713723680933,47.71397018432617,262203
2016-02-16,48.301103002819545,48.301103002819545,45.991730410482056,46.304866790771484,202645
2016-02-17,46.4222897521528,46.85285002660101,45.482883616626836,46.18743896484375,218900
2016-02-18,46.50057759397663,47.67483457376099,45.99173170822077,46.34400939941406,285093
2016-02-19,46.030874187783645,48.88823410620105,46.030874187783645,48.41852951049805,540249
2016-02-22,48.14453724452427,50.49305125645229,48.14453724452427,49.31879425048828,459227
2016-02-23,49.59278465951096,49.63192894740162,47.63568971657383,47.753116607666016,249838
2016-02-24,47.75311065185974,47.831393245297804,46.539712535832685,47.283409118652344,168133
2016-02-25,47.244273860649145,48.222821397003024,47.16599125225687,47.43998336791992,131842
2016-02-26,47.713970677915576,48.18367222414452,46.38314564854743,47.32255172729492,163389
2016-02-29,47.90968121837273,50.02334419597397,47.283411480714136,49.47535705566406,837766
2016-03-01,50.06248840671357,50.06248840671357,48.69252196939461,49.357933044433594,159658
2016-03-02,49.553637845718065,51.119316612196435,49.553637845718065,50.2581901550293,261047
2016-03-03,50.88447300989362,52.058730079352706,50.88447300989362,51.23674774169922,297874
2016-03-04,51.236740916873366,51.90215794566302,50.02334569027359,50.21905517578125,184902
2016-03-08,50.29733897630564,50.845323159778275,49.514501015584926,50.14077377319336,186005
2016-03-09,50.10163089737354,50.649615096281636,49.1622247207898,50.297340393066406,299757
2016-03-10,50.140768512995535,52.998121991801455,49.984197353729265,51.745582580566406,551374
2016-03-11,51.70644475854671,52.058719418209726,49.94505652878391,50.923606872558594,365739
2016-03-14,51.51073967099132,51.58902227173674,50.17991156800084,50.53219223022461,326529
2016-03-15,50.6887561542427,52.84156046967386,50.29733718780067,51.510738372802734,498082
2016-03-16,51.62816243890015,51.62816243890015,50.57133235945541,51.19760513305664,258757
2016-03-17,51.3541728579598,51.432455465353044,49.710214212381324,50.57133483886719,182226
2016-03-18,50.8061872176314,50.88446982284286,50.101631825568354,50.41476821899414,155170
2016-03-21,50.571329571644505,51.35416750920117,50.17991060286617,50.84532165527344,181998
2016-03-22,51.00189471298447,51.00189471298447,49.94506166641498,50.0624885559082,222951
2016-03-23,50.25819348933507,50.49304726097607,49.94506010429667,50.21905517578125,196870
2016-03-28,50.25819746622749,50.33648604468908,48.61423885239388,49.31879425048828,183811
2016-03-29,49.39707016309472,50.02334287044792,49.00565121414376,49.436214447021484,451741
2016-03-30,50.1407750536119,51.823871934078056,49.74935307696618,51.19760513305664,461446
2016-03-31,51.5107416553941,51.66730686291646,50.17991350113472,50.297340393066406,456786
2016-04-01,50.414770988191,52.137012287762694,50.179917187076555,51.902164459228516,259442
2016-04-04,51.902160914575774,55.11179546598333,51.902160914575774,54.8769416809082,1315491
2016-04-05,54.485519701263684,55.42492881749725,53.50697227138259,53.8592529296875,756552
2016-04-06,54.015823462144944,55.34664570913675,52.64585692506155,54.72037887573242,424780
2016-04-07,54.99436830563995,57.06889015510176,54.25067461082337,55.07265090942383,862641
2016-04-08,55.11179373540658,56.36433328045634,54.60294786544208,55.346641540527344,523503
2016-04-11,55.581493551039536,57.38202319595007,55.42492835260361,56.286048889160156,732717
2016-04-12,56.599177853780006,58.164853523620906,56.599177853780006,56.990596771240234,662560
2016-04-13,57.46029827767676,58.32141870157352,56.56003357300251,56.990596771240234,587319
2016-04-18,57.30372880962341,57.30372880962341,56.129472022765725,56.951454162597656,193642
2016-04-20,57.26460455962244,59.965393443449045,56.286056996992464,59.33912658691406,1251766
2016-04-21,59.691391560171326,60.200237404052594,57.93000623544496,58.39970779418945,461869
2016-04-22,58.55627197123001,58.71283714792636,57.02973462183674,57.382015228271484,376839
2016-04-25,57.53858658982708,58.908552937203915,57.147167633433696,58.086570739746094,642277
2016-04-26,58.12571784271592,58.71284630577366,57.773443153913114,58.4388542175293,286865
2016-04-27,58.712847202006834,59.92624843321351,58.63456460025343,58.986839294433594,730552
2016-04-28,59.10426874418516,59.84796245193433,57.69515796125209,57.93001174926758,523057
2016-04-29,57.57773180882937,58.712844411758276,57.30373375684432,58.20399856567383,338123
2016-05-02,58.32141841080248,62.039898108135525,58.08656467246577,60.94392395019531,2300682
2016-05-03,61.21792273214609,62.54875077484973,60.043665856420176,60.39594650268555,1183853
2016-05-04,60.55251213682087,62.43132434614228,59.96538369469415,60.90479278564453,1534010
2016-05-05,61.06135081936367,62.97930111632503,60.43507816551821,60.94392395019531,1213224
2016-05-06,61.061362339375584,61.25707183405307,60.082814865988155,60.51337814331055,443094
2016-05-09,60.90480417508434,61.21793462471173,59.57397587384596,60.20024871826172,413650
2016-05-10,60.51338105675918,62.274766593659386,60.082817758707094,61.53106689453125,756372
2016-05-11,61.06136656290114,62.94017903627568,60.66994754647229,62.15734100341797,1480788
2016-05-12,62.353042249260994,64.66241175114571,62.31389796377302,63.879573822021484,1680648
2016-05-13,64.31013860787466,66.22808919100022,64.07528483449703,65.21040344238281,2490182
2016-05-16,65.68011522011561,66.81522803176422,65.17126928046673,65.71925354003906,1497719
2016-05-17,65.83665724748447,66.73692190464342,65.24952890228232,65.48438262939453,920036
2016-05-18,65.01468180859736,65.68009274540775,63.996990277537854,64.89725494384766,750094
2016-05-19,65.24953751965316,65.83666594239612,63.409869656241014,63.80128860473633,706886
2016-05-20,64.03614793526825,64.07528624997607,60.94393438952442,61.29621505737305,835852
2016-05-23,61.76591229619457,62.47046760974098,60.43508426558929,61.68762969970703,433986
2016-05-24,61.844208101909175,64.62328566514111,61.570215969391505,62.35305404663086,1088773
2016-05-25,57.930018279426896,59.29998492792686,55.73806925279472,57.57774353027344,2939864
2016-05-26,57.81258433473867,58.32143022247084,56.52090045744314,56.716609954833984,651497
2016-05-27,57.1471760408969,58.00829667713411,56.67747441863844,57.06889343261719,507755
2016-05-30,57.26460555397303,57.81258980952895,56.87318652212438,57.147178649902344,354108
2016-05-31,57.342874055124746,57.460300930299496,55.97290778077023,56.168617248535156,371965
2016-06-01,56.56004307187837,57.695155734116014,55.69892250336225,56.75575256347656,452072
2016-06-02,56.755755175036285,57.73430267805415,56.36433617382914,56.83403778076172,365722
2016-06-03,57.10803378716929,58.438862065707816,56.990612856852096,57.538597106933594,544271
2016-06-06,57.538597681750986,58.321435745448284,56.91232484176098,57.147178649902344,278939
2016-06-07,57.382025472627284,58.086574866121985,57.18631598052771,57.46030807495117,202139
2016-06-08,57.81257328485228,61.25706097509205,57.3037274943773,60.35679626464844,1027509
2016-06-09,61.17879630479855,62.11819959884171,59.80882968364699,60.20024871826172,717400
2016-06-10,60.552516862471286,60.9047975387877,59.10426778671671,59.41740417480469,359002
2016-06-13,59.06511689079424,59.33911493258109,58.243140683171205,58.634559631347656,288567
2016-06-14,59.221693483065266,59.96538716375078,58.36057291264526,59.49568557739258,398533
2016-06-15,59.652252527045206,59.808823708798066,58.7128493268476,59.02598571777344,442046
2016-06-16,59.10426311859587,59.29997259912102,58.12571571597011,58.39970779418945,234034
2016-06-17,58.75198774367828,59.18254501216342,58.008288142983275,58.086570739746094,226556
2016-06-20,57.93000835503001,59.41740165595886,57.93000835503001,58.4388542175293,480462
2016-06-21,58.791123627464984,59.41739632085858,58.556275846876666,58.71284103393555,239259
2016-06-22,58.75199042821019,59.3391188896277,57.3037354453167,57.73429870605469,279142
2016-06-23,57.616873544804385,58.08657513348942,56.95146246311894,57.26459884643555,257506
2016-06-24,55.542344568930986,56.12947297229211,53.3112578306745,55.26835250854492,916375
2016-06-27,55.15093102007761,56.56004171480704,55.15093102007761,56.129478454589844,515980
2016-06-28,56.32519629398801,57.77345148989235,56.28605797435141,57.147178649902344,368479
2016-06-29,57.538590257966696,59.691394655373614,57.46030765621329,58.986839294433594,764323
2016-06-30,59.49569247606721,64.11443821806746,59.18255605799288,61.4919319152832,4886283
2016-07-01,61.84420741982247,62.82275500557915,61.06136935121712,61.33536148071289,1244399
2016-07-04,61.49192386914611,61.76591595939199,60.709085912683804,60.98307800292969,814691
2016-07-05,60.74822513187437,60.904796309046915,59.104266593330784,59.49568557739258,767488
2016-07-07,59.80882284393343,60.98307981349006,58.90855797275739,60.043670654296875,846850
2016-07-08,60.04366425262501,60.200235415420636,58.90855169210776,59.06511688232422,373573
2016-07-11,59.652247901591544,60.27852063488183,59.45653841901076,59.61310958862305,395619
2016-07-12,59.8871021525907,60.43508631920353,59.18254681510315,59.65224838256836,511653
2016-07-13,60.00452473119793,60.00452473119793,58.556275846876666,58.71284103393555,343303
2016-07-14,58.90854882517495,59.29996775424588,58.360564713507195,58.751983642578125,504166
2016-07-15,59.0259807764702,59.808818701960305,58.008289084301296,58.20399856567383,585164
2016-07-18,58.399715608995,58.9085615209679,57.38202975762937,57.49945068359375,282434
2016-07-19,57.46030524917059,57.93000681259466,56.990603685746514,57.10802459716797,249809
2016-07-20,57.147178649902344,57.538597681750986,56.95146913397802,57.147178649902344,379112
2016-07-21,57.30374125745633,58.00829667713411,56.91232224347758,57.06889343261719,448283
2016-07-22,58.55628453558893,58.59542285187156,57.53859275096172,57.93001174926758,682951
2016-07-25,58.20400943098316,58.947709182577526,57.734307782522805,58.595428466796875,425541
2016-07-26,58.79112969646828,59.104266075490116,57.577734440055686,57.85172653198242,494913
2016-07-27,58.0865813570151,58.24315255173865,57.34288759296443,57.538597106933594,420413
2016-07-28,58.08657124249603,58.32142500739648,57.53858708783411,57.695152282714844,545360
2016-07-29,55.3075090923322,55.89463762627929,54.133252024438015,54.681236267089844,1652054
2016-08-01,54.95522388376975,55.503214054083465,53.89839380380875,54.36809539794922,433035
2016-08-02,54.48552207657116,55.22922173925025,54.015820484267394,54.13324737548828,418047
2016-08-03,54.094100821256916,54.13324510755051,52.33271544447705,52.958988189697266,378108
2016-08-04,52.91984837019931,53.85925756732216,52.84156576358408,53.27212905883789,289701
2016-08-05,53.54612349049092,55.1117995810165,53.54612349049092,54.681236267089844,365335
2016-08-08,55.190069915945905,55.777198319307026,55.07264304075788,55.26835250854492,267557
2016-08-09,55.503214189104895,56.325190487705356,54.720376206106465,55.07265090942383,537018
2016-08-10,55.11179115168453,55.73805790855927,54.681227903612395,54.837799072265625,252030
2016-08-11,54.52465820852606,56.012051338815276,54.48551392644784,55.424922943115234,265205
2016-08-12,55.503212716520856,56.32518899331305,55.1509320499702,55.346641540527344,249464
2016-08-16,55.38578197652458,56.32518507684736,55.19007249957573,55.81634521484375,300188
2016-08-17,55.81634259558987,56.755745651829955,55.81634259558987,56.168617248535156,283897
2016-08-18,56.32518794149229,56.99060497502425,56.051195854344776,56.129478454589844,209318
2016-08-19,56.16862248333356,56.7557509413475,56.051195597214864,56.32518768310547,352475
2016-08-22,56.677471235582466,58.16486459968443,56.12948106323972,57.812583923339844,768820
2016-08-23,58.1648538963713,62.07904309605769,58.08656533431458,60.35679626464844,4060882
2016-08-24,60.669942627344895,61.452780596729994,60.39595053257606,60.63079833984375,966762
2016-08-25,60.6699402963773,61.061359266031346,59.61311027282727,59.926246643066406,619408
2016-08-26,60.20024929962519,60.43509713911371,58.71285575920912,59.80883026123047,492935
2016-08-29,60.00453226263312,61.374498725375524,59.61311327327815,60.51337814331055,490994
2016-08-30,60.552509797123804,61.4527745681152,59.92624306660132,60.16109085083008,470347
2016-08-31,60.161097870506275,60.63079946634832,58.98684089461124,59.41740417480469,711341
2016-09-01,59.45771504865376,59.98175037756085,58.57088934250805,58.73212814331055,449105
2016-09-02,58.44994842233202,59.25615460746763,58.12746471810476,58.20808410644531,370334
2016-09-06,58.57088333550712,59.37708955856747,57.321261229417445,58.449951171875,426711
2016-09-07,58.49027611964455,58.853066535199815,57.92592795549937,58.127479553222656,382945
2016-09-08,58.208085270061645,62.40036120709211,58.167778650518144,61.271671295166016,1664652
2016-09-09,61.473225367109116,61.95694787752968,59.780193505204444,60.263916015625,762572
2016-09-12,58.65150887513117,61.11044057354148,58.53057669882368,59.215850830078125,440172
2016-09-14,59.61894416343633,61.755391756733374,58.28870889576806,60.586395263671875,1189205
2016-09-15,60.707326038226796,61.59415158010786,59.82049434548088,60.46546173095703,493481
2016-09-16,60.747639873395386,61.23136239454465,59.33677893203845,59.61894989013672,747080
2016-09-19,59.901124779549434,60.50577944629779,59.05460578575561,59.33677673339844,409966
2016-09-20,59.90112795068952,60.142986139673525,59.25616047833417,59.659263610839844,414057
2016-09-21,59.820503089615855,61.553847809444235,59.215848383922165,60.10268020629883,944473
2016-09-22,60.66701713113389,63.20656791563347,60.263914027272534,62.11819076538086,2826700
2016-09-23,62.72285133376891,62.96470952836545,61.35229696092528,61.91664505004883,1001809
2016-09-26,61.553845476451464,62.23911955342481,60.42515550509599,60.707332611083984,651291
2016-09-27,61.35229553719055,61.35229553719055,59.17554108200617,59.659263610839844,750032
2016-09-28,59.37709773200776,62.077887720858904,59.37709773200776,61.15074920654297,1015054
2016-09-29,61.513530548231564,66.0282836731328,59.094912143727534,59.86080551147461,4876130
2016-09-30,60.465465924739725,62.64222023768425,60.10267558953739,61.43291091918945,2931112
2016-10-03,61.75540788339276,68.52754275004068,61.432924099101605,67.7213363647461,6591568
2016-10-04,68.20505195002382,70.94615460824275,67.35853902305868,69.53529357910156,5882254
2016-10-05,69.3337382891156,73.36476958499442,69.1724994976267,71.67173767089844,6185797
2016-10-06,72.23608428643412,73.64694533168036,69.13219121706561,70.46243286132812,4814441
2016-10-07,70.86553892861306,75.38029322871583,70.38181635197103,74.29191589355469,6107467
2016-10-10,75.05780079507082,76.14617800457633,73.36476889685497,74.25159454345703,2932261
2016-10-13,73.60662981187144,73.9291073768376,68.60814759364737,71.1880111694336,2832557
2016-10-14,71.34925517605684,72.35701301752657,69.9787069720043,71.9135971069336,2009502
2016-10-17,71.99422307352476,75.21904818497732,71.7523587298195,72.76011657714844,3569783
2016-10-18,73.24382614817719,75.38027363649682,72.96165523104773,73.80817413330078,2566999
2016-10-19,74.25159221655849,78.00045239925385,73.2438344336224,77.39579772949219,5912315
2016-10-20,78.04076601525077,79.20976259575802,76.95238267721213,77.55703735351562,3738023
2016-10-21,78.0810779807869,80.13690648127726,77.39580386424541,78.92759704589844,4359256
2016-10-24,79.41129970324018,82.55550467800833,78.6050936148824,79.37098693847656,7042801
2016-10-25,77.15393581909356,77.15393581909356,73.84849141765014,74.25159454345703,4932899
2016-10-26,73.84849677542681,78.48418305852944,72.92135828863309,77.47642517089844,5622852
2016-10-27,77.7988981893064,79.57254936643675,75.90431485217508,77.03300476074219,3163479
2016-10-28,76.99268071791596,77.6779546564366,76.22678740148659,76.62989044189453,1059609
2016-11-01,78.48417974468903,86.02220719571733,78.12138938080639,83.20048522949219,8193114
2016-11-02,82.19273069811786,82.19273069811786,77.87952817745453,78.36325073242188,4271358
2016-11-03,79.33069577560939,80.37876020408466,75.50121611005225,75.94462585449219,6742920
2016-11-04,76.3477329158617,76.83146160873731,71.83297893899405,73.687255859375,2800711
2016-11-07,75.29966651271464,75.70276964591882,74.00973771663439,74.37252807617188,1122283
2016-11-08,74.8965592997775,76.7508299209923,74.2919046329077,74.77562713623047,1340351
2016-11-09,64.49649746857543,73.16321431591524,61.87632725891454,72.15545654296875,2594998
2016-11-10,74.17097021665032,76.02524693241264,72.55855782063618,72.84072875976562,1265719
2016-11-11,73.36478089603106,73.40509367555134,68.6887814115418,70.34150695800781,1584363
2016-11-15,70.66397778692429,70.86552934584257,66.18953071859215,67.1972885131836,1012040
2016-11-16,68.28566383681138,69.6965247107196,66.71356418051691,67.88256072998047,970184
2016-11-17,67.88257247589743,68.56785279677824,66.67326294615437,67.4794692993164,473191
2016-11-18,66.99574609539532,68.12443620951316,66.14923312295664,66.43140411376953,477529
2016-11-21,67.03605168858819,67.03605168858819,64.69805230652807,65.62519073486328,807082
2016-11-22,65.98799156730031,67.27792055674773,64.73837535756267,65.10116577148438,496361
2016-11-23,65.54457473442805,67.31822613635696,64.77867505792598,66.91512298583984,758033
2016-11-24,66.18953297680902,67.92287767281664,65.6251910529301,66.59263610839844,631472
2016-11-25,67.39884445141001,68.76939883162679,66.632950938102,68.52753448486328,643487
2016-11-28,68.48722265495572,69.73684487903037,67.92288070587641,68.5678482055664,495348
2016-11-29,68.56783740010802,70.34148851845077,68.56783740010802,69.1321792602539,505967
2016-11-30,69.41434948203693,72.76010629241513,69.41434948203693,72.3973159790039,1176377
2016-12-01,73.08259126916155,74.81593578211255,72.55855602326497,73.5260009765625,1337721
2016-12-02,72.67950144330571,73.12291123162377,70.70429225614517,71.4701919555664,696468
2016-12-05,72.11514155378,72.55855742058519,70.70428071504641,71.87328338623047,684934
2016-12-06,72.07484381694636,74.00974015012015,72.07484381694636,72.88105010986328,840569
2016-12-07,73.12290609438007,73.56632200241212,71.30894199021101,71.83297729492188,502481
2016-12-08,73.40507368388499,74.3725186202249,72.19576443802768,72.3973159790039,632232
2016-12-09,72.88106189081782,73.52602333888747,72.27640707338992,72.47795867919922,405931
2016-12-12,72.39732086882204,73.28414647884189,71.83297282545281,72.15545654296875,265518
2016-12-13,72.15545659206863,72.96166281097442,70.34149259953058,71.26863098144531,627716
2016-12-14,71.4701861061045,72.15546019623078,70.4624282821348,71.67173767089844,529248
2016-12-15,71.30894470214844,72.71980572571391,70.70428997776324,71.30894470214844,401605
2016-12-16,71.55080548018691,71.75235704491983,70.46242826080227,70.90583801269531,323346
2016-12-19,71.34925517236647,78.12138909686591,70.98646480980241,77.07331848144531,5955290
2016-12-20,78.52448395394126,79.3306901420703,74.73531117921573,75.3399658203125,3330107
2016-12-21,76.10587500745163,78.40356170381705,74.33221747890231,75.42060089111328,2244712
2016-12-22,75.46090314881353,75.78338687633273,72.39732311454492,73.20352935791016,1125671
2016-12-23,73.44539179006058,76.02525560862344,72.63918550004705,75.42060089111328,1716017
2016-12-26,75.82369496485758,75.98493374322393,71.38956090026626,71.87328338623047,1082372
2016-12-27,72.55856448656893,73.84849329171256,72.11514857658248,73.56632232666016,724004
2016-12-28,74.00974028861093,76.91208171836969,73.9694275135433,75.501220703125,1788637
2016-12-29,75.5415230161954,79.0082123447287,75.0174938754177,78.5647964477539,1870528
2016-12-30,79.20976801731365,81.22528374294505,78.48418112591318,78.92759704589844,2593949
2017-01-02,79.41131187207772,80.45938240789286,77.63766066624544,79.81441497802734,1402286
2017-01-03,80.09659439158285,81.22528443776467,78.76635277111377,80.74156188964844,2490532
2017-01-04,81.22527092716552,83.3617184894178,79.97564891409395,82.71675109863281,4130421
2017-01-05,83.40203750740837,86.26407227210973,81.58807337084531,85.01445007324219,4995318
2017-01-06,85.45786303164493,85.78034676382426,81.95086705250054,83.68421173095703,3713083
2017-01-09,83.76482998276144,87.47337747503211,82.63614001097503,87.07027435302734,3898090
2017-01-10,87.39275185289519,93.03619515879052,86.34468135002574,90.6175765991211,7539267
2017-01-11,91.18192640675241,94.56799637556608,89.52920727096145,93.23775482177734,5118681
2017-01-12,93.51991622002569,94.04395146350055,90.416023679103,91.38346862792969,2301235
2017-01-13,91.423789814632,93.84240856025261,89.89199671223251,93.19744110107422,3544345
2017-01-16,92.71370702785731,94.89046116729588,92.31060395382315,94.48735809326172,2719706
2017-01-17,94.52768624423787,95.77730843745044,91.98813523436877,94.36644744873047,2268469
2017-01-18,94.72923533121745,97.26878627452534,94.16489341086708,96.7447509765625,2939178
2017-01-19,96.78506688705592,97.95406353890225,95.53544468608985,96.30133819580078,2284555
2017-01-20,96.2610245337895,97.79281759207707,92.4718515842502,93.72147369384766,2347111
2017-01-23,94.08425582671985,95.45480998071785,90.81912458953852,92.87494659423828,1022912
2017-01-24,85.45787256185469,89.77107527702032,82.39428599080017,89.12611389160156,7999435
2017-01-25,89.60981750492935,90.89974615365523,87.4733699128301,88.72299194335938,1574797
2017-01-27,88.84393503848052,89.48890256233935,87.55400614162905,88.15866088867188,919953
2017-01-30,87.87648448061486,89.73076138413012,87.5943135129145,88.44082641601562,1054599
2017-01-31,88.52145760049333,88.96486739200533,86.94935156458851,87.27183532714844,804188
2017-02-01,87.55399235026628,90.89974932039165,86.42530243673583,88.27957916259766,1842518
2017-02-02,88.36020254465181,89.65013129659295,86.94934162671437,88.7633056640625,995686
2017-02-03,89.12610448243316,89.8919979689072,87.43306641613793,88.92455291748047,1245503
2017-02-06,89.8113872854116,89.8113872854116,87.75555866311845,88.198974609375,743588
2017-02-07,88.52146427887975,89.89201268457595,87.51370628914235,87.99742889404297,789231
2017-02-08,88.11835520574641,89.48890352003103,87.55400707861386,88.198974609375,771971
2017-02-09,88.68268453663794,88.96485548453599,87.15089148265021,87.6749267578125,573263
2017-02-10,87.87648701695652,91.90751853149581,87.4733838655026,90.33541870117188,1516121
2017-02-13,90.6578890648354,91.74627240757309,89.52920525155487,90.41603088378906,853239
2017-02-14,89.89199785285554,90.29510098224054,88.44082412672329,89.04547882080078,493596
2017-02-15,88.68268907607995,89.04547943468128,86.8284122077793,87.35244750976562,647088
2017-02-16,87.47337386163264,90.01292465553051,86.78809981270534,89.20671844482422,652600
2017-02-17,88.11835147132412,93.88272162317014,88.11835147132412,92.9555892944336,2128135
2017-02-20,93.47961018467028,96.74474788617485,93.23775200547409,95.53543853759766,1921605
2017-02-21,95.89823213148308,95.89823213148308,94.00364865135106,94.97109985351562,541921
2017-02-22,95.25327987444157,95.69668966893536,93.51993502103365,94.32614135742188,640165
2017-02-23,94.32612698348653,94.6082979280504,92.31061144965135,93.60054016113281,491516
2017-02-27,93.72147501807727,93.84240718375756,91.94782375765124,93.07650756835938,403584
2017-02-28,93.07650964077054,97.79282115125541,91.54472267759881,96.66413116455078,1436783
2017-03-01,98.11530053646588,100.61454489257437,96.34164920393634,96.86568450927734,2170893
2017-03-02,97.22846393650407,98.07498288461966,93.23774581165065,94.0036392211914,802426
2017-03-03,93.43930091075995,97.55095134901653,92.83464625363796,96.94629669189453,706653
2017-03-06,96.94630125346937,97.59126871175967,95.17264996946936,95.73699188232422,438842
2017-03-07,95.97885406543934,96.46257657288118,93.51992260555068,94.5679931640625,683612
2017-03-08,94.93078117703902,95.89822616817868,93.51992031028898,94.40674591064453,878761
2017-03-09,94.32613245920795,95.05171932368268,92.79433933439812,93.31837463378906,397168
2017-03-10,93.5199258498061,94.40675150269149,90.77882334472487,91.58502960205078,501963
2017-03-14,93.51991766287986,96.42225870500313,92.43154054094178,95.8176040649414,994785
2017-03-15,96.2610300175353,99.96957763511648,95.2129594045628,99.48585510253906,1797286
2017-03-16,100.53391450781558,101.05794978794299,97.99436980180614,99.84864044189453,1769692
2017-03-17,99.8083430921329,100.29206564531246,97.67189515215168,98.19593048095703,440889
2017-03-20,96.9059843445389,103.2750208084274,96.9059843445389,101.21919250488281,1356236
2017-03-21,103.19440155632411,104.48433649647068,100.81609554330196,101.98509216308594,1054984
2017-03-22,101.90448233380256,102.791308075259,98.27655381349929,98.67965698242188,1094171
2017-03-23,99.16336731790332,101.09826352013307,98.39747385181042,99.88895416259766,638288
2017-03-24,100.09050663786314,100.93701950536295,98.15561041793204,99.16336822509766,634692
2017-03-27,99.4052298156916,101.4207453743969,97.71219182568686,100.57422637939453,743535
2017-03-28,101.17888330119565,102.83160855650162,99.56647081830808,101.62229919433594,947631
2017-03-29,101.62230559476808,102.38819911203142,100.05019963441815,100.61454772949219,591227
2017-03-30,101.21920244865773,102.18664753897623,100.13081903346705,100.61454772949219,856576
2017-03-31,101.82384746902149,106.2176688827631,101.4610509815593,105.6130142211914,2833164
2017-04-03,105.65333623455535,106.21767817437649,102.46881771451945,103.19440460205078,876322
2017-04-05,103.83936441882116,103.83936441882116,101.17888141140227,101.54167175292969,667792
2017-04-06,101.09827883560995,102.22696897046912,97.79283398777453,98.15562438964844,794607
2017-04-07,98.19592746227845,99.88895942179377,95.61606367318603,96.22071838378906,945661
2017-04-10,96.74474242386545,98.76025789102931,94.52767540998519,94.93077850341797,891367
2017-04-11,94.6083078302266,96.26103320130002,94.00365310678987,94.64862060546875,796699
2017-04-12,94.9307919674778,98.55872032292281,93.76179529106967,98.23623657226562,1896874
2017-04-13,98.51839913707522,98.76026346713682,95.01140325637446,95.53543853759766,707135
2017-04-17,95.5354453482765,96.42227103694809,94.08427156618419,94.60830688476562,382808
2017-04-18,95.0920268981754,96.98661654962275,91.82689520164936,92.59278869628906,625997
2017-04-19,93.07651531931856,94.3261375506349,92.39124119121792,92.9555892944336,358830
2017-04-20,95.81761530435963,101.82385579069121,95.33389276574255,99.72771453857422,2402676
2017-04-21,100.45329994815714,101.38043838824264,96.0191654659676,96.86568450927734,1366711
2017-04-24,97.47033646329042,99.52615870200559,96.34164648765524,96.62381744384766,731405
2017-04-25,97.38971793563354,99.16336923394321,96.74475047213971,97.55095672607422,1276747
2017-04-26,98.07500068226707,98.88120700739732,95.374210723254,96.82537841796875,635017
2017-04-27,97.22846669770132,100.25173995416507,96.18040232597966,99.4455337524414,1458403
2017-04-28,99.969573796144,104.64557245018081,98.31684854320027,103.39595031738281,5607971
2017-05-02,104.00059409959782,104.6858742527289,100.21142762763282,102.18663024902344,1855918
2017-05-03,102.38820003763568,109.36187960769529,101.98509688788121,107.66885375976562,7288834
2017-05-04,108.83783772195454,116.09369357008484,108.55566062939063,114.76345825195312,6992317
2017-05-05,114.32006577576745,115.12627214611597,110.00685677370966,111.4580307006836,3467150
2017-05-08,111.57894879242954,114.36037041351369,110.85336803146188,113.23167419433594,1804394
2017-05-09,113.91695200312594,118.5123254266709,113.8766392280086,115.48905181884766,4030962
2017-05-10,116.41617735249017,119.7216278917425,116.29525133591821,117.18208312988281,3076971
2017-05-11,117.54486441113602,117.90765473458873,111.69986956104529,112.74794006347656,2097412
2017-05-12,113.2316746968313,113.59446507892511,108.31382354701417,109.8052978515625,1747326
2017-05-15,110.93398617928246,113.47353097490216,110.85336063267529,111.57894134521484,1217806
2017-05-16,112.06266569874214,112.30453002750285,109.84559857160875,110.89366912841797,570714
2017-05-17,110.93399294662832,113.19136076856117,109.9665355352491,111.41770935058594,963135
2017-05-18,110.45025277268576,110.69211710041733,106.25798286501755,106.74169921875,1094254
2017-05-19,106.78201077321725,108.91846462514229,103.59749868261905,105.6130142211914,1035598
2017-05-22,106.82233741013661,107.58823095386285,97.7122035329257,98.3974838256836,1444158
2017-05-23,98.67966080794955,98.67966080794955,92.87497125991342,95.57576751708984,1835450
2017-05-24,95.21296147538733,99.36492509280552,93.9230326435038,95.49513244628906,1432618
2017-05-25,96.22071338624296,99.96957362744524,95.9385424327902,99.00212860107422,1151109
2017-05-26,99.16337394314854,102.54943791012921,99.04244176914226,100.61454772949219,1043795
2017-05-29,101.34012764601627,102.58974984912204,98.03468310501928,98.9215087890625,1665385
2017-05-30,99.2843107861724,99.8083461309327,93.60055369838139,98.63934326171875,1834738
2017-05-31,99.40524306638859,106.21768410256325,97.99438198722741,105.73395538330078,4191578
2017-06-01,106.37891160024303,109.36187224731766,105.65333090021146,106.98356628417969,2659039
2017-06-02,107.50759181060377,108.79751423102,104.88742190140081,106.13703155517578,1202884
2017-06-05,106.17736420320428,107.54791241353402,105.49209624890517,106.45954132080078,744161
2017-06-06,106.4192304371025,106.4192304371025,99.88896070863528,101.50137329101562,1732125
2017-06-07,102.22695869854627,103.91998450441758,101.70292338671042,103.03316497802734,1200773
2017-06-08,103.39595700104086,105.33084718212201,102.63006348360172,103.35564422607422,1173540
2017-06-09,103.43626675022,103.83936988463104,100.77578360276084,102.9122314453125,897996
2017-06-12,102.3075628293398,105.08897776900865,101.74321482739916,102.26725006103516,999730
2017-06-13,102.22696019233948,103.3959568543227,100.29206386313804,100.7354736328125,842081
2017-06-14,100.53391758469367,101.90447190934749,99.96957566627866,101.05795288085938,1079084
2017-06-15,101.17888013819821,101.82384757153683,99.44553554310781,99.64708709716797,723004
2017-06-16,99.9695760781104,102.3075754584974,99.4455407797859,101.1385726928711,1415930
2017-06-19,101.58198324631852,102.38818946255914,99.3649161516568,99.64708709716797,1025263
2017-06-20,100.13081421656116,100.7757816796572,98.88119821425276,99.20368194580078,803735
2017-06-21,99.20368227237269,101.54167549434479,98.47809541171746,100.17112731933594,1599571
2017-06-22,100.17112284090776,101.38043217097908,98.1959200621374,98.84088134765625,836575
2017-06-23,98.84088977492182,98.9618219484128,95.21296147538733,95.49513244628906,734558
2017-06-27,96.42225490635717,96.50287429168299,92.1896725926717,92.87494659423828,963677
2017-06-28,92.87495598380276,95.45481963110394,90.6982016056142,94.72923278808594,1054146
2017-06-29,95.3338815188628,96.30132648196401,92.91526296024472,93.2780532836914,1196314
2017-06-30,92.7540328069031,94.97110002509547,91.62534281110477,92.43154907226562,1070670
2017-07-03,95.13232712900569,99.64708040664993,94.80984343398862,98.80056762695312,2520045
2017-07-04,99.88895696500748,100.57423105666332,97.95406070849373,98.47809600830078,2198333
2017-07-05,98.47810181308915,102.10603020132594,97.59127610391559,101.7835464477539,2611571
2017-07-06,102.30757694318143,102.67036730451248,100.00989030273145,100.3726806640625,1832176
2017-07-07,99.96957584593814,100.49361114304561,98.8408858562141,99.2843017578125,1087533
2017-07-10,102.3882031595319,102.3882031595319,99.9695841872595,100.3323745727539,187696
2017-07-11,99.96957542621995,101.09826541120522,98.92150483640528,99.20368194580078,1239335
2017-07-12,100.33235894406852,102.46880660028975,99.24398180625474,101.90446472167969,1404587
2017-07-13,103.19440527234181,103.43626962004521,100.93702519666299,101.50137329101562,1412385
2017-07-14,101.54168074020464,103.31533213488973,99.44554559624974,101.66261291503906,1324472
2017-07-17,101.98509435435564,104.48433874143959,100.37268179539349,103.03316497802734,2002032
2017-07-18,102.7509802931828,103.11377678275329,100.13081007781231,100.49360656738281,850939
2017-07-19,101.29982213013656,102.54943819604316,100.4936158356681,101.58199310302734,898656
2017-07-20,101.98508231127772,103.59749467983546,98.80057034372219,101.70291137695312,972240
2017-07-21,101.94478485930708,102.91223611632397,100.25175284811,100.93702697753906,709792
2017-07-24,101.0176377565915,103.59749509630919,101.0176377565915,102.67035675048828,1475444
2017-07-25,102.9928428217644,105.77425177226048,102.34787539658535,104.48432922363281,2489880
2017-07-26,105.08899018148762,110.5711828700099,104.52463596202399,109.64405059814453,5626710
2017-07-27,110.45026109166491,110.57118711377335,105.08899421484244,107.58822631835938,2037525
2017-07-28,108.03164531595465,112.02236408183195,106.70140982790622,111.41770935058594,3425083
2017-07-31,111.8611140306951,114.92470015458461,110.45025313301066,111.01459503173828,3542102
2017-08-01,111.61926444804254,111.74020277914524,107.87040991677445,109.20064544677734,1075210
2017-08-02,110.04714562074982,113.87662504711291,109.4828037445792,110.45024871826172,5454266
2017-08-03,111.17582179120825,113.9572428157394,108.79751613842792,110.32931518554688,4288299
2017-08-04,110.81304130690053,111.94173738400391,107.62852923192015,109.84559631347656,2014563
2017-08-07,107.22542440166444,108.23318214980038,101.42074223274747,101.90446472167969,2786308
2017-08-08,101.74323382087155,103.15409486280603,97.3090991176489,100.89672088623047,3107803
2017-08-09,100.53391228021246,101.74322159946537,98.51839674812429,99.56646728515625,1246860
2017-08-10,99.04243489702255,102.50912417337963,94.72923276308902,96.3819580078125,2546037
2017-08-11,93.96333696319076,100.97732858413805,92.71371486767167,99.64708709716797,2497978
2017-08-14,100.9370184836474,102.99284684980177,100.41298934991808,102.42850494384766,829714
2017-08-16,102.38819612807315,102.75098648865311,99.5664741875357,102.14633178710938,1225247
2017-08-17,102.14632244917044,111.25645491328552,101.50136118367048,110.45024871826172,4079521
2017-08-18,110.20840569672907,114.32006300660345,108.19288981967942,111.2161636352539,5242065
2017-08-21,111.17583848147049,111.45801559353905,107.50760983496689,108.1525650024414,1256551
2017-08-22,108.83784555859845,109.56342627496323,104.72618869458108,106.25798797607422,1535804
2017-08-23,107.42698807898104,112.06267424374008,106.86264613666107,111.05491638183594,2423398
2017-08-24,111.82081545991659,113.6750924784217,110.6115059654653,112.62702178955078,2833476
2017-08-28,112.86887986861403,113.79601217541355,111.41770609567124,111.98204803466797,2188245
2017-08-29,111.65956775488803,116.09370221446842,110.36963280959029,113.27198028564453,4303420
2017-08-30,114.36038022429045,118.75420254649303,114.0782030698555,117.86737060546875,4642023
2017-08-31,119.66810560898563,120.69125974806668,116.6395718552406,119.38162994384766,4288761
2017-09-01,119.70903032427427,120.07736330426029,117.86735293467005,118.56310272216797,1960637
2017-09-04,118.68587162760045,118.72680028816539,112.34231641991836,114.4704818725586,1934385
2017-09-05,115.41177857888712,121.67347646336154,114.47048183457417,121.14144134521484,6008889
2017-09-06,120.4456963206551,122.04182671720055,119.50439953933139,119.95458984375,4608613
2017-09-07,121.01868915821643,123.51517552559076,119.29978502984066,121.22332000732422,3264620
2017-09-08,121.05958264485503,123.0649745819608,119.13606051759285,119.87272644042969,2603877
2017-09-11,120.32292871982362,121.50978504259442,119.50440539519897,119.7908935546875,1083793
2017-09-12,120.28200865596673,121.50979373069183,118.68589055675923,119.17700958251953,1197765
2017-09-13,119.09515293258069,120.15923583472446,114.51141696473478,115.04346466064453,1740312
2017-09-14,116.18940217344529,117.5808895518139,114.8388434658445,115.69829559326172,1141383
2017-09-15,115.28902300387594,115.32993918111241,111.81029864083708,113.77474975585938,1702015
2017-09-18,114.18400407505636,119.74996519457113,114.18400407505636,118.44032287597656,2767023
2017-09-19,119.54533210816572,121.14145006719725,116.5167983544207,119.38162994384766,2717968
2017-09-20,119.50440130832791,119.79088945801898,114.59326152853362,115.73918914794922,2601117
2017-09-21,116.55772142575147,116.55772142575147,110.99177257151538,112.587890625,3059569
2017-09-22,111.89214338576176,111.89214338576176,105.09839684368119,105.83507537841797,3458113
2017-09-25,106.40803600387983,107.39026153059599,102.11078839603084,105.548583984375,2491988
2017-09-26,105.58950523885103,108.37247945082699,104.93468410377601,107.18562316894531,1944821
2017-09-27,107.34933002011887,108.3315680104801,103.62505260558214,104.36172485351562,1851299
2017-09-28,104.36172359626708,105.42580641322279,102.43819503777395,103.09300994873047,1337088
2017-09-29,103.09301227360532,105.79414179612216,102.88838143840974,103.99339294433594,1095777
2017-10-03,105.09839085661167,106.53080668793443,103.66598127012634,104.36172485351562,1562543
2017-10-04,105.54858011938127,110.33694656008481,104.97561629058399,109.35472106933594,5825395
2017-10-05,110.05045014543485,111.9330561471238,109.6821171752438,110.009521484375,2593939
2017-10-06,110.66435370603087,111.97399605342711,109.80490169615678,110.54158020019531,1280246
2017-10-09,111.31916809082031,112.71065519402072,108.65896738276763,111.31916809082031,2793096
2017-10-10,112.05583449910793,115.57548717840442,111.72843017578124,114.59326171875,3380508
2017-10-11,116.23030941081484,119.6271761336414,111.89213339261714,112.83344268798828,6075498
2017-10-12,114.18400273861891,114.75696656266989,109.96861265130677,111.36009979248047,3677116
2017-10-13,110.78713536961138,113.32455014517198,110.1732428850875,110.62342071533203,2474280
2017-10-16,111.31915772846033,112.62879987407617,109.19099236425286,110.37786102294922,1498377
2017-10-17,111.23730687983306,113.93843615620652,109.96860580897214,111.89212799072266,2781496
2017-10-18,111.40101415871635,114.02028593940857,111.31915684164005,112.13768005371094,3146475
2017-10-19,112.4651033387644,114.0203051981867,111.48287781630961,112.71066284179688,1361278
2017-10-23,113.44734658946587,117.21254668101786,111.31918078448051,116.68051147460938,4493419
2017-10-24,117.66273505078377,121.79628058876379,117.13069985338086,119.2997817993164,8451669
2017-10-25,120.73218791894668,125.23406611253452,117.58086818756539,124.66110229492188,7884134
2017-10-26,125.80701435931879,128.71277424074881,124.82478900931126,127.15758514404297,6836553
2017-10-27,127.64872203511685,130.7181847924041,126.17537741368379,126.91205596923828,4315452
2017-10-30,127.60778355005694,128.18075987907818,124.41554752393132,126.2572250366211,3247556
2017-10-31,126.46184176574268,132.06873100818387,125.64331851806796,131.41390991210938,4898341
2017-11-01,132.8463262203675,133.17373052510786,130.06333967137988,130.55445861816406,5301571
2017-11-02,130.96373794662765,132.43708249646227,127.32131148292213,128.2216796875,3008539
2017-11-03,128.50816206118515,131.78225536210707,127.07574624203181,130.22706604003906,2298226
2017-11-06,130.14520330677482,134.76985490639743,129.73594166115603,133.66485595703125,4276544
2017-11-07,134.76987314465407,134.93358781679632,126.66649646065082,128.54910278320312,3124505
2017-11-08,129.0402059439831,132.3552281330467,122.2464718773615,123.35147094726562,6603736
2017-11-09,117.86735471506316,119.9136629566441,114.10214255468446,115.73918914794922,7246341
2017-11-10,115.00251924900672,117.21252957649769,113.77473434599241,114.92066192626953,2630895
2017-11-13,114.92066712580912,115.57548826831197,112.30139504547212,112.83344268798828,1660063
2017-11-14,112.62881358961987,115.82104953499727,112.17862326663723,114.38863372802734,1856647
2017-11-15,114.34771017378442,114.55234101249545,109.3547252030406,110.21416473388672,1425045
2017-11-16,110.37786444170233,112.34231523129824,108.69988929368266,111.8511962890625,2145803
2017-11-17,112.7516102582031,114.18402635948698,111.15549195756508,111.60568237304688,1612821
2017-11-20,111.72842416011792,113.69287497365711,110.62341277145607,113.11991119384766,1502031
2017-11-21,113.77473774265415,116.02567679871386,112.30139331711659,114.06122589111328,1511955
2017-11-22,114.59325398248318,115.00251560384919,112.79250534640742,113.20176696777344,826861
2017-11-23,113.44734336032724,118.23569755073612,112.95622434556334,117.78550720214844,4908771
2017-11-24,118.60402063655305,119.09513961019677,116.6804983840761,117.33531951904297,2114995
2017-11-27,116.84421651724227,118.6449655172961,116.02569310906544,118.11293029785156,2029975
2017-11-28,118.11291415258363,119.25884177151991,116.72142704682547,117.33531951904297,1473715
2017-11-29,117.53996623854619,120.03645263810176,116.47588331153383,117.86737060546875,2449891
2017-11-30,117.04883808916185,119.46347945390535,113.89751822166055,114.7160415649414,4987604
2017-12-01,115.4936414201029,116.76234253011802,111.85120278139088,112.42417907714844,2043021
2017-12-04,112.75158083389591,113.69287760179388,110.05045153558467,112.66972351074219,1879280
2017-12-05,111.52380108390481,112.38325305808266,109.5184214706062,110.58250427246094,1531370
2017-12-06,110.50065005385255,112.30139889012851,109.84582888893179,110.41879272460938,1363299
2017-12-07,110.90990194607993,113.28361440883499,110.50064031528258,112.75157928466797,1314191
2017-12-08,113.77473211197561,115.41177861718388,113.52917263825964,114.4704818725586,1841704
2017-12-11,115.2890246180891,116.27125018935283,114.59327473986959,115.32994079589844,1535676
2017-12-12,115.00252621672874,116.47587068754703,113.77474123932595,114.38863372802734,1020654
2017-12-13,114.38863044626572,114.51140394461383,110.74620428240536,111.31916809082031,1390072
2017-12-14,111.8102830901259,112.01491390655023,108.12692839448788,110.50064086914062,1174488
2017-12-15,114.22494266770008,117.0488458923424,113.07900241690659,116.35309600830078,4047954
2017-12-18,114.42956190717865,118.44032115383595,107.39025640401628,115.49364471435547,5248619
2017-12-19,116.23032084022348,120.07737825742251,116.23032084022348,119.46348571777344,4192436
2017-12-20,120.200143673926,121.79626150573054,118.72679933315504,120.36384582519531,2694064
2017-12-21,119.9136729334448,123.92443242476837,119.13607823488313,122.65573120117188,2927482
2017-12-22,123.26963182703949,124.53833313402572,122.16462021614858,122.94221496582031,1498944
2017-12-26,122.12370393712594,125.84798836722985,122.12370393712594,125.2750244140625,2321633
2017-12-27,125.07036623296395,125.39777056624335,120.77311878787951,122.32830810546875,2014377
2017-12-28,122.20551870108166,124.94756398209724,120.60940092710645,124.33367156982422,2036165
2017-12-29,124.70203114786925,128.83556386743646,123.8016505119128,127.68963623046875,3251612
2018-01-01,128.2216713980245,128.71279037944387,124.16998351517566,124.90666198730469,1611648
2018-01-02,125.43870181146451,126.01166565133066,119.5044075985241,120.24107360839844,3647013
2018-01-03,121.05961328997043,125.07038568979821,120.85498242741829,123.1468505859375,3381768
2018-01-04,123.5970223133568,124.94758080634145,122.4101659877529,124.45647430419922,2027825
2018-01-05,125.11129280846853,126.87111292739813,124.82480465437557,126.29814910888672,2184348
2018-01-08,126.29815940989364,127.56687314058011,125.39777870045793,125.84796905517578,1181652
2018-01-09,125.97072681244455,126.66647659088117,123.59701431485013,123.96534729003906,1123237
2018-01-10,124.29278610020657,125.02945218101638,121.95998936151517,122.94221496582031,923536
2018-01-11,122.12366861648593,130.55446074229292,122.12366861648593,129.8177947998047,6555751
2018-01-12,130.96373384877575,133.0509708549256,126.1344511589721,128.99928283691406,3673294
2018-01-15,129.57225566133485,135.7930259568019,128.01705372021127,134.97450256347656,8924433
2018-01-16,136.20228788495766,136.20228788495766,126.46186448370145,127.28038787841797,5138255
2018-01-17,126.87110605050408,130.47260341993916,123.6379416523131,129.8177947998047,3282097
2018-01-18,130.10427708723722,130.75909823045765,121.34608020447793,123.02405548095703,3430408
2018-01-19,123.59702878858222,126.01167023055652,123.18776710385181,124.82481384277344,1793284
2018-01-22,123.59703369343288,128.38540059067134,123.59703369343288,126.91205596923828,2362702
2018-01-23,128.09890293893037,129.28575928611644,126.09352325028146,126.74834442138672,1986856
2018-01-24,128.09890675268582,128.38539492659714,125.39777714750562,125.92982482910156,2102174
2018-01-25,126.05258810248543,126.830182738949,121.18237696918791,122.00090026855469,2095005
2018-01-29,122.1236775360629,123.47424851549843,119.13607239705283,119.7908935546875,1500787
2018-01-30,118.27661632967063,120.8958883802129,117.08976004782679,118.726806640625,1583374
2018-01-31,118.44032287597656,119.91366736197676,116.47587188775948,118.44032287597656,1467465
2018-02-01,119.74995937361459,122.94219519671383,111.9330594856405,114.67511749267578,4780246
2018-02-02,112.13768485767959,113.07898159601696,104.77097563345247,105.67135620117188,2898440
2018-02-05,99.85984266860487,103.78875700923896,99.16409911209432,102.0289306640625,5818189
2018-02-06,94.13018167551543,101.16948096923869,92.69776586740976,98.30464935302734,3849293
2018-02-07,101.4559673770474,104.23894803363848,101.0467056994557,102.76560974121094,3498142
2018-02-08,103.6659754714,106.81728887506871,103.01115434434597,105.91690826416016,2965116
2018-02-09,103.1748652465668,109.23193271670158,101.53781863413313,108.45433807373047,2671247
2018-02-12,109.43656347548725,115.53455960509159,108.61804016977729,112.83344268798828,6776209
2018-02-14,114.59328810271096,115.984775531737,110.90993241369524,111.60568237304688,2802346
2018-02-15,111.97399566467571,114.06123268435917,109.5184256390893,110.05046081542969,1978887
2018-02-16,110.66434316366619,111.482866430394,106.65358415256942,107.75858306884766,2016829
2018-02-19,106.81728799351669,109.35471515628211,105.34394359222301,108.1269302368164,2069680
2018-02-20,108.45434561543081,109.27286897856614,105.83507335133284,106.81729888916016,1215378
2018-02-21,107.63581813625225,107.88137763373761,105.38487897370706,105.75321197509766,895866
2018-02-22,105.34394908512054,106.03969890496555,102.43819503777395,103.09300994873047,1432405
2018-02-23,102.76559552864332,105.71227170597065,102.52003605811433,104.93467712402344,1203210
2018-02-26,106.36710288706645,108.24970902013415,105.67136555919176,107.22655487060547,1434493
2018-02-27,108.41341406222163,108.86360439789227,106.44896303888154,107.02192687988281,1537210
2018-02-28,105.67137552929572,106.44897025836872,104.56636394767693,104.89376831054688,974510
2018-03-01,104.36172679066658,106.44896382441493,104.27987570489631,104.77098846435547,1099913
2018-03-05,104.93469136170934,105.8350720459227,102.97024031028498,103.91153717041016,1630317
2018-03-06,104.32079316148402,105.46673328709089,100.55558719167291,101.5378189086914,980797
2018-03-07,101.08762998838682,101.21040973531589,97.81353670941073,98.42742919921875,1515498
2018-03-08,99.04131711115602,100.35095311324523,97.19963972685767,99.8598403930664,1236622
2018-03-09,100.18725838388379,101.49689448308513,97.81353944136026,98.10002136230469,1170426
2018-03-12,99.73706543574762,100.51466633776272,97.40427521937708,100.0644760131836,1319674
2018-03-13,99.85983601666545,102.47910790605312,99.20501492190016,101.41503143310547,1486987
2018-03-14,101.00576700634005,102.80651559970379,100.43279700311587,101.61965942382812,1447748
2018-03-15,103.42041613085331,106.03969439786184,102.80652366520341,103.3794937133789,2629334
2018-03-16,103.13393755656917,103.78875870565692,100.02354646565836,100.6783676147461,993448
2018-03-19,100.80115575562819,102.31542276356133,98.55021645482984,99.81892395019531,1823272
2018-03-20,98.95946528928486,101.90614783308126,98.46835257279163,100.59651184082031,1580856
2018-03-21,100.67837424150972,102.15171880151567,99.40966052345804,99.65522003173828,824056
2018-03-22,100.26910399079217,101.37410919396817,98.3046468269031,98.87761688232422,1030434
2018-03-23,97.40426999422843,97.5270497347852,94.78499800492348,95.19425964355469,1115862
2018-03-26,94.13017583352851,95.89000210894882,92.86146227001139,95.56259155273438,1782637
2018-03-27,95.56258592422583,98.01815558394898,95.56258592422583,95.97184753417969,1022126
2018-03-28,95.72629128792,95.76721994822576,92.9023885822532,93.39350128173828,1423468
2018-04-02,94.0483325002055,97.81353859462962,93.39351133385459,97.32242584228516,1302421
2018-04-03,97.28148925396364,101.49688533751323,96.74944788024315,101.21040344238281,1204448
2018-04-04,101.49689084071518,103.01115772122613,98.63205924440467,99.16410064697266,1374309
2018-04-05,100.14632810724932,103.42042142498424,100.14632810724932,102.47911834716797,1172986
2018-04-06,102.3154134484967,103.62504949167,101.16947956890608,102.80652618408203,718492
2018-04-09,102.7246867921609,104.23895383455186,101.86523472345465,102.35635375976562,739592
2018-04-10,104.36172470153565,104.36172470153565,102.06985687682186,102.72467803955078,682000
2018-04-11,103.13393686219524,103.5022698530539,100.842069100656,101.5378189086914,1372934
2018-04-12,101.74244768658917,103.21578586518632,101.16947763532602,102.39726257324219,932019
2018-04-13,103.13393916639653,105.67136647509048,102.39726692338336,105.22117614746094,1757093
2018-04-16,105.1802481407484,106.36710447397363,104.36172480891378,105.75321197509766,1918954
2018-04-17,106.40804159059101,107.10379147378445,104.77099479688961,104.89376831054688,1255987
2018-04-18,105.22117111032863,105.95783707323884,102.84745232751492,103.3794937133789,905248
2018-04-19,103.95245884486606,107.79951584748923,103.5022685330361,107.43118286132812,2405835
2018-04-20,107.22656255736386,109.84583486999031,106.16247966763811,108.86360931396484,3553372
2018-04-23,108.08599845081476,109.43655682732128,106.20339246411346,106.69451141357422,1109833
2018-04-24,108.20878035621807,109.47749399956857,106.817293210794,107.22655487060547,2211858
2018-04-25,107.55396779533655,110.70528782352147,105.99877835967492,106.6126708984375,3970491
2018-04-26,107.43119019622483,108.45434438856984,105.139322307437,105.548583984375,1624824
2018-04-27,105.99875967261468,107.34931802392532,105.99875967261468,106.28524780273438,986101
2018-04-30,106.69451881790901,110.00952824296458,105.99876900616857,109.23193359375,1612741
2018-05-02,110.50065326870397,110.9508436132893,106.77636949393482,107.67675018310547,1710766
2018-05-03,106.98098819397244,108.04507093597361,105.0983821873048,107.71766662597656,1266927
2018-05-04,107.14469948489956,108.6589726495199,106.5308069840548,107.63581848144531,1000006
2018-05-07,108.37249278776589,109.51843303759173,107.63582672619461,108.16786193847656,1454313
2018-05-08,108.45433866875146,111.64657458464113,108.29063650454486,110.58250427246094,2765375
2018-05-09,110.58251840148463,112.62882693970843,109.35473327855036,110.95085144042969,1907002
2018-05-10,111.19639614651895,111.27824098333676,106.81729146234609,107.06285095214844,1240144
2018-05-11,107.10378414986374,109.96861584293961,105.87599913854551,108.41341400146484,1409417
2018-05-14,108.45433787068788,110.09138448005675,107.79951672900543,108.20877838134766,878769
2018-05-15,107.63581564394754,110.82805156831645,105.38487653352277,107.84044647216797,1604582
2018-05-16,107.63581261047995,109.19100186525597,106.48988500061068,107.79951477050781,1355724
2018-05-17,108.86359544742946,108.86359544742946,98.63205452191917,100.3509521484375,7132163
2018-05-18,100.6783769693314,101.57875144935784,95.767236629364,96.05371856689453,3045760
2018-05-21,96.38112435165041,96.87223711211806,92.1657278550311,94.3348159790039,2154149
2018-05-22,94.13018483061528,94.90777951171579,92.16572755040015,92.45220947265625,1757792
2018-05-23,92.16571575786799,94.25295252194327,89.62829495780169,90.1194076538086,1748020
2018-05-24,90.28312281503689,91.8383120948017,89.58737301164638,90.73330688476562,1193736
2018-05-25,91.67461408648575,94.41666602671224,91.67461408648575,93.31166076660156,1654971
2018-05-28,94.13017528326442,98.1000118614608,94.04832420589852,97.81352996826172,1761763
2018-05-29,98.14093808639424,98.83668159398914,94.94869618967073,95.64443969726562,1698756
2018-05-30,94.41666256305312,96.83131007454551,94.29388281758109,95.89000701904297,848701
2018-05-31,96.38111281856413,96.79037444412067,94.74406631633799,95.15332794189453,1194760
2018-06-01,95.35795866047151,96.91315408501738,92.90238890955808,93.7618408203125,1544883
2018-06-04,94.25295587505077,94.49850910937155,91.01978520871282,91.67460632324219,1150227
2018-06-05,90.8560865146296,90.89701517766115,86.2314286097373,87.82755279541016,2163943
2018-06-06,86.10864926264553,91.6746102394012,85.20827487533315,91.10164642333984,2183901
2018-06-07,91.92016691694481,93.47535615434425,91.34719687357502,92.69776153564453,1003859
2018-06-08,94.33481323684431,95.97185988737523,93.02517716538705,94.66222381591797,2943853
2018-06-11,94.94871226530002,96.17649733769613,94.29389106208696,95.03056335449219,834325
2018-06-12,94.78500833709461,96.74945942079253,94.53944882921353,96.3811264038086,1133471
2018-06-13,96.46297173006396,96.50390039387884,95.03055592426587,95.27611541748047,574750
2018-06-14,94.86685544914366,95.27611711523588,93.18888012023058,93.92555236816406,673335
2018-06-15,93.84369462043055,95.43981250692099,92.12479699386309,93.43443298339844,964816
2018-06-18,92.86147426093888,94.62130076360037,92.49314124065896,94.13018798828125,643218
2018-06-19,93.67998994279502,93.80276968775294,91.75646142124508,92.61591339111328,554304
2018-06-20,92.49312405810045,94.04831942839866,91.92016030080792,93.47534942626953,461631
2018-06-21,93.8846252034174,93.96648253381345,90.11941906418768,90.8151626586914,1821268
2018-06-22,90.61053293209764,92.41128806062687,89.30089681260941,91.96109771728516,685054
2018-06-25,91.83831111078324,94.86685104620831,90.81515699303905,91.22441864013672,1711084
2018-06-26,90.77424124614667,92.16572845060303,90.03756897826607,90.32405090332031,615937
2018-06-27,90.65144365652826,90.77422338448858,85.08548344424254,87.00901794433594,1714398
2018-06-28,86.96810498649691,87.66384857742139,81.89326276992574,82.87548828125,2131421
2018-06-29,82.50715932953048,85.94495503291184,82.1797487280566,85.57662200927734,1753924
2018-07-02,86.026799140714,86.231429969424,82.7527058813541,84.7171630859375,823142
2018-07-03,86.51791796392655,86.72254880702462,82.8754914547161,86.19051361083984,1545039
2018-07-04,86.76346860890632,87.50014081776068,85.98587398251605,86.4360580444336,1213824
2018-07-05,86.5588387625558,87.50014180421296,85.20827407190309,85.9449462890625,740524
2018-07-06,85.74032143824084,88.23682016898385,84.79901833100146,87.41829681396484,1070334
2018-07-09,88.40051844998331,89.99663642406196,87.74569729686331,89.50552368164062,947665
2018-07-10,91.10164834318851,94.33481297093866,90.03756552540783,92.90239715576172,3732981
2018-07-11,93.14795337736551,93.14795337736551,90.93793673613578,91.22441864013672,959956
2018-07-12,91.42904347869236,92.86145914976754,89.01440241681462,89.99662780761719,1029322
2018-07-13,89.54644938522848,89.7920026259028,87.0499508469317,88.19588470458984,936940
2018-07-16,88.23681870049002,88.23681870049002,83.89864249315296,84.38975524902344,928413
2018-07-17,84.79901616284633,87.50014566328117,83.57123116171003,86.64069366455078,913264
2018-07-18,86.80439913820408,87.37736295472641,83.48937724948097,83.93956756591797,1244717
2018-07-19,84.06233223680722,84.63530223798686,82.67084526006745,82.9164047241211,1323315
2018-07-20,82.8345538538929,83.77585687958563,82.26159005295145,83.1619644165039,800085
2018-07-23,83.48937915446935,86.10865129667461,83.08011749194743,85.74031829833984,1519359
2018-07-24,85.94494868336413,91.10164810230091,85.94494868336413,89.75108337402344,2729186
2018-07-25,90.24219215920148,90.65145380164684,88.31866368867571,88.93255615234375,1159007
2018-07-26,88.80977545068248,90.56960174314266,88.35958515092393,89.42366790771484,1201730
2018-07-27,90.07848938972431,92.32942840791988,88.89162688777353,91.1834945678711,1374457
2018-07-30,91.38813260069625,97.19964709375539,91.38813260069625,96.83131408691406,4393654
2018-07-31,97.52706722717274,98.95948321929912,93.9664915814262,95.48075866699219,4054403
2018-08-01,96.58574671696601,98.22279327149086,94.58036718560787,95.19425964355469,4959941
2018-08-02,94.86685544914366,94.86685544914366,92.4931365368413,93.92555236816406,1428522
2018-08-03,94.37573531189858,96.17648400382261,93.63906312162531,95.56259155273438,1476602
2018-08-06,95.56260314145652,96.8722392802948,94.62130002000355,94.98963928222656,1074927
2018-08-07,95.03055086988888,95.52166358536002,92.73868944941125,93.43443298339844,780463
2018-08-08,93.39351479731013,94.66222851235064,92.61592009766446,93.22981262207031,812263
2018-08-09,94.13017766977178,96.87222942248903,93.47535654456898,95.84907531738281,2357924
2018-08-10,96.09464514779978,96.25834732430904,93.3525930998245,93.88462829589844,1571464
2018-08-13,92.90239420487835,93.10702502911818,90.528675394729,91.59275817871094,937790
2018-08-14,91.6746090533432,92.77961425278662,90.5696038538998,91.34719848632812,706561
2018-08-16,90.364973896366,92.24757374628447,90.20126548887056,90.73330688476562,548464
2018-08-17,90.8970297969183,93.92556400322648,90.8970297969183,93.35260009765625,1147706
2018-08-20,93.76185496800133,94.94871136209238,92.32943906383184,94.13018798828125,1166518
2018-08-21,94.08925849087788,95.685382802619,93.1888840366032,94.86685943603516,1339922
2018-08-23,94.98962921944958,95.19426003961658,92.32942855727877,92.69776153564453,1175489
2018-08-24,93.10702798650128,93.63906939539162,92.08387383280346,92.90239715576172,923230
2018-08-27,93.27073342351213,96.79038633357725,92.902400413201,96.21742248535156,2831001
2018-08-28,98.63206565030288,100.43281455843142,97.11779867144419,97.89539337158203,5795617
2018-08-29,97.5679732109951,99.77798983049897,96.99500940862582,97.48612213134766,2300745
2018-08-30,98.18186990289718,99.0413218882925,97.15871575115861,98.67298889160156,1846956
2018-08-31,98.55020424546842,99.6961380874184,97.40427040351844,98.34557342529297,1007115
2018-09-03,98.34557743302996,102.15171209236688,98.10001794087766,99.28688049316406,3530889
2018-09-04,98.95947034667556,99.28688092268258,94.74407401207371,95.27611541748047,1799585
2018-09-05,94.45759122648955,96.34019109265739,93.76184766193107,95.89000701904297,2162023
2018-09-06,96.13556689592751,96.91316784099249,95.07149026639742,96.3811264038086,612489
2018-09-07,96.46297355283893,97.73168721702592,95.48074805109493,96.95408630371094,851550
2018-09-10,96.54482756237711,97.64983909136652,94.98963817830153,95.35797119140625,779897
2018-09-11,95.94195667917961,96.81795100356878,92.10427968501945,92.72998809814453,1396514
2018-09-12,93.23055904415128,93.64769801079177,90.3940127979888,92.06256866455078,1187646
2018-09-14,93.2722751029138,95.52482296748663,93.02198917794549,94.77397155761719,1263982
2018-09-17,94.7322529896479,96.85965770106523,93.10540735323298,95.27452850341797,1364403
2018-09-18,95.19111109001385,96.44252799224462,92.47970780184716,93.1888427734375,888624
2018-09-19,93.85627155183262,94.18998401257963,91.39515408826554,92.31285858154297,725140
2018-09-21,93.48084254449108,94.27340401452828,83.09407872563911,90.26886749267578,3189758
2018-09-24,89.76829383421853,90.22714918979538,83.9700654230278,84.72091674804688,1696578
2018-09-25,84.92949325655142,85.68033827885996,78.04670054179766,82.51008605957031,2474642
2018-09-26,83.76149586172208,84.0952082685486,81.17523584762726,82.05122375488281,1352624
2018-09-27,82.2180897688053,82.51008576142966,77.67127138495195,78.17183685302734,1559723
2018-09-28,78.96439629723318,80.09067007211539,74.25072537935696,78.63068389892578,2948812
2018-10-01,78.5889828594928,79.54840380570944,74.45930942082283,79.17298126220703,2198054
2018-10-03,80.09067465971164,82.80207770808728,78.42211893763431,80.54953002929688,2122805
2018-10-04,78.71411040724398,80.25752308875178,77.00384470909977,78.63068389892578,2402550
2018-10-05,77.92155838563727,79.88211020914713,76.75356803385417,78.21355438232422,1373577
2018-10-08,77.33757294646243,77.71300188923416,71.83133907113802,74.75131225585938,2870933
2018-10-09,74.75129970686581,75.5021511013225,72.16503945043532,73.8335952758789,1372285
2018-10-10,73.79188510647509,78.33870393630575,73.75017502631489,77.58785247802734,3418675
2018-10-11,72.58217663711376,76.21128419596242,71.33075979854284,74.250732421875,1504884
2018-10-12,75.50216032544665,78.58898643362174,75.50216032544665,77.79642486572266,1356822
2018-10-15,78.33870414036812,80.50782563046145,76.83700121989955,79.84040069580078,1645771
2018-10-16,80.54954249314068,82.9272334920062,80.21583002408119,81.46724700927734,2853737
2018-10-17,82.71865326755925,83.01064925323193,76.96213460915222,77.42098999023438,1979241
2018-10-19,76.75356475610182,78.92268596533246,75.33529490988353,76.92041778564453,1397347
2018-10-22,77.92156713745288,80.09068868294202,75.79415567329781,79.38155364990234,2863158
2018-10-23,78.42213355837845,80.88325116127055,78.04671099693257,79.46498107910156,2688370
2018-10-24,80.50782104416099,80.75810697165964,78.38040975552904,80.00725555419922,1412219
2018-10-25,79.08956034745829,79.84040548772145,77.37928782788936,77.92156982421875,886400
2018-10-26,78.00498508994887,79.50668788368395,75.91929030144756,78.7558364868164,1250177
2018-10-29,78.8392747945916,83.42780401544086,78.0049967544372,82.92723846435547,2305002
2018-10-30,83.4277956903057,87.43233242945465,83.01065671185418,85.68034362792969,2343239
2018-10-31,86.51462188154429,87.59918577525217,84.34550045916424,87.3488998413086,1351840
2018-11-01,87.64089822365217,92.10428383189557,87.0986163015212,90.89457702636719,2355982
2018-11-02,92.47970585155295,99.23735570808071,91.85399741363305,96.85966491699219,9717192
2018-11-05,99.0287820993752,99.0287820993752,93.9396882895105,96.02538299560547,3388320
2018-11-06,96.52595688973085,97.19338180003723,94.52369488888309,94.9825439453125,1666631
2018-11-07,95.35796338730373,95.94195535212876,95.10767747950155,95.39967346191406,219649
2018-11-09,95.85852704677608,97.40193980929105,95.1493921413,95.81681060791016,1108977
2018-11-12,95.64995478380945,96.23394672063517,89.76829351776802,90.18543243408203,3210513
2018-11-13,90.3105908097892,91.68715074179084,89.51802927941277,90.72772979736328,2462711
2018-11-14,91.64542841831138,92.4379962628834,88.85059865384994,89.72659301757812,2038322
2018-11-15,89.72659541549622,89.89344845826764,87.51575759107928,88.30831909179688,1338433
2018-11-16,88.43346005683429,89.60145042493166,87.47403917000307,88.18317413330078,1013682
2018-11-19,88.43344754777253,90.26885617727852,87.64088617708461,89.93515014648438,619712
2018-11-20,89.9351617379965,90.51915373219002,86.26433764082687,86.97347259521484,2192909
2018-11-21,86.89005035890474,89.76830676004694,85.76377639172021,88.89231872558594,1224217
2018-11-22,90.60259218833863,92.18772170790717,87.93290505593407,88.39175415039062,3068201
2018-11-26,88.89231136439105,89.64315637031261,85.63862633360203,86.76490020751953,1394777
2018-11-27,86.22262586863393,87.84947170919574,86.01405637869286,87.3488998413086,697761
2018-11-28,87.26547227691321,87.5574682863389,85.09635088041945,85.55520629882812,750185
2018-11-29,86.26433944601162,87.43232982387565,84.26207113610693,86.55633544921875,1059041
2018-11-30,86.97348600200233,89.9768856844599,85.8472119167103,88.51689910888672,1501369
2018-12-03,88.97573319929607,90.64428888473985,87.599173485798,90.2271499633789,1381166
2018-12-04,91.64542526203464,92.43799307931054,89.01744862639326,89.55973052978516,2447491
2018-12-05,88.7254540128447,89.18430940706962,85.09634639545726,86.89004516601562,2158674
2018-12-06,85.51347868256606,87.39060382437849,84.59577433068695,86.38947296142578,1614014
2018-12-07,87.2237531887251,89.22601496941358,85.59690753562198,88.80887603759766,2321227
2018-12-10,85.9723460048743,87.3488995417358,85.26320464947815,85.68034362792969,784377
2018-12-11,84.76263974123593,88.85060303166227,84.51236017143577,88.43346405029297,1328729
2018-12-12,89.1425996314914,91.60372345676714,88.51689115532506,91.18658447265625,1190504
2018-12-13,92.27113814787103,93.60598156811352,91.10314776827053,92.06256866455078,1857269
2018-12-14,91.72885349407441,92.35456192545291,90.01858760066102,91.81228637695312,746140
2018-12-17,92.3545732832851,92.43800617642447,90.5608806514387,91.56201171875,593095
2018-12-18,91.22829000750318,93.18884186215223,90.76944096686024,92.52142333984375,1376287
2018-12-19,93.43912414824698,94.18997552601671,92.72998921120036,93.35569763183594,1958444
2018-12-20,92.93856535992118,95.60825226703193,92.27114045062568,93.85626983642578,2311301
2018-12-21,94.44026358436304,94.89911901351965,91.93742967631418,92.31285858154297,1269196
2018-12-24,92.35455464329883,92.77169356465977,89.97686406454842,90.2271499633789,1191875
2018-12-26,89.64315853525936,91.97913922019919,89.10088298789414,91.27000427246094,1338810
2018-12-27,92.10428401149869,92.10428401149869,90.18544224176594,90.85286712646484,1015963
2018-12-28,92.10427423501419,94.44024835343555,91.35342291068653,94.02310943603516,1807722
2018-12-31,94.60711797503905,97.19337826972418,93.85626656947615,96.9430923461914,2872762
2019-01-01,97.5271005667864,98.0276660993931,95.73340157366263,97.02653503417969,2192797
2019-01-02,96.19224374505762,97.9442260498302,92.8134157276114,93.35569763183594,2200537
2019-01-03,93.93969604785332,94.27340850139636,91.93742769163069,92.18771362304688,1316882
2019-01-04,92.43798573790188,94.35682092015674,91.8122773679207,93.93968200683594,1309326
2019-01-07,94.60710883725223,95.52481319317533,93.27226555908818,94.06482696533203,922911
2019-01-08,93.81453905983275,94.94081921782666,93.52254309351514,93.93968200683594,501548
2019-01-09,94.73225468615082,95.60824263064495,93.23055197411088,93.68940734863281,1482469
2019-01-10,93.52255936442417,95.44140124555082,93.52255936442417,93.98141479492188,1428626
2019-01-11,93.98140311222065,94.31511553245966,92.39627388986162,93.14712524414062,983920
2019-01-14,93.06370600350928,93.10541608115203,91.43686021459004,92.06256866455078,478414
2019-01-15,92.6882700855945,94.81568120014526,92.6882700855945,93.68940734863281,1900690
2019-01-16,93.89797659841965,94.18997257924065,92.81341282390163,93.14712524414062,542961
2019-01-17,93.18884387032769,93.60598284264793,92.31285584747654,92.64656829833984,416149
2019-01-18,93.02198319693917,93.23055266599061,89.43458578324051,89.97686767578125,1060632
2019-01-21,90.10201263427734,91.52028250935837,89.68487368689642,90.10201263427734,932329
2019-01-22,89.7265901276486,90.6025780981274,88.8505957921346,90.10201263427734,777361
2019-01-23,89.7265965185045,91.3117195394256,87.84947112159048,88.35003662109375,1199995
2019-01-24,88.35002970128295,88.7671686457035,86.93175347123191,87.89117431640625,898523
2019-01-25,88.60030440930896,88.60030440930896,80.17409946528429,81.5506591796875,6346019
2019-01-28,81.71752905286553,81.71752905286553,76.50329145722489,78.92269897460938,1803984
2019-01-29,78.67240996828343,80.0072533599172,77.71298909256576,78.7558364868164,1161104
2019-01-30,79.21469609290638,79.92383750766398,78.58898757285172,78.96441650390625,823758
2019-01-31,79.29811878875965,81.55066662523275,78.96440634797669,81.00838470458984,1324518
2019-02-01,81.75922535818677,82.9689256363502,77.87983226971488,80.21581268310547,2564417
2019-02-04,79.67353866505636,79.88210813800154,77.21242143031739,77.5044174194336,602445
2019-02-05,76.08615150779858,79.50669642022909,76.08615150779858,77.71299743652344,1167883
2019-02-06,77.83812987523117,78.42212185365925,76.71184962892175,78.08840942382812,652247
2019-02-07,78.38041515251253,80.34097353449914,77.671280129152,79.33983612060547,908874
2019-02-08,78.92267385715718,79.59009860300307,74.87642804368096,76.08612823486328,1249880
2019-02-11,75.12674218943856,76.7118654185921,74.58446017497401,75.37702178955078,1113468
2019-02-12,74.9598712063788,75.16844069018344,73.87531370961601,74.54273223876953,701461
2019-02-14,74.62615802933313,76.54499980758094,73.8335965446421,75.58557891845703,973847
2019-02-15,75.62729704482368,75.87757660949283,73.04103668636216,73.45817565917969,704395
2019-02-18,72.99932748791149,73.958748493617,71.58105738558942,71.83133697509766,1154976
2019-02-19,71.58103315173422,73.91700702147855,71.58103315173422,72.79073333740234,806205
2019-02-20,72.70732349539887,75.5021533118354,72.66560705252729,75.08501434326172,1120349
2019-02-21,75.33530314752436,76.37815060878556,75.08501721080735,75.87757873535156,1420578
2019-02-22,75.91929739421344,78.00499237757096,75.87758094853191,77.67127990722656,899302
2019-02-25,78.0049856237463,78.13012858491982,76.00271734007622,77.17070770263672,1363519
2019-02-26,76.67014589036026,76.75357241345469,73.83359954989935,75.75244140625,1323870
2019-02-27,76.21129596383963,78.42213399303346,75.12673835529812,75.66901397705078,1202555
2019-02-28,76.00272079591338,76.67014570916297,75.25186935976652,75.79415130615234,617486
2019-03-01,75.91929748177468,79.25640945899553,75.91929748177468,78.79755401611328,1181857
2019-03-05,79.25641099250619,81.92609807992353,78.6307024846706,81.59239196777344,1222081
2019-03-06,81.8009509387678,84.42892124130535,81.8009509387678,82.55179595947266,1238707
2019-03-07,82.1763687133789,83.21921603207662,81.13352139468121,82.1763687133789,820619
2019-03-08,81.75923177991953,82.59350965522484,80.84152739009072,82.301513671875,818853
2019-03-11,82.59351123348033,85.93062279846943,82.51008471736263,85.17977142333984,1017860
2019-03-12,85.84720350882434,87.9328984125128,85.55520749531509,87.30718994140625,1460599
2019-03-13,87.59917991748755,88.01631886947558,85.9306241095354,86.34776306152344,559869
2019-03-14,85.93062774626343,86.89004864944727,84.42892490953781,84.92949676513672,546086
2019-03-15,85.09634907014674,86.72318849165006,85.09634907014674,85.97234344482422,613093
2019-03-18,85.93062774626343,87.14032821221117,84.51235779549467,84.92949676513672,714095
2019-03-19,84.67921130871615,88.85060102835735,84.67921130871615,88.30831909179688,1692372
2019-03-20,89.30945054645727,89.30945054645727,86.89004339581096,87.89117431640625,2475525
2019-03-22,87.18204261145495,88.64202897097692,85.01292129317224,85.38834381103516,914696
2019-03-25,84.42893511761162,84.92950703373332,82.59352597528644,82.92723846435547,731333
2019-03-26,83.63636488129738,84.76263884609325,83.30265242671898,84.01178741455078,807771
2019-03-27,84.67922107567247,85.09636009574967,82.5518095272642,82.92723846435547,906880
2019-03-28,84.01178951968387,86.5563398889393,84.01178951968387,85.2632064819336,2145564
2019-04-01,87.5991767560932,90.10201037769586,87.18203781915942,88.85059356689453,1421840
2019-04-02,88.43346281665725,89.01745483641338,86.55633742668104,87.26547241210938,585162
2019-04-03,88.14147229850957,90.68601638888484,84.84607036731819,85.4717788696289,3564245
2019-04-04,85.09635268162637,86.55633912469348,84.26207471415944,85.72206115722656,1082752
2019-04-05,86.30604952159196,87.80775234524454,85.93062699819656,87.14032745361328,707228
2019-04-08,87.59917124411886,88.3500225563611,84.42891297688926,86.26432800292969,1247347
2019-04-09,86.68147568955617,87.14032471874579,84.42892152477289,86.89004516601562,981806
2019-04-10,86.68148129251858,88.80888627089614,86.09748290166215,87.3488998413086,1696035
2019-04-11,87.89118586869014,89.267745839218,87.72433281500507,88.7254638671875,2060203
2019-04-12,88.72546161965222,89.01745763872245,86.34777065717205,86.9317626953125,1017100
2019-04-15,87.6409008849566,90.10201828277748,87.6409008849566,89.39288330078125,1681352
2019-04-16,89.93515259244063,90.10200561237559,88.89230530526035,89.05915832519531,996600
2019-04-18,89.55972985465857,89.55972985465857,86.34776126421416,86.76490020751953,819853
2019-04-22,85.93062573186468,86.51461772965932,84.34549641137662,85.38834381103516,827214
2019-04-23,86.34776937252292,87.34890038445093,83.09408403620331,83.46951293945312,1970981
2019-04-24,83.8449327282013,84.67921066579534,83.26094071789969,84.38721466064453,887637
2019-04-25,84.30379190290412,86.13920090152273,84.01178951968387,85.2632064819336,884871
2019-04-26,85.17977816594845,85.76377655507044,84.2620736859404,84.51235961914062,500733
2019-04-30,84.26207193019872,84.76263742113338,81.09181321255325,81.71752166748047,660304
2019-05-02,81.75923904664856,81.75923904664856,79.50669112913269,80.63296508789062,1386045
2019-05-03,80.8415356413532,81.7175236808123,80.42439666112438,81.25867462158203,467313
2019-05-06,80.42439468710977,81.75923811807117,80.34096816611886,81.13352966308594,525657
2019-05-07,81.25867023301798,82.34322770401744,78.42212404764913,78.7558364868164,797318
2019-05-08,78.67241069594735,79.67354165767357,77.96326936926955,78.29698181152344,552857
2019-05-09,78.42212294640777,78.63069242232906,77.42099200799964,78.130126953125,402190
2019-05-10,77.96327375470678,81.30038563488745,77.96327375470678,80.75811004638672,926054
2019-05-13,79.25639930052778,80.09067718790175,75.96100419141463,76.41985321044922,908248
2019-05-14,76.41985630063101,77.75469970139926,75.3352988222098,77.17070770263672,530212
2019-05-15,78.25526374472638,78.25526374472638,75.54386077142344,76.58670806884766,915896
2019-05-16,76.54500702953843,79.08955749315604,75.502159522324,78.83927154541016,779413
2019-05-17,79.00612378209786,80.42440019623868,77.9215662048518,79.88211822509766,803671
2019-05-20,81.42552475562594,83.38607661957876,81.05010223286057,81.63409423828125,1122039
2019-05-21,81.67580575725914,82.67693666764043,80.00724999660027,81.30037689208984,1069142
2019-05-22,81.00838776788144,82.84380307907537,80.42439574820443,81.75923919677734,1458032
2019-05-23,83.42778637913851,84.84605620156988,81.17523869291576,81.6758041381836,1461829
2019-05-24,80.9249609751609,85.72205917729671,80.9249609751609,85.01292419433594,1028701
2019-05-27,85.13806763018425,88.43346299776599,85.13806763018425,87.22376251220703,1690067
2019-05-28,87.8077536087979,88.72545807422001,86.68147965736912,87.72432708740234,837508
2019-05-29,87.59917981878839,92.02085525089372,87.34889390186345,89.60144805908203,4912587
2019-05-30,89.6014415813375,90.7694318341551,88.60030435105034,90.2271499633789,1610827
2019-05-31,89.68487550054682,92.31285219519782,89.05916706682207,90.26886749267578,2808392
2019-06-03,90.06030537334051,90.51916080824458,87.72433084892346,88.6003189086914,963843
2019-06-04,88.43345731219908,89.93516007672223,87.5991794130274,87.93289184570312,526986
2019-06-06,88.09974591318432,88.55860130912653,83.9283563683836,84.76263427734375,716236
2019-06-07,84.26207307608739,87.34889894969217,83.6363646126511,86.68148040771484,1019517
2019-06-10,87.8077557591966,87.84947220343379,84.3037908544876,84.63749694824219,870524
2019-06-11,84.63749131799266,85.84719810500606,84.01178288627256,84.76263427734375,651358
2019-06-12,84.47064027153597,87.22375998195577,84.38721375168228,84.88777923583984,1183992
2019-06-13,84.88778181218962,85.47177383392506,82.63523388259786,84.01178741455078,696495
2019-06-14,83.92835057626094,86.05576164330505,83.51121165056875,84.34548950195312,1015339
2019-06-17,83.76150344258664,84.26206891561293,80.59124483836133,80.92495727539062,893162
2019-06-18,80.50782178982318,81.38381617914638,78.92269241939985,79.54840087890625,594594
2019-06-19,79.54839573493348,81.13352500285491,77.62956040221613,78.08840942382812,1190838
2019-06-20,77.58784826017587,80.50782104416099,76.00271890443399,80.00725555419922,698376
2019-06-21,80.04897411964595,80.92496859373696,78.54727749053647,78.96441650390625,556273
2019-06-24,78.17183940312816,79.54839925901769,76.50328354508883,76.71185302734375,1011962
2019-06-25,76.5032722600179,77.0872705432068,74.91814952073189,76.37813568115234,2388946
2019-06-26,76.37813860936281,78.00497784733066,76.1278527119671,76.58670806884766,2563512
2019-06-27,76.7535759868603,77.7547070406745,74.33416851426728,74.95987701416016,3115533
2019-06-28,75.41871650472069,76.62841680257834,75.16843061169892,76.0027084350586,719262
2019-07-01,76.67013841582158,77.21242031062218,76.08614008102283,76.87870788574219,648292
2019-07-02,77.21241737221027,77.71298280796309,76.41984959765304,76.67013549804688,1102563
2019-07-03,77.46270006531041,79.08954575411843,77.12898763952658,77.42098999023438,1807361
2019-07-04,78.04671081613085,78.21356387304557,77.42100230514649,77.79642486572266,705964
2019-07-05,78.17183921933005,78.29698218139586,75.12672987759635,75.58557891845703,730526
2019-07-08,75.08501976825225,75.25187282172287,72.9993247746897,73.29132080078125,621285
2019-07-09,72.24846955218818,74.04216842651367,72.24846955218818,72.99932098388672,720542
2019-07-10,72.99932082136034,73.83359877360445,72.16504286911622,72.45703887939453,453218
2019-07-11,73.33302080259298,73.33302080259298,72.2484571031268,72.66559600830078,283249
2019-07-12,72.99930950260112,73.75016081620625,72.54045415399949,72.70731353759766,338752
2019-07-15,72.87417402616234,73.16617002109699,72.45703507195988,72.74903106689453,270279
2019-07-16,73.08273491347477,73.33302080259298,72.03988765053981,72.66559600830078,201655
2019-07-17,72.74903324012715,74.54273206978796,72.2067576754928,72.83246612548828,562070
2019-07-18,72.91588863648472,73.24960106447334,72.37360673663261,72.5821762084961,479120
2019-07-19,72.74901974007977,72.87416267986318,72.03988490135292,72.41531372070312,354272
2019-07-22,72.33189855300398,72.33189855300398,70.6633425876287,70.99705505371094,288976
2019-07-23,71.12219820475553,71.28905125570249,70.53820616140534,70.9553451538086,202277
2019-07-24,70.9136323281408,71.20562836472001,69.32850280309276,69.57878875732422,265127
2019-07-25,69.66220205969202,70.74676583537787,69.28677956466576,70.28791046142578,341506
2019-07-26,70.07935134586252,70.74677628564703,69.49535929732805,69.95420837402344,251916
2019-07-29,69.95419388181479,70.45475930043449,68.74449358973095,68.86963653564453,241859
2019-07-30,68.8696384674682,69.1616344394341,65.15709824807819,66.32508850097656,460417
2019-07-31,66.36681004469993,67.45136750472705,65.32396266099965,67.20108795166016,358341
2019-08-01,66.65880493427494,67.07594388084107,65.19881862129348,66.57537841796875,297166
2019-08-02,65.99138367524334,67.15937406237877,65.32396514333419,66.90908813476562,363691
2019-08-05,66.53365629462999,66.53365629462999,64.23939228447034,64.61481475830078,336454
2019-08-06,64.28111739621284,65.53253429790392,63.113127014960725,64.07254791259766,352953
2019-08-07,62.48742079756509,63.27998231761662,60.94400783665459,61.81999588012695,745002
2019-08-08,61.4028470483484,61.986845348686465,60.23485681270698,60.860565185546875,449958
2019-08-09,61.44457026980714,62.153705230979014,60.36000642446045,60.77714538574219,475755
2019-08-13,60.86057857982557,61.11086453005869,58.608030487871986,59.56745147705078,284196
2019-08-14,59.35887890972924,59.650874926572435,58.39945797007091,59.40058898925781,298115
2019-08-16,59.358873461286365,59.90115536566911,58.06574017891483,59.48401641845703,305036
2019-08-19,59.90115951814605,61.44457245681642,59.73430010867305,61.1525764465332,299328
2019-08-20,61.36115167891299,62.07028673171082,60.81886968617244,61.861717224121094,298023
2019-08-21,61.19428342956925,61.73656534411244,59.6508705689735,60.69371795654297,237045
2019-08-22,60.48514416698011,60.48514416698011,57.14803276466397,59.0251579284668,349473
2019-08-23,59.23373690024814,59.69259233774329,57.23146846441567,58.608028411865234,463426
2019-08-26,59.56744840247949,59.73430145066538,58.02403542913478,59.40058898925781,209667
2019-08-27,59.69259280868749,62.57084933194247,59.31716389367428,61.94514083862305,449442
2019-08-28,61.81998980508926,63.27997609910638,59.69258502425681,60.27657699584961,353393
2019-08-29,60.56857909666367,62.48742096568407,60.3182995257278,62.070281982421875,283703
2019-08-30,62.15370505654781,63.82226089699204,61.44457009736609,63.44683837890625,541150
2019-09-03,62.57084641112356,62.904558864990015,61.027433472656305,61.44457244873047,200227
2019-09-04,61.69484748496403,62.52912537584947,60.23486117591452,62.19541931152344,169724
2019-09-05,62.36227810968262,64.19768709331784,62.195425062092426,63.48855209350586,282989
2019-09-06,63.44684201412619,64.23940353773327,62.86284361748897,63.48855209350586,377602
2019-09-09,63.35967527381842,64.86312519557003,63.01602826651375,64.39060974121094,250672
2019-09-11,64.21880325689932,68.17072830026547,64.21880325689932,67.6982192993164,794293
2019-09-12,67.78411664566175,68.51436245813566,66.32361846619226,66.49544525146484,246522
2019-09-13,66.19476715282143,69.15870921150542,65.80816174004349,68.64324188232422,412148
2019-09-16,68.2566313770039,69.37348263567189,67.01091821154685,68.12776947021484,358008
2019-09-17,70.01780767728275,71.47829920334397,65.72223665413657,66.40953063964844,1259872
2019-09-18,66.96795170124176,67.22568859241422,65.97997557896399,66.32361602783203,184728
2019-09-19,66.15180111551105,66.36657969056141,64.94903978432464,65.163818359375,204081
2019-09-20,65.63634196903674,68.47141557783927,64.51949061875156,67.82707977294922,474384
2019-09-23,69.5882606114894,71.13466902466469,68.47140936258256,69.9319076538086,416421
2019-09-24,70.40442183635626,74.74295213984604,68.81506152129855,73.239501953125,1595780
2019-09-25,73.88383749685103,74.95773048372386,70.70511687751649,71.13467407226562,1144593
2019-09-26,71.22057762620602,71.65013478130435,69.67416924604326,70.74806213378906,978035
2019-09-27,70.87693801179128,71.95083101196994,68.29959481136251,68.64324188232422,519545
2019-09-30,68.90096517371401,68.90096517371401,66.49544903376558,66.83909606933594,221841
2019-10-01,68.60028712314322,68.9009758679921,64.94905073185075,65.63634490966797,407673
2019-10-03,65.29269131096811,65.93702708048424,64.43357695161326,65.2497329711914,198108
2019-10-04,65.72225189208984,66.40954603695347,64.90609583027167,65.72225189208984,222355
2019-10-07,65.20678540460673,65.29269553519585,63.144909497853874,63.574466705322266,290415
2019-10-09,63.91810636659543,64.82017246491009,62.28578785668815,64.47653198242188,305061
2019-10-10,64.30469756382941,66.62430987278508,63.83218867915936,66.15179443359375,293480
2019-10-11,66.1517988966074,67.74115898776441,64.86312748953064,66.92500305175781,323286
2019-10-14,66.92499992239395,67.61228737465147,65.37859168440205,66.32361602783203,209443
2019-10-15,66.53839992879293,66.79613684066213,64.82017132839003,65.163818359375,295047
2019-10-16,65.37859455025568,66.10884036789255,64.43357016540081,64.6913070678711,276656
2019-10-17,64.82017782586341,66.06589761873768,64.26175871837498,65.55043029785156,274724
2019-10-18,65.55042864600995,67.65525621763861,65.50747030596754,67.05387878417969,275279
2019-10-22,67.05387863318931,67.05387863318931,65.59338028382824,65.80815887451172,286934
2019-10-23,66.49545565506735,68.7721101185821,65.72225138667254,68.0848159790039,614071
2019-10-24,68.21368604718573,69.20166893802384,66.3665887390141,67.26866149902344,551317
2019-10-25,64.17583834301297,66.75318135364839,63.70332939044314,65.20677947998047,588498
2019-10-27,65.72224213983952,66.49544629944786,64.5194808420623,66.10884094238281,56929
2019-10-29,66.58135672857061,67.18273410301995,65.5074638781098,66.66726684570312,297277
2019-10-30,67.31160672735132,67.69821211018863,66.66727097714465,66.88204956054688,294249
2019-10-31,67.09682685744765,70.79102104294297,66.45249111959536,68.94392395019531,1321001
2019-11-01,69.1587082436008,71.22058408599156,68.81506117744857,69.88895416259766,742287
2019-11-04,70.27555641096262,71.56422793521361,69.63122064883713,69.97486114501953,395554
2019-11-05,70.275553105345,70.36146322534957,68.17071911536206,68.51436614990234,253157
2019-11-06,69.07279761026304,69.11574939664115,66.83910152840222,67.22570037841797,273436
2019-11-07,67.22569660489486,67.65525377169931,66.32362393279666,66.88204956054688,257257
2019-11-08,67.69820756020049,68.47140516486421,66.28066769411407,66.79613494873047,245749
2019-11-11,66.9679635430119,66.9679635430119,63.230817287309996,64.99200439453125,380006
2019-11-13,65.07791556317852,65.7652097024865,63.23081829899564,63.402645111083984,311766
2019-11-14,63.14490487529388,63.53150371190511,62.07101193523786,62.24283218383789,308989
2019-11-15,62.242835092236966,62.586482160016836,61.4266790414671,61.5984992980957,241602
2019-11-18,61.59848999603435,61.64144833096564,60.395735272218204,60.52459716796875,347705
2019-11-19,60.524599951667156,60.99711543955702,60.180959474498486,60.56755828857422,191710
2019-11-20,60.91120699938984,61.89918978479015,60.39573971490511,60.954158782958984,320401
2019-11-21,60.61052382218287,61.77032695664337,60.4816553506822,61.04008102416992,191430
2019-11-22,61.340762798885436,61.684409832411575,60.610516949218635,60.7823371887207,339287
2019-11-25,60.82529830932617,61.211897143158254,60.65347150743902,60.82529830932617,244740
2019-11-26,61.168936394547,61.512583430262396,60.18096017933304,60.30982208251953,346682
2019-11-27,60.30981792203111,60.73937504841173,60.18095602773418,60.43868637084961,173212
2019-11-28,60.481651306152344,60.610519769035314,60.223914380386404,60.481651306152344,199765
2019-11-29,60.65346854207181,63.31672157315363,60.65346854207181,62.45760726928711,633202
2019-12-02,63.101944597080475,63.27377139492348,60.73938020154684,60.954158782958984,286443
2019-12-03,60.99711615395032,61.46963164737424,60.18096017933304,60.30982208251953,155985
2019-12-04,60.30982740098055,60.56756433912631,59.27889275744277,59.837318420410156,234984
2019-12-05,59.83732098152689,60.35278832535847,59.10707503155524,59.32185363769531,248765
2019-12-06,59.70844031557817,59.75139864984404,58.46272727612653,58.54863739013672,166178
2019-12-09,58.80637165499408,59.235928808221274,57.259969836089375,57.5177001953125,236142
2019-12-10,58.07613253342257,58.419779606719594,56.873371054144386,57.217018127441406,188687
2019-12-11,57.2170104500221,58.41977176791292,56.70154318650372,57.90430450439453,181829
2019-12-12,57.90430617859317,58.84933061478753,57.56065914147102,58.2909049987793,129295
2019-12-13,58.97820007733644,59.665487608762184,58.41977445181903,58.59159469604492,213302
2019-12-16,58.333863692623446,59.107067892239904,57.99021665340257,58.16203689575195,144253
2019-12-17,58.41977783203125,59.6225392747717,58.20499923706055,59.06411361694336,199770
2019-12-18,59.278893251328256,60.0520975176849,58.72046758370831,59.021156311035156,155959
2019-12-19,58.72046176767891,59.321845717290564,58.4197730701341,58.76342010498047,125022
2019-12-20,58.84933727080496,58.97820574361639,57.86135438528105,58.33386993408203,154344
2019-12-23,58.29090887024867,58.720466056550464,57.64657309079598,57.947261810302734,142693
2019-12-24,57.9043114651634,58.247958533659975,57.732484653653785,57.81840133666992,105838
2019-12-26,57.81839118815248,60.52459581056771,57.81839118815248,59.66548156738281,627050
2019-12-27,60.052088341044296,60.65346570380069,59.06410562692593,59.53662109375,286864
2019-12-30,59.536626975101946,60.138004397265675,58.84933287446712,59.45071029663086,196670
2019-12-31,59.278885180503515,61.684407780651505,59.278885180503515,60.18095779418945,427722
2020-01-01,60.13800533697712,60.82529944835154,59.70844815599871,60.09504699707031,141032
2020-01-02,60.39574122130216,62.75830567576313,59.5795786588659,62.371700286865234,718126
2020-01-03,61.942134855679825,63.918100212344754,61.555536072842585,62.62942886352539,559836
2020-01-06,61.942143974513776,64.64835551633459,60.99711949049509,61.469635009765625,834440
2020-01-07,62.28579666971023,64.82018163653062,61.9421495840762,63.96106719970703,1091272
2020-01-08,62.629434265261686,64.691309912112,62.285787231699636,64.0469741821289,779828
2020-01-09,64.4765321882345,70.27555383478177,64.04697502923099,68.25662994384766,5383437
2020-01-10,68.12777651173714,69.02984272510693,67.26866208689567,67.6982192993164,785346
2020-01-13,67.91298740963103,69.15870051131806,67.87002907321897,68.34254455566406,579359
2020-01-14,68.72914937227821,70.31850964060766,68.47141244032319,69.84600067138672,877521
2020-01-15,70.01782157236896,74.09861485419415,68.72915000968733,71.82196044921875,2078836
2020-01-16,72.50925185363182,73.88383349140466,71.04875353794883,73.7120132446289,1247582
2020-01-17,73.71201772783233,74.31339518264583,72.1656091947081,73.79792785644531,694834
2020-01-20,73.19654497006125,73.58315038653478,70.96284881924205,71.86492156982422,467039
2020-01-21,71.73604995955283,72.59516433032591,70.96284571495255,71.9508285522461,284136
2020-01-22,72.59515405552256,75.85979082420674,71.39239279576934,74.82884979248047,1370183
2020-01-23,75.08659159308826,78.65191727093845,74.27042907035133,77.7068862915039,1846307
2020-01-24,76.46118524202831,81.95951897483158,76.28936497565319,81.14335632324219,2809476
2020-01-27,81.70178280228559,83.67774865711625,81.22927378797259,82.13134002685547,1419032
2020-01-28,82.47497683340245,84.02138527083765,78.39418370883307,78.86669921875,765784
2020-01-29,79.25329028320311,81.31516581285744,78.95260160387306,80.54196166992188,485399
2020-01-30,80.7567541059356,80.97153270728117,78.39418949113428,79.12443542480469,518143
2020-01-31,74.57112195284343,75.43023623085074,71.9937791188215,73.62609100341797,1400498
2020-02-03,68.64323315642733,69.33052065646037,64.86312896541905,65.42155456542969,742432
2020-02-04,66.32362428841188,67.78412259609122,65.9370254580239,66.75318145751953,320167
2020-02-05,66.79614415084743,67.9559472721441,65.67929281654831,65.97998809814453,311932
2020-02-06,66.15179721991014,67.78411560507197,65.80815020916214,66.19475555419922,360692
2020-02-07,66.71023378771636,67.74116843534934,64.86313653572817,66.96796417236328,505662
2020-02-10,69.84599272469151,72.07968851424837,68.12776418587521,69.28756713867188,2777095
2020-02-11,69.63121758224678,69.9748580632951,66.3236222387194,66.83909606933594,473235
2020-02-12,67.52638231994857,69.20165912899967,64.73426085938532,65.29268646240234,543547
2020-02-13,65.85112121580931,65.85112121580931,63.01604102470879,63.574466705322266,877094
2020-02-14,64.2187909806378,64.94903679125244,62.28578389426409,62.88716125488281,258217
2020-02-17,62.930127975814706,63.44559528996807,60.395743191089196,60.739383697509766,241491
2020-02-18,61.34075973654086,61.34075973654086,58.37681159418576,59.53662109375,361317
2020-02-19,59.75140475632455,61.81327392137445,59.75140475632455,60.3957405090332,336817
2020-02-20,60.22391690548741,60.69643243769608,59.36480252294258,59.9661865234375,236393
2020-02-24,59.45070902621873,59.96618286794075,58.41977445181903,58.59159469604492,212371
2020-02-25,58.84933574474851,59.06411434235708,56.57268129919313,57.25997543334961,634622
2020-02-26,56.70154634633459,57.861349392514256,56.31494751578211,57.131103515625,203184
2020-02-27,57.43178994308764,57.43178994308764,55.11218394282046,55.62765121459961,256829
2020-02-28,53.26509166096501,55.24105736051952,51.63277302496641,52.234153747558594,498317
2020-03-02,52.878487627194936,54.381937740836406,50.94548033822733,52.06232833862305,266717
2020-03-03,52.491887082503645,53.39395979945306,49.87158889016711,51.24617385864258,578196
2020-03-04,51.76163801394175,52.27710529736704,49.27020516377706,49.871585845947266,1007610
2020-03-05,49.82863367727967,50.68774805102587,49.055429430003585,49.22725296020508,309493
2020-03-06,48.1104040880759,48.239272552787725,46.692864085290616,47.12242126464844,309096
2020-03-09,46.82172922708303,46.82172922708303,43.90073930384686,44.20143127441406,503278
2020-03-11,43.857784271240234,45.10350065918418,43.47118218156646,43.857784271240234,496817
2020-03-12,39.519264011547556,41.92478377418946,38.66014957651391,38.960838317871094,819617
2020-03-13,35.22368180872873,40.80792404669792,33.505453427815134,39.17560577392578,1298083
2020-03-16,37.80103439471283,38.61719374732369,35.996895427687924,36.42645263671875,3046910
2020-03-17,36.42645371889885,37.32852322921055,35.22369218697556,35.610294342041016,348035
2020-03-18,37.328521341662345,37.328521341662345,33.67728514105492,34.32162094116211,433027
2020-03-19,33.97797107815182,33.97797107815182,31.615406671896167,32.04496383666992,658582
2020-03-20,32.21679056012953,33.849109259413986,31.572454748926937,31.787233352661133,853509
2020-03-23,30.069003262688053,30.069003262688053,25.816386431512775,27.019147872924805,605496
2020-03-24,29.123976754097836,29.209886875179237,25.601606076322533,27.964170455932617,327136
2020-03-25,27.491658855482296,29.33875599573946,26.589589454739006,28.393728256225586,355399
2020-03-26,28.43668265257326,31.228804189772728,28.00712549300411,31.056983947753906,848292
2020-03-27,31.70132202680839,32.38861287739199,29.639446197796307,29.98309326171875,506678
2020-03-30,30.02604519741501,31.099938063722693,28.350771670522835,29.89717674255371,410632
2020-03-31,30.842204805334156,32.51747507528409,30.15491074075256,31.40062713623047,868195
2020-04-01,31.74427416852127,32.302696499417586,31.09993844092176,31.40062713623047,490607
2020-04-03,31.744278726929153,34.36457707331731,30.799250891056055,33.505462646484375,725989
2020-04-07,34.49344315211662,35.56733611105847,33.806149036584856,34.92300033569336,398318
2020-04-08,33.80614689444663,38.40241043383063,33.80614689444663,34.53639602661133,1097349
2020-04-09,36.51236090294507,37.97285599451512,36.34053737265543,37.027828216552734,1493749
2020-04-13,37.19964656205681,37.843982252891266,35.39550793862467,36.16870880126953,536068
2020-04-15,36.59826939441702,39.7769930923502,36.59826939441702,37.75807571411133,1379326
2020-04-16,38.66014380511127,39.51925811189152,37.758074438444204,38.35945510864258,724698
2020-04-17,39.08969971781515,39.648125310402584,37.843983357069966,38.27354049682617,751359
2020-04-20,39.00379090176527,39.00379090176527,37.500340862469976,37.67216110229492,635532
2020-04-21,36.94191487525443,37.3714720249667,36.082800575829914,36.34053421020508,407371
2020-04-22,36.08280331037058,38.14467909615338,35.48142259974549,37.500343322753906,264947
2020-04-23,38.53128000915617,38.53128000915617,36.72714105758296,36.9848747253418,897996
2020-04-24,36.72714154219923,38.8319725316489,35.56733838335015,38.531280517578125,1954051
2020-04-27,39.519260768501105,39.562215831275495,37.371474857169524,37.500343322753906,627543
2020-04-28,37.80102675231888,39.30447667996793,37.070780955507935,38.31649398803711,585228
2020-04-29,39.17561114159022,39.17561114159022,37.45738252525274,37.67216110229492,861088
2020-04-30,38.359458001579135,38.40241306470547,37.50034363000748,37.71512222290039,444322
2020-05-04,37.37147268618776,38.23058700081276,36.082801214250246,36.77009201049805,462711
2020-05-05,37.41442708448573,37.929897630497024,36.125755635348945,36.34053421020508,774167
2020-05-06,37.54329817838833,37.88694195594864,36.29758170123684,36.598270416259766,773897
2020-05-07,36.72713953642666,36.72713953642666,35.82507009800177,35.910980224609375,286618
2020-05-08,36.16871423980484,36.51236130416028,34.79413253690568,35.0089111328125,350569
2020-05-11,35.09481936962815,35.82506852272785,34.53639701671074,34.83708572387695,258024
2020-05-12,34.7941329014269,35.524378824256026,33.9779735729782,34.880043029785156,902114
2020-05-13,36.08280842769293,36.59827580861244,35.22369394131929,36.555320739746094,724455
2020-05-14,35.91097496017912,38.14467397439782,35.30959433030252,37.414424896240234,857643
2020-05-15,36.51235477678818,36.85600177970929,36.08279766176714,36.211666107177734,390015
2020-05-18,36.21166736161276,36.59826615671558,34.536393899544194,35.266639709472656,755274
2020-05-19,35.56732973963553,35.9109734585809,34.794125636802335,35.09481430053711,233831
2020-05-20,34.79413097595011,35.438466734764,34.536397327876784,35.05186462402344,156238
2020-05-21,35.35255118632194,35.782108292949125,34.880035747223516,35.09481430053711,145680
2020-05-22,34.83708536671933,36.08280179855006,34.7941303057447,34.9659538269043,245064
2020-05-26,35.43846343527828,35.43846343527828,34.66525928578606,34.70821762084961,168410
2020-05-27,34.57935460575271,35.00891180582418,34.19275247023613,34.32162094116211,379236
2020-05-28,34.493443511930195,35.309599547430636,34.493443511930195,34.794132232666016,378401
2020-05-29,34.321617176189356,35.868022271358605,34.321617176189356,35.4384651184082,422105
2020-06-01,37.19964599609375,37.19964599609375,36.59826537167896,37.19964599609375,928642
2020-06-02,38.23059051858503,38.57423758695999,37.027829056534,38.015811920166016,817967
2020-06-03,38.61719310975947,39.90586471557617,38.01581237159274,39.90586471557617,1292921
2020-06-04,40.764977173202375,41.62409153606328,39.69108421962624,40.850887298583984,886742
2020-06-05,42.440248506384776,43.385272942748145,41.23748715350318,42.26842498779297,1483860
2020-06-08,43.213446989420405,44.802810350270235,42.95571336468447,44.244384765625,1209769
2020-06-09,44.759857097174105,46.907643009270004,43.685964141126156,46.22035217285156,1807705
2020-06-10,46.392176103045074,46.649909759276404,44.673947358487844,44.97463607788086,727787
2020-06-11,44.28734330760829,47.25128841839628,43.428228972728355,46.60695266723633,2110358
2020-06-12,44.67394480150799,47.680844932378726,43.2564048574788,46.17739486694336,2167862
2020-06-15,46.306267382386444,48.75474210680145,45.2753294489049,47.50902557373047,4804468
2020-06-16,49.14134061058434,49.27020579445968,45.103502581196445,46.60695266723633,1597298
2020-06-17,45.618968306601424,48.11040110320764,45.5760132467829,46.993553161621094,1011096
2020-06-18,47.20833648089393,48.539963132619725,46.82173434916416,47.63789367675781,980241
2020-06-19,47.25128744250146,47.46606602178556,45.618968929037905,45.962615966796875,1407805
2020-06-22,46.34922032723725,47.423113276073785,45.61897115567169,46.00557327270508,1098281
2020-06-23,46.1344392043847,47.85266782818107,45.87670556626745,46.86468505859375,1710937
2020-06-24,47.251284210770216,47.80970978962001,46.17739138779817,46.39216995239258,916171
2020-06-25,45.533061939514354,47.38015915928595,45.533061939514354,46.64990997314453,1051517
2020-06-26,47.208330821953886,48.969514458427604,46.64990522336569,47.466064453125,3107826
2020-06-29,47.89562892168426,48.625874867881606,47.42311664607061,47.594940185546875,1486748
2020-06-30,47.895620838224225,48.36813303409085,45.533056581630206,45.91965866088867,986977
2020-07-01,46.134444874048555,46.82173575257908,45.962621335100565,46.692867279052734,664928
2020-07-02,46.95059845614018,47.55197585266009,46.43512790264466,46.86468505859375,494464
2020-07-03,47.122424487791996,47.33720309216162,46.392178543839826,46.692867279052734,470775
2020-07-06,48.110398357303986,48.88360249895069,47.80970967847515,48.41108703613281,1495595
2020-07-07,48.539958033816724,51.63276820825287,48.36813451806783,50.816612243652344,5029948
2020-07-08,51.37503427022055,52.19119350726788,49.82862919212407,50.25818634033203,2235181
2020-07-09,50.68774633912587,51.54686068385682,50.2581891667604,51.07434844970703,1248927
2020-07-10,51.41798878576631,53.69464295809386,51.16025515501965,52.40597152709961,3556512
2020-07-13,53.86646518850572,54.811489571163726,52.44892533725787,53.00735092163086,2157851
2020-07-14,52.663708066900426,52.663708066900426,49.828631417560416,50.301143646240234,1338050
2020-07-15,50.387058697719965,51.93346389557152,48.45405138109022,48.79769515991211,921167
2020-07-16,48.88360927500464,49.14134293219263,47.20833558739078,47.76675796508789,677063
2020-07-17,48.110404929787265,49.61385508384311,47.68084774291416,49.22725296020508,546249
2020-07-20,49.914535860804484,51.031386990758016,49.012466567370325,50.47296142578125,946116
2020-07-21,50.43000837790384,52.148236920406454,50.25818486820141,51.41798782348633,1220814
2020-07-22,51.46095306231031,51.97642038330635,50.515925270802505,51.67573165893555,744364
2020-07-23,52.06233244884736,52.62075813176247,51.804598778756315,52.2771110534668,841348
2020-07-24,51.54686041520918,52.32006463234177,50.85956959845861,51.63277053833008,751953
2020-07-27,51.58981670669179,51.80459529687557,50.0004564502363,50.601837158203125,887970
2020-07-28,50.730698261981914,51.76163606732269,50.25818605706851,51.503902435302734,655553
2020-07-29,51.50390530413118,52.19119612022096,49.91454180983362,50.85956954956055,1195602
2020-07-30,51.46094829727437,51.7186819339075,50.687744110114,51.03139114379883,818030
2020-07-31,51.07435069194513,51.76164154245072,49.95750265021587,51.117305755615234,734257
2020-08-03,51.67573120378126,55.3699191004837,50.85957188834176,54.03829574584961,2065370
2020-08-04,55.3699158435517,55.75652122404486,53.308043421749076,54.46784973144531,1920935
2020-08-05,54.5967100858284,54.897402040531816,53.179173535692144,53.479862213134766,711332
2020-08-06,53.35099376436748,53.99532945368235,53.26508365002981,53.479862213134766,360289
2020-08-07,53.351004489552935,55.498790552373286,53.09327081746678,54.16716384887695,842439
2020-08-10,54.72558312945384,55.11218523095473,53.43691164262492,53.56577682495117,756817
2020-08-11,54.12420619640776,56.3149504975952,53.909427600390266,55.799476623535156,1602221
2020-08-12,55.71356754039275,55.75652588221054,53.86647354637502,54.21011734008789,1016071
2020-08-13,54.038292260747895,54.08124732147203,52.49188385659058,52.79257583618164,991138
2020-08-14,53.26508581442911,53.86646647101195,51.890504265606275,52.40597152709961,635934
2020-08-17,53.222133678007026,53.43691226163316,52.23415088242239,52.87848663330078,588926
2020-08-18,52.57779668676072,53.60873451929741,52.57779668676072,53.1362190246582,566534
2020-08-19,53.47986670340033,54.46784948754027,53.265088122262185,53.56577682495117,541482
2020-08-20,52.44893217846505,54.55376306230547,52.44893217846505,54.03829574584961,787295
2020-08-21,54.510807037353516,55.32696633839766,54.29602844640828,54.510807037353516,938262
2020-08-24,54.94036478345144,58.76342439698964,54.8114963166564,57.947261810302734,2796268
2020-08-25,58.84933025696698,60.48164875748069,57.259970093778115,58.41977310180664,5682028
2020-08-26,58.63454702000275,63.57445391179785,57.560654217438596,62.028045654296875,7137017
2020-08-27,63.05898781389995,63.10193959406367,60.13799802738002,60.653465270996094,1477460
2020-08-28,60.9971177288184,61.29780643488701,58.89229023181594,59.150020599365234,993313
2020-08-31,59.45071138164566,59.45071138164566,54.983319309553416,55.28400802612305,1092980
2020-09-01,55.7565179956973,56.40085370468952,54.210109672307276,54.897403717041016,533790
2020-09-02,55.241058115078296,57.00223868875975,55.02627951673743,56.229034423828125,737508
2020-09-03,57.3888427117284,58.37681899660453,56.357901531890604,57.947261810302734,1339549
2020-09-04,57.94726321055501,58.07613168046406,55.84243556862364,56.229034423828125,932189
2020-09-07,56.57267563861505,56.916322671308485,55.284004181906184,55.62765121459961,403789
2020-09-08,55.92834345273851,56.271990507198396,54.124204609977085,54.29602813720703,437541
2020-09-09,54.124197902449644,54.124197902449644,52.66370301788377,53.479862213134766,340484
2020-09-10,54.124199922176565,55.32696123135152,53.608732662393535,54.424888610839844,492895
2020-09-11,54.51080479241308,54.94036195661293,54.210112811116545,54.46784973144531,305866
2020-09-14,55.12461547715647,56.39436501694803,52.672687289569154,55.38732147216797,613110
2020-09-15,55.43110960870922,56.13166009734847,54.33649842630783,54.8181266784668,348584
2020-09-16,55.12461416291493,56.21922189261802,54.51163129551041,55.343536376953125,627606
2020-09-17,54.73056011966064,55.69381664157135,53.723516477263566,53.89865493774414,697138
2020-09-18,54.3802789572809,54.86191052115944,51.31536782962927,52.935394287109375,1133701
2020-09-21,52.80404349474655,53.85487091235355,50.78995955961798,50.92131423950195,678170
2020-09-22,51.359152058648824,51.6656418179841,48.25045398873578,50.13318634033203,631775
2020-09-23,50.658604495374796,51.096448971014986,48.29424699930836,49.257503509521484,569201
2020-09-24,48.77587434736203,51.57807960744613,47.28720248977158,48.51316833496094,1362653
2020-09-25,48.994792270933026,53.32945278593026,48.381809402263784,52.27862548828125,1055241
2020-09-28,52.54133605957031,55.387325096130375,51.84078558020701,52.54133605957031,2805416
2020-09-29,52.97917674287766,54.1175716080981,51.00887678136568,52.89160919189453,924582
2020-09-30,52.541331564700926,54.29270928352429,52.234841800102,53.94243240356445,866819
2020-10-01,54.68676638470862,58.32087291082331,54.55541172813738,56.52571487426758,4809515
2020-10-05,56.91977980247778,58.014390952525424,55.73760109662157,56.175445556640625,2093071
2020-10-06,58.14573786271948,58.58358226427463,57.051126858831594,58.058170318603516,2161538
2020-10-07,57.05112985618013,58.05817336886005,56.963562307463555,57.22626495361328,631281
2020-10-08,57.70790188200458,58.890080602514054,56.700858275283046,58.101959228515625,1281296
2020-10-09,58.89008128875772,60.51010449359146,58.27710170238055,58.933868408203125,2694863
2020-10-12,59.109005170368675,59.28414029107542,56.48193827390784,56.87599563598633,676740
2020-10-13,56.61328681241853,56.61328681241853,54.030003976419025,54.42406463623047,1002967
2020-10-14,53.329451891690404,54.11756984634591,52.89160747005251,53.198097229003906,829483
2020-10-15,53.02296408049236,54.949480395937606,52.76025806940623,53.723514556884766,976346
2020-10-16,54.20514375652249,56.74464287977665,53.85486686349156,56.131656646728516,742666
2020-10-19,57.13870591833684,58.71494875399198,56.569506745407104,58.320884704589844,867076
2020-10-20,57.97059913916775,58.10195380273047,57.007342741333986,57.22626495361328,334119
2020-10-21,57.532756036611055,57.7954653697731,55.51867564594691,55.956520080566406,425283
2020-10-22,55.38732574439393,59.459280672864814,55.38732574439393,58.84629440307617,750698
2020-10-23,59.06521685426753,59.459280889347056,57.13870384157809,57.313838958740234,852044
2020-10-26,57.00734468047489,58.14574289544086,55.168399370971045,56.08787536621094,1260806
2020-10-27,56.08787606906184,57.3576222869942,55.69381206003122,56.00030517578125,476102
2020-10-28,56.52572221162193,59.415491626420604,56.131658190756504,57.007347106933594,1993089
2020-10-29,56.875991458800875,59.37171017192503,56.13165722899898,58.49602127075195,2063140
2020-10-30,58.05818091684115,60.33497088434977,58.05818091684115,59.45928192138672,1861916
2020-11-02,59.80954792482413,60.203605213833626,57.00733974628593,58.058170318603516,1002093
2020-11-03,58.71494328890171,59.546845069690775,56.26301170187695,57.094913482666016,3768840
2020-11-04,58.058170318603516,58.80250446505221,57.00733974628593,58.058170318603516,1880627
2020-11-05,58.32087317224486,58.62736291830134,57.62032613568366,57.97059631347656,797710
2020-11-06,57.44518468356672,58.583582810616804,57.44518468356672,57.83924865722656,677065
2020-11-09,58.4522336028343,58.53980115593173,56.04408914728682,56.48193359375,1026976
2020-11-10,56.91977855756525,57.18248790022138,55.78138365451156,55.91273498535156,678813
2020-11-11,56.13165701758511,56.35057924205383,55.16840056611795,55.43110656738281,634775
2020-11-12,55.387323215470715,56.21922500244306,54.949478763174504,55.080833435058594,1549008
2020-11-13,55.47488791491544,56.39436388981036,55.21218192515457,55.825164794921875,753516
2020-11-14,56.35057948634494,56.613288829236744,55.95652215298336,56.26301193237305,343620
2020-11-17,56.83221100367191,57.05113322889331,55.693812760130164,55.91273498535156,923195
2020-11-18,55.86894959764009,57.31383423815087,55.82516582195575,56.919776916503906,666257
2020-11-19,56.61328241832328,58.18951825425207,56.13165090455386,56.52571487426758,1921044
2020-11-20,56.91978426015333,58.933871606364846,56.52572688766605,58.452239990234375,990767
2020-11-23,58.89008448454325,58.89008448454325,57.75168612694947,58.452239990234375,682053
2020-11-24,58.53980244517595,61.21065629981298,57.97060331604292,60.42253494262695,3684522
2020-11-25,60.947947785873026,61.56093404137615,58.890080150274315,59.37171173095703,1443236
2020-11-26,59.721981303424386,62.96203429603526,58.933866625064105,62.567970275878906,3583319
2020-11-27,62.61175496769483,63.443656731938155,61.38578919856575,61.64849853515625,1381188
2020-12-01,61.954992411072226,62.8744684690688,61.69228305707995,61.91120529174805,1099407
2020-12-02,62.480405082989876,63.13717179377318,61.736070813630754,62.39283752441406,769229
2020-12-03,63.39988358129382,66.11451808708473,63.31231601936058,64.71341705322266,3814648
2020-12-04,65.0198945621815,65.23881676609457,62.78688540987802,63.88149642944336,1440456
2020-12-07,63.969074526735405,66.99019845116217,63.969074526735405,66.11450958251953,2849384
2020-12-08,66.20208441177405,67.12156049733093,62.61176099179644,64.4507064819336,1601844
2020-12-09,64.58205592030168,69.52969950666237,64.58205592030168,67.60317993164062,5793698
2020-12-10,67.25291790503205,68.91672166105809,65.15126296781663,67.73454284667969,2549103
2020-12-11,67.55939575594182,68.74157436098658,66.55235224757936,67.95345306396484,1109331
2020-12-14,68.2161690877482,68.43509132058374,66.11451431633179,66.85884857177734,1607500
2020-12-15,66.50857462157221,67.34048315193915,65.06369316536552,66.81507110595703,1147264
2020-12-16,67.4280439246361,69.61726612998143,66.81506437952979,67.20912170410156,1203969
2020-12-17,67.38426502953435,68.43509582489509,66.20208623060822,66.63993072509766,774988
2020-12-18,66.77128182605756,66.99020406155283,64.58205947110486,65.45774841308594,745839
2020-12-21,64.97611741050883,65.37018144655165,58.62737252370262,60.159828186035156,936710
2020-12-22,58.75872393251821,61.736067532701895,57.79546747742305,58.49602127075195,1490111
2020-12-23,58.75873012150399,60.860385041879354,58.75873012150399,60.46632766723633,1267169
2020-12-24,61.82363095855934,63.57500864396315,61.56092831433417,63.0933837890625,1504707
2020-12-28,63.1809468634638,64.58204757638352,62.48039316651634,64.14420318603516,939502
2020-12-29,64.36312927199286,66.99019577289053,63.399872891192175,66.02693939208984,1672777
2020-12-30,66.33343638206014,66.33343638206014,64.10042694037254,64.3631362915039,648267
2020-12-31,64.75718691215432,65.1512508979276,62.87446125481487,63.2247314453125,627960
2021-01-01,65.67666386740419,68.74157484788306,64.8009750158388,67.3842544555664,5549160
2021-01-04,68.82914364212913,72.06919646012685,67.42804279047036,71.41242980957031,4929863
2021-01-05,71.80648583101939,73.47029598525035,71.14971919232104,72.68217468261719,3773583
2021-01-06,72.68217958331239,73.86435827648428,71.14972398968833,71.89405822753906,2701788
2021-01-07,72.68218047914195,76.4038583952426,72.68218047914195,75.2216796875,6136643
2021-01-08,76.09735401740868,77.14817784924718,73.64542283515219,74.08326721191406,2122488
2021-01-11,74.34598052491329,74.56490272511563,71.5875594661686,72.0691909790039,1612066
2021-01-12,72.46325841416125,76.18493633875563,71.98162683388205,73.68922424316406,1974704
2021-01-13,74.12706924018222,74.87140349428097,71.5875700076897,73.12002563476562,1326945
2021-01-14,73.51408208967436,74.82761546838904,71.10593756203079,72.72596740722656,1252760
2021-01-15,72.55081831417104,73.42650714519537,71.01836285987845,71.45620727539062,966246
2021-01-18,70.93080090800406,71.58756758307818,67.6907546500289,69.2669906616211,1094235
2021-01-19,69.79240682337395,71.10594025177605,68.39130583594034,68.78536987304688,1134378
2021-01-20,68.5664389635927,69.74861756345278,67.16533147237637,67.69075012207031,1468405
2021-01-21,70.49295205171235,70.49295205171235,67.60317618962455,67.95345306396484,1452848
2021-01-22,68.04102667114311,68.65401292606703,66.20208126832395,66.72749328613281,740989
2021-01-25,67.42804245429824,67.64696467005895,64.80097586516973,65.15125274658203,747553
2021-01-27,65.1950287865646,65.1950287865646,63.618792947921904,63.83771514892578,504023
2021-01-28,63.13716648508973,68.12859707594052,62.26147761100811,67.07776641845703,1290557
2021-01-29,67.60318405546917,68.12860276860158,66.63992754968719,67.1215591430664,879390
2021-02-01,67.77833058265483,69.61727616399904,65.93938500131063,68.56645202636719,1174607
2021-02-02,69.09186083608634,69.92376268238893,67.77832738551807,68.34752655029297,1121996
2021-02-03,70.49295543095687,72.24433320563904,68.74157765627471,70.40538787841797,3952478
2021-02-04,70.40538547459562,74.82761019609624,69.5734770514395,72.11297607421875,3699450
2021-02-05,73.07624439924041,73.47030845794318,70.40539695703595,70.9308090209961,1292892
2021-02-08,71.806489912346,72.06919925514745,69.70483521286259,69.96754455566406,648540
2021-02-09,70.6243111291647,71.19351025042415,68.74157865775703,69.2669906616211,1040994
2021-02-10,69.17942146996148,69.26698902170295,67.77832059917012,68.04102325439453,609979
2021-02-11,68.21617152633506,69.31078272964282,67.47183724428109,68.47887420654297,580205
2021-02-12,68.12859770273698,70.31781990808231,66.37721993846073,67.20912170410156,1989380
2021-02-15,67.60318466599388,68.08481626372273,66.68371527166136,67.25291442871094,419473
2021-02-16,67.25291382134951,67.86589341203538,66.55235999115727,67.1215591430664,464565
2021-02-17,66.55235224757936,68.12859484162284,66.2458624878975,67.95345306396484,570913
2021-02-18,68.30373664468715,70.40539141610356,66.6399263389418,66.85884857177734,2171608
2021-02-19,67.20912293355308,69.52969984986446,66.72749136717627,67.47183227539062,1989603
2021-02-22,67.07777088064567,68.82914874531514,66.85884864756198,67.55940246582031,1212446
2021-02-23,68.04102771414723,69.6172704727124,67.55940280751304,68.52265930175781,1274637
2021-02-24,68.91670803768397,73.55786149486953,68.78536005836644,71.1935043334961,1771787
2021-02-25,72.37568783946006,80.0379655999388,71.85027584350814,77.49846649169922,16812887
2021-02-26,76.18492658026253,80.73850572646275,74.56490361561295,77.89251708984375,9391610
2021-03-01,79.55632591189972,90.10837859353083,77.67359366119278,88.09429168701172,22446656
2021-03-02,89.14512155258356,94.00519033167103,85.20452199501116,86.43048095703125,13132458
2021-03-03,86.6056424528589,89.14514186022033,84.32885241490537,86.9121322631836,4940677
2021-03-04,85.72993455795992,89.97702388699018,84.94181330450655,86.56183624267578,4487868
2021-03-05,87.17482249688153,89.49539246636448,82.70880428314189,84.19747924804688,3983027
2021-03-08,84.67910280755297,86.38669994629207,83.40935674213625,83.93476867675781,2238554
2021-03-09,85.2045404840159,85.2045404840159,79.77526479575796,80.82609558105469,2058709
2021-03-10,82.05205258711369,88.18187528526236,82.00827214785569,85.9926528930664,7857449
2021-03-12,87.04346718893248,87.9191559802075,83.36557025699221,84.06612396240234,3564713
2021-03-15,84.37262152592476,84.41640864193842,80.12553183065879,81.001220703125,3300889
2021-03-16,81.08878720792406,82.13961784991065,79.38119660103757,79.90660858154297,1944183
2021-03-17,79.9066082662133,80.34445269506926,75.00275199922167,75.8784408569336,2132555
2021-03-18,76.36007081684407,77.62982375386318,72.15676802785727,73.55786895751953,1915973
2021-03-19,72.59461173928486,75.92222557788541,70.49295702591935,74.95896911621094,1796143
2021-03-22,75.1341075643915,77.76117416900692,73.77678714628318,76.27249908447266,2255446
2021-03-23,76.27249410060439,77.6735948619854,75.52815994746216,76.36006164550781,1106068
2021-03-24,75.74709368331676,76.66656974723894,72.94489173389678,73.38273620605469,675033
2021-03-25,73.86435204832506,74.30219646672766,70.09889405864799,70.88700866699219,1007480
2021-03-26,71.80648166637094,73.25136952390153,71.45620480985212,72.0691909790039,1329231
2021-03-30,72.81353397424017,73.47030065467953,71.36864594107831,71.63135528564453,1460527
2021-03-31,71.98161893330354,72.28811536764593,70.93079501290991,71.1935043334961,1128259
2021-04-01,71.5875630803844,76.97305081345249,71.5875630803844,76.3162841796875,2663260
2021-04-05,76.40385332772898,78.37415327027786,74.43355338518009,75.30924224853516,1735435
2021-04-06,75.48437709221834,79.20605474882606,75.00275222759575,77.67359924316406,2592325
2021-04-07,79.24983499556468,80.82607748002125,78.811990603324,80.03795623779297,2107765
2021-04-08,80.82608784745126,83.36558030340362,77.58603492068875,80.12553405761719,3502899
2021-04-09,79.68768797757279,81.96447772645112,78.0238777715162,78.89956665039062,1178281
2021-04-12,76.71034337137738,76.71034337137738,71.71891950457636,72.94488525390625,1461151
2021-04-13,73.25137672212541,75.74708871348432,72.98866738367668,75.26545715332031,765413
2021-04-15,75.09032484855891,77.32333426571705,74.43355815892137,76.75413513183594,943374
2021-04-16,76.84169923567569,80.08174541994627,76.09736502371904,79.6001205444336,1523281
2021-04-19,75.74708811437027,77.89252319782044,75.57195301077367,77.36711120605469,927856
2021-04-20,78.63687280110885,79.60012933954147,77.98010606840798,79.16228485107422,1240364
2021-04-22,79.60011819741698,81.08878657743675,79.29362843458651,79.77525329589844,1131526
2021-04-23,80.30066596512187,82.79638456635736,80.16931798061542,82.13961791992188,3302044
2021-04-26,82.75259751658865,83.01530684776179,80.38824025993358,80.60716247558594,1048186
2021-04-27,81.0012338489304,84.41642234199962,80.60717646475884,82.84017944335938,4606613
2021-04-28,83.6282862488053,84.76668444081285,83.40936403349428,83.67207336425781,1935273
2021-04-29,84.10992118916155,84.2412691788681,80.8698682632198,82.3585433959961,2081236
2021-04-30,82.05205740152024,84.76669867190611,81.26394263886829,82.70882415771484,1607120
2021-05-03,82.31476677638886,83.54073272414749,81.61421289739052,82.70882415771484,1120860
2021-05-04,83.19044747360869,85.99264934769764,80.82609005990716,81.48285675048828,2612339
2021-05-05,82.3147507997233,85.46722928138992,82.13961570445457,84.54776000976562,1900964
2021-05-06,85.29210047051885,89.71432542115632,84.94182357319704,88.05052185058594,8418322
2021-05-07,88.79485838449207,92.56031675566642,87.87538234029967,91.2030029296875,7434544
2021-05-10,92.38517414594281,99.69717474452133,91.20299552861168,98.29607391357422,13508508
2021-05-11,97.98958418539524,103.15614976475645,96.85118600179887,102.06153869628906,8535833
2021-05-12,103.24371722477066,104.99509493280416,98.07715164987664,99.82852935791016,6437937
2021-05-14,101.36099445566543,106.17728360906638,99.82853881594696,101.31720733642578,10342551
2021-05-17,102.28045549120304,106.35240310539086,100.83556762118054,104.2507553100586,6948984
2021-05-18,105.5205085052348,107.18431868923035,103.41885388760757,104.1194076538086,3556494
2021-05-19,104.20698514740036,104.64482962280961,102.23668500805876,103.24372863769531,2260306
2021-05-20,109.46110748783788,109.46110748783788,105.60807516807083,106.35240936279297,6957349
2021-05-21,107.27189591124957,107.75352750405801,102.93723829987947,103.81292724609375,3125927
2021-05-24,104.20698187187143,104.732393889652,101.57991510199233,103.0248031616211,1955410
2021-05-25,103.72534829580185,105.08266877317921,101.57991314740657,104.16319274902344,1926789
2021-05-26,106.65891195241741,108.27893510036053,105.21402391415285,105.8270034790039,4261591
2021-05-27,106.17727909769782,106.57133643020605,104.20697907320445,104.46968841552734,1622245
2021-05-28,104.9951063634087,104.9951063634087,99.4782633101053,100.0474624633789,3956022
2021-05-31,100.79178674751616,101.8426173912055,98.16472015975651,98.69013214111328,1976728
2021-06-01,99.17176649251924,100.39773227100606,93.47978872473668,94.6181869506836,2256259
2021-06-02,95.09981405746609,98.20851235276169,90.28352506423278,90.8089370727539,5278798
2021-06-03,91.42192827207367,96.10686284686447,91.07165135374856,95.4500961303711,5271123
2021-06-04,96.06306574651784,98.86527412101498,94.83710668121216,97.85823059082031,3529911
2021-06-07,98.73391673630739,101.49233791923749,97.63930568601573,100.8355712890625,2545543
2021-06-08,101.49234487781905,101.49234487781905,98.51500128069613,100.00366973876953,1452917
2021-06-09,99.91609917505016,104.42589821179673,99.08419741724173,101.18585205078125,5296379
2021-06-10,102.45560610673742,104.55726090153244,102.45560610673742,103.68157196044922,2874474
2021-06-11,104.64482866695414,104.9951055802773,101.75505248325855,102.14911651611328,2077101
2021-06-14,102.71831621182982,102.80588377038255,99.17177330214402,101.57991790771484,1493974
2021-06-15,103.19993112084026,104.20697464902176,102.01775249252971,102.45559692382812,1686763
2021-06-16,102.4555879246473,108.14756503157216,100.48528815686562,106.52754211425781,10958857
2021-06-17,105.87079046602942,107.27189138465415,102.76209216575712,104.03184509277344,4216400
2021-06-18,104.55725895398761,104.99510341637367,98.33986892430075,101.49234771728516,2155371
2021-06-21,98.16472410842465,101.14206769717748,97.81444721310501,99.740966796875,1576702
2021-06-22,100.44151390653819,101.84262148781676,99.43447701883635,99.740966796875,1372102
2021-06-23,100.44151432267151,100.79179121944237,98.07715696117646,98.4712142944336,1375755
2021-06-24,98.5587855998145,99.25933269155715,97.55174205689752,98.12094116210938,872977
2021-06-25,98.29607515282174,99.60960845107772,97.81444360440422,98.55878448486328,763291
2021-06-28,98.82149586990329,99.08420522516342,97.2014726617363,97.42039489746094,862074
2021-06-29,97.72688137055127,101.22963702312283,97.63931381543222,99.43447875976562,1566847
2021-06-30,99.43448146669562,102.19289627340777,99.43448146669562,101.31720733642578,1843052
2021-07-01,101.57990682855018,102.45559568052043,100.44150864859854,102.19288635253906,1246489
2021-07-02,102.23667317175229,102.98100735757846,101.44855187106398,101.93018341064453,1171141
2021-07-05,102.23667408864972,102.80587318208362,100.79178613792547,102.3242416381836,1304778
2021-07-06,102.80587117958748,103.68156001982081,98.99662606076764,100.8355712890625,2068626
2021-07-07,101.3609952715807,101.88640730180397,99.25934046971116,99.91610717773438,1773205
2021-07-08,99.8285413804945,101.05450725995904,99.25934222063847,99.609619140625,1031570
2021-07-09,99.60960845107772,99.65339556674326,98.29607515282174,98.55878448486328,797140
2021-07-12,99.17176832532668,99.47825810536867,97.02633318405665,97.63931274414062,1250495
2021-07-13,98.42743456637923,99.95989015492748,97.8582354401518,99.3031234741211,1340615
2021-07-14,98.9090546862842,100.66043241729216,98.07715293644576,98.55878448486328,1495220
2021-07-15,98.95284002793562,102.98100740084229,97.63930675322851,100.3977279663086,2756143
2021-07-16,101.09827503756695,101.27341681611333,99.04040757672095,100.3977279663086,1446077
2021-07-19,100.35394085142806,101.84261590468155,98.95284002793562,100.3977279663086,1656627
2021-07-20,100.22259209731175,101.05450056226454,97.63931251045692,98.4712142944336,2029505
2021-07-22,99.78474052325392,102.45559415436918,99.12797389405924,100.13501739501953,2443229
2021-07-23,100.3101665409111,104.0756248163467,100.3101665409111,103.19993591308594,3112495
2021-07-26,104.20697549415372,107.14053187144943,103.55020884187965,104.38211059570312,6325225
2021-07-27,105.52051942989597,106.57134350701469,100.31017280263613,101.8426284790039,2125692
2021-07-28,102.4555953841115,103.55020644590756,101.14206210995623,101.93018341064453,1551761
2021-07-29,102.41180884248753,104.03183856779421,102.36802840835607,103.593994140625,1137262
2021-07-30,103.59400231117223,109.2859803133031,103.59400231117223,107.05297088623047,8750937
2021-08-02,108.41028422008998,110.94977658523118,107.79729800566126,108.7167739868164,5456083
2021-08-03,109.02326202392578,111.34383881685508,108.14757317232798,109.02326202392578,3903476
2021-08-04,109.02326870576516,109.81139005670086,104.42590195311242,105.69564819335938,2240109
2021-08-05,105.6956461717579,106.834044399222,101.9739683955555,105.73943328857422,2180533
2021-08-06,106.8340412379771,110.73085400418512,105.08266351276436,106.22106170654297,2793665
2021-08-09,106.83404388022088,107.0967532178905,102.54316701113156,104.07562255859375,1215027
2021-08-10,104.206981857496,104.51347164441103,96.58849089828807,98.99663543701172,2409711
2021-08-11,98.99663445857638,100.44151582274903,94.26791298398747,97.90202331542969,1851670
2021-08-12,99.82853514512742,100.17881204323538,95.75658040169674,96.10685729980469,4063465
2021-08-13,97.02633356342939,97.98959002488887,94.88089173279455,95.27495574951172,1965950
2021-08-16,96.32577237937402,96.80740391366113,93.69870585993654,94.00519561767578,1421610
2021-08-17,94.0052039319618,94.66197061990887,90.020823367002,91.90354919433594,1667683
2021-08-18,91.94733664979027,94.92468031559778,90.59001615066477,91.77220153808594,2390250
2021-08-20,90.89650838025563,94.00519989443424,89.6705426125478,90.45866394042969,1875782
2021-08-23,91.15921462134064,92.73545733910639,85.90508113675644,87.61267852783203,1452356
2021-08-24,87.65645698289573,93.69871168973756,87.65645698289573,90.98407745361328,5401835
2021-08-25,91.50948906420473,91.72841128684637,87.5251019397365,87.78781127929688,1449314
2021-08-26,87.87537792802847,88.83863436154574,87.0434761629399,87.39375305175781,733585
2021-08-27,87.7440192055566,88.44457295082468,86.03642863780718,86.3429183959961,1398688
2021-08-30,86.86833404932548,88.96998869330413,86.60563139443812,87.52510070800781,2021397
2021-08-31,87.70024911769003,90.41488350912962,87.48132688159045,89.36405944824219,1701375
2021-09-01,89.49540092369514,90.19595470055586,88.26944183565281,88.92620849609375,889426
2021-09-02,88.96998347280105,93.61113692755032,88.70728083332833,92.64788055419922,2657918
2021-09-03,93.08572606866332,93.39221582549449,91.77219281283632,92.21003723144531,1020003
2021-09-06,92.77924138150426,92.99816361853564,91.50949507911291,92.12247467041016,569154
2021-09-07,91.94733745444823,92.42896903731445,90.37109471141002,91.46570587158203,732125
2021-09-08,92.13660430908203,93.21003774590044,91.37625505594204,92.13660430908203,938307
2021-09-09,92.40496798856695,93.92566652624534,91.55516024420969,92.18133544921875,717440
2021-09-13,92.22605445250423,96.47507254302685,92.13660280501682,95.53582000732422,2022677
2021-09-14,95.80417770734051,98.75612993245436,95.80417770734051,97.77214813232422,1472323
2021-09-15,98.26413375806567,101.6186217572581,97.95104957641902,99.24811553955078,1714345
2021-09-16,99.78483740457473,101.52916840499148,98.21940969788984,98.7561264038086,1118548
2021-09-17,99.06921140097427,99.60592811133964,94.82019330476994,98.57721710205078,1891670
2021-09-20,98.35358431692623,105.28619277179499,96.69870495393445,99.2033920288086,5552519
2021-09-21,100.14264325412123,103.2734986444208,97.95104721080078,100.45573425292969,3697936
2021-09-22,101.52917316729004,104.66002872751484,101.3502698651666,102.5578842163086,2889472
2021-09-23,103.04986839156304,104.39166358845695,100.54518811886172,101.39498901367188,1585219
2021-09-24,102.33425326832817,110.34029559556531,101.75280729029603,105.42037963867188,14279903
2021-09-27,106.7174466285507,111.72681396295647,105.68873561998946,110.65337371826172,12678532
2021-09-28,118.97250845961716,119.55394759005466,112.88970078592786,114.36567687988281,18373735
2021-09-29,112.48717163962566,117.09399666846751,111.90572564990352,114.54459381103516,5497215
2021-09-30,115.39439418652533,118.9725149364951,114.99185833204322,115.61802673339844,4655749
2021-10-01,114.49985370806402,115.8416488687054,112.93442602064908,114.90238952636719,2659104
2021-10-04,117.18345071081899,120.94047464494058,116.37837902830971,120.26957702636719,7139096
2021-10-05,121.11936986267146,131.89846027819968,120.80629251790145,130.3777618408203,13544786
2021-10-06,131.1381151046227,134.85040947449036,121.83499408885439,123.84768676757812,11024365
2021-10-07,125.05531827398583,126.97855264553615,122.14809527313953,123.0426254272461,3211964
2021-10-08,124.02660009139183,124.33969110431093,116.15474567484908,118.0779800415039,4562170
2021-10-11,118.07797188000912,118.79359868189837,114.05258647500881,114.63402557373047,3255181
2021-10-12,114.634024375751,120.26956661374655,113.20278443637558,119.55393981933594,5351252
2021-10-13,120.89573960156223,128.81233658034088,119.68813213578933,124.83168029785156,6027281
2021-10-14,125.59202284225094,125.59202284225094,120.67210720363867,121.83499908447266,2353342
2021-10-18,122.10337186206236,123.66879970644779,119.46451051141646,119.777587890625,3164940
2021-10-19,120.67211429360066,120.89574683576778,111.36900599922721,113.60533142089844,3071858
2021-10-20,114.45512756090156,115.93111046709788,108.81959182899084,109.80357360839844,2740740
2021-10-21,111.72681108149978,114.76821479261162,111.3689976758296,112.9344253540039,2104590
2021-10-22,113.65005575072361,114.41040499630795,111.01118777228899,113.47114562988281,1934027
2021-10-25,114.41040471344137,116.87035574022995,109.35630812629962,113.24751281738281,1803776
2021-10-26,113.56060316421546,121.65610399053382,113.56060316421546,119.24087524414062,3261208
2021-10-27,119.73286359447322,121.61136868147959,118.30160992389509,120.5826644897461,1976495
2021-10-28,120.314316322449,123.80297877090432,116.28893027448602,117.31763458251953,2788928
2021-10-29,117.45180977182933,119.86703841294714,114.76821935959917,118.03324890136719,2955022
2021-11-01,118.52524488579334,121.65610041107846,117.36235296079808,120.89574432373047,2170126
2021-11-02,120.76157134022567,124.16078867080292,120.76157134022567,123.4898910522461,2319923
2021-11-03,123.80297322984555,123.98189018797238,118.3016180036333,119.330322265625,1172114
2021-11-04,119.86703415153386,121.65609436275078,119.6881308603014,120.71683502197266,398801
2021-11-08,120.76157051641997,124.83168543778868,119.15141351297831,121.29829406738281,2730057
2021-11-09,121.61137529724951,123.40043565807538,118.79361068872768,119.68814086914062,1930692
2021-11-10,119.9565039807329,122.46117759405091,119.01724455101491,120.80630493164062,1275754
2021-11-11,121.25357370528644,121.25357370528644,118.52525381217326,118.97251892089844,920581
2021-11-12,119.50923234157541,120.76156907965986,116.37837684691756,116.9598159790039,1483032
2021-11-15,118.1227072229603,118.30161052032288,111.27955031563023,112.62134552001953,1999312
2021-11-16,112.57661126023005,114.14203892883597,110.47446689876098,110.96646118164062,1446354
2021-11-17,111.6373686578413,112.62135048617179,108.86431965337769,109.53521728515625,1461909
2021-11-18,109.53520961060727,110.65337225189448,101.97643288539489,103.49713134765625,2176617
2021-11-22,103.6760455496789,104.39166557346252,101.9317076657143,102.96041870117188,1737962
2021-11-23,102.60260797779121,105.46510862244732,102.0658912396443,103.6760482788086,1257990
2021-11-24,104.61529726544696,105.46510499427472,101.30553847346589,102.28952026367188,1062818
2021-11-25,102.33425114322468,105.10729326003407,102.33425114322468,103.63131713867188,2229464
2021-11-26,102.42370248858848,104.12331114373683,98.17468426307936,99.5164794921875,1937850
2021-11-29,95.9830856107975,102.5578806966886,94.50710953239992,95.1332778930664,4560964
2021-11-30,93.92566808667101,102.82624057070898,93.92566808667101,99.78484344482422,5947245
2021-12-01,101.43972231951287,103.67604773738253,100.81354710767522,103.2287826538086,2299809
2021-12-02,103.31823569849918,103.67604913512703,100.81354846682792,101.9764404296875,834682
2021-12-03,101.97643123364757,105.0178349336308,101.61861782928665,103.00514221191406,2312467
2021-12-06,102.96041569756596,104.66002429464588,102.02116316411461,102.87096405029297,978608
2021-12-07,103.27350452441513,104.83893230869433,102.46843283799323,104.30221557617188,1164948
2021-12-08,105.73346085233057,108.4170512985798,104.61529816639339,107.70143127441406,1727068
2021-12-09,107.70143127127781,108.14869634563966,106.22545516093902,106.85162353515625,859066
2021-12-10,106.53853962198667,108.59596169923073,106.09127454647479,107.07525634765625,1061698
2021-12-13,107.34361597063067,110.38501978807653,107.34361597063067,108.50650787353516,1001571
2021-12-14,107.29888353207221,109.9377514407684,107.16470947589158,108.86431121826172,757635
2021-12-15,109.49049487120519,111.10064509263955,108.32760291289958,109.53521728515625,871524
2021-12-16,109.62466453357074,111.14536294661309,107.61197184439665,108.99848937988281,824978
2021-12-17,108.4617865701525,108.99850332431777,104.7942141211787,107.88034057617188,1283091
2021-12-20,107.07526458861807,107.25417472742656,100.41101718047189,101.88699340820312,852562
2021-12-21,103.27350316508057,105.82291955427175,102.87096732716797,104.03385925292969,607037
2021-12-22,104.3469466900662,106.62799455047471,104.16803655952671,105.86764526367188,526607
2021-12-23,107.3436192154555,110.74283655383432,105.86764308629829,107.96978759765625,965274
2021-12-24,109.13267412493816,109.13267412493816,103.5865901370027,104.57057189941406,632349
2021-12-27,104.6600260519968,108.05924330323303,103.09459831190283,106.58326721191406,898732
2021-12-28,107.3436178739283,111.27955189425035,106.27018442507838,109.22212982177734,1913295
2021-12-29,108.55123246179016,108.99849753730204,105.95709365887653,107.07525634765625,1046447
2021-12-30,106.44908905532671,108.6854144556487,106.00182397526231,107.96978759765625,730251
2021-12-31,107.47779524922198,109.1326746057581,106.31490336369758,108.68540954589844,720500
2022-01-03,108.32759884874125,109.80357494822417,108.23814719947148,108.55123138427734,711053
2022-01-04,108.23814647289937,112.7107971535977,108.23814647289937,111.77153778076172,2110682
2022-01-05,112.1740770427021,114.05258890681083,109.49048671548302,109.93775177001953,2572185
2022-01-06,108.41705512388792,109.80357963326051,107.70143507447277,108.46178436279297,1199448
2022-01-07,108.73014747351694,111.36900880774674,108.73014747351694,109.57994842529297,1057304
2022-01-10,110.92174523162831,114.3656851500849,110.56393178529119,112.44244384765625,1947762
2022-01-11,112.57661194833373,114.32094974170467,112.1293468974268,112.9344253540039,962113
2022-01-12,112.97916597509602,115.52856883252838,112.97916597509602,114.54459381103516,1905010
2022-01-13,115.12602645938638,118.07797865566742,113.51587629982494,116.9598159790039,1976559
2022-01-14,116.3783831194036,118.43579163579594,115.2154911431074,115.84165954589844,1343151
2022-01-17,116.28892506973405,119.77758736204706,115.84165997331199,119.330322265625,1764277
2022-01-18,119.86704447588052,124.07133360447342,117.36235723455474,118.39107513427734,4139056
2022-01-19,116.2889148568921,121.47719224962734,116.2889148568921,117.27290344238281,2099723
2022-01-20,117.9438065001894,118.52524564167165,114.94712501852685,115.48384857177734,1162324
2022-01-21,114.81294823075804,116.11001419598301,113.24751367055194,114.76821899414062,1015708
2022-01-24,114.49986364219713,115.52856789482853,108.3276040027902,108.90904998779297,1152742
2022-01-25,108.50650825817036,113.15806223683057,107.70142977059211,112.62134552001953,796041
2022-01-27,111.32426915068996,113.15805860099051,109.6246674061848,111.23481750488281,1176611
2022-01-28,111.45845632043883,117.63071577550508,111.45845632043883,114.00786590576172,1820536
2022-01-31,118.88305167880686,120.76157045680256,114.32095609566247,115.03658294677734,2288097
2022-02-01,117.18344674474643,117.80961510433288,112.53189280995878,113.24751281738281,1708820
2022-02-02,116.33364865580172,116.37837789315972,112.21880450890882,113.96314239501953,1234837
2022-02-03,114.4998550415039,115.66274692415845,113.6947765707987,114.4998550415039,903083
2022-02-04,116.19946014038557,116.55728038732896,113.82896072071519,115.66275024414062,1656079
2022-02-07,116.37837499955468,122.95316324430148,116.37837499955468,118.61470031738281,11282044
2022-02-08,118.2568952079338,119.77759388874232,114.27623836276055,116.69146728515625,3157161
2022-02-09,116.91508590606882,118.97250794630784,115.88638171067264,116.2889175415039,1795088
2022-02-10,116.60200685183138,117.00454267680533,114.0525905445856,114.9471206665039,2030287
2022-02-11,113.60532899555871,117.94380568075839,113.15806392077305,116.33364868164062,1665006
2022-02-14,113.60533231450228,114.85766910071001,108.99850054467814,109.53521728515625,1314920
2022-02-15,109.1326769328819,114.9023935982146,109.08794769605286,114.36567687988281,1173683
2022-02-16,114.49986101184058,122.7295357921772,114.49986101184058,120.94047546386719,7018320
2022-02-17,122.55063696045819,124.16079404457271,118.30161852569779,119.777587890625,2883214
2022-02-18,119.73286009801595,119.73286009801595,115.304925155603,116.19945526123047,904446
2022-02-21,115.39438121922744,115.66274297520785,109.57993565391753,110.07192993164062,1310525
2022-02-22,107.16471915931773,109.80358048173886,106.62799558720438,107.61198425292969,1085958
2022-02-23,109.04321896667966,111.19009254035407,108.77485721069925,110.07192993164062,1193848
2022-02-24,107.25416308536204,108.73013915288124,103.228777532886,104.39166259765625,2156474
2022-02-25,106.40436541224307,109.84831216960275,106.40436541224307,108.77487182617188,1270192
2022-02-28,108.23814701007396,113.33696608148561,106.27018343068923,112.21880340576172,1070751
2022-03-02,109.71412495803247,112.17408288612862,108.46178137514792,109.89302825927734,1412671
2022-03-03,111.36900410325771,112.08463095589894,108.50651034213966,109.66939544677734,988451
2022-03-04,109.08794557073533,117.5412524877579,108.19341544936898,113.42642211914062,3638100
2022-03-07,111.86099610346673,118.4357844055684,110.56392331297751,116.2889175415039,3589883
2022-03-08,116.33365197045673,118.39107410252461,114.67876568718648,115.79692840576172,1677378
2022-03-09,116.37836693273529,119.24086041125096,114.76821008561848,118.16742706298828,1976753
2022-03-10,119.64341253474302,120.44848424342214,116.42309840113171,117.13872528076172,2127683
2022-03-11,117.0045433246301,128.0967114380532,115.88638066604122,124.47386169433594,15633512
2022-03-14,125.99457690162923,133.5533539281022,125.68148588981181,128.63343811035156,15580172
2022-03-15,128.81233294656616,130.06466961265718,123.4451524071259,124.96585083007812,3257513
2022-03-16,125.9498589963949,128.81235299983496,125.23423208317287,127.0232925415039,2453425
2022-03-17,127.42583496254066,133.68754688845863,126.39713060591937,131.31704711914062,8575830
2022-03-21,132.56936727111554,137.66818646434172,131.71956634715235,133.24026489257812,10390282
2022-03-22,133.64279288861985,136.9972807989712,130.82502850370318,134.53732299804688,7541528
2022-03-23,135.65549416081484,136.37112102322305,129.8857773222715,130.64613342285156,3844148
2022-03-24,130.60139720074042,133.28498755418028,129.93049961238046,132.6140899658203,2530947
2022-03-25,133.24026516650864,134.00062126550827,129.75160298750967,130.42250061035156,2026317
2022-03-28,131.45120066214258,138.9652619888849,130.19886393240887,137.66818237304688,9294711
2022-03-29,140.26233103941678,151.39922873971628,139.68087824897572,146.5687713623047,22845513
2022-03-30,147.5080176506905,147.59747612630343,141.06740324052305,142.2750244140625,5414937
2022-03-31,143.03535503416762,147.50800545611716,141.91719242868024,144.95860290527344,3850953
2022-04-01,145.36115177247862,157.34785052039956,144.06408576347516,155.69297790527344,13666464
2022-04-04,157.57147140359754,171.74977892573483,157.52675581822584,170.4527130126953,17399299
2022-04-05,171.92869567871094,177.8326002513762,167.0982382279464,171.92869567871094,13878889
2022-04-06,168.17167287273458,171.7497935721545,162.9833951286863,165.0408172607422,5911691
2022-04-07,165.04082508193045,167.59024166086138,152.65157611329093,153.59083557128906,7237858
2022-04-08,153.9933618691656,161.0154290979378,153.94864628064047,158.287109375,5965386
2022-04-11,159.22636633978948,164.056823679083,158.4212946663895,161.0154266357422,3841771
2022-04-12,159.22636507248012,159.89726267812262,149.8337985934855,152.33848571777344,5598919
2022-04-13,154.03809190874298,158.86856299648684,153.94864708178022,155.91661071777344,3629132
2022-04-18,155.11150628744986,159.22635000580502,141.87247237506287,157.30311584472656,4928203
2022-04-19,158.82384690127452,160.83653994202706,150.2810803761907,151.98068237304688,3950938
2022-04-20,153.4119292942514,160.56817089398322,153.4119292942514,159.1369171142578,4263601
2022-04-21,160.70234979318602,161.90997105920792,155.2904528403234,156.8558807373047,3508799
2022-04-22,156.0507726428156,157.4372970226199,152.5621107253882,153.8591766357422,2213769
2022-04-25,151.53342417346698,159.04748672511548,151.04144343837268,154.9773712158203,3709664
2022-04-26,156.58749126411655,161.0154123745269,155.6035027287162,157.39256286621094,3029536
2022-04-27,156.14022415839733,157.25838672949808,153.45663398775554,155.82713317871094,1803249
2022-04-28,156.72166502017765,163.60954380670128,155.82713495311106,157.16893005371094,4914464
2022-04-29,158.331830455297,159.04745727763958,152.15957811766566,153.50137329101562,1661220
2022-05-02,152.56210957514259,153.81444624132934,148.40253646709078,152.9646453857422,1715590
2022-05-04,153.41191566630928,160.97069245467256,152.3832114875091,154.17227172851562,2550325
2022-05-05,155.87188679510624,158.28711559661863,151.44396505075886,152.3832244873047,2361378
2022-05-06,148.93927109111402,150.14689226244238,144.33244624387038,146.7924041748047,2052468
2022-05-09,146.0320417589898,146.2556742884829,141.55939116912793,144.69024658203125,1626503
2022-05-10,145.80841496656802,150.0574331941214,139.72560719512856,141.6041259765625,3524110
2022-05-11,142.94592810030093,144.8691625625894,130.19887280287688,134.44789123535156,2095440
2022-05-12,131.49594090216408,132.97191028924598,128.90180875230865,131.27230834960938,1582671
2022-05-13,133.73225836501447,136.32639035847006,128.40980666499192,129.52796936035156,2455422
2022-05-16,126.26292533713571,133.10608918104683,125.32367959826772,131.89846801757812,1941999
2022-05-17,131.89847497408593,135.52132500611924,130.0199697478281,134.67152404785156,1464457
2022-05-18,135.34240100769946,141.33574968865855,134.85040674408404,140.5753936767578,2114243
2022-05-19,136.55001356091284,144.8244169408106,135.34240612216294,138.9652557373047,4644838
2022-05-20,140.44124426548643,144.01936513849245,139.63617252883924,142.31976318359375,1504329
2022-05-23,142.94592396611068,147.10548379887516,140.21760421638098,142.14083862304688,2679620
2022-05-24,142.901184665074,145.98731080588587,137.75763654723877,138.83106994628906,1924645
2022-05-25,140.26232426432625,142.45392030841256,135.29767941379845,136.4605712890625,2160679
2022-05-26,137.17620768932187,138.6969062557495,130.82503799198344,136.50531005859375,1434044
2022-05-27,140.3965178354745,143.03537930225784,136.95258461592613,137.89183044433594,2719673
2022-05-30,139.77032965674272,141.7382931684204,139.5019678939125,140.7543182373047,957133
2022-05-31,141.02267840565773,151.08614300119316,139.59143829729447,149.11817932128906,3193864
2022-06-01,150.37052241108074,155.1115212466804,150.37052241108074,152.56211853027344,2410738
2022-06-02,151.93594157692232,151.93594157692232,148.00000098268933,150.37051391601562,1078547
2022-06-03,151.4439530124088,153.68027832668108,147.2396641514662,148.6261749267578,1170114
2022-06-06,147.77637532484582,148.93926722828934,145.22697263402955,146.70294189453125,1686569
2022-06-07,146.3003976023633,149.16289113411838,141.82774719354416,143.0353546142578,1155416
2022-06-08,143.25898473278914,144.01934074931845,137.44453929881047,138.42852783203125,1585436
2022-06-09,138.11545647185346,139.09944514487597,136.19222201483836,137.26565551757812,690424
2022-06-10,135.07403988629196,136.3711057513374,133.28497975534768,133.91114807128906,674620
2022-06-13,130.60138765605936,131.4064592434761,124.5633098020977,126.7549057006836,969076
2022-06-14,126.75491634910702,128.27561483611464,119.46450126905629,120.1353988647461,1735460
2022-06-15,121.74556812779056,124.02660926409872,121.2535737780082,122.237548828125,1685186
2022-06-16,123.44516378551704,125.23422413023468,117.1834525790053,118.79360961914062,1639747
2022-06-17,118.8830435012308,120.44847115873092,112.84497221845331,114.63402557373047,1467159
2022-06-20,114.67876821590731,115.21549179243733,102.55788817411485,105.9123764038086,2057971
2022-06-21,107.29889231334084,127.02328550344897,107.29889231334084,124.42915344238281,9905163
2022-06-22,124.29496134837885,124.29496134837885,117.89907624925425,122.3717269897461,3422341
2022-06-23,122.37173479150435,122.55063810264056,115.88639080432083,119.15142059326172,2243888
2022-06-24,120.98520414670548,124.74222808902431,119.86704144664351,123.7135238647461,1928350
2022-06-27,124.33969655196962,128.54398571988054,124.20552248309542,125.77095031738281,2007344
2022-06-28,125.18948318226035,126.84436930611501,122.14808634049311,126.44183349609375,1237220
2022-06-29,124.96585484600266,125.05531331764655,123.17679460869567,123.75824737548828,816424
2022-06-30,124.1607878038344,124.78695618022573,117.18344988967434,118.0779800415039,1209374
2022-07-01,117.45180203692341,117.89906707617335,113.69477161239018,116.51254272460938,1507206
2022-07-04,117.31762016899577,120.09066901001111,117.27290458240395,117.98851776123047,1004465
2022-07-05,118.48051781583946,119.64340976210825,115.57329477489104,116.423095703125,1015239
2022-07-06,116.78091007426438,117.18344589898994,111.81626517079194,113.42642211914062,1430419
2022-07-07,115.21549034745622,116.69145969023151,113.78423659429136,115.17076110839844,1348811
2022-07-08,116.11001962673717,122.9084407777163,115.39439275572693,119.24087524414062,3745243
2022-07-11,118.97250861790094,121.8350023359611,118.16743695169383,121.4771957397461,1113990
2022-07-12,120.09067290243985,123.80296757335104,120.09067290243985,121.29829406738281,1234243
2022-07-13,121.92445592685114,122.77425679591359,120.49320230041721,122.19281768798828,686908
2022-07-14,122.50589560706977,125.68148022156073,121.74555320464978,122.64008331298828,1870011
2022-07-15,122.5059051026329,125.23422487442957,122.41646027453382,124.20552062988281,1013299
2022-07-18,125.18948232019206,128.09670508841472,124.87640498097404,125.5920181274414,1765172
2022-07-19,125.9498471096584,128.2756172963213,125.2342202639749,126.48655700683594,1020908
2022-07-20,127.55998710188406,129.08068541541428,126.17346283240695,126.8443603515625,1157244
2022-07-21,127.64944648394368,128.9017968523037,126.53128382439714,127.69417572021484,889431
2022-07-22,139.7703476534545,150.5047103532398,135.34242576968265,146.4793243408203,35579391
2022-07-25,144.73498655072902,145.54005825682617,138.20491347539993,140.8885040283203,6801297
2022-07-26,141.1121415365182,146.21096103647432,138.33909240787563,140.17288208007812,7152765
2022-07-27,140.35176534354548,146.03203686196696,139.00997021158253,145.40586853027344,4591884
2022-07-28,146.61348891672137,146.61348891672137,140.4412362239813,141.69357299804688,2760154
2022-07-29,142.90118205396433,146.03203737283053,140.44122430342662,141.33575439453125,4008116
2022-08-01,141.96192928757006,151.1755923815415,140.8884958585372,149.5207061767578,6279824
2022-08-02,149.38653917873424,153.5460990314171,147.86584061159465,149.2523651123047,4850647
2022-08-03,149.29708078690004,149.69963028531348,143.1248280375592,144.5113525390625,3030390
2022-08-04,145.18224087680534,147.0607459348795,139.7256016973953,144.69024658203125,3102194
2022-08-05,145.27169756355994,146.34514471235443,140.4412399917747,141.7830352783203,2192029
2022-08-08,141.7830219257788,146.79239598356585,141.7382926905502,146.1662139892578,2510696
2022-08-10,146.61348360331752,146.61348360331752,142.85645976783158,143.8851776123047,2157358
2022-08-11,145.4953217533501,145.54005099022166,141.60412383556587,142.85646057128906,1964933
2022-08-12,143.5720931695101,145.36115352053204,141.96193612370092,142.81173706054688,2183612
2022-08-16,143.88517872080004,146.12150407456164,142.90119010536625,144.7797088623047,1714361
2022-08-17,145.62950976684476,149.29707515734572,144.28771455458778,144.7797088623047,3351085
2022-08-18,145.09277242554754,147.28436833394957,144.06406832041355,145.89785766601562,2021318
2022-08-19,146.7029588314143,147.50803058473423,141.8725010125982,143.08010864257812,2379036
2022-08-22,142.23030935899183,142.27503860125856,138.47328504921003,139.45726013183594,1756707
2022-08-23,138.02601876037608,141.24631943467182,136.05805496228731,140.26234436035156,2078078
2022-08-24,141.24630368883635,148.40254481099544,140.7543230312453,147.59747314453125,3721248
2022-08-25,149.20762570190422,151.48868022183328,145.94258259708144,147.0607452392578,4523315
2022-08-26,147.64219722575703,151.35449171846474,147.10547370055883,148.08946228027344,3556805
2022-08-29,143.57208165988115,144.24297923773108,141.33575640038146,142.90118408203125,2258764
2022-08-30,144.15351513326814,144.77969710101038,138.16016640195087,141.4699249267578,4255991
2022-09-01,141.60413627910296,143.70627410232527,141.0674126883729,142.31976318359375,2502073
2022-09-02,142.63283075246594,143.34845760769798,139.72560774326146,140.35177612304688,1399244
2022-09-05,141.24630080178989,141.5593918042635,140.12813814930755,140.62013244628906,1016604
2022-09-06,141.33575784521435,141.55939037345044,139.09943256285337,139.50196838378906,1303857
2022-09-07,139.99395269853088,142.23027782151058,139.59141690628357,140.70957946777344,1444036
2022-09-08,141.24631037473952,141.51467215941275,139.81507027222787,140.6648712158203,1642802
2022-09-09,142.89185293322024,142.89185293322024,140.43760627712524,140.8011932373047,1164379
2022-09-12,142.3464921283729,144.34624842511528,140.07403863890306,143.39181518554688,2516513
2022-09-13,144.48259061093154,144.52804245487698,139.39230309801604,140.4830780029297,1764065
2022-09-14,139.16503837516228,139.8922122972383,136.34719088228042,136.8016815185547,2030341
2022-09-15,137.98336792743925,137.98336792743925,133.16576413030427,134.34744262695312,1728821
2022-09-16,135.07464164503565,135.07464164503565,126.93924701563503,128.30271911621094,3364682
2022-09-19,126.16661406441364,127.16648522673093,122.16708780528046,123.12152099609375,3249563
2022-09-20,124.53044569140563,124.71223918849702,122.89427647767359,123.48512268066406,1789326
2022-09-21,122.93973137765379,124.30320344468878,121.16722046449934,121.98529815673828,1318151
2022-09-22,120.34911731992659,122.66702238480228,120.21277567432662,121.48534393310547,1450146
2022-09-23,120.53093233041133,121.62170717436095,118.03123362263094,118.30391693115234,1203974
2022-09-26,116.3496134186143,117.16769108998203,113.44087585713989,113.75901794433594,1506064
2022-09-27,115.0315968326511,118.6220705227589,114.12261544933494,115.44063568115234,2316589
2022-09-28,115.44062832671028,117.94032697157999,114.16805308414482,116.62230682373047,1295626
2022-09-29,118.44028005183704,120.44003637232989,116.8495625903157,118.75841522216797,1389167
2022-09-30,118.16757146977,121.2581024063823,117.53128732046208,118.98564910888672,1393670
2022-10-03,118.62206656472725,119.98553859420687,116.34961318226121,116.57685852050781,1228049
2022-10-04,118.75840433361009,119.7582893371582,117.0767972075846,117.25859069824219,1123789
2022-10-06,117.89487105193182,120.12187244813003,117.2585869201543,118.39481353759766,2442722
2022-10-07,118.98566444223334,123.62147531450987,118.80387092899733,120.62183380126953,3938093
2022-10-10,119.71283693807615,120.62181825707438,118.3493649595788,118.98564910888672,1359974
2022-10-11,118.80386372767599,119.57650344954035,115.34973864071812,115.62242889404297,1998787
2022-10-12,116.349609375,118.62206268310547,114.25894955755211,116.8041000366211,1492451
2022-10-13,117.53129170019885,118.8947637295052,115.62242531118805,117.0313491821289,1775305
2022-10-14,118.16758020012118,121.167221548423,117.0768053107265,118.25848388671875,2943083
2022-10-17,118.57662255583189,119.4401521242197,117.34950597021415,118.66752624511719,1117077
2022-10-18,118.71297720630726,120.34913264162142,118.71297720630726,119.21290588378906,1191668
2022-10-19,119.30380640803156,120.62182663816736,117.30405014127845,117.71308898925781,1456564
2022-10-20,117.71308163805988,118.66751480371069,117.1676872948439,117.53128814697266,1047216
2022-10-21,118.71296607933648,118.71296607933648,115.62242126573602,116.07691192626953,870538
2022-10-24,117.66763277384612,118.12212344803629,116.34961259268553,117.84942626953125,295321
2022-10-25,118.16757561508305,118.25847929815345,115.89512223786991,116.30416107177734,1110558
2022-10-27,115.44063565603372,115.84967450444594,112.35009756643572,113.71356964111328,2217831
2022-10-28,113.71356229197183,113.71356229197183,111.3956640758089,111.71380615234375,1346787
2022-10-31,111.80469922329604,114.07715245954189,109.57769782576587,111.85015106201172,3574870
2022-11-01,111.98649638754547,113.84991087648072,111.85015473687271,112.62278747558594,1475608
2022-11-02,111.80470303365098,114.16805309289532,111.75925119338628,112.98638153076172,1543744
2022-11-03,112.98638097722451,115.34973102489046,112.89547729714046,113.80445861816406,1334912
2022-11-04,113.80446235684289,117.07680076801168,113.80446235684289,116.30416107177734,1919935
2022-11-07,117.25859853333094,117.98578641450543,115.94057830055198,116.25872039794922,1235130
2022-11-09,117.62218175156684,120.34912581569857,116.34961340295393,118.21302795410156,2628822
2022-11-10,119.07655711110601,121.53080398749664,115.48608354472391,116.21326446533203,4009363
2022-11-11,117.21314657424924,117.71308910893458,115.07704171100539,115.89512634277344,1012010
2022-11-14,115.89512649536132,116.25872043606779,113.30453093716642,113.62267303466797,1385229
2022-11-15,114.440750266811,114.440750266811,111.25931562757863,112.07740020751953,1289499
2022-11-16,112.25918941329297,112.94092538138989,110.48667867023174,110.75936889648438,1163431
2022-11-17,110.75937256965166,111.48656040039522,109.12321035294434,109.71404266357422,1017928
2022-11-18,110.07764044342055,110.80482829969336,108.21423283105972,108.57781982421875,1148836
2022-11-21,109.03230722133917,112.53189087254741,107.6688352330691,111.16841888427734,1816457
2022-11-22,111.25931507016,111.71380573063044,108.80506134263332,109.71404266357422,1011163
2022-11-23,109.9867439494853,118.34936964107506,109.71404676900802,117.30404663085938,10338186
2022-11-24,118.16757527689164,119.44014361650707,115.94057374758731,118.30391693115234,4984250
2022-11-25,118.16757631411775,121.57625640010193,116.89500796333225,120.3036880493164,3077542
2022-11-28,120.07644638117995,124.03050707983068,120.07644638117995,122.3488998413086,3963160
2022-11-29,122.257999142762,122.30345098706641,118.66752536200285,119.21290588378906,2535981
2022-11-30,119.84919708831605,120.98542378096236,118.75840836741177,120.48548126220703,1909452
2022-12-01,120.80361174688318,122.25798740526204,118.62206212926911,118.98564910888672,2103069
2022-12-02,119.16745647076687,120.25823127959328,118.66751397131812,119.44013977050781,1510564
2022-12-05,120.07644589766093,122.57614469373677,119.71284502353136,121.34901428222656,1555166
2022-12-06,120.89451982754166,122.43978535209823,119.34925430298507,120.21278381347656,2410934
2022-12-07,120.44002943600027,121.71259778394592,118.4402732306765,120.03099060058594,2716850
2022-12-08,120.84906812109149,125.30308507327045,120.84906812109149,124.57589721679688,7605592
2022-12-09,125.43941924720879,126.21205889924924,121.3035515632557,121.66715240478516,2312490
2022-12-12,121.3035542651458,123.62145940294181,120.21277945616953,123.07606506347656,1538864
2022-12-13,124.12141001194233,127.16648930803692,122.07620191025511,125.4394302368164,3609533
2022-12-14,125.98482879935335,129.0753600410873,124.34865948963015,127.57554626464844,4363465
2022-12-15,127.71188259032557,137.5288841684128,126.98469471973486,135.34732055664062,17217844
2022-12-16,135.07464530527636,138.52876362437036,131.8477584724804,133.80206298828125,10716946
2022-12-19,134.0292894251855,135.34730953141724,129.57528661931175,130.6660614013672,3534049
2022-12-20,129.98432867348495,132.4385754618606,127.39372636522751,131.25689697265625,4299364
2022-12-21,131.25690132687166,132.1658826764205,121.43991384770784,122.21253967285156,4443925
2022-12-22,123.16696533085975,123.89415314001427,116.53139911099979,118.39481353759766,3456252
2022-12-23,116.80409586727245,117.80398083512944,110.07763292838744,110.75936889648438,3219459
2022-12-26,111.35021209716797,114.84978880465496,109.98674011230469,114.07715606689453,3140923
2022-12-27,114.89524429320112,116.34961306957534,113.30452692701552,115.75877380371094,2487620
2022-12-28,116.12237496654157,129.39350908212856,115.12249680392307,127.57554626464844,12163353
2022-12-29,127.1664771319342,127.1664771319342,123.34875848165301,125.12126922607422,5592724
2022-12-30,125.80302092227718,130.57517329921984,125.53033759670203,127.0301513671875,5013108
2023-01-02,127.89368452528052,129.7116473866774,125.98483184278733,129.0753631591797,3950256
2023-01-03,129.43894293592413,129.6207503078488,125.7121276007061,127.07559967041016,2255273
2023-01-04,127.16648971777806,131.71139662506042,127.07559990160551,127.80278778076172,6629319
2023-01-05,128.30271267027516,128.80265518936028,125.39397510917279,126.21206665039062,2703468
2023-01-06,126.62109690753014,133.12030760545534,124.53043715933163,131.93862915039062,10991930
2023-01-09,133.02942993154807,135.71092221687732,130.57516912027396,131.34780883789062,5238910
2023-01-10,131.25689781305908,131.25689781305908,127.71187619270246,127.98457336425781,2158404
2023-01-11,128.03004025104133,130.89332621398998,127.34830417701012,129.80255126953125,2302587
2023-01-12,129.0753520498366,129.80253990579845,126.89380235190575,127.30284118652344,1773175
2023-01-13,127.48463767627503,128.52996070816977,126.43931464438027,127.16648864746094,2056074
2023-01-16,127.75733112017123,127.75733112017123,122.75793371068,123.75780487060547,1724654
2023-01-17,123.84870584789421,125.80301015365906,122.34889220579134,123.71236419677734,2496915
2023-01-18,124.21228866753174,125.6212124516509,121.48534477696064,121.84894561767578,2362587
2023-01-19,121.71259727858704,122.21253979533087,117.57674322995864,118.12212371826172,3714592
2023-01-20,118.62206239587418,118.84930772613447,114.34985296097148,114.71343994140625,3546324
2023-01-23,115.53152879671894,118.71297047318333,115.53152879671894,118.21302795410156,2570329
2023-01-24,118.16757617627029,119.03110568972131,115.44063211066405,116.39506530761719,1007443
2023-01-25,116.07692383711466,116.57686638899231,114.71345171560598,115.57698822021484,1126220
2023-01-27,115.94057860268148,117.89488303534765,111.71381376916766,113.89537048339844,2281063
2023-01-30,113.62266526705342,116.25871248824448,112.80458069013521,114.16805267333984,1251706
2023-01-31,114.53164726861802,118.62206324249723,114.30440193673584,117.80398559570312,2555322
2023-02-01,119.53105203247071,120.25823991388361,111.62291676324885,113.62267303466797,3438499
2023-02-02,113.12272669383121,116.07691609335248,112.57733926860737,113.84991455078125,1546783
2023-02-03,113.98626680447265,114.80435143609121,109.35046313860427,111.98650360107422,1681004
2023-02-06,112.25920064336981,115.2133901339848,112.25920064336981,114.25895690917969,1003586
2023-02-07,114.53164354144101,119.39469903344407,114.30439821695403,117.12224578857422,2747589
2023-02-08,119.07655306738302,121.80349703075821,118.44026891658633,119.25834655761719,3464863
2023-02-09,119.30379881861762,119.80374132099125,114.98613752803908,115.8042221069336,1857534
2023-02-10,115.84966632180227,118.12211961909128,115.03158868275992,116.71319580078125,1148066
2023-02-13,116.34961311361081,117.167690782834,113.53177230801103,114.39530181884766,1028697
2023-02-14,114.25894942019842,117.25859055728255,112.30464512555875,115.53152465820312,1929972
2023-02-15,114.62254402070485,117.53128842994366,114.62254402070485,116.44051361083984,1274776
2023-02-16,117.16769140689415,117.39493674621703,116.03147164525716,116.66776275634766,766549
2023-02-17,116.16781533140441,118.44026862869342,115.80422141684275,116.71319580078125,841260
2023-02-20,117.5767504484749,120.7127335261011,117.5767504484749,119.21290588378906,3009040
2023-02-21,119.21289443435148,120.66727009267807,117.66762896610088,118.07666778564453,1310561
2023-02-22,117.9403302914327,118.80385980088577,115.48608341774064,115.84967041015625,1109163
2023-02-23,115.9405664897418,117.71307723394558,115.6678693283365,116.7586441040039,988074
2023-02-24,117.3040430937139,119.0765539084364,115.7133257705096,117.34949493408203,2050516
2023-02-27,116.34961295528541,117.25859430649858,113.8499142394492,114.94068908691406,936654
2023-02-28,115.07703813485273,116.62231059905513,113.07728192821125,113.75901794433594,1231042
2023-03-01,114.34985713414056,116.53140683627281,113.8499146153318,116.0314712524414,1168674
2023-03-02,116.34961688899237,117.25859827093763,115.62242900944514,115.98602294921875,566869
2023-03-03,116.34960965104169,118.03123065101113,116.34960965104169,117.07679748535156,1084264
2023-03-06,116.8041000366211,119.94008282781579,116.8041000366211,118.62206268310547,1859029
2023-03-08,117.84942356611609,118.48572159134966,116.7586487470725,117.80398559570312,1384801
2023-03-09,117.75853320001625,119.21289499523118,115.80422196805011,116.349609375,1366009
2023-03-10,115.44062012587356,116.71318834305936,114.80433601728068,115.16792297363281,1124075
2023-03-13,115.16793887630357,115.89512675937304,112.66824006384651,113.89537048339844,1288343
2023-03-14,114.16806089967811,114.44075808995898,110.89572929119572,111.62291717529297,1228375
2023-03-15,112.39554214393806,114.71344036006624,112.16829681284841,113.07727813720703,1276448
2023-03-16,113.16817862855876,113.16817862855876,110.48668640693326,111.12297058105469,1278126
2023-03-17,111.94104783300148,114.39529455478186,110.9411697957938,112.7591323852539,6098694
2023-03-20,112.7591400647398,113.57721773773066,110.94117735146693,111.39566802978516,889077
2023-03-21,112.16830420681974,114.62255117037753,111.57746492004395,113.62267303466797,740684
2023-03-22,113.71356581908492,115.25883827943454,113.07728164627925,113.94081115722656,874577
2023-03-23,113.71356215060223,115.21338272094727,112.25919342041016,112.71368408203125,842585
2023-03-24,112.80458441195013,113.12272649819907,110.94117680107645,111.30476379394531,559776
2023-03-27,111.304760257015,111.304760257015,107.94153213500977,108.16877746582031,1209926
2023-03-28,108.44147073876758,108.44147073876758,105.44182970590202,106.12356567382812,1900494
2023-03-29,106.12357294550843,109.71404651528415,105.66908226908227,108.57781982421875,1455029
2023-03-31,109.25955227972008,110.80482469021808,107.8960802948568,108.16877746582031,1876287
2023-04-03,108.98686190622645,111.2593152114648,108.48691940508317,110.07763671875,1051052
2023-04-05,110.57758315538241,111.71380984844023,109.80495039109857,111.12297058105469,790182
2023-04-06,110.85027351044997,112.25919738522717,110.62302817161348,111.94105529785156,759464
2023-04-10,112.7136800043649,113.84990661731213,112.39553793973506,113.12271881103516,850256
2023-04-11,113.62266155204388,113.62266155204388,111.89559570945744,112.48643493652344,707501
2023-04-12,112.80458811241037,117.89488246430827,112.12285207595143,115.98602294921875,3880448
2023-04-13,116.30416487213836,118.71297385266746,115.98602277592836,116.53141021728516,2120352
2023-04-17,116.48595515340114,117.84942718658158,115.16793496198432,115.486083984375,1241812
2023-04-18,115.2133867091395,115.89512272516991,113.71356608687712,114.21350860595703,774494
2023-04-19,114.48619843938994,115.34973488424068,113.53177218136841,114.03170776367188,764716
2023-04-20,114.53165056605539,114.80434774615598,113.16817853550711,113.84991455078125,679548
2023-04-21,113.8499108770496,114.34985337944266,111.03207015850528,112.16829681396484,1412873
2023-04-24,112.98637742134319,113.16817090583571,111.7592471285996,112.48643493652344,624712
2023-04-25,112.16829694328514,116.80410031590945,112.16829694328514,116.16781616210938,1830833
2023-04-26,123.16697628835985,139.39229937691178,123.16697628835985,139.3468475341797,49904701
2023-04-27,141.6193010239993,141.6193010239993,133.89295933513492,138.4378662109375,23932704
2023-04-28,139.52864390113533,149.70923273426294,138.84690785601578,144.4825897216797,24204527
2023-05-02,146.1641998256892,150.25461578795688,145.66425732297674,147.98216247558594,8923437
2023-05-03,148.34575593427795,157.5264732650633,147.57313009631198,155.34490966796875,14107087
2023-05-04,156.34479531196,163.3439490722835,156.02664628514555,160.25341796875,10422901
2023-05-05,160.25341824733465,162.79856885640996,152.89066360500166,154.79953002929688,6762100
2023-05-08,155.57215484710989,159.98072000897554,155.43581319053874,158.9808349609375,5271197
2023-05-09,158.16274689548754,158.88993471267597,153.2088015626944,153.9359893798828,3727547
2023-05-10,153.57239533520547,154.16324153093365,149.11839229641572,153.11790466308594,3358190
2023-05-11,154.61773547209052,161.16239851499301,154.61773547209052,159.8898162841797,7372900
2023-05-12,160.25341805948048,163.07125198019054,156.34479540047755,158.43545532226562,4832165
2023-05-15,159.07173930734828,159.07173930734828,155.66305917933366,156.79928588867188,2269757
2023-05-16,157.25376864021104,159.66256359452157,154.9358634960899,155.6175994873047,2881262
2023-05-17,156.16300526078064,165.98000702695637,152.89066671540363,164.11659240722656,10400976
2023-05-18,165.84364023878356,166.70716972493045,155.25401333349686,156.8901824951172,6650082
2023-05-19,157.16288515033077,157.16288515033077,150.5273317460198,152.75433349609375,4464622
2023-05-22,152.75431030040335,154.25412389802477,149.80012107421567,151.5726318359375,2557928
2023-05-23,152.43616129729386,154.2086720590157,150.7091023745811,151.5726318359375,2492003
2023-05-24,151.4362979171014,151.4362979171014,146.93682915470828,147.4822235107422,3312041
2023-05-25,148.07305635306295,154.07233881047944,146.4369010191809,148.9365997314453,4815633
2023-05-26,149.07293701171875,149.07293701171875,144.02808789373375,144.5280303955078,4552130
2023-05-29,145.20977374186887,146.11875511114505,141.61930010721898,145.16432189941406,3874534
2023-05-30,145.89151029739787,147.3913240141555,145.0279807674479,145.709716796875,1594085
2023-05-31,145.48246024381504,145.66425373033013,141.8465350336976,143.02821350097656,3060997
2023-06-01,144.07354409448865,146.4369011544306,143.7553950737429,144.39169311523438,1629059
2023-06-02,145.16432242535132,146.25509729844364,144.3462447380208,145.709716796875,1372429
2023-06-05,146.8459426023348,149.25473767673046,146.02785105012035,147.16407775878906,2145109
2023-06-06,147.25496666453708,147.93670262131735,145.0279653130456,145.89149475097656,1671056
2023-06-07,146.07329642690846,147.52767209761228,145.61880576355782,145.98240661621094,1390840
2023-06-08,146.34599332184501,147.0277293155803,144.25533350039922,145.25521850585938,1242139
2023-06-09,145.89150682396993,145.89150682396993,143.25546645426013,143.4827117919922,1066143
2023-06-12,144.43712699314375,145.20976666736811,141.30114419591445,144.3462371826172,2345001
2023-06-13,144.93707694082948,144.98252878340463,142.43737816870183,143.16456604003906,1705423
2023-06-14,144.07355031210608,150.20917469448284,142.89187173113876,148.30030822753906,7086189
2023-06-15,148.80024402654948,148.93659955084408,144.9825251355296,145.4824676513672,2092418
2023-06-16,146.89138682422913,147.52767097408343,145.43701116460144,145.80059814453125,1691671
2023-06-19,146.75502359919062,147.70945670883845,144.8461712498485,145.34609985351562,1309329
2023-06-20,145.43700796851,148.98202948976086,144.84617567161948,147.93670654296875,2892965
2023-06-21,148.52753477712122,151.34538227741487,148.39119313386172,148.80023193359375,3809091
2023-06-22,149.9819255000134,151.75443639102258,146.80049071667978,148.07305908203125,3293404
2023-06-23,149.07294534398577,149.07294534398577,145.43701984779096,146.43690490722656,1269125
2023-06-26,146.80048719834718,149.43652755052142,146.16420303092113,148.572998046875,1346053
2023-06-27,148.61844579080088,149.84557612054147,147.25497381106877,147.61856079101562,1475790
2023-06-28,148.39120926228227,149.25473879333978,146.80049185824558,147.34588623046875,899376
2023-06-30,148.1639475484925,150.52730440706335,147.80036058715245,148.98202514648438,2149468
2023-07-03,149.4365425958532,150.80001475045023,148.34576764616676,148.7548065185547,1251822
2023-07-04,148.75479156365944,150.30007094614797,146.98228071487185,147.6640167236328,1310328
2023-07-05,147.75493123007487,152.84521881307887,147.39133034346028,151.25450134277344,3824042
2023-07-06,151.0272372601045,154.98131145819244,150.8908956132548,152.6634063720703,5452954
2023-07-07,152.4361722414918,154.0723414736096,150.5727576679675,151.708984375,2121961
2023-07-10,152.02712686662963,154.4359218340235,151.1181455400728,152.34527587890625,2374077
2023-07-11,153.52693638219554,153.75418170772866,151.9816709425611,152.29981994628906,1835333
2023-07-12,152.98157037392275,153.52695088474792,151.89079548231715,152.84521484375,1704975
2023-07-13,153.61784745963155,156.0266424783244,151.11814875836535,152.9361114501953,3166092
2023-07-14,153.34513828172962,154.11777791327572,152.29981536371176,153.5269317626953,1254212
2023-07-17,154.89040865311654,157.07197210468186,153.1178978843131,153.9359893798828,2841316
2023-07-18,154.52682050642568,155.11765280155691,151.48172761317042,151.93621826171875,1302191
2023-07-19,153.11790140499855,154.98131589502935,151.98167474887666,152.52706909179688,1778324
2023-07-20,152.52707235835317,154.43592485954585,151.79988450887063,152.20892333984375,1379634
2023-07-21,151.93623053202148,152.61796655990065,151.209056531581,152.0725860595703,832535
2023-07-24,152.07257053212388,153.7996294117602,151.7089696990743,152.25436401367188,1118936
2023-07-25,152.29983433292483,154.16324895231017,151.07270391114648,152.84521484375,1335025
2023-07-26,153.57240317793446,155.70851499396645,152.84521529141577,154.29959106445312,2411609
2023-07-27,154.29957990135622,156.6174850538358,152.0725784293481,152.52706909179688,1991677
2023-07-28,151.8907885664124,152.48162089372667,145.9369579721299,148.39120483398438,3311998
2023-07-31,149.02748841687304,151.39084545675024,148.39120425073827,149.6637725830078,1595085
2023-08-01,150.436428054198,153.57241124266588,150.2546345405104,152.75433349609375,2413889
2023-08-02,152.66341434155962,154.89041586606885,149.30018613414217,150.20916748046875,2421324
2023-08-03,149.34563418268226,151.11814498901367,148.43665285944007,149.07293701171875,1195092
2023-08-04,149.25473459858236,150.20916778817136,148.25486343754767,149.11839294433594,970627
2023-08-07,149.43651663729327,149.66376195691808,143.16455136362995,143.70994567871094,2945459
2023-08-08,143.70994918062206,144.98251745354938,141.43749592899903,142.301025390625,2147536
2023-08-09,136.80168125128148,137.3925135293023,132.84760717543915,136.9834747314453,5568459
2023-08-10,136.43811782448287,139.30140377330915,136.43811782448287,137.8015899658203,1356568
2023-08-11,138.2560537161041,139.71041539458585,137.21071695630616,139.1195831298828,1333288
2023-08-14,139.11959044883085,139.11959044883085,136.34719471562244,137.9379119873047,697958
2023-08-16,138.89234121940703,138.89234121940703,136.02904188890702,136.8016815185547,1364365
2023-08-17,137.2107311922848,140.25582424465236,137.16527935106424,138.75599670410156,1103746
2023-08-18,138.66511131685823,139.84678987653083,136.89260041232686,137.71067810058594,928238
2023-08-21,137.7106662311014,143.52814097275058,137.7106662311014,141.9374237060547,3348600
2023-08-22,143.1191097449752,147.7094683031565,143.1191097449752,146.93682861328125,3021108
2023-08-23,148.02763246540107,150.61822123716183,147.80038710630154,148.7548065185547,3627429
2023-08-24,149.98194115399593,152.4816401732292,149.7546957886111,150.43643188476562,1948564
2023-08-25,150.79999213657243,151.98167060067726,148.3002935613312,149.75466918945312,1988699
2023-08-28,151.8453471516969,156.52659586019587,150.75457223485745,155.79940795898438,6025382
2023-08-29,157.34467204663153,159.88980864677572,156.66293605660272,157.6173553466797,4897144
2023-08-30,159.02627645685075,160.98059458360342,157.6628045000273,158.48089599609375,3371037
2023-08-31,158.93539780374192,160.6170050132139,157.79917109330611,159.3444366455078,2305994
2023-09-01,160.16250693243725,162.9803545921666,159.98071344115408,161.43508911132812,2895287
2023-09-04,163.6166311184953,170.8884813904284,162.70764983450366,170.252197265625,10417619
2023-09-05,172.70644438287343,175.251594758296,171.29752061523294,173.70632934570312,7726177
2023-09-06,174.38806825671992,175.8424300172807,170.93393653671293,171.75201416015625,6144166
2023-09-07,172.56782818341316,172.6637970522664,167.76894538990905,168.1048583984375,6721943
2023-09-08,168.77672079177293,169.59252211390384,164.8416308778705,166.2812957763672,3098539
2023-09-11,167.62497900544435,168.92068328639127,163.4979513002658,167.72096252441406,3135953
2023-09-12,168.92069085388903,168.92069085388903,158.45913119879066,159.0349884033203,3151431
2023-09-13,159.08297055462563,162.39419687698316,156.73152082686616,161.146484375,1825273
2023-09-14,162.25023554686635,164.93761292916997,161.24246719787394,162.87408447265625,2264467
2023-09-15,163.83387131668383,167.38504199464367,163.1620305903178,165.89739990234375,2583593
2023-09-18,166.42527052760124,168.2008632443986,164.84164486291274,165.321533203125,1420911
2023-09-20,164.74563785415876,165.03357374624997,162.20223587158003,163.49794006347656,1203896
2023-09-21,164.12179507591068,164.69766688155678,160.85856056399163,161.43441772460938,1196001
2023-09-22,162.34620191429005,162.8740819599068,159.32291155898332,160.95452880859375,1033949
2023-09-25,161.48240417467295,170.12039310526467,161.48240417467295,168.8726806640625,5535585
2023-09-26,169.54453832643517,169.54453832643517,165.56147111133367,167.86492919921875,1842504
2023-09-27,167.9129101710035,167.96090192913178,165.80140461861436,166.32928466796875,991225
2023-09-28,166.9531364666599,167.33705589327624,165.12956678657557,166.2812957763672,978205
2023-09-29,167.57700323969306,168.48878809712826,165.897394159407,166.47325134277344,1521281
2023-10-03,166.32928466796875,167.28906125042093,164.88961979429047,166.32928466796875,875497
2023-10-04,165.46547764007533,166.32928535486667,162.73012315580735,164.6016845703125,1233487
2023-10-05,165.1775668245522,167.6729773200041,164.69767850100038,165.41751098632812,691277
2023-10-06,165.6094544702715,166.18531164051169,164.55369435728818,165.80140686035156,604950
2023-10-09,163.1620117267275,163.1620117267275,159.51485794735984,160.81056213378906,967408
2023-10-10,161.72235042983635,166.47324147488231,161.05050976655187,165.65744018554688,1115647
2023-10-11,167.62498414469923,169.68851270558355,166.28130270810001,167.1450958251953,2467464
2023-10-12,168.3448025381127,169.78446737616395,167.33704886749928,168.1048583984375,1504920
2023-10-13,167.3370660745731,183.31734156216348,166.80918598400075,179.3342742919922,19770112
2023-10-16,180.1500752336676,205.63214835563556,179.62219514435552,196.7062225341797,60017434
2023-10-17,199.10565533326545,205.29621155485813,197.33007738716537,199.5375518798828,14532672
2023-10-18,200.2094021642152,206.83185476503797,195.31453570619595,197.9059295654297,11841865
2023-10-19,196.658218607348,199.92146781985187,194.35476063560415,199.10565185546875,5780072
2023-10-20,199.10565559118814,204.33643520706093,192.86710760188345,194.6427001953125,7091502
2023-10-23,196.8021969506959,206.35197129804135,180.43800280945013,182.1656036376953,14558060
2023-10-25,184.66101799446696,191.8593427288411,179.52622180429753,185.28488159179688,9827164
2023-10-26,184.13314283594076,185.6687765777988,177.31872325604616,182.741455078125,4935403
2023-10-27,184.18111702925668,188.93202274367408,183.12537159440805,187.2044219970703,4264992
2023-10-30,187.63633090707546,195.1225915397907,182.88543952411186,192.38722229003906,6832027
2023-10-31,193.49097389709792,199.00968950337148,190.99554880842348,192.14727783203125,7308627
2023-11-01,193.01108344685989,196.37030160479608,189.36392937495197,190.46766662597656,2994248
2023-11-02,192.19525817940828,193.34698713462382,187.15643118594065,187.92425537109375,2801004
2023-11-03,189.4119129725582,189.8438095023899,185.76475905781513,186.4365997314453,2952330
2023-11-06,187.732301085062,189.6998313179938,183.41330656296728,184.277099609375,2626909
2023-11-07,184.757005941552,185.04494186683044,177.55868103473827,178.85438537597656,3658976
2023-11-08,184.613029875966,186.00470297932858,178.326490386952,179.0943145751953,5608759
2023-11-09,180.43799336297093,180.67793750308127,174.2954292341576,174.96726989746094,2962413
2023-11-10,174.67933816571897,175.5431312327029,171.89599193207877,173.67156982421875,4089185
2023-11-13,176.0710090162302,176.11900077378453,173.71955934634877,174.19944763183594,1602320
2023-11-15,176.07100965178208,177.03078622622084,173.71955997341283,174.67933654785156,3363242
2023-11-16,174.8233013708116,175.83106972715888,172.37588276329075,173.38363647460938,2946908
2023-11-17,173.43162526281301,180.1500613300113,172.95173697229887,177.8466033935547,5436457
2023-11-20,177.79861490255655,179.38224043234115,175.2552127741077,175.83106994628906,1805808
2023-11-21,176.310965396425,176.9828061137327,173.71957140393567,174.00750732421875,1674307
2023-11-22,174.58336650851567,175.6391266799039,171.99197248650657,173.23968505859375,1994325
2023-11-23,173.76755834811078,177.7986171852483,173.76755834811078,175.30319213867188,2203337
2023-11-24,176.02301532692957,176.45492649515063,173.95950157999192,174.96726989746094,1374957
2023-11-28,175.59112661463152,180.1500654795251,175.49515774133522,178.75839233398438,3891779
2023-11-29,180.34202123094084,184.75699954562717,178.9983398195297,181.3977813720703,5567465
2023-11-30,182.35756587559743,187.06046566385098,182.35756587559743,185.42884826660156,6217034
2023-12-01,187.1084426572615,189.55587588247124,185.3328647587972,185.90872192382812,4405398
2023-12-04,189.55586718857913,210.8629035081126,188.59609064585214,206.639892578125,33489591
2023-12-05,207.21575612832555,210.86291003254232,202.41687326620567,204.81631469726562,10803382
2023-12-06,206.06402885829894,219.06900445017362,204.3364280847793,215.0859375,19572150
2023-12-07,216.90951598716887,225.4035449269789,215.27789866317386,217.389404296875,9258364
2023-12-08,218.44516010452563,222.18828298799662,209.7111871830551,214.03018188476562,6226041
2023-12-11,215.3738742462956,215.90175433241987,210.28706972099639,212.8784637451172,3159825
2023-12-12,213.83823110324343,222.4762205716821,207.31174724252844,219.88482666015625,11871337
2023-12-13,221.66039623447378,225.54749427762573,219.64487422156301,222.9561004638672,6925322
2023-12-14,224.77967658873175,226.3153250053614,219.9807935930499,221.1325225830078,3075787
2023-12-15,222.28426612508815,229.0027023162347,220.2687294097327,223.3400115966797,6260860
2023-12-18,223.38800727366473,225.4515211391263,220.26873327306575,221.32449340820312,2844054
2023-12-19,222.66817161902168,224.8756607321815,218.10923276044255,221.61241149902344,2989149
2023-12-20,222.66817026646567,226.02738835238216,203.95252664493083,205.9680633544922,5534929
2023-12-21,203.47264287345988,215.90174713884704,200.59331302147697,214.7020263671875,4156094
2023-12-22,215.94973056424564,218.73307678906232,211.7267194690006,215.0859375,2978664
2023-12-26,215.94972764495174,223.29201252686883,213.07039794301906,222.23626708984375,4758384
2023-12-27,224.2997837445546,226.41128929086696,219.35694021716228,222.1882781982422,3431242
2023-12-28,223.10007060418246,236.92086260857087,218.82906760837565,235.5291748046875,13144431
2023-12-29,236.8728658609562,236.96883473314975,229.14666136549098,231.6900634765625,4506407
2024-01-01,232.26595208154967,272.4326112230857,231.1622147788434,262.7388610839844,34305864
2024-01-02,263.89057184752846,281.40649373296213,260.0994427919192,275.0239562988281,33329731
2024-01-03,275.4558747838784,279.2949810526433,270.12912655198977,273.4403381347656,8465472
2024-01-04,275.4558681699195,291.19619763590373,273.24839383440576,279.9188232421875,12082480
2024-01-05,281.2625083277332,281.55045886888206,271.3768215061317,273.0084533691406,5170753
2024-01-08,273.53631079096414,276.03173562461205,261.15519942369997,262.8348083496094,4215580
2024-01-09,268.737452225269,293.643667102884,268.737452225269,279.5829162597656,24034459
2024-01-10,281.1185535180296,285.05364334135936,273.8242456755256,277.32745361328125,6552338
2024-01-11,279.29500651010096,283.7099849796126,276.0317717422215,278.43121337890625,5115887
2024-01-12,279.72690831116694,282.17432698223456,273.53633738073756,275.6478576660156,3189088
2024-01-15,277.1834848075515,278.04730722460977,266.7699315869643,272.5765686035156,3680425
2024-01-16,272.57654855144625,281.694426055808,267.63370502551413,273.3923645019531,7156500
2024-01-17,272.57653548869683,277.4714016671035,267.92161344364285,270.656982421875,4742512
2024-01-18,271.42481287514147,278.143249127398,261.5391255342727,272.28863525390625,5433777
2024-01-19,275.16796877140723,287.7890254710458,275.16796877140723,285.43756103515625,12879910
2024-01-23,307.5124121473065,309.28800468855707,276.75158429694216,279.24700927734375,11454779
2024-01-24,281.9823696189447,289.1806945338945,272.1926653086483,286.2533874511719,7477547
2024-01-25,287.54905158002,297.24280030115614,280.7346324221884,294.74737548828125,9492090
2024-01-29,297.5307312011719,304.92102236961045,295.89909934630435,297.5307312011719,4941608
2024-01-30,299.8821901334923,299.8821901334923,288.4608259327877,289.2766418457031,4506059
2024-01-31,290.7643413042429,291.38819025472225,283.80596074799735,287.35711669921875,4825263
2024-02-01,289.0367258670126,290.71633496719124,275.45589242929424,277.0875244140625,5413205
2024-02-02,281.0225884310787,282.8941645948031,271.61678907660485,273.10443115234375,6574543
2024-02-05,275.6958417369271,279.4869712070354,258.4678392143663,262.30694580078125,6795058
2024-02-06,273.5363464355469,276.41567639802633,268.97740732828777,273.5363464355469,7572407
2024-02-07,257.220129640585,262.30693392118553,255.300576434312,257.6040344238281,10233010
2024-02-08,257.93996359133575,260.5793492652936,244.64705170266373,246.80654907226562,8758243
2024-02-09,249.3019680692911,251.17354412693123,239.41626631020378,244.45509338378906,5754044
2024-02-12,247.28644268466493,247.47840972655098,218.30119140839682,221.51644897460938,6458873
2024-02-13,218.1572132778441,227.94693118279432,213.07039462139088,224.49172973632812,5954377
2024-02-14,220.7486110737568,228.66676777531546,217.48537659415604,227.6110076904297,3327948
2024-02-15,230.34638841920528,235.19326327119853,227.99493863309837,231.59410095214844,5149593
2024-02-16,234.18549291938004,238.1685599942186,231.4501237219413,232.36192321777344,3537955
2024-02-19,233.22571673878014,235.0492864437467,229.43460205001563,230.39437866210938,2996654
2024-02-20,230.44235448696475,235.76910259972502,227.03514482062977,227.7069854736328,3100942
2024-02-21,228.47481815423455,230.05844365569234,217.10145980549032,218.01324462890625,4863297
2024-02-22,219.5968828065165,223.38799734043116,213.26235156742317,220.98855590820312,3212041
2024-02-23,222.90811957713808,227.03516196440737,219.021021344419,221.80438232421875,3855383
2024-02-26,225.1635869524667,225.21156406446946,213.45430119828413,214.41407775878906,4214252
2024-02-27,214.7020222668,218.20521564015914,212.7824690688044,213.7902374267578,3575833
2024-02-28,214.51007101018206,216.42962421832686,208.3675066021302,210.0950927734375,2550399
2024-02-29,210.28706435464665,213.31035486479752,206.92784616779946,208.55946350097656,4704712
2024-03-01,211.8226983173079,214.3181234016014,210.33504161878787,211.00689697265625,2657309
2024-03-04,217.86928248931662,217.9172742470644,211.19883822316478,211.91867065429688,2335346
2024-03-05,211.77470962345043,212.9264533067422,208.27153074768768,208.7514190673828,1820091
2024-03-06,208.65541676520346,209.42324093661279,201.9849726508266,203.90452575683594,3256794
2024-03-07,205.2962161292479,212.11063608781845,205.05627197077752,207.79164123535156,3393755
2024-03-11,208.2715215966233,208.79940165409974,198.62576386556196,199.34559631347656,3747181
2024-03-12,200.49732643150617,200.64130170891798,194.35476203268226,195.1705780029297,4059707
2024-03-13,196.75420142503467,198.28984983075367,179.95811105948292,181.73370361328125,5431711
2024-03-14,182.35755262036008,191.3794467340928,180.4379994348826,189.07598876953125,4602154
2024-03-15,188.78804322632797,205.2961968497969,183.17335923241583,200.2573699951172,6104596
2024-03-18,200.8812520742137,203.37666253123606,194.45075156665533,195.31454467773438,2568700
2024-03-19,195.7464360142421,197.47403683536774,190.03576813318497,191.23548889160156,2945833
2024-03-20,191.9553242191491,194.45074929200965,184.9009601960838,186.05270385742188,3935240
2024-03-21,188.69208764512092,193.77889196913688,188.69208764512092,191.955322265625,3068208
2024-03-22,192.24326165374862,195.89041577174106,191.95532573613858,192.38722229003906,2535584
2024-03-26,192.81909931458696,193.77887584605836,188.6440801897031,189.26792907714844,2739106
2024-03-27,190.0357714322334,195.69844765225298,188.11621818544316,189.21995544433594,4516394
2024-03-28,191.76337043194096,194.11482020755074,187.1564397551169,187.78028869628906,3550527
2024-04-01,190.08376193490747,205.68013196190017,190.08376193490747,204.9123077392578,6796460
2024-04-02,205.63213702330614,214.98995889484516,204.48040802966094,212.06263732910156,8011638
2024-04-03,211.91868053154639,228.61878785416977,210.4790156021813,227.1791229248047,14539244
2024-04-04,228.6187817721604,232.50587990704236,223.24404163253382,227.03515625,7086050
2024-04-05,226.89118081927526,233.03375980398545,225.54749944654134,231.9300079345703,6101189
2024-04-08,232.9377773949757,233.60961808453936,225.5954922786219,227.75498962402344,3278088
2024-04-09,227.7549865059868,231.78604523321087,222.71615943569964,225.3555450439453,3374799
2024-04-10,226.50727421407544,232.07398133986774,226.07537767953735,230.49034118652344,5015705
2024-04-12,230.4903504053597,230.77828632157772,224.73169066111558,225.69146728515625,2629350
2024-04-15,222.52421150490417,222.52421150490417,210.62297282777922,216.95750427246094,3825704
2024-04-16,215.32588129781658,220.4606772070463,214.65402597667747,217.53335571289062,1813671
2024-04-18,218.34918044203832,219.69286184828545,213.64628087514447,214.7020263671875,1631502
2024-04-19,213.07039548123268,215.4698368717871,207.31173614390207,213.69424438476562,2093619
2024-04-22,217.77331013752263,231.69007118615747,216.6695728778839,230.3463897705078,7179929
2024-04-23,232.2659379586481,234.5693959481604,227.94694324454102,228.7147674560547,3739845
2024-04-24,230.490346764959,242.7274985282023,230.34638613163827,239.46426391601562,11794653
2024-04-25,239.46425215785652,244.4070955928832,238.02458731522412,239.89614868164062,3490741
2024-04-26,241.33581352427302,244.16715145244447,236.15302594880762,239.89614868164062,4237168
2024-04-29,240.903935204549,242.2476166345308,237.35276458671487,239.84817504882812,2506424
2024-04-30,240.42404002144767,240.42404002144767,235.6731487464368,236.77688598632812,2528820
2024-05-02,236.77688025315663,237.88063211135116,232.93777391862622,236.87286376953125,2429476
2024-05-03,238.02458960162707,238.312525501925,231.06620946206337,232.26593017578125,1885460
2024-05-06,233.8975552549717,233.9455470141342,223.3880043796502,228.7147674560547,4427378
2024-05-07,226.65123748130222,228.1388941353807,216.71755849122053,217.96527099609375,2739974
2024-05-08,216.909512713321,222.18828404041508,215.08594302197272,219.40493774414062,1628105
2024-05-09,220.26872599342812,221.660399111004,207.40772562785807,208.943359375,2198963
2024-05-10,208.89537681449312,216.38163742714488,205.48818150783137,213.9342041015625,1872666
2024-05-13,214.03017393571412,214.8939669859636,207.93558689164107,212.44654846191406,1445154
2024-05-14,213.83822589836007,220.2687260837829,212.49452989340273,218.49313354492188,1724182
2024-05-15,219.30896052055144,225.49951687100975,219.30896052055144,224.4437713623047,2428253
2024-05-16,225.5474985066604,225.69145913705748,220.74861555971017,221.660400390625,1287443
2024-05-17,221.70839072961428,228.9067151039524,220.9405665340125,227.32308959960938,2218039
2024-05-21,230.77827261910903,235.14525892820998,225.54749325767082,231.5460968017578,2792677
2024-05-22,211.15084740171167,217.8692834554025,211.15084740171167,212.6385040283203,8668647
2024-05-23,214.98995755413387,217.3893990446934,212.11062776546243,213.3103485107422,2168983
2024-05-24,213.50229797539345,221.51643830205725,211.486775937959,215.56582641601562,4813002
2024-05-27,216.5256043178919,219.836830620653,212.78246683409495,214.318115234375,2234130
2024-05-28,215.9017447865921,216.23767245700841,209.80717211997947,210.57498168945312,1414971
2024-05-29,210.5749740675818,212.4945272118443,208.8473879537682,209.23129272460938,1408745
2024-05-30,209.2312931097406,209.2312931097406,203.56861718175435,205.05625915527344,1516572
2024-05-31,205.87207772090005,206.73587079038893,201.02520303203167,202.08096313476562,1905438
2024-06-03,213.07041284967653,214.03018948413452,208.367513198844,210.23907470703125,2263433
2024-06-04,209.71117462612514,209.71117462612514,180.24603768775293,190.94754028320312,4180709
2024-06-05,191.81136125502738,192.531193712109,185.23688562233707,187.06045532226562,5429661
2024-06-06,190.03575805529692,202.80078917690582,189.0759814994621,199.48956298828125,3550389
2024-06-07,201.4571015004277,202.70481400335422,198.76973874954433,201.31314086914062,2072845
2024-06-10,201.9849813205286,215.32588476693527,201.9849813205286,213.41592407226562,7930142
2024-06-11,214.65403856448103,215.79617510336095,209.42325883262131,212.68650817871094,3898096
2024-06-12,214.030172229673,218.34916673654982,213.30074731849945,214.2797088623047,2893545
2024-06-13,214.9899544320892,218.96342889695256,212.70568147983917,214.98036193847656,3450314
2024-06-14,215.94973905436458,217.6773398958053,213.35834511471802,215.28749084472656,1786874
2024-06-18,215.28748799718934,225.4323337450857,214.500478796238,224.53973388671875,8992813
2024-06-19,231.30615911184205,240.18409260472396,228.5803971001857,230.1736297607422,20781808
2024-06-20,231.59408217501948,263.6506274179701,227.83175989328325,252.09490966796875,76683475
2024-06-21,253.78413542294416,255.23337813723248,239.94414429252632,241.4989776611328,16067036
2024-06-24,235.14526526951218,238.1397635530658,228.70515788709378,233.20651245117188,9906732
2024-06-25,234.3774371904698,235.90347843319768,227.4670487646015,228.4652099609375,5718286
2024-06-26,229.38661076950666,236.77688776905822,227.85096232893773,233.08175659179688,6446170
2024-06-27,232.27552670974003,232.93777489843671,228.8107326424512,231.3157501220703,3091047
2024-06-28,232.33312791913573,235.71153099693643,230.44236685100614,232.64984130859375,4256860
2024-07-01,233.17772952520338,239.84817418029613,232.18916076707598,235.8555145263672,5410936
2024-07-02,237.1608098134319,237.1608098134319,231.69007133680205,232.7938232421875,2500241
2024-07-03,233.2257044998626,237.59269078472983,231.54609551683888,235.0012969970703,3414059
2024-07-04,235.38521156891164,239.94415042702514,232.74582591421438,233.95513916015625,5070624
2024-07-05,234.18548929744583,236.834467428764,232.72662477170618,233.6864013671875,2384599
2024-07-08,234.3198490786192,248.48614585051018,233.53283991380596,247.34400939941406,12663863
2024-07-09,250.40571062313302,256.2603537771774,245.87556387164952,248.0542755126953,11558312
2024-07-10,248.04466668869978,248.04466668869978,235.47158737872272,241.26864624023438,4852854
2024-07-11,241.9596864456937,244.8678083688184,239.8769583384125,242.54515075683594,3292620
2024-07-12,243.6393000498082,253.7649316417364,241.87329994455013,243.3513641357422,7669749
2024-07-15,247.0944963669865,248.1022500768075,240.16489352693372,243.82164001464844,3180028
2024-07-16,244.74303591393445,250.11779079593828,240.56800179621462,241.80612182617188,3482358
2024-07-18,242.8234797160688,243.49532040683084,235.24125043670105,238.1301727294922,5226666
2024-07-19,238.50448125184028,239.44505820405647,230.40396453533378,231.18138122558594,2116343
2024-07-22,231.3061603584675,246.65297880362382,227.07354204208036,237.54470825195312,8932915
2024-07-23,240.90392816629668,245.70281119749782,219.7888428290117,227.91815185546875,8847111
2024-07-24,229.252237697757,232.21794385671697,226.12337127531364,227.38067626953125,2903640
2024-07-25,226.12336934031185,226.9775699153734,222.07311097900114,224.07904052734375,1928646
2024-07-26,225.4035371504564,228.82993194813093,224.20381641758198,226.52647399902344,2059025
2024-07-29,228.42683818303325,232.12198407047634,227.5630450731259,228.4076385498047,2191537
2024-07-30,229.57855868265867,234.5693940495587,228.40763006470928,232.7554168701172,3114965
2024-07-31,234.0415173628606,239.36826549449836,232.64982965060275,236.22019958496094,3888896
2024-08-01,237.64068242463722,237.64068242463722,230.39436645815977,230.9318389892578,2050521
2024-08-02,227.46704674728855,231.296560528029,226.036974387933,227.37106323242188,1321150
2024-08-05,217.83090642414388,223.15765490767507,211.23723113742733,213.396728515625,3148156
2024-08-06,214.88437584911148,222.4762120388933,211.34279795967967,212.12982177734375,2388695
2024-08-07,215.8057727329778,220.70062456887518,214.35650070513975,217.2454376220703,1732655
2024-08-08,217.85008320543608,221.50682961822778,216.33363445735705,218.91543579101562,1877308
2024-08-09,221.70839080339954,223.25363168873952,217.86928446914152,221.9771270751953,2313961
2024-08-12,221.7083971065855,222.52421308382043,217.33181810430946,219.0882110595703,1999966
2024-08-13,219.86561623787165,220.54704939461442,213.11838818912426,214.41407775878906,1813588
2024-08-14,215.94973537382455,217.4373920354055,211.83230019650958,213.33914184570312,1383904
2024-08-16,216.18967832679127,217.08226353177872,213.271963917714,214.2413330078125,797622
2024-08-19,214.65403880370863,218.34918471067013,214.65403880370863,217.13026428222656,963589
2024-08-20,217.85970659470385,219.49132396724534,215.94974579303485,218.35877990722656,841957
2024-08-21,218.8770630932299,224.10784279038072,218.73308781191454,221.86196899414062,1854672
2024-08-22,223.157645869214,232.985763255691,223.157645869214,227.3998565673828,5321006
2024-08-23,228.4268297214278,236.9688355630832,227.486252758477,228.20608520507812,3716555
2024-08-26,229.72253592235188,229.72253592235188,224.79887725963155,226.5072784423828,1845705
2024-08-27,226.7952140869173,232.69783433394667,226.1233733942111,228.12930297851562,2976764
2024-08-28,229.14666194043377,229.19465369916523,225.54749971100287,225.75865173339844,1558373
2024-08-29,226.03697995882857,226.3345230042372,221.03655211463794,223.07127380371094,1337255
2024-08-30,224.20381128378142,228.33083879434628,219.94240099498435,220.8253936767578,2313801
2024-09-02,222.19787657553482,231.20058581782433,221.074939704966,229.54017639160156,5986203
2024-09-03,229.8664972293772,233.60962013626994,228.44603195253438,229.78012084960938,2913208
2024-09-04,227.65901018076863,230.3463876321495,225.74906408947055,227.7357940673828,1611202
2024-09-05,228.9547070880716,234.42543068896182,227.95653123929569,229.3194122314453,2661026
2024-09-06,229.38660443639282,230.24080501355567,220.76781478035306,222.69696044921875,2041783
2024-09-09,223.74194123170238,225.40217958680662,218.3998693894742,220.78280639648438,1524803
2024-09-10,221.9352050383992,224.95293428292135,221.20274561583022,223.62474060058594,1045156
2024-09-11,223.64427554815668,224.71855532160342,216.80798764930475,217.41348266601562,1292871
2024-09-12,219.72806801369606,219.99174267883956,214.17114009281826,215.47979736328125,1693131
2024-09-13,216.1243712462967,219.39601451341426,215.14775864681224,217.4916229248047,1024830
2024-09-16,218.61472503252082,219.34718444419747,216.36851318966086,218.1557159423828,809199
2024-09-17,219.2495169033317,220.11870147448843,215.83137298724415,219.76712036132812,1328681
2024-09-18,219.21046498937596,223.3512927672731,217.306058547906,221.24180603027344,1859701
2024-09-19,222.65791029444605,223.10714374184852,210.7041667993955,212.38394165039062,2254552
2024-09-20,214.41529085102923,214.99148868583427,211.60264190538084,213.62423706054688,1162904
2024-09-23,214.6594460665891,217.54045017039107,213.46797753792387,216.5833740234375,1135633
2024-09-24,216.58336577234925,219.48390618960778,215.35282444264888,215.8509063720703,1232376
2024-09-25,216.30014866560202,218.13618507290198,213.69259488187245,214.376220703125,1017610
2024-09-26,215.83137697627217,216.69080080253127,213.00896725804407,213.5070343017578,729518
2024-09-27,213.95628206519848,217.97992105567096,212.91129946998691,213.59494018554688,1473754
2024-09-30,213.5949444368704,215.3430744023827,211.92493036424966,213.12615966796875,1063737
2024-10-01,214.03441577836622,219.6889960377676,213.10663681135298,218.58543395996094,2879380
2024-10-03,214.85476168762975,216.8079867938809,212.0225912443355,212.7550506591797,1101925
2024-10-04,213.6730517558303,213.8683861859973,206.16291381673298,208.7216339111328,1822726
2024-10-07,209.97169611371672,210.46000238374862,197.18784154074353,202.4224853515625,2588930
2024-10-08,202.3541225533954,205.0886407436964,199.25826247897157,204.28781127929688,1123182
2024-10-09,205.06909703042842,210.6064883454493,204.74681310391296,207.1981201171875,914027
2024-10-10,209.307617762409,216.3196890164281,207.9208147687898,209.21971130371094,2989817
2024-10-11,209.00485628818822,210.74322551677213,207.43250941267968,208.5946807861328,662270
2024-10-14,212.4132398794867,215.72395598773824,209.00485655075022,210.1768035888672,2311144
2024-10-15,210.9483213648055,211.90539753919924,207.44228571117668,207.9989471435547,851625
2024-10-16,208.30168249727484,212.30579987968616,207.2762512498577,211.9444580078125,1146021
2024-10-17,212.07141588987596,212.7941145641223,206.50472716154042,207.36415100097656,900986
2024-10-18,207.18834381995757,207.43249695427377,202.16855597449347,206.71957397460938,880128
2024-10-21,207.0418618764545,207.530168154465,201.40680325567428,205.7722625732422,1252305
2024-10-22,205.09840004414866,205.567184806182,199.96142330108253,202.88150024414062,1463963
2024-10-23,205.0788795328271,205.0788795328271,193.6525005092003,198.5258026123047,1743591
2024-10-24,198.83832767725025,200.6450520129884,196.30888976413627,196.7386016845703,967136
2024-10-25,197.9593600386967,197.9593600386967,187.50960877979122,189.0233612060547,1417780
2024-10-28,189.56051164109178,193.359534059422,187.90025829937326,191.61138916015625,1072338
2024-10-29,193.06653535968238,197.2757330215268,191.6992688629328,196.57257080078125,963824
2024-10-30,195.85966049197313,209.87404240243222,195.810826881443,204.23899841308594,1812524
2024-10-31,204.8933126425547,205.3327853025319,202.20762817367498,204.1217803955078,842132
2024-11-01,204.99096865326752,206.76841065039133,204.11202331745514,204.815185546875,206176
2024-11-04,204.3073418964074,204.8151845934967,195.61549618698874,196.9339141845703,1219768
2024-11-05,195.4201748975723,200.38135347902576,194.78536780644785,198.21328735351562,1247939
2024-11-06,198.8383300684382,206.29964968936798,198.8383300684382,205.4890594482422,1314131
2024-11-07,207.53017823871394,210.24516008422398,205.1960747124826,206.83677673339844,1709021
2024-11-08,207.91105190205067,207.9208126631736,199.72703369957523,200.46926879882812,918870
2024-11-11,200.40089233696898,200.4692623684125,192.92981228810075,194.21893310546875,1644810
2024-11-12,195.6740915256633,198.47696478144297,189.95114137454848,191.02542114257812,827112
2024-11-13,194.2482388969709,197.34411393222916,187.31429842389815,193.33999633789062,4186465
2024-11-14,194.24822623310973,196.68975755781912,188.7401321606423,189.8534698486328,1577063
2024-11-18,191.41606116938178,191.54302557040603,184.97041233249993,185.624755859375,1482025
2024-11-19,187.9979223045495,190.8984628694023,187.01154896000838,189.30657958984375,951413
2024-11-21,186.58183900646716,188.38856336365387,184.67744742914036,185.93727111816406,1041213
2024-11-22,187.31429227318807,189.46283692806983,185.00948603200672,188.70108032226562,1085889
2024-11-25,192.87121643187982,195.82057558159116,191.14260805867795,194.3947296142578,1486554
2024-11-26,194.44357196789787,198.7309006273271,193.90643206484114,197.18785095214844,1307376
2024-11-27,197.2269054840482,200.42043275972512,196.14286493552987,199.65867614746094,1249125
2024-11-28,200.59621889809887,209.97170567018912,198.9848140944234,208.85836791992188,3414997
2024-11-29,208.99509333234573,220.71444436032772,206.9149037562628,218.88818359375,8323324
2024-12-02,217.78460787842377,218.40963934083192,214.89382805108266,217.15957641601562,2112736
2024-12-03,218.12642816093938,221.59339093745405,217.55021540678516,218.74168395996094,1917554
2024-12-04,218.90769473741184,223.54660429938536,216.5247726589833,217.85296630859375,1828882
2024-12-05,218.64403015569522,221.6910566502901,216.23179588016578,217.84320068359375,1428968
2024-12-06,217.93109138358045,218.86864601773243,214.19067831386062,215.8118438720703,1507708
2024-12-09,215.35282441583297,216.74938808785836,212.70621279489913,213.73165893554688,1265119
2024-12-10,214.659445452855,217.54044954841987,212.7062203166178,215.56768798828125,1460716
2024-12-11,216.0169290293642,218.46822112784366,214.95242494253614,217.40371704101562,1324786
2024-12-12,217.40372722323255,217.76506910953782,212.7257595177192,213.69259643554688,809731
2024-12-13,211.9249298808807,212.70622292534276,208.37982144651528,210.02053833007812,1593545
2024-12-16,210.9971499026592,215.63605963596538,210.17679891575764,213.3019561767578,1809553
2024-12-17,214.85476771569407,226.03697878233032,214.85476771569407,215.8118438720703,8527491
2024-12-18,216.80799495232395,217.3451348571405,210.11819275090772,210.8604278564453,1976732
2024-12-19,206.9930322136587,209.31737490990784,205.39138818733312,207.48133850097656,1468519
2024-12-20,208.4091135624988,208.79976752619038,198.44766846820085,199.41452026367188,1951093
2024-12-23,201.1919486506911,201.46539897605714,196.1038055447709,196.6409454345703,1261919
2024-12-24,197.27573488787013,200.97708989154313,196.08426638599732,199.0531768798828,938995
2024-12-26,199.05317806338513,200.73293794779525,197.47105559137069,198.36953735351562,683142
2024-12-27,198.2523520321902,199.62937933459014,195.32251431742878,195.89871215820312,673364
2024-12-30,196.58234327764364,197.91053700688627,187.02131250089428,188.50576782226562,2752339
2024-12-31,188.95498848642708,193.74039883356147,188.48621864368636,193.0177001953125,1203340
2025-01-01,193.17397162950672,201.14313387218132,192.99817361580966,199.93212890625,2304961
2025-01-02,200.69388308948837,202.42249151053542,196.24053215560627,198.5843963623047,1720343
2025-01-03,198.8383190727318,202.0611285326727,198.73089109727212,200.81106567382812,1205626
2025-01-06,200.9868734203291,200.9868734203291,192.88098596641856,194.53146362304688,1522047
2025-01-07,195.3225082593016,201.46539458720974,193.9845538463413,198.6625213623047,1415938
2025-01-08,198.8871498587188,198.93598346906208,194.83421353296376,195.8791961669922,697734
2025-01-09,196.2014532955706,200.66457975561977,195.4201751852285,199.2289581298828,1794590
2025-01-10,198.9164371174939,198.9164371174939,189.95114105752293,190.517578125,1291681
2025-01-13,189.45307783351166,189.45307783351166,179.30607382651107,182.16754150390625,2206492
2025-01-14,183.60315765647053,187.07013515643246,182.343334035781,185.917724609375,1059291
2025-01-15,187.60728119091144,189.32611395430294,185.66381680639543,186.34744262695312,779602
2025-01-16,187.60728684617064,192.07039868928942,187.60728684617064,189.99998474121094,842926
2025-01-17,190.34177838387038,207.72548460352982,188.68154004365047,203.9752960205078,13143585
2025-01-20,202.3052847217633,208.75093354280224,200.6157491748681,206.3386993408203,2121533
2025-01-21,206.74888206301284,209.92287297652746,201.08452606774014,201.90489196777344,1431004
2025-01-22,202.1588012242488,205.91876556527663,197.61755875172054,203.4186248779297,2974061
2025-01-23,202.30528832316406,209.4150266549639,201.04546466216772,205.95782470703125,1693451
2025-01-24,207.08091927202085,207.87198795791446,197.2952722160585,197.89100646972656,957537
2025-01-27,196.2991257346082,196.2991257346082,187.89049094661587,192.31454467773438,1543613
2025-01-28,193.80876847484893,195.02953423105475,187.05061103672466,190.98635864257812,1421491
2025-01-29,192.09968924255438,197.36363039066467,191.240280315588,196.49444580078125,1123772
2025-01-30,197.95937044379707,202.15880759154274,196.7874383077095,198.02774047851562,856029
2025-01-31,198.49650388244217,201.58260316502236,196.91439629539002,200.28370666503906,971850
2025-02-01,200.79155557466825,207.0321094631866,200.21534281791978,204.92262268066406,2667125
2025-02-03,202.6471023337561,202.6471023337561,196.54327395020923,199.1996612548828,770606
2025-02-04,199.70751540934592,204.01436563846664,199.21920911064024,202.77407836914062,930972
2025-02-05,203.1744647281673,204.89331232279966,201.72908235243747,202.5689697265625,618476
2025-02-06,202.54944479039347,206.55356236196295,201.66073866077699,205.06910705566406,1193585
2025-02-07,205.06910462612123,206.13362365989258,200.7427180654628,204.795654296875,923184
2025-02-10,205.0886430425052,205.80156605768525,197.27574235517167,200.35206604003906,894274
2025-02-11,198.14491813762217,198.14491813762217,187.99791441784754,190.12692260742188,2489968
2025-02-12,190.14646178787024,192.23641206289784,181.64993552591412,191.4453582763672,1495456
2025-02-13,191.44536065864304,195.17602782416748,189.9902025665221,193.8380584716797,1127947
2025-02-14,195.3225168293321,195.89871467751652,185.92750853845737,193.51577758789062,1648055
2025-02-17,190.64454190905002,191.41605926454488,184.85322175474934,188.45692443847656,1537138
2025-02-18,190.97658624604333,190.97658624604333,181.6987670641269,182.6363067626953,1058891
2025-02-19,182.86094170660596,187.8514325008627,181.34718925319186,184.9411163330078,864847
2025-02-20,185.55639217037182,188.29091040379396,184.24773487573762,186.5330047607422,547417
2025-02-21,187.21662848683263,190.18553907322718,184.09147121320052,184.61883544921875,673949
2025-02-24,183.60315826277542,184.4528064073968,180.18501435894717,183.73988342285156,770982
2025-02-25,184.21843265209176,186.26931009462592,180.20455441936585,181.23976135253906,689265
2025-02-27,182.28473514344728,183.10510104982444,173.98352807467765,175.3117218017578,1063837
2025-02-28,174.56950254143135,174.77459774462105,161.14107926901357,163.61190795898438,3294880
2025-03-03,165.9948429449529,166.54174361048638,154.59777581952176,163.3091583251953,1859272
2025-03-04,161.1410723522187,166.99098694957712,159.01206412497405,164.88150024414062,1546634
2025-03-05,165.92646904678398,170.58491516038265,165.15495167628572,170.0477752685547,1316023
2025-03-06,172.00099460090155,174.5499539089615,170.2626254837338,171.73731994628906,1597449
2025-03-07,172.86042870248926,177.00127145530988,172.17680286879673,174.35464477539062,1215531
2025-03-10,175.7316715498392,176.14184704875677,169.45204485711022,173.36827087402344,1851389
2025-03-11,169.93059185660218,171.8838170503562,166.9519204557421,167.9383087158203,1972731
2025-03-12,167.9773614401306,172.3232843807257,166.70776212327948,167.39138793945312,1012388
2025-03-13,168.95397004642544,170.37005525429086,167.46951480758264,167.83087158203125,1034762
2025-03-17,168.95396687276667,170.0282466113402,163.58259798374806,164.4224853515625,1385906
2025-03-18,164.4224853515625,164.4224853515625,164.4224853515625,164.4224853515625,0
2025-03-19,170.4188858377247,174.1300164180142,169.49110691813345,172.89947509765625,1394913
2025-03-20,175.49727696156512,177.54816933234133,172.6455700273115,174.11048889160156,1113411
2025-03-21,175.74142366332754,179.55022151201493,174.54019441118314,176.90359497070312,1598362
2025-03-24,179.6869479366218,181.15186675752454,177.54816407379585,179.4427947998047,1248364
2025-03-25,180.67332746784584,181.45462051295672,175.79026456330945,177.21612548828125,1474917
2025-03-26,177.74348988894621,178.54431935895246,171.89357515922677,172.44049072265625,1337259
2025-03-27,174.8038933069091,180.52684369538449,173.16317640240794,177.5188751220703,4231742
2025-03-28,179.33537658884828,181.11280377266195,172.32329036863163,173.13388061523438,1857395
2025-04-01,173.83703549492358,178.52477875831775,173.163170444933,177.0891571044922,889406
2025-04-02,177.64582518606724,178.86659093061672,172.9580966485378,177.96810913085938,747131
2025-04-03,175.79026176078713,182.18707704413413,175.79026176078713,181.7476043701172,1476315
2025-04-04,181.19092501766946,181.59133973920785,173.68077213180624,174.6378631591797,1159708
2025-04-07,157.28345715352935,167.9773617993221,156.83420881512595,166.31712341308594,1302203
2025-04-08,169.93059414125665,171.98148658304214,167.71367934400104,170.86814880371094,737842
2025-04-09,170.8681418238334,171.73732641515704,167.6843753080326,168.40707397460938,691283
2025-04-11,170.56537992447602,174.71598335998874,169.44228142622504,171.5126953125,1658718
2025-04-15,174.803884899862,182.1382397525506,173.64171358630182,181.59133911132812,1598537
2025-04-16,183.01719335633177,184.09147316581496,181.05420741564942,182.3238067626953,1053894
2025-04-17,182.62655045198156,193.36928871386283,182.62655045198156,188.52528381347656,4010787
2025-04-21,189.65815401434955,193.0762979354699,188.0076764224149,191.08401489257812,1677944
2025-04-22,191.40630002151732,193.6622726392873,189.9609027107134,191.4746551513672,921199
2025-04-23,192.05085085562408,193.22279783020065,186.91387423783937,189.5897979736328,770799
2025-04-24,189.46284053804885,193.5548496329467,188.8573455070073,190.97659301757812,1067802
2025-04-25,191.41605700036905,191.94342121280894,181.64993164320737,182.30426025390625,1406757
2025-04-28,182.57771454826766,186.42557040710304,180.16548034035668,185.624755859375,867231
2025-04-29,186.16187627458743,190.9765838113492,185.37082250715372,188.2127685546875,1354205
2025-04-30,188.38856293437163,188.74014406337892,180.96631618033214,181.7573699951172,853887
2025-05-02,182.23591122672087,185.88843269535508,180.42917201438593,182.19683837890625,569589
2025-05-05,183.12461367014492,186.35721372445488,181.5425061096241,185.771240234375,864750
2025-05-06,185.78100006324706,188.2127706623778,182.44098695116585,183.73988342285156,1360179
2025-05-07,179.6967131389457,186.39627597487691,179.6967131389457,185.86891174316406,878052
2025-05-08,186.532997447833,191.69927129150454,180.91747527335636,182.5191192626953,1448188
2025-05-09,177.74348540148858,180.5756558564566,175.45821559421717,179.77484130859375,891267
2025-05-12,183.89615505920455,191.17191592899044,183.89615505920455,190.62501525878906,1323139
2025-05-13,191.1133196787266,192.34384617458312,188.8475713222506,191.3379364013672,656619
2025-05-14,191.85553968227512,198.25235510572676,191.4649006083542,196.6507110595703,1718618
2025-05-15,197.51988707924158,202.35411619300865,196.6702389343399,198.06678771972656,2180141
2025-05-16,199.13129455009422,201.18218688199133,197.00228632727678,200.43019104003906,1274219
2025-05-19,200.43019743307116,204.06319745567333,199.32663534100243,201.3677520751953,1463457
2025-05-20,202.1588074635518,204.1608662666436,198.95551933937517,200.6841278076172,1465999
2025-05-21,200.20557065819025,200.6938769280883,193.4669500943674,195.52760314941406,2287110
2025-05-22,194.88303555711917,197.9105254933779,192.95910765899592,195.468994140625,886703
2025-05-23,196.2600673933962,199.13129581357498,194.4435674285096,196.58233642578125,648052
2025-05-26,198.25235718713554,201.57283405610056,197.2562081656758,198.56488037109375,1521558
2025-05-27,198.25235135497778,201.08452184213596,197.08041925346146,199.68797302246094,1457143
2025-05-28,200.20558080363304,201.4947165744148,198.6429947000052,199.24850463867188,677569
2025-05-29,200.2055764921756,202.6471079128119,198.0667925833902,198.6136932373047,851064
2025-05-30,198.61370012625514,199.99072747171846,194.44357504455297,195.254150390625,815794
2025-06-02,195.32250791142857,197.75427849961878,193.3692828323143,195.498291015625,541350
2025-06-03,196.29912966625042,207.03210734453606,195.6838589688296,203.54559326171875,7556552
2025-06-04,206.7488714834828,209.9619350812112,204.54173251048869,207.2274169921875,6308087
2025-06-05,208.4579529552132,212.17884451381744,205.34255642972659,206.76841735839844,2864872
2025-06-06,208.37981134473554,208.99508200898535,204.16085295224656,204.68821716308594,1278654
2025-06-09,205.08863677706717,208.7899918077682,204.40501096819526,206.84654235839844,1109673
2025-06-10,207.5301632292518,208.02823025630914,204.59056487008561,205.22535705566406,1039845
2025-06-11,206.06525722727133,209.97170760124806,204.60033833703008,206.53402709960938,1730616
2025-06-12,207.53016534848047,209.7763771773431,201.4263369558781,202.33457946777344,1320987
2025-06-13,195.33227893540513,200.93804057169754,195.33227893540513,198.68206787109375,992004
2025-06-16,198.877385910907,200.4399720053011,194.15058458315676,198.3207244873047,1086888
2025-06-17,198.83833171569057,201.18219599957555,195.32252038793743,196.32843017578125,900030
2025-06-18,196.29913342695454,197.0315928800402,193.38883203923342,194.1798858642578,750380
2025-06-19,194.73654349840183,195.8108233027281,188.0662926561978,188.74014282226562,1243603
2025-06-20,188.7792113885276,192.14852175014,187.6756344238371,190.79103088378906,725525
2025-06-23,189.84371186145563,192.08992369338813,188.10534272502065,191.17190551757812,837288
2025-06-24,193.61343993609518,196.1819357363981,192.28524625899377,192.9688720703125,911940
2025-06-25,194.33613287020202,199.52194302448524,194.33613287020202,198.35977172851562,1190835
2025-06-26,199.13129522660878,200.63528691562288,194.73653870212027,195.59596252441406,920781
2025-06-27,197.27574245171203,199.89305703032537,196.20146264590778,197.6956787109375,1055793
2025-06-30,198.98480804574976,200.928272394546,197.91052827467144,199.44381713867188,658002
2025-07-01,200.15673709066232,203.5260473732445,198.56486878378666,201.88534545898438,1562975
2025-07-02,202.86196569134006,202.86196569134006,198.05703360061867,201.63143920898438,923212
2025-07-03,201.16264861651814,202.44200867105698,200.15673888347197,201.6802520751953,612754
2025-07-04,200.69388660667275,205.43046361387778,200.69388660667275,203.51629638671875,1255422
2025-07-07,202.64710968023405,203.3502719276641,199.94188867003595,202.13926696777344,773716
2025-07-08,202.13925967852634,204.8933141986355,201.06499482397064,202.3931884765625,862891
2025-07-09,201.67050264184553,203.16471873318795,200.74272364881782,201.58261108398438,760727
2025-07-10,201.58259763099394,202.20762905950346,197.82263339732086,199.79539489746094,906469
2025-07-11,198.7406518310926,200.69387691051367,195.71314699722006,196.57257080078125,582897
2025-07-14,196.10379913377895,197.3441012202362,194.6974747053431,196.2405242919922,505283
2025-07-15,196.2893600683384,201.67048980696944,196.2893600683384,199.73680114746094,1193832
2025-07-16,200.7915511897078,201.31891542285888,198.9848119669069,200.07861328125,470483
2025-07-17,200.76225808609772,201.5240147172052,198.35002378694878,198.62347412109375,476928
2025-07-18,198.92622168472138,199.70751474041865,195.62526634791138,197.01205444335938,561187
2025-07-21,197.0315875599958,199.91259168395763,195.14673243787266,196.31866455078125,1027232
2025-07-22,197.3245703160023,198.7992499138274,196.10380461855354,196.7288360595703,432512
2025-07-23,197.03158987670344,200.30324801138667,194.590058403634,199.78564453125,1033165
2025-07-24,200.35205841283462,203.12564937671348,198.75041442898126,201.6802520751953,1294808
2025-07-25,202.1099642903311,202.89125731090246,195.90848353750658,196.3381805419922,718940
2025-07-28,197.0804150018233,197.46129329914748,191.66997314535405,192.1582794189453,551727
2025-07-29,192.1582814843391,201.96347990852,191.41606130519563,200.43019104003906,1862268
2025-07-30,201.99277557260544,206.8953747477918,200.69387909243798,202.72523498535156,2174546
2025-07-31,198.25235228121628,201.71932989509057,197.51989285160587,199.0629425048828,886728
2025-08-01,200.01026389630022,201.62166872904197,194.34590782356983,195.254150390625,1095798
2025-08-04,196.6897686765143,198.25235477342972,194.1505848964335,197.75428771972656,882290
2025-08-05,198.05702938431597,202.45178588736175,197.1390111971495,201.5337677001953,1458451
2025-08-06,202.4029494986521,203.3795620414683,196.73859376993335,198.6332244873047,1248421
2025-08-07,197.27573982959612,197.27573982959612,189.70699238563884,194.2873077392578,1688518
2025-08-08,201.96347658793994,209.6494125218939,199.34614722739047,208.2137908935547,18988108
2025-08-11,208.7997700721151,208.99508960537997,199.4633563039585,200.22511291503906,1999518
2025-08-12,200.97709881894306,202.06113939250747,198.32072627757432,199.18991088867188,1131884
2025-08-13,200.2055764918269,201.1821890600797,197.03158564500524,199.1508331298828,1088786
2025-08-14,199.4242840817253,200.55715824091038,197.47105893909932,198.01795959472656,813841
2025-08-18,200.6938778740154,202.38341340328694,197.86170745602794,199.1410675048828,899187
2025-08-19,200.156739519416,206.6121490831616,199.39498292113404,205.88946533203125,2192848
2025-08-20,206.06525526826874,211.43662448142265,205.3327958301114,209.90333557128906,2943381
2025-08-21,210.45025034617098,210.89948378814313,205.78204340332357,206.2898712158203,1174295
2025-08-22,206.55355528055176,208.7997671363281,203.68231198596092,205.26441955566406,1513934
2025-08-25,206.35824227629908,208.37006181792373,203.23308498339063,203.54559326171875,846968
2025-08-26,202.5494385924488,202.85220100308172,194.44356628162762,195.146728515625,1449580
2025-08-28,195.89870479255373,196.03542995135817,191.90436310140873,192.42196655273438,1268300
2025-08-29,193.4669537025433,195.7717599355238,191.36722776166687,192.9981689453125,826548
2025-09-01,194.34589576015955,200.69387727996374,193.46695043357195,200.27394104003906,1196683
2025-09-02,201.86581349475134,212.89177765987915,199.56100725338493,209.35643005371094,4639091
2025-09-03,209.97170009757355,214.84500212964747,208.11614219701616,212.60855102539062,2358761
2025-09-04,214.75709538601848,215.43096043485255,208.55561458841902,210.5186004638672,1630589
2025-09-05,210.94831360720167,213.0968582654085,207.0516241161534,208.7899932861328,981290
2025-09-08,212.5,213.4499969482422,209.63999938964844,210.67999267578125,864544
2025-09-09,208.0,209.35000610351562,203.02999877929688,203.67999267578125,1583632
2025-09-10,204.10000610351562,206.22999572753906,203.39999389648438,204.6199951171875,640989
2025-09-11,204.89999389648438,207.89999389648438,203.8000030517578,204.33999633789062,877361
2025-09-12,205.0800018310547,206.63999938964844,202.6999969482422,203.32000732421875,633474
2025-09-15,203.89999389648438,206.4499969482422,203.10000610351562,204.86000061035156,819496
2025-09-16,205.5,211.39999389648438,205.02000427246094,210.4600067138672,2027609
2025-09-17,211.99000549316406,212.89999389648438,209.3000030517578,210.66000366210938,1055563
2025-09-18,210.66000366210938,210.89999389648438,205.1999969482422,210.44000244140625,1124814
2025-09-19,210.39999389648438,211.75,207.99000549316406,211.0399932861328,1030083
2025-09-22,211.0,211.0,205.1999969482422,205.60000610351562,812472
2025-09-23,205.5,206.5800018310547,202.10000610351562,203.0399932861328,826771
2025-09-24,203.5800018310547,204.1999969482422,201.25,202.13999938964844,956424
2025-09-25,203.0,203.8000030517578,200.10000610351562,200.33999633789062,560900
2025-09-26,200.1999969482422,201.22999572753906,196.1999969482422,197.30999755859375,941975
2025-09-29,199.8000030517578,199.85000610351562,195.60000610351562,196.13999938964844,704557
2025-09-30,196.5,197.75,195.6999969482422,196.32000732421875,610609
2025-10-01,197.77000427246094,198.8000030517578,195.0500030517578,196.52999877929688,962946
2025-10-03,196.60000610351562,199.99000549316406,196.60000610351562,199.42999267578125,676505
2025-10-06,199.8699951171875,199.8699951171875,196.0,196.52000427246094,680590
2025-10-07,198.39999389648438,199.0,194.85000610351562,196.02000427246094,826702
2025-10-08,196.74000549316406,197.82000732421875,194.5,194.89999389648438,539878
2025-10-09,195.02000427246094,196.02000427246094,193.05999755859375,193.55999755859375,630263
2025-10-10,194.3000030517578,195.1999969482422,193.1199951171875,193.94000244140625,546274
2025-10-13,193.85000610351562,194.0399932861328,190.10000610351562,191.0500030517578,788588
2025-10-14,192.0,192.63999938964844,188.25,188.80999755859375,762188
2025-10-15,189.0,191.35000610351562,188.6199951171875,190.77999877929688,575369
2025-10-16,191.6999969482422,195.1699981689453,191.3699951171875,192.42999267578125,708333
2025-10-17,192.0,192.4199981689453,189.10000610351562,189.8800048828125,512552
2025-10-20,190.8000030517578,191.49000549316406,189.72999572753906,191.25999450683594,453839
2025-10-21,191.5,192.6999969482422,191.25999450683594,192.1699981689453,103859
2025-10-23,193.0,194.1999969482422,192.02000427246094,192.75,506902
2025-10-24,192.75,193.5,191.39999389648438,191.61000061035156,475900
2025-10-27,192.0,193.19000244140625,191.22000122070312,191.5399932861328,426475
2025-10-28,191.92999267578125,195.1999969482422,191.6999969482422,193.1999969482422,1089691
2025-10-29,194.0,195.5,193.60000610351562,194.52000427246094,549882
2025-10-30,194.5,194.9499969482422,192.39999389648438,193.08999633789062,491775
2025-10-31,193.0,193.86000061035156,190.39999389648438,190.77000427246094,636071
2025-11-03,190.88999938964844,194.49000549316406,190.88999938964844,193.39999389648438,650090
2025-11-04,193.39999389648438,194.10000610351562,191.25,191.5,405007
2025-11-06,191.49000549316406,192.2100067138672,186.0,186.97999572753906,906931
2025-11-07,187.49000549316406,187.88999938964844,185.69000244140625,186.7899932861328,841740
2025-11-10,186.75,188.5,184.97000122070312,185.61000061035156,591560
2025-11-11,185.6300048828125,187.91000366210938,182.60000610351562,184.13999938964844,977107
2025-11-12,192.0,198.25,190.1999969482422,196.39999389648438,8137941
2025-11-13,196.99000549316406,198.6999969482422,193.0,193.83999633789062,1620564
2025-11-14,193.47999572753906,193.47999572753906,190.60000610351562,192.4499969482422,700145
2025-11-17,193.0,199.3300018310547,192.85000610351562,196.60000610351562,2192034
2025-11-18,196.5500030517578,196.5500030517578,193.3000030517578,193.6199951171875,833187
2025-11-19,193.10000610351562,193.42999267578125,191.89999389648438,192.5500030517578,480601
2025-11-20,193.0,193.88999938964844,190.16000366210938,190.82000732421875,521903
2025-11-21,189.8699951171875,190.49000549316406,187.5,187.9499969482422,593794
2025-11-24,188.99000549316406,189.16000366210938,182.25999450683594,183.3800048828125,1021559
2025-11-25,183.4499969482422,184.60000610351562,182.25,183.69000244140625,982200
2025-11-26,184.5500030517578,185.49000549316406,183.67999267578125,184.97999572753906,541415
2025-11-27,186.00999450683594,186.80999755859375,184.22000122070312,184.89999389648438,541013
2025-11-28,185.0,185.5,183.4499969482422,184.42999267578125,410138
2025-12-01,186.25,187.99000549316406,184.97999572753906,185.42999267578125,799289
2025-12-02,185.39999389648438,185.6300048828125,182.99000549316406,183.8699951171875,527829
2025-12-03,184.0,184.3300018310547,180.0,181.14999389648438,583292
2025-12-04,181.14999389648438,183.3800048828125,179.8000030517578,180.0,859037
2025-12-05,180.05999755859375,180.5,177.80999755859375,179.13999938964844,871237
2025-12-08,179.0500030517578,179.17999267578125,170.4499969482422,170.99000549316406,1474920
2025-12-09,170.99000549316406,173.5,167.00999450683594,172.49000549316406,1312854
2025-12-10,172.58999633789062,175.89999389648438,170.5,171.3000030517578,848054
2025-12-11,172.3699951171875,172.5500030517578,170.52999877929688,171.9499969482422,536084
2025-12-12,173.75999450683594,174.38999938964844,171.80999755859375,172.17999267578125,815208
2025-12-15,171.8699951171875,174.3300018310547,171.5800018310547,172.88999938964844,859097
2025-12-16,172.88999938964844,176.3000030517578,171.10000610351562,172.35000610351562,1408752
2025-12-17,172.0,172.77000427246094,171.02000427246094,171.4600067138672,538158
2025-12-18,171.47000122070312,172.0,169.1199951171875,169.50999450683594,880100
2025-12-19,170.0800018310547,174.25,169.8300018310547,173.63999938964844,890504
2025-12-22,173.9499969482422,176.2100067138672,173.89999389648438,175.7100067138672,582889
2025-12-23,175.99000549316406,179.75,175.5,178.64999389648438,766777
2025-12-24,179.1999969482422,179.5,177.0,177.36000061035156,367494
2025-12-26,176.0,179.3699951171875,176.0,177.94000244140625,580984
2025-12-29,179.0,182.9499969482422,178.14999389648438,179.7100067138672,1073769
2025-12-30,179.5,182.39999389648438,178.44000244140625,181.16000366210938,923087
2025-12-31,181.38999938964844,183.39999389648438,180.9600067138672,182.5399932861328,609335
2026-01-01,183.4499969482422,183.64999389648438,181.00999450683594,181.97999572753906,355002
2026-01-02,182.24000549316406,184.5,181.25,183.91000366210938,706184
2026-01-05,184.35000610351562,185.6999969482422,182.0500030517578,183.13999938964844,648150
2026-01-06,183.0,183.64999389648438,181.3300018310547,182.10000610351562,493760
2026-01-07,182.0,185.27999877929688,181.50999450683594,184.89999389648438,1186602
2026-01-08,185.3000030517578,186.5500030517578,180.25,181.30999755859375,998241
2026-01-09,180.0,180.4499969482422,177.0,177.22999572753906,688868
2026-01-12,176.7100067138672,176.97999572753906,171.50999450683594,173.97999572753906,910960
2026-01-13,174.89999389648438,176.22999572753906,172.4199981689453,173.41000366210938,598776
2026-01-14,173.39999389648438,176.66000366210938,173.3699951171875,174.92999267578125,630372
2026-01-15,174.92999267578125,174.92999267578125,174.92999267578125,174.92999267578125,0
2026-01-16,176.60000610351562,176.60000610351562,173.00999450683594,173.91000366210938,623184
2026-01-19,172.97000122070312,172.97000122070312,170.35000610351562,170.88999938964844,564895
2026-01-20,170.88999938964844,172.39999389648438,167.0,168.02999877929688,782229
2026-01-21,168.0,170.24000549316406,165.94000244140625,167.91000366210938,807382
2026-01-22,170.35000610351562,174.69000244140625,170.35000610351562,174.13999938964844,687211
2026-01-23,174.89999389648438,176.97999572753906,171.5,173.32000732421875,729966
2026-01-27,173.0,175.5,169.10000610351562,173.9600067138672,869680
2026-01-28,174.0,179.8000030517578,174.0,179.0500030517578,630564
2026-01-29,180.0,180.0,176.8000030517578,179.61000061035156,477336
2026-01-30,178.99000549316406,186.5,176.3000030517578,184.49000549316406,1890455
2026-02-02,177.25,178.92999267578125,173.35000610351562,176.9199981689453,701086
2026-02-03,181.0,182.6300048828125,176.60000610351562,178.7899932861328,755707
2026-02-04,178.7899932861328,180.9499969482422,178.05999755859375,180.50999450683594,542898
2026-02-05,181.5,181.5,177.3000030517578,178.19000244140625,392197
2026-02-06,177.1199951171875,177.3000030517578,175.25999450683594,177.02999877929688,416951
2026-02-09,178.58999633789062,182.85000610351562,178.05999755859375,181.7899932861328,664735
2026-02-10,184.0,186.1199951171875,181.5,182.08999633789062,1158786
2026-02-11,182.64999389648438,183.14999389648438,179.61000061035156,181.0800018310547,507377
2026-02-12,181.08999633789062,181.16000366210938,176.5,177.50999450683594,760568
2026-02-13,176.00999450683594,176.25,173.10000610351562,174.0500030517578,462826
2026-02-16,174.0500030517578,175.8000030517578,172.35000610351562,174.1199951171875,446816
2026-02-17,174.19000244140625,176.25,172.61000061035156,175.52000427246094,499786
2026-02-18,175.0,176.52000427246094,173.0,174.35000610351562,546272
2026-02-19,174.5,175.60000610351562,173.52999877929688,173.7899932861328,435507
2026-02-20,173.60000610351562,174.49000549316406,171.1999969482422,171.97999572753906,666335
2026-02-23,172.94000244140625,174.3800048828125,170.94000244140625,172.3300018310547,479724
2026-02-24,171.5500030517578,172.47000122070312,169.85000610351562,171.2899932861328,400917
2026-02-25,171.35000610351562,174.4499969482422,171.0,171.52999877929688,609688
2026-02-26,172.0,172.75999450683594,171.0,171.3300018310547,303286
2026-02-27,171.36000061035156,171.55999755859375,167.9600067138672,168.8300018310547,793698
2026-03-02,164.8300018310547,166.94000244140625,162.77999877929688,164.66000366210938,1530045
2026-03-04,162.0,163.0,158.0,158.4499969482422,1174644
2026-03-05,158.99000549316406,162.25,154.2100067138672,157.24000549316406,1614108
2026-03-06,157.9499969482422,160.52999877929688,157.0,157.33999633789062,786719
2026-03-09,153.35000610351562,154.92999267578125,149.5,150.4199981689453,1192076
2026-03-10,152.89999389648438,166.67999267578125,150.32000732421875,162.97999572753906,6348150
2026-03-11,163.5,165.89999389648438,160.0,160.88999938964844,1536618
2026-03-12,159.91000366210938,161.52000427246094,156.25,159.4600067138672,1687799
2026-03-13,159.5,163.77999877929688,154.6999969482422,156.07000732421875,1751927
2026-03-16,156.38999938964844,158.14999389648438,150.60000610351562,154.4600067138672,1418121
2026-03-17,154.8000030517578,158.11000061035156,153.60000610351562,156.72000122070312,854201
2026-03-18,158.0,162.44000244140625,157.0399932861328,160.85000610351562,968721
2026-03-19,158.0,160.1699981689453,155.0,155.27000427246094,732287
2026-03-20,157.88999938964844,158.8000030517578,153.25,153.9499969482422,1119288
2026-03-23,152.1199951171875,152.25,146.5,147.02000427246094,1092969
2026-03-24,149.8000030517578,151.11000061035156,145.3800048828125,148.42999267578125,1272996
2026-03-25,151.0,153.77000427246094,150.22999572753906,151.1999969482422,1148131
2026-03-27,150.8000030517578,153.0800018310547,144.11000061035156,144.52999877929688,2091441
2026-03-30,142.30999755859375,145.99000549316406,138.8300018310547,139.22000122070312,1520495
2026-04-01,145.0,149.38999938964844,143.22000122070312,148.4199981689453,1195911
2026-04-02,144.6999969482422,152.47000122070312,143.36000061035156,151.89999389648438,1135025
2026-04-06,152.3699951171875,153.58999633789062,149.97000122070312,152.47999572753906,866607
2026-04-07,152.0,154.8800048828125,150.72999572753906,153.69000244140625,793953
2026-04-08,159.4199981689453,161.47000122070312,157.24000549316406,160.7899932861328,1169286
2026-04-09,162.4199981689453,165.7899932861328,160.10000610351562,161.61000061035156,1395675
2026-04-10,162.0,165.60000610351562,162.0,163.75999450683594,1068329
2026-04-13,161.5,169.35000610351562,158.5,167.44000244140625,1768725
2026-04-15,169.3000030517578,171.3300018310547,168.3800048828125,168.92999267578125,1134530
2026-04-16,170.00999450683594,171.99000549316406,168.39999389648438,171.0500030517578,1072711
2026-04-17,171.0500030517578,175.89999389648438,171.0,174.07000732421875,1429309
2026-04-20,173.99000549316406,174.85000610351562,171.00999450683594,171.5399932861328,574314
2026-04-21,172.08999633789062,175.7899932861328,171.60000610351562,174.85000610351562,796415
2026-04-22,174.36000061035156,176.13999938964844,173.6300048828125,175.25,696942
2026-04-23,174.75,176.6999969482422,173.8000030517578,174.3000030517578,572027
2026-04-24,174.60000610351562,175.44000244140625,170.4499969482422,172.22000122070312,433123
2026-04-27,172.25999450683594,175.5,172.25999450683594,174.89999389648438,447517
2026-04-28,175.72999572753906,176.89999389648438,173.00999450683594,173.5500030517578,522387
2026-04-29,173.99000549316406,175.7899932861328,171.99000549316406,172.57000732421875,629494
2026-04-30,171.5,172.82000732421875,169.5,170.38999938964844,375535
2026-05-01,170.38999938964844,170.38999938964844,170.38999938964844,170.38999938964844,0
2026-05-04,171.89999389648438,174.77999877929688,171.47999572753906,173.10000610351562,494042
2026-05-05,172.61000061035156,174.9499969482422,171.5,173.5,546729
2026-05-06,174.5,178.5,174.36000061035156,177.9199981689453,1236987
2026-05-07,178.49000549316406,179.2899932861328,176.10000610351562,177.7100067138672,597440
2026-05-08,177.7100067138672,178.60000610351562,175.30999755859375,175.9499969482422,401523
2026-05-11,175.0,175.9499969482422,169.4499969482422,170.8800048828125,563994
2026-05-12,169.7899932861328,170.24000549316406,166.3000030517578,167.1199951171875,594319
2026-05-13,167.0,170.52999877929688,167.0,168.3699951171875,448950
2026-05-14,170.1999969482422,172.8800048828125,168.55999755859375,169.7899932861328,512893
2026-05-15,170.2100067138672,172.99000549316406,169.39999389648438,170.0,658173
2026-05-18,168.25,170.0,165.0500030517578,169.49000549316406,536754
2026-05-19,171.0,177.4499969482422,171.0,176.44000244140625,1459599
2026-05-20,175.0,179.8000030517578,172.3300018310547,177.3000030517578,1175197
2026-05-21,178.8000030517578,180.58999633789062,173.25999450683594,174.6999969482422,1310418
2026-05-22,176.0,179.3000030517578,168.25,169.0800018310547,3057181
2026-05-25,170.39999389648438,171.75,167.72999572753906,169.19000244140625,896759
2026-05-26,169.1999969482422,171.25,169.0,169.32000732421875,520560
2026-05-27,169.3000030517578,170.6999969482422,168.5500030517578,169.2100067138672,402564
2026-05-28,169.2100067138672,169.2100067138672,169.2100067138672,169.2100067138672,0
2026-05-29,169.24000549316406,169.9499969482422,161.25,163.11000061035156,1239204
2026-06-01,164.8699951171875,164.8699951171875,162.6199951171875,163.88999938964844,679110
2026-06-02,162.89999389648438,164.32000732421875,160.5,163.77000427246094,529982
2026-06-03,163.99000549316406,164.0,159.97000122070312,162.0,510065
2026-06-04,162.0,162.77999877929688,160.61000061035156,160.8699951171875,443738
2026-06-05,161.0,164.1999969482422,161.0,162.5399932861328,491960
2026-06-08,160.8000030517578,161.08999633789062,159.75999450683594,160.32000732421875,560316
2026-06-09,161.41000366210938,163.47000122070312,160.66000366210938,163.07000732421875,359146
2026-06-10,164.08999633789062,167.67999267578125,162.89999389648438,163.0399932861328,1177707
2026-06-11,163.0,163.02999877929688,160.58999633789062,162.22999572753906,388586
2026-06-12,163.4600067138672,164.89999389648438,162.0,164.33999633789062,419460
2026-06-15,167.6999969482422,168.3000030517578,164.6999969482422,164.91000366210938,600478
2026-06-16,165.3800048828125,170.89999389648438,165.0500030517578,167.27000427246094,1886358
2026-06-17,169.0,169.0,165.50999450683594,165.94000244140625,1014548
2026-06-18,166.0,167.39999389648438,165.82000732421875,166.6199951171875,539052
2026-06-19,165.0,169.25,165.0,165.44000244140625,867578
2026-06-22,166.8699951171875,170.83999633789062,165.97000122070312,166.75999450683594,1477620
2026-06-23,167.47999572753906,167.7899932861328,163.0,163.42999267578125,839173
2026-06-24,163.9499969482422,164.7100067138672,162.25999450683594,163.89999389648438,451319
2026-06-25,164.25,165.02999877929688,162.5500030517578,163.1300048828125,437737
2026-06-26,163.1300048828125,163.1300048828125,163.1300048828125,163.1300048828125,0
2026-06-29,163.25,163.72000122070312,161.39999389648438,162.17999267578125,435280
2026-06-30,162.7899932861328,163.35000610351562,161.5,161.83999633789062,301523
2026-07-01,162.36000061035156,164.5,157.19000244140625,157.66000366210938,1133540
2026-07-02,158.11000061035156,160.69000244140625,158.02000427246094,160.33999633789062,669790
2026-07-03,161.0399932861328,162.8800048828125,161.00999450683594,162.3800048828125,610924
2026-07-06,162.3800048828125,163.22999572753906,160.5500030517578,161.64999389648438,287009
2026-07-07,161.75,162.6199951171875,160.50999450683594,161.02999877929688,268036
2026-07-08,161.02000427246094,162.27999877929688,157.7899932861328,159.2899932861328,629984
2026-07-09,159.35000610351562,162.58999633789062,159.10000610351562,161.63999938964844,489859
2026-07-10,162.5,163.64999389648438,160.39999389648438,160.89999389648438,794628
2026-07-13,160.14999389648438,162.49000549316406,159.6999969482422,161.6999969482422,405830
2026-07-14,161.49000549316406,161.69000244140625,159.0,159.32000732421875,313612
2026-07-15,159.77999877929688,162.38999938964844,158.8699951171875,159.75999450683594,404926
2026-07-16,160.22000122070312,161.5,159.9600067138672,160.1999969482422,412343
2026-07-17,160.9499969482422,160.9499969482422,158.50999450683594,159.14999389648438,325420
2026-07-20,159.0,159.7899932861328,158.25,159.22999572753906,205238
2026-07-21,159.22999572753906,159.86000061035156,158.10000610351562,158.67999267578125,268467
2026-07-22,159.5,159.5,155.3000030517578,156.17999267578125,568278
2026-07-23,155.39999389648438,156.6999969482422,154.30999755859375,154.60000610351562,416986
2026-07-24,154.0,155.25,152.61000061035156,154.55999755859375,482121
2026-07-27,156.25,162.19000244140625,156.25,160.0800018310547,933160
2026-07-28,160.0,161.75,159.0,159.58999633789062,365414
2026-07-29,160.49000549316406,162.89999389648438,159.99000549316406,160.63999938964844,486881
2026-07-30,160.22999572753906,162.35000610351562,159.0,159.22999572753906,496000
2026-07-31,159.49000549316406,160.08999633789062,158.42999267578125,158.83999633789062,309088
2026-08-03,160.1999969482422,161.9499969482422,159.99000549316406,160.80999755859375,286583
2026-08-04,160.99000549316406,161.6999969482422,159.5,160.67999267578125,324505
2026-08-05,161.0500030517578,162.52000427246094,161.02000427246094,162.22999572753906,345846
2026-08-06,163.75,165.74000549316406,161.99000549316406,162.42999267578125,413057
