Date,Open,High,Low,Close,Volume
2015-01-01,82.30384827438405,82.54161071777344,79.89293361556732,82.54161071777344,6100
2015-01-02,86.66439056396484,86.66439056396484,85.59445981626158,86.66439056396484,8360
2015-01-05,90.96790139450428,91.01544952392578,90.96790139450428,91.01544952392578,7284
2015-01-06,95.53293784010508,95.53293784010508,95.10496838474701,95.48538970947266,13365
2015-01-07,96.10357281517666,100.2406374611765,90.73014068603516,90.73014068603516,23225
2015-01-08,90.30217178356243,95.24763488769531,86.21266217030309,95.24763488769531,12112
2015-01-09,99.38469992623911,100.00288372146467,95.15253139634696,95.96092224121094,20537
2015-01-12,97.38747867148633,97.38747867148633,91.34831527551557,91.96649169921875,5715
2015-01-13,89.39869685893981,94.15394669186215,88.44764689235535,89.63645935058594,8557
2015-01-14,86.54553858070945,88.54274186600043,85.16651916503906,85.16651916503906,10172
2015-01-15,85.16651156938215,88.92315533629589,83.69238149298437,87.3063735961914,10223
2015-01-16,87.44902350878826,91.25322259138366,84.1679047024233,87.35391998291016,13473
2015-01-19,91.53853224295337,91.53853224295337,84.64342202205557,85.92733764648438,11954
2015-01-20,85.59447783742917,87.49657734492759,83.26440884311711,84.07279968261719,4220
2015-01-21,82.55111678499087,83.12174515326929,79.88817472511373,81.12454223632812,6523
2015-01-22,85.07139026366467,85.07139026366467,77.08257882308175,77.130126953125,7764
2015-01-23,77.13014429054166,77.13014429054166,73.27839660644531,73.27839660644531,8445
2015-01-27,73.70638375797814,76.93995559338643,71.47141744360096,74.84764099121094,10361
2015-01-28,75.60844892901079,78.55670146121955,71.32872540472717,77.130126953125,25056
2015-01-29,76.08398731235744,80.98189544677734,76.08398731235744,80.98189544677734,7414
2015-01-30,82.74132113476986,85.02384178967428,82.74132113476986,84.5483169555664,8244
2015-02-02,85.5944886540008,88.44763827580083,81.12455714888797,85.87980651855469,12691
2015-02-03,86.54554173394017,90.15953429113803,81.60008510866044,81.98049926757812,24972
2015-02-04,79.98327466479397,82.7413201199799,77.8909683227539,77.8909683227539,6350
2015-02-05,74.18189820844206,78.46162310508295,74.18189820844206,76.6070785522461,8464
2015-02-06,76.17907863215221,78.46159933677225,73.2308260476541,73.99166870117188,2293
2015-02-09,78.93714190752078,78.93714190752078,68.47559298001804,74.18189239501953,17345
2015-02-10,73.70637914414714,77.41547580387852,66.76371085142078,70.28260040283203,24457
2015-02-11,70.37768129664671,77.0350295274106,70.37768129664671,74.56230163574219,16521
2015-02-12,76.55950634572791,81.98048712249285,76.08398146159296,81.64762115478516,24302
2015-02-13,87.49659251364058,89.77911376953125,82.26581796119467,89.77911376953125,30842
2015-02-16,93.20287338256837,97.76791498123086,91.87140231163066,95.10497283935547,48677
2015-02-18,96.05603799843848,97.9581377607838,92.53715634047354,94.86722564697266,33089
2015-02-19,92.34693458396941,93.82106468360871,90.44483497459441,92.96511840820312,7792
2015-02-20,91.77629700906874,92.96510914649191,88.44762302428387,90.39727783203125,6531
2015-02-23,91.30077345827793,93.20287290532538,86.5930802292089,89.39867401123047,5453
2015-02-24,89.44625217929277,91.20569316470642,84.92876484207466,90.11198425292969,17835
2015-02-25,87.49657568872742,90.25462137358056,85.92734217355809,86.26020812988281,3122
2015-02-26,86.92594443327391,88.59028141597253,83.69237398712994,85.40426635742188,2006
2015-02-27,89.55056850589133,89.55056850589133,81.1626534604442,86.54808044433594,12193
2015-03-02,90.36075499575227,90.36075499575227,84.8800131761354,86.97698974609375,10330
2015-03-03,86.73870849609375,89.59822635860233,83.92685217347896,86.73870849609375,2039
2015-03-04,84.83236674733547,87.50125310441835,82.59241245056783,86.54808044433594,10517
2015-03-05,84.11748820624433,89.59823106387499,84.11748820624433,88.59739685058594,25569
2015-03-09,86.16679690890751,93.4109065767611,84.16513607954562,88.12079620361328,22879
2015-03-10,89.5982411956667,94.36410508905323,87.02467760209045,89.74121856689453,20123
2015-03-11,85.83321739052431,94.26879559365261,81.16266900705644,91.50459289550781,48243
2015-03-12,86.3097940372455,92.45775526730135,86.3097940372455,89.12165069580078,5569
2015-03-13,91.50459116480377,91.98117757712046,82.92603574310341,89.5029296875,69459
2015-03-16,86.26214251051368,92.45776600574395,83.45028552537724,90.64673614501953,44945
2015-03-17,86.92934860714475,93.41092597113715,86.92934860714475,90.07482147216797,40828
2015-03-18,89.59821735144746,93.1726143202552,89.40758575529608,92.36241912841797,19692
2015-03-19,87.78719573933722,91.0279840608511,86.73870732499947,88.5020751953125,35186
2015-03-20,88.64505352422977,94.74535973731244,85.30894935933941,87.16763305664062,55134
2015-03-23,85.88085942290516,90.5514071403604,83.87919819317595,88.835693359375,26195
2015-03-24,87.83486121892258,91.74286763247738,86.78637275754888,89.55056762695312,13733
2015-03-25,88.69272327106842,90.5514071403604,83.02134130268325,88.835693359375,30945
2015-03-26,88.40676202276664,90.55140045458577,84.9276804456118,88.78803253173828,14105
2015-03-27,87.69189282675364,90.07482469704587,86.35744952496381,88.21614074707031,11971
2015-03-30,88.645071681959,90.40843993303405,88.645071681959,89.9795150756836,2305
2015-03-31,89.59822265754596,90.55139523900921,81.01966942437667,87.78719329833984,64581
2015-04-01,86.73871255301468,88.64505788385017,85.97617151182835,86.9293441772461,230
2015-04-06,88.64506676159536,89.59823952247272,86.50042804962128,86.88169860839844,3506
2015-04-07,86.97702596403916,88.64507851677415,83.97452991468975,85.40428924560547,15920
2015-04-08,84.8323827147497,87.31063064300146,81.30564611748356,86.0715103149414,7226
2015-04-09,85.0229936731793,86.26212097167969,82.06816004459746,83.40260314941406,10713
2015-04-10,85.78553461643521,85.78553461643521,83.45026463850643,84.26045989990234,4019
2015-04-13,84.59407781486607,85.73788215534158,82.92602557626307,85.02300262451172,2678
2015-04-15,85.7855258423866,89.12162962514607,84.83235333302675,86.02381896972656,9122
2015-04-16,84.35578855832262,85.07066812237619,81.59158612288923,83.11666107177734,14688
2015-04-17,82.926028374664,89.59823755423467,81.01968289478667,84.88003540039062,18856
2015-04-20,87.50125097017384,87.50125097017384,81.97284676768709,82.40177154541016,6541
2015-04-21,83.40261580625116,86.54808879693933,81.21031556763445,83.11666107177734,19261
2015-04-22,82.49709447559164,86.73870979287469,81.5439218405051,84.11748504638672,12765
2015-04-23,82.49710371734314,85.30896039699509,82.49710371734314,84.02217864990234,3507
2015-04-24,82.49709620927837,89.50291376996651,82.49709620927837,87.40592956542969,24493
2015-04-27,89.12165541875929,89.12165541875929,83.02134813887787,85.07067108154297,3635
2015-04-28,85.78554129197526,86.7387139729972,82.16348219523968,84.30812072753906,24628
2015-04-29,83.87919188761508,85.30895084024489,83.06899660221755,84.11748504638672,1961
2015-04-30,83.49792680340627,86.54808379710771,82.16348357317005,85.49958801269531,5599
2015-05-04,89.31227635375515,92.07647855376887,85.78554038030583,88.59739685058594,15450
2015-05-05,86.26213020263013,89.40760305257278,86.26213020263013,88.40676879882812,13338
2015-05-06,85.7855504601714,90.45609855076252,84.02218226624967,85.92852783203125,17806
2015-05-07,84.83236861095331,87.69188665401916,83.11665487626163,84.30812072753906,10066
2015-05-08,85.7855416522656,93.41092313246698,84.83236896724043,86.83403015136719,16357
2015-05-11,86.73870849609375,88.64505373776613,86.35743799333328,86.73870849609375,2096
2015-05-12,85.78555242065129,86.7387252253252,84.35579321364044,84.54642486572266,16873
2015-05-13,84.83239382142452,87.21532623213868,83.87922085713885,85.45195770263672,13433
2015-05-14,83.87918735336933,89.50290705080526,83.87918735336933,87.35826873779297,22456
2015-05-15,85.88087362746079,89.59824925302323,85.88087362746079,86.78639221191406,11607
2015-05-18,87.69187843774893,88.64505102946359,86.35743535492246,86.45275115966797,1017
2015-05-19,87.6442511572142,88.16849919642435,84.83239382142452,85.45195770263672,12929
2015-05-20,87.5965897951957,87.5965897951957,85.07068018948488,85.40428924560547,7434
2015-05-21,85.78553257887381,87.167629917126,84.9753373367215,85.6425552368164,1114
2015-05-22,85.11834861956325,88.35913088042844,84.35580733928168,85.45195770263672,19904
2015-05-25,87.59657817905646,88.21614192805296,83.87920295720852,86.88169860839844,27415
2015-05-26,85.7855416522656,88.97866869267384,84.97534632442029,86.83403015136719,12973
2015-05-27,86.73871027983259,87.64422137939637,85.78553763939487,86.64339447021484,3715
2015-05-28,86.73870822741198,89.02632396475872,86.11914457136162,88.0254898071289,17760
2015-05-29,86.59573271174044,88.54973952857972,85.78553742383028,87.07231903076172,6117
2015-06-01,87.21530261811866,89.97950492055072,85.78554355880523,85.880859375,7455
2015-06-02,89.02632689531515,89.02632689531515,85.35661365008998,85.73787689208984,2785
2015-06-03,86.73871226792924,87.69188493021419,83.87919428107443,84.83236694335938,18232
2015-06-04,84.2604804654811,87.69190123322441,84.2604804654811,86.0715103149414,10917
2015-06-05,85.7855416522656,87.69188702231594,85.7855416522656,86.83403015136719,11780
2015-06-08,85.785524229777,87.69186921266092,83.87917924689306,85.6902084350586,26524
2015-06-09,85.78553780168113,86.73871044392203,84.83236515944022,84.92768096923828,4767
2015-06-10,77.30229509841604,86.73870513327522,77.30229509841604,86.50041198730469,1761
2015-06-11,84.45110031568657,88.02549796397012,84.45110031568657,85.880859375,8232
2015-06-12,85.83319386961797,89.59822265754596,85.78553233169293,87.78719329833984,28219
2015-06-15,87.69187447673607,87.9778291501859,84.4510863568656,84.97533416748047,28699
2015-06-16,86.26214282434024,86.26214282434024,83.40262427767702,83.92687225341797,10911
2015-06-17,83.97452653258333,85.07067676323057,82.92603785323315,83.92687225341797,4918
2015-06-18,82.92603785323315,85.78555639989636,82.92603785323315,83.92687225341797,1511
2015-06-19,83.2119710440333,87.93017251398031,81.97284375287053,85.97616577148438,37217
2015-06-22,84.0221705313295,87.6918837785039,84.0221705313295,87.02466583251953,38308
2015-06-23,85.30895139906141,87.69188300238714,83.49792192610782,85.78553771972656,42334
2015-06-24,85.78553771972656,87.69188300238714,84.06982405647997,85.78553771972656,48492
2015-06-25,86.69105472085148,87.21530261811866,84.49876185984928,85.880859375,35993
2015-06-26,86.69104912826509,87.21529699171215,83.92685427628655,84.4987564086914,45627
2015-06-29,83.54558049495333,83.54558049495333,83.40260314941406,83.40260314941406,10000
2015-06-30,85.78554177936472,85.78554177936472,82.11582839100687,83.45027160644531,17706
2015-07-01,84.11749005576267,84.83236957465017,83.64090370983767,83.83153533935547,4651
2015-07-02,83.87921939716608,85.78556529255621,80.54311408023334,81.35330963134766,58705
2015-07-03,81.97285793138587,84.83237623131794,81.01968516474184,82.21115112304688,17940
2015-07-06,82.92603222582304,83.8792050100279,81.92519789355545,82.54476165771484,17435
2015-07-07,82.92604204403574,83.87921494109362,80.54310980139104,82.0205307006836,21643
2015-07-08,81.78222199230953,82.87836479868393,78.16016276041368,79.4946060180664,11214
2015-07-09,79.54224236545421,83.40259390655196,79.4945881036422,83.06898498535156,26943
2015-07-10,83.35496636858653,83.35496636858653,78.6367634692824,79.11334991455078,14899
2015-07-13,79.63757637743106,81.97284641888446,79.58991483694014,80.30479431152344,6786
2015-07-14,81.63924108566627,81.68689535614826,79.3516252107501,80.11416625976562,13096
2015-07-15,81.01966094970703,81.82985610477832,80.06648846794577,81.01966094970703,2577
2015-07-16,80.11418179654298,81.49627953477118,78.16017452457587,79.2563247680664,23926
2015-07-17,79.97120259330934,80.0665184227196,78.77973654535221,79.35163879394531,5102
2015-07-20,81.01968635589989,81.44861119834336,78.63675440425578,80.876708984375,6286
2015-07-21,80.8767151232277,81.01969250560512,79.58993322609444,80.54310607910156,1962
2015-07-22,81.97284961146669,82.92602228136747,80.30479743914033,82.25880432128906,4540
2015-07-23,82.92601102351468,83.8315220281381,81.97283848301451,83.30728149414062,8453
2015-07-24,85.78554177936472,85.78554177936472,76.30147645816491,83.45027160644531,8492
2015-07-27,84.83236675093936,87.6918847313081,80.63840559197249,81.87753295898438,35702
2015-07-28,80.06651784986359,84.78472045716363,68.91439862962808,72.25050354003906,275646
2015-07-29,75.11000660876212,75.77722454496005,72.25048870140513,73.48960876464844,205593
2015-07-30,74.3474639991984,75.01468192110846,72.48878030807042,73.15599822998047,51332
2015-07-31,73.20366963826987,74.25215820210357,71.3449784244397,71.77391052246094,44924
2015-08-03,73.10833523296705,73.25131257684897,69.7722311456611,70.24881744384766,62523
2015-08-04,71.34496143468495,72.05984082235139,69.20032327168563,70.15349578857422,60421
2015-08-05,71.34496940837975,71.34496940837975,68.19950411437975,69.72457885742188,37857
2015-08-06,71.7739147954595,71.7739147954595,68.62844164456443,69.00971221923828,78434
2015-08-07,74.25215726587754,82.78305030712136,71.67858652659238,80.25714111328125,1478055
2015-08-10,80.44778145807459,81.49627002739263,76.73040628310066,78.4937744140625,171156
2015-08-11,78.92270901694573,79.39929540648735,74.58576996326447,76.25382232666016,89530
2015-08-12,76.58742676806155,76.63508831301995,73.06069060506314,73.96620178222656,34329
2015-08-13,74.7287303345584,75.3482939544446,71.96452844961739,72.96536254882812,27065
2015-08-14,76.0631823186972,76.0631823186972,70.6300937118586,72.48878479003906,18834
2015-08-17,74.01387182397283,74.01387182397283,71.58327819467792,72.25050354003906,11325
2015-08-18,72.67941964001882,82.44943998507054,72.53644227810412,79.4946060180664,125546
2015-08-19,79.4469444733846,84.16515378378556,78.16016276041368,79.4946060180664,150158
2015-08-20,80.82905181528345,80.82905181528345,75.34830852268936,75.96786499023438,58216
2015-08-21,75.30066426336727,77.68359667676496,72.44114536729003,75.44364166259766,31246
2015-08-24,71.48794448335202,73.82321442762296,62.05153435712361,67.72291564941406,81868
2015-08-25,68.62842131837866,70.96369107938847,64.8157312451354,68.00885772705078,60388
2015-08-26,72.3458167183473,72.3458167183473,66.91272741429972,69.43863677978516,18097
2015-08-27,71.96452959550919,71.96452959550919,69.05735032551425,69.48628234863281,24705
2015-08-28,71.4879628774282,72.6317673746144,69.9628877904694,70.5347900390625,18231
2015-08-31,69.77224380170071,71.01137131060398,68.81907103243087,70.39180755615234,18143
2015-09-01,71.01136678955403,71.01136678955403,67.67526230950787,68.53311920166016,13434
2015-09-02,71.20944180386431,71.20944180386431,67.00378203750206,69.34557342529297,8695
2015-09-03,69.72790131134887,72.83435352165762,68.58090648912403,69.77569580078125,18375
2015-09-04,69.297753114076,69.72787418195703,66.23909658324726,68.48529815673828,17748
2015-09-07,67.91183696073882,68.81987404857998,66.57367128464429,67.52950286865234,7833
2015-09-08,71.49619986440524,71.49619986440524,65.71341631198435,69.01103210449219,16322
2015-09-09,71.63956053606199,71.63956053606199,68.38973960894926,69.10661315917969,7693
2015-09-10,68.00743074072655,70.25363390365233,67.62509658072656,69.87129974365234,13947
2015-09-11,68.38974522433419,72.49981620767852,68.38974522433419,71.35282135009766,18224
2015-09-14,72.83435447445973,72.83435447445973,69.87127840127062,71.54398345947266,19450
2015-09-15,71.20944318738209,71.591777226737,68.15078545737339,68.43753051757812,50886
2015-09-16,69.44115992383269,77.61351487224759,67.91183098252836,71.06607055664062,173819
2015-09-18,72.40421302741949,73.12108642373056,69.91905337869038,70.34917449951172,13560
2015-09-21,71.6873625743606,74.07694132683929,69.29778382188192,73.64682006835938,23392
2015-09-22,75.1761452671299,75.1761452671299,70.73152755041153,71.63956451416016,10592
2015-09-23,70.25361666945119,72.64319546773184,70.25361666945119,71.49620056152344,19342
2015-09-24,72.40422431055245,72.5953876623934,69.82348259862724,71.11385345458984,13615
2015-09-28,72.4042146556078,72.4042146556078,70.49255222245644,70.77930450439453,10080
2015-09-29,69.77569686296012,70.68373383667632,68.05519731101687,68.96324157714844,46729
2015-09-30,69.63233000489622,69.77570620215103,68.38975331099265,68.67649841308594,4556
2015-10-01,70.25360792258243,70.25360792258243,68.53310848506345,69.10661315917969,4603
2015-10-05,69.8712873743213,70.58816106275636,69.05883198591147,69.39337158203125,10614
2015-10-06,69.48893494490399,70.44476627725433,68.5808980961369,69.2499771118164,13993
2015-10-07,69.44115780923543,70.20581861039462,68.8676603852622,69.48894500732422,12381
2015-10-08,69.6801110767043,71.35281604010468,69.39335873744113,69.63231658935547,14280
2015-10-09,70.06247213191742,70.68375695268607,69.4889672321037,70.20584106445312,11210
2015-10-12,69.8234909232756,70.4447755370381,68.81986497541796,69.68011474609375,14713
2015-10-13,71.11385818819033,71.11385818819033,69.34557154250722,69.63231658935547,8506
2015-10-14,69.77571210503459,75.70186555863239,69.58454868746702,73.31228637695312,84120
2015-10-15,74.22029367889732,74.22029367889732,72.02187901554497,72.40421295166016,8605
2015-10-16,73.36005742033495,74.02913646029724,69.87127147215531,72.78656005859375,10292
2015-10-19,74.22030612101398,75.03276131369851,71.73514605827884,73.59901428222656,18197
2015-10-20,73.16889804527166,74.45926900250666,71.78293811219963,72.73876953125,11064
2015-10-21,74.50706582605969,74.50706582605969,70.87491033975815,71.83074188232422,14569
2015-10-23,72.26085382172482,73.50343758345629,71.68735642877759,72.73876953125,10906
2015-10-26,74.50705500904697,74.50705500904697,71.68735528481038,72.30864715576172,5448
2015-10-27,73.59901092204942,73.59901092204942,71.78292997328224,72.83434295654297,11198
2015-10-28,72.6431838950548,74.1725126238362,72.40422605329475,72.78656005859375,10917
2015-10-29,72.786564649144,74.36368796271027,71.78293873348862,72.6431884765625,5573
2015-10-30,72.97772495876637,73.21668280558121,71.97410637759295,72.49980926513672,8305
2015-11-02,73.59901092204942,73.59901092204942,71.68734830069748,72.83434295654297,9727
2015-11-03,73.1211206099045,73.93357604708676,72.30866517272223,73.07332611083984,10120
2015-11-04,74.55484681603963,81.34124808055519,72.83434743408826,78.66492462158203,240199
2015-11-05,82.58384444161199,86.40717050564572,76.94443703867907,77.9002685546875,202261
2015-11-06,79.09505164909096,79.09505164909096,74.07693658978307,74.4114761352539,57458
2015-11-09,74.22031531552145,79.52517561369181,72.69098641764573,77.23118591308594,103942
2015-11-10,80.28984747932284,81.15009730365588,74.55485837365693,75.94081115722656,26017
2015-11-13,80.71997502434114,80.71997502434114,74.8416165676994,75.60627746582031,14532
2015-11-16,74.55486778013733,77.61352610543271,73.79019955260515,75.6540756225586,8553
2015-11-17,75.74964826523599,78.52156114288867,74.79381674138443,77.8046875,31628
2015-11-18,77.7090966937737,78.37817576504592,75.70184489512717,77.37454986572266,61943
2015-11-19,80.24204410102921,80.28983858858363,75.60626321243326,77.37454986572266,34558
2015-11-20,77.5179301925444,83.15733728285315,76.89663828309749,79.90750885009766,86049
2015-11-23,76.56210881004849,82.20151664286803,76.56210881004849,79.42960357666016,41262
2015-11-24,81.1500921568689,81.19787935426918,78.33038498330149,79.38180541992188,11632
2015-11-26,81.19787211389536,87.45857051587758,79.57296169887223,83.82640838623047,290896
2015-11-27,82.34488431390682,92.14215708544592,79.57297153469558,88.50999450683594,1394830
2015-11-30,89.1790758499757,90.70840468830743,86.02482919582926,87.41078186035156,223942
2015-12-01,87.69754532496326,90.70841618697382,86.31159248475043,89.41804504394531,144345
2015-12-02,90.70841117668732,91.18632692862728,86.12041704109747,89.56140899658203,104797
2015-12-03,90.32607088411761,90.32607088411761,87.36299488502641,88.03207397460938,41053
2015-12-04,87.41079062547334,88.70116902673564,83.63525899358636,85.35575866699219,64479
2015-12-07,87.88870242298144,87.93649691435763,83.39629734540982,84.6866683959961,52201
2015-12-08,85.88145268962305,89.56140224360757,84.25654217251251,85.54691314697266,260740
2015-12-09,86.07262066077017,89.27465439875299,79.57296421067964,82.10591888427734,313294
2015-12-10,85.02119776781798,86.50273931391723,83.2529111850772,85.7858657836914,105380
2015-12-11,86.69392035343867,88.17546220170753,84.1131780352332,85.40354919433594,93521
2015-12-14,84.2565439170196,87.36299613471947,84.06537325125046,85.88145446777344,75409
2015-12-15,86.88507046308791,91.23409869458044,84.2087397880045,87.60194396972656,374125
2015-12-16,88.4621911750272,88.55777284810358,85.16456876078546,87.36298370361328,142795
2015-12-17,88.22326057886897,89.17909218950713,86.26380286009416,87.93650817871094,143540
2015-12-18,87.60195619691243,88.1754536237873,86.64612472131581,87.45858001708984,65831
2015-12-21,86.98066168794814,88.89232458218876,86.69390933684596,88.55778503417969,116763
2015-12-22,89.2746519233524,90.23048329877926,87.45857085155842,87.74532318115234,149989
2015-12-23,87.9842968603151,88.89233391343215,82.01034968871348,84.44771575927734,588171
2015-12-24,83.53967265951663,87.84091431174375,83.44409097017244,86.12041473388672,168521
2015-12-28,86.93286603322674,86.98066052190812,85.1645793382424,86.16820526123047,144845
2015-12-29,85.21238579758595,87.45858852527088,85.16459130219039,85.40354919433594,80661
2015-12-30,87.2674209275032,89.56141074773582,86.59833448625551,88.65337371826172,472846
2015-12-31,91.61644607327386,93.38473285614445,90.85178526327292,92.52449035644531,653719
2016-01-01,92.57226723621837,92.62006172194764,89.84814927518764,91.66423034667969,136712
2016-01-04,91.56867600002576,93.86266615147164,88.8923444334498,90.2782974243164,172174
2016-01-05,90.85178290483178,93.38473043194999,90.46944886354866,92.28553009033203,91947
2016-01-06,93.28916027582191,93.28916027582191,88.17546280727102,89.7525863647461,108817
2016-01-07,88.4621911750272,89.17906466172137,86.02481840330131,87.36298370361328,162981
2016-01-08,87.07624123086823,90.32606952956851,87.07624123086823,88.94011688232422,51913
2016-01-11,88.89234630564317,91.28192550740778,86.16822747411493,89.3702621459961,67247
2016-01-12,89.46582113150014,91.28190232204479,87.12403702554462,88.03207397460938,54015
2016-01-13,90.27825643793274,90.66059038706615,85.16456083396224,88.79672241210938,121504
2016-01-14,87.02844297228708,88.27101928955601,84.87782254258391,87.55414581298828,31443
2016-01-15,87.64973058620994,89.75256390066605,84.78223657847245,86.35935974121094,40610
2016-01-18,87.88870638944151,88.41441664864303,81.3890563518016,82.77500915527344,77264
2016-01-19,82.01034412981892,86.02483344005532,82.01034412981892,84.16096496582031,36562
2016-01-20,80.09867454483907,85.06899492697741,80.09867454483907,83.34849548339844,33543
2016-01-21,83.4918648924989,85.97702488235664,83.20511987006202,85.21236419677734,23179
2016-01-22,85.92925517768683,87.74533652567484,85.06900535049084,86.78950500488281,27285
2016-01-25,87.60195813836857,89.60920282312343,86.78950282458871,88.41441345214844,42035
2016-01-27,88.70116424560547,89.3224488735655,87.3152042243962,88.70116424560547,16296
2016-01-28,88.74894714355469,89.46582071869231,86.98066045003158,88.74894714355469,24885
2016-01-29,89.84814645395177,89.84814645395177,86.12040274897514,88.22323608398438,32543
2016-02-01,87.50637109103845,91.42527852948275,87.50637109103845,89.99153137207031,30226
2016-02-02,91.1863202579942,91.61644148630887,88.98790504292673,90.70840454101562,47389
2016-02-03,89.46581474843207,92.42889053611833,87.9364860153438,90.42164611816406,51747
2016-02-04,90.08710081070053,91.37747161847177,88.12764371164536,90.75617980957031,30167
2016-02-05,89.03569817021406,90.80398483751424,87.74532721258502,89.65699005126953,83995
2016-02-08,90.08712704005444,90.80400073002835,88.41442176344866,90.18270874023438,30219
2016-02-09,89.8481623547897,93.09799096227587,87.07624950450985,91.95098876953125,200574
2016-02-10,91.7598162568565,91.7598162568565,88.31882460570738,89.65699005126953,64717
2016-02-11,90.80398181963481,90.80398181963481,83.39628856592776,85.5947036743164,56149
2016-02-12,88.79675021721364,88.79675021721364,84.11317428168226,87.3152084350586,27090
2016-02-15,87.45856809081475,88.89231510869696,86.21598442501774,88.22323608398438,23395
2016-02-16,89.75256477790917,89.75256477790917,86.21598442501774,88.22323608398438,24038
2016-02-17,87.9364889602126,89.17907269944243,87.1718209218535,87.98428344726562,58508
2016-02-18,88.70116120973078,89.32244581642681,87.45857741150829,88.55778503417969,41272
2016-02-19,86.69392019459083,89.37025149868363,86.69392019459083,89.22687530517578,9561
2016-02-22,88.50999054485759,89.22686413019782,87.93649313506845,88.55778503417969,10362
2016-02-23,88.94094227019929,89.08462861670317,87.16883015182783,88.84515380859375,9278
2016-02-24,88.79723690280862,89.08460953425949,87.26459992084638,88.5577621459961,10580
2016-02-25,88.55778650170957,91.28780532675081,87.1688354534748,90.0904312133789,15948
2016-02-26,90.90464328135364,91.95833102942753,88.27042025707317,89.61148071289062,30754
2016-02-29,91.00043460735553,91.00043460735553,86.30672651860094,89.94674682617188,24236
2016-03-01,87.88726075131338,91.38359465700941,87.88726075131338,90.56938171386719,16478
2016-03-02,91.76673319614665,91.95831008554893,89.2761897847778,91.623046875,19723
2016-03-03,92.34148316322383,92.34148316322383,90.52147324481167,91.86253356933594,26033
2016-03-04,92.91623010879908,93.87412938827124,90.66516826367783,93.39517974853516,95849
2016-03-08,91.09621672359143,94.83202524014446,91.09621672359143,93.63465118408203,52879
2016-03-09,93.77834317223747,93.77834317223747,91.95833303592968,92.14990997314453,22816
2016-03-10,93.58674573627768,93.58674573627768,91.23989569930924,92.00621795654297,7119
2016-03-11,90.04252418422588,92.67674696621121,90.04252418422588,91.81463623046875,18949
2016-03-14,91.81463887705014,93.68254674303357,90.85673965598923,92.72464752197266,40480
2016-03-15,91.04832494053437,92.53306436547501,91.04832494053437,92.10201263427734,12943
2016-03-16,93.6825478289874,93.6825478289874,91.3356903252691,92.10201263427734,27590
2016-03-17,90.23409737033501,92.72464101692343,85.01354990507427,91.00041961669922,42120
2016-03-18,90.23409405437829,93.58674096968392,89.94672870369484,91.2398910522461,27444
2016-03-21,89.56356759459328,92.86831663068986,88.79724537639017,91.2398910522461,52083
2016-03-22,92.72465451424834,92.72465451424834,85.63619828222582,89.51568603515625,76838
2016-03-23,89.94673802801839,101.05836749470829,89.2283136145489,98.71151733398438,273816
2016-03-28,99.62153029668899,101.77680378868466,96.89151866846619,100.57942962646484,139544
2016-03-29,98.3283489399023,103.21363312988765,98.3283489399023,100.86678314208984,80046
2016-03-30,102.9262604623983,102.9262604623983,99.52572287412373,100.86678314208984,70501
2016-03-31,100.62731757005642,101.34574199637802,97.80151044161005,99.66941833496094,60545
2016-04-01,100.38783299017634,105.84785517550063,99.62151075341237,104.1715316772461,103643
2016-04-04,111.11629631630035,111.11629631630035,101.87256848007353,104.45890045166016,324938
2016-04-05,104.41102829364938,105.75208883428878,101.87259357533051,103.16575622558594,89732
2016-04-06,104.41101445815595,106.70997403630402,102.49521602773108,104.6983871459961,61461
2016-04-07,103.93206470936269,108.14682271221007,101.10626495160112,106.32681274414062,86434
2016-04-08,104.50679708501671,109.67945402009147,95.78991617475238,107.28470611572266,92258
2016-04-11,108.91314926563716,109.72736953048943,105.46471319095107,108.76947021484375,56615
2016-04-12,108.72156898477974,113.7984381249668,106.4705071238257,111.16421508789062,131108
2016-04-13,111.21211373944467,113.99002333272082,110.01473954477324,113.27159881591797,55650
2016-04-18,113.03210945891661,118.73160697022111,111.21209945514329,115.37895965576172,151465
2016-04-20,118.77949006276036,118.77949006276036,115.33105471612473,116.95948028564453,68515
2016-04-21,115.7621006471539,117.34263556745556,112.36156334827626,112.98419189453125,37716
2016-04-22,112.31368415109041,113.31948126079453,108.33840090499996,111.1163101196289,19911
2016-04-25,111.1163211111295,115.90581771074714,111.1163211111295,113.03211975097656,35710
2016-04-26,112.12211053916664,116.48054775743255,110.82894070046108,114.13369750976562,46821
2016-04-27,114.75631725692804,115.9057932752244,111.49945879416798,112.55314636230469,83750
2016-04-28,115.81001386412487,115.81001386412487,109.9668302500379,110.30209350585938,8790
2016-04-29,109.82314534575112,114.9479046323031,109.20050940068795,110.73314666748047,14235
2016-05-02,111.11630650570518,112.36157838120063,107.38049818740967,109.20050811767578,10795
2016-05-03,111.068424923497,114.46897048460085,105.99156283503658,111.83474731445312,24009
2016-05-04,111.11629768533909,114.94789415724735,111.11629768533909,112.55314636230469,18622
2016-05-05,113.94210094179567,114.7563210656521,111.40367404145915,112.84052276611328,4001
2016-05-06,109.4878890858788,115.42686161499185,109.39209331267422,111.30789184570312,12104
2016-05-09,109.29628971863836,113.22367470607244,109.20050126688444,111.88262176513672,13201
2016-05-10,112.07420844536323,113.03210766284496,110.20630789455026,110.63735961914062,5398
2016-05-11,112.50527023570403,112.50527023570403,108.24262125981116,111.0205307006836,11815
2016-05-12,110.25421824934861,111.8826515961118,108.86526705810834,109.7752685546875,13130
2016-05-13,108.72155093000146,111.1162987478429,108.72155093000146,110.82892608642578,8059
2016-05-16,110.68526713757811,113.03211750140692,108.7215706475397,112.12211608886719,9066
2016-05-17,112.07422590746638,112.12212379907979,109.20052780727494,110.49369049072266,3733
2016-05-18,110.20628838767435,111.5952390838976,106.90153228740043,109.29627990722656,8604
2016-05-19,109.2963053123151,111.1163153880683,107.33261619252704,108.577880859375,12496
2016-05-20,111.882623053749,113.03209910441602,107.33260211522378,107.95523071289062,5217
2016-05-23,108.14680910117352,110.63734528225288,107.95522489758888,108.38628387451172,11798
2016-05-24,107.9552549575938,110.15842640905167,106.85367654005698,109.48789978027344,5814
2016-05-25,107.33260087901654,113.36736103779853,107.33260087901654,111.88262176513672,19911
2016-05-26,114.94790594596748,114.94790594596748,110.20630774897273,112.26578521728516,20267
2016-05-27,113.75053101764097,113.79842890134583,110.7331470490085,111.78683471679688,27105
2016-05-30,113.03210433078003,113.99000352002393,105.70417407142604,109.24840545654297,43394
2016-05-31,109.00893632926692,111.02052326967244,107.52418958543431,109.91893768310547,27466
2016-06-01,109.05682334811075,110.82893542093049,107.76366087919857,108.00313568115234,17047
2016-06-02,107.2847017667015,110.15839913545243,106.13522574247726,108.14681243896484,58451
2016-06-03,108.67366417371247,110.0626224351422,106.4226024561711,107.85945129394531,50006
2016-06-06,107.23681923830195,109.20051564466233,106.32681786453963,107.04524230957031,9987
2016-06-07,107.18891766118604,109.00892753014446,102.3036333979118,107.28470611572266,61746
2016-06-08,108.57788367573033,108.72157003168365,104.98576131785532,106.23103332519531,30560
2016-06-09,107.66786053824393,109.15259976159264,105.36890123155382,107.7636489868164,38310
2016-06-10,108.24260190016443,109.63155271808508,106.37470151631386,107.52417755126953,26293
2016-06-13,109.056833323447,109.583680859212,105.08154978576032,106.23103332519531,18610
2016-06-14,105.0815385565903,108.00313401873258,105.0815385565903,105.94364929199219,12995
2016-06-15,108.24261064758589,108.24261064758589,106.32681222904455,106.90155029296875,29304
2016-06-16,105.56048341333391,108.24260395677808,105.56048341333391,106.2789077758789,6348
2016-06-17,107.28471357829618,112.79263414146763,107.28471357829618,108.91313934326172,33441
2016-06-20,105.94365092271168,110.15840889873631,105.94365092271168,108.00313568115234,53726
2016-06-21,110.63734232077789,110.63734232077789,107.47627247405113,108.05101776123047,51403
2016-06-22,107.28470649099786,109.4399796124688,105.41680604233264,107.81155395507812,65152
2016-06-23,108.96103321180338,108.96103321180338,105.5604881531257,105.94364929199219,61518
2016-06-24,104.31522443940011,107.95523701789689,102.78258717960193,105.89575958251953,53927
2016-06-27,103.64470467526029,109.10473524605031,103.64470467526029,107.57209777832031,10085
2016-06-28,107.81155604169275,109.15260905223282,106.3268093837781,106.5662841796875,6805
2016-06-29,108.19470289699896,114.27736816771011,106.94943842342393,111.97840881347656,67041
2016-06-30,113.60684735463188,115.42685735548523,111.11631081523889,112.69684600830078,54965
2016-07-01,111.59525763692044,114.94790486206398,111.2120964924087,112.88842010498047,26492
2016-07-04,114.70842040321466,114.70842040321466,111.21208712970407,111.93051147460938,13867
2016-07-05,111.11632374732893,117.77372125546538,111.06842585691966,117.15109252929688,56376
2016-07-07,111.78683699324726,121.84477888805016,111.78683699324726,118.6837158203125,29846
2016-07-08,119.54581254111271,126.92163280739862,117.82159120988703,122.41950988769531,72196
2016-07-11,121.84476457182657,128.26268572258496,121.27002656414811,122.41950988769531,39639
2016-07-12,124.43113257182614,137.26699395756435,116.43268094293946,132.23802185058594,654752
2016-07-13,132.1422273013322,132.1422273013322,124.62272532623302,127.87957763671875,118631
2016-07-14,127.92746738826143,133.77064493993115,123.2337515732907,130.60958862304688,95806
2016-07-15,130.84904006091844,131.71114351738845,125.48479855111191,128.9811248779297,23402
2016-07-18,132.66905034712192,135.35117125575553,128.07113087751907,129.55587768554688,113082
2016-07-19,131.18431285550935,131.2322107462118,123.09006628385558,125.6763916015625,94331
2016-07-20,124.57478934537374,127.25690993094814,118.8752849280758,121.4137191772461,91604
2016-07-21,125.38900084742255,125.38900084742255,116.38475411243701,117.19896697998047,90153
2016-07-22,118.77951448758667,118.77951448758667,113.1279070946841,113.65475463867188,99919
2016-07-25,114.90002076243833,116.62424246549237,113.12790847819447,114.08580780029297,50657
2016-07-26,115.85790632180898,115.90580420550087,110.34998587402691,111.25999450683594,149311
2016-07-27,113.65475205627088,113.65475205627088,108.33840808115934,112.74474334716797,48479
2016-07-28,110.2541923235405,113.99000052507607,110.2541923235405,111.06840515136719,75317
2016-07-29,114.85211927842394,114.85211927842394,110.63736119965597,112.69684600830078,42776
2016-08-01,110.6373538867976,112.98420392475643,108.52997864080153,109.96682739257812,49197
2016-08-02,112.88845645273062,112.98424494265274,107.28474574806415,108.24264526367188,43408
2016-08-03,113.03210172415321,113.03210172415321,104.41100921976864,105.60838317871094,31579
2016-08-04,111.11631234128104,111.11631234128104,105.65628957192563,106.08734130859375,19369
2016-08-05,107.95524449850257,119.25845877561227,104.69839283632413,112.93632507324219,252463
2016-08-08,113.03209401404908,115.90579131949102,111.11629581042114,111.59524536132812,36441
2016-08-09,113.41527461694979,115.90581124824908,110.8289422124459,111.30789184570312,50635
2016-08-10,111.7868550042066,113.89423803042844,107.85946899795576,112.50527954101562,42976
2016-08-11,115.90579495504332,117.34264365283312,106.85365108224379,107.52417755126953,144167
2016-08-12,109.15259084945066,109.2004887239212,104.88994311639799,105.65626525878906,61703
2016-08-16,109.20051440750358,109.87104095865911,101.63310887727516,105.51260375976562,141244
2016-08-17,105.65627625614411,109.6794496519799,105.65627625614411,108.67365264892578,64902
2016-08-18,109.34420919263603,110.01473579552398,107.284724186349,107.61998748779297,27945
2016-08-19,105.41681956169253,109.67946846977392,105.41681956169253,108.43419647216797,31951
2016-08-22,109.20050369708294,112.93631186414757,108.72155411946416,111.6910400390625,63560
2016-08-23,112.93631383611675,114.94790063560163,110.78104069919921,111.54735565185547,54698
2016-08-24,112.07422214810292,116.28898068197765,111.11632281350374,111.83474731445312,61455
2016-08-25,113.03210622176472,113.41526736551059,110.3499855237346,110.73314666748047,27214
2016-08-26,111.11630102136824,111.97841171506869,109.67945230126435,110.68524932861328,14897
2016-08-29,111.11630742102211,111.93052028100348,108.33839827385837,109.67945861816406,39254
2016-08-30,109.96683523198611,110.4457848500554,108.3384021456358,109.39208984375,21465
2016-08-31,109.77524383918197,111.11630414393659,108.2426066229727,108.81734466552734,18027
2016-09-01,110.11050399401931,114.66052494101498,108.33839203419593,110.68524932861328,85473
2016-09-02,111.78683446231034,111.78683446231034,108.43418723994913,109.10472106933594,26827
2016-09-06,109.48787961803295,113.03210367437691,106.80575898044938,110.92472839355469,18324
2016-09-07,111.11629163938649,114.37314992493752,110.6373421064581,112.98419189453125,105146
2016-09-08,112.84052538055855,116.57632630466304,111.0684060658738,111.54735565185547,27396
2016-09-09,112.07420934479812,114.22948260142884,110.25419935533839,111.1163101196289,53619
2016-09-12,107.28471477566721,113.8463231016479,107.28471477566721,109.91893768310547,13587
2016-09-14,112.07985419871518,112.07985419871518,108.57436324377021,109.72685241699219,11694
2016-09-15,108.67039922040685,111.31152687242698,108.67039922040685,109.15060424804688,19785
2016-09-16,111.2154940934445,111.2154940934445,108.2862403158246,108.71842193603516,29613
2016-09-19,107.56591978624513,110.44714978051955,107.56591978624513,108.95851135253906,10784
2016-09-20,110.11100851137938,110.11100851137938,106.7015500635372,107.18175506591797,18663
2016-09-21,105.64510259017275,109.87090815924907,105.64510259017275,109.10257720947266,14932
2016-09-22,109.4867360811103,109.87090153282911,106.26936416173996,106.70154571533203,35211
2016-09-23,105.02083227904318,107.99810182050558,100.65097116527723,102.76387023925781,126929
2016-09-26,103.38815016434654,106.41344348677346,92.29541042456373,98.2979736328125,3206166
2016-09-27,100.07474031910942,100.36286631122934,95.08061018958568,95.89695739746094,938879
2016-09-28,96.4251768778353,98.44203665107064,94.6003961963947,97.7697525024414,566555
2016-09-29,98.82619290014934,104.68469257900985,89.31813220043959,92.39144134521484,1452959
2016-09-30,94.55237816273697,95.94497730354227,91.23896601218121,95.32070922851562,331575
2016-10-03,97.625682015328,103.43615835995904,97.625682015328,102.71585083007812,790444
2016-10-04,102.85991410729584,104.39656871014036,100.84305448310319,103.24407958984375,315397
2016-10-05,103.6762424303898,104.10843126785888,101.51532022508191,102.04354858398438,172410
2016-10-06,102.52378702626646,104.01242574072529,96.28112083731347,98.92224884033203,250580
2016-10-07,99.78659783468034,100.79502391168596,97.48161242997996,100.4108657836914,125492
2016-10-10,100.84305852312163,106.60551901015714,100.17077439723978,105.4050064086914,782664
2016-10-13,105.93323255337354,106.12531163444268,98.5380706946556,102.9559555053711,360586
2016-10-14,103.72430313058184,105.54908400297843,101.80348270223773,102.23566436767578,112018
2016-10-17,104.5406408027557,107.56593416666264,101.41930789166952,106.31739807128906,446775
2016-10-18,107.27779414680873,114.72097165220303,107.1817546122085,111.1674575805664,1036930
2016-10-19,112.65611846203572,113.95267075587536,110.49519552985356,111.26351928710938,337149
2016-10-20,111.26350300810599,112.99224403185829,109.87091136427848,110.30309295654297,169092
2016-10-21,111.21549506497968,111.21549506497968,108.52634379228485,109.6788330078125,123269
2016-10-24,111.98381855909922,112.75214958626177,110.20706130205203,110.83132934570312,119834
2016-10-25,111.69570012600748,111.69570012600748,109.05457229035453,109.6788330078125,127339
2016-10-26,108.67040869610298,110.63924508469469,106.70156498016341,108.86248779296875,95584
2016-10-27,109.00652599903685,109.43870753241173,107.6139345449656,107.99809265136719,71342
2016-10-28,110.35111472497427,110.35111472497427,107.03769570066966,107.22978210449219,132447
2016-11-01,108.8624837660345,111.02340649890512,108.57436513139363,108.91050720214844,75215
2016-11-02,107.56593980081519,108.38228698561959,104.6847092704362,105.54907989501953,118936
2016-11-03,105.64511804424534,107.75801747419102,104.87678698207523,105.21293640136719,60091
2016-11-04,106.46145145092825,106.46145145092825,99.4024391235648,102.71585083007812,137476
2016-11-07,102.76387023925781,105.4530211764575,102.04356273758077,102.76387023925781,80673
2016-11-08,105.4530360854673,105.4530360854673,101.85149806789461,102.85992431640625,31160
2016-11-09,83.07545665267882,100.7950164413002,82.30712579894104,98.10587310791016,227878
2016-11-10,102.57180473149064,105.30897213429422,99.01828285697297,101.8995132446289,127016
2016-11-11,108.52634539631138,108.52634539631138,98.2499598693697,99.59452819824219,237889
2016-11-15,102.76389826590136,102.76389826590136,93.06375606328137,93.97614288330078,160384
2016-11-16,96.04100597148039,99.8826462103396,92.39144481362523,94.12018585205078,63303
2016-11-17,95.99298032856953,95.99298032856953,93.39987615795087,93.88008117675781,30862
2016-11-18,94.93652563009434,94.93652563009434,89.07802618223096,91.81519317626953,43202
2016-11-21,92.19934919892219,92.7275775679794,82.69128984731415,85.2844009399414,99751
2016-11-22,85.47648693598808,89.2220872671917,81.63484707369648,84.22795104980469,112707
2016-11-23,84.51607873602856,86.91710370012028,82.69129829784951,86.24481964111328,96511
2016-11-24,84.99628622360932,88.45376080791388,84.99628622360932,88.06959533691406,81832
2016-11-25,87.58939308832936,91.14291464780007,87.58939308832936,89.36615753173828,46445
2016-11-28,90.18250307165772,93.88008021304482,88.11762004651521,91.23895263671875,33802
2016-11-29,91.57509685159427,94.40831089703602,90.90281274716928,91.47905731201172,45162
2016-11-30,92.96768952039795,92.96768952039795,90.90280658625778,91.28697204589844,35831
2016-12-01,92.15136216528616,92.199385609564,89.75033649837043,90.71074676513672,27370
2016-12-02,89.31813409859588,90.2305207095244,88.45376359346263,89.36615753173828,22960
2016-12-05,90.23053288388854,93.0637472925778,88.02159388089237,90.90282440185547,24956
2016-12-06,90.27854659185815,92.96769771915031,90.27854659185815,91.19093322753906,55475
2016-12-07,93.92811715718737,93.92811715718737,90.42261858613692,90.99886322021484,29170
2016-12-08,90.9028254650534,99.69058012224191,90.9028254650534,96.1850814819336,307209
2016-12-09,97.00142191540333,97.86579248704973,94.21623110780834,94.93653869628906,82591
2016-12-12,97.67370237828098,97.67370237828098,94.16821144194208,94.36029052734375,21085
2016-12-13,94.12019628337937,96.04101661569324,94.12019628337937,94.79248046875,25597
2016-12-14,95.56079685735872,95.56079685735872,93.97611886108892,94.16820526123047,30038
2016-12-15,92.4875098304463,94.36030688345322,92.2474072684019,93.11177062988281,40278
2016-12-16,93.15978341339988,94.88852459324748,90.66271851933503,91.38302612304688,47161
2016-12-19,94.60037501225726,94.60037501225726,90.51863294320047,91.91122436523438,59911
2016-12-20,93.63997438679571,93.63997438679571,87.49334896157772,88.35771942138672,56457
2016-12-21,90.27855061181907,90.27855061181907,87.44534370972765,87.87752532958984,42023
2016-12-22,90.27852992517508,90.27852992517508,85.57251998488292,86.34085083007812,74628
2016-12-23,87.87752188921846,87.87752188921846,85.47649670098845,86.1487808227539,28901
2016-12-26,87.3973139216391,87.3973139216391,84.17994174274048,85.47649383544922,28158
2016-12-27,86.43691566941314,86.43691566941314,84.1319297860925,85.42848205566406,40825
2016-12-28,86.34087760364636,87.58940645506422,84.80422276409841,85.23640441894531,68057
2016-12-29,86.38889012485787,86.38889012485787,84.035888186573,84.66015625,45796
2016-12-30,85.62056634431187,86.77305559345807,84.51609320626048,85.1883773803711,51251
2017-01-02,86.14877895993025,87.06117290813708,85.23639233907063,86.43690490722656,47120
2017-01-03,86.43691566941314,86.86909731682096,84.70817442508562,85.42848205566406,467487
2017-01-04,85.47649092447695,87.82949251898728,84.27597841149272,84.80420684814453,540696
2017-01-05,86.05273941994723,87.30127542176827,85.4284714190367,86.43690490722656,584280
2017-01-06,87.39732097788118,87.63742350804019,85.28442164342094,85.57254028320312,200329
2017-01-09,86.24482074305976,86.48492324253671,84.90024528051947,85.5245132446289,211334
2017-01-10,85.95671058236084,86.3408761174723,85.2364029517824,85.42848205566406,162563
2017-01-11,85.9086713819146,86.19679731222566,85.28441074515196,85.5245132446289,108538
2017-01-12,86.05273839583676,86.10076182893036,85.09232835274182,85.47649383544922,51646
2017-01-13,86.0047186245281,91.33498974011802,85.0923247260663,87.10918426513672,1770154
2017-01-16,87.10917443389141,89.79832506738244,86.29282748965714,86.86907196044922,1103405
2017-01-17,87.87751048147008,90.95081939250642,87.54136846422337,90.08645629882812,730396
2017-01-18,90.7107320420287,92.87165479151707,90.23052698658682,91.7671890258789,605109
2017-01-19,92.19936899038461,94.0721657420628,91.43103798452574,93.63998413085938,340497
2017-01-20,94.60040562609291,94.60040562609291,89.79835457908311,90.42262268066406,406454
2017-01-23,91.0468804792818,92.19936966920787,88.83793431668467,90.80677795410156,196476
2017-01-24,91.14291581205924,91.23895535222373,88.83793021137573,89.174072265625,206454
2017-01-25,90.08648057284306,92.1033405471175,88.88596781109061,90.42262268066406,343318
2017-01-27,90.56667634474498,91.19093705464813,89.17407728820893,89.55824279785156,164181
2017-01-30,89.5582368375795,90.2785443724662,85.95669916314601,86.53294372558594,250843
2017-01-31,87.10918797777175,87.10918797777175,85.18836789158189,85.47649383544922,171179
2017-02-01,86.05273941994723,87.15721244812012,84.70816387814314,86.43690490722656,151818
2017-02-02,86.91711809030659,88.26169375827814,84.85223481385182,85.8126449584961,327874
2017-02-03,86.19679659144504,86.67700158638345,85.28441003200074,85.62055206298828,289983
2017-02-06,86.34085336110526,87.3492793817211,85.71658544700239,85.9566879272461,339674
2017-02-07,86.43689874184653,87.7814741877446,86.1967962453414,86.77304077148438,285972
2017-02-08,87.58938775255005,89.12604959133071,86.91710369359353,87.925537109375,268052
2017-02-09,88.59782291076344,95.65683497802156,88.35772040965026,92.6795654296875,2233934
2017-02-10,93.54393729993907,94.98455232819066,93.20779525881643,94.69642639160156,379198
2017-02-13,95.08059226847493,95.08059226847493,91.67113375619184,94.07215881347656,452608
2017-02-14,89.22209095810315,90.18250096340599,84.80420639917945,89.31813049316406,804696
2017-02-15,90.18249953371827,90.27853906725665,87.39730909702504,87.8294906616211,241710
2017-02-16,87.4453420687627,90.61469098542193,87.4453420687627,89.75032043457031,142032
2017-02-17,91.19093294580777,91.19093294580777,89.84636471366304,90.13448333740234,136821
2017-02-20,90.18249292181024,91.28696579489176,89.2220830021474,89.94239044189453,123549
2017-02-21,89.7983303827044,90.99884282097585,89.75030695423497,90.08645629882812,103699
2017-02-22,90.47062800572208,91.14291946853889,88.74189423136636,89.75032043457031,128316
2017-02-23,89.79832748847586,90.7107139812171,89.79832748847586,89.94239044189453,86089
2017-02-27,90.66271658875388,91.14292164766958,89.79834601723609,89.99042510986328,102326
2017-02-28,90.90281020494905,94.12018231874279,89.99041628606325,92.39144134521484,185351
2017-03-01,93.1613828224074,93.64258829702187,91.5252798031505,92.15084838867188,124071
2017-03-02,92.43958162753505,93.20950603979514,89.79295131625086,90.17790985107422,114068
2017-03-03,90.17789426625932,91.04406550514432,89.50420960413327,89.88917541503906,60834
2017-03-06,90.51474052488646,91.2846647750373,88.83052159050344,89.40796661376953,178294
2017-03-07,90.37038453746214,90.94782960612137,88.87864471269772,89.11924743652344,88378
2017-03-08,89.88918461384631,90.37039009106968,88.63804743602043,89.35985565185547,76400
2017-03-09,89.50423352948748,90.03356257880428,88.7343017018656,88.92678833007812,68945
2017-03-10,89.50420956731915,89.69668880138681,88.39743561489976,88.4936752319336,70787
2017-03-14,88.8305405045243,91.91025284609141,87.77188250341052,88.63805389404297,103772
2017-03-15,89.40798012914311,89.79294598371789,88.01247982413615,88.39744567871094,110684
2017-03-16,89.11924043083057,89.98541163703563,88.78239811247633,89.40796661376953,83750
2017-03-17,90.22602329198956,90.27414677479032,88.30120146176046,88.58992767333984,88942
2017-03-20,89.35985260796608,90.37038701275816,88.63804441671819,89.02301025390625,66087
2017-03-21,89.167370300273,89.31173340209028,88.10871979130033,88.68616485595703,57634
2017-03-22,88.54179252729024,88.54179252729024,87.67562134926182,87.81998443603516,49540
2017-03-23,87.9643475228085,89.31172409500697,87.67562134926182,87.81998443603516,92638
2017-03-24,88.58992952670413,88.9748880267135,88.06060057527215,88.20496368408203,92146
2017-03-27,88.20497512002828,88.87865992500195,87.09820093247411,87.43504333496094,115200
2017-03-28,87.57940212104688,88.73429239878459,87.33879936796708,87.91624450683594,98364
2017-03-29,88.92677384504917,92.58393107401392,88.92677384504917,91.04407501220703,386139
2017-03-30,89.98542627663991,92.43957720304803,89.98542627663991,90.65911102294922,209771
2017-03-31,91.86211390739848,91.86211390739848,90.12977876011091,90.32225799560547,106996
2017-04-03,91.62151669776607,93.40198277484356,90.51475001324238,91.95836639404297,221198
2017-04-05,95.32680500749485,99.3208044700263,95.32680500749485,98.4065170288086,823900
2017-04-06,98.1177930731472,103.45917676405762,96.52982088527749,101.3899917602539,782416
2017-04-07,100.76444177310033,102.97799029594671,97.78096875641349,98.50277709960938,598410
2017-04-10,99.9463899018814,101.00504062890455,98.26217049987652,99.272705078125,252405
2017-04-11,99.8020200867245,104.13286968756312,98.93585604064748,103.21858215332031,456428
2017-04-12,104.3253522080767,107.79003028441012,100.71631101551833,107.06822204589844,862372
2017-04-13,107.7900110992566,113.32387327622737,106.97196337640068,109.23362731933594,1032998
2017-04-17,109.90732055296512,111.15845764532541,106.97197174798498,109.81108093261719,415356
2017-04-18,110.38854126376927,112.93893194007015,106.250178275584,108.12687683105469,566421
2017-04-19,109.5223780638811,111.63967939115066,107.74191178570734,108.7043228149414,638365
2017-04-20,110.77348685181039,117.70284934518297,110.051678717664,115.72990417480469,1269315
2017-04-21,117.12539696377623,118.56901323206901,114.23816442719067,115.72990417480469,623694
2017-04-24,115.72990815895781,119.72391477392247,115.393065819949,116.64419555664062,485147
2017-04-25,119.2427318943752,119.2427318943752,113.66074480502994,114.38255310058594,1111435
2017-04-26,115.29684570792092,115.34496185442745,107.88627628285579,109.57049560546875,409768
2017-04-27,110.38852660188284,111.73590332197027,108.75243101917039,110.09980773925781,202099
2017-04-28,110.19604893197992,111.35093908417838,103.02609060663846,108.03062438964844,198659
2017-05-02,109.71483272602904,110.48476431378273,106.82760028587039,109.23362731933594,165255
2017-05-03,110.09981486381379,113.85321906172129,108.46371183261674,112.89080810546875,408817
2017-05-04,113.56447729866144,113.80508000480268,109.18550510984628,109.95543670654297,177575
2017-05-05,109.90731204513416,110.29227783933841,105.86518956251906,106.44263458251953,177652
2017-05-08,107.06821287579714,108.89679505860292,106.92384977193649,107.59754180908203,80145
2017-05-09,107.16445098868085,111.06221802497748,107.02008788685276,109.81108093261719,132852
2017-05-10,110.388530311165,111.49530434494858,108.31935269368013,109.32987976074219,104082
2017-05-11,108.8005665991064,111.15847061448969,108.75244311201155,109.76297760009766,126623
2017-05-12,110.53289718122022,110.53289718122022,107.54942467661085,108.41559600830078,77887
2017-05-15,108.99302952894367,111.44718015074618,107.50128976390886,110.58100891113281,187374
2017-05-16,111.54340474415517,111.63964434834703,108.36744640754567,110.86971282958984,230499
2017-05-17,110.53290109143964,113.99757919815309,110.48478494735149,112.40960693359375,212147
2017-05-18,111.15846071796405,111.15846071796405,108.84867305270461,110.00357055664062,129711
2017-05-19,110.34041490875596,110.77349689145012,104.90279167017394,106.6832504272461,231460
2017-05-22,108.7524278943771,108.7524278943771,104.90278442908942,105.28775024414062,176142
2017-05-23,105.23964713364046,105.23964713364046,97.92532460237864,100.33135223388672,281060
2017-05-24,100.66819821702634,103.84415774070969,97.68472531628333,99.272705078125,212050
2017-05-25,96.04861981002331,99.27269516038321,91.42904411756427,97.8290786743164,355890
2017-05-26,98.40653119768415,102.78550447164369,97.01103809329548,99.36894226074219,163496
2017-05-29,100.90879137269509,101.63059961905574,95.95237327916271,96.57794189453125,138861
2017-05-30,97.63658875488751,98.16591771884804,96.28921928773875,97.34786987304688,142743
2017-05-31,98.55088169962795,99.99449810926328,97.29974454089889,97.87718963623047,90884
2017-06-01,99.60954280918881,99.60954280918881,97.68472072591946,97.92532348632812,87268
2017-06-02,99.51329790806102,99.8501402862873,97.2035100618315,97.8290786743164,85038
2017-06-05,97.97344191609356,99.80201692668076,97.34787330281277,99.51329803466797,90769
2017-06-06,100.57193220611003,100.57193220611003,97.20349428533123,97.54033660888672,70695
2017-06-07,97.73282410793949,99.80200154766005,97.39597443857845,97.97342681884766,551299
2017-06-08,99.89825086126031,107.40505121300397,97.39597673473355,105.28775024414062,392319
2017-06-09,105.86520146664387,106.73137276534803,103.50729764375004,104.42158508300781,134478
2017-06-12,104.42159112196501,104.42159112196501,99.80201549012317,101.87120056152344,196709
2017-06-13,100.6681914754149,104.71032217509897,100.6681914754149,103.21858215332031,85301
2017-06-14,104.18098706246623,104.18098706246623,101.14939105124832,102.54489135742188,49151
2017-06-15,101.87118539264449,104.90278099071507,101.05313765160626,103.41104125976562,66994
2017-06-16,103.36293153364333,105.38399294348913,101.82307557102807,102.68923950195312,91414
2017-06-19,102.11180416867391,104.325352374009,101.58248253182465,102.30429077148438,72717
2017-06-20,101.77497287504441,103.94039782983259,101.53437010229017,103.07422637939453,89136
2017-06-21,102.01557618301965,104.22912464101755,101.7749734090031,103.36295318603516,57253
2017-06-22,103.17045007067718,109.71484741492856,102.54488883231386,104.18098449707031,300018
2017-06-23,104.90279232349913,106.7313745756423,102.6411280859646,105.43212127685547,181341
2017-06-27,106.2501582623159,106.2501582623159,103.07419955154359,103.69976806640625,93675
2017-06-28,103.50730839708824,103.50730839708824,102.97797939771817,103.21858215332031,62151
2017-06-29,103.21857142997777,108.94491348135573,103.21857142997777,104.42158508300781,241613
2017-06-30,103.98851937840818,106.20206044081894,102.97798481467659,105.1434097290039,84065
2017-07-03,104.90278951805954,110.38852878516991,104.18098133330224,108.31935119628906,230628
2017-07-04,108.9449146506952,108.9449146506952,106.05768185243352,106.6832504272461,92355
2017-07-05,106.00955379434915,111.63965564953159,106.00955379434915,109.95543670654297,310609
2017-07-06,117.41413061729463,117.41413061729463,113.56448699049808,114.04569244384766,804698
2017-07-07,114.43064232477018,116.16297730979409,112.1208550021268,113.75695037841797,195175
2017-07-10,114.71939688046973,114.71939688046973,111.63968438617255,113.56450653076172,42339
2017-07-11,114.47877991271842,115.58555397709831,113.22765007949091,114.28630065917969,234941
2017-07-12,115.48931656214782,120.63821379035431,113.22765224799502,117.269775390625,721966
2017-07-13,119.05023956298828,121.9374726066431,117.12541753388507,119.05023956298828,550939
2017-07-14,119.146477630469,119.33895688194315,107.40505972522627,108.8005599975586,1294160
2017-07-17,108.80056077511688,108.80056077511688,104.46971150248244,106.1539306640625,394781
2017-07-18,105.57647842010043,109.57048533650043,104.18098547776671,107.98250579833984,327912
2017-07-19,109.04115816246356,109.28176088802715,106.82761015023355,107.59754180908203,182706
2017-07-20,106.97198401028761,109.13740875809663,105.9614495242648,106.39453887939453,170456
2017-07-21,107.79003188907811,107.79003188907811,105.91333337805463,106.53889465332031,162293
2017-07-24,106.92384577984302,107.50129083111374,104.80654481097967,105.28775024414062,152405
2017-07-25,105.28777339176591,106.25018446967489,103.60355400542518,105.57649230957031,179493
2017-07-26,106.53887685518382,107.02008227429957,104.46969942707565,104.9509048461914,97192
2017-07-27,104.61407184860269,105.62460632681567,102.4005309735175,102.73737335205078,129861
2017-07-28,102.11180530452948,104.3253535344873,101.58248366179224,103.17045593261719,68369
2017-07-31,103.36293713791595,104.90279318402122,101.05314939745163,101.3899917602539,112299
2017-08-01,100.66817778295218,104.27721862609779,100.66817778295218,102.40052032470703,73394
2017-08-02,102.78547490249511,102.92983064633485,99.80199559120643,100.37944793701172,75568
2017-08-03,101.96744194995803,103.36294229782092,98.64712695533589,99.80201721191406,82191
2017-08-04,101.91932082393397,105.8652042407484,100.71630713938002,104.46971130371094,290618
2017-08-07,104.6621792180811,106.87572709491063,103.026083721372,103.84413146972656,112687
2017-08-08,103.84414350707655,105.2396364547015,101.3418764927424,101.82308197021484,85416
2017-08-09,100.18698365004988,102.97797701908992,99.60953851846548,100.09074401855469,78015
2017-08-10,100.38030950931596,102.79329771867452,97.67775976929214,99.84944915771484,304536
2017-08-11,97.58124503196396,101.53854435710984,95.50607362857775,99.55989837646484,124915
2017-08-14,105.1097629096444,105.1097629096444,100.04248790924417,103.03459167480469,121792
2017-08-16,102.93806538525962,104.67541225660906,101.63505339078387,102.50372314453125,94358
2017-08-17,104.19281090655649,105.3993048140611,101.39375093222932,104.24107360839844,179632
2017-08-18,102.45546788863574,110.41832797277031,102.45546788863574,105.97843170166016,393824
2017-08-21,108.9705408165328,109.79095527327638,106.26799127964858,106.84710693359375,347632
2017-08-22,107.90881651715104,108.92226696690813,104.38585288394749,105.6406021118164,110520
2017-08-23,106.5575629703661,108.10187398306735,105.30280613037749,105.495849609375,82693
2017-08-24,105.59235200570794,106.1714676290957,104.04804122205566,104.48237609863281,68639
2017-08-28,104.48238346494477,106.7988534856684,104.48238346494477,104.96498107910156,49785
2017-08-29,105.01322844056209,106.07494156378871,102.5519780224809,102.98631286621094,54762
2017-08-30,103.51719440089342,104.91672461974552,102.40721834946469,103.3724136352539,75447
2017-08-31,103.27590802393922,107.61928733335722,103.27590802393922,105.206298828125,251973
2017-09-01,104.67539919357459,106.17145445184667,104.241064370904,104.62714385986328,118189
2017-09-04,105.83365696086025,108.87402336557365,104.24108338088132,107.37796783447266,318447
2017-09-05,108.82574645117191,109.54964276902894,107.13665504283887,107.95706939697266,180112
2017-09-06,107.81229983561458,110.51484931461437,107.1366661477921,110.17703247070312,170234
2017-09-07,110.99744318160886,115.05125990009097,109.16357090844613,109.93572998046875,439472
2017-09-08,110.51484618617972,111.96263893097684,109.21183418863326,109.9839859008789,200790
2017-09-11,110.51482635318327,131.94215218528967,110.0322288581912,130.83218383789062,10081595
2017-09-12,133.19693128797743,136.3820782425796,125.62014343594718,130.3013458251953,5875964
2017-09-13,130.25310066963374,132.8108770096337,125.04105202554263,127.93663787841797,1701709
2017-09-14,125.81318067416184,132.23172186637353,125.81318067416184,129.3843994140625,1449186
2017-09-15,130.63919488008833,130.68744286481524,124.6067240180176,127.4057846069336,829728
2017-09-18,129.09486430031913,138.69855406347364,126.44057737077986,135.12733459472656,2675407
2017-09-19,135.0308085764172,135.1755966994633,131.26655302058754,133.1004180908203,777989
2017-09-20,133.2934478222366,137.82986179976822,129.72221420701229,130.7356719970703,826166
2017-09-21,131.74916656790336,132.76262464089126,126.15103053742433,130.10833740234375,695606
2017-09-22,130.59091633356317,130.59091633356317,122.09719544408478,123.40020751953125,533707
2017-09-25,123.20717992607065,124.8962643153938,115.96821526959006,120.93897247314453,404476
2017-09-26,122.09718427708721,124.75147089180649,118.67073861072598,123.6415023803711,766144
2017-09-27,125.28233755152189,127.35750130144616,116.88513505098999,118.09162902832031,454787
2017-09-28,118.71899024081279,120.60111762835733,117.31946037457236,118.96028900146484,239280
2017-09-29,119.20160685233702,123.68975862816292,119.20160685233702,120.69766235351562,312279
2017-10-03,123.54498669534807,124.31714580773601,119.73246856708833,120.79418182373047,159391
2017-10-04,120.35983140574973,126.44056375316113,119.87723383417278,125.23406982421875,379439
2017-10-05,126.34403524980225,128.56398697016473,124.60669581689211,125.52362823486328,248719
2017-10-06,126.44056586763,145.16534606686704,126.44056586763,141.3045654296875,3328794
2017-10-09,142.55930055613268,148.64003208705356,135.70642479653566,141.8836669921875,2354575
2017-10-10,141.83544868634766,147.14402292231497,140.00158347773456,140.77374267578125,814570
2017-10-11,141.8836919672488,144.15190653944177,132.5213016333192,133.53475952148438,615987
2017-10-12,136.09253438475054,137.78162612356834,133.0521751459629,135.41690063476562,486382
2017-10-13,136.43035267860293,143.13845663205805,135.27210661171557,136.0442657470703,591624
2017-10-16,137.10598367459923,140.82197642760258,135.6099281410245,138.8433380126953,301624
2017-10-17,139.6637215551701,143.81406323846605,138.65026380157227,140.29110717773438,930410
2017-10-18,139.9532908313485,141.88368104971195,138.55376086857675,139.8085174560547,364237
2017-10-19,141.3528419827904,144.39321586908738,140.43590943716208,143.1867218017578,466707
2017-10-23,144.68274647072192,147.67485731391764,137.6850816633631,139.18113708496094,633467
2017-10-24,140.4358938935648,140.4358938935648,134.40342422459725,136.1890411376953,433488
2017-10-25,137.97462733798434,138.21592609678729,134.16210989443925,135.17556762695312,327963
2017-10-26,135.1755906136392,140.29112811570326,133.8725712034411,136.67164611816406,280218
2017-10-27,137.44379932815647,139.90505019019488,136.71990288212817,138.26422119140625,326850
2017-10-30,140.62891938201176,142.3662734613186,137.82985955758429,138.5054931640625,265134
2017-10-31,138.98811990502784,139.47071754358697,136.57513171223223,137.3955535888672,148001
2017-11-01,138.50550890470805,139.8085282941986,137.2024895152175,137.54031372070312,247321
2017-11-02,137.1059660984979,139.3741657336043,135.12731320953094,135.70643615722656,264820
2017-11-03,135.70642952802848,137.8781183842385,135.4168680683256,136.28553771972656,155859
2017-11-06,136.2855344052488,141.59410703576825,135.416864774974,140.0015411376953,352972
2017-11-07,138.6020112988271,144.58621750041667,138.6020112988271,140.0015411376953,674915
2017-11-08,141.8836916712684,142.5593253527325,134.4034290151301,136.52685546875,242765
2017-11-09,137.73333790555336,141.30455683211434,136.76814280498508,140.72544860839844,249564
2017-11-10,140.77374136802482,141.69067396381325,137.54033119961588,138.6985626220703,208093
2017-11-13,144.73102001547093,150.61871673724647,142.36629467655496,149.8465576171875,1681862
2017-11-14,151.53565155077118,161.4771653942301,151.53565155077118,158.00245666503906,2273332
2017-11-15,158.0024639619026,166.68922145834122,157.71290243314576,161.4771728515625,1931165
2017-11-16,162.9732267660393,166.01358596678853,160.3671877622988,164.3727569580078,660593
2017-11-17,165.8205224247681,179.91236215855452,161.67018051670792,177.49937438964844,2378476
2017-11-20,178.56113427893052,203.46317649148048,175.90684714775722,195.16249084472656,4319429
2017-11-21,198.49240343432493,201.14669045423682,183.38710319391095,194.63162231445312,3259550
2017-11-22,195.06596207928118,196.41722951161844,186.91005059503334,187.97177124023438,931677
2017-11-23,188.69561460808373,197.67193067820392,184.64179872316998,192.41162109375,1198150
2017-11-24,193.03900910063714,197.67194826459394,189.1782289186244,190.5777587890625,748000
2017-11-27,189.17826254491314,192.0738481961108,188.21306732784726,189.80563354492188,411479
2017-11-28,190.28822143070835,192.9907708459485,184.69010123992945,186.18614196777344,427086
2017-11-29,187.24786254338156,190.67430833443376,185.60703370374947,186.18614196777344,381245
2017-11-30,185.60702504985846,199.6988650053446,183.38707332199778,188.59912109375,2409820
2017-12-01,190.62606297626397,194.77640552078302,185.26922636227488,186.28268432617188,646744
2017-12-04,188.21306798977372,189.13000050366904,177.59592056470956,180.82933044433594,474281
2017-12-05,181.16712220586504,181.16712220586504,175.03814199234952,177.6924285888672,446846
2017-12-06,177.49940263247368,181.40844638563092,175.03816649873662,176.34117126464844,344691
2017-12-07,175.90681329513637,178.80239869917153,175.90681329513637,176.82374572753906,318671
2017-12-08,177.59593973192202,180.8775979445793,175.3759875397306,176.09988403320312,425270
2017-12-11,178.4645942182404,191.54299268288122,177.20985218676842,188.11654663085938,1488505
2017-12-12,188.2130751083238,188.40611121417479,183.387098823495,184.3040313720703,448123
2017-12-13,185.60700429049936,185.60700429049936,178.56107773695902,179.33323669433594,323134
2017-12-14,180.87759506462552,187.5374515351607,179.28502869542777,181.93931579589844,430359
2017-12-15,185.02790345297424,187.05481911681147,182.61491562826745,184.69009399414062,325428
2017-12-18,183.38708436991794,189.17825545528376,178.5611084654464,186.3309326171875,523340
2017-12-19,187.63393861458457,188.69565921223347,182.51841590148467,185.41400146484375,630103
2017-12-20,186.28266253934444,186.7652601106899,182.90447953992629,183.8696746826172,431386
2017-12-21,185.22091704660969,185.31744243896281,182.56663076167663,183.24227905273438,577575
2017-12-22,183.48360585688926,196.5137405204262,183.48360585688926,191.0603790283203,1304896
2017-12-26,191.78426483867085,217.07237369960305,189.17824099499578,211.1846923828125,3830431
2017-12-27,217.2654820054914,220.83670190145625,202.69102613960618,208.8200225830078,2825658
2017-12-28,209.8334488447468,216.68634125204292,208.48218133826848,211.71559143066406,1088573
2017-12-29,213.2116196116159,214.1768148379749,205.63484592132406,206.8896026611328,676713
2018-01-01,208.4821745761243,209.68866864195834,202.69100306012086,204.2835693359375,375083
2018-01-02,206.60004961083914,207.5169821678993,196.1276750847701,205.4418182373047,626324
2018-01-03,206.45525748945983,208.33740000370906,199.69889075891373,204.1870574951172,365502
2018-01-04,206.98608234457816,208.38561226763377,202.93226594659683,205.87611389160156,501554
2018-01-05,207.32393016743495,209.49561934922852,205.5865758764581,206.40699768066406,621673
2018-01-08,206.4552679687672,211.37776987053547,206.4552679687672,207.90306091308594,351926
2018-01-09,208.38564283139038,209.350838054746,204.57312464467782,204.86268615722656,256246
2018-01-10,205.39354530152806,206.503513910958,201.72580052820055,203.80096435546875,250583
2018-01-11,204.13878000648788,213.7907317798443,203.31835821466873,209.2060546875,852901
2018-01-12,212.34296287362753,214.22509073537424,204.04227752475575,206.7448272705078,548910
2018-01-15,207.4204487814809,208.4821694242627,205.3452849306106,205.92440795898438,227901
2018-01-16,207.27568015777808,207.99957659604738,197.86502646027708,201.2432098388672,450923
2018-01-17,200.71236546427517,210.41258145390827,194.6798946657113,207.32395935058594,662743
2018-01-18,207.32390325281872,211.37771958702837,198.1545501200481,199.7471160888672,464787
2018-01-19,200.76059414485917,203.8974784283726,197.7684832448857,201.05015563964844,300207
2018-01-22,202.59447729921894,202.59447729921894,198.9267471274897,201.2432098388672,161175
2018-01-23,202.64273586509876,208.86824216141727,200.95364421033037,204.95921325683594,404846
2018-01-24,203.65616089462182,207.42041579732546,199.79538059330199,201.82229614257812,241124
2018-01-25,201.82230715819253,206.45523199047844,201.0501481102419,203.5596466064453,199091
2018-01-29,203.41491296610218,204.42837099403792,198.7337097896766,199.1197967529297,135032
2018-01-30,200.51929487319114,200.51929487319114,189.85388538926776,194.052490234375,197636
2018-01-31,193.328557123338,197.86497057637703,191.10860572742757,192.65292358398438,184533
2018-02-01,194.00422211257802,197.8167399498456,190.14344157302423,195.6933135986328,217896
2018-02-02,190.43302019886974,194.00423957384118,183.38709213447672,185.8483428955078,444986
2018-02-05,171.9977904553543,183.96622038160538,171.9012797670644,180.2019500732422,396003
2018-02-06,162.3941300234333,178.46462793555844,159.35377033012747,176.29293823242188,656488
2018-02-07,181.45669263086504,194.8728996523824,181.45669263086504,189.2265167236328,419735
2018-02-08,189.1300011985798,192.5081844826034,186.76527584530535,188.88870239257812,142838
2018-02-09,179.71934916251527,194.4385764431161,179.71934916251527,190.96388244628906,269781
2018-02-12,193.0390310906268,208.24085478901364,193.0390310906268,204.9109344482422,707123
2018-02-14,203.55962585247997,205.9726134264909,195.1624320404634,196.2724151611328,367322
2018-02-15,199.69890011750334,199.8919509581631,177.59593381140732,183.7249298095703,566036
2018-02-16,194.0041975532892,194.0041975532892,180.49146737544817,183.24227905273438,330310
2018-02-19,187.24788271693774,187.24788271693774,178.75416138011175,182.4701690673828,172861
2018-02-20,184.15924235554826,186.91003976797134,181.16713142163937,183.29055786132812,219410
2018-02-21,184.8348591594429,187.19958417703774,182.4218714419567,186.13787841796875,166217
2018-02-22,185.55802853795365,190.77684219185272,183.23855907996008,188.98892211914062,270779
2018-02-23,190.72851182171982,191.2600464050936,187.49090523972623,189.2305145263672,121786
2018-02-26,187.82915791307695,190.39023898547137,184.59155150368036,185.50967407226562,122493
2018-02-27,187.00770566858245,189.18221387403108,183.72178805685775,185.31642150878906,124068
2018-02-28,185.31640806312714,185.31640806312714,180.29088130230593,180.96739196777344,151988
2018-03-01,180.9673745535432,187.49089806882446,180.9673745535432,185.36471557617188,311491
2018-03-05,184.5915653172586,185.89627599702723,179.75932538748745,180.48416137695312,130986
2018-03-06,184.06002778902078,184.25331444925203,177.9714021373617,178.98617553710938,84649
2018-03-07,178.9862060500753,178.9862060500753,170.09488544223353,172.26939392089844,141965
2018-03-08,172.99418899495848,174.9270849613826,164.39280784310154,171.15794372558594,320835
2018-03-09,173.6223792979518,173.6223792979518,168.1619539338866,169.17672729492188,130152
2018-03-12,172.9942247642441,178.59962717524462,170.57810430664293,174.2506103515625,191067
2018-03-13,175.6035995725596,182.3687356080768,173.57406761000018,180.29087829589844,251211
2018-03-14,179.7593325659919,181.6922286150886,175.94186581839125,179.227783203125,123045
2018-03-15,179.17946330662573,191.35671468533224,177.82644192980368,185.70298767089844,333133
2018-03-16,187.20098208538477,191.16342494148498,181.74055656725258,185.02647399902344,354372
2018-03-19,188.1674295764939,188.1674295764939,177.34321452745337,179.1311492919922,173226
2018-03-20,178.88953482129156,181.9821655431969,172.99419598670133,174.1539306640625,489244
2018-03-21,175.12037451053877,180.1942265064797,174.92708786005863,176.08682250976562,282613
2018-03-22,176.5700714005497,177.82645692602313,172.6559535025406,173.864013671875,206719
2018-03-23,171.64114846084158,174.10557874408818,166.42232108889903,169.65992736816406,242816
2018-03-26,169.1283888165629,175.4103004011781,166.22904500827897,173.3324432373047,432802
2018-03-27,175.89352772587017,178.11636097067208,174.00895716388663,174.83042907714844,167059
2018-03-28,173.76736011496692,174.92709481075573,170.19150532510687,171.4478759765625,108009
2018-04-02,172.02776376851307,177.82645243486743,172.02776376851307,177.48818969726562,86659
2018-04-03,177.6814752119436,180.19423122767336,175.5069671567098,179.227783203125,97386
2018-04-04,180.1459003753822,184.39828040162217,175.02373779916928,176.13514709472656,163432
2018-04-05,179.27610855371773,183.5284739629998,176.6667018368025,179.227783203125,87617
2018-04-06,180.62911374399545,180.62911374399545,177.8264206220519,179.27609252929688,70597
2018-04-09,177.87478348169432,183.1419229061466,177.87478348169432,179.71102905273438,82110
2018-04-10,179.90429823332795,181.20900899683593,177.826440828895,178.98617553710938,74654
2018-04-11,179.7593359442164,179.9526226033932,175.120382389839,175.6519317626953,151254
2018-04-12,177.19823368047795,177.19823368047795,172.6076060177384,173.38075256347656,99116
2018-04-13,175.16869586068435,176.37675583213735,172.02773993490658,173.76734924316406,132609
2018-04-16,172.3176938333461,176.32844742518458,170.1431856758085,174.54052734375,78954
2018-04-17,174.6854760488937,175.6519240491642,171.2062573491894,171.83445739746094,98326
2018-04-18,172.94587777177625,172.994203124249,170.52975761640965,171.20626831054688,78301
2018-04-19,172.65593376975156,172.65593376975156,169.41834173405564,170.72303771972656,86931
2018-04-20,169.90159529527637,171.5445542741702,169.22508450947643,169.94992065429688,47521
2018-04-23,170.96466414170544,200.63463280881945,170.9163535338425,194.44935607910156,5794266
2018-04-24,196.23724684946734,197.54194265177964,186.13786935679298,187.4908905029297,1846344
2018-04-25,187.24931769141006,192.46813148575575,182.65868925768518,185.31642150878906,689302
2018-04-26,185.55801238908782,189.8103776076074,182.70699379393318,185.6546630859375,388582
2018-04-27,185.84797094756243,192.51645688027997,184.8331975021069,188.69898986816406,739879
2018-04-30,191.16339472228628,191.888230636491,176.8599630659485,178.11634826660156,1498657
2018-05-02,179.51774971551657,185.21978808769506,175.99021975173596,177.6331787109375,1020641
2018-05-03,177.5848116463112,177.5848116463112,173.09083455644088,174.83042907714844,249234
2018-05-04,175.65191884620597,177.43985349247674,171.5445149667211,172.1243896484375,484573
2018-05-07,174.00895716838244,179.7593195486655,173.52573319110107,175.7002410888672,463674
2018-05-08,177.29488993484298,180.7257834251674,175.21703254820414,179.08282470703125,389144
2018-05-09,182.17546297200522,184.4466218573898,179.85599348011115,181.20901489257812,534428
2018-05-10,180.29088101274886,181.54726638764296,176.8599875936703,177.58482360839844,168648
2018-05-11,178.5029423225283,178.5029423225283,173.96063968024276,174.39553833007812,120053
2018-05-14,174.92710517608953,178.79289755567163,172.9942089862985,175.12039184570312,177865
2018-05-15,172.51098786806486,178.2613511809681,169.22507018835665,172.41433715820312,311208
2018-05-16,171.93108366690245,173.71901826544382,168.1619425768413,170.67471313476562,155160
2018-05-17,172.414354295296,175.84524838080983,170.28817118845748,174.00900268554688,178450
2018-05-18,174.92709698067998,177.34321710472253,169.9498954238831,170.48143005371094,139502
2018-05-21,169.1284157573313,171.01298658354747,164.29617530712184,166.71229553222656,194562
2018-05-22,168.06532880966324,169.03177696784837,164.29618689147267,165.2143096923828,118915
2018-05-23,166.71224836276022,173.38073239854128,165.8907618199245,169.36997985839844,328620
2018-05-24,173.38072926832447,183.14185793844302,170.23977392109524,175.55523681640625,1053527
2018-05-25,177.72977617388736,184.97813596477715,176.37675491165157,183.19021606445312,1146789
2018-05-28,184.97815954586605,188.26409191805683,181.30566858110524,185.26809692382812,612804
2018-05-29,187.20098833315024,188.26408710958256,176.85999692669265,177.923095703125,931069
2018-05-30,177.4881822614166,180.96740121419884,173.0908553377857,173.67071533203125,675623
2018-05-31,175.700247286268,176.95663262088058,171.1579446889696,172.8009033203125,249061
2018-06-01,173.8640277726588,173.8640277726588,160.72034091241343,163.86129760742188,572286
2018-06-04,165.31095791458995,166.9055914528222,152.65048133451143,154.3900909423828,661009
2018-06-05,154.6316866051135,154.6316866051135,145.93365423357588,149.3645477294922,568347
2018-06-06,151.2008062007518,162.74985834466779,149.84778472453792,161.30018615722656,610981
2018-06-07,162.3632863883683,166.47069095474072,161.15522622178818,162.07334899902344,371157
2018-06-08,162.16995475042245,165.16593428482665,159.4638977781556,162.89479064941406,234786
2018-06-11,163.32969468060662,166.22903837316176,162.7015094459495,164.296142578125,228312
2018-06-12,165.0210099621143,168.79015158228376,162.99146309166773,165.9391326904297,273933
2018-06-13,166.4223410347301,167.58207567410423,161.92836377709557,162.55654907226562,181978
2018-06-14,162.3632863883683,164.68275600947086,161.01026490052985,162.07334899902344,192345
2018-06-15,161.49345474031804,162.36325197718006,159.07733491922906,161.44512939453125,124129
2018-06-18,160.4787097626091,162.3632806059917,159.7538736884752,161.5417938232422,123073
2018-06-19,160.43035812528893,164.6827231648195,158.78739957578054,160.4786834716797,174035
2018-06-20,160.43035612030886,162.16996534085794,159.94713215609107,161.44512939453125,121640
2018-06-21,160.43035259161294,162.31492306124585,159.8988032932999,161.63841247558594,99759
2018-06-22,161.4451562780645,161.73509365424002,156.90285320740676,158.25587463378906,101408
2018-06-25,158.25584554454758,163.03975975820865,157.9659082216659,161.590087890625,180873
2018-06-26,161.3001550656254,162.0249910196294,156.37127942649337,157.91758728027344,185787
2018-06-27,159.3672520838544,160.6236372974847,157.04778303317124,159.17396545410156,176215
2018-06-28,159.65721763845437,159.94715500777346,145.93365804334618,157.627685546875,589462
2018-06-29,158.4008453165392,171.5445460079959,154.24513008394908,161.10690307617188,645890
2018-07-02,162.36326892471158,162.99145424503487,152.795439333236,153.71356201171875,264615
2018-07-03,153.85851033173563,154.96993431973831,151.78065314281272,153.56857299804688,147891
2018-07-04,153.4719772546408,160.38207599245013,150.8625700615366,156.41964721679688,324659
2018-07-05,156.37128702018782,159.4639176247573,153.18200571832747,156.66122436523438,1058551
2018-07-06,154.58339212254182,156.8545513718144,152.98875843472388,154.4384307861328,142040
2018-07-09,155.98471940083928,158.49749039113723,154.6316979425729,157.19277954101562,119508
2018-07-10,157.24111506544443,158.78743804360866,154.00352252847958,154.969970703125,197632
2018-07-11,154.6317174836214,158.0142863035756,153.81023058575775,154.4384307861328,501664
2018-07-12,155.16324952800798,158.20755522518286,153.7619026951311,156.22633361816406,168721
2018-07-13,157.53102419256018,157.53102419256018,149.65447888166264,151.39407348632812,159685
2018-07-16,151.73233484060685,152.3605201370764,145.54707358659917,146.36854553222656,136467
2018-07-17,148.7846570283196,150.7658782495538,146.27190123892217,148.5430450439453,90550
2018-07-18,149.60616249526385,150.08938652480487,143.85579949309118,144.9672088623047,104581
2018-07-19,145.45156815477344,145.50000653363685,137.70190053880003,140.0268096923828,160280
2018-07-20,139.49398352113394,144.192224295309,138.57371366944488,141.72201538085938,108582
2018-07-23,142.787612794199,143.27196699605358,138.3800013823762,140.0752410888672,95140
2018-07-24,140.7533243842351,158.8681673378347,139.9783547580312,153.2012176513672,504690
2018-07-25,153.05591598676855,157.85101925920475,149.52013649833484,155.71986389160156,173878
2018-07-26,155.47769863030373,156.39796865658727,151.45756467170438,155.42926025390625,163552
2018-07-27,155.9620415795232,156.3495190001136,151.16693828846567,152.4746856689453,151406
2018-07-30,153.39496201356943,154.5089706227749,152.18407666386116,153.055908203125,292467
2018-07-31,153.5887154908919,164.535123061733,153.1527996793181,159.0134735107422,772300
2018-08-01,157.4151076434737,159.35252435293182,154.0730667759217,154.75115966796875,192875
2018-08-02,154.6542719533915,154.6542719533915,148.212367763767,149.1810760498047,270672
2018-08-03,150.1498163499354,151.65131746969845,148.26083774566766,149.27798461914062,258952
2018-08-06,149.42326228325217,153.78244983770685,149.42326228325217,151.31224060058594,202900
2018-08-07,151.60284852135618,154.75115048745462,149.85917063002316,151.99032592773438,280796
2018-08-08,152.0872178767925,156.78545950079985,152.0387795008231,153.9761962890625,392021
2018-08-09,154.99336131004517,158.3838410887024,150.14981876910625,152.18411254882812,652528
2018-08-10,151.31222184336744,153.97616946307923,149.71385918406614,151.65127563476562,283865
2018-08-13,150.14982126836088,151.07009141019347,147.53431120898227,149.0358123779297,568782
2018-08-14,150.14981696351586,151.65131808941476,147.43743021694348,150.0045166015625,591394
2018-08-16,149.08419072349892,150.63412980443044,147.24365099854293,147.7764434814453,134959
2018-08-17,149.5685645928072,150.63414969934848,147.53428590938725,148.1639404296875,446183
2018-08-20,149.27795431289488,152.95903401231615,148.2123692748631,150.63414001464844,157453
2018-08-21,151.50601284476292,155.86520136399443,150.14982677352984,153.5887451171875,282030
2018-08-23,154.0246387101802,157.2213794509946,151.36069055638777,153.6371612548828,170165
2018-08-24,151.6028846512577,153.5887400901738,148.69675906688857,149.76234436035156,138339
2018-08-27,150.4404194382072,151.69974333089388,148.84204168857192,149.56857299804688,90676
2018-08-28,149.76231869208573,153.2980983011981,149.18108776230338,149.5201416015625,110388
2018-08-29,150.1498135623827,151.0216452769918,148.84205120915075,149.71389770507812,104505
2018-08-30,149.71388186414248,150.63415186137306,147.4374112771835,148.35768127441406,100318
2018-08-31,148.45456564096975,149.18109695732034,147.34055686842584,147.67959594726562,144239
2018-09-03,150.10137112221494,150.10137112221494,147.0499454223045,147.34056091308594,111333
2018-09-04,147.63116162254948,149.5685785193353,145.93592183786194,147.34056091308594,222728
2018-09-05,145.54844406537268,147.5827377152528,142.4001416147074,143.99850463867188,206315
2018-09-06,144.1922332037334,146.1296497612236,142.64229404521512,144.4828338623047,64216
2018-09-07,144.62814033699286,144.82187902491046,142.88446258310563,143.70787048339844,222617
2018-09-10,143.95005452354928,146.08120975668228,141.91576124841794,143.65943908691406,107628
2018-09-11,143.65946060607584,144.77346936851373,140.89863571646217,141.52830505371094,183184
2018-09-12,142.40012776665117,142.54542810694772,139.4940027101889,140.1236572265625,101477
2018-09-14,140.46270243326825,147.1952221108756,139.3486938092547,145.30624389648438,443200
2018-09-17,143.5625831830058,147.00150098943396,141.72204311938825,145.5,141421
2018-09-18,144.19224224567083,149.1326459082821,143.80475004108493,147.24366760253906,119898
2018-09-19,148.21236862306108,148.21236862306108,142.4001188731371,143.3203887939453,81179
2018-09-21,142.40015610642902,148.50302289582555,133.68177920195376,146.61404418945312,478928
2018-09-24,146.27494743845307,146.27494743845307,139.49398961018042,140.94705200195312,121562
2018-09-25,139.5424073179002,144.33750954449155,138.52526083800197,143.07818603515625,98975
2018-09-26,142.69072793182238,148.06706166618687,139.4939877561477,142.1094970703125,91716
2018-09-27,141.1892443564551,142.88448399709864,138.52529634972953,138.96121215820312,153913
2018-09-28,140.17208385298366,140.17208385298366,126.99766023659133,129.8553466796875,409658
2018-10-01,130.38816556702446,133.43959132546053,116.77780864979734,130.82408142089844,259106
2018-10-03,128.9835169498254,135.8129140944447,127.77263145543607,129.32257080078125,141780
2018-10-04,128.0148020458427,129.75848002537546,118.66677241695218,122.1056900024414,205987
2018-10-05,122.15411702200537,123.89779494496358,116.53561323038271,119.7807846069336,132088
2018-10-08,119.73234310838932,120.89479749022591,107.57505850912023,112.9029541015625,219695
2018-10-09,114.3075970575119,119.15113930571155,110.86867910502656,114.54977416992188,617789
2018-10-10,113.4841847068223,117.2137103770514,112.95139215793607,115.51847076416016,176174
2018-10-11,111.69209252261135,117.11685862098899,109.41562164494152,115.71222686767578,123991
2018-10-12,115.95438587893612,120.11983471649728,115.76064716630181,116.77779388427734,188019
2018-10-15,116.72933877136613,118.66675518250914,115.42158417197602,116.0028076171875,170030
2018-10-16,117.31057024689638,121.08853398537148,116.29343099581382,118.66676330566406,128116
2018-10-17,120.11984433772929,140.07524374507258,117.2137190714939,117.60120391845703,105840
2018-10-19,116.24500547491209,119.1511306117849,114.64663517150036,115.80908966064453,79228
2018-10-22,116.24499931043289,116.63248411959927,110.91710350870471,111.3045883178711,74587
2018-10-23,112.3701779612886,113.24201702705105,110.14214561441332,111.01398468017578,45623
2018-10-24,112.6123533366353,113.24201528503639,109.60935872579009,110.8686752319336,337032
2018-10-25,110.43274410346662,110.9170982442713,105.92824911585157,106.89695739746094,48185
2018-10-26,107.72037867379889,108.10786353908921,102.19874336305392,106.02513885498047,111661
2018-10-29,106.55792363442042,113.09670531198712,104.62050684106732,112.6607894897461,127427
2018-10-30,113.33886808509213,115.27628463355525,112.32172144088595,114.74349212646484,99696
2018-10-31,114.88882087868868,119.15113954375141,113.43575820132585,116.58406066894531,77716
2018-11-01,119.1511300048828,122.20256286118831,118.32772936509456,121.08854675292969,320934
2018-11-02,122.2509914195557,132.61616785965742,122.2509914195557,130.19439697265625,855271
2018-11-05,131.1630933880837,133.68174079382678,129.7100309881508,131.1146697998047,106619
2018-11-06,131.35689558382117,136.97539378895274,127.53048468648147,134.11770629882812,194065
2018-11-07,135.61915025061603,136.5394200996252,133.87547250541667,135.13479614257812,25744
2018-11-09,137.1691239401191,137.1691239401191,132.51932037275068,133.43959045410156,39693
2018-11-12,134.94106596897942,134.94106596897942,129.27411663488556,129.95220947265625,31363
2018-11-13,129.75847247441928,129.75847247441928,126.94922434626625,127.43357849121094,36766
2018-11-14,128.83821729285057,129.71004894095202,126.17426919093073,126.70706176757812,34156
2018-11-15,127.28830552092387,129.3225995157218,124.04314054419048,128.4991912841797,60072
2018-11-16,128.83821314370715,129.71004476373187,124.86650291622409,126.36800384521484,40758
2018-11-19,124.96336434686319,125.83519586001303,123.02594784536143,124.38213348388672,225107
2018-11-20,123.17127071275821,131.55059959065017,123.02596297913938,127.04609680175781,121147
2018-11-21,130.48503581700325,140.26899786620496,128.45075677618922,136.2972869873047,852472
2018-11-22,135.90979800697647,139.20340081271323,131.74434873055563,132.61618041992188,180734
2018-11-26,133.6817572360864,133.77863398719006,128.4991614596969,129.22569274902344,55005
2018-11-27,128.83821992578837,133.6817620282616,127.91794988258194,132.95523071289062,97079
2018-11-28,133.68172878689236,135.0863526910716,130.000634748092,130.77560424804688,107604
2018-11-29,130.77564058100594,136.53945289479412,130.77564058100594,135.95823669433594,133425
2018-11-30,138.23468150418336,139.39712859243673,132.95522384159992,134.35984802246094,171940
2018-12-03,135.03792960814647,137.55657707270817,132.71303562648603,134.0207977294922,73036
2018-12-04,134.6020038644603,134.65044223159785,131.74431757911734,132.519287109375,62046
2018-12-05,132.51933509030195,132.51933509030195,126.31959138482998,127.9664077758789,87826
2018-12-06,126.12581187970217,130.77561446125418,126.12581187970217,129.0319366455078,49284
2018-12-07,128.83822081827682,131.5021689930908,128.78978244065306,129.71005249023438,75494
2018-12-10,129.27412887738816,131.1631072405375,123.89780186422404,129.66162109375,63059
2018-12-11,125.06023064617207,134.65043561562263,125.06023064617207,131.3083953857422,79695
2018-12-12,133.1974009214032,136.87849568494894,132.5193080184303,136.345703125,71810
2018-12-13,137.2659809127639,137.5565963966259,133.34270883392057,133.6817626953125,35741
2018-12-14,133.00366283291848,134.65046411402085,131.11468445808586,131.7443389892578,31069
2018-12-17,133.5848753979365,133.5848753979365,131.74433544759225,132.08338928222656,26955
2018-12-18,132.713017955143,132.713017955143,131.30839407903372,131.8411865234375,48461
2018-12-19,132.27710218025686,136.15193481955367,132.27710218025686,133.8270263671875,85081
2018-12-20,133.4880442239322,141.91580584697678,132.1318433538723,136.15199279785156,240637
2018-12-21,136.39416994093514,138.2831487007231,131.7443658374665,136.15199279785156,247451
2018-12-24,134.2145483564987,138.04094348273935,133.4880170750106,137.07223510742188,212808
2018-12-26,137.36284713408955,138.08937839737143,135.03793822279772,136.7816162109375,128052
2018-12-27,137.41130942302354,143.27198414177167,136.6363396510502,139.54246520996094,486812
2018-12-28,142.40012765714795,142.40012765714795,139.49400260292043,140.75332641601562,53835
2018-12-31,141.52826191554672,149.18105013323287,139.63926926088735,143.07818603515625,104464
2019-01-01,143.2719891988861,146.6140455346542,141.43144885913748,143.36886596679688,72915
2019-01-02,144.33753430173886,146.2749508695474,143.36882601783455,145.20936584472656,89556
2019-01-03,144.3375334728219,146.0812113300989,142.642293985725,145.1125030517578,63484
2019-01-04,144.33754171091903,145.59686550090169,142.64230212706596,145.16094970703125,122581
2019-01-07,145.49999724069107,146.75932110411853,140.94707076336135,142.5938720703125,73076
2019-01-08,142.30326263161618,146.2749731120873,141.52830771170557,145.79061889648438,60838
2019-01-09,146.22650547860655,151.1669234018501,144.4828276950315,145.25779724121094,453365
2019-01-10,146.420287276436,147.00151830251556,145.35471677038214,146.32342529296875,47922
2019-01-11,146.2749758813514,147.1468075734151,143.46572729019698,145.35470581054688,47265
2019-01-14,141.57673398852918,147.24368433089677,141.57673398852918,145.35470581054688,74067
2019-01-15,146.6624622168983,148.21240174241842,145.30627621805726,147.48587036132812,49864
2019-01-16,145.79060576988795,148.01863791731893,145.30625159789497,145.98434448242188,18434
2019-01-17,145.79062872909122,151.11852546005468,145.79062872909122,150.0045166015625,148928
2019-01-18,151.1185044782134,151.1185044782134,144.3375459439346,145.54843139648438,72688
2019-01-21,145.30627164133963,146.75933435775303,144.82191740253518,145.7421875,34158
2019-01-22,143.8531814971624,146.66242963407575,138.76746295938395,139.34869384765625,290528
2019-01-23,139.3486975581863,141.4314145308749,138.33155086728328,140.36582946777344,31046
2019-01-24,140.46272344560995,144.04694170830336,138.04095235172014,142.54544067382812,133588
2019-01-25,142.400108199643,143.32037805147306,137.26595168244063,141.09234619140625,48663
2019-01-28,140.22053174090894,143.1750951241827,130.77562545784252,140.55958557128906,113489
2019-01-29,139.92989251474492,140.41424660083356,133.19737367437557,135.28009033203125,92121
2019-01-30,133.68174687775337,137.99249590414243,133.68174687775337,134.3114013671875,45935
2019-01-31,134.6504471102033,136.92691741631901,134.6504471102033,136.24880981445312,18642
2019-02-01,136.49100344289616,142.4970071629362,134.3114096100381,140.31741333007812,52186
2019-02-04,140.94708653386337,142.5938880250743,134.16612704426169,135.90980529785156,50415
2019-02-05,134.16612096790212,139.88149493776208,134.16612096790212,134.69891357421875,41486
2019-02-06,135.52229509768648,137.55658858792185,133.68175510657193,136.345703125,38756
2019-02-07,137.12062644723474,139.15490446881185,134.65041798124452,137.60498046875,37898
2019-02-08,133.6817190022486,135.6191352196725,129.80688656740082,131.25994873046875,338609
2019-02-11,130.29126432005444,131.30841097547037,126.9007853228783,127.38513946533203,33335
2019-02-12,126.1258226463951,132.71304230080025,125.4477297660849,127.33670806884766,67119
2019-02-14,121.66978306571295,124.43060074323364,121.62135207632505,122.20257568359375,29276
2019-02-15,122.97751229875972,125.35084461130177,121.96037304652353,122.63846588134766,44650
2019-02-18,123.51033105890316,123.51033105890316,119.19958128409138,122.25100708007812,27663
2019-02-19,122.29942875134512,127.67576303093485,122.29942875134512,124.09154510498047,39722
2019-02-20,123.99466176941931,127.38514080217686,121.91193745687954,122.88064575195312,61257
2019-02-21,124.82189963677686,125.06455495114811,120.40556995311897,121.5703125,50451
2019-02-22,120.64822786337014,123.60861831924403,120.64822786337014,122.68653106689453,22812
2019-02-25,123.46301123189676,124.23951113861386,121.61883691263449,122.54092407226562,24336
2019-02-26,122.54093361002766,124.2395208085825,120.35703578331429,122.20121765136719,159411
2019-02-27,121.37621224751571,135.40168888696746,121.37621224751571,133.6060333251953,900363
2019-02-28,133.6545437470696,145.59318813635142,131.6647672137718,142.7298583984375,445980
2019-03-01,141.0312840418661,150.30072082579636,140.74009467698485,145.05935668945312,411920
2019-03-05,145.59320228477486,147.7771003190465,144.08873623239757,147.24325561523438,116657
2019-03-06,148.8447888118965,149.33009948319645,143.94314806966577,145.05935668945312,59062
2019-03-07,145.4961378522155,146.27263791252324,140.01213302033574,141.1283416748047,73941
2019-03-08,141.6136280608954,142.58424926709893,138.5076431631449,140.83714294433594,63554
2019-03-11,142.68131349914063,146.02995360895846,139.76944995834185,141.51657104492188,197210
2019-03-12,142.58425343673616,144.1372533362784,140.93420030003796,141.61363220214844,67414
2019-03-13,142.09895086836985,144.3313827964745,140.49743166478694,140.9827423095703,64532
2019-03-14,141.95337272974146,143.06958136033683,138.94444061434436,140.5459747314453,47816
2019-03-15,141.51657570066843,142.19600758710664,136.46934835933615,139.04148864746094,218554
2019-03-18,138.79885857289833,140.74010135014166,135.25609642863205,136.08111572265625,45418
2019-03-19,135.88696262265793,136.0810838928753,133.26628844846454,133.89718627929688,41719
2019-03-20,133.89722350026895,135.25610239054106,128.60733966121123,128.89852905273438,110968
2019-03-22,130.5970891645379,134.43104005230416,129.09262329932454,130.20883178710938,136995
2019-03-25,129.77204937595297,130.06323869333733,124.38509884110574,126.52047729492188,197273
2019-03-26,127.49111972361533,133.75162444332761,127.49111972361533,131.66477966308594,124871
2019-03-27,133.9457290617373,137.77967993872235,131.4706419756695,134.72222900390625,339500
2019-03-28,135.78992451565804,135.78992451565804,132.44128373210165,133.70309448242188,87369
2019-04-01,132.97512189966412,136.7605391536273,132.97512189966412,134.5281219482422,68499
2019-04-02,135.8384698092702,135.8384698092702,132.48982874806896,133.65457153320312,55245
2019-04-03,134.57662599341677,135.40165995317554,130.1117772755287,131.27651977539062,51798
2019-04-04,131.61626101094126,132.5383483315273,128.89851826828783,129.67501831054688,91536
2019-04-05,129.96619070264248,131.61625881890134,129.52941406442946,130.0147247314453,32090
2019-04-08,128.70439766851555,130.98534896772546,128.60732960875916,129.14117431640625,75235
2019-04-09,128.12201063444084,129.86913192337522,128.12201063444084,129.04409790039062,168338
2019-04-10,126.90872118085865,130.79120595885814,125.84103194270716,126.81165313720703,61576
2019-04-11,127.53962633309106,129.7720581703197,125.69545188218757,126.08369445800781,75056
2019-04-12,127.83080991541716,129.57793104896473,125.69544622352758,128.36465454101562,41773
2019-04-15,128.3646768127346,132.9751283428706,128.3646768127346,130.9853515625,44967
2019-04-16,132.4897807073569,137.34288622777294,131.4220915686643,133.8001251220703,139457
2019-04-18,134.9163647052524,134.9163647052524,129.52941336822923,130.54856872558594,46513
2019-04-22,129.09261913095838,135.59577818522916,127.78227459151769,133.41188049316406,60576
2019-04-23,132.8780388613877,134.91634934402438,130.1117772755287,131.27651977539062,231324
2019-04-24,131.3250564630126,132.295677701009,127.7337608445269,128.41319274902344,42994
2019-04-25,128.41321935259407,129.96620476881992,126.42344244037528,127.00582122802734,40791
2019-04-26,128.12200160719672,128.5102441727137,126.32634641804556,126.76313781738281,35230
2019-04-30,125.501349620763,126.81167962068602,122.9292014371179,123.31745147705078,47951
2019-05-02,126.0837087106661,126.0837087106661,121.03648060193356,121.81298065185547,43749
2019-05-03,119.96878833946067,122.44387555756742,117.05692450886573,117.97901916503906,769896
2019-05-06,118.3187372330758,119.14376385201885,114.04800205794065,115.01862335205078,49144
2019-05-07,115.01863939753927,116.42603750823463,110.11699821638649,111.03909301757812,53972
2019-05-08,111.62144078248802,114.82449378443424,111.57290675917734,112.93177795410156,54934
2019-05-09,114.63038244195444,114.63038244195444,109.04930955831956,109.87433624267578,59315
2019-05-10,106.96247358411084,111.76705387938408,106.96247358411084,110.79643249511719,46624
2019-05-13,109.77727226324008,114.43625766541734,104.63298359547473,105.2153549194336,69142
2019-05-14,106.71981547859427,122.29829125536739,104.8271067903149,120.45410919189453,329977
2019-05-15,121.57032245781062,122.20122780790378,111.62145375367841,113.90241241455078,152803
2019-05-16,111.71851926290205,119.43496367055823,111.71851926290205,114.7759780883789,60956
2019-05-17,115.11568949565488,118.41580353421645,115.01862884266107,115.98925018310547,52244
2019-05-20,121.18207389947275,128.12201802346087,118.56139922018507,119.53202056884766,152199
2019-05-21,120.8423475359307,121.52177945957386,117.49370713257822,118.4157943725586,33079
2019-05-22,116.62014491557878,118.31873210667678,115.64952366352279,116.13483428955078,30294
2019-05-23,119.046709303633,121.32766798061797,114.53331857370337,114.7274398803711,34600
2019-05-24,116.08629836432713,117.59076424248438,115.16421115207098,116.47454833984375,51407
2019-05-27,118.36726004620196,121.2305972148516,116.47455154568559,119.67760467529297,80989
2019-05-28,118.56138676202836,121.91002710094558,117.25104956007172,118.02754211425781,78999
2019-05-29,118.41580768163742,124.82191467714185,117.54224696359105,118.75552368164062,226303
2019-05-30,119.28936007591874,120.25998138263044,115.50393549869253,117.2995834350586,51084
2019-05-31,119.24082683505223,119.62907684134858,112.73766699928699,115.40687561035156,42689
2019-06-03,116.86280981873757,117.00840449954444,111.81557445070223,112.44647979736328,57773
2019-06-04,114.04799930119918,116.47455247782044,112.44647272357862,114.53330993652344,36014
2019-06-06,114.53330445507467,116.23189159741688,112.59206200668358,112.93177795410156,33892
2019-06-07,113.12591236699389,115.4068708782342,112.68912835085044,113.27149963378906,50670
2019-06-10,113.07737701940937,116.18336209560972,112.64060041362426,114.33918762207031,53770
2019-06-11,114.7274293175937,115.40686863888213,112.68912616423339,114.8730239868164,37264
2019-06-12,115.06715151257384,116.32895468743686,113.65974626471396,115.30980682373047,48156
2019-06-13,115.30980439653202,116.32895223878599,112.15528541789648,112.93177795410156,92147
2019-06-14,113.9509519939846,113.9509519939846,109.82581111085028,110.79643249511719,64129
2019-06-17,111.62144640809088,111.62144640809088,105.79771876940788,106.57421875,62942
2019-06-18,105.89478200283078,108.41839589353175,104.09913408475046,105.7006607055664,139535
2019-06-19,105.99185269335585,106.76835276648625,102.01230648038297,102.74027252197266,50635
2019-06-20,101.91522721178592,106.5256779666048,101.91522721178592,104.77855682373047,111752
2019-06-21,104.77856552580762,108.22427407505164,103.37116761428699,105.60359954833984,56837
2019-06-24,106.57421600900994,106.57421600900994,103.03144697221066,103.46822357177734,48419
2019-06-25,103.61383623579954,103.61383623579954,101.96378278946207,102.59468078613281,28144
2019-06-26,103.61383623579954,103.61383623579954,102.25496477132847,102.59468078613281,30612
2019-06-27,102.49760232362699,104.34178417616315,101.96376508029576,103.46822357177734,45952
2019-06-28,103.22558191561929,109.68021555076358,103.17705528994357,107.253662109375,121626
2019-07-01,108.22427122377034,109.09783184474368,104.39032018287682,105.1182861328125,84039
2019-07-02,104.827102850565,104.92416350178344,103.4197048947651,104.19619750976562,25514
2019-07-03,103.4197048947651,105.7491901450197,103.4197048947651,104.19619750976562,52106
2019-07-04,104.24472633167005,105.11828695951347,103.12851038527303,103.95353698730469,25356
2019-07-05,103.17704456878494,104.63297648233176,102.40054458612558,103.3226318359375,471400
2019-07-08,102.69172999892922,103.22556723697113,99.00336633040155,99.2945556640625,34810
2019-07-09,99.00336674123731,99.10042738444295,96.09150301355386,97.40184020996094,677379
2019-07-10,97.54744057759751,106.7683429207535,97.06212992795773,99.73133850097656,167251
2019-07-11,99.48867181648282,100.2651717293464,97.15917948314404,98.42098999023438,41867
2019-07-12,98.08129177027462,102.30349322158966,96.09151501246072,99.53722381591797,73539
2019-07-15,99.05189371032826,103.85646555669126,98.17833317319356,102.10934448242188,57981
2019-07-16,103.66236875913538,105.84626691497176,101.91524727236482,102.30349731445312,157039
2019-07-17,103.7108735399126,104.3417787997522,102.20641512595112,103.8564682006836,30575
2019-07-18,104.77855882097428,104.77855882097428,98.4695208256988,99.8283920288086,572215
2019-07-19,99.82840332733407,101.9152406891628,94.44145933405878,96.43122863769531,77028
2019-07-22,97.0621232374689,98.8577710363116,93.08257766578313,94.5870361328125,40324
2019-07-23,94.58704322804869,97.06213051836824,94.15026660281718,96.4797592163086,28780
2019-07-24,97.0621261063412,97.83862607729294,93.22817508724174,93.71348571777344,40389
2019-07-25,93.17964084675934,95.07234933935814,92.25755361298097,92.3546142578125,34061
2019-07-26,92.20903043024845,95.1208945490984,91.82078040001777,92.93699645996094,40812
2019-07-29,93.76202058596529,93.85908123955959,91.6266565858778,91.8207778930664,35245
2019-07-30,91.8207861497655,92.54875222506266,83.47344330074206,84.3955307006836,88408
2019-07-31,84.83231381747771,85.80293524009129,79.63949068754582,81.4836654663086,63358
2019-08-01,81.0468887757615,84.44406375438624,79.59095664206518,82.84253692626953,43597
2019-08-02,82.93958861399881,84.63817591953625,80.12479271759626,81.92044067382812,42093
2019-08-05,81.53218396326685,81.72630524869749,77.94088834603342,78.76591491699219,36171
2019-08-06,77.64970104482248,80.65862547925883,76.48495849125116,77.79529571533203,50549
2019-08-07,79.49388159903332,81.24099540023313,79.49388159903332,80.22184753417969,20931
2019-08-08,80.46452312545236,80.51304975687421,77.55265865098669,79.73655700683594,24697
2019-08-09,80.12478946888953,83.91020652926007,80.12478946888953,82.69692993164062,59492
2019-08-13,85.36614125840859,86.33676256847693,82.98812201084235,85.1720199584961,45229
2019-08-14,86.8705945757901,87.3559051600124,85.41466282312322,85.65731811523438,43811
2019-08-16,87.21031780443458,87.21031780443458,80.22184776870037,82.93958282470703,32901
2019-08-19,79.83360723097377,82.5998766387775,77.50411447509833,77.89236450195312,98312
2019-08-20,78.47472413638907,78.47472413638907,73.37896273265923,75.22314453125,108091
2019-08-21,75.22313985604819,75.32020049094113,71.48624987328196,72.45687103271484,56429
2019-08-22,71.24359442018618,72.50539748140675,66.29342799947096,67.21551513671875,72061
2019-08-23,67.16699013978327,67.36111884045481,63.624228364247344,64.78897094726562,173994
2019-08-26,68.81705924255421,77.74677322552795,66.97287708806402,75.75700378417969,218398
2019-08-27,79.39682129689217,90.898681640625,78.62032133396193,90.898681640625,733915
2019-08-28,92.20902327652816,93.47083392557124,86.09410613924673,88.3265380859375,428372
2019-08-29,88.3265396995474,102.49760942303958,84.49258846589899,96.67388153076172,827593
2019-08-30,94.15026947713318,100.11959216730101,94.10173544829115,96.33416748046875,1252948
2019-09-03,96.91653844669302,96.91653844669302,88.81185181160284,89.5398178100586,128410
2019-09-04,89.29716276229287,90.0736627918923,83.47343475605638,84.20140075683594,78818
2019-09-05,82.55133990606512,92.59726831766636,82.55133990606512,92.16048431396484,214784
2019-09-06,92.74286769957418,95.50913690928027,92.59727302427326,94.29586029052734,174317
2019-09-09,94.39292319127826,97.25625311775569,90.55897194663858,94.68411254882812,696400
2019-09-11,94.78117624020348,98.42100630007879,94.15027088210779,95.89739227294922,164905
2019-09-12,94.24733366825532,96.62536047099334,94.10173898151571,94.92677307128906,48490
2019-09-13,95.60619873819472,96.57682004518146,94.19880080516509,95.8488540649414,34154
2019-09-16,96.09150905998386,97.98421763997331,94.15026645271146,95.12088775634766,32935
2019-09-17,94.1987930055815,96.04296741195787,89.63686879731567,90.51042938232422,41151
2019-09-18,90.26778060946303,95.07235306689783,90.26778060946303,91.67517852783203,36484
2019-09-19,91.72394552955389,92.65044702350764,87.62781603882945,88.2617416381836,36932
2019-09-20,88.89567341458519,97.08792552458151,84.99460168989206,86.993896484375,213782
2019-09-23,87.77411725578025,92.55293179451355,86.99389990389167,89.57836151123047,178992
2019-09-24,89.7734076177087,91.04125134485506,85.82356989077257,86.94512939453125,126991
2019-09-25,86.9451310289403,87.77410722010059,83.97056108575558,85.92109680175781,132190
2019-09-26,85.92109913734255,88.5543268899463,85.28717352426924,87.8228759765625,131041
2019-09-27,88.4567906910316,91.6751775603904,86.79883832845474,89.87093353271484,125964
2019-09-30,90.79744306163717,94.60098948795337,86.21368675345086,92.79674530029297,113223
2019-10-01,92.79673753982063,94.40593098261468,87.28647269180618,89.33453369140625,56699
2019-10-03,86.8963691010741,90.6999154298202,86.8963691010741,89.72464752197266,52958
2019-10-04,91.67516450098486,91.67516450098486,85.67726661198213,86.06737518310547,43425
2019-10-07,86.01863734686734,89.4320754549288,85.77482033914866,86.50627136230469,51476
2019-10-09,86.5550190398208,88.55432104744433,84.26314115056896,85.09211730957031,44624
2019-10-10,84.84829660066035,85.67727272298605,80.36206631451309,80.80093383789062,48622
2019-10-11,82.89778196775877,83.38541597933383,79.53311026417272,81.1910629272461,30754
2019-10-14,81.33734869338413,82.800250621536,78.80165350606171,79.58186340332031,46680
2019-10-15,81.82498650824485,81.82498650824485,78.21649045175567,78.7041244506836,42199
2019-10-16,78.99670782632208,80.06950113582262,78.16773151628549,78.7041244506836,23747
2019-10-17,79.53310250855138,80.75218741861069,78.50906820782002,79.4355697631836,44619
2019-10-18,79.97196732009444,87.5790598707263,79.48433337302069,82.1175537109375,169340
2019-10-22,80.99600615725623,84.31191123196957,80.99600615725623,82.45890808105469,80893
2019-10-23,83.82427750681991,83.82427750681991,79.0942294272697,79.58186340332031,67291
2019-10-24,80.11826714447545,83.67799680846076,80.06950076852463,80.99600982666016,115341
2019-10-25,81.92251072159733,81.92251072159733,80.06950006237274,80.9472427368164,43328
2019-10-27,83.82427399154565,83.82427399154565,81.53239588836128,82.215087890625,15701
2019-10-29,83.82427759571038,90.40733627937468,82.45890841388395,87.14019012451172,257494
2019-10-30,87.67658791894337,98.89216905302824,87.6278215464267,97.38050079345703,938761
2019-10-31,98.11194849550895,99.86743367825726,95.7713040654124,97.13668060302734,489120
2019-11-01,99.86742989268917,101.91549090112618,97.03915162356033,97.42926025390625,845780
2019-11-04,97.52677751236124,98.89215388567483,93.43065583312313,93.96704864501953,192479
2019-11-05,93.62569994258075,100.64762446199346,93.18683245038075,99.18472290039062,1067883
2019-11-06,99.4773241746465,100.11124978742954,94.64975112480533,95.91759490966797,332322
2019-11-07,95.23490958868376,96.74657033220686,92.699214598981,95.2836685180664,197138
2019-11-08,93.86953907235855,95.86884132238904,92.16282018013385,92.84550476074219,120525
2019-11-11,92.84550974087281,93.91831048323529,89.72465514683,90.309814453125,94853
2019-11-13,91.18755061248612,99.67237854881029,83.531698920862,89.23701477050781,292648
2019-11-14,90.65115425655867,91.38260522938955,88.40804240429975,89.52960205078125,332606
2019-11-15,91.09001290573352,95.08860934920037,91.09001290573352,94.0645751953125,363548
2019-11-18,94.89356183398426,95.5762463314995,92.65044287237197,93.13807678222656,151057
2019-11-19,93.96705363914832,95.42995537958353,89.77340644765584,90.89495849609375,149415
2019-11-20,91.7239441754516,93.23560487699156,89.82216740546475,91.62641143798828,72347
2019-11-21,92.89426978110589,92.89426978110589,90.69991695163094,90.99250030517578,51160
2019-11-22,90.99249954717132,91.67518411215053,89.77341465206294,90.35857391357422,59605
2019-11-25,91.96776418581452,91.96776418581452,89.38330281214613,90.11475372314453,76171
2019-11-26,90.69991264677591,91.04125491590806,88.74937689093127,88.94442749023438,87408
2019-11-27,90.40733852201595,93.77201750821975,89.38331161024414,90.21228790283203,291635
2019-11-28,90.9437356303707,90.9437356303707,88.7493827599328,89.38330841064453,83696
2019-11-29,89.9684566558819,89.9684566558819,88.26173796593291,88.5543212890625,79772
2019-12-02,88.55432848656018,88.8469043927667,84.11685655574385,85.62852478027344,114551
2019-12-03,85.8235743553098,92.1628156429179,85.72604905441038,87.87163543701172,789632
2019-12-04,88.164219152223,89.62712099399427,85.82357471724825,86.1649169921875,82943
2019-12-05,87.72534495666127,94.11335270182292,84.16562306091687,91.43136596679688,356084
2019-12-06,92.65044990028306,96.55152147503182,87.96916103430314,89.04196166992188,142133
2019-12-09,89.04196344625552,90.69991592231749,88.06669553311232,89.18824768066406,51716
2019-12-10,90.50487251569285,91.48014050641926,89.43207177333038,90.309814453125,116287
2019-12-11,90.35858338795968,90.50487507885258,85.82358561450678,88.16423034667969,248422
2019-12-12,88.50554940942881,93.33312185548027,88.50554940942881,91.57764434814453,157405
2019-12-13,91.48013797833026,91.62642222033318,88.895676386187,89.52960205078125,101322
2019-12-16,90.16351586593466,90.99249954717132,87.7741124478037,90.35857391357422,146803
2019-12-17,91.38261159298105,91.38261159298105,88.26175686785797,88.84691619873047,92631
2019-12-18,89.67589507161924,89.72466145086358,87.87165065015044,88.4568099975586,56273
2019-12-19,89.18824483153927,91.3825975660127,87.82287574931854,90.69991302490234,209779
2019-12-20,91.38259882430489,91.43136519535716,90.5048636709923,90.79743957519531,81577
2019-12-23,91.62641489548123,91.62641489548123,88.74937760862585,88.99319458007812,77488
2019-12-24,90.30979282219727,90.30979282219727,87.77409814179697,88.11544036865234,63727
2019-12-26,88.26174982100571,97.42927007508521,88.26174982100571,94.11335754394531,762671
2019-12-27,94.11334689768039,105.71903572346244,92.6992115008877,101.37908935546875,1882531
2019-12-30,101.37909444718163,101.91549476432793,96.55152135567909,97.13668060302734,259406
2019-12-31,97.38049199722307,101.86672255748178,97.13667503807093,97.86812591552734,214654
2020-01-01,98.4532984939258,98.79464823563791,95.86884432864808,96.55152893066406,99675
2020-01-02,97.28297108444185,101.67167654689787,96.06388623375962,97.62431335449219,632337
2020-01-03,97.52678805457829,101.33033427684754,96.55152017403252,97.62431335449219,211341
2020-01-06,94.79603535485234,97.33173780598453,93.77200854100599,95.91759490966797,218808
2020-01-07,97.91688797455316,102.40311833738372,93.86952514260173,95.82006072998047,144896
2020-01-08,93.91830339477532,98.84340191180058,93.91830339477532,96.74657440185547,241872
2020-01-09,98.40453304553327,101.42786206113801,97.23420709579028,100.6964111328125,345417
2020-01-10,101.81796763246346,114.35015833737401,100.40382474937029,105.08511352539062,2461276
2020-01-13,107.08442495001185,110.98549678876341,106.74307521155787,108.10845184326172,576849
2020-01-14,108.10844076625,108.9374169589053,105.76779641468546,106.10914611816406,221776
2020-01-15,105.42645235603594,111.57064274414248,105.42645235603594,107.13317108154297,527764
2020-01-16,108.35225048696849,108.8398843842462,105.57273876062604,106.15789794921875,225134
2020-01-17,107.13316532006046,108.25472476750397,106.15789752936222,106.69429779052734,433757
2020-01-20,106.4992335948331,107.52326769199011,102.64692902115156,103.37837982177734,170101
2020-01-21,103.329622580926,105.67026683770555,101.08651105873545,101.76919555664062,140869
2020-01-22,103.71972287347378,104.30488203053284,101.18402823241637,101.72042846679688,233482
2020-01-23,102.59815689629058,106.64551925392878,100.5013373381484,104.64622497558594,385718
2020-01-24,104.35366183516788,106.88935680283504,103.91479427102094,104.45118713378906,192591
2020-01-27,104.45119272312921,106.30420325890219,102.64694855962803,103.13458251953125,112069
2020-01-28,104.25612889543793,104.54870476985806,100.3550577108805,101.57414245605469,109909
2020-01-29,102.7444608351408,104.3536541869113,100.55010829382725,101.57414245605469,148350
2020-01-30,102.11052602359628,102.15929238526388,98.74585540819064,99.18472290039062,158697
2020-01-31,98.89216383336026,103.28086926288184,94.79603430138475,100.45259094238281,236108
2020-02-03,92.74796906925704,98.20946742466457,92.74796906925704,94.35716247558594,111537
2020-02-04,94.89356489775382,103.08580889524643,94.89356489775382,102.01301574707031,290002
2020-02-05,102.40312668883685,104.54871303365493,97.72183792106581,100.45259094238281,243019
2020-02-06,99.96495621875424,103.32962737861635,98.69710501725945,99.81866455078125,179264
2020-02-07,101.42785113020877,113.13106472215594,99.62360718959081,107.91338348388672,1421268
2020-02-10,106.59677426184574,111.18052997762456,104.64623864820321,108.54730987548828,328842
2020-02-11,111.18053944306463,111.18053944306463,105.67027437726328,106.93812561035156,209511
2020-02-12,105.42645539416544,116.44698531559072,105.42645539416544,113.71623229980469,1451276
2020-02-13,114.98409071981874,118.98268775457771,112.69221256678526,114.25263977050781,1150725
2020-02-14,114.10632461376404,114.25261626166574,107.96213492751122,108.49853515625,222904
2020-02-17,109.57474122901594,113.19461808751403,108.7431487035974,109.86824798583984,207978
2020-02-18,110.40631998360107,110.94441314926695,104.82975201299988,109.18338775634766,171096
2020-02-19,110.89548796924414,112.26517349601964,108.59637697654188,110.1128158569336,144607
2020-02-20,110.55306888424207,113.78161281963312,108.59637739956521,112.9011001586914,279844
2020-02-24,111.7270755791516,118.28199622565168,111.0422365771254,114.41752624511719,947522
2020-02-25,115.24914622678426,117.15691768355583,112.11843497092467,112.95002746582031,239099
2020-02-26,112.95002500237243,114.90671669553912,108.84097543239697,109.77040100097656,147085
2020-02-27,108.59638073170858,109.77039267286351,102.9708925406516,107.5691146850586,285213
2020-02-28,105.90592376668819,105.90592376668819,101.25878161526308,104.63407135009766,215952
2020-03-02,106.63969093315517,108.93880204300525,94.89954147262432,96.7583999633789,168019
2020-03-03,99.5955967903327,101.55228822067963,96.46488602326636,98.42157745361328,104723
2020-03-04,97.88349965713432,103.2154812477663,97.49215984677004,101.20986938476562,339209
2020-03-05,100.81853042398627,104.68299307034827,98.81291869257174,99.44884490966797,122407
2020-03-06,97.44324199223635,99.3999336284828,93.67661208529917,97.10082244873047,308042
2020-03-09,96.905146428749,96.905146428749,91.76883140526448,92.74717712402344,180843
2020-03-11,90.00782019250933,93.92120367914016,86.8771163888793,88.88272094726562,167205
2020-03-12,81.3494577365518,86.2900997286444,72.9356850418251,82.96372985839844,224315
2020-03-13,72.39758520073791,80.7135240413632,66.38075737027188,77.8763198852539,266918
2020-03-16,73.86511619723574,76.80015392692721,68.77772045144526,71.9084243774414,356069
2020-03-17,69.95173255764708,75.6261418207254,69.95173255764708,71.9084243774414,174375
2020-03-18,72.49542369961756,73.37593642961012,60.1682678722803,61.733619689941406,284586
2020-03-19,61.58686661755307,67.40802466235529,55.57003867344542,56.35271453857422,233184
2020-03-20,56.35272159891373,61.97821044921875,54.98303959635637,61.97821044921875,166993
2020-03-23,55.86354143908998,63.152221834288966,55.814624897477096,59.189918518066406,98830
2020-03-24,58.89641751350173,61.63578498880793,54.98303433960917,56.792972564697266,58060
2020-03-25,56.744052486677624,59.58125660384862,55.47220378080858,58.74966049194336,40086
2020-03-26,58.70075089239164,62.46738091514948,57.82023813616848,58.798583984375,1019780
2020-03-27,61.14661823045462,63.103310013829166,57.37998804029598,57.771324157714844,77829
2020-03-30,58.60291745939707,58.60291745939707,55.472210016935165,56.303802490234375,36404
2020-03-31,56.74405305562867,60.65743602498237,56.2059636437611,56.4505500793457,75486
2020-04-01,58.21157753876678,58.21157753876678,54.78736709530991,55.47220993041992,56826
2020-04-03,55.765718425958156,56.54839442937745,51.60774819244373,52.2925910949707,133004
2020-04-07,55.76571061876085,56.15705043172973,52.29258377401102,52.83067321777344,182727
2020-04-08,52.781754275844996,55.27653520690626,52.68391746100182,54.9830322265625,901245
2020-04-09,56.7440557649937,65.45133478039028,56.7440557649937,64.13056945800781,737074
2020-04-13,63.59247741690007,63.59247741690007,58.70074838483083,60.95094299316406,182647
2020-04-15,62.61413241993397,66.82102242757279,60.65744078181104,61.733619689941406,401712
2020-04-16,62.124960998990645,66.77210375088364,61.635788077738745,65.5491714477539,340176
2020-04-17,67.50586084403788,76.11530695185051,63.59247760670235,74.69670104980469,1322204
2020-04-20,75.23479135515535,80.22435329922094,73.03351336828648,76.60447692871094,533460
2020-04-21,73.4248476967341,74.64777982050259,61.29335953611365,68.53311920166016,436529
2020-04-22,68.48420815942526,68.97338107484973,65.94051049205531,66.72318267822266,358980
2020-04-23,67.50586211535983,68.38637485318004,65.79375691678186,66.18509674072266,189688
2020-04-24,65.54917009073601,68.77771428983482,64.08165135736132,64.52190399169922,233209
2020-04-27,65.54916467343321,71.8105789111953,64.76648509464333,68.87554168701172,1253435
2020-04-28,69.65822509443333,70.1473980444341,66.03834825010246,66.38076782226562,328753
2020-04-29,66.52750665179221,69.26687755842245,66.13616688453286,67.4569320678711,985073
2020-04-30,68.38636769267731,68.97337363503196,66.9188491046979,67.26126861572266,1078033
2020-05-04,65.45133175406761,65.45133175406761,61.29336234285341,62.36954116821289,365931
2020-05-05,63.69030985564391,64.27731584067288,58.7985808734257,59.87476348876953,245540
2020-05-06,60.85310893610561,60.85310893610561,57.37998212507423,58.21157455444336,503319
2020-05-07,58.505078418060165,60.4617700289123,57.33106270513027,57.86915588378906,371136
2020-05-08,58.84750371340658,59.385593178481095,56.40163911571043,56.59730529785156,225298
2020-05-11,57.13539514793838,60.31501893867604,56.352715536851655,56.841888427734375,399779
2020-05-12,56.646221554634586,56.744054638760794,53.51551434538782,54.64060974121094,442290
2020-05-13,58.60291700691742,59.58126284187702,56.254885510177104,59.14100646972656,461133
2020-05-14,57.4289031062757,61.83145950524259,57.379986559372504,58.162662506103516,428168
2020-05-15,58.211566744259414,58.70073957404311,56.74404825490834,57.08646774291992,160374
2020-05-18,56.25488487409801,57.52673369874594,53.61335040315652,53.85793685913086,221922
2020-05-19,55.08086639563975,55.765709184677185,52.53716887303552,52.928504943847656,171781
2020-05-20,52.43933367799994,59.58126104328468,52.43933367799994,57.86915588378906,675138
2020-05-21,56.744052647546745,59.679089853454336,56.69513610720018,58.45615768432617,1082797
2020-05-22,57.086481457179296,58.602920579486856,56.01030246595465,56.6462287902832,210233
2020-05-26,56.89081443891809,57.966993414536276,55.570045261103026,55.863548278808594,175024
2020-05-27,56.54838342079485,56.54838342079485,54.34710549041024,54.73844528198242,301309
2020-05-28,55.52111622597864,56.450545349748324,54.78735698070139,55.667869567871094,815947
2020-05-29,56.010293254534446,59.336670241964,55.618953468215864,57.331058502197266,2036035
2020-06-01,58.602915544514055,60.41285380118603,57.771319366294506,58.40724563598633,2205155
2020-06-02,59.28775310908216,59.28775310908216,57.42889835586854,57.673484802246094,812617
2020-06-03,58.26049109756631,59.72800978381278,57.96698810673561,58.21157455444336,1599572
2020-06-04,58.70074862538962,59.189921530601204,56.988643457149095,57.28214645385742,787944
2020-06-05,58.0159094610074,62.90764255291743,57.9180763666484,61.489036560058594,4773423
2020-06-08,62.71196305658434,66.4296800093071,61.88037063573965,62.76088333129883,3436839
2020-06-09,63.34788926442464,64.86432820932463,61.09769471650846,61.63578414916992,1502423
2020-06-10,62.124955072351185,63.49464061402757,61.048776241100356,61.782535552978516,824934
2020-06-11,61.78254330732226,64.57082754958044,60.804197435358915,61.489036560058594,1021895
2020-06-12,58.55399111235117,62.6141274307778,57.8691520792513,61.53794860839844,1086643
2020-06-15,61.733614159107674,62.0760374043567,59.287749830583714,60.16826248168945,594261
2020-06-16,61.048776433676096,61.58686585099889,57.23322650703652,58.94533157348633,641657
2020-06-17,59.092088070903806,60.412853413834625,57.91807235935804,58.9942512512207,1101472
2020-06-18,58.9453357794346,67.99503463353867,58.26049295757026,66.77210235595703,5449882
2020-06-19,68.48419911132638,71.27248286802188,65.64699508387721,66.82101440429688,4076112
2020-06-22,67.40802883781004,70.83223922543564,66.03834318992253,68.43528747558594,2379807
2020-06-23,68.97337908306234,70.44089778695728,67.99503328046572,69.12013244628906,1630910
2020-06-24,69.65821583283594,72.6910936909456,68.53312416877328,69.85388946533203,3241706
2020-06-25,68.97338101215652,72.74001096466397,68.58204118733539,71.22357940673828,2288218
2020-06-26,71.46816471596514,73.0824293381135,70.58765199031117,71.8594970703125,1756982
2020-06-29,70.93007813880834,72.39759699685266,68.82663294944078,71.37033081054688,1023576
2020-06-30,71.95733975671094,72.54434576982364,68.48420902749892,71.71275329589844,1380606
2020-07-01,71.1257386631098,75.28370842937298,70.78331911637244,73.47377014160156,2782303
2020-07-02,73.37593585003403,74.94128765533085,71.90841713303335,72.4465103149414,1170345
2020-07-03,73.03352227023977,73.03352227023977,68.97338532896009,69.21797180175781,1708403
2020-07-06,69.80495888172797,70.93005784381158,69.02228685989331,70.04954528808594,1013052
2020-07-07,70.14738836538972,71.61490701290151,69.2668831482313,70.4408950805664,817355
2020-07-08,70.83222558002238,72.83782965646631,70.14737915591714,71.12572479248047,1633356
2020-07-09,71.61491195835336,74.64779001066536,71.12573904206901,72.88676452636719,1493122
2020-07-10,72.39758865147421,73.66944116751236,70.93006996259298,71.41924285888672,792239
2020-07-13,71.9084283788721,72.1530148699567,69.4625634680261,69.95173645019531,528272
2020-07-14,69.65821482438821,70.73440112707205,68.63095625935239,69.36471557617188,497017
2020-07-15,70.14738551974128,71.61490410772068,66.03833645907315,67.26126861572266,781489
2020-07-16,63.592482671938555,65.54917444645974,62.17388038899202,64.76649475097656,2010812
2020-07-17,65.54916369722416,69.26688044483049,65.54916369722416,68.38636779785156,5457672
2020-07-20,68.92446273166472,70.14739505454156,67.75045068737755,68.82662963867188,3014763
2020-07-21,69.41362838544838,70.04955461952908,68.63095625935239,69.36471557617188,1666900
2020-07-22,69.90280621313977,69.90280621313977,68.19070101932697,68.43528747558594,446008
2020-07-23,69.02228306678938,70.5387142243628,68.63094334528566,70.34304809570312,746662
2020-07-24,70.04955757494871,70.04955757494871,67.55478027101826,68.58203887939453,632240
2020-07-27,69.1690564495082,69.51148350717085,65.3535131733727,66.08727264404297,478983
2020-07-28,67.01668621061255,68.67987105790226,65.30458108844361,65.8426742553711,691310
2020-07-29,66.08727034453528,67.3591155709308,65.25567033536134,65.69593048095703,340943
2020-07-30,66.42968992609612,66.47860274392649,65.30459061737876,65.69593048095703,271690
2020-07-31,65.5491818388439,66.03835483764124,64.86434262620266,65.353515625,227445
2020-08-03,65.84267719384432,66.47859601053852,65.15783063590135,66.18509674072266,277954
2020-08-04,67.01670871424139,67.01670871424139,65.59810983662263,65.89160919189453,255388
2020-08-05,66.62534958797502,67.35910896111173,66.08726385951991,66.72318267822266,342995
2020-08-06,67.31019161821557,71.32140776191065,67.1145179867025,70.4408950805664,1423578
2020-08-07,70.6365767367615,70.6365767367615,68.77772534699471,69.31581115722656,411426
2020-08-10,69.85388652935264,73.5715958202917,69.80496625723828,71.76165771484375,1064826
2020-08-11,72.39759240049885,74.7456239171361,71.02790672711158,71.71275329589844,648631
2020-08-12,71.61490273688443,72.39758228783245,70.93006372794396,71.32140350341797,360753
2020-08-13,71.85949030895304,74.35427488620383,71.12573101731287,72.93567657470703,968078
2020-08-14,72.39757540481726,73.08241434864841,69.46253856408143,70.68547058105469,547191
2020-08-17,71.9084216407319,73.86511338605794,69.95172989540586,72.10408782958984,623191
2020-08-18,73.37593571636229,80.02869020698695,73.37593571636229,76.9468994140625,7064815
2020-08-19,77.28931793609223,78.46332990640907,74.99020680677987,75.33262634277344,2497693
2020-08-20,75.38154625097864,77.72957018017142,74.40320045908632,75.91963195800781,1305803
2020-08-21,77.04474926925155,79.2460278198016,76.50665597121976,77.38716888427734,1989594
2020-08-24,78.02307466107374,80.12651954602762,77.68065513658956,78.9035873413086,2910810
2020-08-25,79.29491536045573,81.9853658111732,76.01745156732488,78.07198333740234,2875852
2020-08-26,78.95250250551267,80.90919409141569,78.5611701596809,79.29492950439453,1204683
2020-08-27,80.86027886885903,81.2026983933432,78.51224754296135,78.9035873413086,929575
2020-08-28,79.58843413484209,79.73518750652578,77.28932285908633,77.77849578857422,551087
2020-08-31,78.26765553850453,78.46332169167668,70.58764333162584,71.95732879638672,1271162
2020-09-01,72.00624791940366,73.91402666902759,70.48981643882593,73.18026733398438,338459
2020-09-02,73.66944010208256,75.03911822054752,72.49542068944498,74.30535888671875,406120
2020-09-03,74.74561264959713,76.2131311932508,73.57159333616302,74.20751953125,393504
2020-09-04,72.78892652864809,75.72396382847917,71.56599432038513,72.69109344482422,434123
2020-09-07,73.08241655624157,73.22916989554825,70.97897939485698,71.663818359375,260243
2020-09-08,72.20191739398513,72.78892333536193,68.63095400968007,70.09847259521484,265822
2020-09-09,69.26689575300917,70.14740113039672,66.72319032975166,69.51148223876953,255728
2020-09-10,69.90281616630345,70.9300824145337,69.56039657162248,69.95173645019531,150892
2020-09-11,69.70713903858605,70.58765176138436,68.6798729512903,69.07121276855469,206693
2020-09-14,70.44089514910934,75.47937733663974,69.95172226612942,74.9412841796875,1371511
2020-09-15,75.82179346948416,76.7512189198875,72.54433679299517,72.93567657470703,614198
2020-09-16,73.08242170141071,73.86510125669221,71.51707005503312,72.98458862304688,685160
2020-09-17,73.03351669348187,73.71835577934725,70.24523260933536,70.73440551757812,349404
2020-09-18,71.32140169793034,71.76165426907782,70.2452229407591,70.88114166259766,273295
2020-09-21,70.88114306038786,71.32140310440255,67.45693310647182,67.94610595703125,322621
2020-09-22,68.38637236764154,71.41924283062542,64.96216209494033,70.29414367675781,654294
2020-09-23,70.7344099476791,72.15300848475555,67.9950385042781,68.72879791259766,243720
2020-09-24,67.60368617326698,69.07120471884087,66.57642766987644,67.40802001953125,200090
2020-09-25,67.60369405195289,69.36471949754953,66.72318132915456,69.07121276855469,182791
2020-09-28,69.51146993869618,70.83223523525493,69.4625496645257,69.85388946533203,166470
2020-09-29,71.32141190882578,71.32141190882578,68.63096089862046,69.02230072021484,142544
2020-09-30,69.4625412346904,72.39757818826887,68.19068890246575,71.61489868164062,895738
2020-10-01,71.66382728682623,72.78892640942244,70.00064247198719,70.4408950805664,239395
2020-10-05,70.68547685931301,72.05516233281497,70.44089043419429,70.78330993652344,169816
2020-10-06,71.41924145046514,72.39758722375917,69.85388970603185,70.39197540283203,245445
2020-10-07,70.53871810080189,71.6638170628855,69.46253940566376,70.04954528808594,148441
2020-10-08,70.44091052652946,70.93008351629702,69.0223118418785,69.31581115722656,182084
2020-10-09,68.53313172272046,69.90280998023425,68.53313172272046,68.72879791259766,130874
2020-10-12,69.46254310055055,71.9084072942319,65.35349424083994,67.50585174560547,1045452
2020-10-13,67.99503424473481,68.19070042235451,66.77210197414605,67.3591079711914,216751
2020-10-14,67.5058573554544,67.5058573554544,66.08725899090538,66.52751159667969,271097
2020-10-15,66.52751365550986,67.55477971968847,63.690309374422974,64.13056945800781,366712
2020-10-16,65.45133404802942,66.33184674116067,64.71757471445105,65.30458068847656,205567
2020-10-19,66.4296922375183,66.4296922375183,65.54917937987652,66.08727264404297,107222
2020-10-20,66.38075655695184,68.28853521670253,66.1850903958323,67.21234893798828,193759
2020-10-21,67.89719619842641,68.82662167053759,66.82101737172252,67.16343688964844,213607
2020-10-22,67.35910229092073,68.04394878321031,66.86992942393628,67.21234893798828,133989
2020-10-23,67.75045714579838,70.44090851259904,67.21236388676334,69.46256256103516,644295
2020-10-26,69.90279813987037,70.44089126716875,67.60368720940404,67.8971939086914,337171
2020-10-27,68.72879659415875,68.72879659415875,66.77210487617559,67.70153045654297,197710
2020-10-28,67.5058637107785,68.7777163025982,66.13617802670801,66.62535095214844,254666
2020-10-29,65.59808651635541,67.9950306544718,65.4024128848814,67.06560516357422,168639
2020-10-30,66.67426965460207,68.4352876660562,65.79375691678186,66.18509674072266,130581
2020-11-02,68.33746643915123,68.33746643915123,64.86434262620266,65.353515625,277117
2020-11-03,66.03833657877087,67.45693489738136,63.78813842078297,64.42406463623047,443522
2020-11-04,65.7937563239137,65.7937563239137,64.37515787212091,65.10891723632812,190794
2020-11-05,65.64701361249482,76.31098626253234,65.64701361249482,68.77772521972656,1103406
2020-11-06,69.21796994374378,70.83224211371434,64.66866017898549,67.1145248413086,1025549
2020-11-09,67.65262142809414,68.48421396193741,66.1361822761193,66.86994171142578,730137
2020-11-10,67.50583741585707,67.50583741585707,66.03831921116452,66.28290557861328,345591
2020-11-11,66.86993118534285,68.19069646815373,65.40241254573392,67.6526107788086,806746
2020-11-12,67.99503026878321,70.68548110675664,66.52751162988861,69.90280151367188,907727
2020-11-13,68.67986508516412,69.95171747955747,68.23961250628159,68.53311920166016,407146
2020-11-14,69.65821778598128,69.95172451086212,69.26688543838824,69.70713806152344,155571
2020-11-17,69.95173943122239,70.34307932647236,67.55479470212131,68.63097381591797,538630
2020-11-18,68.72879635048257,70.78332115424331,68.19070314427037,68.28854370117188,1746609
2020-11-19,68.28854389511798,72.29976042131675,67.99503715195293,68.82662963867188,3428663
2020-11-20,70.34306362088478,72.98459426171564,69.658217091057,72.0062484741211,2669751
2020-11-23,73.27810319892556,76.31097373931762,72.7889302903402,75.77288055419922,3415163
2020-11-24,76.31097176760196,76.80014466354812,74.54994635652135,75.91963195800781,1541826
2020-11-25,76.2620532403949,76.80014642394416,73.47376916242654,74.10969543457031,1379665
2020-11-26,74.89237080974523,79.05034028397516,74.59886409647822,78.36549377441406,2577935
2020-11-27,78.21873781947657,80.42001570329883,77.0936462057603,79.6862564086914,1748087
2020-12-01,79.63733685222851,83.1593796750403,79.53950378074191,82.47454071044922,1887779
2020-12-02,82.9637322925529,83.40398494588882,80.07760751386063,81.10487365722656,1299291
2020-12-03,81.2027014464273,82.57238706004763,79.83301583280696,80.37110900878906,733995
2020-12-04,80.46892711014425,83.94205704099761,80.46892711014425,82.62128448486328,1957525
2020-12-07,82.96373414609435,84.62691916717334,81.39837475662382,83.20832061767578,2142923
2020-12-08,83.89316196567567,84.08882816242811,80.22436479516507,80.81137084960938,974594
2020-12-09,81.44729923379832,86.53469511918354,81.20271274961274,85.11609649658203,2163117
2020-12-10,85.11608614146684,85.84984550475534,81.83862914494874,85.31175231933594,1226793
2020-12-11,85.80091469177172,89.46971105768303,84.62690284035423,86.09442138671875,2070443
2020-12-14,86.58361196972012,91.91559412794341,86.19227211769758,90.93724822998047,2511029
2020-12-15,90.79049337531768,93.6766105044002,88.78488149633753,93.28527069091797,2582667
2020-12-16,92.942840739805,93.92118643180295,90.49697650981014,91.2307357788086,739656
2020-12-17,91.76883729545415,93.43202213842183,89.76322545759375,90.05673217773438,1188295
2020-12-18,90.6926488314208,91.96450130320324,88.05111826902437,90.20347595214844,1318370
2020-12-21,90.59482515684674,90.59482515684674,78.463334998177,80.56678009033203,1042910
2020-12-22,78.75684040712561,83.84423580799827,75.57721641553357,80.66461181640625,1363107
2020-12-23,83.4529106074267,84.13774977105112,81.15379170628668,83.50182342529297,932414
2020-12-24,85.0182449628652,87.85544905711866,84.13773231786439,86.48576354980469,965974
2020-12-28,89.51864118209487,91.23074634131527,87.70870293518483,90.44806671142578,1023638
2020-12-29,92.94284495781497,93.38309755351985,88.05111627582471,89.22512817382812,1243362
2020-12-30,90.0078108457074,90.8883235316004,88.05111930558333,88.44245910644531,460587
2020-12-31,88.34462757947504,89.7143057103557,87.07277507030184,87.75761413574219,488298
2021-01-01,87.85545665707888,89.7632279994583,87.07277702399769,88.7359619140625,409494
2021-01-04,89.61647465226105,91.67099935925685,88.10004312613408,90.98616027832031,1068595
2021-01-05,90.93723580690198,94.11685954090815,89.12729763576641,92.99176788330078,1724466
2021-01-06,93.38310552704499,96.3670632635188,91.18182743219303,92.60043334960938,1860021
2021-01-07,93.38309877794954,94.41036480031114,91.27966138846216,91.9645004272461,793081
2021-01-08,92.20909530675509,93.23636142316803,90.20348335154368,90.79049682617188,499306
2021-01-11,91.23073955088354,91.37749290358803,87.07277018797464,87.56194305419922,1464231
2021-01-12,87.56194272500808,90.15456039908844,87.41518937285531,88.1489486694336,791817
2021-01-13,88.73596841324476,90.49699398456505,86.4857773656541,87.70870971679688,549081
2021-01-14,88.14895508361496,88.73596107075412,86.58360329651518,87.12169647216797,434040
2021-01-15,87.36628726807487,87.90437300630789,85.40959557082067,86.2411880493164,460917
2021-01-18,86.6814428041233,86.87711645712052,82.62130594071726,83.84423828125,509071
2021-01-19,84.2355760386393,87.95329324753817,84.2355760386393,87.36628723144531,342396
2021-01-20,87.36627722627273,88.73595528557193,85.80091807704119,86.97493743896484,625354
2021-01-21,87.85545719262294,88.63812936628892,83.3550604712521,84.77366638183594,444675
2021-01-22,84.52906606626544,92.06232462243634,84.13772631151443,90.3502197265625,2464907
2021-01-25,89.95890271588107,90.20348919141549,85.36067996150892,85.89877319335938,733641
2021-01-27,85.11609018022007,87.51303456168957,83.79532475646776,86.14335632324219,661111
2021-01-28,85.1160829166848,88.73595931942116,84.52907694113107,87.80653381347656,930944
2021-01-29,89.02946562931987,89.46971824291137,85.7520087720667,87.26844024658203,641311
2021-02-01,87.51302619886299,90.93723639613387,85.60525493177212,89.56755828857422,636871
2021-02-02,90.20347901810376,95.87788759620673,89.81214667273338,95.04629516601562,2430821
2021-02-03,95.73113125153004,97.44323633382584,93.52985328857832,94.70387268066406,1286914
2021-02-04,95.87788958507005,98.8129270213477,93.97011823716406,97.14974212646484,2168623
2021-02-05,98.03024186834863,98.47050193752187,93.72552650878207,94.16577911376953,1013462
2021-02-08,94.65494596621197,96.22029758496083,93.97010696556724,94.60602569580078,551446
2021-02-09,94.85062729906319,95.97572652090976,90.74157770922568,91.81775665283203,656549
2021-02-10,91.62207826643554,92.84501041771155,90.64373254541474,91.03507232666016,708002
2021-02-11,90.83940945129606,94.45929352585844,90.79049663796937,91.91558837890625,589843
2021-02-12,92.94284302641302,97.05189204822236,92.94284302641302,95.5843734741211,1600415
2021-02-15,96.61482275609289,97.10550241963257,92.8365908442728,93.3272705078125,469227
2021-02-16,93.47446040168724,95.14276798616444,92.24776144628451,93.91606903076172,323575
2021-02-17,93.5235292912674,94.799291684432,92.05149057726324,92.64030456542969,365303
2021-02-18,93.13097991224639,95.92785184455003,92.6403003631694,94.2595443725586,472881
2021-02-19,93.6216672075406,100.34397608866111,93.3272564588647,97.25269317626953,3344296
2021-02-22,97.89059062739206,100.88373950109552,96.41855167058917,98.03779602050781,1847438
2021-02-23,99.21541595458984,102.50296785442735,98.28312768754733,99.21541595458984,1971929
2021-02-24,100.09863490278723,100.8837252302286,93.32725516192814,97.49803161621094,701114
2021-02-25,98.43032876519064,103.7296623483282,98.28312339073096,100.83465576171875,1331403
2021-02-26,99.11727958354084,104.80916596043657,98.08684942468291,101.22720336914062,1976556
2021-03-01,102.55203414015304,106.08492568486658,101.37440612097397,105.29984283447266,2071939
2021-03-02,105.59424321472734,108.44018625180263,104.02407006960253,106.08492279052734,1337571
2021-03-03,106.47749142885776,107.5569852362309,101.61976555208975,102.79739379882812,1140159
2021-03-04,101.07999416236858,103.53339207893092,100.7855834175106,101.37440490722656,951773
2021-03-05,101.76695655208901,102.06136733735615,94.40676179218352,95.92787170410156,1161411
2021-03-08,97.84151375193997,99.75516877239333,95.97693717579439,96.90922546386719,637406
2021-03-09,97.74338192132187,100.63839626388246,97.74338192132187,99.70610046386719,749337
2021-03-10,101.08000807496595,102.20857276935492,99.90237990779843,101.32534790039062,434147
2021-03-12,101.96322780930707,103.18992687465682,97.54711117404794,98.43033599853516,461190
2021-03-15,98.13590905176603,98.92099931905044,94.89742105818749,97.20362091064453,602930
2021-03-16,97.84150490376248,98.62659522379751,96.22226828535152,96.56574249267578,397103
2021-03-17,97.05642617023273,98.97007361127673,94.70116259782559,95.82972717285156,774316
2021-03-18,96.2222728876933,97.39990093689599,93.32725874537384,94.3576889038086,833267
2021-03-19,93.22912760974518,94.01421799501375,88.02792065348866,92.39497375488281,825388
2021-03-22,93.13099392786684,97.6452449613059,92.24776910917342,96.61481475830078,563828
2021-03-23,96.56575666741027,97.25270518289487,93.52354433327132,96.22228240966797,670703
2021-03-24,96.17320193265296,96.17320193265296,93.2291243224697,94.3576889038086,519905
2021-03-25,94.16140723858655,94.16140723858655,89.84343297791358,90.87385559082031,767284
2021-03-26,92.1496296926651,94.01421365624455,91.2664049217931,93.4253921508789,315364
2021-03-30,96.0750653395581,97.39989873677926,89.89249950295748,96.95829010009766,516956
2021-03-31,98.1359225600513,100.09864101125233,96.02599872757486,98.62660217285156,875779
2021-04-01,99.01914574508629,100.54024802764515,98.67567151916504,99.46075439453125,479422
2021-04-05,99.4117009374313,99.4117009374313,95.58439813717268,97.15457153320312,567571
2021-04-06,97.74337596935813,99.90237072699486,96.4676134866959,99.16635131835938,533097
2021-04-07,98.97008019810484,101.42347835614997,98.1359263218049,98.77381134033203,592873
2021-04-08,99.55888987601364,103.09178905782184,99.16635217774754,100.09864044189453,904418
2021-04-09,100.00051856436173,102.25764056129884,99.36263349387909,100.294921875,517494
2021-04-12,98.13592379973176,99.01914861136471,90.48131874848197,92.39497375488281,571682
2021-04-13,93.13099842597371,95.92787091427414,92.738453211242,94.9955825805664,266763
2021-04-15,93.13098989956558,94.94650292840994,91.90429089532255,94.3576889038086,230682
2021-04-16,94.45582827946976,97.15456623031174,92.54218072737984,94.55396270751953,449663
2021-04-19,91.36452963252034,93.18004244862354,89.64715122782194,92.44402313232422,349560
2021-04-20,95.63345394472978,95.63345394472978,92.54217836074372,94.16141510009766,284811
2021-04-22,93.71979751015256,95.19183621450051,92.14962438961663,94.40674591064453,158299
2021-04-23,95.0937083063544,95.9769330868447,92.44403396488356,94.3576889038086,317115
2021-04-26,95.24090576171875,96.07505951777992,93.32725098198038,95.24090576171875,278900
2021-04-27,94.70116107423743,97.05642460875218,94.50489223268468,96.36946868896484,268707
2021-04-28,97.05644053491346,102.74832023287355,96.51668990131024,100.294921875,1259369
2021-04-29,101.07999769598368,101.71788267402471,97.6943114476393,98.5284652709961,332922
2021-04-30,97.44896259411802,100.04955824524347,96.27132717009955,99.36260986328125,489381
2021-05-03,99.01914593919696,99.65703092411637,97.35083078731721,99.16635131835938,289931
2021-05-04,100.09864661761536,102.01229421984597,98.2340624871067,100.63839721679688,706027
2021-05-05,101.37440630567878,101.4234697723811,97.64523842618993,100.83465576171875,565411
2021-05-06,101.47255957215364,106.96817050429664,99.85331512671728,106.37935638427734,1726829
2021-05-07,108.9308941503142,111.58056155369385,105.98681593003545,106.87004089355469,2558560
2021-05-10,107.90044600065104,109.61782467952474,105.10357364963497,106.18306732177734,863496
2021-05-11,105.10356922340672,106.77188436207523,104.17128097472178,104.80916595458984,375977
2021-05-12,105.44705509656234,106.18307458068124,101.17814358610823,101.6688232421875,459135
2021-05-14,102.50295654446931,106.47746395422071,101.71787374494647,102.35575866699219,839567
2021-05-17,104.02408775732455,106.37935161907681,102.40484338442128,105.5942611694336,616716
2021-05-18,106.47746722424594,109.71595539736533,105.64331344849582,108.7345962524414,851885
2021-05-19,112.51284369507758,115.80039580742934,108.93088080190387,110.55012512207031,4370884
2021-05-20,110.45197923458288,111.62960726137074,108.58739528618844,110.69731903076172,573731
2021-05-21,112.56189630693618,112.75817263760614,107.40976054987875,108.34205627441406,504118
2021-05-24,108.34206786788934,112.56190835196843,107.94952265172037,110.59918975830078,640398
2021-05-25,110.89359937491115,113.73954280320713,110.10850895083736,110.55012512207031,555867
2021-05-26,110.55012063151729,112.07122297150435,108.09672251491538,108.88180541992188,351833
2021-05-27,109.5687652614229,112.31656675692822,109.32342544108258,111.72775268554688,728106
2021-05-28,112.85630330712095,113.8376624663133,110.89358498873624,111.4823989868164,778617
2021-05-31,112.36563421195491,127.13509393075512,111.43334591860422,123.25872039794922,8919724
2021-06-01,124.63261963795274,125.27050462172404,116.83081691532949,123.35684967041016,2658875
2021-06-02,121.39413547320655,127.38043285062201,121.09973219234837,125.31957244873047,1836419
2021-06-03,124.2400934830569,136.40895104493245,123.20967064732628,133.41580200195312,3900217
2021-06-04,131.992805939868,133.9064532913376,129.53940805994478,130.52076721191406,1078865
2021-06-07,131.35494272661896,134.64248725764753,129.78476192343695,132.87603759765625,1412543
2021-06-08,132.87604151681683,139.30394784379965,131.55121546351324,133.02325439453125,3470058
2021-06-09,135.13317823860194,135.42758903572457,129.53943299069306,130.913330078125,703226
2021-06-10,132.18906953897556,136.7033274489515,132.18906953897556,135.08407592773438,650004
2021-06-11,136.31078940264115,137.3412195765039,133.26858481118123,133.85739135742188,344348
2021-06-14,134.9859340186874,137.93001103120253,133.90643312435853,134.49525451660156,985559
2021-06-15,135.82010013581382,135.82010013581382,131.50212587300817,132.28721618652344,615976
2021-06-16,133.3667211604895,135.67292147549279,130.0301055732571,133.02325439453125,1196264
2021-06-17,131.79653799381572,133.17043482610399,129.63755083978316,131.74746704101562,953686
2021-06-18,132.77790051456216,132.77790051456216,123.65125711368178,125.90838623046875,891709
2021-06-21,122.91523593278717,130.03008990893653,122.76803055998332,127.62576293945312,600484
2021-06-22,127.6257730700533,132.23815853618493,127.23322038663234,130.42263793945312,490073
2021-06-23,131.79655005504222,133.80833950913376,126.49720112906788,127.42950439453125,676004
2021-06-24,129.39221618667708,129.39221618667708,125.81024613100865,127.47855377197266,756579
2021-06-25,127.47856037746826,130.4226381226694,126.59534304364942,127.42950439453125,413959
2021-06-28,129.53944141189487,129.53944141189487,126.10468349567037,127.33138275146484,341451
2021-06-29,127.33135855343382,128.95059527362056,126.79160798858713,127.28228759765625,204729
2021-06-30,127.28228816235139,128.4599162344712,123.65126203400139,125.81024932861328,133692
2021-07-01,125.95786055307539,127.04031692334222,123.39934301212575,123.9897689819336,352923
2021-07-02,124.18657342326652,125.95785881593498,123.25173294293639,123.79296112060547,205360
2021-07-05,129.5988253387,129.5988253387,125.61344446149567,126.79430389404297,429592
2021-07-06,128.86078416330272,128.86078416330272,124.43257841875386,124.7770004272461,220967
2021-07-07,125.46583503096772,128.81158462565483,125.26902888104733,126.2530746459961,554339
2021-07-08,127.28632384513419,127.92594757687998,123.05492411452192,123.49774169921875,288819
2021-07-09,123.98977258148943,125.31823292904207,123.30094351466177,124.82621002197266,247234
2021-07-12,125.71184410314264,126.94190128614795,123.79295790072365,124.28498077392578,324498
2021-07-13,126.54829158651623,135.7983157860972,125.17061850411586,134.81427001953125,3599304
2021-07-14,136.1919311870678,138.50444479728205,131.8621357217463,133.43661499023438,1931363
2021-07-15,133.73180974671195,144.9991454556052,132.35415172007646,142.88343811035156,4259567
2021-07-16,142.88342718962673,145.73716862003783,139.73448407274657,140.8169403076172,1405081
2021-07-19,138.75043822295794,141.505769077263,134.96185642137033,136.58554077148438,579371
2021-07-20,135.79832688908718,136.53636127435396,127.92596011290821,131.76373291015625,524106
2021-07-22,132.55093735683494,136.43791441628744,132.5017320744937,134.17462158203125,347058
2021-07-23,135.10950385229435,135.10950385229435,130.4844911671532,131.12411499023438,281362
2021-07-26,130.68127036971825,134.61745312172576,130.0416316633097,131.5177001953125,514350
2021-07-27,132.5509594196195,137.1759714379803,131.91133568875182,132.84617614746094,336272
2021-07-28,133.4366172824768,133.63342344058185,127.92595476345072,130.28765869140625,219974
2021-07-29,131.17330673050182,133.48580532639082,130.6320785432607,131.32090759277344,232226
2021-07-30,131.812913308741,142.3914041661651,131.32089047816314,136.58554077148438,3246862
2021-08-02,137.7663956060065,139.4884755510816,133.14138389944537,133.97781372070312,1087184
2021-08-03,132.89539659526264,138.45524970645684,132.89539659526264,135.8475341796875,890175
2021-08-04,136.63476605417324,137.42199068603236,132.05894405091829,132.4033660888672,417301
2021-08-05,133.1906007792617,133.1906007792617,128.5655736548034,130.58287048339844,278203
2021-08-06,129.99246822159884,132.35417235412027,129.99246822159884,131.12411499023438,206486
2021-08-09,132.05895720976818,133.43663048349293,129.3036256776675,130.43528747558594,216643
2021-08-10,129.9924599496382,132.84618684611948,123.05493385571576,125.02302551269531,406552
2021-08-11,126.74510431181483,130.77968315482568,123.49775011061753,129.5988311767578,591565
2021-08-12,128.9591795898814,136.19190578031672,128.46715678718468,129.45120239257812,879682
2021-08-13,130.14005181753376,135.79831494003523,128.90999461698996,130.04164123535156,491736
2021-08-16,130.6320877517907,130.77968862446698,125.95786992263056,127.18792724609375,211632
2021-08-17,126.69589115448895,127.67993691102866,123.35013408071923,125.71184539794922,219260
2021-08-18,124.97381118996542,131.76372090989574,124.97381118996542,128.27037048339844,736842
2021-08-20,127.92594957535752,128.27037159958374,123.10412382059783,124.13737487792969,226782
2021-08-23,125.07220673436618,125.46582651516401,112.52562408284977,115.57616424560547,573506
2021-08-24,115.62538170035184,124.53099920885265,115.37937024992556,122.07088470458984,959750
2021-08-25,123.4977449965914,123.4977449965914,119.90597640949846,120.44720458984375,182239
2021-08-26,120.64402115645949,120.89003262191217,115.72379184740588,117.7410888671875,316044
2021-08-27,119.46316382492597,119.46316382492597,115.82218979316727,117.1506576538086,211935
2021-08-30,118.18389281534188,121.33284371306826,118.18389281534188,120.05358123779297,342561
2021-08-31,121.92328465522009,121.92328465522009,116.7078385471098,117.83949279785156,660581
2021-09-01,119.90598675845644,122.95652742849299,118.0855034156664,121.62806701660156,557906
2021-09-02,124.48181284233004,130.82890622529197,124.48181284233004,128.5655975341797,2902835
2021-09-03,128.86080231282776,132.20656724470984,126.89271059360826,128.0735626220703,850512
2021-09-06,128.86079322571737,128.90999851829758,125.17062151240731,125.76105499267578,218074
2021-09-07,126.44987189140278,127.33550701135214,122.02166626096454,123.1533203125,211523
2021-09-08,123.15334053954912,124.0881811008911,122.51370923078531,122.85812377929688,111217
2021-09-09,124.4817981763841,124.92461579923844,120.54561483483836,122.12008666992188,276581
2021-09-13,122.95652307924537,126.7451055192933,122.61210854133388,124.5802001953125,629069
2021-09-14,126.89270910055886,126.89270910055886,124.3833966926836,124.87541961669922,374679
2021-09-15,125.71185738487318,127.82754995703124,125.02302829268322,126.2038803100586,677192
2021-09-16,128.0243525299233,135.79830761170118,128.0243525299233,131.37010192871094,2433443
2021-09-17,132.6985882958727,134.46985880581545,130.87809747522846,133.8794403076172,954169
2021-09-20,132.35415147361513,133.8302200774101,125.41662603270954,127.53233337402344,432733
2021-09-21,126.64667989194943,131.37010230369063,123.25172519503559,130.14004516601562,737811
2021-09-22,131.6653386078429,132.25575711255675,124.97382378031543,125.85946655273438,619205
2021-09-23,126.94190475389712,129.00840688393652,126.00706427234476,126.79430389404297,346217
2021-09-24,127.82754718420443,128.4179806877585,124.97382028617112,125.4658432006836,315202
2021-09-27,126.20387590382632,128.71319573773212,118.23310629564571,122.71051025390625,879838
2021-09-28,123.89136955085621,125.90865896603836,116.80623518163627,118.82353210449219,1456449
2021-09-29,119.06954647433517,128.91000486064385,118.57752355501974,127.33552551269531,1137617
2021-09-30,128.31957002892742,128.31957002892742,124.6786034665848,125.02302551269531,311242
2021-10-01,124.97383292641315,131.91135972579175,123.35015564276341,130.8289031982422,931666
2021-10-04,131.6653332803132,133.83023107402946,128.4671843759706,131.71453857421875,734702
2021-10-05,132.20655563430077,135.50309996528128,131.37011072094998,132.35415649414062,860080
2021-10-06,133.19061652485354,134.32226328632785,126.2038847360553,127.58154296875,549850
2021-10-07,128.71321045798985,132.7477897558535,128.71321045798985,130.8289031982422,389928
2021-10-08,131.66533788547972,132.60017844099224,129.9924629416129,130.53367614746094,342532
2021-10-11,131.6653124657057,137.7663925618022,130.97648350596575,136.58554077148438,1996943
2021-10-12,137.07756828151872,139.58688780619624,134.81426018052832,135.40469360351562,837576
2021-10-13,136.43796001620876,137.76642800669867,133.8794496481509,134.51907348632812,490647
2021-10-14,135.50311620259836,135.50311620259836,129.8940576263485,131.12411499023438,495839
2021-10-18,132.05895021979615,133.73182516366296,129.89405235035974,130.53367614746094,391850
2021-10-19,131.37010347240167,132.64936591003357,125.95785201848248,126.44987487792969,541104
2021-10-20,126.35146555640887,128.27036673961237,123.84215345287802,125.31822204589844,278816
2021-10-21,126.05627749137491,127.13871890085287,123.15333777302001,125.12142944335938,227701
2021-10-22,127.33551232394339,129.00840208862493,125.46583143033574,127.97515106201172,434289
2021-10-25,131.37010334984333,131.8621262088315,125.41662375301718,126.0070571899414,383886
2021-10-26,128.0243599995334,137.6679964817623,127.97515470822677,136.92996215820312,2093852
2021-10-27,138.16001450910122,143.67067660416663,137.32358464766824,142.3422088623047,2793219
2021-10-28,142.93264428222508,146.91803254755263,138.8980507266399,145.5403594970703,2613847
2021-10-29,149.4765649901066,155.3808403421637,139.9805281383542,153.2159423828125,4571583
2021-11-01,157.44730769935865,173.53646046102497,156.51246731296277,164.63084411621094,11631507
2021-11-02,165.41811955106013,172.06042928590972,159.80904598490827,169.10829162597656,3409333
2021-11-03,172.20803828772728,175.06176548749846,169.10829960468791,171.32240295410156,2755135
2021-11-04,174.9633228246661,175.40614037232663,171.7159691162468,172.5524139404297,257301
2021-11-08,173.58565583128257,176.63620351370207,169.9446897368548,174.91412353515625,817823
2021-11-09,175.16013281529817,176.04576793013615,169.94468765536905,171.71597290039062,626180
2021-11-10,171.715997949501,174.37291869693948,167.6322137465259,170.23992919921875,312594
2021-11-11,167.43541080121565,170.0431415532375,162.36758021283364,163.2040252685547,342386
2021-11-12,164.5816480615401,168.27181954274056,163.4007961906252,164.3848419189453,272869
2021-11-15,164.38485170335886,175.1601500667556,164.38485170335886,174.02850341796875,1576452
2021-11-16,176.14420015949537,176.9806451049392,170.14151470658027,171.0763702392578,722007
2021-11-17,171.0763713769479,171.91280131260672,165.31969733848658,166.50054931640625,388926
2021-11-18,166.94334525258373,167.5829839601004,158.52976661786892,161.13748168945312,582293
2021-11-22,163.15477536835482,163.15477536835482,151.7398395706768,154.05235290527344,624037
2021-11-23,153.51116170862036,163.54842697111422,151.88749196591877,161.7279510498047,692724
2021-11-24,162.76118803450146,171.22398889402385,161.4327350609124,166.15615844726562,1217982
2021-11-25,169.05908498270782,169.2558911554002,166.5005596916612,167.68141174316406,429817
2021-11-26,165.22127331276099,169.25586684247003,163.2039915632528,166.6973419189453,741917
2021-11-29,162.36755191578587,169.2558723000919,154.5443910538219,167.28778076171875,1671140
2021-11-30,168.17343492189383,172.2080290368977,158.8249990598908,160.7930908203125,804456
2021-12-01,161.38351220615274,168.76385575216582,159.4154205938826,162.41676330566406,1050574
2021-12-02,164.92610505518468,164.9752953397575,158.28379498011873,160.54708862304688,260206
2021-12-03,161.28510171492098,163.6960259536577,159.80903300484417,160.30105590820312,179483
2021-12-06,162.1707388999796,164.33563649747592,158.6773735641796,159.26780700683594,451175
2021-12-07,160.44866513023067,161.5311064634935,158.62817445720913,160.3994598388672,118719
2021-12-08,162.46595648685616,163.4991924939901,158.52977355576667,159.80902099609375,282571
2021-12-09,160.69467505701144,162.9579833002771,158.6773782528975,161.08828735351562,212953
2021-12-10,160.3994530935656,173.19204751207081,160.3994530935656,171.9619903564453,2938110
2021-12-13,175.16017780034448,176.6362467143923,168.51786768712918,171.5192108154297,1548613
2021-12-14,169.00985696750132,171.61757218968225,166.84495932819215,168.1242218017578,637053
2021-12-15,169.25589269021756,172.20803035341905,164.82768619541537,166.10694885253906,400402
2021-12-16,168.17343243216234,169.40348976421544,163.40081899300523,164.8276824951172,328674
2021-12-17,166.05770950986093,166.45132177811644,158.82496771173766,161.48190307617188,373590
2021-12-20,157.4473438248557,160.20267534486044,148.24650866395118,154.64280700683594,600347
2021-12-21,157.25052915456868,166.64816998458957,155.52844892449906,161.43272399902344,1470665
2021-12-22,162.26917350567481,175.55379402362206,161.43274344523618,168.91148376464844,4333464
2021-12-23,169.6494774569324,171.22395662746132,166.50053413122075,168.61624145507812,822414
2021-12-24,169.89548809334048,169.89548809334048,162.36754431748636,164.729248046875,418604
2021-12-27,165.5165034715614,170.19072110387114,161.18670788145565,163.49920654296875,706502
2021-12-28,164.77845614139676,167.04176434621147,163.35159282162653,165.46728515625,296117
2021-12-29,166.3037550270161,175.5045900834668,163.94205090259436,166.10694885253906,2806566
2021-12-30,166.3037557093643,167.97663072230594,164.92609746702385,165.7625274658203,475492
2021-12-31,166.64817539950752,169.94472008068982,165.221296864522,165.91014099121094,440263
2022-01-03,169.25587268585,199.07246256322898,167.82900932034678,194.64425659179688,11633459
2022-01-04,201.68014382263365,206.05914376357248,190.75724661195588,193.561767578125,11510229
2022-01-05,192.87296384788192,201.72937545314178,192.3317356911579,200.2041015625,3999221
2022-01-06,196.80915490621274,198.62964559523397,192.0365268935983,196.41554260253906,1526410
2022-01-07,197.3011843232466,202.0246072003888,193.11898964307804,195.43150329589844,1961552
2022-01-10,196.41557154866885,202.61504882956558,193.21742231012567,197.9900360107422,2387415
2022-01-11,196.7599565764539,197.54719622700335,187.46072668116634,191.20010375976562,1158506
2022-01-12,193.16821950978698,193.80784335962974,185.98468120106742,187.4115447998047,991435
2022-01-13,188.9367894902483,192.67616645197884,186.7718917804086,188.83837890625,896035
2022-01-14,188.83839283039003,194.64427236140983,185.9846658681815,189.52723693847656,994288
2022-01-17,190.90487981909163,202.41821235150354,190.01924463019336,197.64559936523438,2845212
2022-01-18,198.77725872590173,200.74535039645522,195.43150889209994,197.793212890625,1851969
2022-01-19,197.79321396681163,200.99136294886208,194.0538367693446,195.33309936523438,712525
2022-01-20,196.31713267866388,210.58579645731362,195.33308690082595,204.1894989013672,4573263
2022-01-21,203.10704997846904,208.32249579509678,193.85702533414624,197.74400329589844,2816221
2022-01-24,196.71075627734643,198.67884794601562,178.604318931729,187.01791381835938,2103267
2022-01-25,180.08037454156857,203.50066669266704,177.22664783639277,199.56448364257812,1909582
2022-01-27,195.8251085832594,205.0751328318073,191.0032903076998,202.76263427734375,2089857
2022-01-28,204.68153373756218,207.5352606537256,196.80916705534827,197.793212890625,976181
2022-01-31,200.7453446480913,205.1735507800345,194.49664776687695,195.43150329589844,1228670
2022-02-01,197.2519720694291,199.7120865003657,192.92217667711938,195.52989196777344,890751
2022-02-02,197.30118931401307,203.30387489529173,195.97272143468734,198.13763427734375,1116554
2022-02-03,199.6136959092032,202.61502357749893,195.82511358496325,197.3503875732422,699715
2022-02-04,197.7932162012593,204.4847309962123,196.80917034951173,201.18817138671875,692417
2022-02-07,200.6469124424228,200.6469124424228,189.92082030687737,191.83970642089844,848983
2022-02-08,191.54452178165462,194.79187614203084,182.04848518233692,187.26393127441406,1063925
2022-02-09,188.98599255039426,196.31713051127997,188.7399811086508,194.98866271972656,684696
2022-02-10,195.82510762779305,200.1549029963392,193.36499321035845,194.98866271972656,529772
2022-02-11,193.36497928243867,196.61233308261745,190.26524134588135,193.4141845703125,305329
2022-02-14,186.96871691720474,188.78920779859058,173.3888807906749,178.45672607421875,683851
2022-02-15,177.42173423198628,189.98910707341864,175.54895527562823,188.3627471923828,777661
2022-02-16,189.74270494166936,193.19257230424518,187.3278007959119,190.58053588867188,623197
2022-02-17,190.72836239241062,197.82522868268754,190.72836239241062,193.83323669433594,1131273
2022-02-18,190.23554302109628,195.95246908366187,190.23554302109628,192.1083221435547,707369
2022-02-21,192.1083281113895,193.53757095160134,183.43438765346548,188.7570343017578,644982
2022-02-22,172.98620621866525,195.16392496464798,172.98620621866525,192.1083221435547,1127246
2022-02-23,192.30547893928144,198.3180961828605,192.30547893928144,196.98744201660156,1030368
2022-02-24,182.54726070421896,190.43267166371203,180.4280625249463,185.40573120117188,1163339
2022-02-25,188.26417864219994,196.74100107882967,188.26417864219994,195.0160675048828,765286
2022-02-28,192.206884876604,196.14959020740613,187.7713413794516,194.96678161621094,801606
2022-03-02,192.20688940239026,194.81892572945992,183.53293446233945,184.76502990722656,733461
2022-03-03,187.22922565747072,191.22121801058262,182.35013057710196,182.99081420898438,503116
2022-03-04,181.21658387980375,185.25784746508472,179.8366281109894,181.95584106445312,341545
2022-03-07,181.95586047906227,181.95586047906227,171.55697196405933,172.5426483154297,718365
2022-03-08,172.54262870471177,181.80797933842817,171.01482752568785,180.47732543945312,482789
2022-03-09,182.8429753014801,191.5662176055397,180.37878425968117,188.0177764892578,530392
2022-03-10,190.23552890993514,191.7633302071536,179.49166308603478,182.84295654296875,554666
2022-03-11,184.2228862861358,185.99710655551868,178.6538214541386,181.85726928710938,354213
2022-03-14,182.3501236545152,184.96215995023215,178.99883010073938,181.80799865722656,251666
2022-03-15,182.74439888189946,200.4865741147141,182.35013433726158,195.8046112060547,1719045
2022-03-16,201.07799157231295,203.04934443086503,195.06535933763757,197.82525634765625,2583960
2022-03-17,201.4722560866226,201.4722560866226,195.26250661563972,196.29745483398438,968242
2022-03-21,197.1352829191688,200.09231216295632,193.1925772607854,194.91751098632812,731443
2022-03-22,193.19258123982908,198.1209634143145,192.50261074344687,196.24818420410156,406882
2022-03-23,198.02238922608166,199.8951834715237,193.04473527532303,193.9811248779297,718068
2022-03-24,192.69971412178202,210.29404186203536,192.69971412178202,203.88714599609375,5860275
2022-03-25,205.80923809528693,209.3576641588609,202.06366471687954,204.8728485107422,2208769
2022-03-28,206.00637982862858,213.54679872013983,195.75535067621433,199.05735778808594,3152361
2022-03-29,199.99371999924702,202.50719763193075,193.63611072144263,200.43728637695312,1272294
2022-03-30,201.86652462070322,204.7249800922913,195.65676044976829,196.83956909179688,847764
2022-03-31,196.64244961113332,205.51353756351526,196.64244961113332,203.837890625,1191747
2022-04-01,204.47855483917962,208.76625295763466,201.07797445569497,202.5072021484375,1847649
2022-04-04,203.88715522908325,206.94274283322963,200.58513350178364,202.65505981445312,637946
2022-04-05,203.83788469768467,211.37830322185314,201.71867139099092,202.6057891845703,1513625
2022-04-06,202.5564747863649,220.49578000757433,201.37366626281099,218.6230010986328,4442649
2022-04-07,221.58006134055736,223.69925961901623,210.78690759263776,213.2510986328125,2360461
2022-04-08,214.87745487686075,226.40986573147234,212.0189993372507,224.14280700683594,3628829
2022-04-11,226.75486351711635,234.04886301185786,226.21273847786006,231.53538513183594,4312180
2022-04-12,231.1411302058457,231.1411302058457,222.31932888407357,225.71990966796875,1833123
2022-04-13,226.8534049407647,228.1347871981863,219.80582508528707,221.67860412597656,713963
2022-04-18,220.79151831733046,239.51937031746115,215.07459206713958,236.11878967285156,2104506
2022-04-19,243.46206440108705,282.88911936482583,241.4907116529001,247.40476989746094,7690123
2022-04-20,249.37612889961096,264.90053218091083,247.40477610198556,260.8592529296875,3387272
2022-04-21,262.1899014307046,262.73201137516537,252.62882908319273,254.99447631835938,2422689
2022-04-22,253.76240927448333,271.84954772476567,248.1440415837992,267.3154602050781,2676290
2022-04-25,266.13261821889125,268.39966182338856,257.75436912681505,262.0913391113281,1296854
2022-04-26,264.11200799717983,270.46960283927405,247.1583615906811,252.97384643554688,1461569
2022-04-27,252.33313606623548,256.7194076901934,245.531975524291,249.72109985351562,1122532
2022-04-28,250.26324092592154,262.58419636812386,248.98187359211553,253.5159912109375,1463497
2022-04-29,255.09303332058383,255.38875428078086,241.53999823097962,244.3491668701172,703105
2022-05-02,238.53370173899498,249.86898095386456,236.56234883206113,240.30792236328125,915264
2022-05-04,241.78642721068786,254.74808107080025,238.04085383179,242.32855224609375,1843210
2022-05-05,246.7147918728679,249.3268281679706,234.5909698355083,238.5829620361328,566404
2022-05-06,237.05517467666886,237.05517467666886,228.5783516035324,234.04885864257812,622418
2022-05-09,231.53537059126893,232.66890742765952,215.02529158669984,220.00296020507812,624991
2022-05-10,219.70725356873714,223.6006872041497,200.04301328958067,203.93643188476562,2087502
2022-05-11,203.04934753724677,207.33704608628508,183.53295093096077,196.1496124267578,2042570
2022-05-12,190.7283629746013,203.24644890597426,188.11632681041965,194.57249450683594,1449250
2022-05-13,200.0430087135278,203.44358905329918,193.88253163414947,194.96678161621094,958413
2022-05-16,188.80633462490533,198.8602318125888,177.0767753724166,192.6504669189453,2853995
2022-05-17,193.5868364118039,206.99204129255588,189.24986632462253,204.3800048828125,1515791
2022-05-18,212.9061253324468,218.37663294972927,203.59148535719825,208.4705810546875,3440476
2022-05-19,196.83957160486048,203.39432860684323,194.67108656008492,195.9524688720703,1157238
2022-05-20,202.06365179152473,203.00004131617166,197.62810821561322,200.9301300048828,640370
2022-05-23,203.0493480449383,206.89348017144508,195.16393647037762,198.4166717529297,711761
2022-05-24,200.09231775504608,201.275126477572,195.3610678247135,198.46595764160156,557733
2022-05-25,198.4659369245089,204.9221049144285,197.13526785042757,197.9730987548828,1059170
2022-05-26,198.7616489882085,200.63444325662144,189.84128919897375,196.1496124267578,691550
2022-05-27,199.10661052174086,200.83154402873615,191.56619292153783,194.6217803955078,406405
2022-05-30,197.33240727932778,200.5851423250773,194.76965772830383,196.83956909179688,900019
2022-05-31,197.77597043922233,214.3846243659644,192.30547826344628,206.94276428222656,3448505
2022-06-01,204.1828407064584,211.62469982242192,204.08428210002603,207.53414916992188,752691
2022-06-02,206.10493642753593,214.8774501659252,204.62642186217406,212.90609741210938,847761
2022-06-03,214.58175161650234,214.82817071919476,207.97772267239154,208.71697998046875,692301
2022-06-06,207.7805523153311,208.32267724993702,197.0859592025423,197.52951049804688,971567
2022-06-07,197.1352839804832,197.57883536139357,190.72838725111748,191.81263732910156,786704
2022-06-08,193.93179827423396,200.19084835152566,192.55185756816957,197.52951049804688,895551
2022-06-09,195.65674501322454,198.5152002592918,193.19255426998492,193.78396606445312,350763
2022-06-10,193.58684429878414,196.6424472393976,190.2355504621741,192.5026092529297,391302
2022-06-13,187.27849056287096,188.75700496205152,184.81429989757004,186.39138793945312,372540
2022-06-14,185.30717374043994,188.60919588435326,183.77937222549153,185.35646057128906,301670
2022-06-15,185.30717656847608,187.91921320082295,184.51863238354306,185.20860290527344,250398
2022-06-16,186.78568646731145,192.94616425317264,177.42176023280243,179.3438262939453,690294
2022-06-17,175.94324575292075,180.97020164766724,173.2326355242343,176.28823852539062,530123
2022-06-20,176.4360803940859,178.90027146104242,163.3758677392164,166.530029296875,586926
2022-06-21,166.5793034467301,173.47903790902072,166.5793034467301,168.69850158691406,674474
2022-06-22,169.93060292374903,170.22630884758323,164.11511826266474,165.3472137451172,973931
2022-06-23,165.98789151712444,167.95924421941913,161.15808341259338,165.64291381835938,499224
2022-06-24,167.56496185385518,186.6870750140283,167.56496185385518,181.95584106445312,2402747
2022-06-27,182.8429491478443,190.08767579054756,180.42804528035202,188.60916137695312,1166924
2022-06-28,186.78567692711502,187.57422105147566,184.81432413632754,186.68710327148438,489947
2022-06-29,185.3071418968886,195.0653311189852,183.8779142892398,193.8825225830078,1259535
2022-06-30,192.99544742273827,200.58515290291078,192.79831514537574,198.61380004882812,978347
2022-07-01,199.10662654231922,201.2751115461207,192.00975969341084,199.2052001953125,622698
2022-07-04,200.63443732393117,210.0476500972272,198.36737856090372,208.66769409179688,1129429
2022-07-05,208.86481208331614,211.82184112672445,205.2178126044914,207.09060668945312,1119964
2022-07-06,207.09059392906454,210.73759318317062,202.457903347664,203.88714599609375,424879
2022-07-07,206.2035006351818,211.9204267843877,205.02069195884948,211.0825958251953,535300
2022-07-08,210.54046608530473,211.62470100347258,205.56279770577277,209.01266479492188,417205
2022-07-11,207.92843793109157,216.84881254614933,206.84420289249798,214.7296142578125,771629
2022-07-12,214.28603158085375,222.76285417161688,213.30035523496164,220.15081787109375,873481
2022-07-13,222.5164611874891,223.7485567643855,218.82017445679992,222.664306640625,514582
2022-07-14,222.76287983474558,225.22707098336002,219.9044241184445,221.925048828125,405461
2022-07-15,222.81215589690498,230.59899353408497,222.81215589690498,228.57835388183594,914679
2022-07-18,230.84538262260713,234.7880877572041,230.3525444807825,233.16172790527344,609691
2022-07-19,231.97894466940855,234.09814289425475,224.3892244254965,227.29698181152344,500678
2022-07-20,227.54341279774368,229.51476568300816,219.80584670698903,220.59439086914062,441843
2022-07-21,220.49550653336829,226.42812105892975,219.40785450204777,224.59889221191406,282052
2022-07-22,225.34047447533277,228.20791395112735,221.4842809754599,222.76968383789062,253099
2022-07-25,220.4954998413898,226.42811418689803,219.9516738422345,222.96742248535156,333128
2022-07-26,223.61012749128295,224.1539535175638,211.59658887737183,213.32693481445312,341725
2022-07-27,211.39882685094926,224.50001682191942,211.34938538074493,221.48426818847656,469362
2022-07-28,224.4505832151709,227.96071649879502,220.74269913121984,225.34046936035156,340405
2022-07-29,225.0438575908768,227.4168974422631,218.5179753684354,219.75393676757812,234922
2022-08-01,221.3359561186477,224.94495708750185,219.8528025554334,222.02809143066406,237095
2022-08-02,221.6820102893406,236.9090621826704,220.9898749958751,234.091064453125,950040
2022-08-03,235.27757263183594,242.24839686523742,230.38316926367477,235.27757263183594,921973
2022-08-04,236.31582916255337,237.05740603231033,224.94498382627987,227.56521606445312,443932
2022-08-05,228.6528493893056,244.91809771216379,227.31800509844376,239.82594299316406,2759645
2022-08-08,242.14954070059073,250.85071158770663,236.8101937246476,238.58998107910156,2310342
2022-08-10,238.7877488000912,240.22146104455393,231.86636477690016,235.07986450195312,665670
2022-08-11,237.79894192067295,238.7877109099481,225.73596326899963,228.2078857421875,847531
2022-08-12,228.90004434001125,231.22365773652973,224.99440945190955,225.83485412597656,475757
2022-08-16,227.86184311715294,229.83938137824765,215.05728589404868,218.46853637695312,1125521
2022-08-17,219.45729282418995,227.21913608536664,219.45729282418995,224.15394592285156,652857
2022-08-18,222.571953866602,225.9337631254034,219.75395560009147,221.4348602294922,693027
2022-08-19,222.47303736249737,225.83484611434108,219.01234567019188,221.73146057128906,389691
2022-08-22,220.69324945013435,221.2370754463689,213.57411529124326,214.26625061035156,462385
2022-08-23,211.59657140181696,220.49549262899617,211.59657140181696,214.61231994628906,489584
2022-08-24,216.54044198189558,221.2865368784348,215.35392202961572,216.93594360351562,518573
2022-08-25,219.6056099308538,225.9337257551106,219.6056099308538,221.28651428222656,575727
2022-08-26,222.769661123392,224.45056542406223,218.81458508067726,220.3966064453125,294629
2022-08-29,213.7718988981054,222.22587861021626,212.73368821636888,221.4348602294922,327986
2022-08-30,223.46180725097656,232.06409504359684,221.63257845753878,223.46180725097656,692521
2022-09-01,223.95619778390233,229.1966769526209,222.76967789921974,223.36293029785156,403027
2022-09-02,224.450578268551,228.65284680441596,217.67750412283652,221.18763732910156,556120
2022-09-05,222.42362030372544,224.4506001063105,220.54496492811202,221.3359832763672,220134
2022-09-06,222.47301419292953,229.88878133269387,222.02807118202705,224.10447692871094,670101
2022-09-07,223.46180122262035,231.86633799426758,223.01685817572266,229.7899169921875,583170
2022-09-08,232.36072873821112,234.09107459051697,228.15846023975413,229.69105529785156,345743
2022-09-09,231.07532094527625,232.31128224161108,224.74720514300918,225.78541564941406,449256
2022-09-12,225.43935579343366,229.93825823574258,223.51125905742103,226.03262329101562,420051
2022-09-13,227.61463905629265,232.41017512626374,226.03261758173247,227.12025451660156,558287
2022-09-14,225.43934860556934,231.371963042558,224.0550779385728,230.38319396972656,606097
2022-09-15,232.36073760981685,233.745008309546,228.1584689509159,229.04835510253906,292416
2022-09-16,228.40564655400803,232.2124133648754,220.7426865505727,223.80787658691406,457844
2022-09-19,223.95619266714058,225.4393462609627,218.51796282312614,218.96290588378906,361380
2022-09-20,220.69325244708944,226.42811604564181,219.30898179007477,220.44606018066406,530138
2022-09-21,221.4842876892448,223.70901825755195,215.65055578954062,216.93594360351562,277578
2022-09-22,215.6011084620698,222.96743534856282,215.6011084620698,217.28201293945312,446733
2022-09-23,219.0123536518409,220.44606581627662,210.5089334344542,212.38760375976562,304454
2022-09-26,212.5853378758286,212.5853378758286,197.6054933581501,203.93360900878906,582235
2022-09-27,198.8414599822819,207.04823094448412,198.8414599822819,202.84596252441406,419421
2022-09-28,200.86843054454266,204.57631455720897,200.7201212190035,202.74710083007812,164905
2022-09-29,205.07070839582073,206.4055527359069,200.72013032521724,203.09317016601562,129902
2022-09-30,202.6976482543209,207.34485961144858,199.4347074844507,204.92237854003906,182919
2022-10-03,204.8729527951984,205.81228041488666,198.7425874437699,199.18753051757812,258207
2022-10-04,202.69767131546362,203.68644044383174,199.53361312216958,202.0549774169922,210935
2022-10-06,202.89539081486853,209.07519691356347,202.89539081486853,206.5538330078125,294949
2022-10-07,207.64148903750953,213.5741030100098,205.66395104667612,208.23475646972656,469242
2022-10-10,207.6414843550802,210.11340678787877,204.1807929491622,205.5650634765625,462866
2022-10-11,206.60328851558853,208.08644208007576,202.05495997027862,204.08192443847656,185275
2022-10-12,205.12012045614222,207.04821693624166,202.89539026662348,205.5650634765625,166020
2022-10-13,206.3561006367788,209.17409850411158,204.7740791868494,206.50442504882812,148262
2022-10-14,208.18532414025617,208.77857651109503,200.96730713941352,202.35157775878906,183891
2022-10-17,202.89538921677948,203.3897737007811,196.02344790664043,198.09986877441406,312837
2022-10-18,199.13806822287034,200.22572014504496,191.27735778280763,194.54029846191406,592399
2022-10-19,195.67740794399407,196.76506003948174,194.39202012422476,195.7762908935547,272093
2022-10-20,195.5290826695566,197.80325453730572,193.79873680522425,194.29312133789062,207662
2022-10-21,195.18300094704557,195.6279590815287,185.88857807810743,187.42117309570312,488836
2022-10-24,189.6953410225738,193.05714962903417,189.10207358029595,191.96949768066406,91419
2022-10-25,192.61223334054182,192.9582934904157,188.21221364274035,189.7942352294922,138692
2022-10-27,191.32683602717975,191.4257189799914,186.97625767703371,187.96502685546875,326170
2022-10-28,187.86612214521907,188.36050667718015,186.87735308129686,187.32229614257812,159549
2022-10-31,189.3492752094783,195.2818895763549,189.3492752094783,192.56277465820312,661635
2022-11-01,193.79874942177221,193.79874942177221,187.17399927024655,187.8661346435547,441288
2022-11-02,188.8054701396511,193.74931599346453,188.0144517855569,192.7111053466797,669401
2022-11-03,189.84365630814312,194.68861858520657,189.7942148384959,191.62344360351562,312943
2022-11-04,191.82119746678205,199.97854220441582,191.82119746678205,198.05044555664062,1028344
2022-11-07,201.70888106207428,203.68641911170246,200.81899497470877,202.64820861816406,1004594
2022-11-09,206.60326805657127,210.3111516006139,204.1313456938762,205.9111328125,2238926
2022-11-10,207.34486922934556,207.5920614947805,203.68642671839214,205.51565551757812,310300
2022-11-11,206.55384842089268,207.24599882552866,198.79202043419338,200.32461547851562,517015
2022-11-14,200.72012064475945,202.6976587791906,193.7987371742505,201.51113891601562,432842
2022-11-15,202.54933140260462,208.63025458907276,201.70887173540686,207.789794921875,464464
2022-11-16,207.59204351381914,212.53588839429787,203.14258312138824,212.04150390625,821934
2022-11-17,212.09095891237348,214.56288151041977,207.7898075568056,208.58082580566406,437543
2022-11-18,208.58084032383798,209.5201679589934,205.66397447259985,206.85049438476562,224346
2022-11-21,207.64148587900976,208.18531183570016,201.70887199675235,202.54933166503906,130563
2022-11-22,202.54934152189998,208.43251422395383,198.4953824701086,204.13136291503906,380074
2022-11-23,204.03248664138474,207.4437366313747,201.659432018518,205.26844787597656,389298
2022-11-24,206.20778593701561,206.20778593701561,201.70888379565824,202.10438537597656,196117
2022-11-25,201.70890751591435,203.38981206106297,199.63248625651784,200.2257537841797,258810
2022-11-28,200.67066141326603,203.19202532899246,200.67066141326603,202.30213928222656,150582
2022-11-29,202.35158286656042,203.34035193033532,197.3583111644322,200.02798461914062,147838
2022-11-30,202.5987611259173,209.61902702834294,200.3740308862297,208.23475646972656,512889
2022-12-01,212.58533496400335,215.1561403985351,209.12464346458935,209.96510314941406,565619
2022-12-02,210.50893587820286,219.7539330211468,210.01455132697419,218.07302856445312,1071049
2022-12-05,222.27528195028373,226.42810887727413,216.93592011208054,218.56739807128906,1153633
2022-12-06,218.5179683080825,220.00112193913282,215.7494118459714,217.38088989257812,278992
2022-12-07,218.32023389565416,219.11125224240692,211.59660057938592,212.1404266357422,238423
2022-12-08,213.0302697363089,213.87072938854524,211.10217327887983,211.84375,182443
2022-12-09,212.5853598311996,214.46401511567035,206.80105447059225,210.55838012695312,228964
2022-12-12,209.61903305234932,211.15162805677227,207.49318568607805,208.13587951660156,135171
2022-12-13,209.17408993628547,215.5516471202969,208.6302639558837,213.87074279785156,262287
2022-12-14,214.9584090159667,219.01236860065336,212.63481054601903,218.3696746826172,404986
2022-12-15,219.45730550750048,221.48428524260646,215.65055340734494,218.46853637695312,330529
2022-12-16,217.2820306105525,219.11125965634903,212.63481841133765,215.5022430419922,263953
2022-12-19,215.05728335699618,216.2438032821716,210.65726379545188,212.28872680664062,394537
2022-12-20,212.18984864428322,220.3471934789843,211.3988303701012,216.44154357910156,777947
2022-12-21,217.2325681472992,219.50674009368151,207.64151089942845,216.58987426757812,783394
2022-12-22,216.63931420410054,219.3089877363961,209.27297239495928,213.12918090820312,456048
2022-12-23,210.41006064193897,210.80556223408513,200.7201207601711,201.75833129882812,498323
2022-12-26,201.70887847195854,207.6414925446632,197.40772723428054,203.43922424316406,234411
2022-12-27,203.48869760222354,207.44377427053723,202.20329466753756,207.1471405029297,172915
2022-12-28,206.70218430719981,208.63028104343493,204.6752046255499,205.12014770507812,136505
2022-12-29,205.12013118019928,205.66395716133064,201.11561361221862,202.64820861816406,126307
2022-12-30,204.13135585990528,205.96058453436453,201.16504887694492,202.25270080566406,157208
2023-01-02,202.25270405761194,205.21901108826646,201.75831955250283,202.69764709472656,213792
2023-01-03,203.48865917891303,204.13135298119064,201.6099890637478,202.54933166503906,161847
2023-01-04,202.54936955318666,208.38310159367623,201.7089097276866,206.1583709716797,386512
2023-01-05,206.9988110222007,217.5291955920292,206.35610207368214,216.44154357910156,1203669
2023-01-06,216.4415349706637,221.2865122776947,209.61903468795688,211.34938049316406,1063434
2023-01-09,212.4864737686924,221.28652781999256,212.437047383578,217.33145141601562,557816
2023-01-10,218.0730409175928,223.46182981375918,214.06852280831356,218.3696746826172,525954
2023-01-11,218.5179609177111,220.05055596878054,214.06850017504277,215.00782775878906,201115
2023-01-12,215.0078206270622,215.7493973929091,211.15162747962543,212.88197326660156,149207
2023-01-13,213.9201790429903,219.2595256044796,213.57410385825295,215.699951171875,241888
2023-01-16,217.52918719429334,224.94495493955336,217.52918719429334,223.80787658691406,979340
2023-01-17,224.6977552302963,239.97423326147322,223.7584276978622,238.3922119140625,5404878
2023-01-18,240.27089235879112,243.6821427513395,224.69777896516578,226.03262329101562,2099636
2023-01-19,226.67531223161558,231.32252390328597,225.6371016771931,228.85060119628906,752192
2023-01-20,230.38319774949258,233.84388956118025,224.05508161451704,225.34046936035156,775165
2023-01-23,226.37866918112536,227.5157626320406,219.8528025554334,222.02809143066406,389115
2023-01-24,222.4236153561572,224.0550934920343,215.74942365123576,216.93594360351562,322705
2023-01-25,216.9359239126325,222.76967037023778,211.59657706830615,214.01905822753906,1004324
2023-01-27,214.56287973931637,216.93591937888536,190.8324229939542,192.90884399414062,1875083
2023-01-30,196.76503896327998,205.66396032342834,195.5290776632594,202.84596252441406,974414
2023-01-31,204.87294589409893,213.32692436136077,201.75832939493753,210.75611877441406,479467
2023-02-01,212.98085959206918,215.35391450108938,205.4662234320533,213.32693481445312,627928
2023-02-02,212.53589479600245,212.53589479600245,203.3403400238531,206.70216369628906,322679
2023-02-03,208.63027541254152,213.12917773394503,200.76956426163807,206.20779418945312,533630
2023-02-06,207.24598979853678,208.77856968868628,204.87293513047277,206.94935607910156,171481
2023-02-07,208.48197225170114,208.48197225170114,202.94485921737984,206.35610961914062,223038
2023-02-08,207.14711371628084,211.5965743927642,206.5044198757561,208.58082580566406,209189
2023-02-09,208.58082456603526,209.71791800682954,198.19874971594305,200.12684631347656,481213
2023-02-10,200.47292249789072,203.43922961253276,199.7313457192302,202.10438537597656,195408
2023-02-13,203.686436567952,209.66849269823248,196.76505280107983,207.59207153320312,555619
2023-02-14,207.69093506251238,210.80555143145784,204.67518654282773,205.41676330566406,247303
2023-02-15,205.31789136309177,209.91567659132423,204.0819300255162,209.22354125976562,264889
2023-02-16,209.22355118224078,212.09097558643697,206.85049624910172,211.29995727539062,244328
2023-02-17,216.9465052396367,224.47524845405508,199.6105972866977,201.93856811523438,4291333
2023-02-20,202.97871678176762,209.12059359631883,199.1152917932581,200.60122680664062,2007081
2023-02-21,203.91980146272624,204.01885471800998,191.68559831470236,194.50888061523438,3165543
2023-02-22,193.61729431152344,195.59854063881602,189.45668004735106,193.61729431152344,929393
2023-02-23,195.49950153620355,197.03495545837697,191.4379402251172,196.34152221679688,599663
2023-02-24,197.77791795983012,197.77791795983012,191.98278124695864,194.95465087890625,570438
2023-02-27,194.9051241025761,194.95465828813323,188.86231624167556,190.89309692382812,456850
2023-02-28,191.43795650794098,192.62670146828899,190.19967735847177,191.0912322998047,332841
2023-03-01,191.83418810615908,204.91042722073826,191.78466903576597,203.87026977539062,1537154
2023-03-02,203.77122552172779,203.77122552172779,199.11529867534736,200.70030212402344,937305
2023-03-03,201.09651163322414,202.63198063189088,199.06573102954945,201.641357421875,409653
2023-03-06,202.08714987668182,207.93182120428156,200.10590330926337,204.71229553222656,866506
2023-03-08,202.0376342683099,207.5355970216195,200.60123339798545,205.75247192382812,383344
2023-03-09,205.6534010162802,206.39636848365737,201.4927711063987,205.05902099609375,882097
2023-03-10,203.07776513940888,206.4954123100762,203.07776513940888,204.26651000976562,292928
2023-03-13,203.87026261781594,203.87026261781594,193.66684038269545,198.17417907714844,1096284
2023-03-14,198.17418184329335,198.8180809018982,194.16215470507186,195.25184631347656,180088
2023-03-15,195.94528480769458,200.7993327591062,194.3107473512884,198.61996459960938,298810
2023-03-16,197.2331036028949,197.28262267495538,192.775298786196,195.84622192382812,410591
2023-03-17,195.84621687456607,198.12465341194573,192.67622544311723,195.0041961669922,333167
2023-03-20,195.15279246377236,200.30403066302392,192.97342420051734,193.81544494628906,139498
2023-03-21,194.45936195606842,196.14341858746477,192.82482439841212,193.96405029296875,109968
2023-03-22,194.16216901295496,201.59184384763435,193.9145131851323,199.4124755859375,503210
2023-03-23,199.11529957305004,199.7096796479116,194.85561601177747,199.06576538085938,292609
2023-03-24,198.12465351794032,211.00275599660642,198.12465351794032,208.7243194580078,2430434
2023-03-27,208.52620012332233,214.86618305940945,205.05901864858774,212.4886932373047,1233754
2023-03-28,211.9933852783444,214.96525516542397,183.26530970324166,197.28262329101562,1336525
2023-03-29,202.68154060544722,214.46995225835101,202.68154060544722,210.35887145996094,2219547
2023-03-31,212.98398093059114,214.3213282524858,207.3869660826526,213.132568359375,453121
2023-04-03,214.07370986826254,231.26101575168695,214.07370986826254,228.38821411132812,2965278
2023-04-05,225.86208964992798,244.28768722028525,224.871466449709,238.88877868652344,2682651
2023-04-06,237.25426858080144,248.49784852433893,232.79646395193458,245.42691040039062,2011615
2023-04-10,247.75489977596902,254.19395139229425,242.7027147691827,252.06410217285156,1606626
2023-04-11,252.06409400151813,253.0051831071768,245.1792651350107,249.09222412109375,1029460
2023-04-12,249.53801771036512,257.85924786716004,243.94100178672144,255.03599548339844,1541055
2023-04-13,256.3237838868106,266.72532874018844,254.29301817467334,265.4375305175781,3502242
2023-04-17,264.39735780857336,264.39735780857336,258.05737461292836,260.3853454589844,826500
2023-04-18,260.4348654842977,266.67581055598885,255.23409304026745,258.7508239746094,895505
2023-04-19,258.1564411390123,265.4870476011165,256.8190936216024,263.6543884277344,779483
2023-04-20,262.76279319210613,263.8524847143988,257.61154066749697,260.880615234375,493347
2023-04-21,261.9702945370386,268.2607271245355,259.196531679547,263.5552673339844,1405818
2023-04-24,263.5057900250758,269.944841285087,261.7721993012266,263.6048583984375,2019355
2023-04-25,263.60481193208847,272.4213514415496,261.1282541917107,269.9447937011719,1426289
2023-04-26,268.9542448166117,270.1430049525705,264.6450271130438,266.1805114746094,544138
2023-04-27,265.18983764574625,285.20040776305467,264.2982525977118,281.2379150390625,2004389
2023-04-28,281.2379070885403,282.6743227529485,276.6315154734049,280.2472839355469,923741
2023-05-02,282.5752680005919,285.8938617692318,279.35574259830645,281.5351257324219,915921
2023-05-03,280.39590189266005,281.1388693383019,271.1831176592704,274.6502990722656,461698
2023-05-04,276.0867203120791,276.3838952035996,259.54329943850576,269.3504638671875,1215808
2023-05-05,270.4401145283481,270.4401145283481,262.61419784652213,267.12152099609375,277654
2023-05-08,264.49640254976816,273.7091865010678,262.51515608872126,268.60748291015625,789627
2023-05-09,269.6971784506229,272.17373656311713,260.6329818051784,266.0318603515625,877711
2023-05-10,267.46827545867257,280.8416892316062,266.03185966456635,279.4052734375,2257329
2023-05-11,282.32767514571896,285.0023704765126,272.91675264086166,274.3036193847656,638845
2023-05-12,274.6008117546546,275.39329836240756,266.081444679892,267.963623046875,447689
2023-05-15,268.70656311370567,273.1148487762509,266.0814174834877,267.0224914550781,274429
2023-05-16,267.46828656192184,276.3343770423771,266.3290758321095,267.7159423828125,327922
2023-05-17,267.7159375706964,270.9849822551237,263.010477058353,266.3290710449219,483423
2023-05-18,267.468263968894,273.8082464018725,266.7748156364063,268.70654296875,373148
2023-05-19,269.8953418402282,281.3370293570743,269.8457925342327,278.7118835449219,1606279
2023-05-22,278.7118565861932,285.0518393206282,269.8457664330869,276.6810607910156,1497204
2023-05-23,277.96883809594596,287.2806888610198,275.5417994940362,280.5444641113281,1693994
2023-05-24,279.851013677929,283.31819437836356,276.53242038980125,277.671630859375,719603
2023-05-25,278.5632920426189,278.6128111164697,268.458922000225,275.6904602050781,742054
2023-05-26,276.6810916298861,283.5164169811024,276.28484833321033,281.1884460449219,788079
2023-05-29,280.34634289261624,286.2900816111876,273.2138443377632,275.2941589355469,1098689
2023-05-30,276.8296727999652,279.2071624978131,273.9073221885673,276.9287109375,369225
2023-05-31,278.860466857127,281.93140522048867,275.7895284937653,281.2875061035156,498111
2023-06-01,283.813533332607,284.8041564856004,278.16696926797687,280.2472839355469,946554
2023-06-02,281.2875010511686,297.1869930888525,280.09874098624346,295.60198974609375,3800428
2023-06-05,298.07851073096424,298.92054648565863,289.36103878351986,291.34228515625,2005945
2023-06-06,291.63950361866523,294.9580978353904,288.41997778167104,292.630126953125,758550
2023-06-07,292.2338783001078,293.86840072567094,284.30889176993537,287.28076171875,1056371
2023-06-08,289.2620113268932,289.2620113268932,268.06267818689213,276.7801513671875,1995408
2023-06-09,277.37450454657335,278.41464684605427,268.0131029255578,268.60748291015625,1360300
2023-06-12,270.2916044922094,278.41469834623024,268.508464208575,273.6101989746094,2446980
2023-06-13,275.19513438591014,283.31825735365413,271.82702128882966,282.1790466308594,2676468
2023-06-14,285.20042357370124,286.09197843974056,275.69043446263095,277.6221618652344,692127
2023-06-15,278.31567522449075,280.54457802586757,272.7186284492235,276.13629150390625,507949
2023-06-16,276.4829727169871,290.74794237854206,276.4829727169871,288.915283203125,2807898
2023-06-19,290.2526510644065,290.9460995247078,282.2781449280745,283.2687683105469,931906
2023-06-20,284.2593606093773,292.6301091370752,281.4855973029087,289.41058349609375,1608105
2023-06-21,288.2713623046875,290.9955762096287,284.6060442309251,288.2713623046875,504653
2023-06-22,287.3302806908744,293.71981317114705,281.6341966243176,282.22857666015625,492804
2023-06-23,283.31825873907775,284.11074527235195,277.7212432403422,279.454833984375,822264
2023-06-26,279.35577909322893,287.1816973548748,278.6623306695765,285.25,1796270
2023-06-27,286.98356262706125,286.98356262706125,278.66230328662607,279.8015441894531,343640
2023-06-28,279.9996573012322,282.2781089292041,276.3838884626116,277.37451171875,353762
2023-06-30,278.31565059052235,281.83235149552337,274.7494003776857,279.8511047363281,457685
2023-07-03,275.49230887498726,293.62070074417863,275.49230887498726,291.0450744628906,1988040
2023-07-04,291.5404127018408,292.23386107492666,274.8979540620073,281.8818359375,5724602
2023-07-05,285.29952754580665,290.2526443434769,283.863111581912,284.6060791015625,1231457
2023-07-06,286.3892032319255,291.2432513752278,283.9621640445623,288.7666931152344,765536
2023-07-07,290.4507855034715,300.1588824812517,288.0237461433133,291.5899963378906,5644828
2023-07-10,291.9366971116808,296.1963651873576,285.34902801518416,288.61810302734375,655853
2023-07-11,290.2526309467951,304.81480575239516,288.2713843191719,299.0196533203125,3727133
2023-07-12,302.6354317921974,303.77464259226593,293.2245100179719,297.28607177734375,1190426
2023-07-13,297.78138885537,297.78138885537,289.5591968066162,292.53106689453125,688213
2023-07-14,294.6113247662095,297.83085006930503,292.53101006254076,296.0972595214844,585829
2023-07-17,298.67289890196264,306.25116043975805,294.0169577054498,304.61663818359375,1425121
2023-07-18,306.1025963224819,307.0932196115514,295.3048085179088,302.5363464355469,953309
2023-07-19,301.1494932726258,307.0932332714276,300.15886993949215,303.2793273925781,580424
2023-07-20,305.0624104673718,306.1025526800275,298.425223284331,299.6139831542969,490007
2023-07-21,301.5011713824409,301.5011713824409,293.95249197613197,298.422119140625,521345
2023-07-24,300.65692618260664,309.8941433303131,299.018038675331,302.4944152832031,1039828
2023-07-25,304.5802825857167,314.56246904566916,304.1333380141857,310.2914733886719,1375920
2023-07-26,312.37730663295633,314.2148262637059,306.31847204770736,307.7586975097656,411451
2023-07-27,309.89414685837767,309.89414685837767,302.3454372187384,303.4380187988281,416195
2023-07-28,303.9346506854095,310.34112848626137,303.9346506854095,305.3251953125,318085
2023-07-31,307.9076433464023,308.90089380881005,304.38161632949425,306.7654113769531,341781
2023-08-01,307.857992380561,307.857992380561,300.11062060109924,301.6501770019531,402749
2023-08-02,300.1603261425938,303.8850156778927,286.602431984825,290.42645263671875,731187
2023-08-03,291.866647107434,298.6207379574649,283.12602507090236,292.1149597167969,1053212
2023-08-04,287.0493873357802,301.50116962545064,287.0493873357802,297.5281677246094,780862
2023-08-07,297.97513109779885,299.16704374682917,290.82371582681253,292.959228515625,438611
2023-08-08,293.8035162825602,293.8035162825602,278.1101688776754,286.6521301269531,3469455
2023-08-09,289.2345895534478,301.948185227875,289.2345895534478,296.0880126953125,3058404
2023-08-10,298.6704180459855,301.25284492871765,293.1082095454899,294.6477355957031,581600
2023-08-11,296.9819043699345,300.9549064350842,292.1646333036206,298.7200927734375,802586
2023-08-14,299.961640243139,300.9052403089407,290.0291355993265,296.5845947265625,354975
2023-08-16,294.10146563671316,298.47176157414805,293.3068470861624,293.9524841308594,271152
2023-08-17,295.9886344567945,309.8444903756361,294.34977727463865,305.8218078613281,2097398
2023-08-18,306.4177747362171,318.0884679392983,305.57350576133393,313.767822265625,2396789
2023-08-21,314.3638009629926,319.8266790208013,309.8941734611491,311.8310241699219,1080275
2023-08-22,311.63235346476233,320.9192519729646,310.8874155680338,315.8536682128906,1559163
2023-08-23,316.8468777703914,317.84012817092554,311.8806257677207,313.0228576660156,406433
2023-08-24,314.76106350015914,321.8131478013352,311.88064323956564,315.2080383300781,735223
2023-08-25,312.87391748646803,315.85366908157727,304.381637565047,307.36138916015625,422016
2023-08-28,307.90761759570034,323.8989547654092,306.9143672163594,322.1607666015625,5560201
2023-08-29,323.89901275004854,327.4747208181211,319.8266794033992,321.21722412109375,1897784
2023-08-30,323.60099726757034,328.1699555803634,320.3729331775621,323.154052734375,521232
2023-08-31,324.24663927017394,330.75241794903604,320.86956330609905,324.9915771484375,672952
2023-09-01,326.68008685961723,344.45926493625336,325.28954220715855,342.91973876953125,3047391
2023-09-04,343.6646342436811,350.7663684554726,337.8541134116349,349.3758239746094,2162727
2023-09-05,349.62419118656624,352.40528058272804,338.59910409535144,341.5292053222656,614284
2023-09-06,343.6150092096677,346.7933924988527,332.0932977963252,339.0460510253906,513298
2023-09-07,339.6916798780686,351.85899882106963,334.7254272482723,349.0282287597656,486429
2023-09-08,348.6805517739221,354.5904039646385,343.366686215887,344.7075500488281,370390
2023-09-11,346.59478547785153,351.21339439215393,339.5923510360118,347.3893737792969,400944
2023-09-12,345.6511851894875,347.2900425052209,324.79292401425977,330.3551330566406,1196714
2023-09-13,332.7389219194352,337.2581996298203,324.79291781389645,333.58319091796875,567996
2023-09-14,335.66896801759253,342.07541459024355,335.1226621379557,340.535888671875,903270
2023-09-15,337.5561339803514,345.6511181858916,337.5561339803514,341.28082275390625,471189
2023-09-18,338.0527971118473,343.56532499110074,334.725402038169,338.1024475097656,868890
2023-09-20,332.73895433047227,338.59912686680775,330.255827805618,332.7886047363281,1335334
2023-09-21,332.68924288725503,336.71189499485547,320.81988815144047,324.2962646484375,332037
2023-09-22,324.6439236324352,330.40476425953693,321.9124848277302,328.12030029296875,463963
2023-09-25,323.65069389745855,333.6328496805768,319.9756547819021,323.60101318359375,447326
2023-09-26,322.8064071938978,331.944323768334,321.81315671022435,329.90814208984375,432464
2023-09-27,331.64632769144083,331.64632769144083,323.79965499768184,326.4317626953125,393270
2023-09-28,326.72976814643994,332.63959050767784,326.28279329126394,328.46795654296875,715394
2023-09-29,329.46119738521764,333.23553709654476,327.9713216604939,330.7524108886719,377811
2023-10-03,331.14970262420474,332.73890944806755,322.60774246859125,325.5874938964844,509486
2023-10-04,327.17673209433747,327.772688499384,317.2442263822349,323.8990173339844,784917
2023-10-05,324.34595660127985,326.77943258560043,315.9033268840227,323.7500305175781,740845
2023-10-06,325.7365108850706,336.71191669396563,324.69357968180213,333.384521484375,1007450
2023-10-09,331.74564654982714,331.74564654982714,322.55807999118673,324.3955993652344,330156
2023-10-10,325.73652351893486,334.874410210241,324.79292339056053,332.04364013671875,2287785
2023-10-11,334.3778015104363,342.6714499111869,334.03015774530746,341.8768615722656,2139911
2023-10-12,343.6150262515606,349.3262166872588,341.678175631336,342.91973876953125,894391
2023-10-13,342.57207296049944,344.50892345595486,335.71865094146955,337.2085266113281,339823
2023-10-16,338.6984316630332,339.4433695625853,333.8315101149461,335.4703674316406,273114
2023-10-17,335.76830508430174,338.450093444599,331.74565285545435,336.4635925292969,274060
2023-10-18,338.2018036326743,341.7775115836218,332.73892574727137,338.7977600097656,357581
2023-10-19,337.7051586498684,367.4530222496948,335.7683081153253,361.1955261230469,6601663
2023-10-20,362.53644612069075,364.7712598296539,350.71677078893913,353.3985290527344,1386162
2023-10-23,355.2856959374858,355.7823211594775,320.42259929135037,324.44525146484375,880549
2023-10-25,325.7861635173191,332.2919421580403,312.87390703644974,324.94189453125,1018982
2023-10-26,324.4452521055477,335.0233632925401,310.8873895807209,329.56048583984375,1008906
2023-10-27,329.90815169751033,340.9828888506716,329.90815169751033,334.4274597167969,565998
2023-10-30,334.42743422971324,335.3213535606059,325.0412054763454,326.9283752441406,394352
2023-10-31,327.723027165929,330.70277878018527,319.77702286124554,323.60101318359375,363349
2023-11-01,323.5017309785837,342.5721242193031,321.66421131515847,336.9106140136719,1710333
2023-11-02,335.222042293529,339.6916695241094,323.7996615931569,335.1227111816406,7331918
2023-11-03,337.7051389384813,348.63089343354983,333.7817876997043,339.3936767578125,2539574
2023-11-06,342.6217669243501,342.6217669243501,333.23553771648886,335.02337646484375,5482019
2023-11-07,336.711957621554,338.5494773169126,332.04366761838384,335.3710632324219,584184
2023-11-08,336.71186876079764,348.9288359451797,335.7186184104708,340.535888671875,1549246
2023-11-09,341.678149649338,350.9153665704514,341.62849925222577,347.2900085449219,1882062
2023-11-10,346.6940773932399,349.1275532603775,337.5065102021773,347.14105224609375,494883
2023-11-13,353.54752960550064,353.54752960550064,340.7345738335262,342.8700866699219,245859
2023-11-15,350.6174179224891,351.36235577926493,342.969377134951,347.68731689453125,1023054
2023-11-16,348.5812786041099,352.00797467660044,337.85415490930467,343.7640075683594,1598857
2023-11-17,345.55184777763253,347.33971688989277,337.7051747789131,338.69842529296875,318941
2023-11-20,340.2379461370553,343.3667094566148,336.7119189920148,338.5494384765625,193497
2023-11-21,337.75482042488875,351.1140517754988,337.75482042488875,349.6241760253906,693822
2023-11-22,351.61066665620586,354.59041806854657,338.6984105360627,339.9896240234375,917947
2023-11-23,342.1251476655301,347.3893632034442,335.71866980061225,340.2876281738281,818024
2023-11-24,341.6781551962319,345.4028443880513,337.65550299370625,338.1024475097656,409372
2023-11-28,339.59235711826847,339.69168823562836,332.73893438285234,333.93084716796875,367590
2023-11-29,337.4071984889455,372.8662222602013,336.3146169041036,370.63140869140625,8753169
2023-11-30,372.22063964593093,373.3628717039385,359.65602638464594,362.7847595214844,1744108
2023-12-01,365.51615487845453,368.4959061410506,358.762064141209,364.1256103515625,681039
2023-12-04,369.5885236782441,377.4351967053242,362.5364389406403,371.92266845703125,1163844
2023-12-05,375.9453305199432,383.6926726305883,371.1280593241442,375.5976867675781,2141826
2023-12-06,378.229781455861,379.47134459130115,367.4033569771425,377.7828369140625,1606530
2023-12-07,376.64061742657054,376.64061742657054,369.38987028733123,372.1709899902344,519721
2023-12-08,373.4125227029371,376.34259337408673,365.51616941830974,371.3266906738281,253130
2023-12-11,370.48242479120864,379.9183042429955,366.2611102996198,373.1145324707031,415923
2023-12-12,377.08756460635107,385.7785069041276,374.0084818442471,380.7626037597656,1919095
2023-12-13,380.6632731036621,381.35856061296687,375.8956825906051,379.0740661621094,260992
2023-12-14,383.39470653519936,388.3609592105258,377.4848537269206,379.76934814453125,687553
2023-12-15,382.3020940120789,382.3020940120789,371.5750012242643,380.61358642578125,453884
2023-12-18,380.61358232768106,383.39467144669663,375.2500056799255,382.2027587890625,1157062
2023-12-19,381.408199880593,401.5215229211711,376.6406095067257,398.3431091308594,2242120
2023-12-20,398.2934609868851,398.2934609868851,369.73750836001994,372.8662414550781,1080377
2023-12-21,371.4756789822029,383.7919788540524,366.5094265893927,380.01763916015625,659226
2023-12-22,381.408203125,385.3812052408854,378.42845153808594,381.408203125,323404
2023-12-26,381.4081917475728,384.3382928452735,375.39903835118974,383.64300537109375,838526
2023-12-27,384.38794056937866,387.1193794235539,376.54126774152263,380.1666259765625,222161
2023-12-28,381.7061388016914,384.3879271623471,374.05812846371487,375.5480041503906,147907
2023-12-29,375.0017139021729,386.57310646879444,374.0581441147572,383.64300537109375,609171
2024-01-01,383.3946876204068,385.0335448600913,377.43518470402745,382.6497497558594,178572
2024-01-02,382.64973344860493,382.64973344860493,372.7668794088103,375.3990173339844,397640
2024-01-03,375.44865222038305,386.67236964624783,374.5547329202729,381.75579833984375,425901
2024-01-04,383.7919813112231,384.38793766449567,373.4621823303627,377.5345153808594,254164
2024-01-05,383.1463489820893,383.39466158674395,376.5908901568877,377.6834716796875,177513
2024-01-08,378.08076293925734,380.4645578636811,370.6810655632003,373.3628234863281,176416
2024-01-09,374.5050759595606,389.35418254609846,371.62465567141174,385.8281555175781,1774392
2024-01-10,387.4670657638574,391.93669347125785,379.07408605531987,388.1623229980469,986025
2024-01-11,388.360940663736,394.2211124784393,381.3585368505769,386.92071533203125,772651
2024-01-12,390.2977907041644,405.941485862906,383.24570618933245,389.4535217285156,2202959
2024-01-15,394.3204689194351,400.97525973868574,391.53937950005945,393.5755310058594,1711132
2024-01-16,395.71098050375065,398.69073190861565,379.4216788861418,381.6068420410156,817975
2024-01-17,378.92506005446626,402.26644645362734,374.45543287164816,397.94580078125,1585112
2024-01-18,401.07455360460733,406.785744176532,384.3383063518131,398.49212646484375,1438249
2024-01-19,399.6840255572316,405.9415223704433,394.12181627157753,397.2505798339844,330806
2024-01-23,403.55765823539537,404.6999205376258,391.8373146862757,397.8961486816406,531575
2024-01-24,397.89617673266105,404.25297419577805,389.3542159330344,394.4197998046875,574038
2024-01-25,403.1603604640996,407.1333623515243,394.41976843640487,405.4448547363281,526481
2024-01-29,405.29585961962255,411.2057122953675,401.91881393845404,403.3590393066406,421377
2024-01-30,404.004645277303,410.56010471105554,402.26645688336254,405.8918151855469,483061
2024-01-31,406.23944365530303,412.19894649621216,403.2596922348485,409.7158203125,485297
2024-02-01,412.1989426341754,413.8377998377506,400.03162444798585,402.8127136230469,442526
2024-02-02,404.0046356271368,409.11986957337194,399.4853580354804,402.216796875,407195
2024-02-05,404.50125619256556,413.0432163451396,399.286691195608,406.3387756347656,533405
2024-02-06,408.3749630132246,412.94392166644246,401.57119059272,411.60302734375,449014
2024-02-07,413.5398214711161,417.1155290717367,404.3522550185369,405.7924499511719,248713
2024-02-08,406.9844191898007,409.7655086483972,402.56444204894376,403.95501708984375,285343
2024-02-09,405.19654768861113,406.48776119513496,392.88021741900263,397.1015319824219,244640
2024-02-12,401.27320362400354,415.1787106802809,390.3970984803467,396.4559326171875,722702
2024-02-13,394.22112099579005,405.54417073710437,383.4940276222502,402.4651184082031,654080
2024-02-14,389.88494676089255,415.44303425759205,389.88494676089255,407.4872131347656,498475
2024-02-15,410.1225883594327,410.7689927803574,399.78002657748686,401.76898193359375,445571
2024-02-16,397.79107572115385,427.5259525615,397.79107572115385,404.0065612792969,1422358
2024-02-19,423.1999570740036,439.7082923388462,419.8684811843663,423.39886474609375,2102733
2024-02-20,442.4430637629757,447.4651936888695,422.05627362682804,425.13916015625,2071532
2024-02-21,428.52040165326486,432.5977659771117,417.58114780097003,428.0231628417969,688009
2024-02-22,432.3988676328009,433.5922529456655,423.05078384552525,431.4541320800781,484448
2024-02-23,427.62537259648985,432.15023358550786,424.045247128198,430.9568786621094,341209
2024-02-26,432.1005348456794,436.2773530758672,428.2717898595155,430.3601989746094,247115
2024-02-27,430.1115424958703,431.5535470900993,423.64743838899597,427.0286560058594,170281
2024-02-28,428.91818707661764,429.11709474103014,414.2496421231294,420.76348876953125,595100
2024-02-29,419.61986711330326,424.4430595578986,413.8021666446402,418.37677001953125,316744
2024-03-01,418.42640865455337,431.60323554622977,417.73026226405443,422.1059875488281,314597
2024-03-04,428.5701523097164,429.21655670773475,420.6640429097364,426.2331237792969,142612
2024-03-05,423.2496700539203,430.1115593823494,419.6695446458993,423.44854736328125,248386
2024-03-06,424.5424608910785,426.034177219121,406.989938167588,414.5479736328125,459693
2024-03-07,406.44301304879576,421.06181576759013,406.44301304879576,413.3546142578125,230342
2024-03-11,408.73031018520726,414.3491027833936,403.7579219834407,407.4872131347656,181694
2024-03-12,403.8076346692281,407.63637966334295,397.1943644152383,403.3601379394531,207095
2024-03-13,401.7192527186637,405.1501823493079,377.95121296761084,380.3876953125,465422
2024-03-14,377.90149621276163,386.4540098284391,364.8241215583666,376.06170654296875,827399
2024-03-15,377.9511949544791,383.2219443771656,370.5920668774755,376.65838623046875,253003
2024-03-18,369.44844101623534,383.8186549665806,363.82964845416967,378.2992858886719,419471
2024-03-19,378.89597893598796,384.91255648813404,376.90702366598276,381.431884765625,260953
2024-03-20,381.87940764362844,394.11147028009395,378.2992821271597,391.6750183105469,363974
2024-03-21,394.8075962850492,400.92362728615433,390.9291398220836,399.2827453613281,211915
2024-03-22,398.13914021774434,405.7468883036274,396.19989662667325,402.66400146484375,185090
2024-03-26,401.66949196371576,404.7523785581698,398.3877280609712,402.6142578125,276468
2024-03-27,403.21096359702324,415.69164560166433,403.21096359702324,412.4098815917969,260563
2024-03-28,415.64189941395676,422.6032421844326,412.7081785353521,415.3932800292969,257939
2024-04-01,413.6529370386715,422.8518541087911,412.708171254014,415.1446533203125,168788
2024-04-02,416.68611714114263,418.1281218102479,410.1225588681551,411.1667785644531,163499
2024-04-03,413.205447761194,427.17784606933594,411.91263900529094,416.4375,425761
2024-04-04,419.47064895680603,420.3657030961368,414.1999296981062,416.586669921875,177791
2024-04-05,418.67502802986803,427.3767061658807,418.17778927923877,422.1059875488281,707613
2024-04-08,425.58669664980664,432.4982976887618,415.6916324927174,421.3104248046875,668847
2024-04-09,419.967906847355,424.89058344112016,414.7966411857637,417.23309326171875,277293
2024-04-10,417.1833742223767,421.608811904999,416.18889657226373,416.9844665527344,207528
2024-04-12,416.9844674870414,423.5480260623031,409.9237004346585,411.8132019042969,186895
2024-04-15,402.7634390847123,415.7413599822669,395.1556913051441,410.4209289550781,565195
2024-04-16,405.74687828022695,411.5645785606724,402.86289918579007,404.4043273925781,217685
2024-04-18,406.6916467959737,409.12809882718005,399.82972673698407,401.3711853027344,160896
2024-04-19,397.74132799730626,406.74133813175155,386.6528784853809,402.763427734375,160713
2024-04-22,403.7579198941705,407.23859161739614,400.8739408218791,402.21649169921875,137719
2024-04-23,405.2496217511072,412.9071114060234,402.81313949298453,411.06732177734375,199324
2024-04-24,412.2606783639175,416.1888770371007,409.7744843553327,412.1612548828125,217194
2024-04-25,412.16124671335535,416.4871999233098,404.75237657500475,407.7358093261719,1734300
2024-04-26,410.5700821798972,414.6971581395338,405.7965715026753,406.8905029296875,2175644
2024-04-29,408.9292297363281,410.2717503105793,401.37119338019767,408.9292297363281,279727
2024-04-30,408.97891026253717,412.6584894975274,403.3103758408599,405.79656982421875,164653
2024-05-02,406.7413464069638,415.2938600051351,403.75791354823303,409.2772521972656,422204
2024-05-03,412.0618237786328,413.5037981737108,407.48722048072926,408.780029296875,372704
2024-05-06,410.76898129663124,411.7634589468824,402.763448351729,405.5479736328125,163130
2024-05-07,406.2440739989557,406.2440739989557,395.85177159424774,400.8739013671875,365340
2024-05-08,402.86288016918496,407.2385755213385,397.7910383602818,402.7137145996094,94584
2024-05-09,402.614298584083,410.37121242102523,398.2883145658053,404.0065612792969,294061
2024-05-10,404.0065219631547,418.87397411101784,398.0396564080066,412.0120544433594,883113
2024-05-13,412.60878925642993,413.7027207898671,395.3048834470485,411.3656921386719,919457
2024-05-14,420.66401695798334,425.9844780886089,411.365645501514,425.33807373046875,897439
2024-05-15,425.48726860912336,430.0618718687915,414.6971800371479,415.9402770996094,452753
2024-05-16,419.5203840728989,422.1557436584364,414.1999228121054,418.42645263671875,213052
2024-05-17,418.4264793500591,429.46518754889024,418.4264793500591,423.4983215332031,333309
2024-05-21,402.8131760376792,431.60331729156394,402.8131760376792,422.7524719238281,1400361
2024-05-22,423.69718137418874,428.27178453392577,418.9237008982319,423.94580078125,314596
2024-05-23,422.7027035460189,424.641947059799,410.71926027095316,412.5093078613281,437254
2024-05-24,410.71926806269136,420.66404452910035,407.785546865481,415.89056396484375,278484
2024-05-27,418.1778373685382,428.5203985011846,417.23307149407907,425.8353271484375,930655
2024-05-28,423.6474694655165,425.8850441281865,418.87398899144006,421.857421875,237068
2024-05-29,420.21649043486724,423.5977384953221,414.8463175580379,421.2109680175781,222772
2024-05-30,421.16127173923235,421.16127173923235,414.69716721430905,417.5811462402344,143772
2024-05-31,417.58115286488817,425.6364277781632,414.39884264233126,423.0010681152344,602371
2024-06-03,431.6032741233881,442.44307378617054,412.7579116505013,437.918212890625,1769501
2024-06-04,432.59775531618067,432.59775531618067,397.7910393712006,408.9789123535156,1069800
2024-06-05,420.66403292962286,420.66403292962286,397.7910476875866,417.5811462402344,354165
2024-06-06,417.68059874626096,466.90724074135596,417.63088700507717,454.9237976074219,1900260
2024-06-07,454.47629624447984,458.40449518971405,444.23318835933367,451.64202880859375,556013
2024-06-10,454.4762929266856,456.415536513148,441.5480832810687,447.36578369140625,299171
2024-06-11,447.4652157339288,451.1945067962217,436.0784348841087,438.3160095214844,503045
2024-06-12,438.5646293771052,447.0176891270041,438.5646293771052,441.4486083984375,911442
2024-06-13,441.44860362392956,454.4762663438585,441.3988918832048,447.5149230957031,1303506
2024-06-14,449.5038894291292,456.46523284949177,447.8630074069963,454.1282043457031,626537
2024-06-18,462.43206984752726,479.7359734881415,458.454159569269,471.82989501953125,1940916
2024-06-19,474.86306306942265,474.86306306942265,461.0895419765522,464.32159423828125,1901701
2024-06-20,466.6586144719703,479.3382038902284,461.9845576056207,475.4597473144531,789676
2024-06-21,475.70836592544515,478.74151046516056,468.8961882971301,471.2829284667969,354753
2024-06-24,469.7912124740752,495.24984512035275,463.47627364018086,489.9791259765625,1616197
2024-06-25,491.8188861647132,498.1835670997957,475.6586251244839,478.59234619140625,2148526
2024-06-26,478.5923748377088,484.26090965073115,473.7194403637166,475.4100341796875,252650
2024-06-27,472.47632436590067,487.24432312503257,472.47632436590067,484.1116943359375,723692
2024-06-28,484.111658285748,486.9956674545363,475.3602680019006,478.7414855957031,678490
2024-07-01,482.12274630759293,494.8023361801217,475.36031051519717,493.70843505859375,862260
2024-07-02,502.0123097953978,507.18360575843707,492.2664408831889,497.1891174316406,813131
2024-07-03,498.18356459265567,500.8686358963984,488.48740801731464,489.92938232421875,178555
2024-07-04,490.2774909343758,495.5482104417177,488.28853559589965,494.2554016113281,547188
2024-07-05,494.25538936779714,494.6531743558286,487.44321143245526,489.6807861328125,129097
2024-07-08,490.8741754588329,490.8741754588329,478.84098979095336,486.6973571777344,196910
2024-07-09,489.08409347624075,509.570369373926,483.3658470197723,489.6807861328125,436915
2024-07-10,489.1835218692573,497.2387964414178,478.7912492330602,492.9625549316406,178108
2024-07-11,492.91282340384123,493.2608966386177,484.5592175144485,487.0951232910156,149041
2024-07-12,486.5978966700134,490.8244266361711,477.7470517518696,480.2332458496094,163236
2024-07-15,483.5647397051515,493.2608964395993,482.3216426879146,485.0067443847656,184564
2024-07-16,484.95698063674445,491.1724654453489,482.32162114770557,486.3492431640625,197461
2024-07-18,486.3492904074684,488.2885339957477,478.1448496631407,479.6365661621094,225561
2024-07-19,477.3492478952756,479.2884913544693,463.77463472806323,471.2829284667969,215509
2024-07-22,469.39343661374534,471.13377244864796,460.49284977562377,467.4541931152344,600749
2024-07-23,465.7138640805352,468.0508925913387,457.5591656873481,463.5260314941406,203827
2024-07-24,466.6586447607018,482.32166799987294,466.3105715077991,479.6365661621094,105170
2024-07-25,477.3492602979006,478.3437379235213,472.37687216979754,474.8133544921875,54765
2024-07-26,477.2001201864065,491.5205926896484,474.9625454093671,481.92388916015625,246063
2024-07-29,484.8078506349261,494.155934403,478.94043861500046,480.2829895019531,278303
2024-07-30,480.38237467340974,488.1890296128646,477.3989419843732,485.2055969238281,216408
2024-07-31,488.13932329945413,498.2332646064012,485.3050561435604,490.5757751464844,1109515
2024-08-01,488.288511084764,519.1173172835984,485.75260529512445,512.1062622070312,1375958
2024-08-02,510.2167801201484,523.7914252245447,503.6532514729409,520.0621337890625,986136
2024-08-05,510.1670325944714,519.1173314119183,498.33275467232374,507.38250732421875,410719
2024-08-06,512.1559660855983,519.067597573363,499.028849572523,509.7691955566406,235879
2024-08-07,516.4937853414,530.988872803874,510.31716715531786,514.9496459960938,1102830
2024-08-08,520.4288881586934,533.977547887631,514.0530125186896,518.1873779296875,980967
2024-08-09,523.0190604566603,525.0115140203047,506.6311177347135,508.67340087890625,383261
2024-08-12,509.07190057116355,522.1224474771695,506.1330193168748,519.4824829101562,195425
2024-08-13,519.133737941162,527.4522678320526,508.0756452776496,511.0145263671875,154949
2024-08-14,513.0567898757988,513.1065890536503,507.826599299395,508.9224548339844,71202
2024-08-16,512.459018405499,525.0114500039573,511.21373508006275,515.4974975585938,950206
2024-08-19,515.9956888040334,525.957956911825,514.7006061109923,517.8386840820312,184079
2024-08-20,521.4749313241816,525.011524307979,515.1488546527358,522.1723022460938,202415
2024-08-21,524.0152484085821,531.9850620725911,518.7850581915764,527.2031860351562,347688
2024-08-22,530.9390434324565,547.3269851635857,523.4175438454214,536.019775390625,508234
2024-08-23,536.6673248889878,643.2137805180505,536.0197532247914,628.7684936523438,16106676
2024-08-26,625.6304215518684,649.5398644137232,609.1926795843432,629.9141845703125,5436179
2024-08-27,613.6757001456568,627.9217310237809,582.7926697811838,587.7738037109375,2313270
2024-08-28,589.2681656770853,595.7436400251852,578.3594698066221,581.9459228515625,663452
2024-08-29,585.2832523240816,590.065128862949,575.5700409025329,579.1564331054688,339156
2024-08-30,581.547314926032,581.547314926032,560.5767558164358,565.8069458007812,843692
2024-09-02,581.7964387766006,581.7964387766006,548.2235841725274,556.5421142578125,721902
2024-09-03,560.3775865304918,579.1066385948945,559.0825038248155,568.247802734375,956815
2024-09-04,568.4469113663033,586.7277071725209,562.9178655303057,571.2861938476562,1473336
2024-09-05,571.8341690770282,587.7737974833565,571.8341690770282,583.340576171875,750964
2024-09-06,583.3406123002621,588.1723489430914,545.9821059091831,548.07421875,1202868
2024-09-09,557.8869890807673,566.8530299767083,537.1156853271135,548.2733764648438,1706316
2024-09-10,553.1051061662324,553.752617073635,539.4567874709096,541.1005859375,494521
2024-09-11,543.1428364526995,543.192635629246,526.6054359139486,529.0462036132812,362814
2024-09-12,532.9813236394409,542.9435913710194,528.0001897736518,535.720947265625,397629
2024-09-13,540.5028134456394,544.936034663747,536.4183080744896,541.6484985351562,301327
2024-09-16,545.9322743659162,556.6417122298461,534.0273522073669,553.802490234375,597377
2024-09-17,558.4349024442155,559.8794434182765,545.434155287378,553.2047119140625,488231
2024-09-18,555.6952762714957,555.8945337850781,531.9850914717414,536.7669677734375,654000
2024-09-19,535.4220888628506,537.6635990918564,515.2982959792485,518.1873779296875,893755
2024-09-20,523.019100427268,577.8115776148865,514.0530587056577,557.488525390625,11666778
2024-09-23,553.9021085183152,613.6757173512269,547.924747635024,585.7315673828125,6382489
2024-09-24,582.8923069435242,597.2379979382132,577.3134608927348,593.6017456054688,1326263
2024-09-25,589.2681399224108,607.2500211267809,587.8733981095273,599.2304077148438,1395374
2024-09-26,603.4145746137372,621.4462550637854,591.65911073551,616.216064453125,1559018
2024-09-27,619.4538108606496,619.4538108606496,597.8356771821977,600.9738159179688,580139
2024-09-30,602.7171903975412,602.7669895746194,588.9194740798043,599.6787109375,324608
2024-10-01,598.3337915870112,612.5798834668254,592.8545441885776,610.2885131835938,435618
2024-10-03,598.7322998296942,604.7096605601071,587.7738051572704,599.2802124023438,398380
2024-10-04,598.7322935887762,607.0507628632831,579.8039848064356,594.299072265625,599509
2024-10-07,594.7473400680128,599.8280719175071,556.492210455265,559.97900390625,619204
2024-10-08,550.3654964740297,575.2213667825454,550.3654964740297,559.8296508789062,1533856
2024-10-09,562.8681379805311,584.735328245348,562.8681379805311,575.769287109375,405907
2024-10-10,582.3941480838033,590.7624773120209,576.4666474190775,578.9572143554688,248121
2024-10-11,581.8959935307216,582.693023537867,567.8492213251459,569.2937622070312,215238
2024-10-14,571.8341168324147,581.3978686804936,563.8643033573984,569.194091796875,239484
2024-10-15,570.339797501535,574.5737610637735,557.4386493097436,561.1744995117188,220589
2024-10-16,562.270485255901,566.8531046623327,543.4915717556099,548.9210205078125,573195
2024-10-17,552.905863959396,554.6990600058605,527.8009368943223,529.1956787109375,784469
2024-10-18,528.0001731509932,538.9586673107308,516.3443081110286,534.4756469726562,466112
2024-10-21,537.9624610439395,547.9247288410495,518.2371829666331,520.4288940429688,307163
2024-10-22,520.4288792964536,521.9730186002805,495.87186555046526,498.9601745605469,515823
2024-10-23,498.11337981343064,520.7277394179316,481.22732407678416,507.4779052734375,597353
2024-10-24,506.18282298119766,515.1488334213329,488.25074129607106,491.886962890625,493980
2024-10-25,493.13225827155003,494.72622720705493,467.2801610557367,477.4914855957031,459898
2024-10-28,476.19640067341356,504.7881214103828,476.19640067341356,501.00244140625,459263
2024-10-29,500.95260049691984,503.7420230866027,486.60694214547374,500.3548583984375,290407
2024-10-30,500.10582728057466,508.4243267032769,496.4696057324265,504.1405334472656,183295
2024-10-31,498.11336708486147,514.6507065501371,498.0635679091239,512.0107421875,276416
2024-11-01,513.0568129941641,518.8349163970099,512.0107869927208,516.7926635742188,41398
2024-11-04,508.6235366273476,516.3442936601739,496.1209035287092,501.7994079589844,218757
2024-11-05,503.5926475099404,522.7202142350878,496.6688590874571,518.3367919921875,507465
2024-11-06,520.9767966043767,535.7707396769931,518.0379154997053,528.0001831054688,402856
2024-11-07,531.8355847820958,533.4295839409759,516.0454163452106,518.8348388671875,150199
2024-11-08,517.6394113664105,522.4711477397955,503.99112270076523,508.1254577636719,156624
2024-11-11,501.2016872966138,513.3058363081099,496.71866689217615,497.6152648925781,228341
2024-11-12,498.11336627301904,505.7344946965108,484.4650478761675,492.5843200683594,611651
2024-11-13,499.1096185927013,502.39715481766973,468.3760162375951,474.7518615722656,681831
2024-11-14,482.67186539765896,498.11338018334254,482.67186539765896,492.43487548828125,917962
2024-11-18,492.43487481341737,497.36620943144544,475.69827742316517,488.0514831542969,745318
2024-11-19,490.1435589449834,498.86054297093585,479.9820339766164,482.5224304199219,174309
2024-11-21,489.74512176440606,489.74512176440606,474.3036057084647,477.1926574707031,193706
2024-11-22,484.3654695755572,484.3654695755572,473.6062021772151,480.7292175292969,113083
2024-11-25,483.16997219460853,493.33149717286824,470.31865324146423,485.2620544433594,636487
2024-11-26,489.14732672236494,489.14732672236494,478.2884613949608,483.5684509277344,156366
2024-11-27,486.1586536640893,499.0598022286463,484.16620016546597,492.9329833984375,191232
2024-11-28,496.369967787544,503.74203950259863,492.58431837783206,498.3126220703125,156744
2024-11-29,498.3126546969402,499.0099952115308,488.699041809479,493.68017578125,115993
2024-12-02,497.9639483069534,507.9262158317402,496.32018024584914,502.2477111816406,291050
2024-12-03,502.89528345930324,508.0756750521797,500.7534018900594,505.5353088378906,147956
2024-12-04,505.53532537705263,511.8613415298783,500.1058769030887,504.0409851074219,164815
2024-12-05,504.0409258209983,505.53526591486144,494.22808645747847,498.86053466796875,147893
2024-12-06,502.0982868786701,533.9775431884269,497.8145239730177,524.712646484375,1259700
2024-12-09,525.011546261877,533.4794744273912,513.3556800377853,517.9881591796875,377550
2024-12-10,518.4862261480606,546.3805752529477,510.06809791793603,540.0046997070312,1298374
2024-12-11,542.9436038291975,549.9171914013157,539.0582950027884,545.1353149414062,678346
2024-12-12,546.92846452791,546.92846452791,530.1420687637032,535.969970703125,305870
2024-12-13,533.7284584374953,535.4718551752752,519.0341145047785,526.1072998046875,156789
2024-12-16,526.0077453279164,532.9813328606729,519.9805854070056,522.1224365234375,153143
2024-12-17,526.0077614154397,529.99266869889,513.6047253347288,515.1488647460938,120463
2024-12-18,518.336741175618,524.314101390916,507.12919077193436,514.052978515625,155785
2024-12-19,508.0756134609639,518.8348495850493,502.4967378993387,516.7427978515625,192892
2024-12-20,518.3865898110939,518.8349040309872,503.59264618862363,506.282470703125,252718
2024-12-23,509.9684368930615,523.5669251407438,496.12089197270217,499.508056640625,237475
2024-12-24,498.11339525550636,505.9337816415036,489.2469829004441,499.9564208984375,358417
2024-12-26,499.95640068937166,500.55414282000237,491.4884733123157,495.672607421875,73923
2024-12-27,488.699000819218,498.4620408264589,488.699000819218,494.6763610839844,174201
2024-12-30,493.2318882897633,494.6763988893552,481.22733726579384,486.25830078125,249676
2024-12-31,483.16996433152855,491.23940692971576,480.1314849642289,487.6529846191406,194665
2025-01-01,487.1549158873517,524.7624784123977,485.1624622436406,519.5322875976562,852917
2025-01-02,513.1563163350984,517.539737859311,508.82275478660847,512.1102905273438,278286
2025-01-03,515.049262620289,520.179855032164,502.8454841539475,504.98736572265625,166457
2025-01-06,504.58887027523133,511.96097285983336,498.11339612559857,507.0794372558594,527214
2025-01-07,507.9760138796788,544.9360323949988,505.3360190719619,528.498291015625,2326530
2025-01-08,534.7247310570547,542.8938029193171,521.3752677110508,530.8892822265625,962996
2025-01-09,527.0537609527977,546.4801829842097,521.3752561980291,526.9541625976562,706576
2025-01-10,532.1345364855341,532.1345364855341,518.087702995214,523.5171508789062,438759
2025-01-13,515.3480961184082,526.5058481068086,503.0447198270697,506.431884765625,327916
2025-01-14,510.0183459862733,544.9360847786692,509.3209750330797,539.9051513671875,1462528
2025-01-15,544.9360171115404,575.8190455036021,541.7480794391311,566.1058349609375,4388159
2025-01-16,574.8228230371974,589.7662239827051,568.2477509431156,588.5707397460938,1823500
2025-01-17,581.547335483319,590.762432448151,573.8265785668381,581.2982788085938,815349
2025-01-20,582.8922573178298,596.5405761929779,580.3518912217828,589.3179321289062,1020968
2025-01-21,589.716411581641,589.7662107560384,570.1903316345091,578.6084594726562,684364
2025-01-22,582.543610488016,584.7353215683097,559.929250386766,568.596435546875,286323
2025-01-23,560.8757112219448,581.7964748732074,556.8908038597996,574.9224853515625,242769
2025-01-24,579.8039751629162,580.3020885436404,549.468858115844,565.7572021484375,287405
2025-01-27,553.0552731772374,564.4122209993795,536.0197602367462,542.4454345703125,490827
2025-01-28,539.0582833600769,544.7865873134526,514.2024739801841,540.1043701171875,718394
2025-01-29,545.9322449327778,552.6069761467589,528.946591443924,543.142822265625,386998
2025-01-30,543.1429161951695,557.6878045637948,528.0500543895149,530.8394775390625,450976
2025-01-31,530.8394369807629,582.7926899917114,529.992668505283,568.247802734375,1662977
2025-02-01,555.8944566535029,568.9450011167984,553.7027459179138,566.7034912109375,334970
2025-02-03,547.9247059860384,567.251529028215,544.089257366078,554.6990356445312,226088
2025-02-04,552.9058543602631,580.7504045921701,552.9058543602631,578.3594360351562,572269
2025-02-05,581.7963797989801,582.792606476718,572.1329688639515,575.7194213867188,330631
2025-02-06,568.0485186902059,580.8002092363096,563.2666423360241,577.3134155273438,452863
2025-02-07,578.8077777163024,579.8040045282065,550.6643702800106,574.7730712890625,397050
2025-02-10,569.4431567965096,570.8378984969771,548.9209111201299,556.1435546875,169305
2025-02-11,556.1435903544118,556.1435903544118,523.0688496672132,535.1232299804688,261200
2025-02-12,528.49213879914,548.5349295297486,518.7698777551935,537.1175537109375,355551
2025-02-13,535.2727690177628,546.5406078652966,525.8995489340969,528.1929931640625,187016
2025-02-14,534.3754014559283,534.3754014559283,508.0504844900526,517.722900390625,221270
2025-02-17,517.7228446045832,522.6587736115142,500.3723247200699,516.0775146484375,131573
2025-02-18,518.6202690268739,520.5148877906387,488.1073516734054,500.2227783203125,345374
2025-02-19,493.19286738382505,560.9993767190255,491.54756772565514,546.4907836914062,2456863
2025-02-20,535.4721809039971,545.1445955991451,529.8382313785617,537.765625,360868
2025-02-21,532.480736212838,543.4494405168477,521.2128976001112,525.3012084960938,166064
2025-02-24,512.5376484748116,521.761331837442,510.19432823707353,515.6787109375,140838
2025-02-25,513.5348121954547,522.0604750605725,503.01483938006334,506.80401611328125,154368
2025-02-27,504.5604089830119,506.5048733243193,490.6999611465069,500.0732116699219,232718
2025-02-28,492.59456834114116,498.62734389852295,473.5987778274135,478.93353271484375,494451
2025-03-03,473.64860321478403,493.5917022975118,452.35933885782134,488.3067932128906,472499
2025-03-04,485.7640299693586,502.46637545623076,474.94489262753234,497.580322265625,233915
2025-03-05,498.577498950285,518.7200420801788,498.5276533726922,515.5789794921875,275668
2025-03-06,520.7641901746442,524.4038302093152,513.2855277977943,517.8225708007812,158272
2025-03-07,517.2741659653797,527.1958705740301,509.3467713941861,518.4707641601562,260498
2025-03-10,513.5846966544474,536.3697260782412,507.15306483634106,513.5348510742188,286011
2025-03-11,505.856704734656,517.5234300703945,501.0703730450352,513.5846557617188,165930
2025-03-12,517.224295326137,518.0718527063854,505.6572915831817,513.7342529296875,103515
2025-03-13,512.5874750709388,515.5789398345411,501.1700694816423,508.99774169921875,250013
2025-03-17,513.6345013379786,527.4949797827336,511.1416139098938,513.5846557617188,223122
2025-03-18,513.5846557617188,513.5846557617188,513.5846557617188,513.5846557617188,0
2025-03-19,528.4422607421875,538.363964344379,518.3211139841793,528.4422607421875,591786
2025-03-20,527.5946411323545,534.4750343898107,518.3211125960264,528.8909912109375,341277
2025-03-21,532.6303312134412,542.4522829479511,526.0989177203585,532.3810424804688,585099
2025-03-24,538.2642778134206,552.922469057213,530.5861718417661,539.6104736328125,568671
2025-03-25,542.9508605381084,543.0505516867173,522.5091844296948,538.5633544921875,351576
2025-03-26,539.660275314791,551.1774029046765,529.5391281488714,534.3753662109375,436617
2025-03-27,528.4921402211804,542.8511963000958,521.0633234363354,536.6688232421875,514924
2025-03-28,539.4608005010474,545.4437298966228,533.1787368079943,537.765625,366643
2025-04-01,546.4409511949834,546.4409511949834,531.7827602223775,542.6019287109375,120538
2025-04-02,540.3583312102623,542.3027348155495,532.8796685391193,536.1204223632812,108568
2025-04-03,526.5476500239809,538.862549959357,523.2570509184719,532.2314453125,109104
2025-04-04,527.4949446646681,532.2314304626967,506.80398038906907,517.8723754882812,152278
2025-04-07,496.13445340416234,496.63303089946584,476.44064233967606,479.83099365234375,216544
2025-04-08,484.06889533625946,495.68574472206257,479.6315435201639,481.92498779296875,117090
2025-04-09,485.2654479668231,485.4150151224435,469.1614016889432,474.0474548339844,98482
2025-04-11,488.6059422198875,496.58318209286523,484.1187447913375,493.0931396484375,106931
2025-04-15,495.536166926746,516.2271322374507,495.536166926746,506.8538513183594,132946
2025-04-16,511.0419183093009,511.0419183093009,502.16724522871465,505.65728759765625,130571
2025-04-17,505.95642146227317,512.9365366246772,502.81538941918177,508.8980407714844,177698
2025-04-21,508.5490325668102,523.5063570540693,506.50487705918664,520.6644897460938,173196
2025-04-22,522.4593529064331,522.4593529064331,513.6344950029508,515.5291137695312,81225
2025-04-23,518.3211659600006,523.0078067148768,512.5376790304035,518.6203002929688,108376
2025-04-24,521.3624488423825,527.4949762186395,513.0860748093635,514.6316528320312,85025
2025-04-25,514.6815436452421,518.9692976901115,494.14011548328654,503.8125305175781,197680
2025-04-28,496.5831728079788,511.2413629728053,493.5917079115452,508.29974365234375,373711
2025-04-29,508.2997421082996,515.5291155860538,501.02052305472483,502.56610107421875,153251
2025-04-30,499.5746324622205,505.1088302902488,479.63153336193227,485.0660400390625,95180
2025-05-02,485.06603961194736,490.6999590166671,479.23267704409864,488.3067932128906,135130
2025-05-05,488.655795617864,496.13445811847873,487.9079293678025,493.7911682128906,79177
2025-05-06,493.99057833026336,500.8709417081277,474.04747843456636,476.1415100097656,295303
2025-05-07,469.66000528431977,482.62302029216727,466.2198083599349,481.4264221191406,105839
2025-05-08,483.91928674690416,494.5888569213396,472.75116952648773,475.9420471191406,120450
2025-05-09,460.78529927976626,471.35514762484866,458.5915462612715,466.8679504394531,213330
2025-05-12,472.65145150314487,490.0019417379955,472.65145150314487,481.0774230957031,233985
2025-05-13,483.6201737785768,490.6501043385199,481.27685344834396,484.9663391113281,121749
2025-05-14,488.6059310507975,503.7128226287682,486.2127652297608,499.6244812011719,112345
2025-05-15,503.5632550792612,510.9422261319569,494.19000453621396,505.9564208984375,128653
2025-05-16,505.95641591821845,509.2470455141057,500.12305337025134,501.2698059082031,76047
2025-05-19,501.5689635293708,522.5092184679728,499.57465353521826,515.7285766601562,331907
2025-05-20,516.4764234329866,516.4764234329866,497.08174729887327,499.92364501953125,107081
2025-05-21,499.9734882259937,507.4023048111903,497.13159051880257,503.7626953125,73043
2025-05-22,503.5134153730819,512.2385213796307,493.84099997066306,510.3439025878906,99616
2025-05-23,510.34394567936397,515.279875380713,507.25278934921374,512.6373901367188,75803
2025-05-26,516.4265771170703,524.5035079326464,509.8453178770559,521.8610229492188,138969
2025-05-27,524.3539032741631,555.2657065568137,522.6088821211104,548.983642578125,2090347
2025-05-28,551.4266774611092,553.3711417510402,533.6773318417148,538.5633544921875,634205
2025-05-29,538.4636650828198,545.094769747424,522.5091861174029,531.78271484375,498849
2025-05-30,531.7827290236908,534.3254620043043,519.6174263158722,521.2627563476562,111010
2025-06-02,521.6117030376303,524.3538790083837,510.5433080093729,512.5874633789062,108722
2025-06-03,515.2300022273303,520.4650659931303,508.5490515348641,511.7399597167969,108113
2025-06-04,514.4322475532157,518.2214240767717,509.6458856789442,515.479248046875,76062
2025-06-05,513.7841283179017,538.2642720897127,513.7841283179017,535.2229614257812,471552
2025-06-06,539.4608737993904,565.386904702873,539.4608737993904,558.4566650390625,986078
2025-06-09,563.392568239024,573.0151382181531,557.0107519710043,566.384033203125,396585
2025-06-10,573.3142107929391,581.9894704267575,563.3925075583279,572.7158813476562,551658
2025-06-11,572.8156781328732,583.235959622414,566.3840164776824,571.469482421875,356085
2025-06-12,575.2088154001573,575.2088154001573,549.4323839808673,552.3241577148438,161123
2025-06-13,539.4608360890821,548.3355396225819,537.815506052155,545.54345703125,115500
2025-06-16,542.0035260819272,547.4380323826165,528.0932032507238,533.6773071289062,143672
2025-06-17,533.6773324397451,538.413818372612,523.5561855228057,525.8995361328125,64571
2025-06-18,523.705768181781,551.426662363371,523.705768181781,536.8682250976562,555712
2025-06-19,534.3254711455462,534.3254711455462,498.62733507011586,509.2969055175781,883643
2025-06-20,511.5404817692969,514.5817921494249,499.9734784345617,503.6629638671875,369824
2025-06-23,502.5660780061567,506.2555633701698,496.58314850608343,503.4136657714844,133914
2025-06-24,507.3524214813284,515.5291041645571,504.61024539534674,509.0974426269531,142696
2025-06-25,509.3467481241525,514.6316573096642,506.3552832046353,510.1943359375,317973
2025-06-26,514.1330788843877,515.0803882794739,503.8125492755004,510.4934997558594,128314
2025-06-27,514.5319408609633,518.570406131466,508.74845447319956,511.6401672363281,141350
2025-06-30,513.5846349110725,527.4451127931162,513.5846349110725,520.0162963867188,289827
2025-07-01,521.9607606739849,523.0077611789721,509.94502549998157,520.0162963867188,789635
2025-07-02,526.7471386432999,528.2927167500264,516.0277221919691,518.4707641601562,690836
2025-07-03,522.5092333754192,523.4565428219711,514.581838750188,517.4237670898438,132917
2025-07-04,518.420895975596,523.3069188374011,511.0419248141631,519.1687622070312,305482
2025-07-07,515.5291100669594,527.0960831629301,509.64590193764593,522.9080810546875,805756
2025-07-08,520.5149222842148,528.1431825588471,513.4849915406098,517.722900390625,575742
2025-07-09,517.5234439103958,524.2043945686319,512.6872665151825,515.5789794921875,175993
2025-07-10,516.5262884855151,520.5149084738202,513.5348234942862,515.7285766601562,138033
2025-07-11,512.0390546480784,516.2271175107827,500.5717729957845,501.9179382324219,585593
2025-07-14,502.6658228662794,521.0134680968403,499.57463639524775,514.9308471679688,524535
2025-07-15,517.5233956161866,521.0134377831552,513.7342191500647,517.8723754882812,143582
2025-07-16,517.7726933822876,523.0077567241402,513.5347849626925,521.3624267578125,231497
2025-07-17,523.5063508416822,540.7571193733064,523.4565052662847,534.9736328125,645136
2025-07-18,535.4721917549016,538.7129452431761,524.802621944281,528.1431274414062,253068
2025-07-21,528.1431620076496,529.489296892433,516.5761276678579,517.6730346679688,136475
2025-07-22,517.6730577448382,523.406699162639,513.584685608281,516.825439453125,77017
2025-07-23,516.5263122174006,520.5149323889635,510.8425163006206,514.7314453125,249644
2025-07-24,515.5291023458389,519.2684333589857,511.8396169072326,512.7869262695312,84863
2025-07-25,512.5376483397948,512.8367826548509,501.81823254280494,509.496337890625,253211
2025-07-28,509.446454458139,514.0832188584453,504.85953563269726,508.64874267578125,214142
2025-07-29,503.56323867425687,514.531942883003,502.6658053251465,511.0419006347656,94091
2025-07-30,513.4849640985196,516.4764290092463,501.5191044556134,504.460693359375,158315
2025-07-31,499.47490957641435,507.1530148822791,495.43644419145227,497.87945556640625,173019
2025-08-01,497.58034116435203,501.6686827189878,481.1272837911821,488.8053894042969,233879
2025-08-04,492.5447307837578,497.58035142649305,483.47061408041003,494.9378967285156,123877
2025-08-05,488.6059483015553,493.64156886174874,479.68139891027573,482.02471923828125,249758
2025-08-06,485.6144703831367,491.44783304370515,465.12294792222815,473.54888916015625,377050
2025-08-07,468.7625499016659,474.6956036187554,456.1983913967201,460.3365783691406,293214
2025-08-08,457.69413310852667,462.9291967225131,453.70551321215606,457.49468994140625,87013
2025-08-11,457.49466686729096,460.6855747957533,443.7837866650364,458.3422546386719,398266
2025-08-12,460.6855976003414,476.93921149056234,460.6855976003414,470.0090026855469,723853
2025-08-13,478.63438424841615,497.18147272419316,472.7511760281803,489.4535217285156,721522
2025-08-14,493.4994257961828,499.94290215356796,486.60642371943743,494.64825439453125,175264
2025-08-18,509.3832978379697,513.2793397605402,504.0387130466718,510.1325378417969,353523
2025-08-19,510.8817738832315,518.8736976820566,509.133547221194,516.3262329101562,285525
2025-08-20,518.3741880382763,519.0234927654741,505.587140849182,507.4352722167969,111725
2025-08-21,509.48320352249937,510.68199972544915,497.9948567764038,499.54327392578125,112573
2025-08-22,499.5432738390803,509.73295010242333,496.2965671505298,507.33538818359375,269254
2025-08-25,509.73292042019705,521.171329359221,504.88782923900976,512.3302612304688,1648322
2025-08-26,509.2334610780399,510.9317506318632,494.89799609602073,498.4943542480469,160974
2025-08-28,494.49838852816634,507.08562633348663,494.49838852816634,500.7919921875,137361
2025-08-29,503.48928825985695,505.13761018956734,495.1477433590146,498.3445129394531,351923
2025-09-01,497.5453033842339,514.8777588524549,497.5453033842339,506.5861511230469,395990
2025-09-02,503.9887675954788,518.3741998210252,499.89291621144554,507.08563232421875,886331
2025-09-03,508.48421108358417,511.2813615432136,504.4882644345973,506.1865539550781,76256
2025-09-04,513.279320463338,516.9755832045826,498.2445838131122,501.99078369140625,169107
2025-09-05,504.88786358921976,507.3853302972062,501.1916311533922,503.4892883300781,57672
2025-09-08,504.2884711531507,528.2641518194492,504.2884711531507,520.0724487304688,523065
2025-09-09,521.2712560667251,524.9675191095419,513.4791718787907,514.7279052734375,213802
2025-09-10,518.3742113657805,521.3211732858825,508.1845350601922,509.38330078125,136649
2025-09-11,508.48420989207733,510.48218321188904,502.8898784992739,506.4862365722656,98014
2025-09-12,506.4862288237329,513.0295791513507,504.23850887333174,511.0815734863281,103351
2025-09-15,511.0815811025806,514.6280020358328,507.9847163607693,509.133544921875,88823
2025-09-16,511.4811776061776,518.9735776687681,508.8338690147264,517.47509765625,147803
2025-09-17,512.2803713414218,542.4497820984661,509.98271410914725,531.211181640625,622486
2025-09-18,536.755546885404,539.4528231960462,520.5719499948607,530.9114990234375,492319
2025-09-19,532.2600777362103,549.9421537292508,532.0103310723914,548.6934204101562,847095
2025-09-22,549.4426532422923,551.5405008017133,531.3610194067319,532.2600708007812,261018
2025-09-23,532.2600844932477,552.28975499114,529.5128711563639,533.9583740234375,537326
2025-09-24,549.442636541795,601.0403194354506,549.442636541795,578.5131225585938,25409277
2025-09-25,578.4132947851107,591.1004379707413,570.3215269675959,574.46728515625,2277181
2025-09-26,572.4193588605517,583.5080864491557,565.426452207805,570.7210693359375,929711
2025-09-29,577.4143122592419,591.2502536567529,564.5273594475233,568.2735595703125,1702044
2025-09-30,572.7190602274698,575.2664641058525,566.4753933817724,568.8729858398438,510752
2025-10-01,574.4173395219067,584.3572691569908,565.6762060943994,579.2124633789062,470262
2025-10-03,581.4102534707197,593.3980937484665,576.6650666941116,587.703857421875,1250916
2025-10-06,590.3012321293724,590.3012321293724,576.4652305306661,579.0126342773438,354339
2025-10-07,576.4152869787212,606.285011681152,572.2694680643355,593.7476806640625,2025707
2025-10-08,593.398087386949,604.1871313265955,577.863856721565,581.5601196289062,897206
2025-10-09,581.4102069071392,589.4020997855879,577.3143861962558,581.4601440429688,456333
2025-10-10,584.0075818584302,592.7987133175075,578.1635342386027,588.3532104492188,454191
2025-10-13,586.5050216905316,586.5050216905316,554.9870059447745,569.07275390625,1057728
2025-10-14,569.4723435751673,571.4203797918465,552.6893795801383,563.6282958984375,502114
2025-10-15,564.0278261214953,571.4203515625001,558.8331444313893,568.1736450195312,236231
2025-10-16,569.3225293148985,587.4041637063316,569.3225293148985,582.4591674804688,492458
2025-10-17,580.6609684684975,584.2073587479239,565.9758530712786,567.9238891601562,287792
2025-10-20,570.9208955233347,579.4122824208821,568.423428788762,576.81494140625,230024
2025-10-21,581.0606058667317,587.0045276198339,567.3245395118545,576.3653564453125,89301
2025-10-23,584.4071944435627,584.4071944435627,564.627270826288,566.625244140625,147887
2025-10-24,567.1746932498605,577.8139258877283,562.4794436121792,564.4774169921875,292510
2025-10-27,564.4773952589373,567.3245437998148,559.4325248633135,562.2296752929688,144472
2025-10-28,566.4254265998018,572.3194721830198,563.9279599922189,566.0758056640625,121352
2025-10-29,566.0758232961452,577.913790995494,564.4274708944755,574.5172119140625,212059
2025-10-30,577.5141853858667,577.5141853858667,564.5273583194811,568.5733032226562,175987
2025-10-31,568.573273591518,578.6630143202527,561.5803670740528,563.1287841796875,246495
2025-11-03,563.1288168923116,590.5010159810519,563.1288168923116,588.2532958984375,519357
2025-11-04,588.4031279019822,597.493881889414,582.4092080931334,590.8007202148438,651323
2025-11-06,594.3970676936173,596.1452943633044,565.676200977329,572.7689819335938,959199
2025-11-07,581.4102486581908,614.3768091491191,573.5182294846755,578.6130981445312,7870298
2025-11-10,576.4153220528657,590.8506919661824,565.676215099541,589.7517700195312,580425
2025-11-11,589.4021517803486,603.8874589003741,581.9596886860875,596.794677734375,549905
2025-11-12,602.9883064035585,611.6295651556346,593.2481867461188,606.9842529296875,811450
2025-11-13,609.4318219332831,619.3218146167902,601.8894845702595,604.736572265625,781452
2025-11-14,594.4469775381531,611.3798129845931,594.4469775381531,600.5408325195312,294868
2025-11-17,603.6876277655672,613.2779363065565,601.4898449140921,604.8364868164062,280905
2025-11-18,604.8364653379126,607.5337414246981,593.3980562673903,594.6467895507812,213028
2025-11-19,592.399061331107,618.3727132613072,592.399061331107,604.6865844726562,802110
2025-11-20,605.8354667856518,607.3339467623794,599.3919906910616,601.3400268554688,167525
2025-11-21,601.0403388423998,601.0403388423998,586.5050343913671,594.5968627929688,197242
2025-11-24,597.144302302687,597.3940489786816,582.0096293481007,585.6060180664062,171038
2025-11-25,583.3582699609063,594.896553642947,580.8108661827893,592.7987060546875,119583
2025-11-26,596.3950553994055,607.38390901648,591.5499943302916,595.0464477539062,261604
2025-11-27,595.5958417468905,596.8445750359551,584.5070535560143,586.10546875,117825
2025-11-28,586.105500370905,586.4051841817876,575.716014456044,580.6610107421875,253217
2025-12-01,575.4163081188768,588.203324993524,575.0166890711384,576.065673828125,112207
2025-12-02,576.4153309661431,605.3859455207673,575.216534720945,600.2911376953125,601107
2025-12-03,603.2380491808682,605.6356414704442,585.8557184880086,589.65185546875,343427
2025-12-04,591.1004167056113,593.3481366822036,583.4082072577232,590.1513671875,136418
2025-12-05,590.2012814611194,590.3012167068582,575.9157850246401,585.5560302734375,186500
2025-12-08,588.3532272932146,588.3532272932146,576.0657031168564,581.5101318359375,110795
2025-12-09,576.4152864820467,582.9586367249201,556.6853005062748,580.8108520507812,330726
2025-12-10,585.2063794360646,597.0444080665225,577.6141051289152,585.4061889648438,229609
2025-12-11,580.4112328516602,587.9535697241765,577.8138919993053,583.4581298828125,120399
2025-12-12,587.7038195755694,593.9974231214361,583.0085702411496,584.3572387695312,135914
2025-12-15,587.4041274543121,598.2931059069873,583.0085619751962,591.7496948242188,365561
2025-12-16,599.391996716476,606.3349662064365,593.3980767493113,597.1942138671875,578154
2025-12-17,597.2441476721706,616.3747665165866,592.3990867817438,595.4459838867188,738614
2025-12-18,591.4999695979305,592.3990819700068,576.7649165472432,581.0606079101562,253228
2025-12-19,585.4061779257847,598.1432577356035,585.4061779257847,596.04541015625,204095
2025-12-22,598.1931817576701,607.8833642618462,592.7486924303435,604.6366577148438,217202
2025-12-23,608.3828685021191,608.3828685021191,594.6468020950515,596.644775390625,96634
2025-12-24,597.1442458710471,599.6417123949745,585.4061532085882,586.7547607421875,125851
2025-12-26,586.7547946424324,589.1523870332472,577.4642308313132,580.7109375,151602
2025-12-29,577.8139398234055,584.3073534650401,564.4274934651728,566.1757202148438,216043
2025-12-30,568.6731650119789,570.8709478926771,561.0308925553011,566.5753173828125,136197
2025-12-31,569.5222420361105,584.4071669161159,568.623190670991,573.5181884765625,146947
2026-01-01,576.4152931409176,586.305285298169,571.8199789714042,584.3073120117188,195587
2026-01-02,585.2063758410297,608.7324995942013,582.2094158476752,601.8894653320312,775507
2026-01-05,604.3869400248229,614.0771229934363,599.3420694969633,602.4389038085938,399120
2026-01-06,604.5368327268925,605.3859470421656,595.4959542110637,597.3441162109375,342761
2026-01-07,594.3970704558711,603.5378229034652,593.3980837828361,595.3960571289062,234501
2026-01-08,593.0484275307156,601.539813745997,584.7567898595033,586.1553955078125,146552
2026-01-09,589.9015967155595,593.3980498713672,574.7669250946701,577.9137573242188,153822
2026-01-12,576.9148165565875,579.9117766425958,563.3785590294455,579.1625366210938,201542
2026-01-13,578.9127985945992,584.6070350377327,569.6222343838604,574.4173583984375,107175
2026-01-14,576.2654111290532,576.2654111290532,566.5252915203089,568.4733276367188,162504
2026-01-15,568.4733276367188,568.4733276367188,568.4733276367188,568.4733276367188,0
2026-01-16,567.474342514727,572.2195290033629,556.9350457714705,560.231689453125,346600
2026-01-19,558.4335476920633,560.1318372231765,534.4578676480392,544.2479248046875,313516
2026-01-20,544.2978861115,546.8453510079366,529.6627673521125,535.6067504882812,213949
2026-01-21,535.5067602212448,535.5067602212448,503.93880772717375,523.5189208984375,416938
2026-01-22,531.4609017678303,572.6691013879863,528.6637513216083,563.9779052734375,1205847
2026-01-23,559.4325001118622,559.4325001118622,536.905364310947,542.349853515625,402595
2026-01-27,538.4038868104144,543.6985040534807,524.5179474806347,539.2030639648438,133458
2026-01-28,542.050137446241,544.9472231502028,530.1622327736029,542.7993774414062,139598
2026-01-29,542.799388663547,571.4203814599094,540.4517943528165,558.033935546875,120500
2026-01-30,554.9370746868213,570.371430362871,544.3977779022817,562.2796020507812,188831
2026-02-02,549.7423488765945,572.5192326158322,543.7983660325165,563.078857421875,107570
2026-02-03,593.7977088211338,593.7977088211338,568.3734855416983,580.960693359375,225538
2026-02-04,579.312369756439,584.3572400313485,573.7679451944057,581.4102172851562,142126
2026-02-05,579.9117862036758,606.8844274224514,575.5662183966415,594.69677734375,1325125
2026-02-06,594.6967600151819,596.8945429117781,580.0116435848664,583.6080322265625,265177
2026-02-09,588.3531896908673,590.5009743678008,580.0116147214638,588.4530639648438,301374
2026-02-10,591.8995975858268,605.4857918077568,584.0075785620263,586.60498046875,370257
2026-02-11,590.2512446116697,597.7436445736016,586.6549170192652,594.5469360351562,168864
2026-02-12,591.4001257194386,595.9954401448268,581.9097520803598,591.5,138682
2026-02-13,582.5,604.9000244140625,582.0,598.0,467092
2026-02-16,595.5999755859375,597.2999877929688,578.0,595.1500244140625,246804
2026-02-17,595.0,595.0,585.0999755859375,587.3499755859375,90327
2026-02-18,587.9500122070312,590.7000122070312,580.8499755859375,586.0499877929688,101670
2026-02-19,591.0,594.9000244140625,570.4500122070312,572.8499755859375,110078
2026-02-20,572.8499755859375,586.75,565.5999755859375,583.2999877929688,122513
2026-02-23,585.0,585.8499755859375,572.7999877929688,579.4500122070312,181055
2026-02-24,581.0,581.0,567.75,573.6500244140625,85297
2026-02-25,573.6500244140625,584.5,572.5,579.1500244140625,171486
2026-02-26,581.6500244140625,582.7000122070312,569.0,572.4500122070312,89247
2026-02-27,573.75,573.75,553.0999755859375,555.5499877929688,182500
2026-03-02,525.2000122070312,548.0,510.0,540.7999877929688,303882
2026-03-04,532.0,536.4500122070312,517.8499755859375,525.1500244140625,199082
2026-03-05,530.4000244140625,542.2999877929688,518.4500122070312,528.3499755859375,221367
2026-03-06,529.5499877929688,530.0,519.2999877929688,520.9500122070312,104496
2026-03-09,502.04998779296875,518.0,492.29998779296875,497.6499938964844,181330
2026-03-10,518.0,521.5999755859375,504.0,507.04998779296875,649991
2026-03-11,513.0999755859375,513.0999755859375,493.04998779296875,494.25,160285
2026-03-12,495.04998779296875,495.1000061035156,468.5,481.1499938964844,470493
2026-03-13,476.45001220703125,486.25,473.29998779296875,480.8500061035156,201480
2026-03-16,480.8500061035156,483.70001220703125,470.3500061035156,481.1000061035156,231454
2026-03-17,483.5,495.0,477.0,489.3500061035156,165154
2026-03-18,495.79998779296875,510.0,491.75,505.3999938964844,188358
2026-03-19,496.0,505.1000061035156,494.3500061035156,500.6000061035156,110058
2026-03-20,502.95001220703125,508.0,496.3500061035156,502.5,199397
2026-03-23,492.5,494.8500061035156,484.1499938964844,490.8500061035156,145054
2026-03-24,498.0,529.9000244140625,489.29998779296875,521.0999755859375,266220
2026-03-25,524.9500122070312,554.5,517.5,543.9500122070312,434307
2026-03-27,538.5,547.6500244140625,510.6000061035156,528.7000122070312,832671
2026-03-30,518.4500122070312,518.4500122070312,498.8500061035156,505.6499938964844,307293
2026-04-01,508.25,519.0,506.3500061035156,514.1500244140625,251704
2026-04-02,505.0,506.0,490.0,501.3999938964844,156556
2026-04-06,502.0,510.95001220703125,493.20001220703125,509.20001220703125,92185
2026-04-07,508.0,509.20001220703125,498.0,505.20001220703125,111201
2026-04-08,516.0,536.5,514.8499755859375,532.5499877929688,261014
2026-04-09,530.1500244140625,530.6500244140625,510.5,514.4000244140625,263470
2026-04-10,516.9000244140625,521.0,510.0,514.3499755859375,1413516
2026-04-13,507.0,514.0999755859375,499.79998779296875,509.25,415417
2026-04-15,521.0,521.4500122070312,512.4000244140625,515.0499877929688,633105
2026-04-16,517.7999877929688,521.8499755859375,503.20001220703125,505.6499938964844,841271
2026-04-17,509.04998779296875,541.5999755859375,507.0,532.7999877929688,837160
2026-04-20,531.0,546.5999755859375,523.2000122070312,537.9500122070312,787613
2026-04-21,539.7000122070312,546.0,536.2999877929688,544.4500122070312,132804
2026-04-22,544.0,551.75,539.7999877929688,541.4500122070312,156681
2026-04-23,541.4500122070312,545.9500122070312,537.0,538.7000122070312,109117
2026-04-24,539.75,540.4500122070312,524.8499755859375,527.5999755859375,135558
2026-04-27,525.1500244140625,529.0,520.25,526.7999877929688,781446
2026-04-28,525.0,526.7000122070312,517.2000122070312,519.9000244140625,444487
2026-04-29,520.9500122070312,527.7999877929688,514.0,522.4500122070312,379725
2026-04-30,520.75,522.25,512.4500122070312,520.0999755859375,223133
2026-05-04,520.0999755859375,527.8499755859375,514.0499877929688,515.9000244140625,191699
2026-05-05,516.0,523.5,512.25,520.4500122070312,293777
2026-05-06,522.0,528.5,518.1500244140625,526.6500244140625,232170
2026-05-07,527.2999877929688,540.0,525.0,536.7000122070312,249279
2026-05-08,536.7000122070312,542.7999877929688,531.5999755859375,537.5,207988
2026-05-11,534.5,542.5,526.75,528.5999755859375,136229
2026-05-12,525.0999755859375,533.4500122070312,505.0,512.9500122070312,262806
2026-05-13,512.0,525.2000122070312,506.25,509.5,287425
2026-05-14,514.0,514.0,502.0,508.3999938964844,130624
2026-05-15,508.0,528.4500122070312,507.3999938964844,525.2000122070312,427204
2026-05-18,526.0,531.2999877929688,511.20001220703125,515.3499755859375,185193
2026-05-19,515.5,525.0,515.5,520.2000122070312,84596
2026-05-20,516.9500122070312,529.0,507.3999938964844,517.4000244140625,169766
2026-05-21,519.7999877929688,549.6500244140625,515.5,536.8499755859375,657876
2026-05-22,537.2000122070312,590.0,532.0499877929688,574.6500244140625,3251243
2026-05-25,585.0,603.75,577.0,585.3499755859375,2597068
2026-05-26,581.0,613.4000244140625,579.5,594.9500122070312,1366900
2026-05-27,596.9500122070312,632.2999877929688,594.9500122070312,623.8499755859375,2232069
2026-05-28,623.8499755859375,623.8499755859375,623.8499755859375,623.8499755859375,0
2026-05-29,626.9500122070312,635.0,618.6500244140625,624.4000244140625,1349391
2026-06-01,632.0,637.7000122070312,610.7999877929688,618.7999877929688,744621
2026-06-02,618.0,634.1500244140625,614.0,629.8499755859375,572134
2026-06-03,629.8499755859375,642.0,622.0499877929688,626.4000244140625,679928
2026-06-04,627.0,663.0,626.25,645.2999877929688,1813244
2026-06-05,650.0,650.0,636.4000244140625,643.4000244140625,465038
2026-06-08,639.0499877929688,648.0,625.1500244140625,633.5999755859375,443500
2026-06-09,642.0,656.8499755859375,633.5499877929688,647.1500244140625,511047
2026-06-10,648.0,654.2000122070312,640.9500122070312,648.0999755859375,326968
2026-06-11,650.0,650.0,627.0999755859375,632.9000244140625,287265
2026-06-12,645.0,648.5999755859375,632.0,637.2000122070312,271280
2026-06-15,650.1500244140625,679.8499755859375,641.0,662.5499877929688,1844349
2026-06-16,670.0,674.5499877929688,650.1500244140625,657.0999755859375,412328
2026-06-17,655.2999877929688,660.0,640.1500244140625,644.0,381631
2026-06-18,647.2000122070312,660.0,641.6500244140625,650.9000244140625,328315
2026-06-19,650.0,661.7000122070312,642.9500122070312,652.9500122070312,330070
2026-06-22,661.5499877929688,671.6500244140625,655.7000122070312,659.2000122070312,347520
2026-06-23,659.9000244140625,671.9500122070312,652.25,666.7999877929688,529396
2026-06-24,666.7999877929688,676.9500122070312,658.0499877929688,668.5999755859375,355506
2026-06-25,670.9000244140625,691.0,667.0,670.4500122070312,743971
2026-06-26,670.4500122070312,670.4500122070312,670.4500122070312,670.4500122070312,0
2026-06-29,670.4500122070312,688.0,659.0499877929688,672.4000244140625,580308
2026-06-30,675.9000244140625,701.0,673.5999755859375,696.7999877929688,912139
2026-07-01,702.0499877929688,711.9500122070312,692.1500244140625,709.5,752864
2026-07-02,709.5999755859375,713.6500244140625,700.2000122070312,709.0499877929688,346526
2026-07-03,709.0,709.9500122070312,695.0999755859375,703.1500244140625,247294
2026-07-06,705.0,711.5,686.0499877929688,697.0499877929688,531591
2026-07-07,697.0999755859375,707.7000122070312,682.0999755859375,686.25,204164
2026-07-08,686.9500122070312,704.7000122070312,679.5,683.3499755859375,361959
2026-07-09,684.0499877929688,711.5,684.0499877929688,705.4500122070312,374881
2026-07-10,708.0,710.0,690.5,698.9000244140625,319765
2026-07-13,699.8499755859375,708.75,685.5499877929688,704.3499755859375,211280
2026-07-14,697.0,697.1500244140625,669.9000244140625,674.6500244140625,356044
2026-07-15,677.0999755859375,685.5499877929688,672.0999755859375,675.2999877929688,264015
2026-07-16,676.3499755859375,685.0,675.4000244140625,682.9500122070312,171087
2026-07-17,682.0,685.0,671.0,678.2999877929688,189418
2026-07-20,675.0,680.9500122070312,670.0999755859375,676.25,83385
2026-07-21,677.7999877929688,683.0,667.5499877929688,681.1500244140625,121864
2026-07-22,679.0999755859375,687.9000244140625,669.5,671.25,112065
2026-07-23,672.9500122070312,673.0,653.7999877929688,657.75,213450
2026-07-24,650.5,678.9500122070312,650.0,676.4500122070312,192716
2026-07-27,680.0,704.5999755859375,680.0,692.5499877929688,363763
2026-07-28,695.0,698.5,680.9500122070312,683.5999755859375,87237
2026-07-29,682.75,696.5999755859375,676.0499877929688,692.25,203258
2026-07-30,695.0,710.9000244140625,685.5999755859375,706.9000244140625,354197
2026-07-31,714.75,714.75,697.25,700.9500122070312,301252
2026-08-03,703.0499877929688,735.9000244140625,699.5,727.5999755859375,749804
2026-08-04,732.0,732.0,718.5,722.2000122070312,233679
2026-08-05,729.4500122070312,735.0,720.0,723.0,257264
2026-08-06,724.5,729.0499877929688,715.0,716.9000244140625,155953
