Date,Open,High,Low,Close,Volume
2021-06-24,360.1978713877357,378.20776495712244,350.71898003542685,356.5484924316406,27035744
2021-06-25,358.68128067873425,384.84302934582865,354.2262186313474,368.7289123535156,10269222
2021-06-28,367.59143067540634,373.4209725635325,355.69543244696104,358.4443054199219,3087635
2021-06-29,358.44424849911013,362.99413342275477,343.32543508504557,345.31597900390625,2125937
2021-06-30,348.82324567483937,357.7808107012619,342.28281560389297,350.3398742675781,1886702
2021-07-01,350.81378605510275,356.92765381826695,350.245046770155,351.3351135253906,943360
2021-07-02,352.6147832241546,357.25943452955386,348.96540401016847,352.1408386230469,961818
2021-07-05,355.12664490584746,372.4256209504659,354.5579056613904,362.37799072265625,2291282
2021-07-06,363.9894663800297,387.44972495530504,363.9894663800297,370.4825134277344,6408745
2021-07-07,371.5725744456337,395.26980495874807,371.5725744456337,391.3834533691406,5818253
2021-07-08,395.88590797339737,402.28415990173994,381.24103758267137,394.9380187988281,8518828
2021-07-09,398.1134880699339,406.0757520458757,391.952207897423,396.8338317871094,4367357
2021-07-12,404.74864113900503,406.1704747729828,392.1417278219805,397.923828125,1994569
2021-07-13,401.52586714044867,403.5164402272401,394.3219035025419,396.2176818847656,1193228
2021-07-14,394.4166768994515,397.6868770757513,391.14644779587087,391.9995422363281,985470
2021-07-15,393.4687382361582,394.8905717670569,383.184136577202,385.03253173828125,988576
2021-07-16,386.7387422031757,396.21763294344964,385.8856478220069,391.7625427246094,1120122
2021-07-19,393.23178780979407,412.6161020007275,391.47818723888565,407.7818908691406,3215214
2021-07-20,412.80570838110833,437.119058324643,402.9476673992543,419.2513427734375,10403297
2021-07-22,426.07620091813334,433.8489040297111,416.2181588959179,421.8106994628906,2861222
2021-07-23,424.93870075282587,426.4079463137494,405.1278230059018,408.8245849609375,1766694
2021-07-26,407.54499697075926,411.2417592817308,400.957155074159,405.601806640625,1356084
2021-07-27,404.27474341502403,415.5546190988261,402.141992717055,406.5022888183594,1451770
2021-07-28,405.69661537417454,407.07106641306194,392.6631376606351,397.2604064941406,1145843
2021-07-29,398.8243405851141,422.9481298574904,394.55883961628933,413.848388671875,2619010
2021-07-30,412.2369797714914,422.7585549744737,408.11365624132907,413.6588134765625,1633309
2021-08-02,415.8863899924538,419.44097452230386,404.74869179892374,406.64447021484375,1402611
2021-08-03,407.11840430273156,409.2985378538123,400.577974722207,403.8481750488281,1398636
2021-08-04,407.7819091993168,412.33176538437016,400.9570959944565,402.4737243652344,1158467
2021-08-05,403.8008072461236,405.69658568389883,391.95219201002845,401.52587890625,1356995
2021-08-06,403.0424792406516,407.49754090132836,398.2082387771246,399.1561279296875,734435
2021-08-09,402.8528529885821,406.5970263696227,396.3598071020163,400.0091857910156,1206755
2021-08-10,399.06137747272777,401.38371772489614,379.20308595394306,385.93310546875,849161
2021-08-11,387.8762679491994,393.1844242690509,371.5725623174201,385.31695556640625,1175593
2021-08-12,387.2601079646819,397.8290953283207,384.79561927003056,395.55413818359375,790842
2021-08-13,398.11342757218057,399.5352612420812,390.24595950297567,393.32659912109375,590276
2021-08-16,392.42612384001427,405.1278331740172,385.0325997443762,393.7057800292969,1003609
2021-08-17,393.70580108086983,408.3506724624654,392.7105000238611,394.7958679199219,1256146
2021-08-18,396.21767664984407,397.1655658284322,385.7908956853745,390.435546875,553236
2021-08-20,385.6960746653284,388.16059214695554,365.41125341306804,371.2881774902344,1034752
2021-08-23,375.1745429730534,377.1651161272376,342.51977659006104,345.03167724609375,1391010
2021-08-24,347.0696330910586,366.6435397535059,347.0696330910586,364.70037841796875,911514
2021-08-25,366.5487763541983,381.0514699841751,366.12221463031756,369.72418212890625,814266
2021-08-26,370.24552893968234,373.8001134553719,361.24058149993544,364.795166015625,357086
2021-08-27,364.79518043127916,371.05125521157146,361.33539048474364,366.35919189453125,377832
2021-08-30,370.71943645707546,380.57747740898805,368.7288635419585,374.03704833984375,549577
2021-08-31,373.46832900263973,378.2077748021656,367.733611156126,371.24078369140625,476321
2021-09-01,373.13653299884965,381.8097123521627,368.20752710695507,369.8663330078125,497537
2021-09-02,374.32144214358635,379.5348327832666,370.62468002090606,374.7005920410156,504973
2021-09-03,374.79537202578524,378.2077788231801,371.0986100483083,374.5110168457031,395946
2021-09-06,377.0401354759519,381.57358870681077,372.69757613691985,374.2246398925781,423865
2021-09-07,375.5608821789598,379.235371857818,372.2204423120567,373.07940673828125,279185
2021-09-08,373.8429515884293,374.7019160106603,367.01888687670885,368.59368896484375,254600
2021-09-09,366.49396655807146,391.02235044959684,364.5851438155815,388.6363220214844,1508434
2021-09-13,389.20896648637,396.55794609093175,387.1092788324417,394.2673645019531,937703
2021-09-14,397.4169024138963,398.70536363330837,381.7645612287812,388.2545471191406,530582
2021-09-15,388.11134206779855,391.0223139541993,385.1049523542378,388.9703063964844,366574
2021-09-16,389.399876550023,394.17193386068504,384.627819239361,388.4454650878906,473559
2021-09-17,391.2132067942604,391.2132067942604,375.083660794031,382.6235046386719,484230
2021-09-20,375.0836691332113,380.7146904018039,361.4355981664254,364.58514404296875,477813
2021-09-21,357.99971747358,366.3985260376736,350.65073813525504,358.1905822753906,807594
2021-09-22,362.5808506020122,365.4918225713646,356.47262404734875,359.4313049316406,366822
2021-09-23,367.4483660389773,370.21615310075964,362.6763093371724,364.48968505859375,309562
2021-09-24,364.4897534920271,365.68276789146836,355.04108527371795,357.4748229980469,333034
2021-09-27,358.3814528304308,358.667764577636,345.9741055952894,351.7960205078125,614774
2021-09-28,357.90424907300996,359.7176247763821,349.887199719039,352.5595397949219,518220
2021-09-29,351.2234071711163,355.04105290123715,345.4969385759351,348.026123046875,620744
2021-09-30,349.31457759533896,364.3942662890887,348.36016618114405,351.939208984375,3097847
2021-10-01,351.22339177609024,361.14926441406277,350.26898038539434,355.7091369628906,1011018
2021-10-04,359.6699381561024,360.767505429366,355.04103708921735,356.3294982910156,618155
2021-10-05,356.94983542040626,358.8586580697132,351.03247355702575,353.0367431640625,657597
2021-10-06,355.8045200384894,358.57233610214877,343.1108614329451,344.3993225097656,978155
2021-10-07,348.31245707166914,350.26898881917543,340.7248746824132,342.6336975097656,587371
2021-10-08,343.58803180740404,355.94766849100324,343.58803180740404,347.21478271484375,828315
2021-10-11,349.98257774467936,350.3165983436341,346.26035098639346,347.16705322265625,380372
2021-10-12,347.40574114487157,352.17779802872974,345.97412407971416,347.3580322265625,449841
2021-10-13,352.177768179115,352.177768179115,345.49688910796647,346.2604064941406,746514
2021-10-14,348.1215017462205,350.17348009848735,345.0196651987901,345.7354736328125,626190
2021-10-18,348.3600912623985,364.39418792203077,348.3600912623985,357.14068603515625,1384819
2021-10-19,362.58092252864907,364.91924235098077,348.3601970233714,350.6985168457031,918036
2021-10-20,354.27750952078395,354.802424119793,343.9698493267821,345.8309631347656,388065
2021-10-21,348.8850073539081,348.8850073539081,342.68133446776716,343.7789306640625,280500
2021-10-22,345.49688663848804,348.74187919601627,335.23696528112964,338.052490234375,377713
2021-10-25,340.72486720348076,341.1066259353066,322.59105074167087,324.83392333984375,483075
2021-10-26,333.51910369463053,337.8139553592419,324.9771092889282,334.13946533203125,310273
2021-10-27,335.90505858860826,340.4862210403752,328.0788745133258,330.3217468261719,295696
2021-10-28,330.3217768548276,338.24337947631614,321.54118071001346,324.11810302734375,370748
2021-10-29,324.9770713857519,326.64729128274183,317.866695030894,321.3025817871094,324026
2021-11-01,323.83180135765525,329.7014552216413,323.83180135765525,326.5518798828125,259954
2021-11-02,328.84243111136215,329.892289460319,322.78194211656296,325.9314880371094,233701
2021-11-03,325.9314298144798,334.9983363539749,325.9314298144798,329.1764221191406,288646
2021-11-04,331.6579278406774,342.3473460863588,329.367346538409,340.1999206542969,237619
2021-11-08,345.4969317507943,350.36443578580804,339.4364134486853,342.6336975097656,661734
2021-11-09,348.36019734991595,355.9954893466264,331.94430790645737,333.9485778808594,2070304
2021-11-10,333.0895522712897,339.62727566978714,330.70352395989073,334.5688781738281,384646
2021-11-11,335.7618758774034,337.86159233907847,333.51903267564404,334.8074645996094,276902
2021-11-12,335.2847293317404,336.43003471747915,330.4649631799352,331.5625305175781,269142
2021-11-15,333.90085765683267,333.9485665796666,325.931516079692,329.51055908203125,304164
2021-11-16,331.08528535837127,338.4342642678048,327.64939873673586,332.8509521484375,355127
2021-11-17,332.46667726334687,335.9248744498723,330.49741183712,333.1871337890625,301692
2021-11-18,332.56276452995,333.33123981198094,326.174692821825,327.183349609375,248513
2021-11-22,327.5676178109013,328.5282266607867,314.1671126288186,317.81744384765625,379130
2021-11-23,317.96156120817227,325.1661283050342,316.2804955522378,320.4111022949219,235538
2021-11-24,322.7165309712291,325.4542425385073,319.1622667634085,320.6031799316406,172700
2021-11-25,320.84333731705215,323.4369927880123,318.00952964750144,320.7953186035156,131071
2021-11-26,319.8347053076871,319.8347053076871,292.31324028418703,303.8405456542969,640098
2021-11-29,302.63981542846443,307.2027076010865,290.15190000865675,300.0942077636719,439536
2021-11-30,302.5917689623298,308.1152695068803,296.05964091408646,298.94146728515625,220290
2021-12-01,302.3996709146298,303.55241332432274,296.8281510038472,297.88482666015625,186185
2021-12-02,297.7887270130429,302.1114665987161,291.64083657650957,297.1643371582031,301827
2021-12-03,298.6532758925725,302.3516257079288,293.9462985436893,296.828125,374009
2021-12-06,297.0682127864646,307.2026219006966,295.0029101370534,300.38232421875,478292
2021-12-07,302.7838946441504,306.3381294876085,300.862677112945,302.3996276855469,335629
2021-12-08,305.04131253235886,316.04029501199756,303.07207621971196,312.77423095703125,614969
2021-12-09,315.41593347141645,319.49852123549556,313.2545634786687,315.17578125,421058
2021-12-10,315.463900695995,321.61179069763705,315.463900695995,318.68194580078125,209368
2021-12-13,320.84333875159393,324.5897072032672,314.9356005029413,317.1449890136719,230322
2021-12-14,315.0796883959289,317.0009060080992,309.26801684529545,314.11907958984375,325935
2021-12-15,315.0316864183805,315.6560763124167,310.3246795661324,312.2939453125,194097
2021-12-16,313.83093255235343,314.6474266472862,304.99331913776933,308.21136474609375,236105
2021-12-17,308.21134601790885,310.2286304046873,299.7579708055648,301.82330322265625,341308
2021-12-20,299.7099609375,300.430417574369,288.18265474759613,296.5879821777344,354180
2021-12-21,296.1556847299973,301.58314796496677,294.7147715133762,296.107666015625,264770
2021-12-22,297.78869456759173,306.4341727969734,296.8761045838656,304.56097412109375,190965
2021-12-23,304.5610084412414,324.397603621904,304.5610084412414,319.0181884765625,851535
2021-12-24,321.13152949126373,321.32366298903895,306.57831115619666,308.5475769042969,211096
2021-12-27,309.3160047686995,310.22859476981876,302.59174379546687,307.2507019042969,162017
2021-12-28,317.0008757025156,335.1563745387512,315.0796582740155,330.8816833496094,1369436
2021-12-29,332.17850852260176,333.8115551950613,321.900012038242,323.2928771972656,472186
2021-12-30,325.0219937424889,331.41003640724796,322.8606239398329,329.0085144042969,291429
2021-12-31,330.4494207980073,336.2130734863446,328.0478988445334,329.3447265625,636784
2022-01-03,330.4014370541263,330.8336934622286,324.3495835015842,325.7904968261719,269943
2022-01-04,323.7731395512149,328.91240178378735,319.88268617526336,320.9393615722656,245548
2022-01-05,322.38035423188313,331.1219011264287,321.1795931011889,329.8250732421875,472533
2022-01-06,328.4321149275342,336.11698467402437,324.73376549894544,330.97772216796875,385192
2022-01-07,332.3706342849469,343.4176351354581,331.45804422763644,337.2697448730469,765189
2022-01-10,338.9988480207209,341.0161324135824,332.9470241575914,336.1650695800781,336312
2022-01-11,339.23899076394133,339.23899076394133,328.6722939979854,336.40521240234375,354318
2022-01-12,339.28708358990156,340.3917779891069,331.41007868907946,332.61083984375,179437
2022-01-13,334.6761339384758,338.9988739760965,329.6329372279183,337.8461608886719,297066
2022-01-14,336.26108826418755,341.880655432645,334.14776655913346,336.6453552246094,244718
2022-01-17,339.8634247172461,340.53586268851234,334.3399234183492,339.47918701171875,250076
2022-01-18,341.49644802130456,342.84129455548435,333.3312727521594,335.3965759277344,355509
2022-01-19,334.29184636837306,338.80671923803504,330.2572778756771,333.95562744140625,260291
2022-01-20,336.2130952794383,338.0382462192927,323.8692657753735,325.8385314941406,275304
2022-01-21,323.05276951988617,334.2919056605178,322.7645985687758,326.99127197265625,360091
2022-01-24,326.99119870123195,326.99119870123195,307.3947868994803,309.1238708496094,392868
2022-01-25,307.3948430440512,322.81260391429674,303.456340754458,318.9221496582031,250254
2022-01-27,314.1190632166886,324.01332167745517,312.82223553297865,319.6905822753906,220106
2022-01-28,321.61180323320264,322.7165267668175,315.5599797316535,321.03546142578125,176456
2022-01-31,321.852017278273,323.8693019382887,312.1979090477492,314.79156494140625,225297
2022-02-01,319.4024236766953,331.6021670741371,316.37651184179634,329.5368347167969,348601
2022-02-02,330.4493989794964,342.64914142381537,328.62424827845575,340.24761962890625,504106
2022-02-03,343.3215034565507,343.3215034565507,328.52813706580014,329.77691650390625,212132
2022-02-04,331.5061474009795,334.48404094522857,327.56764492732475,331.4580993652344,169223
2022-02-07,332.85098533042634,334.00372774173627,325.7424853019012,327.3274841308594,155327
2022-02-08,328.52820947432804,331.2659504163716,319.7866635345811,323.3889465332031,186521
2022-02-09,325.26215801228045,336.21309288900267,324.20548242868114,328.24005126953125,256002
2022-02-10,336.21307612315127,343.70581295057144,333.4273164983645,336.93353271484375,791151
2022-02-11,336.1650641292865,337.605977341473,327.5676035703921,329.7289733886719,265228
2022-02-14,323.2448372628874,324.6857503561841,312.1978368809462,318.68194580078125,313139
2022-02-15,319.88272075761523,322.95668055113697,311.23724181822024,320.5071105957031,206078
2022-02-16,324.3495576546854,324.3976056842834,316.52060174472757,317.2410583496094,177036
2022-02-17,319.4984850378447,321.803940239154,313.54269889529695,314.9836120605469,119875
2022-02-18,314.35496296282315,316.7730780625372,312.3237403754621,312.8557434082031,134441
2022-02-21,310.5343388475911,312.1786689731655,299.8462815853797,307.0522766113281,286192
2022-02-22,297.9117112319805,301.6839640095647,295.05832426850026,298.7822265625,312547
2022-02-23,301.29711536451686,306.08499465503905,301.29711536451686,303.6184997558594,150339
2022-02-24,289.2065131060555,295.6870721969034,279.6791354496304,281.7103576660156,626063
2022-02-25,290.1738085611436,296.1223657330458,288.2393165040693,289.690185546875,260377
2022-02-28,288.23931732498653,296.79945060552114,284.3219827054569,295.59039306640625,173738
2022-03-02,293.65588009321056,312.4204458604873,291.4795766777737,308.9383544921875,399327
2022-03-03,317.25665179698484,320.11003897857927,309.5186846799852,310.7760925292969,223879
2022-03-04,309.51870366350255,310.24413812521385,297.9117522761212,298.7339172363281,205679
2022-03-07,291.14100071153285,300.13637530505434,290.4155663243779,298.4436950683594,243267
2022-03-08,299.79786139037265,302.31267697234654,296.17068947252494,300.0396728515625,173467
2022-03-09,306.6170089222545,308.1162285466901,302.6512940704471,304.1505432128906,205348
2022-03-10,308.5514416015625,310.4859333984375,301.0069354009509,302.26434326171875,239606
2022-03-11,303.71523449036135,307.24567637621846,300.37822408764447,301.15203857421875,166567
2022-03-14,301.780740301707,306.4718891234594,300.136410358246,302.6029052734375,250299
2022-03-15,305.262786569832,305.262786569832,296.94446661765915,298.34698486328125,373628
2022-03-16,305.649706521594,317.0148459254824,305.6013560334593,313.9196472167969,716944
2022-03-17,317.2567033477889,343.2756161028934,317.2567033477889,336.0212707519531,1290908
2022-03-21,341.9214391837047,355.7530442939771,338.5360783997076,347.2896423339844,1124926
2022-03-22,347.6282180852568,355.1727548475717,343.6141529550412,345.54864501953125,756545
2022-03-23,347.6282009293832,354.0120303307518,343.8559474933942,349.80450439453125,381297
2022-03-24,351.59390152096347,372.87331234203964,350.6750060646701,365.7156982421875,2111670
2022-03-25,368.42399818564695,371.08392470506266,354.1087690883575,357.8326721191406,558993
2022-03-28,360.3958082317675,360.3958082317675,345.30676712602184,349.61102294921875,384208
2022-03-29,351.1102826959489,359.3318733375896,345.8871604272133,356.1883239746094,558180
2022-03-30,353.5767252356912,355.89813899891783,347.2896269159571,351.1102600097656,360075
2022-03-31,351.1102713314583,355.7530399716152,348.4503450334927,350.4815673828125,216105
2022-04-01,352.3676766170455,357.8809901646205,349.56266935449094,352.0775146484375,194149
2022-04-04,354.0120169901335,364.4099109317836,349.1757872498311,358.7998962402344,474508
2022-04-05,365.13534636874226,365.13534636874226,356.43013281293116,357.7842712402344,244429
2022-04-06,356.86539375648965,364.6517116001674,354.0120064871652,358.8482360839844,357716
2022-04-07,359.71869680155555,363.3458684475473,352.7061649526382,353.91522216796875,278563
2022-04-08,359.7187455765519,361.7499678773245,354.97924655341734,355.8497619628906,200457
2022-04-11,357.88102218135623,360.6376792017597,352.07754614598286,357.9777526855469,403186
2022-04-12,358.89656247767937,358.89656247767937,340.7607027071862,347.14453125,435980
2022-04-13,351.01351171554086,355.946471435227,347.3379893068339,349.61102294921875,187198
2022-04-18,348.20852720381475,348.3052576983052,338.10079564861405,340.8574523925781,216399
2022-04-19,342.4050387071224,351.4004135100242,338.53605521890637,342.79193115234375,267298
2022-04-20,345.30679278681754,345.64533476177775,335.53760310969636,338.68115234375,185206
2022-04-21,339.9869369781691,342.40505175041784,338.6327986093103,340.8574523925781,105619
2022-04-22,338.53604147492234,345.40349279129936,335.63430397656583,338.10076904296875,215104
2022-04-25,333.69980544820385,339.30981935578535,324.5109702257171,329.0570373535156,520434
2022-04-26,338.43934760674995,338.7295390987841,321.65762468856053,327.5578308105469,422490
2022-04-27,323.5437411034059,326.4454786917773,322.09287230922024,323.9306335449219,167710
2022-04-28,326.0102696251719,328.1865732395402,321.4642308970733,322.6249084472656,120547
2022-04-29,325.23649559764306,325.72011863942396,311.4532389068879,316.09600830078125,157970
2022-05-02,313.3876529901991,313.72619493869604,304.7307908920659,307.2456359863281,184962
2022-05-04,309.37364097885757,318.56247803752547,305.6497379514805,306.42352294921875,284894
2022-05-05,307.8743818364391,312.9040727103922,304.73083241971955,306.6169738769531,120378
2022-05-06,299.79787014896255,303.61847363658063,295.63869518418653,301.0069274902344,158216
2022-05-09,299.8462125034734,305.4562266076284,290.1737540356194,299.4593200683594,167033
2022-05-10,299.5076966014798,302.7479763736159,293.07551706455473,295.3001708984375,169923
2022-05-11,297.186317595425,297.3797785922737,287.804020090337,292.1082763671875,284860
2022-05-12,281.5653042620319,292.73698326912046,281.5653042620319,290.0770568847656,198942
2022-05-13,291.38282255626723,296.9444863892914,290.173765201262,291.1893615722656,134723
2022-05-16,293.80099184936324,295.6871334807843,285.33758879197416,289.3516540527344,112964
2022-05-17,295.00999553898936,318.2722473144531,293.0755037649632,318.2722473144531,769996
2022-05-18,320.54532097523577,335.34420260048154,314.06479043592384,332.2006530761719,564560
2022-05-19,319.1911466768236,327.89635976800975,315.37051356849105,323.01177978515625,382463
2022-05-20,329.5407060458292,334.08674428724754,323.0601463918452,325.38153076171875,184146
2022-05-23,305.69808820251524,305.69808820251524,293.0755396391216,294.04278564453125,641452
2022-05-24,294.04276015119007,309.22853292672573,293.704218175047,297.3313903808594,398964
2022-05-25,301.78072058661706,301.92580156791405,288.28762848395684,295.3485412597656,219325
2022-05-26,296.4608215875793,297.4280673350102,285.3374954921236,291.963134765625,159689
2022-05-27,294.04279351273794,300.81351573178125,292.1566519445162,295.59039306640625,170342
2022-05-30,299.07244491409836,304.68245934240844,296.3641386758089,301.1036376953125,100179
2022-05-31,296.94451048917966,306.3268081326844,296.94451048917966,302.6029052734375,99288
2022-06-01,302.7479768736444,306.3267986311093,299.84623907613343,302.21600341796875,88568
2022-06-02,304.10208813711483,304.3438995986612,296.8477442907237,299.16912841796875,88904
2022-06-03,301.6839974523894,302.6996233822479,296.21906389154196,297.1863098144531,108410
2022-06-06,293.31740230356223,297.86347112915644,292.3018056279347,293.801025390625,49688
2022-06-07,295.0099594458781,304.392255209225,293.0754679085281,302.457763671875,171781
2022-06-08,302.74800351458583,309.4703751442367,300.2331579651766,304.53741455078125,127001
2022-06-09,303.3283255628329,318.6107992486671,301.87745668691184,312.0335388183594,163698
2022-06-10,307.5842450602268,319.1911977040089,307.5842450602268,315.85418701171875,107772
2022-06-13,314.1614374906354,314.1614374906354,299.8462108446092,300.7651062011719,101606
2022-06-14,300.71672723209366,312.4204078572824,297.96007067092927,300.0396728515625,85373
2022-06-15,299.84621810913086,313.6778221695451,299.84621810913086,309.5186767578125,88390
2022-06-16,310.4859486524109,313.1942254938909,287.2720459494269,292.6886291503906,103289
2022-06-17,290.07702573434375,295.5903389097878,288.48107597871547,290.6573791503906,73642
2022-06-20,290.17380095055506,295.0100309663976,264.154889368923,268.9911193847656,158072
2022-06-21,279.53407824914325,279.6308087472938,268.7009118523556,272.9568176269531,98643
2022-06-22,273.92407525901035,273.92407525901035,270.6354152896058,271.8928527832031,64601
2022-06-23,273.53717335864167,275.1331529685341,270.1034616604034,272.2314147949219,63003
2022-06-24,272.7633704700655,279.34063142597137,271.941205471076,277.067626953125,49714
2022-06-27,282.43580667000896,282.6292676598607,277.4061161138899,278.9053649902344,81021
2022-06-28,276.6322999264559,280.74309459319517,275.2781617045417,279.6307678222656,53012
2022-06-29,279.4856815656009,279.53403204768296,275.6650489051545,275.9068603515625,29602
2022-06-30,276.197060208404,279.43733993883797,270.87720765688647,271.2641296386719,44608
2022-07-01,272.76335412702696,273.19862660570766,266.66971653351817,267.78204345703125,62789
2022-07-04,268.02384553470046,271.7477481635977,267.0082196260908,267.3951416015625,60066
2022-07-05,269.66817373704447,272.76337275278894,267.9271427394416,268.700927734375,47725
2022-07-06,269.7165549078611,270.5870704104061,265.26721737284674,267.9754943847656,46038
2022-07-07,270.1034357974404,278.51848750236,270.1034357974404,275.66510009765625,120879
2022-07-08,279.05039977062455,279.3405616893567,273.7788986090063,275.0846862792969,69393
2022-07-11,276.6322991590507,294.8648884163153,270.82882435151816,287.707275390625,219655
2022-07-12,285.33756099453126,290.1737908418962,278.66356970876853,281.5653076171875,77680
2022-07-13,283.7899006044079,285.337499726865,279.5823756370392,280.9848937988281,49051
2022-07-14,280.98491799799183,282.1456248192974,275.7617963381181,278.4217224121094,60332
2022-07-15,281.1784619329353,282.1940585627182,276.5840428132338,277.7447204589844,35821
2022-07-18,281.27508522036123,283.35468744070874,279.8725964294771,281.7103576660156,57536
2022-07-19,280.5012865131404,286.2564109229375,280.4529360295622,284.3702697753906,66633
2022-07-20,288.0458362789356,296.5576184731432,285.82118236888374,288.7712707519531,113343
2022-07-21,288.2393367105169,293.8493522621089,288.2393367105169,289.5934753417969,52298
2022-07-22,293.5108132048528,293.5108132048528,286.0146566359558,287.1269836425781,52696
2022-07-25,290.17377469982506,291.9148055408229,280.5013155431642,285.0957336425781,81506
2022-07-26,285.57935588808266,287.9974706712163,271.2157481726683,278.9053649902344,63571
2022-07-27,281.1299747594964,290.31880949646325,278.56677939436315,280.9848937988281,75381
2022-07-28,283.35469158079206,286.3047796995496,280.5980349267062,285.72442626953125,59273
2022-07-29,288.72285560813185,294.04270721900195,287.2719869869855,291.963134765625,149605
2022-08-01,293.8493133771381,303.7635845527125,293.8493133771381,301.297119140625,167969
2022-08-02,303.7152462574285,303.7152462574285,298.5404742153648,300.08807373046875,112922
2022-08-03,297.42814506469495,297.81503756117803,290.02871906668656,294.9132995605469,189913
2022-08-04,296.8477874442159,297.91176393329295,290.1737960389217,291.0443115234375,91592
2022-08-05,293.94601824527797,294.04274873727877,288.4810849042546,291.1893615722656,61999
2022-08-08,290.173764554022,293.02715171267056,289.545060634422,291.76971435546875,58572
2022-08-10,294.76821447620466,294.76821447620466,290.41560753562084,291.0443115234375,73212
2022-08-11,313.3275588321365,313.3275588321365,277.61598978263737,289.0008850097656,179857
2022-08-12,289.92531270788515,295.6177306692844,289.04952868707267,290.55780029296875,109919
2022-08-16,291.92003915378433,292.60119779006664,289.97390555942576,291.4821472167969,81878
2022-08-17,291.4821761223972,294.7419561553409,291.4821761223972,292.6012268066406,89268
2022-08-18,291.9200384794776,294.83923886427243,288.514304697217,293.379638671875,148674
2022-08-19,296.15288969714777,296.15288969714777,290.9469763221546,291.1416015625,67031
2022-08-22,290.9470421706978,291.1416674550917,285.1086399866704,286.2276611328125,73297
2022-08-23,282.33535922987517,289.9739404458496,282.33535922987517,288.85491943359375,70563
2022-08-24,288.8548956751276,295.3257841835125,287.9304703043684,291.2388916015625,73393
2022-08-25,292.69849140530647,294.4500295215966,277.2754058631358,288.1737365722656,107761
2022-08-26,290.8496586563769,298.09901814666614,287.1520167191003,292.99041748046875,141868
2022-08-29,284.81665357615196,291.4334956901938,284.1354949633943,289.438720703125,74285
2022-08-30,291.7254294068225,295.1798345376244,290.99562927018536,293.9635009765625,130204
2022-09-01,293.96350136704064,297.7584561434659,290.94698819247157,291.6767883300781,103040
2022-09-02,291.67678189746385,293.9634948839954,285.3518475110301,287.0060729980469,169073
2022-09-05,288.70893766463485,292.84447165382295,287.7845123064416,290.801025390625,80397
2022-09-06,293.3796576812923,299.70459225816927,289.0981694453044,295.9096374511719,164611
2022-09-07,295.3257750196449,297.5638167906308,291.0442870210915,292.64984130859375,157908
2022-09-08,293.86618913578263,296.78538969011163,291.43352200717516,292.0660095214844,144820
2022-09-09,292.89313752661855,299.60729321185386,292.89313752661855,297.2232971191406,153814
2022-09-12,299.1694233996406,300.191131742874,292.8931301607944,294.8392639160156,227658
2022-09-13,296.83400883487104,298.00170084705894,294.8392338176616,295.22845458984375,93566
2022-09-14,292.8931101587375,298.0503523796211,292.0173559678232,296.49346923828125,188062
2022-09-15,296.7854143443861,298.73154820893944,293.9148550159114,295.8123474121094,150910
2022-09-16,297.82499135139886,297.82499135139886,290.0688826764128,292.1797180175781,223651
2022-09-19,297.48135772474853,297.48135772474853,286.779889132281,292.81787109375,206699
2022-09-20,294.63418239765696,297.48135771678756,292.4742397628676,294.9778137207031,110614
2022-09-21,294.53599718261046,296.89227916772114,287.9089372460017,289.4306945800781,186630
2022-09-22,287.07441090076577,291.14881951206274,287.07441090076577,287.908935546875,139461
2022-09-23,287.9089513654432,291.59065151078136,286.92716466001974,288.05621337890625,112367
2022-09-26,280.34916909321754,290.36340502116707,279.8091984143114,288.4980163574219,158127
2022-09-27,287.17258832038726,295.32140533759906,287.17258832038726,290.756103515625,166630
2022-09-28,287.5653008093312,288.3016407891921,285.0126495534633,286.0926208496094,192751
2022-09-29,289.52890357047823,290.60887497659326,281.77279431852116,282.41094970703125,122341
2022-09-30,280.7909557534538,288.1052775995629,279.858246538105,281.0854797363281,278847
2022-10-03,282.754572730861,284.6690688017606,278.8274258873768,279.41650390625,137429
2022-10-04,281.2818778663072,284.9145004901187,280.1528292005553,281.72369384765625,121694
2022-10-06,284.423627536438,289.234376518901,282.7545781114953,283.9818115234375,121391
2022-10-07,283.7363677980928,288.89074818196815,280.3491915611304,282.41094970703125,121174
2022-10-10,282.41095131049633,283.93273874285677,275.636628759862,277.15838623046875,180025
2022-10-11,278.63105044346014,280.3982844612819,275.9802443593555,277.0111083984375,96100
2022-10-12,276.81473700417246,279.8091740753673,274.94931854093784,278.87646484375,65855
2022-10-13,279.41648244757715,282.2145803510214,276.86383120300087,280.2510070800781,82372
2022-10-14,284.57084713572766,286.04352701054245,279.1710209280734,284.7181091308594,100158
2022-10-17,282.3127720907128,287.02536653642125,279.31833444428946,285.1108703613281,57505
2022-10-18,287.66351611620786,296.4995968160231,283.1963984137805,292.8669738769531,189559
2022-10-19,292.86696136328084,296.4505067967127,290.95249527050805,294.5360107421875,105330
2022-10-20,294.53601500299663,304.1575128417267,291.54157750183396,298.8067932128906,182815
2022-10-21,298.80678847419995,300.42673053867566,290.6088635276078,291.1488342285156,57796
2022-10-24,292.57243682989014,295.9105056201626,290.60886342834726,293.30877685546875,24707
2022-10-25,294.4869279280562,294.4869279280562,287.1726051456292,287.8107604980469,82092
2022-10-27,288.64527837650877,291.6888230184072,284.57086972510893,286.33807373046875,95372
2022-10-28,288.15437537865853,288.93979269652385,283.73633555172853,286.4362487792969,150539
2022-10-31,288.0561981676609,301.3103179909743,287.71256684655816,300.2303466796875,341896
2022-11-01,301.21215987256255,301.40852920528044,290.6088750643746,294.7323913574219,333379
2022-11-02,297.28500922501553,299.4449520111084,293.60330899537075,298.4631652832031,94434
2022-11-03,296.008710987116,299.44496468016706,294.3396614943608,296.79412841796875,144581
2022-11-04,297.8740530481675,306.7592398924444,296.05774181776565,303.1266174316406,145479
2022-11-07,304.3538637514468,306.36651441413494,299.6412997812861,304.8447570800781,149010
2022-11-09,299.4449192286199,308.9682614314104,299.4449192286199,301.26123046875,95532
2022-11-10,283.9817895258057,296.45049200999694,283.9817895258057,294.6832580566406,277290
2022-11-11,294.73236422990755,297.1868308542014,291.0015569839304,294.38873291015625,89222
2022-11-14,294.53598923296084,298.8558444160276,291.7869986514866,293.2105712890625,77846
2022-11-15,293.30878558865345,298.4631659211737,293.30878558865345,297.53045654296875,63681
2022-11-16,298.4631689850334,300.62311179791595,293.45605061826274,294.7323913574219,105686
2022-11-17,294.38874644716947,296.0086885013438,292.1797263837266,295.1741638183594,49901
2022-11-18,295.17417713409725,295.5668858374079,287.663514571925,291.34521484375,284791
2022-11-21,299.39585254705815,301.8503191855428,293.6032873108336,295.9104919433594,122369
2022-11-22,295.9105183141487,296.3523343331498,290.6579532473462,291.6397399902344,39147
2022-11-23,289.8234688668584,292.52338250651263,288.6453127484892,289.38165283203125,44454
2022-11-24,290.11795721924796,291.9342685275224,285.40539324911794,286.0435485839844,80949
2022-11-25,286.0435687733963,294.04512460244786,285.69993742675234,288.3016662597656,196163
2022-11-28,286.7307609551292,290.55975261658557,286.6326062657576,287.1725769042969,170486
2022-11-29,287.1725775536071,292.13058784803815,286.38716026636513,288.3998107910156,177468
2022-11-30,289.6270468989901,291.44335810070646,288.4488909947013,288.9888916015625,150666
2022-12-01,290.1179918138893,292.4742740799253,287.76170954785334,289.0871276855469,212601
2022-12-02,289.0871117996441,291.148839943033,288.2034797819027,290.16705322265625,83108
2022-12-05,290.55977662049116,292.4742426476296,287.46712464432295,287.85986328125,177003
2022-12-06,287.0744137263272,289.6270650376533,284.7181317319304,286.33807373046875,93558
2022-12-07,288.59617200175023,288.59617200175023,286.3380449311847,286.6325988769531,30566
2022-12-08,285.69990994675595,287.6634832109948,285.69990994675595,286.73077392578125,34240
2022-12-09,286.7307665475084,288.8416317216477,285.4053785976527,286.1907958984375,61181
2022-12-12,290.36340217557813,290.36340217557813,285.7489929289159,287.908935546875,52932
2022-12-13,290.6579284678504,293.55421109715485,285.6999178236524,287.2707824707031,103290
2022-12-14,287.7616712927001,289.6270599235866,286.6816999921603,288.5470886230469,60011
2022-12-15,288.5471039261755,291.1488326779016,286.6817151963579,287.4671325683594,57215
2022-12-16,287.467109896839,287.6144018590061,284.76719669610736,285.84716796875,65798
2022-12-19,284.0308640691764,289.5288752668556,283.736340060734,288.5470886230469,55459
2022-12-20,284.7181109351432,288.5470726415764,284.7181109351432,286.2398681640625,48428
2022-12-21,301.21210316693094,311.96267793165083,289.6270337996444,293.75054931640625,2062694
2022-12-22,296.74500899591544,297.77587297298777,286.6816960357562,287.6634826660156,180673
2022-12-23,287.02533582333376,288.9889091418286,277.2565465791215,279.5637512207031,235859
2022-12-26,276.8638491334034,297.4322924632986,276.8638491334034,292.08154296875,217049
2022-12-27,291.59063125598055,306.3174308143634,289.6270579815295,304.59930419921875,332426
2022-12-28,304.3538961880202,311.37366554323177,299.44496237853605,307.5937805175781,393082
2022-12-29,306.5628745055844,306.5628745055844,294.8796196280658,300.6230773925781,90909
2022-12-30,300.524905640026,310.2445876794039,300.524905640026,307.8883056640625,189625
2023-01-02,308.23193900726017,323.9896031770812,304.4520543111772,320.5042724609375,800015
2023-01-03,323.74417528859726,328.80037097247487,319.0806883056682,321.2406311035156,292709
2023-01-04,321.09332076581313,321.2406127367817,305.43384124287724,307.2501525878906,261207
2023-01-05,307.44645473559416,310.2445524190651,301.40847339447146,302.6847839355469,130207
2023-01-06,304.50114368262365,307.9373971853237,295.7632479109656,297.5795593261719,129851
2023-01-09,301.40850320591517,303.3229991686336,294.53599661815815,295.9104919433594,108937
2023-01-10,300.2303587753408,300.8685440952789,292.37606523027756,293.9469299316406,111615
2023-01-11,296.4995841471354,299.24857492936155,290.6088639322917,294.5360107421875,109595
2023-01-12,295.81231464004316,298.26678133955147,288.89073053213036,295.2232666015625,118908
2023-01-13,304.3538494499362,305.28655871520846,297.92315913174224,300.6721496582031,185478
2023-01-16,300.67216771715044,303.56845037863667,297.92317702557995,302.3412170410156,70306
2023-01-17,301.9976083770481,301.9976083770481,292.5724496444727,295.02691650390625,171404
2023-01-18,294.53599940449595,300.230350074949,294.53599940449595,298.6595153808594,123292
2023-01-19,298.6595048860737,312.2081483978857,296.79408631932773,307.39739990234375,413501
2023-01-20,309.1646462115816,323.00784558619813,305.5320531592453,320.2097473144531,593853
2023-01-23,320.20972887298825,323.1060116467518,312.55180453406626,316.08624267578125,213988
2023-01-24,317.70618384677573,318.04981518600215,308.2810254829713,311.4718322753906,104957
2023-01-25,310.04817598926604,311.4227011086435,299.4448933884082,301.21209716796875,118497
2023-01-27,302.29213851439465,305.1393141364302,293.2106109512657,297.43231201171875,104432
2023-01-30,296.4995947640958,301.5557904705368,292.965156516279,296.8923034667969,161938
2023-01-31,299.00310257360337,300.9175984637004,294.73235475404044,297.8740539550781,87688
2023-02-01,299.0522018160355,304.3538434187215,290.1179378394587,296.1068420410156,148910
2023-02-02,295.2232450618187,298.1686048863327,292.1305932766794,293.8978271484375,60851
2023-02-03,294.53597282942013,297.43225521360887,290.6088265250279,293.9960021972656,75959
2023-02-06,293.9960732273687,296.7941416758689,292.86699442266917,295.1251220703125,64334
2023-02-07,295.12510605301605,296.3032321879822,290.01980291623374,291.5906677246094,59052
2023-02-08,291.49244468520357,296.40137783908625,289.08708541685115,293.2105712890625,73252
2023-02-09,291.59064849850853,294.33963926059494,290.1179684555868,291.7870178222656,158201
2023-02-10,290.8543056793253,292.81787905100003,290.60885900786593,291.19793701171875,59808
2023-02-13,291.24702531368,294.43783216264205,286.68172304520795,288.00714111328125,80313
2023-02-14,286.68170166015625,291.3942655931572,285.69991501063515,286.68170166015625,58535
2023-02-15,284.718177080661,293.0633650295769,277.15840660105835,290.8052673339844,352567
2023-02-16,287.9089525390895,288.5471079078657,283.9818057013867,287.12353515625,161761
2023-02-17,286.63265437872394,288.2034892133299,282.7545847216251,285.4544982910156,128494
2023-02-20,285.4544298281867,286.8780322625874,281.8218077304552,284.9144592285156,96254
2023-02-21,284.7181601086187,285.94539355736276,282.75458659062826,283.589111328125,69676
2023-02-22,282.80365220066903,284.7672256371236,278.23834995326274,282.1654968261719,157360
2023-02-23,286.3871712633076,286.3871712633076,277.6983536164644,280.88916015625,76001
2023-02-24,280.8400363374771,282.21456150474694,277.3547059990031,279.5146484375,98761
2023-02-27,279.5146918692329,280.64374060771195,271.07132006372115,272.2985534667969,101315
2023-02-28,272.7894502210542,273.7221296419409,263.51155359369943,265.18060302734375,145869
2023-03-01,265.0824244286801,272.98579583898174,265.0824244286801,272.20037841796875,96570
2023-03-02,272.2003461429798,272.24942349031625,267.684121603262,268.5186462402344,90406
2023-03-03,269.94226744723136,273.0839669369196,268.0277713812358,271.4149475097656,134443
2023-03-06,272.54399993056813,277.8456422352866,271.8076598893085,275.6856994628906,84418
2023-03-08,274.900280334493,277.7965631298611,272.6421828735894,276.3238830566406,83225
2023-03-09,277.8456081991097,282.7054638607903,276.6674522927176,278.1892395019531,129257
2023-03-10,274.900271957297,277.3056613216241,273.52577658986087,274.556640625,75304
2023-03-13,275.73481890221956,275.8820809245972,265.18061118001526,268.175048828125,124266
2023-03-14,269.99135622579695,273.47668720328295,265.180607143579,269.4513854980469,156969
2023-03-15,269.5004448125824,272.9366982072783,265.4751134150167,267.7823181152344,117391
2023-03-16,267.5368612049824,267.5368612049824,258.2098880620564,261.1061706542969,248204
2023-03-17,263.85520333457595,278.5329280257038,263.4133872884763,273.91851806640625,198064
2023-03-20,273.91844719858216,275.8820202967799,266.40778609032543,271.856689453125,235750
2023-03-21,276.86388048122836,277.35477388633694,267.78235248672,272.0531311035156,155019
2023-03-22,271.85668128967484,274.21296294440697,269.1076910194452,270.0894775390625,160551
2023-03-23,269.99133243312286,273.9184790866956,267.1441571016329,270.9240417480469,195841
2023-03-24,270.1877138509389,273.7221220280429,264.59151763427,265.8678283691406,275340
2023-03-27,266.0641806428406,267.2423366008671,258.35714949164804,259.8789367675781,135332
2023-03-28,260.17344834421823,263.11880813679426,250.35558236896472,250.748291015625,169534
2023-03-29,251.288276596807,262.0879441485853,249.91378135286,259.3880310058594,220268
2023-03-31,259.4371173619995,265.6223611554663,256.34449546526616,258.0626220703125,162249
2023-04-03,263.21701214671907,268.56773151969173,260.27165213753176,266.8987121582031,115582
2023-04-05,269.5004616420962,271.95492850586754,265.0824212873077,270.3840637207031,79905
2023-04-06,270.3840444985165,271.7585398521619,266.40782044658675,270.5804138183594,80748
2023-04-10,270.97311574122483,278.63103963616777,270.97311574122483,276.81475830078125,125526
2023-04-11,276.86386668853106,284.2272673983324,275.53844856841596,282.6564025878906,149835
2023-04-12,282.656330855677,289.6270210842923,280.88912711850537,286.77984619140625,135975
2023-04-13,286.7798738549008,290.6088356292882,282.3127268166577,286.1907958984375,117061
2023-04-17,285.69989081546726,288.00709523880096,282.5090844747447,286.9271240234375,105403
2023-04-18,287.2216930615259,290.60886923152697,287.1726157102082,290.16705322265625,64166
2023-04-19,288.89072334964345,298.85585190954095,286.68170337500726,295.9104919433594,166117
2023-04-20,296.35234310103635,307.9865223408211,294.536031580605,304.79571533203125,296253
2023-04-21,305.97381037011843,305.97381037011843,297.48136164873426,299.2485656738281,118825
2023-04-24,299.2486007647605,304.3539040430885,292.5724625962593,294.5851135253906,123373
2023-04-25,295.5178308032813,297.97229783653114,293.6033345326441,295.1251220703125,57228
2023-04-26,295.5177815519622,295.5177815519622,290.1670323265369,292.2287902832031,60784
2023-04-27,290.60886649386185,293.2105952860003,286.6817196493502,288.35076904296875,105209
2023-04-28,288.6452648185506,291.5415473175862,287.66347820352144,288.9397888183594,69786
2023-05-02,288.93978258596303,291.54154102907023,288.05618064384595,288.6943359375,75352
2023-05-03,288.64528404168817,290.55978005319594,286.73078803018035,287.5162353515625,41183
2023-05-04,288.3507554211981,297.23591275246724,287.71257011971085,296.49957275390625,136564
2023-05-05,294.7814291034418,300.42670210042695,292.52333188934756,293.8978271484375,90231
2023-05-08,297.4322780859393,298.36495742790567,291.39426620921853,293.4560241699219,93457
2023-05-09,293.55422363092816,300.2303612137534,289.7252614889622,291.1488342285156,97445
2023-05-10,291.09979014343156,297.4814044298812,290.2161880038128,295.1251220703125,90993
2023-05-11,295.1250863825119,299.2485725226884,294.53600837341463,297.3341064453125,85195
2023-05-12,298.31590390402374,301.06489476333326,293.11241625795134,297.53045654296875,91531
2023-05-15,301.4576118637566,303.12666133597617,298.3159122172459,299.2976989746094,108034
2023-05-16,301.2121454684737,301.2121454684737,293.01425055021565,293.9469299316406,72542
2023-05-17,292.6706141681545,297.53044023830324,287.9580201453341,292.768798828125,75234
2023-05-18,293.94692888227314,298.7576776690999,289.67615079004094,291.4924621582031,95953
2023-05-19,290.60884830359066,295.4687042041787,288.15438167940493,292.2287902832031,84124
2023-05-22,293.4560452179573,294.2905699240207,289.5780056430495,291.394287109375,62419
2023-05-23,292.27790773836546,295.86142314171843,289.57799435804105,293.35784912109375,83245
2023-05-24,292.1306313378163,298.4140904181722,290.6579512336867,295.6650695800781,79943
2023-05-25,294.5360255740421,309.26282685274424,289.774353834911,299.0031433105469,477141
2023-05-26,299.0031468640458,299.9358562741499,295.5668931915105,297.43231201171875,76796
2023-05-29,298.46314494301396,303.7647869200462,295.0759689778747,296.2050476074219,154594
2023-05-30,297.82499305948704,299.2485657573903,292.572428369892,293.70147705078125,61780
2023-05-31,293.7014359529595,294.5359605000591,288.7434259359074,290.4124450683594,103088
2023-06-01,293.25972814391116,293.40699017105754,289.2834736404275,290.559814453125,99859
2023-06-02,291.5906485864672,295.27234869488217,288.69436584981315,289.6270751953125,129565
2023-06-05,292.39292727335976,294.86246213208744,288.4416714993954,290.3185119628906,205079
2023-06-06,291.4051456439591,317.0883110227487,291.4051456439591,307.4077453613281,1903023
2023-06-07,307.2101411411388,312.6924965533881,303.2588853065261,311.6553039550781,346525
2023-06-08,314.1248494400519,319.06391939980114,311.7046931014985,314.02606201171875,383809
2023-06-09,316.0017133499119,316.0017133499119,308.93884881462344,314.371826171875,136269
2023-06-12,319.01452815193073,320.7432025695307,315.6065579561008,317.4833984375,255516
2023-06-13,320.4468325121989,320.4468325121989,312.6924871410467,313.5321350097656,131431
2023-06-14,315.45836064275494,342.6232416569227,314.02601849464236,336.3012390136719,2800815
2023-06-15,338.1287038605688,338.8695643248958,327.50970387188175,330.42376708984375,437889
2023-06-16,333.78232871364185,344.40132870915795,332.8933021850156,336.153076171875,528580
2023-06-19,338.96839590535126,348.59958319621904,335.6098340587002,345.537353515625,637405
2023-06-20,345.53731695683433,351.06908125493925,338.82019397422204,348.6983337402344,337053
2023-06-21,348.5995033903732,351.66173236992273,341.98116864947474,343.51226806640625,272077
2023-06-22,348.69834215011633,351.6617841513921,335.856760144588,338.27691650390625,311251
2023-06-23,337.78304799902526,337.83242664639755,329.18905315763743,330.7695617675781,147779
2023-06-26,335.56040355307175,346.5251140423266,334.325636142508,345.19158935546875,381592
2023-06-27,349.0934536463893,364.20702559072356,347.7105201069203,361.58929443359375,1056179
2023-06-28,364.5033632154597,369.39305453638235,357.9837848361263,359.9100341796875,450234
2023-06-30,361.2435825357662,361.5399146698425,351.66177492476487,354.47705078125,251163
2023-07-03,355.6129849137931,365.1947912878004,354.7733371147205,358.08251953125,334130
2023-07-04,359.56428041947026,360.50271573708267,350.18004782610495,356.2057189941406,215967
2023-07-05,355.46487952928123,363.0216507191956,351.7605769709221,355.2179260253906,246589
2023-07-06,357.53929263029636,360.5027346574163,351.01971414149426,352.4520263671875,182333
2023-07-07,349.6861392249243,355.613022940601,346.4757438789328,349.09344482421875,292294
2023-07-10,349.0934297815977,355.6130076170479,343.9568155367644,345.4879150390625,289430
2023-07-11,346.67333218846375,353.3410766274971,346.130016406017,347.01904296875,197930
2023-07-12,352.6989809828669,352.6989809828669,343.8580636614643,348.10565185546875,172849
2023-07-13,348.50076517409525,351.6617820145246,339.11653222707844,344.1050109863281,157258
2023-07-14,344.59889786377397,360.4532994903082,344.59889786377397,357.9837646484375,539195
2023-07-17,359.9594334166297,376.3571526587203,358.2307588309269,373.24554443359375,857335
2023-07-18,376.0113393240249,382.6790828709416,367.76308757388693,372.3070373535156,533138
2023-07-19,375.02358159835023,388.01332975675706,372.9491661552314,375.418701171875,679165
2023-07-20,378.0858269014941,383.666970243991,373.59128504102046,378.974853515625,424345
2023-07-21,375.3692761189312,384.2596010796427,369.44239281179017,381.938232421875,478546
2023-07-24,382.92611339938514,394.13780898228026,378.38216270528795,390.2359313964844,510807
2023-07-25,395.12561561913697,399.47199136180905,389.9395919141358,394.878662109375,503880
2023-07-26,392.2115376691802,398.9780696160443,391.17434502473947,395.57012939453125,403690
2023-07-27,397.1012362723907,405.00374843701536,395.1256082312345,398.08905029296875,564199
2023-07-28,398.08903218275015,398.7805140239739,379.36994528610404,388.9023742675781,903312
2023-07-31,390.8285671275103,397.1011914797737,381.2961689333151,390.1371154785156,663422
2023-08-01,392.112768479562,394.13777506510417,382.6791269538729,388.9517517089844,659626
2023-08-02,385.4450616516696,394.6317204319843,383.2718586423277,388.6060485839844,304034
2023-08-03,388.6060473878171,399.07688251258287,381.39501676703026,395.8171081542969,442566
2023-08-04,395.86645387863354,403.1268926863317,391.17433745711514,395.91583251953125,528083
2023-08-07,397.64451989739746,403.9171449252155,396.50853980866464,398.1878356933594,347880
2023-08-08,399.0274422441528,425.15510215752323,399.0274422441528,415.96844482421875,2174842
2023-08-09,418.1416615598419,457.5554649756224,418.09228291724224,445.40533447265625,3413069
2023-08-10,447.92428165853767,455.38226548841175,437.0583273844107,442.39251708984375,1125469
2023-08-11,444.51628966390615,474.0519215479921,444.51628966390615,459.1853332519531,2071182
2023-08-14,470.19943255115845,473.5579938973861,452.2706156794485,458.69140625,1181581
2023-08-16,457.4072687894566,468.22384434040714,452.91272706767234,464.025634765625,705311
2023-08-17,464.32193232667845,469.40919825491477,459.3334839676708,464.2231750488281,457344
2023-08-18,464.2231936289396,471.6811771464875,455.3822464178654,457.6048278808594,523657
2023-08-21,457.604824895976,468.2238251499031,456.3700574245891,462.04998779296875,546499
2023-08-22,462.05000991452323,471.68119665245285,458.14813245985454,459.5804748535156,338170
2023-08-23,461.21032324254395,465.26036643170295,459.33348278289145,464.2725524902344,359264
2023-08-24,468.12505993301636,479.08980162828664,463.284777244673,465.3097839355469,572687
2023-08-25,465.2603575218381,482.0531942052165,465.2603575218381,470.4463806152344,673095
2023-08-28,477.4105089335602,479.18859227606595,470.44643207606526,472.3232727050781,345052
2023-08-29,476.12633932762964,478.8922064189746,470.19945543558447,471.9775085449219,301372
2023-08-30,473.11351115955966,473.656796782682,460.7658365823261,468.0262451171875,526845
2023-08-31,468.52014883938944,471.8787404175732,459.3334910761425,461.0127868652344,330826
2023-09-01,461.8030010389935,483.0410000172574,455.4809980699502,475.13848876953125,2032519
2023-09-04,480.0776145099321,488.3258676196423,467.8781053137204,473.9531555175781,1612741
2023-09-05,476.1263397624534,486.9922935744596,471.4836019845019,480.5715026855469,897162
2023-09-06,484.02886638097226,486.6465674863433,472.27388565514406,477.015380859375,654536
2023-09-07,474.1507061949071,477.01536068236334,464.27256648251324,467.927490234375,775846
2023-09-08,473.16292505579344,473.16292505579344,452.418830220362,462.0993957519531,838729
2023-09-11,437.7003900332608,454.0981084850315,431.27959902439875,445.7510681152344,3931589
2023-09-12,430.1929732630748,440.5650196907724,429.60027886664,432.563720703125,10067895
2023-09-13,430.19301087369155,442.44189883957904,424.5624588338303,436.5150146484375,3501818
2023-09-14,439.28090476097435,445.50412100048726,437.8485623801907,441.1577453613281,2440801
2023-09-15,445.4053440625367,451.0358961419325,438.98455281038343,443.52850341796875,2032822
2023-09-18,445.05957627061633,449.7023140311359,429.69908095232097,433.3045959472656,997109
2023-09-20,433.1070383711088,436.5643871955926,428.4643007485262,429.60028076171875,754004
2023-09-21,429.6002944701305,434.5887731634801,421.6977826191437,426.09356689453125,748450
2023-09-22,428.41495576694547,436.51501270468856,423.6734303477305,429.4521484375,904792
2023-09-25,430.686873449342,441.6022053167895,422.2904550449397,437.2064514160156,1610831
2023-09-26,444.51629311640426,446.1955889486757,434.63815326937305,436.07049560546875,940925
2023-09-27,439.6265932916692,442.83698867957463,431.77349035328365,436.4656066894531,532569
2023-09-28,439.08335543821363,439.577262474702,430.6869358179103,434.2430725097656,409410
2023-09-29,435.3296664124766,441.94800249836067,434.63818451519813,436.0211181640625,518144
2023-10-03,438.5894080242141,442.5406639523602,436.11987306912283,438.9845275878906,755104
2023-10-04,439.5772411597206,443.72607212332497,432.0698485399893,435.2308654785156,1288315
2023-10-05,439.2808801662007,440.5650262562052,430.3411457388347,432.26739501953125,407120
2023-10-06,434.4405774149613,440.318082668703,430.53873027177235,437.5522155761719,917435
2023-10-09,437.4039984897251,437.4039984897251,426.73562004683,428.46429443359375,421804
2023-10-10,430.09422152620954,433.40340454733325,425.8466332664155,429.4521484375,590957
2023-10-11,432.11922213339165,435.52716215492575,426.7356240769233,428.2667236328125,633336
2023-10-12,429.7484397459088,460.02496092670134,426.38987840087293,455.8267517089844,3945126
2023-10-13,456.3700303768,459.4816381911405,447.2327516300784,451.8260803222656,1006962
2023-10-16,454.19685465236597,471.8787489605678,448.46754564295674,464.9146423339844,2343300
2023-10-17,469.21165182652953,474.05193441623345,460.56827929288295,464.32196044921875,804183
2023-10-18,467.82872469673583,476.8178382847321,455.18468718587235,459.7286376953125,940388
2023-10-19,456.3700646105748,467.927500383015,452.4681872812774,464.56890869140625,567480
2023-10-20,465.85304794127904,466.89024049285905,449.85045047380805,451.92486572265625,480580
2023-10-23,451.8754970367134,453.90050354703726,425.747806373826,429.8966369628906,924528
2023-10-25,432.06982640881,437.1570623482486,415.07944413515247,430.5387268066406,572702
2023-10-26,425.7478291991424,431.67471313230914,415.37578231610064,428.81005859375,602160
2023-10-27,432.66251674405174,438.7869753863759,430.2423604711116,437.8979187011719,401956
2023-10-30,438.5893538977061,443.4790445636241,430.7362216513982,434.3417663574219,268947
2023-10-31,434.63813614578766,446.4919034952182,433.8478970474346,435.4283752441406,330286
2023-11-01,436.61377874449477,437.79916757764283,425.8959910425563,427.5752868652344,225069
2023-11-02,429.6990713144592,431.97103135738627,419.7221443191695,426.58746337890625,508388
2023-11-03,431.5758630906803,436.4161449047271,424.75995358553797,434.6380920410156,431701
2023-11-06,436.61376655084985,441.55283630821236,433.6009460571345,438.19427490234375,420416
2023-11-07,438.1942886773362,449.2577871942047,437.55221561783287,443.2815246582031,403177
2023-11-08,444.51626908790195,449.85045828781904,442.54064122528905,444.36810302734375,399885
2023-11-09,446.44255105176387,448.07243812880836,440.5650456711924,441.4046936035156,222457
2023-11-10,444.0717576630155,454.39442569634986,437.60158822496305,450.739501953125,1088915
2023-11-13,466.64332851887644,474.39767446376806,464.3713683725372,467.23602294921875,1090305
2023-11-15,473.162941990136,478.00322492916365,466.05066859087964,467.0384826660156,644413
2023-11-16,467.0878590538036,471.2366597941431,455.62921054801075,458.54327392578125,334455
2023-11-17,457.9011284619663,460.6670255127202,446.2449363175907,449.01080322265625,357013
2023-11-20,452.22124824320264,459.3335212760766,449.5047596765162,450.9864807128906,332561
2023-11-21,455.2834382089305,457.30847487019514,442.7382192778508,444.2199401855469,330559
2023-11-22,446.1955742936272,448.41815568620973,438.78696965168535,442.49127197265625,354346
2023-11-23,442.54067250844594,447.9242708729077,436.7125759308881,438.58941650390625,317760
2023-11-24,439.0339207631384,446.4919040040453,436.2186449853025,442.59002685546875,320435
2023-11-28,445.40531745753674,446.9858258543365,436.9101112022168,440.46624755859375,408286
2023-11-29,441.7997894203316,455.876138216843,437.65095876939984,449.7023010253906,803367
2023-11-30,450.4431888875748,466.8902861368974,450.4431888875748,464.1737976074219,2363268
2023-12-01,464.76645394195594,470.248809193729,456.32065690096744,463.087158203125,667519
2023-12-04,468.1744538811809,470.0512944381035,463.8280481969086,464.56890869140625,459722
2023-12-05,465.16159003739244,484.02884279592246,457.1602908926484,476.66961669921875,2125798
2023-12-06,483.04102950471486,513.6632624590014,480.0775876059129,508.23028564453125,5780164
2023-12-07,511.5888758145569,512.6754470578579,499.8338655323239,506.8473205566406,1064409
2023-12-08,512.6754083618696,519.5407269483045,496.2283131400916,508.6747741699219,1468324
2023-12-11,513.5645205811837,528.1841556621198,509.5638256647129,518.9974975585938,1514719
2023-12-12,520.3310571067337,521.7633995547684,503.8839590052086,507.3412780761719,676078
2023-12-13,508.72425131114096,512.6261289862708,501.51322058384295,508.3291015625,356852
2023-12-14,509.8602197779929,521.5657915513715,506.30405320622265,513.1693725585938,710411
2023-12-15,513.5645037415621,517.0712312537205,503.78512138633437,506.8473205566406,743941
2023-12-18,509.7119670410149,535.3951281709885,506.25461842736456,530.2584838867188,1744018
2023-12-19,535.3458143597957,538.259877745297,527.4926809281507,532.9750366210938,953937
2023-12-20,538.160955377694,541.7664999258525,511.24302886772676,514.749755859375,1695493
2023-12-21,508.72420680447516,566.2149933016261,501.0686483525632,564.9308471679688,4820038
2023-12-22,582.8101632158664,604.5420676069665,569.9685833483982,600.9859619140625,6107450
2023-12-26,607.5055898780421,619.9520217492354,602.5665200416353,611.5556030273438,2575003
2023-12-27,617.1861876020375,618.3715764842456,602.6653094506005,615.7538452148438,1294800
2023-12-28,617.3837704025044,625.977764544784,614.370949661217,618.2728271484375,1394765
2023-12-29,619.3592970943163,622.3227387072077,606.0731884715781,620.1495361328125,2101797
2024-01-01,628.2497536819345,638.7205587934121,620.6929518677905,634.077880859375,2400493
2024-01-02,640.103498918643,646.0303831678898,627.360673666209,635.1644287109375,2557701
2024-01-03,627.7557728970139,668.7500523230188,624.8417096506245,660.5512084960938,2861553
2024-01-04,661.8353335548107,673.6891007229566,643.610154475511,647.1663208007812,1956706
2024-01-05,648.0060289196941,659.8597977413958,637.1400741664675,645.783447265625,1053483
2024-01-08,642.0790977281567,645.3882504998954,620.3471898050499,622.1746215820312,1676042
2024-01-09,632.2009726967062,635.1644147562221,618.0258656285755,630.0771484375,1456087
2024-01-10,612.642217378893,663.8109673902851,612.642217378893,658.3779907226562,7393963
2024-01-11,669.7378920693812,675.0721117864866,658.8719380682556,662.2305297851562,3575155
2024-01-12,664.6506010247683,680.603820647053,656.8962855301745,674.87451171875,1473586
2024-01-15,674.87451171875,674.87451171875,674.87451171875,674.87451171875,0
2024-01-16,666.7744253102087,675.467176130051,642.7705580573171,663.366455078125,1466524
2024-01-17,652.4510788211801,657.2913910319373,638.4241094286722,642.4247436523438,1343951
2024-01-18,643.1656531129993,654.9206634974544,629.2375002230443,648.746826171875,1074243
2024-01-19,653.2414240401448,674.0843368241954,646.0303934800664,668.9970703125,1362418
2024-01-23,691.4698325239982,700.1625840745944,652.0560279535764,663.6134643554688,1529512
2024-01-24,664.7000080090479,670.4293166619874,647.6107790338746,667.76220703125,720334
2024-01-25,667.7622442116428,675.0226527799364,663.8109883287337,668.8982543945312,353649
2024-01-29,671.7629535010573,708.2133171943187,671.2196678149663,702.5333862304688,2020717
2024-01-30,713.2017149292493,725.9445397696074,706.7809238668669,722.092041015625,2612634
2024-01-31,728.8091661121636,728.8091661121636,681.5916683892702,696.2113037109375,2625792
2024-02-01,697.2979280358745,711.670609704792,686.5307312989498,693.6923828125,1195893
2024-02-02,696.853334167289,711.2260144850661,689.5434871240864,696.7545166015625,1304936
2024-02-05,701.3478799787217,711.127261858356,666.9225891413872,676.4055786132812,929349
2024-02-06,677.0971618398487,696.0632039160793,673.1459055861084,688.802734375,550683
2024-02-07,695.9149311282378,702.1875256244105,681.5916287842215,683.7648315429688,452758
2024-02-08,687.4197289393046,691.8648915656912,676.6525331277287,679.2208251953125,627460
2024-02-09,676.6525887434901,681.394083876409,643.7090160212174,673.738525390625,1054114
2024-02-12,673.7384870699062,694.2850050048366,642.2272584955374,649.6852416992188,854405
2024-02-13,656.4517745698105,658.8719309020146,635.8064983670498,651.0681762695312,637688
2024-02-14,641.0912786562675,668.4537382011055,636.9424478455161,662.5762329101562,528411
2024-02-15,666.6756618242064,675.6647446911185,656.2541763740106,660.7981567382812,375653
2024-02-16,662.6255372172031,671.7134369518859,658.1309961311676,663.21826171875,276016
2024-02-19,665.6878478699796,670.6762962805491,653.4389307210159,660.7981567382812,342836
2024-02-20,662.8231671753774,663.8109811354003,651.6608814853943,654.8712768554688,308942
2024-02-21,654.9206345683671,665.7865877814169,632.8923960220052,635.7076416015625,663338
2024-02-22,643.116295077465,643.7583982964496,622.4710185741021,639.1650390625,538118
2024-02-23,641.535813756828,662.3786650207348,635.7076870457392,656.5011596679688,675797
2024-02-26,657.0444917589944,663.7122361122778,645.6351920769382,648.5492553710938,399838
2024-02-27,645.1907100905316,654.8712748102471,638.7699193704353,640.5973510742188,340307
2024-02-28,642.6717544740113,645.3388642915781,616.3959265916258,619.6557006835938,413154
2024-02-29,616.8897881585227,650.5742184474256,614.4202533780643,641.9802856445312,1363833
2024-03-01,648.0059611760053,674.5781809566341,626.5703860727303,663.3170776367188,2498858
2024-03-04,678.628107359359,680.1098281177855,653.9327613855831,655.7601928710938,527510
2024-03-05,651.9572105622026,658.9212868894775,639.90586824808,646.3760375976562,936834
2024-03-06,642.1777998865645,645.437634028311,614.9635386772105,621.828857421875,923041
2024-03-07,624.3478510391649,638.1278689359185,622.8167513376109,632.3985595703125,429643
2024-03-11,632.3984258497557,634.3246748759984,583.0571129965978,589.57666015625,1452486
2024-03-12,589.5766713815381,600.5908199092519,576.9326661785652,580.3900146484375,1144829
2024-03-13,585.2798245556,585.5761567122879,504.97055435839974,537.6671752929688,1965752
2024-03-14,534.4073976151517,559.1027487064248,524.4798785347367,540.6799926757812,1168295
2024-03-15,538.111667712896,563.0539708056001,535.4445578981722,556.5838012695312,1061534
2024-03-18,553.3733773832257,576.0437192062417,553.3733773832257,572.2899780273438,1479163
2024-03-19,571.9443807037035,576.1919694002198,559.6460827391023,567.0053100585938,521625
2024-03-20,565.2271692541757,575.0064914439743,557.2258398719256,565.3753051757812,937869
2024-03-21,564.387443151826,592.6883352778956,564.387443151826,582.0693359375,1273409
2024-03-22,587.1566350347869,601.578694564612,573.6235718836783,591.9968872070312,1089672
2024-03-26,599.0104523018236,599.6031166036593,590.4658368201603,592.5402221679688,481294
2024-03-27,604.5421930552102,616.3959615464888,594.5158564231167,597.9732055664062,1281009
2024-03-28,604.4433620931045,605.1842225335072,576.7351333889417,584.1437377929688,566910
2024-04-01,589.4285839150116,620.347147856595,589.3792052768017,615.5562744140625,613359
2024-04-02,615.4080240455784,621.828814023582,608.4439485123258,615.21044921875,278456
2024-04-03,613.3831120911606,625.1875013865622,602.2702046503522,605.0360717773438,550996
2024-04-04,611.8520335258354,613.5312691416077,600.8378829886918,609.777587890625,390973
2024-04-05,609.7775909969362,622.1252664192433,602.2208498133147,612.4940795898438,455868
2024-04-08,617.4330636220626,625.8788603743897,607.5055460257702,610.7653198242188,423512
2024-04-09,612.1976434782034,624.1996060671372,607.5055276145141,611.6543579101562,327990
2024-04-10,632.2009524235733,650.8706609163844,617.3837426011459,622.4215698242188,2376276
2024-04-12,622.3228220136596,622.8661076571411,608.4440473270281,610.5184326171875,469383
2024-04-15,603.5543834619008,603.9989118418763,582.8596670934326,592.0463256835938,420897
2024-04-16,586.070049230386,599.5043561510879,584.7859030556014,589.82373046875,241110
2024-04-18,593.6268060245177,610.4690218339921,592.1450850977362,594.8121948242188,437334
2024-04-19,590.4658813103439,596.1951910615184,580.1432118540016,587.6011962890625,259851
2024-04-22,589.3298329272194,603.5543792385943,589.3298329272194,600.837890625,274246
2024-04-23,604.344574959327,607.0116847373603,594.367677976046,602.8628540039062,325530
2024-04-24,605.5299166600189,650.9693557568555,602.8628070895381,645.4376220703125,2107604
2024-04-25,647.0181214619004,652.9450050172765,630.5709954791805,635.8064575195312,576306
2024-04-26,637.1400750842174,644.6474378988878,628.2497484551353,634.3248291015625,359699
2024-04-29,634.32480179506,639.5108254387759,624.298465300656,629.879638671875,204592
2024-04-30,632.0033380883089,632.2009129318756,617.3837040350347,621.3843383789062,234410
2024-05-02,621.3349424315131,625.6813477033872,612.4446173410781,613.5806274414062,229301
2024-05-03,615.4080748753549,622.1745761406598,597.7261815127866,607.06103515625,246853
2024-05-06,606.517784918184,608.4934128820869,575.1546909912258,582.4645385742188,755464
2024-05-07,586.4650800233629,590.712667413042,569.9685770858282,575.2533569335938,590827
2024-05-08,575.3028955672319,590.0706665789544,571.0058685084564,584.93408203125,372222
2024-05-09,584.9340590877972,586.5145373033472,556.4355902372617,560.139892578125,327372
2024-05-10,563.5971944884902,579.9949409931304,554.5587337044103,576.7845458984375,381262
2024-05-13,570.5120320865402,578.7108772118863,556.2381060158087,572.9815673828125,338806
2024-05-14,577.5254730576817,604.83849369158,577.5254730576817,596.5902709960938,655552
2024-05-15,605.5299099557124,608.7403050737483,590.7127017186232,596.7383422851562,383452
2024-05-16,596.639674999336,597.6274890307918,577.8712084016747,581.0816040039062,329245
2024-05-17,587.0578941763582,621.5326295962761,582.8103057015563,616.9392700195312,1637040
2024-05-21,637.1400466529187,650.8706857283489,617.3837661365492,624.19970703125,1388849
2024-05-22,627.2618654475764,647.0181446742718,620.4459249978147,640.4491577148438,992283
2024-05-23,642.5730094336838,660.1560866420016,633.5344871828985,639.1650390625,1410472
2024-05-24,638.0784719462148,644.0053560074078,629.2869031388922,633.2381591796875,451117
2024-05-27,637.0906408012493,638.819315272604,617.6306932654375,622.5697631835938,410239
2024-05-28,622.3227639207762,624.7429200609656,609.8268938302609,616.0995483398438,391402
2024-05-29,615.4081170107089,624.1996856559858,608.0982693534193,616.593505859375,239633
2024-05-30,619.3099600356493,621.8288735174364,605.3817473451817,612.4446411132812,581534
2024-05-31,614.815451161448,616.544125643017,596.6396496386839,602.319580078125,514824
2024-06-03,627.2618762562055,633.0900028450594,606.715357564672,614.1239624023438,358736
2024-06-04,616.889821484044,616.889821484044,517.8120927979651,545.5696411132812,971852
2024-06-05,548.2366788313906,567.0051417103031,531.9871291753209,560.5349731445312,388446
2024-06-06,567.7461250340177,610.8147934820278,565.6223007107249,597.7262573242188,652503
2024-06-07,594.6640617060341,631.95404231966,592.6884335940539,617.5813598632812,371135
2024-06-10,617.5812117300902,634.9667108288713,612.5927640021478,618.8159790039062,436042
2024-06-11,622.4710303659992,634.176602415527,619.3593920787156,627.1631469726562,351271
2024-06-12,631.1637234865668,637.139985712885,627.5087998823415,632.7442016601562,444789
2024-06-13,633.1887683625129,645.8327753916628,629.2375123976922,639.5601806640625,437096
2024-06-14,639.115712752344,647.2651789504998,636.1522704984692,645.28955078125,667912
2024-06-18,645.2894094737428,667.7127963426627,643.6101138393404,663.5145874023438,1419376
2024-06-19,668.2067547115413,680.6038076548156,648.4010971856674,675.4671630859375,1200658
2024-06-20,671.6148258430859,677.6404676928963,661.7860635609828,670.7257690429688,553099
2024-06-21,665.8853273535962,669.7378256887099,649.4876406936972,650.9199829101562,332735
2024-06-24,649.9322157775371,649.9815944179251,635.2137634591202,645.832763671875,339636
2024-06-25,651.8584268566688,656.8962537084082,646.277254118385,653.3895263671875,350725
2024-06-26,657.9828729176271,666.725062881305,625.8789183258078,659.760986328125,537715
2024-06-27,658.3286850002894,660.8475987669087,642.079131836309,649.2407836914062,580028
2024-06-28,648.993818708998,667.7622853078884,644.3017020592754,661.2427368164062,496053
2024-07-01,661.8353564868057,711.2260547320898,657.5877684959872,706.3857421875,2961649
2024-07-02,712.1150908627324,719.2767419015863,691.6673303211082,695.8655395507812,1447272
2024-07-03,697.3966552984263,728.1670842486126,697.3966552984263,723.8206787109375,1928307
2024-07-04,724.0182376799363,724.0182376799363,708.2625933156842,713.053466796875,1132760
2024-07-05,713.0534383512343,736.2176863239924,705.3485020029863,711.5223388671875,1598648
2024-07-08,716.1651183011239,716.1651183011239,699.471038323484,703.8174438476562,615826
2024-07-09,704.2620129348661,712.21390368472,692.3588661312829,693.2972412109375,799976
2024-07-10,693.2972296654118,699.1747350057324,656.6987331354973,670.9232788085938,789726
2024-07-11,671.6640854791929,691.370985197954,670.9232250408288,682.0855102539062,664960
2024-07-12,683.5672727654718,688.8520534311382,666.1323319374881,671.5159301757812,312003
2024-07-15,666.7743870730741,689.4941069288974,660.3042180419736,682.4312133789062,425487
2024-07-16,682.5794605204301,690.7289258594946,677.6897692587153,685.7898559570312,196010
2024-07-18,689.099021003825,689.4941707196439,663.7616281257043,673.738525390625,353523
2024-07-19,666.8238189510549,668.4537361439208,643.0669046545805,659.8103637695312,395714
2024-07-22,647.1168828716046,674.8744905414201,643.066869866111,664.354248046875,653174
2024-07-23,662.7737855168915,678.5788088052705,638.8192970954422,675.1214599609375,506979
2024-07-24,674.4299844203093,686.530705488268,672.8495061932911,683.4190673828125,272255
2024-07-25,681.6409803069598,682.579415584925,669.3921239300447,676.4055786132812,191186
2024-07-26,675.4671949800401,691.3710364097926,674.6769558455251,682.5794677734375,576702
2024-07-29,683.5672505620573,704.2125861478963,678.5788021935434,701.2985229492188,685084
2024-07-30,701.3479391427917,726.0432891126084,696.5570653652001,708.1144409179688,1421902
2024-07-31,719.622497014419,735.0323712553474,698.9771603548309,731.1305541992188,2269582
2024-08-01,731.8219838901705,760.5674077048672,721.7957078813348,730.7354125976562,2160073
2024-08-02,721.1042526447306,729.4019147369225,711.2261121975426,718.0420532226562,500008
2024-08-05,691.4697400329184,710.9296862035487,664.8481429833757,687.9630126953125,1336581
2024-08-06,689.8398800915919,702.335751259384,681.5916573403305,688.16064453125,886482
2024-08-07,692.4082381149382,731.7726020551055,692.4082381149382,728.0189208984375,1700448
2024-08-08,724.95670869065,725.0554659727314,707.2748142186317,711.4236450195312,621740
2024-08-09,713.5473881551999,755.1837705845561,713.5473881551999,735.3781127929688,2936398
2024-08-12,735.5262871982608,738.8848789463882,717.6962563889139,733.5506591796875,722267
2024-08-13,738.5885555472942,749.7508419261259,726.7841659382702,738.8848876953125,1134806
2024-08-14,744.0214646908352,746.1452284670972,710.3369734778112,724.8084716796875,673604
2024-08-16,727.6731419102003,730.9822943966617,697.3966214108691,702.4344482421875,1376789
2024-08-19,702.4345151887578,713.2017119651728,697.2979305933055,707.9169311523438,652529
2024-08-20,711.2260400876133,756.6654815376553,711.2260400876133,753.0599365234375,2855690
2024-08-21,758.4435772871165,760.4685839292283,736.2177622828558,753.9490356445312,1042703
2024-08-22,806.0562748350819,834.2089756105719,791.9799244473369,800.3269653320312,13837994
2024-08-23,808.0317792536624,829.7636852971594,791.2389427655056,794.5975341796875,3872113
2024-08-26,806.0562021925174,826.70153835052,802.450657073511,815.1934814453125,3080102
2024-08-27,815.1934710674158,821.6636404517228,801.1665007672043,804.1793212890625,1096895
2024-08-28,805.5128749114375,811.9830440435334,779.2864273354602,782.6449584960938,1135428
2024-08-29,778.6937085161557,790.2511435488328,757.2581341891181,770.8900146484375,1146546
2024-08-30,775.1028074927754,792.9947391957397,771.1873838678569,790.367919921875,728254
2024-09-02,799.190029010439,799.190029010439,774.260232122268,795.0267944335938,791246
2024-09-03,790.913210313019,797.9510149401609,779.3651993747844,794.927734375,541001
2024-09-04,792.0530173855519,822.7320123560772,782.0910334324637,819.95654296875,1790595
2024-09-05,820.7000610304555,834.4287591898402,820.7000610304555,822.9303588867188,842067
2024-09-06,830.1663706285049,830.1663706285049,785.6099664570205,790.6653442382812,939584
2024-09-09,796.4641071459897,811.8283805259061,786.4525725632268,807.0208740234375,1324627
2024-09-10,811.7292525542321,822.7320302036652,807.6155682029353,817.1810913085938,628077
2024-09-11,814.8020675981873,826.6474382236285,808.4085356245588,820.25390625,711493
2024-09-12,831.4550316007003,847.3149275225094,821.5425966495695,836.9564208984375,1261786
2024-09-13,844.5394030899117,871.3029757230428,838.5919425047715,863.5712890625,2022651
2024-09-16,867.8336598699011,895.0928553541071,864.9590296003776,891.4747924804688,1220657
2024-09-17,900.9412076200631,900.9412076200631,869.8656887580742,884.2882690429688,819386
2024-09-18,875.0201443432975,888.5010308913262,873.5828292589633,882.7518310546875,466009
2024-09-19,887.8567393751349,887.8567393751349,842.6064532566877,863.2243041992188,703465
2024-09-20,874.2766909321455,924.5822941802252,859.4080397258164,912.0926513671875,3541261
2024-09-23,919.7748575938675,940.5909708617469,909.465901108542,934.1478881835938,889023
2024-09-24,934.14780107873,948.5208303282393,922.0050694713859,928.5968017578125,631610
2024-09-25,926.8126085912169,931.0749432471653,911.9439571164914,915.314208984375,385558
2024-09-26,914.9176566413163,926.7630273512754,898.016968800248,909.16845703125,611311
2024-09-27,909.1684809434307,916.9001675534719,883.3961519094953,892.4164428710938,394735
2024-09-30,892.1190432236996,918.8826145204106,892.1190432236996,899.9498901367188,807343
2024-10-01,902.031522243143,909.9614696914343,883.2969971962756,895.5884399414062,401481
2024-10-03,879.2824241439844,908.672814428066,868.4779076513668,904.2122192382812,539030
2024-10-04,908.6728351409092,918.8330799714622,883.1978677095301,900.5941772460938,383307
2024-10-07,901.5854585911787,908.6233233143433,853.9562234078069,891.6234741210938,929846
2024-10-08,887.1132750327642,906.3433603043827,869.6178051754544,888.7984008789062,358137
2024-10-09,900.0490051810535,932.7600373076777,891.4747255900087,922.5997924804688,599991
2024-10-10,925.9205118409443,936.7250899892487,911.9440029524961,920.9642944335938,235770
2024-10-11,915.2150269847394,919.5765221824981,900.0490149345499,902.9236450195312,218958
2024-10-14,905.9468884803285,911.8447986213472,895.6874833188859,902.18017578125,179046
2024-10-15,899.1568284415812,913.8768286508624,896.0839982231729,908.7223510742188,213299
2024-10-16,904.0635266622799,923.5910336515366,899.4046706038234,917.4453125,249546
2024-10-17,921.8564371105391,930.7776284374153,901.5854958287748,914.669921875,298224
2024-10-18,900.9411273764867,906.5911662111655,874.0783956243425,891.9207763671875,661739
2024-10-21,882.2066827840551,882.2066827840551,863.3730569718113,871.9968872070312,432702
2024-10-22,867.5361927297062,871.2533552952465,804.1957184126222,813.810791015625,801132
2024-10-23,812.8196130142165,831.5541380510429,787.8402664653474,819.2626953125,553117
2024-10-24,817.7758303868845,825.8048779758585,809.3502612253227,822.9798583984375,233543
2024-10-25,813.8108103826123,816.7845405058131,768.2136151602003,790.467041015625,646106
2024-10-28,792.994695135323,802.8575787562073,780.108531339374,797.3065795898438,277941
2024-10-29,797.9014596186017,841.2188122449321,783.082357338449,827.7874145507812,349861
2024-10-30,827.7873548341563,839.3849149341794,818.8661640650149,830.3646240234375,224321
2024-10-31,825.4579138163032,844.5393486298293,821.9390119638177,841.0204467773438,172308
2024-11-01,844.2915232940688,866.2475876950664,827.6881971829146,833.2391357421875,102906
2024-11-04,832.4461751018235,839.583139509481,810.2919098475122,832.1983642578125,300432
2024-11-05,827.7378371626274,867.3380253935949,827.7378371626274,863.9677734375,709231
2024-11-06,864.8104227538039,879.1834538208886,857.7725574481198,874.5245971679688,248209
2024-11-07,881.5127900917802,881.5127900917802,832.6444999901189,851.0816040039062,708675
2024-11-08,844.6384663541419,850.4372764718847,797.95092699954,807.6651000976562,425748
2024-11-11,807.7146883556402,809.2015535073048,783.2310239254551,793.8372802734375,417850
2024-11-12,796.2163041724193,820.5017687877001,792.9452128753989,803.055908203125,419757
2024-11-13,789.0297770310048,804.1462394678424,771.8317275736358,789.277587890625,433815
2024-11-14,786.0560696677871,815.8429237637594,783.3797002056004,805.6826782226562,360847
2024-11-18,801.9158830702874,821.7407503897011,792.1521601157535,797.0092163085938,277112
2024-11-19,798.0004937125719,820.2043702576797,798.0004937125719,814.6038208007812,252045
2024-11-21,812.7205672430607,820.7496153670227,791.161021187224,794.927734375,340807
2024-11-22,793.0442559512875,808.8050499309762,787.9889389015657,805.930419921875,172116
2024-11-25,809.9450149543205,827.3413862494629,809.2015823519879,814.5543212890625,239315
2024-11-26,814.5542424022844,833.4374165726214,803.8983761341682,830.7610473632812,212175
2024-11-27,832.6444277692254,838.591887967577,830.8602018098587,837.3032836914062,181945
2024-11-28,837.5511880414571,842.2595945574891,823.9215902318906,828.8778076171875,99715
2024-11-29,828.8777738459703,833.6357302418604,823.2772242284896,827.291748046875,89666
2024-12-02,832.3471535954505,835.1226232104314,808.3094994555657,810.837158203125,150716
2024-12-03,817.7758783097726,829.4725393781843,808.8546869100296,822.6329956054688,172175
2024-12-04,817.7758612760967,837.6007306403658,814.8516809447271,835.4199829101562,146493
2024-12-05,840.871820293604,852.3206702282956,832.6445116241246,837.6998291015625,229822
2024-12-06,841.1691628934473,849.446081956337,839.6822977265364,845.3323974609375,130223
2024-12-09,845.3323604421129,846.9679362543691,828.1838617015145,840.8717651367188,204127
2024-12-10,844.5394804814721,864.3643509153094,839.2859019166458,860.7958984375,440589
2024-12-11,862.3818359375,866.3468098958333,839.4345249533653,847.51318359375,230246
2024-12-12,844.4897971575341,844.4897971575341,827.6882100157582,829.8689575195312,85921
2024-12-13,822.7320605208928,831.0089190981429,812.8196260567858,827.0439453125,165145
2024-12-16,824.6154602723568,832.5454079686865,813.8108823358278,816.2394409179688,134505
2024-12-17,816.2889659670916,823.5250309180265,803.7497123563891,805.8313598632812,170682
2024-12-18,803.1549851230419,809.1519957442779,782.9832056241492,785.5108642578125,203438
2024-12-19,777.1348382383102,799.9829868797436,768.4614583472577,792.0530395507812,148492
2024-12-20,792.2017430696924,796.4640776201651,755.2779261545073,761.7210083007812,173748
2024-12-23,762.2662579442599,770.1962060113003,731.2898983073833,735.205322265625,313636
2024-12-24,735.2053267336084,751.2634837670943,732.4298569934177,743.234375,116387
2024-12-26,743.2343066795619,746.4062977342159,727.8700336186317,730.05078125,124805
2024-12-27,728.5638652563526,742.3421720784846,725.6396852616476,739.814453125,85023
2024-12-30,730.5464183744881,735.8991571734408,704.8731889694607,710.9693603515625,134420
2024-12-31,708.8381706770851,743.4325914669607,696.8441490683646,723.0130004882812,690430
2025-01-01,720.4357436499214,743.928226046259,712.2579850025108,739.3685302734375,217284
2025-01-02,739.3684817658431,741.4500687210649,725.5901742029672,735.9982299804688,507046
2025-01-03,733.5201285992752,794.97722045489,733.5201285992752,770.0474243164062,4575916
2025-01-06,777.1348186970298,777.1348186970298,742.6891108529968,755.3770141601562,447084
2025-01-07,750.9163536209923,779.1172377490706,750.9163536209923,774.2105712890625,418092
2025-01-08,772.2282076376313,785.0648225817531,764.5956208735021,776.7879638671875,520065
2025-01-09,773.6160160849522,784.9161558950138,764.7443744945635,778.4235229492188,214829
2025-01-10,780.1086420300647,805.2862513733745,622.7487348861349,777.5314331054688,1188582
2025-01-13,772.8725656832852,775.7471355203415,743.5317219106812,758.89599609375,456169
2025-01-14,769.1553677589769,769.1553677589769,727.5726928972053,743.581298828125,614778
2025-01-15,738.426794489144,746.2080311006696,730.5463972356486,739.1702270507812,277742
2025-01-16,743.4326427999042,762.1671695987432,743.4326427999042,758.9951782226562,112498
2025-01-17,758.3012574192151,767.916331214736,753.345040050462,764.2487182617188,89957
2025-01-20,764.2487466400698,806.8722175940557,759.8872509933345,797.5545043945312,649172
2025-01-21,804.8897290998518,823.1781839363128,793.4904287492997,810.9859008789062,398041
2025-01-22,817.8253427469531,819.758279447967,775.7966595206544,793.9364013671875,405197
2025-01-23,794.0355279570019,797.4057797787704,782.338867723736,789.773193359375,110289
2025-01-24,785.0647357396068,796.4640343014825,762.563499521679,768.95703125,311006
2025-01-27,768.2136425571017,768.2136425571017,719.4444546972084,728.8612670898438,494783
2025-01-28,729.5551147342724,743.8785934212456,690.2522912144108,711.2666625976562,812805
2025-01-29,713.6952372019783,737.2372675957936,708.8877309849929,732.7766723632812,210374
2025-01-30,733.668812459794,783.6769926178989,732.8757693546412,772.7733154296875,667912
2025-01-31,769.4526630163903,776.143555738272,742.391731219141,756.7152099609375,720522
2025-02-01,753.3945483007029,775.1523534418245,732.2315255112337,772.6246948242188,354083
2025-02-03,762.9600809688727,767.271965693602,742.2430690599324,757.8056030273438,387459
2025-02-04,757.8055875953913,770.097030090219,750.9659838602427,760.87841796875,296283
2025-02-05,771.9803626660009,780.4059317280352,764.6451976653541,776.3418579101562,147511
2025-02-06,777.13491212496,783.1814733378963,766.2312335109619,776.3914794921875,99692
2025-02-07,778.3795865699071,790.1099436833439,757.7023376568162,776.8387451171875,459928
2025-02-10,765.456270291402,776.3913598669934,748.1092296933065,756.310546875,140562
2025-02-11,747.5625711970087,748.656056007218,725.7917752392243,734.341064453125,193210
2025-02-12,730.6629193354912,730.9611369634852,695.4220902066909,725.4935913085938,333906
2025-02-13,729.370589509602,739.0630566343157,719.0319336399077,735.4345703125,111574
2025-02-14,730.8120003083135,740.6038524771064,702.5795607224094,729.3705444335938,222351
2025-02-17,718.4354960471079,728.1776559646038,703.7228401844612,718.3858032226562,168755
2025-02-18,718.733663158355,721.7159605158585,687.5686800424409,718.9324951171875,327815
2025-02-19,710.7808654605586,722.6106691696903,669.5257522904702,688.7118530273438,377286
2025-02-20,694.8753282658006,713.5643807536864,685.7792964798753,712.1229248046875,278263
2025-02-21,711.377299853015,726.9349752165359,702.5298541664874,724.350341796875,272927
2025-02-24,721.1692066493696,723.5550080923771,707.0032944268459,717.4910278320312,127970
2025-02-25,709.687387429734,720.5230314539863,695.9190781857366,709.0411987304688,233406
2025-02-27,706.3073951051947,711.774940035636,695.4716908821412,708.2955932617188,169382
2025-02-28,700.8398994642359,711.7749900941744,692.3900567047381,707.1524047851562,219360
2025-03-03,700.8895548151376,708.3949908476071,685.9780683897038,698.3546142578125,428411
2025-03-04,694.3781862008534,723.8532472938351,684.4371957040623,719.7774047851562,194422
2025-03-05,726.58707743883,742.4926634980739,717.8887100626811,740.156494140625,165170
2025-03-06,740.6038717683784,762.5237460394095,740.5044861227037,753.8253784179688,227177
2025-03-07,753.8253321393416,824.1081503407993,750.9424811667885,819.3364868164062,1986889
2025-03-10,823.0643928910231,836.9817808137049,803.480627750536,811.3837280273438,825596
2025-03-11,800.2498148640763,805.7670530054689,780.3678318860867,797.8639526367188,474240
2025-03-12,801.8901456598651,816.1554449402829,796.2734608978886,814.1175537109375,272592
2025-03-13,816.1554291525538,826.0964209814522,805.2203381407656,820.479736328125,278253
2025-03-17,824.8537700760323,831.0668897662706,796.2734195009363,812.2286987304688,320149
2025-03-18,812.2286987304688,812.2286987304688,812.2286987304688,812.2286987304688,0
2025-03-19,854.9252518126292,860.1939650667078,834.3473876863261,854.527587890625,482052
2025-03-20,857.9075535940029,866.6556138479114,839.7155515566149,847.3203735351562,363580
2025-03-21,849.9547439019433,869.6378942573051,839.5167031873581,864.1703491210938,598456
2025-03-24,899.6596947167837,899.6596947167837,853.4340860932142,858.5039672851562,921746
2025-03-25,866.8544581594157,866.8544581594157,838.0752756531834,849.3583374023438,361088
2025-03-26,850.0044356935886,860.1442587961936,844.1392873232054,850.402099609375,201601
2025-03-27,847.6683258157436,853.7323061352292,833.9000166952803,848.9109497070312,312527
2025-03-28,848.9109592085124,867.898228209905,840.0634527335208,848.2647705078125,675770
2025-04-01,839.9640728936707,871.8249379079887,835.0929628816552,855.4223022460938,408769
2025-04-02,871.5267229716094,914.5712033417147,856.4660968204947,909.0042724609375,2339645
2025-04-03,903.4372762678981,918.547595163157,894.6892160680101,903.337890625,471707
2025-04-04,895.6832724060289,898.7152624695192,836.0373275177251,853.2352294921875,553710
2025-04-07,750.843025487441,819.1376446456907,740.6038170643684,807.4072875976562,385896
2025-04-08,810.3895946507394,840.0137355566742,807.6061293188047,831.0171508789062,344469
2025-04-09,834.0491296458242,842.9960213821919,801.740909486719,829.8739013671875,283443
2025-04-11,839.0196835762661,846.9724767855198,827.2893257276162,838.8705444335938,210032
2025-04-15,844.8848874327339,874.1113658847595,842.0516684650652,870.3338012695312,156925
2025-04-16,869.8864527226494,895.6833379083956,865.2141745630446,893.6454467773438,430253
2025-04-17,892.800386202538,899.162644774979,875.5030980977672,894.7388916015625,236626
2025-04-21,890.7625138969174,912.4836163069341,883.2570775953998,905.4254760742188,259893
2025-04-22,905.4254957994369,914.471834490561,897.7709201915619,904.7296142578125,348354
2025-04-23,905.6242781177632,910.4953879670988,881.6665141301996,893.8939208984375,197567
2025-04-24,895.6832900031943,904.0337467216124,890.066605812533,897.47265625,144454
2025-04-25,904.6302093242105,909.3521801970566,859.8957484235626,880.8712158203125,216186
2025-04-28,881.2688263127725,886.1399360299579,857.6092805614269,866.1585083007812,266150
2025-04-29,866.8544740772504,877.2925153362081,858.4046311533323,869.9361572265625,176387
2025-04-30,875.6521850240503,875.6521850240503,850.8494605358503,855.7702026367188,280689
2025-05-02,854.9252791238856,862.3810228371754,842.9960891826221,850.2033081054688,98888
2025-05-05,850.9488030091139,881.865259783023,850.9488030091139,875.7515869140625,230729
2025-05-06,875.7515962019097,881.5173587278887,866.4070405848113,874.8071899414062,220773
2025-05-07,868.8426837365033,877.8392691848163,846.9725017660193,871.3776245117188,330106
2025-05-08,867.6496846730963,903.6360843246546,867.2023279418972,874.7078247070312,477343
2025-05-09,859.8460190483687,867.6496726259579,838.1746710461207,860.6909790039062,561240
2025-05-12,896.4785689241957,896.4785689241957,861.883931889911,886.9352416992188,457705
2025-05-13,894.0429812380293,912.582953306686,882.4617633880979,908.3580322265625,596816
2025-05-14,914.571167112232,917.3546324423576,886.1399572741753,902.59228515625,717640
2025-05-15,899.6597432464567,939.4237097987863,897.6715449188403,931.32177734375,1169387
2025-05-16,938.8769682377211,944.3942064668172,920.0387769316203,932.2164916992188,807105
2025-05-19,932.3655853475842,936.2922283165514,884.4499958120738,901.5982055664062,862467
2025-05-20,909.6006948421793,914.5711904424098,893.9436337014533,905.7734375,673979
2025-05-21,912.5830002178292,912.5830002178292,885.8914628801491,903.0396728515625,557998
2025-05-22,907.4136172517707,907.4136172517707,886.7363687697174,898.5164184570312,220070
2025-05-23,899.6597176001804,904.0834708880203,886.1399936277894,898.21826171875,223430
2025-05-26,894.6892269865032,894.7389198085586,856.9631524469063,866.456787109375,695935
2025-05-27,859.8957484749076,870.5823141351449,851.1973810770401,867.9976806640625,629703
2025-05-28,867.9976681797481,869.8367272759908,859.8957361071223,865.36328125,283137
2025-05-29,869.8367576884243,871.2782135933074,853.9311712621217,865.2141723632812,534982
2025-05-30,860.1442586157594,868.4947154455635,813.6701250239804,838.1249389648438,2613873
2025-06-02,835.0432581849511,872.8190246266513,835.0432581849511,865.36328125,715062
2025-06-03,872.6698844512213,874.2604794413454,846.2268722434789,851.5950317382812,226499
2025-06-04,854.9252561886935,854.9252561886935,842.0019674323529,847.3203735351562,147437
2025-06-05,850.9488097985702,866.1088207207994,843.9404234416529,860.4424438476562,315777
2025-06-06,860.4424578385106,870.3834487688267,859.5974978794311,864.8662109375,306041
2025-06-09,864.8662187886978,876.6960223731614,862.0330606178358,874.4095458984375,266754
2025-06-10,878.5351320269438,889.2713908123301,869.8367643831126,873.5646362304688,388799
2025-06-11,873.2166988390143,875.1551435998028,849.507398216723,853.0364379882812,369537
2025-06-12,852.937033268501,858.7027959504687,835.2420813100507,842.349853515625,333695
2025-06-13,830.0727755189192,839.4173316330827,825.1022798571292,831.4645385742188,156206
2025-06-16,824.2075680582286,843.0457587900436,816.6524389068129,833.850341796875,211741
2025-06-17,828.084525708735,846.6244976431591,827.2892585873506,830.5200805664062,181880
2025-06-18,826.0963106287521,836.7828754172708,819.7340524381492,822.8157958984375,129615
2025-06-19,824.1081969049125,829.4763565950398,800.8462524810235,813.7198486328125,388287
2025-06-20,805.5681695177191,824.5554984522952,805.5681695177191,821.4737548828125,181087
2025-06-23,805.4688097320847,835.0432584695478,805.4688097320847,828.5319213867188,175781
2025-06-24,838.8208128293028,840.0137438905367,826.344881194093,828.8798217773438,121682
2025-06-25,828.879880577286,848.5133392976838,825.450226286065,839.3676147460938,371672
2025-06-26,836.5841836408908,862.0828528180882,833.2539755350974,858.951416015625,361205
2025-06-27,867.0532907915982,870.8308554267147,847.3701397559937,850.5512084960938,344600
2025-06-30,850.5512001987031,872.8190452121553,850.5512001987031,865.263916015625,282771
2025-07-01,864.9159479446855,871.8249491292266,857.4105115438517,869.4390869140625,174107
2025-07-02,874.8072196682986,890.7128054804493,866.9538124035512,873.763427734375,813971
2025-07-03,879.5788818577614,887.6808138877512,869.8367226985367,871.9740600585938,236890
2025-07-04,869.836683105506,884.449951516677,869.836683105506,873.36572265625,224930
2025-07-07,866.4567373693075,872.3219462350733,859.8957076847161,867.5999755859375,132073
2025-07-08,863.6732695192123,868.6437649246809,852.4896548569083,864.61767578125,105492
2025-07-09,861.9833320703673,870.5823138220219,852.9370542498369,855.1240844726562,67243
2025-07-10,853.9311213755421,859.8957159369546,847.5688629067049,853.4837646484375,94973
2025-07-11,851.8932645837428,853.4837989273368,839.9640749818,845.531005859375,95254
2025-07-14,840.0137816143097,853.3347344921567,834.0491867152731,850.2529907226562,127506
2025-07-15,850.2529737507218,869.8367387466454,848.3642218087266,866.8047485351562,295893
2025-07-16,862.8779804181585,899.7590311176477,859.8956832508146,897.0750122070312,829217
2025-07-17,899.1129779817878,923.5180996977904,897.075086882793,914.3723754882812,1017702
2025-07-18,918.5475763971315,918.5475763971315,896.6773960067235,905.52490234375,284998
2025-07-21,912.5829789839894,922.5239700404599,906.6680771703906,914.521484375,1080659
2025-07-22,918.5475964977377,936.4413808450962,917.8517149714523,930.2779541015625,1324596
2025-07-23,933.6579382464294,943.2012658617261,909.600726567247,920.2872924804688,977050
2025-07-24,926.7489471451847,957.2181108413033,922.3251937231955,946.2830200195312,2310531
2025-07-25,948.619081495224,968.6502029537247,943.2012291777268,963.2820434570312,1030500
2025-07-28,971.0504655643375,980.9103869144644,928.822195362066,953.820556640625,868778
2025-07-29,959.6468583289127,995.8496489318935,948.1934423042179,988.1310424804688,796516
2025-07-30,988.130998639032,994.9532261750167,976.0301918433596,981.6074829101562,364483
2025-07-31,979.0180617916325,996.9451473585189,957.1071794321045,982.6034545898438,352494
2025-08-01,982.4042551380813,985.8900771249833,968.0625632196625,974.6358032226562,244945
2025-08-04,961.0909766236575,992.662578376028,961.0909766236575,973.6897583007812,285348
2025-08-05,971.0504283647612,982.9022476517627,965.2241501097376,978.1216430664062,153030
2025-08-06,981.0099640780844,984.7447735859959,935.1465154785144,946.7991333007812,341613
2025-08-07,946.1517033531994,971.05043238881,941.2715281470547,964.5269775390625,363048
2025-08-08,962.1367035709212,965.8217277342962,941.1719852631194,948.4921875,156797
2025-08-11,938.1840832816249,961.090913340518,937.3375508337432,949.2889404296875,242446
2025-08-12,946.2513176674023,952.3764296082845,939.6780772135073,945.40478515625,89211
2025-08-13,931.21248325664,970.2537032684048,931.21248325664,960.194580078125,299004
2025-08-14,960.2941926628909,965.0747364754654,943.7614001266833,953.422119140625,103126
2025-08-18,960.0452696886932,976.0302426271982,947.9444622634037,964.3776245117188,363916
2025-08-19,966.3242448443663,966.3242448443663,939.3709859489139,944.4122314453125,212466
2025-08-20,940.36924150267,954.3450051768074,933.3314584098068,945.4603881835938,141758
2025-08-21,945.1609385361139,957.3398307376536,936.326283552304,947.4070434570312,238519
2025-08-22,947.1574956058228,950.052499712651,933.3813973284782,938.3727416992188,145266
2025-08-25,948.0559403781341,953.3467531047536,937.3744514820561,946.2091064453125,137232
2025-08-26,939.3709572759099,947.806340969759,929.3882691008205,939.8201904296875,227417
2025-08-28,933.3314853854768,936.376193230872,899.040913393365,904.331787109375,195299
2025-08-29,904.3317859605058,914.7137455619014,896.245771625053,903.7327880859375,200418
2025-09-01,902.4350253202908,909.4229071535232,894.4488746537396,900.9376220703125,208988
2025-09-02,907.4263895915407,916.8101412044396,898.5417724063599,900.7379760742188,278458
2025-09-03,903.3335191550754,937.3744630362438,900.9376495103409,932.9820556640625,196868
2025-09-04,933.3813915578653,937.3744670297706,918.4073585382204,921.0527954101562,217407
2025-09-05,920.4038870889335,934.3796511011299,914.9134083698564,927.2420043945312,70116
2025-09-08,927.2420037948278,948.3554144999675,923.3986930657579,943.7134399414062,219425
2025-09-09,943.3640629681478,947.2573358537827,924.3969548238147,928.539794921875,152283
2025-09-10,933.1817189333311,939.8701324869013,914.613942493386,917.458984375,117818
2025-09-11,924.3969572546322,934.2798432644659,907.9255211912397,918.7567138671875,127325
2025-09-12,918.7567295714283,923.698172660809,904.6312616272555,916.1612548828125,97829
2025-09-15,906.4281375700244,929.9373573662551,905.4298686960486,921.3023681640625,129988
2025-09-16,921.3522271513486,932.5827514683336,919.6052567020398,923.2489013671875,63562
2025-09-17,923.3986965047109,923.5983624628274,908.4246635884183,911.968505859375,150454
2025-09-18,912.8170842064579,917.359195404469,907.4264079065018,913.6655883789062,75439
2025-09-19,913.4159623127741,915.3625986806508,897.7431297899241,906.6277465820312,179161
2025-09-22,906.4281344330008,927.9907176644541,895.7466453325276,916.7601928710938,153494
2025-09-23,915.4125155976484,915.4125155976484,899.4402143440362,901.2869873046875,91819
2025-09-24,893.450625062319,937.3744546743212,877.8276931126154,917.2094116210938,594226
2025-09-25,909.4229244697299,928.5896986203039,909.4229244697299,918.7567138671875,147171
2025-09-26,913.4658668945934,918.357408459434,900.5382735556514,905.6793823242188,148322
2025-09-29,911.2198111512738,929.7876486665433,903.4333261614172,907.3265991210938,199243
2025-09-30,905.7293199753382,918.4073466200135,903.4333137946873,911.7189331054688,92336
2025-10-01,918.3574096259018,928.4898015523801,905.4298162705396,922.749755859375,83325
2025-10-03,918.4073395090669,977.2053989863911,918.4073395090669,969.119384765625,987823
2025-10-06,973.9110780019784,986.2896362702865,953.3467638037688,957.689208984375,262825
2025-10-07,943.3640369542591,963.8784490640323,914.8634742670952,925.7445678710938,317994
2025-10-08,931.3848289321774,933.5810325689346,921.4021405191851,929.8375244140625,382839
2025-10-09,929.587967846379,954.8441576345028,928.3900330372061,944.0628662109375,200273
2025-10-10,942.8149991186825,945.0112027083104,921.4021207464233,930.0371704101562,159558
2025-10-13,913.4159997088824,930.3865701952769,907.8756197653997,924.2471923828125,140422
2025-10-14,933.2316321712107,933.2316321712107,912.0184186058912,926.7928466796875,181859
2025-10-15,926.7928439014493,926.7928439014493,900.737989819275,914.0149536132812,182896
2025-10-16,914.4142355761217,927.0922617268857,913.4159667599905,914.5140380859375,90004
2025-10-17,920.5037056541472,927.3917852663527,912.3179496192903,916.4108276367188,104470
2025-10-20,915.6620925940447,929.9373248061777,904.5313706671379,923.1491088867188,204858
2025-10-21,924.3969237911766,931.7341752183698,920.054478812551,925.4949951171875,22145
2025-10-23,921.5019671496702,924.9959081856632,904.4814951459465,906.7276000976562,154110
2025-10-24,906.4281385942779,909.4229452195895,893.4506432179281,902.085693359375,159719
2025-10-27,902.4350152802209,907.426359391284,891.8533901365644,895.5469360351562,99736
2025-10-28,901.4367664604763,910.4211860597501,887.1116329156542,903.5830688476562,136955
2025-10-29,896.0461042083514,926.1439347039149,896.0461042083514,914.1148071289062,269867
2025-10-30,914.4142737068966,916.4108114224139,901.4367785560345,904.68115234375,56835
2025-10-31,901.4367464815701,904.4315529482863,872.6866165869935,876.3302612304688,168812
2025-11-03,874.4835055743342,913.4159904115477,868.9930269434451,899.639892578125,320022
2025-11-04,899.639865775854,905.6294786492891,873.4852107092887,885.2647705078125,236628
2025-11-06,873.984390983959,893.4007325869205,834.053636398741,837.8470458984375,357821
2025-11-07,842.2893373023858,893.4506155681603,838.8452976039615,859.0602416992188,1052163
2025-11-10,850.5250332689285,862.8037275492361,840.4425425749791,849.8262329101562,212523
2025-11-11,845.5337056801611,857.9621648976042,838.3461578615619,853.3201904296875,105826
2025-11-12,853.3201914431787,872.4370640829887,845.433904172296,862.1549072265625,204911
2025-11-13,862.5042872088052,868.5937028277174,849.2273236772538,851.0740966796875,60070
2025-11-14,843.5371899022831,858.5112228591283,843.4872886449929,854.3184814453125,84715
2025-11-17,849.2273147728198,861.0068749044543,849.0276488188271,854.5181274414062,83050
2025-11-18,854.0190133282117,855.7160825832611,838.5957471903303,846.082763671875,72516
2025-11-19,838.5957020220745,847.4803188067649,829.5613814735143,835.2515258789062,66261
2025-11-20,833.7042690964605,838.545848732223,819.5787402489942,833.5545043945312,129296
2025-11-21,827.9641867773183,832.7558649453459,816.5838978149459,824.7697143554688,75415
2025-11-24,865.1996005058813,870.3406483832237,801.859431542663,810.4445190429688,1346170
2025-11-25,812.9901401073967,838.545797173261,801.8095172925214,816.9832153320312,152363
2025-11-26,823.5718116158813,836.1000736551691,811.3430180494637,825.6681518554688,93354
2025-11-27,825.0692052357499,832.6560241304874,813.3894474947894,817.5322875976562,64561
2025-11-28,817.5322732545292,818.2809748795386,806.6012173434926,812.4910278320312,59287
2025-12-01,812.4910442746987,825.3686759277734,809.1967083143932,818.730224609375,149993
2025-12-02,818.7301877604848,819.628593130546,804.9041282034191,807.2001342773438,55718
2025-12-03,806.601246383776,808.9471538548016,795.0213518718472,803.3568725585938,135642
2025-12-04,802.6081287826541,804.6046664164418,793.7734741249408,799.81298828125,57805
2025-12-05,814.0882337312693,814.1381349870461,782.4930007787301,801.5100708007812,296604
2025-12-08,794.7717605686604,808.1984277100711,787.6840152538228,798.4154052734375,149796
2025-12-09,796.768313182872,822.8730072552687,775.0559655268665,815.03662109375,166194
2025-12-10,814.5374463315649,816.3343180006356,779.348470838416,787.9834594726562,218561
2025-12-11,784.6892395465666,802.5582768386772,784.1901051074517,793.2244262695312,148017
2025-12-12,795.1710083917008,803.6063920218033,795.0213046279017,799.5634155273438,53340
2025-12-15,798.6150831923146,811.0435426103942,795.2209447169491,807.749267578125,113224
2025-12-16,811.0934349128969,812.540936921102,798.0660386980411,805.7027587890625,481349
2025-12-17,806.6012251801612,807.2001621141902,800.4618474236381,802.95751953125,45494
2025-12-18,803.606401996292,805.3034711801954,794.4223166447214,799.4635620117188,82000
2025-12-19,795.6202427663023,822.9728325732272,795.6202427663023,816.6337890625,78681
2025-12-22,819.5288030609034,828.5631237301345,809.5960160784808,813.7887573242188,88362
2025-12-23,821.9745992494693,838.3461719072126,815.7354189082191,824.8196411132812,211166
2025-12-24,825.5683484090478,832.3066632237528,820.4772015875135,822.323974609375,600271
2025-12-26,822.5735163671864,827.9142302387921,814.637266978473,816.7835693359375,44637
2025-12-29,818.0813088591849,831.2584696441578,814.7870338953152,817.9815063476562,97414
2025-12-30,821.5752605589389,840.5423686398865,814.5873786343793,832.2068481445312,137129
2025-12-31,838.5458360941303,853.5198688815254,834.2033909575838,846.1826171875,227186
2026-01-01,840.5423428191522,852.5215686075487,834.552729924954,840.392578125,72162
2026-01-02,838.5458458157036,850.5250721844994,838.5458458157036,848.8280029296875,42944
2026-01-05,848.977728771766,856.5146461645884,839.3943115576831,844.3357543945312,73555
2026-01-06,844.2858756381839,848.5285182293305,826.5666036398655,831.6078491210938,118892
2026-01-07,832.5562313789636,838.4959432971228,822.5735427533166,825.6681518554688,36021
2026-01-08,831.5579268037585,831.5579268037585,795.5703480397466,801.0109252929688,141964
2026-01-09,805.5031695607893,812.7905200714815,794.1228801559577,800.362060546875,110467
2026-01-12,800.6116397137652,807.9988537786834,791.5274173007817,804.2053833007812,100595
2026-01-13,804.2053510614152,814.9367410637824,800.6116076184668,811.5426635742188,308984
2026-01-14,816.583911869538,843.5371705742782,809.3963640290417,835.3014526367188,173634
2026-01-15,835.3014526367188,835.3014526367188,835.3014526367188,835.3014526367188,0
2026-01-16,833.5544906365117,837.1482341285356,808.1485361910926,812.0418090820312,141839
2026-01-19,812.0418232477515,818.7302368524404,799.6133636493253,817.0830688476562,137274
2026-01-20,804.6046864941771,817.0331457605383,797.6168046015479,799.6133422851562,130190
2026-01-21,791.9266900498125,805.2036539634151,788.6324149328279,793.8234252929688,225598
2026-01-22,794.372430809104,806.0022871870924,794.372430809104,802.3585815429688,96351
2026-01-23,814.3876989322142,814.3876989322142,772.6600740443974,777.751220703125,85281
2026-01-27,775.6548621070635,801.609851057879,753.3934799236087,797.7665405273438,489316
2026-01-28,801.6099027313342,838.0467164918493,797.6168272507298,834.75244140625,226552
2026-01-29,834.5527716655002,871.3889171789937,827.5648896061001,869.2426147460938,353875
2026-01-30,863.5025526060675,863.5025526060675,836.6490962514912,854.7677001953125,637798
2026-02-02,841.8400879233075,844.3856612411186,826.2172173700004,833.6043701171875,90730
2026-02-03,865.499087052528,865.499087052528,835.0518873349938,850.2255859375,96110
2026-02-04,853.3701260329535,858.5112351267321,843.7368679174273,855.4166259765625,76686
2026-02-05,850.5250837924062,865.8484866931585,838.6956219635712,860.9071044921875,81668
2026-02-06,862.3045999124266,863.8020031517731,843.5371581651827,858.9105224609375,89287
2026-02-09,856.4647760637222,898.3421667036974,854.7178055680217,889.1580810546875,342450
2026-02-10,896.445443202926,907.0270688288457,883.4679479227054,901.2371215820312,339147
2026-02-11,905.5296443505697,911.2197889493422,895.9961890727948,903.5830688476562,174377
2026-02-12,898.4419434208919,903.9324219640196,891.0048284811202,894.5986328125,120101
2026-02-13,892.4523508337793,894.448888531394,873.9843771308432,877.9275512695312,132098
2026-02-16,878.626316124064,884.865496176841,868.893195241732,880.72265625,75011
2026-02-17,880.7226728062328,897.4436756620042,875.2820955120383,895.1975708007812,106705
2026-02-18,899.440257069008,903.8326644941959,887.8603624818717,891.104736328125,145511
2026-02-19,891.4540987286382,897.3938106765032,849.7264722506437,856.1153564453125,151714
2026-02-20,855.865744812635,856.0155095067948,832.7558582856867,848.6282958984375,193024
2026-02-23,856.5146699686595,856.5146699686595,835.9503561104408,840.4425659179688,104899
2026-02-24,834.6525581446602,839.4442973512141,821.6750631408163,829.4616088867188,79247
2026-02-25,835.5510096232382,862.7039339498205,827.5648589936254,860.1083984375,148294
2026-02-26,864.4509100516676,864.5507125633927,843.0380313501261,854.8674926757812,149774
2026-02-27,852.5714887092668,861.8553767146038,840.0931282371755,858.8106689453125,124578
2026-03-02,818.5804484661471,858.5112020498616,818.5804484661471,837.44775390625,94988
2026-03-04,818.580460180557,833.4546904751483,792.7252724932998,810.4945068359375,392660
2026-03-05,813.589104887917,819.6286191861553,795.1211313413814,804.5048828125,135094
2026-03-06,804.4050454360629,807.7991839750429,789.2813085723502,793.5738525390625,85973
2026-03-09,773.858029076001,787.0351901563137,750.79798195308,769.31591796875,107919
2026-03-10,774.6067429775198,793.1246183567788,770.4140015315846,790.2296142578125,42106
2026-03-11,800.1124634249413,800.1124634249413,781.7442926688408,784.1900634765625,126175
2026-03-12,784.6392910654564,792.0265046915596,765.4725175710886,778.4500122070312,109040
2026-03-13,776.65315289104,778.4500246064315,764.973395346754,768.5671997070312,179230
2026-03-16,768.5672199937794,768.5672199937794,744.7085698584204,760.1318359375,194157
2026-03-17,751.7962526523651,816.58392591391,751.7962526523651,776.0042724609375,707192
2026-03-18,773.6583614207833,789.2313311627454,770.6635548604448,785.1883544921875,221130
2026-03-19,768.7667936518006,788.5325650247516,768.7667936518006,784.5394897460938,185040
2026-03-20,784.5395269809306,798.2157617158233,781.2451909760915,793.9232177734375,197742
2026-03-23,772.6600818065716,788.782147936995,768.6670064483982,776.4534912109375,291544
2026-03-24,777.9009853300115,806.6012141760017,768.6669986578235,785.9869384765625,147143
2026-03-25,793.5738114579158,814.0383222888817,786.4361650158058,793.3741455078125,542097
2026-03-27,792.5755483562714,792.5755483562714,759.8822442318559,768.9165649414062,278508
2026-03-30,761.679122477323,792.5256539061971,746.6551886694032,769.7650756835938,747503
2026-04-01,788.432691660802,801.5599508459494,770.6635190803403,795.6202392578125,157338
2026-04-02,778.6497066477921,793.623739467942,765.2728796233266,791.27783203125,63584
2026-04-06,778.6496847976828,808.5478483421592,772.709973093135,793.0247802734375,225185
2026-04-07,805.2036458326322,853.5198834921749,799.713167049934,820.42724609375,1540571
2026-04-08,848.5285024125047,855.5163841970783,828.5631258851517,836.9486083984375,487827
2026-04-09,838.545851200156,843.5371955525379,825.2688874087196,829.261962890625,112279
2026-04-10,828.5631466839711,843.5371794553682,828.5631466839711,837.347900390625,218845
2026-04-13,821.5752397017046,836.149940116839,809.6958163597367,829.062255859375,104481
2026-04-15,834.5028686425904,863.502566941848,834.5028686425904,859.8089599609375,182912
2026-04-16,848.2290545025478,878.4765884884675,848.2290545025478,862.0550537109375,323641
2026-04-17,862.5042525089779,870.8897348912789,851.3236296424074,862.7039184570312,187139
2026-04-20,858.4113869097362,870.4904153193191,848.5285011713546,850.0758056640625,392645
2026-04-21,850.5250550349449,857.4131344299132,819.5787208728754,822.773193359375,323501
2026-04-22,828.4633109829949,828.662916001688,808.5977372636104,811.143310546875,323850
2026-04-23,806.6012258401125,848.2789500713312,800.9110812442029,825.5184326171875,1004628
2026-04-24,834.5527366573633,834.5527366573633,810.7939508379447,819.2792358398438,521173
2026-04-27,832.8556903083081,898.7414344826071,828.6130476910237,884.615966796875,2787989
2026-04-28,886.4128230392882,894.7483434285984,873.1857609932188,876.23046875,418483
2026-04-29,888.459247378586,907.027023008184,877.1788219292284,882.170166015625,929406
2026-04-30,876.4800694630723,886.7622266569789,863.1032422088076,872.2374267578125,604350
2026-05-01,872.2374267578125,872.2374267578125,872.2374267578125,872.2374267578125,0
2026-05-04,882.4696638293701,906.4281162410272,877.9774540021843,903.8326416015625,668652
2026-05-05,903.832631826526,907.875608441369,882.9188874491355,890.2062377929688,321790
2026-05-06,893.4506393039613,903.1338595359482,884.3664169521107,891.4541015625,379644
2026-05-07,891.4540493051948,895.4471245540423,875.481748309805,882.51953125,197948
2026-05-08,881.4714014995935,925.2954287319039,878.3767924119935,901.9359130859375,1446963
2026-05-11,907.2766202011871,933.2815724944629,863.5025554883999,870.290771484375,2667672
2026-05-12,876.7295909519661,882.7691051255999,827.9142212940302,842.1895141601562,833916
2026-05-13,842.5388979542571,881.5711850872123,842.5388979542571,863.7022094726562,817469
2026-05-14,868.9431424845124,889.257889439702,868.9431424845124,881.1719360351562,466200
2026-05-15,884.4661754261364,884.4661754261364,861.5059925426136,875.7313232421875,682249
2026-05-18,869.4921802171617,893.0013997696254,858.5611239745714,885.1151123046875,533415
2026-05-19,888.958401490943,904.6312344555142,886.5126306484996,903.9324340820312,699349
2026-05-20,903.2835357032438,922.4004083652965,893.5005132549653,921.0028076171875,743761
2026-05-21,931.3848044759419,936.3761485513756,917.9580767271265,933.1317749023438,949046
2026-05-22,929.3882756215806,950.8510553486096,924.0475617822337,946.1591796875,1120427
2026-05-25,957.2400112086832,976.3069216044154,937.3744370005584,960.384521484375,1201943
2026-05-26,960.3845571961326,981.4979682343519,955.0438430967564,977.405029296875,1435239
2026-05-27,983.2948088443667,990.2826907346312,958.2382852953589,974.3602905273438,979320
2026-05-28,974.3602905273438,974.3602905273438,974.3602905273438,974.3602905273438,0
2026-05-29,969.768303736366,977.6046899762007,958.3880142725139,971.6649780273438,1082414
2026-06-01,973.3121500588703,981.4979669939827,955.3433103654758,959.7357177734375,581529
2026-06-02,963.4292300664154,985.8902788954069,960.4843857413209,982.9454345703125,771612
2026-06-03,987.2878606528691,989.7336314420029,971.565126774929,978.2535400390625,286092
2026-06-04,982.6958735913277,1012.2446069774514,977.6046659334484,1000.265380859375,1083978
2026-06-05,1001.2137573331225,1012.1947147054934,994.774911051606,999.5665893554688,663549
2026-06-08,993.2775176087853,993.2775176087853,968.3207960608258,974.16064453125,396028
2026-06-09,974.1606246295188,991.2809596334555,966.1245726411486,971.6150512695312,745810
2026-06-10,959.3363435653504,983.0951294823187,959.3363435653504,967.1727294921875,434911
2026-06-11,968.3207641857078,971.0660034656157,959.5859119314553,967.771728515625,121712
2026-06-12,982.446328988569,990.1829127011941,971.5651739757882,982.0469970703125,864603
2026-06-15,984.6924187309752,1001.1138925818726,963.3294409535745,968.1710205078125,229990
2026-06-16,968.7201339985563,972.3138775520013,956.8906113535985,963.4292602539062,595682
2026-06-17,963.3294044206559,965.3259420463982,949.0541725824971,953.895751953125,663188
2026-06-18,972.4636196104923,996.2224059327091,965.7253049075604,973.4119262695312,1729481
2026-06-19,978.2036566398517,980.998797194386,961.382790197762,968.6202392578125,417295
2026-06-22,977.8043588173537,977.8043588173537,955.143643267336,959.13671875,354816
2026-06-23,967.4222867538704,967.4222867538704,953.3467207976603,961.7821044921875,308152
2026-06-24,967.122858972697,967.122858972697,943.3640723006538,947.6566162109375,222762
2026-06-25,948.3553743980059,954.7942204416594,931.3848045403573,944.1127319335938,480045
2026-06-26,944.1127319335938,944.1127319335938,944.1127319335938,944.1127319335938,0
2026-06-29,938.4725304122315,958.238302573256,932.7324844703018,950.40185546875,344401
2026-06-30,948.4552102280683,965.8750138504137,941.6170929758172,948.3554077148438,200291
2026-07-01,948.3553997837871,957.3398193606861,943.6136227848682,955.1436157226562,239001
2026-07-02,949.3536937131662,977.3551232818983,946.7082568404845,960.6840209960938,463469
2026-07-03,967.1228283319371,972.8628740926488,943.3640424126289,953.446533203125,430357
2026-07-06,963.329445804602,966.2743511149814,947.3571441125049,956.8406982421875,612611
2026-07-07,958.3380969445989,972.3138608583743,948.4053096914095,959.935302734375,535832
2026-07-08,955.3432856987133,964.4774700121447,914.5140655222367,926.7428588867188,854311
2026-07-09,929.7376464883438,949.7030230032983,927.5914050706824,946.7581787109375,310719
2026-07-10,958.3380910836592,976.7062622012272,949.4035727360948,973.4119262695312,303569
2026-07-13,973.2622055084681,1036.2030428933042,963.4791831853549,1027.5679931640625,2119479
2026-07-14,1036.2530783840793,1044.189267380129,1018.4339419958496,1034.1566162109375,678610
2026-07-15,1034.1565919994875,1047.18404955789,1020.230789941052,1031.96044921875,602596
2026-07-16,1028.2169076240389,1057.1667040522887,1025.471668307567,1038.69873046875,491957
2026-07-17,1042.1927001356205,1043.1909690054822,1004.9572834756781,1020.7299194335938,220511
2026-07-20,1028.2168639847453,1088.1129919838565,1018.733310384886,1053.173583984375,2630447
2026-07-21,1067.1494076721015,1087.0648226170536,1050.178837110431,1060.8104248046875,1032739
2026-07-22,1061.1598071759543,1062.856815508744,1021.528520912082,1028.36669921875,276198
2026-07-23,1028.3667163174007,1043.5403546267303,1013.7420527794579,1037.9500732421875,201183
2026-07-24,1025.449951171875,1033.75,1010.3499755859375,1027.449951171875,132990
2026-07-27,1026.0999755859375,1044.9000244140625,1015.6500244140625,1035.0999755859375,215142
2026-07-28,1044.9000244140625,1044.9000244140625,1019.9000244140625,1027.0,112640
2026-07-29,1035.5,1036.5,1021.2000122070312,1033.5999755859375,244121
2026-07-30,1033.0,1038.449951171875,1013.9500122070312,1022.2999877929688,465618
2026-07-31,1020.0,1037.1500244140625,1016.5999755859375,1031.300048828125,415132
2026-08-03,1041.800048828125,1044.800048828125,1017.5,1025.0999755859375,477723
2026-08-04,1025.0999755859375,1029.4000244140625,1014.0999755859375,1019.7999877929688,407730
2026-08-05,1028.800048828125,1031.0,1020.2999877929688,1029.5999755859375,518701
2026-08-06,1031.0,1040.800048828125,1008.5999755859375,1015.5,568148
