Date,Open,High,Low,Close,Volume
2015-01-01,104.88379223209385,108.57163165234573,104.62037943717044,106.77161407470703,74075
2015-01-02,108.87893613443335,109.66918781715158,105.19110388046177,105.80574035644531,81391
2015-01-05,105.36672456413828,108.35211643326271,102.5569479220423,102.90816497802734,71830
2015-01-06,102.73256411988093,103.74232997881525,100.14230129390876,100.58132934570312,59574
2015-01-07,99.5715498486713,102.07400806133565,98.34227013221154,99.87886810302734,65555
2015-01-08,105.36671834550157,105.36671834550157,99.74715869393437,100.40570068359375,67911
2015-01-09,103.1715748544576,103.78621134418918,98.60568656178934,99.52764129638672,54202
2015-01-12,100.97644086902439,102.24961940036738,98.95690937202963,100.4935073852539,72324
2015-01-13,101.85448553260672,101.85448553260672,97.46420598378747,97.8154296875,59077
2015-01-14,100.9764433230019,100.9764433230019,79.02504260061018,97.24470520019531,94422
2015-01-15,99.08862418195785,99.39594246051676,95.40079144117871,96.32274627685547,56675
2015-01-16,98.07884493264815,98.34226439188332,96.19103003792492,96.89347076416016,39665
2015-01-19,97.46421120286179,100.09837907320941,97.46421120286179,98.51787567138672,37789
2015-01-20,98.38617258245554,99.96666928436514,96.8495746589395,97.72763061523438,98285
2015-01-21,97.46421440913653,99.26423185936993,95.70810243780073,96.059326171875,25524
2015-01-22,95.66419561359412,97.3325033027091,94.8739505968345,96.54225158691406,33530
2015-01-23,98.29836974802932,98.29836974802932,94.03979934800556,94.6983413696289,79362
2015-01-27,95.66418690328209,95.70809237756463,93.07392469744816,93.95198059082031,30858
2015-01-28,94.25930307863518,94.25930307863518,89.25438693957089,91.05439758300781,58099
2015-01-29,90.61536817069769,95.66418970547767,89.73731225160553,92.76660919189453,54996
2015-01-30,95.66420326778128,95.66420326778128,90.43977248812992,90.65928649902344,46165
2015-02-02,90.43976763483771,93.95199162065666,90.43976763483771,91.27391815185547,31839
2015-02-03,93.07394061885215,93.07394061885215,90.39586700633681,90.65928649902344,28762
2015-02-04,90.52757871002945,90.52757871002945,85.82998011514583,87.14706420898438,66791
2015-02-05,87.41048398935497,89.47391440321816,86.31291390761538,87.67389678955078,64242
2015-02-06,86.97146027295389,87.7178066257699,85.78607916661711,86.79584503173828,41594
2015-02-09,86.09340770722453,86.48853029290738,84.20558565544002,85.1275405883789,32479
2015-02-10,86.62023487954468,86.70803914900222,84.33729037846683,85.9616928100586,32472
2015-02-11,85.96168772509526,92.10808001004946,84.64460366403364,90.13245391845703,46382
2015-02-12,91.31783942456515,95.00567256786557,89.12269905378234,93.0739517211914,60281
2015-02-13,94.39101305472602,95.70809695781521,91.31781728085122,94.61052703857422,55890
2015-02-16,93.07394031502078,93.07394031502078,86.66412853823988,90.13245391845703,63353
2015-02-18,92.547076555645,92.547076555645,86.04946272440371,87.84947967529297,71097
2015-02-19,88.06902877222136,88.42024585005153,85.21534647111496,85.9616928100586,31784
2015-02-20,87.71779273022608,87.71779273022608,83.45922261614396,84.29337310791016,48996
2015-02-23,85.12752977354631,85.30314499967886,81.83481964771494,82.449462890625,41791
2015-02-24,82.66896367273529,83.15189039450514,81.79090777966117,82.01042175292969,17060
2015-02-25,81.65921034893123,83.41532239944587,79.99090256113513,80.64944458007812,30585
2015-02-26,81.96653097507804,81.96653097507804,78.84943601519765,79.20065307617188,27368
2015-02-27,79.72750302813844,83.23972771309543,78.05919496297648,80.8250732421875,31036
2015-03-02,81.0884705651808,81.48359978608833,78.14698429392449,79.28845977783203,25511
2015-03-03,79.85919387683003,82.44946320511922,78.19089276594063,80.429931640625,46858
2015-03-04,81.04456161035513,83.32750559254087,79.15674010043881,82.01042175292969,49867
2015-03-05,82.09822878866788,82.09822878866788,79.06893853436848,79.8152847290039,59816
2015-03-09,82.31774208006482,82.31774208006482,79.06893787225226,80.56163024902344,43856
2015-03-10,80.29820788532845,81.74700143325082,75.51280599874295,75.90792846679688,78148
2015-03-11,75.9957424950659,81.30797678741246,75.9957424950659,77.2689208984375,65640
2015-03-12,77.751862449144,79.02504098540568,75.77623642450885,75.9957504272461,17113
2015-03-13,77.40062603304722,78.10306670738245,74.63474871157601,75.6006088256836,29141
2015-03-16,75.24939727032681,76.3908727613171,73.97621873725248,74.45915222167969,78590
2015-03-17,75.51281623886678,75.51281623886678,72.22010622845107,73.18596649169922,58202
2015-03-18,75.33719368217835,75.33719368217835,72.00057881363982,72.2200927734375,25396
2015-03-19,72.26401001161037,73.36157998931382,72.00059053734732,72.35181427001953,39439
2015-03-20,71.82498881129683,72.3518211105973,66.86397070322548,69.01520538330078,39816
2015-03-23,69.62982909324681,74.4591360954534,68.57615809152664,72.17618560791016,78426
2015-03-24,73.40549221803036,75.38111853986211,72.04450921574607,74.85428619384766,42328
2015-03-25,77.1811088821549,77.1811088821549,70.28837194883967,71.95667266845703,32358
2015-03-26,72.83475030237082,74.28354419697347,70.24448750523001,71.64937591552734,37541
2015-03-27,70.28837726815613,73.27376196015926,68.48835999882935,69.58592987060547,58394
2015-03-30,68.83958908845202,71.64936550061928,68.26885137062683,71.03472900390625,21246
2015-03-31,70.63959284716886,72.83473254657167,69.71763819284051,70.28837585449219,27997
2015-04-01,71.38595489076037,80.60554281470914,70.244479420562,78.49820709228516,1384882
2015-04-06,81.87871657313582,94.17149975837872,81.87871657313582,93.86418151855469,712988
2015-04-07,96.4105514123067,97.02518793226335,88.33243219852494,91.01050567626953,266226
2015-04-08,90.04465089090712,96.84958529985417,90.00074540865434,95.53250122070312,188195
2015-04-09,97.37640600806112,97.90323823724373,92.19587457318916,93.11783599853516,80061
2015-04-10,94.30320428797614,95.53248387850412,92.5031870269493,93.95198059082031,77298
2015-04-13,95.2690817252585,96.98128834854043,93.24955012427915,95.53250122070312,52587
2015-04-15,94.12759795063711,100.36180073966757,94.03979369284136,96.27883911132812,103771
2015-04-16,96.23491981386853,98.12274123105135,93.38123830155607,96.58614349365234,70053
2015-04-17,95.70810714962789,100.53741530855406,95.40078887932158,97.24470520019531,90480
2015-04-20,100.40569850192244,100.97643622036638,94.87394992840187,95.48858642578125,107843
2015-04-21,97.11298847177402,98.95690466003494,95.75200574428793,97.50811767578125,155023
2015-04-22,96.58616163375916,99.13252541663815,92.23978703985429,95.40078735351562,83036
2015-04-23,93.24953395099995,97.2007855031446,93.24953395099995,95.00564575195312,35521
2015-04-24,96.01542940266646,96.14713915227132,90.48368021058761,91.7568588256836,60588
2015-04-27,93.86417911302256,93.86417911302256,86.09338556702079,86.92753601074219,41666
2015-04-28,86.48852207464259,91.66905417831165,85.21534346483337,89.69342803955078,31306
2015-04-29,90.43977899574824,91.23003083163488,87.80561067548372,89.34220886230469,26710
2015-04-30,88.68362995066096,90.30803173371287,87.45435057193417,87.84947967529297,23728
2015-05-04,90.6153706577568,92.15196855834206,84.86410824927309,90.83488464355469,43245
2015-05-05,92.10807921928871,95.62030335196674,89.64951964679972,93.42516326904297,58124
2015-05-06,92.63491357873988,94.30322141901729,87.8934095533858,88.9031753540039,45843
2015-05-07,88.94708429985374,91.18612330246167,86.48852457644189,87.23487091064453,55526
2015-05-08,88.24462433364147,91.31782020595735,88.24462433364147,90.39585876464844,33930
2015-05-11,93.07392815573648,94.8300400077315,89.56170445174642,93.82027435302734,32043
2015-05-12,97.28860983939718,97.28860983939718,88.81536789406742,89.56171417236328,26621
2015-05-13,91.2739118944471,92.0641635768867,88.85925806973648,89.78121948242188,23646
2015-05-14,89.91293410596128,91.66904607405023,88.63974890967548,89.95683288574219,24439
2015-05-15,91.18613359213148,93.07395573216681,89.78124503409487,91.1422348022461,26098
2015-05-18,93.8641941402883,93.8641941402883,89.25439982595223,90.70319366455078,26523
2015-05-19,91.36173141770665,95.92762003495038,89.91293764716569,91.58124542236328,56874
2015-05-20,92.19588257125203,93.95199462022826,91.93246308429127,92.6349105834961,31048
2015-05-21,91.75685607143153,93.60077241344258,90.48367749455237,91.93246459960938,38358
2015-05-22,92.1958757483441,92.94222197411885,90.43976382932802,90.87879180908203,27444
2015-05-25,92.98611856315048,92.98611856315048,89.60560478199545,90.08853149414062,19913
2015-05-26,90.9226941901846,92.10806835534397,89.56170481968321,90.5275650024414,41101
2015-05-27,91.27390908885299,96.05931781378762,90.43975865466183,92.98612213134766,66138
2015-05-28,89.56170336823006,90.35195503187438,85.21532926673876,87.41046905517578,111092
2015-05-29,88.68366047478715,89.12268849693956,84.29338025326302,85.56655883789062,48441
2015-06-01,90.79100674373245,90.79100674373245,84.24948444327325,85.1275405883789,37443
2015-06-02,85.30313674895984,85.9616787104304,83.15189565540155,83.7226333618164,36941
2015-06-03,84.24948116701353,84.33729213733875,77.48845179223484,79.63968658447266,88936
2015-06-04,80.60555071830771,81.48360679716058,79.06895258031518,80.0348129272461,28447
2015-06-05,80.25431751779553,84.29337366615853,78.2347860940963,81.00066375732422,32586
2015-06-08,80.78115587821777,83.37141852295929,79.0250437939087,79.15675354003906,11771
2015-06-09,78.58601199330735,80.2543197329724,77.26892799341952,79.55187225341797,10819
2015-06-10,81.00067764856946,85.4787625527481,78.2347995110061,83.76655578613281,39519
2015-06-11,83.3275181367273,83.41532239944587,80.12261230473091,80.64944458007812,28542
2015-06-12,79.28845799519442,82.36165393765877,79.28845799519442,80.25431823730469,20279
2015-06-15,81.0445685566057,84.02995348970425,79.2445511419121,79.9469985961914,22198
2015-06-16,81.04458478350026,81.04458478350026,78.2348011028384,79.99091339111328,22620
2015-06-17,80.64945353810856,82.97630360329941,80.03481693177282,82.49337005615234,35563
2015-06-18,82.09822600243014,83.41530984204132,81.3518798331241,82.01042175292969,15472
2015-06-19,82.97630335355824,83.1958173835941,81.39579965768536,81.96653747558594,11431
2015-06-22,84.20557403564453,85.87388182093753,82.7128747755252,84.20557403564453,36987
2015-06-23,84.33728711280752,86.48852177688202,82.53726951296355,85.08363342285156,19665
2015-06-24,84.90800773166936,91.75684682501677,84.29337124594842,87.27876281738281,59303
2015-06-25,86.48850805109197,88.68364784934305,86.22508859568784,86.92753601074219,11573
2015-06-26,86.48851837306715,90.87879849352741,86.48851837306715,87.54218292236328,23778
2015-06-29,86.04948079217341,87.10314522430028,82.80067654391966,85.17142486572266,18578
2015-06-30,86.04949790645647,86.6641344976023,84.33729118895278,85.21534729003906,10993
2015-07-01,85.74217584869714,89.47391411457305,85.08363380177786,87.14706420898438,41502
2015-07-02,87.76169998100167,89.51781209026862,86.09339883642691,87.8934097290039,22090
2015-07-03,89.07878205254363,89.07878205254363,87.01535171053148,87.32266998291016,10974
2015-07-06,86.92753596773633,89.5617037243344,86.04948004887031,88.94706726074219,17711
2015-07-07,89.16658686063906,90.39585986530469,87.84950289932407,88.37633514404297,17815
2015-07-08,88.42022696124891,88.50803791098417,85.17142279209236,85.6104507446289,26666
2015-07-09,84.42507260554757,88.1568100249901,84.33726835901467,87.4982681274414,19179
2015-07-10,88.0251235961914,89.03488944607969,86.75194493700818,88.0251235961914,19408
2015-07-13,87.80560028032315,91.31782429153607,87.19096375797515,87.98120880126953,27866
2015-07-14,87.93729503017553,90.61536136278302,87.01533370478153,87.71778106689453,12937
2015-07-15,86.92751846648946,89.12265782170384,86.92751846648946,87.84947967529297,13925
2015-07-16,87.49825603865193,90.70316083707166,87.45435057193417,87.84947967529297,20457
2015-07-17,87.89341651417053,90.35197633655378,87.80561224173611,88.63976287841797,33386
2015-07-20,88.68364691712378,97.46420601782911,88.68364691712378,94.7861328125,208932
2015-07-21,95.2251690330209,96.14713049823463,90.96659883934456,91.4934310913086,58782
2015-07-22,92.19587217736071,92.98612385011653,89.03487218537249,92.020263671875,27286
2015-07-23,91.36173323665912,93.7763873359563,90.13245344630063,91.40563201904297,41898
2015-07-24,91.36171975255351,100.27398184445806,90.483663846038,95.2690658569336,312493
2015-07-27,95.26907363068312,95.7081016197646,91.09830773440898,92.45929718017578,40578
2015-07-28,93.38124395033728,96.58614933630342,92.28367407151565,93.73246765136719,67439
2015-07-29,94.78614412369753,97.81544139435961,93.29345157806281,95.40078735351562,116615
2015-07-30,96.42708503938233,97.6318644377203,94.24062698216706,94.99919128417969,49935
2015-07-31,94.15139064610561,97.27489649692428,94.15139064610561,95.49003601074219,38626
2015-08-03,95.04381677709894,97.8103490492459,94.9991925433941,96.24859619140625,63807
2015-08-04,96.3378307354999,97.00715333942983,94.50835303664576,94.73146057128906,57179
2015-08-05,95.4900317862712,96.15935443897871,94.15138648085619,94.77608489990234,77206
2015-08-06,96.02548924719322,102.18325905876304,94.8207098252714,99.01512908935547,155763
2015-08-07,99.86293129850219,105.08364611308056,99.77368964868148,102.67408752441406,261983
2015-08-10,103.96810922988482,106.73464124679381,102.7187056971416,104.01273345947266,133344
2015-08-11,103.52191132159689,106.02071880111649,97.27489943150053,97.85498046875,115514
2015-08-12,99.63982922248123,99.63982922248123,93.7497914988576,94.10675811767578,91765
2015-08-13,97.27489417232776,99.95218483762119,91.96493707631004,93.08047485351562,84198
2015-08-14,93.70517206262113,101.46931216718602,92.18804342889766,99.01512908935547,154349
2015-08-17,99.99679993170918,104.19121886711896,99.50596063112432,102.09400939941406,121509
2015-08-18,102.09401942798777,105.03903509467737,101.69242174023307,103.12031555175781,75803
2015-08-19,103.87887699367512,108.87648476886626,101.96015069543418,105.12828063964844,191198
2015-08-20,105.84221316295907,107.62707344162179,100.62149820961093,102.04938507080078,107474
2015-08-21,100.88922033747093,100.88922033747093,96.38244584087552,99.55057525634766,74500
2015-08-24,92.36652702970848,94.95457600870645,82.95138556068727,85.8517837524414,116650
2015-08-25,85.89640761944136,91.65257974422437,80.8541755766636,88.93067169189453,70114
2015-08-26,89.24301983672571,93.25895572937836,84.87011050298572,90.62628936767578,37487
2015-08-27,91.1617525196974,93.66055316518835,86.07489594695404,89.33226776123047,64337
2015-08-28,91.02788004199965,92.63425711916281,90.13544984550946,90.53704071044922,37747
2015-08-31,98.61353065645768,98.61353065645768,92.81273473548958,93.12508392333984,103020
2015-09-01,93.57129442858938,93.70516030505115,88.52906301233924,89.59998321533203,34485
2015-09-02,91.92031395708256,92.5003949700085,87.81513624889507,88.48445892333984,23960
2015-09-03,90.18007891305275,97.00716483521722,90.13545467735527,92.63426208496094,84272
2015-09-04,93.52669163125023,93.52669163125023,84.51314078382583,86.87808227539062,169066
2015-09-07,90.93863061571098,90.93863061571098,82.99600118370239,84.6469955444336,59003
2015-09-08,85.8517734724668,88.79679554570438,83.26373161206565,87.8597412109375,48130
2015-09-09,89.24302081672512,90.35855857693419,85.00397732793068,87.45816040039062,71080
2015-09-10,86.6103556505165,89.73386142325863,85.27171031934128,88.70756530761719,34328
2015-09-11,91.78644806045314,91.83107229556373,87.45816279411738,88.48445892333984,38726
2015-09-14,91.20636335781685,92.7681162016747,89.2876438823246,90.53704071044922,44129
2015-09-15,90.98325644279787,95.49003168996393,90.35855802438175,91.87568664550781,69788
2015-09-16,91.429468032661,93.57130179864482,89.73385615959643,91.11711883544922,44867
2015-09-18,92.41115514106073,93.30358539135122,91.02788552962949,91.072509765625,21680
2015-09-21,91.02787034491135,97.8995794023702,89.24301014206995,95.5346450805664,59647
2015-09-22,95.80237737684679,98.0780770335683,91.92030749952936,92.58963012695312,56348
2015-09-23,92.27727889569293,97.58723556609056,90.62628447950472,95.93624114990234,49966
2015-09-24,95.93624341648047,96.33783427009196,93.30357713457873,94.06214141845703,24783
2015-09-28,95.35617088179785,95.40079511779336,90.26932117862307,91.072509765625,47343
2015-09-29,91.0725014665067,94.1513828259602,89.332258551801,92.54500579833984,26668
2015-09-30,92.58961660817342,94.2852350451476,92.0987773629148,92.27726745605469,14198
2015-10-01,93.03585055409917,93.705173219956,91.0725067910667,91.60796356201172,15410
2015-10-05,93.70517427827541,95.40079307933705,90.76015179176296,92.76811981201172,79021
2015-10-06,93.57130325599866,95.4007878532645,91.9649330130183,93.83903503417969,53384
2015-10-07,93.52667236328125,94.99917650511505,92.4557522134828,93.52667236328125,22365
2015-10-08,93.83904036382009,93.83904036382009,92.00955566264763,92.85736846923828,16524
2015-10-09,94.28524707949894,94.5975962714852,93.25895104122833,94.32986450195312,23790
2015-10-12,94.41910838680816,98.34579542490036,93.97289333168847,95.2222900390625,92895
2015-10-13,94.19599914550781,95.1330466589903,91.9202996823194,94.19599914550781,23524
2015-10-14,92.90197296734303,95.31153834640176,92.90197296734303,93.79440307617188,27810
2015-10-15,94.59759145056098,103.25416077491478,94.1513763965489,101.29081726074219,184644
2015-10-16,102.09400944063158,118.60396023210029,101.15695506957368,115.30197143554688,1848531
2015-10-19,114.67727719085158,120.8350399354611,112.35696010359418,115.97129821777344,585357
2015-10-20,116.0159175341892,117.48842180977725,112.44619699467567,113.96332550048828,211178
2015-10-21,113.78485097657423,119.58564730087018,113.78485097657423,116.59600067138672,224708
2015-10-23,117.80076798148777,118.51471475334083,111.99997258845995,112.89240264892578,92375
2015-10-26,114.58802679895928,117.80078081356334,113.78484510401003,114.8111343383789,96693
2015-10-27,114.23107513985047,114.67729027711552,111.55378431626023,112.13386535644531,62256
2015-10-28,108.16252237522484,118.15773649254884,108.16252237522484,115.65894317626953,157379
2015-10-29,116.01590148443493,116.86370727180247,111.64299306674302,114.09717559814453,50754
2015-10-30,114.18643822274963,114.9450093188264,107.31472859542168,110.12588500976562,107901
2015-11-02,113.69560411924446,113.69560411924446,104.41432906301398,105.97608184814453,69957
2015-11-03,106.1545717216561,109.63505093405678,105.57449752684117,106.24382019042969,47275
2015-11-04,106.95776130948848,109.59043456350521,103.61114795932485,104.50357818603516,65541
2015-11-05,104.63744240408022,105.84222182908186,101.29082910757445,102.00477600097656,46128
2015-11-06,102.31710815429688,105.08363998973874,99.95216712399778,102.31710815429688,55921
2015-11-09,99.99680475459984,100.35377138093097,92.76811482346099,98.12269592285156,65505
2015-11-10,98.12270308242498,99.90756357912177,95.93625169745239,96.82868194580078,74271
2015-11-13,97.31951554913194,103.16492924481868,95.49003092475624,97.98883819580078,119203
2015-11-16,98.16732249022886,100.66612978618826,96.78405294984024,97.67648315429688,45878
2015-11-17,98.56889630452015,99.28284306804038,96.82866043040342,98.03343963623047,44798
2015-11-18,98.16733079959754,98.65817017707661,97.00716871212121,97.58724975585938,26405
2015-11-19,98.52428695291923,98.61352860348978,96.15934576494139,96.47169494628906,39139
2015-11-20,96.38246175002017,104.63744111286911,95.4900315486311,103.61114501953125,498215
2015-11-23,104.05735563610092,109.76891004060444,104.01273821317541,105.97608184814453,253488
2015-11-24,106.19918509396736,109.50117383979497,104.90516413352988,105.26213073730469,86554
2015-11-26,105.70835472800057,107.04700003131187,103.12031258856044,103.65576934814453,35854
2015-11-27,103.9234881759086,106.1991877803978,101.6477953801211,101.82627868652344,63648
2015-11-30,102.09401873855651,104.3250942931198,101.29083017717329,101.73704528808594,47112
2015-12-01,102.09401525412378,106.37767608746411,102.09401525412378,103.8342514038086,71947
2015-12-02,104.23585034019925,104.86054875825695,101.3800696079446,102.2278823852539,48901
2015-12-03,102.09402293050718,103.07569485308173,100.62151164229407,100.97848510742188,41279
2015-12-04,100.39839809112136,102.18325850163019,100.04142464727919,100.5768814086914,55788
2015-12-07,101.29082528740688,102.27249712228453,99.19361572909963,99.6844482421875,52314
2015-12-08,99.41673270091559,103.25417874817566,95.49003818035666,97.89959716796875,65177
2015-12-09,97.27489229090074,98.83664514878217,93.839037365302,94.82070922851562,53155
2015-12-10,95.84700002469516,97.2748869111925,94.15138136817257,95.80237579345703,34700
2015-12-11,95.84699708332793,99.01511995166042,93.74978764482866,94.9545669555664,38357
2015-12-14,93.9729062605136,95.40079327160554,91.96493823621802,92.85736846923828,48422
2015-12-15,93.12509340631475,95.44541064924073,92.63426086362594,94.2852554321289,32204
2015-12-16,94.59760104858802,97.27489164430277,93.79441250813316,94.90995025634766,37211
2015-12-17,95.22230194217863,98.16732439758714,95.22230194217863,97.40876007080078,46652
2015-12-18,96.91791179103846,98.16731534811848,95.08843409022633,96.15934753417969,42024
2015-12-21,96.38246502271261,98.61354060194206,96.38246502271261,97.14102935791016,48979
2015-12-22,96.91792576738547,101.6478089124537,96.91792576738547,99.23824310302734,134224
2015-12-23,99.05974463987886,102.58484093736689,98.61352957393346,99.28285217285156,70330
2015-12-24,99.68443618073415,101.0230812868785,98.25654942925375,100.62149047851562,31735
2015-12-28,100.66611777542077,103.43264971741291,100.62149354704134,101.51392364501953,57451
2015-12-29,100.44301811812647,102.00477091191262,98.12269423468273,98.47966766357422,34078
2015-12-30,98.70278650178203,99.55059934351668,97.31952366848226,97.85498046875,20385
2015-12-31,97.31951305549512,99.95217934145445,97.31951305549512,98.3458023071289,20803
2016-01-01,98.21194741611447,102.62947423582794,98.16732318209628,101.91552734375,31382
2016-01-04,100.84460500370365,101.73703513647979,98.56890544164386,99.32747650146484,59433
2016-01-05,99.72907659695207,101.29082947430925,98.61353882741122,100.35377502441406,29670
2016-01-06,99.95218289914212,101.69241907435169,97.18565062706699,97.67648315429688,68324
2016-01-07,97.27490199398078,98.12270804934627,93.79442248750145,94.50836944580078,75966
2016-01-08,95.13306028173946,98.3458077184655,95.13306028173946,97.40876007080078,79968
2016-01-11,96.20398295713494,97.94421920819596,94.1513906739378,96.9625473022461,46752
2016-01-12,96.87330451487409,99.01513162709549,95.49003493025397,95.75776672363281,30525
2016-01-13,96.73942848661345,98.8812621832218,91.47408930165585,96.15934753417969,99911
2016-01-14,94.1513883961521,94.86533529704458,91.92031284174091,93.08047485351562,40742
2016-01-15,93.61593152192627,94.55297916852756,86.96732229186809,88.70756530761719,63278
2016-01-18,83.57607115171963,89.06451703250272,81.65734528332223,82.32666778564453,77721
2016-01-19,83.88844651621672,86.5211131248935,82.99601623412931,84.69163513183594,41454
2016-01-20,83.88843068226213,83.88843068226213,79.4262801140567,80.27408599853516,61762
2016-01-21,81.65738903876789,82.5051952725193,79.56017876945842,79.87252807617188,28430
2016-01-22,81.34500266174614,83.57607784825207,81.30037843453557,82.59440612792969,59531
2016-01-25,83.35298034387975,85.49481414199204,82.95138267683886,84.9593505859375,34684
2016-01-27,85.67331293061024,85.76255460317232,84.78088258758304,85.00399017333984,16858
2016-01-28,85.49482009005814,87.1904321065252,85.13784663075366,85.31632995605469,21472
2016-01-29,86.16413390258394,87.19042313046428,84.87010609691029,85.5394287109375,16372
2016-02-01,88.2167192495883,88.2167192495883,84.78086452277411,86.96731567382812,36480
2016-02-02,87.45815017049654,88.0828485196624,84.5131281045401,85.04859161376953,44730
2016-02-03,83.88844118812194,85.67330163893305,83.21911851906778,84.20079040527344,26726
2016-02-04,83.97768061566774,86.11951446142282,82.19282021232219,83.26374053955078,22507
2016-02-05,84.55777588191475,84.69164179650276,82.19283408653743,83.48686218261719,18942
2016-02-08,83.66532170254251,84.11153675162274,81.6573539816815,82.10356903076172,21536
2016-02-09,81.34501468687237,83.12987509993067,79.87250348435884,80.22947692871094,43264
2016-02-10,80.00638003211304,80.14024594266075,76.88287389328089,78.17689514160156,43329
2016-02-11,79.42629693291926,79.42629693291926,73.44701662886602,74.2948226928711,55809
2016-02-12,74.11633223173415,75.1872457684568,69.60955691323004,71.26055145263672,49719
2016-02-15,73.53623343380168,79.15853835409091,72.0637225706186,74.74101257324219,62625
2016-02-16,75.00876196904075,76.48126637044516,71.79600776200745,72.86692810058594,22898
2016-02-17,73.22388910490344,73.22388910490344,70.50197469996854,72.33145904541016,27389
2016-02-18,73.09003858192334,74.56254985103014,72.01911820043546,73.75936126708984,9757
2016-02-19,73.13465071448245,73.71473169470576,71.52828047159704,71.88525390625,12424
2016-02-22,72.73304715461171,75.7673106062375,72.73304715461171,74.25017547607422,23278
2016-02-23,75.76732130237801,75.76732130237801,71.39441219376928,72.2868423461914,54015
2016-02-24,73.26851005247732,74.87488696043523,71.08205902486367,73.04540252685547,115390
2016-02-25,74.11632688213743,74.16094430453751,71.48365384727116,72.2868423461914,19605
2016-02-26,73.13465051886503,73.17927475134053,71.12668261410263,71.79600524902344,8121
2016-02-29,72.33147418805457,72.50995751383843,70.27888189802802,70.81433868408203,10954
2016-03-01,71.3498028100836,74.11634230525189,71.3498028100836,73.7147445678711,19233
2016-03-02,75.14261419158093,78.44460975644235,73.17927062986993,77.06134033203125,93783
2016-03-03,77.0167206290505,79.87249423578808,77.0167206290505,77.50755310058594,48475
2016-03-04,77.73067429147284,79.20318558235,76.74900236712226,77.90916442871094,23151
2016-03-08,78.17690302663033,79.51554864971888,75.85658530835093,76.70439147949219,39229
2016-03-09,76.70438283445563,77.37370557056327,75.94581842860755,77.01673889160156,19838
2016-03-10,79.87249387086638,80.36333314886062,78.31074119741369,79.06930541992188,165540
2016-03-11,79.8278636940776,80.80954217691655,78.2661111369985,78.75695037841797,71165
2016-03-14,79.5601465768486,80.00636163694455,78.53385057688762,78.80158233642578,60978
2016-03-15,79.24781027984022,79.64940117573263,77.01673461665445,77.73067474365234,22408
2016-03-16,77.77529952673727,78.35538056498092,76.74900335272197,77.59680938720703,27122
2016-03-17,78.35536604128268,79.42627944515249,77.73066088177413,78.98006439208984,32292
2016-03-18,80.05097664147878,80.09560086962203,78.08763315979864,79.20317077636719,26273
2016-03-21,80.67244915156535,81.40709009220282,80.0755542630543,80.4887924194336,37980
2016-03-22,80.53470779498494,81.49892321003294,78.9736044626798,80.7642822265625,38042
2016-03-23,80.5806239925952,81.59075007163315,79.11134905889858,79.29500579833984,27725
2016-03-28,80.39696026225413,80.76427370919697,79.1113421797894,79.61640167236328,58664
2016-03-29,81.17753072956565,81.68259033962623,79.34093504340379,80.90203857421875,53073
2016-03-30,81.1775242596089,86.54956481226225,80.07556273210565,85.26394653320312,89531
2016-03-31,85.44760380374083,89.94725692975581,84.6211344723719,86.8250503540039,130595
2016-04-01,86.68731919520803,89.4422127691698,86.68731919520803,87.23829650878906,25471
2016-04-04,87.2382767468912,88.56980553692172,85.67717354436886,86.04448699951172,22170
2016-04-05,86.31999404759412,88.61573857013651,84.621144502124,85.30986785888672,54594
2016-04-06,86.6873094682108,102.34428198642414,86.59548109392728,101.38007354736328,1048806
2016-04-07,100.23218516650981,100.23218516650981,94.21733304056333,94.86014556884766,314866
2016-04-08,94.99789113508257,98.07419393364971,94.40100325457752,96.19168090820312,150517
2016-04-11,96.88041161195302,98.25785822254952,94.58466726095888,97.43138885498047,141699
2016-04-12,97.98237581709672,97.98237581709672,94.67650502495967,95.59480285644531,45960
2016-04-13,96.46717204406639,104.45635888850111,96.46717204406639,102.48201751708984,452503
2016-04-18,101.10457370631114,101.93104302393247,98.39559833827741,100.55359649658203,88907
2016-04-20,100.55359153829535,101.93103799772405,100.00261435573486,100.69133758544922,98322
2016-04-21,100.96684095297323,101.79331037946739,98.16603684870378,98.76293182373047,37546
2016-04-22,101.93104464110549,103.76764004004433,99.26797991143309,99.95670318603516,192759
2016-04-25,99.95671513592256,101.56373630211442,98.30378328290185,98.67109680175781,63689
2016-04-26,98.80884055080989,101.01275664240077,98.7170121732553,99.77305603027344,46641
2016-04-27,100.64541010288104,101.01273052417983,98.25783787352037,98.8088150024414,49394
2016-04-28,99.1761490412015,100.87499834115918,98.25785136489408,98.57925415039062,43113
2016-04-29,99.08433366548438,100.82910088043167,97.5691408997129,98.8547592163086,36302
2016-05-02,99.5434631187223,103.62988471337533,97.33954743594282,100.1403579711914,109581
2016-05-03,100.14036513066688,100.7831707063261,98.39559813180644,98.9006576538086,49412
2016-05-04,98.4415223494447,101.47190792240043,98.30378328290185,98.67109680175781,42634
2016-05-05,99.95670103584963,100.9209164019733,98.07419499606549,98.99249267578125,22709
2016-05-06,100.59951751674873,100.59951751674873,96.88040896724279,97.29364013671875,30366
2016-05-09,100.00263281255637,100.82910224196056,98.94658893087636,100.32403564453125,68548
2016-05-10,100.96682569852078,101.24231780108185,98.67108153069579,100.73725128173828,61466
2016-05-11,100.09445530800737,110.42530505309988,100.00262693370661,107.07351684570312,571783
2016-05-12,106.52252638989209,109.7365681344147,106.52252638989209,108.95601654052734,181373
2016-05-13,108.81826322817918,109.73656080816382,106.5225192782176,107.62447357177734,55967
2016-05-16,107.7622261382761,114.23622727178785,106.61435409375665,110.7007827758789,237083
2016-05-17,110.74670911000729,112.95062514825764,110.65488073467517,111.43543243408203,99037
2016-05-18,110.70079220501009,111.11402337381278,107.16534040190795,108.86419677734375,61570
2016-05-19,111.29767466148846,112.95061326783001,107.34899888909176,108.58869934082031,146294
2016-05-20,109.7365922621537,110.60897241076913,106.52254981096092,107.21127319335938,48358
2016-05-23,108.68052746620415,109.92022791519177,105.74197773482203,106.93576049804688,51541
2016-05-24,108.08364008985909,108.58870664411445,104.68594128904057,104.96143341064453,43233
2016-05-25,106.70620296163423,108.40505951883301,105.69607676955407,107.16535186767578,38985
2016-05-26,107.76222001970332,109.27741243364972,105.87971417721016,108.03771209716797,67218
2016-05-27,109.09377585797456,112.67513148980204,107.67041153841328,108.31321716308594,128230
2016-05-30,116.16466185734313,119.10321176593669,109.78249549052796,111.98640441894531,350738
2016-05-31,112.30782241554216,123.69470939616484,109.2774369089227,122.13360595703125,713432
2016-06-01,122.13360248579534,126.72509130105081,118.55224681474083,119.70011901855469,367345
2016-06-02,120.25107117909886,123.05188173748597,118.78180338651413,120.80205535888672,139625
2016-06-03,121.62853935050668,124.84258161200349,119.88377915625331,120.48066711425781,125019
2016-06-06,122.04175910839564,142.15248720881462,121.39895351879926,137.7905731201172,2115079
2016-06-07,137.92833011463983,144.49416795171442,133.84190760760217,139.07620239257812,934216
2016-06-08,137.28548311062946,144.35637141156457,136.45902092417143,141.18824768066406,559087
2016-06-09,139.16802353445948,146.83580115894796,139.16802353445948,143.52993774414062,615741
2016-06-10,143.66766498678774,146.46847563041842,138.75478095127806,140.17813110351562,197504
2016-06-13,140.68321054693828,144.9992071096726,140.4995538019071,144.17274475097656,330339
2016-06-14,144.99919342595794,166.02821803211805,144.99919342595794,161.3448944091797,1725776
2016-06-15,162.4468445048463,173.19093794338306,160.05927908347908,163.54881286621094,1410627
2016-06-16,161.574472721323,163.18149364866912,152.4374136796913,160.9775848388672,464530
2016-06-17,162.07955021125383,168.7831264785042,161.62040134379987,163.82431030273438,436901
2016-06-20,163.45700304066506,172.18083185463314,161.66632519179925,170.52789306640625,582915
2016-06-21,170.80338720671537,178.05793406925252,170.34423831637474,171.99717712402344,662829
2016-06-22,173.19096832972215,176.26725751062204,168.9667929023193,170.6656494140625,251417
2016-06-23,171.40026300203553,171.4461806902351,163.7324854844833,169.1504364013672,221673
2016-06-24,160.61026802977673,171.4921017796771,157.94721020671736,169.60958862304688,322712
2016-06-27,171.26253951428416,179.80271184744575,170.0687495731562,178.0579376220703,486015
2016-06-28,179.43538503032337,189.72033162954193,176.31317810620433,186.1389617919922,750645
2016-06-29,186.9654069744339,191.64871657789922,185.58796050068938,186.6439971923828,295486
2016-06-30,188.25103254062577,189.62847912019132,181.86886619106093,183.84320068359375,230873
2016-07-01,184.07279033023653,187.33275030712116,179.4353836599172,181.86888122558594,189327
2016-07-04,182.8331034765187,209.00459161987726,181.868887953025,206.70884704589844,1827126
2016-07-05,206.5251702382148,212.67777672646636,191.92424077901063,194.7250518798828,1056090
2016-07-07,195.96475254607296,208.45360871723722,193.76084334509713,205.69871520996094,709950
2016-07-08,203.86209286776455,206.61698601462624,200.28073738168882,202.02549743652344,259640
2016-07-11,204.9181375788668,207.21388195690525,197.43401651130617,199.95933532714844,220633
2016-07-12,201.10718114066503,206.52513155741892,194.3576879495933,201.5663299560547,267876
2016-07-13,202.02549195359407,202.02549195359407,194.77094580192295,195.64332580566406,110811
2016-07-14,196.97485985095759,204.13758482977826,196.0565621360347,200.37255859375,237203
2016-07-15,200.18892438857716,206.52517372997602,197.4340309336885,198.8114776611328,300166
2016-07-18,198.8114522889603,202.94379194392715,197.0207745742302,197.4340057373047,155899
2016-07-19,198.21457233240653,199.3165268154745,196.51571591243112,197.02078247070312,84029
2016-07-20,197.38809686124347,222.228053587379,197.38809686124347,218.64669799804688,1666414
2016-07-21,219.47316443611413,224.4778844210425,216.85601021770069,218.92218017578125,391630
2016-07-22,220.66694105458654,236.92080761156222,217.63655582922576,231.96200561523438,946004
2016-07-25,233.2476079042036,278.3360290527344,233.2476079042036,278.3360290527344,2650060
2016-07-26,282.83571639150944,287.88635418421495,250.87896484008056,255.516357421875,1426359
2016-07-27,255.51637509191173,281.0450439453125,255.2868006309127,281.0450439453125,1410481
2016-07-28,288.81729419910897,305.3736995990579,286.9776935991146,293.7842102050781,1035600
2016-07-29,294.7040068884628,296.63559310876786,282.3786886337728,289.967041015625,418240
2016-08-01,290.65698515625,299.2111193774343,285.138181640625,287.43768310546875,211310
2016-08-02,289.27722433767013,296.129748511062,282.5166858178293,285.13812255859375,303064
2016-08-03,284.21833063439476,285.1381310571598,262.2810849374325,272.4908752441406,343936
2016-08-04,276.0780998378011,281.3209736381324,270.421332676443,276.4460144042969,258196
2016-08-05,278.19365530781295,288.81733920003626,275.94013299366526,279.895263671875,230365
2016-08-08,281.2749837567523,289.73715964750664,275.34228732982984,279.84930419921875,211450
2016-08-09,280.4931358293869,281.36692934435257,274.10051198951885,276.8139343261719,129731
2016-08-10,278.0096727587032,280.53912387561445,258.4639141280251,271.43310546875,191410
2016-08-11,273.18074819606585,276.8599501919725,266.7421447032293,275.5722351074219,171336
2016-08-12,275.9401131691782,292.2665698650212,269.50151052856404,276.12408447265625,1075897
2016-08-16,279.5273974788125,303.7181701660156,279.4814186767233,303.7181701660156,1042127
2016-08-17,311.3524435330219,334.0715252345128,308.1331420489287,333.93353271484375,1504123
2016-08-18,339.22240342307987,352.51353149414064,329.0126406225644,335.7271728515625,841199
2016-08-19,340.326150747106,346.7647535990783,327.54093069792003,343.13153076171875,650292
2016-08-22,344.64921105656686,363.1371761013132,344.0053395673127,354.72100830078125,769936
2016-08-23,354.6750904126412,364.33299598936725,351.45578855373253,361.98748779296875,421514
2016-08-24,361.4356045813708,365.25277090377455,353.24935797249975,354.8590087890625,215526
2016-08-25,355.9628258451667,359.64202817948365,350.44402234369124,353.75531005859375,194412
2016-08-26,355.9168213288712,367.0004063321726,345.8449944383381,361.8495178222656,392203
2016-08-29,363.22921058106886,379.923583984375,361.9414954995345,379.923583984375,439761
2016-08-30,391.0071607931875,398.9174499511719,387.74185248822187,398.9174499511719,80100
2016-08-31,418.83111247508265,418.83111247508265,380.7973608004427,384.7065124511719,638580
2016-09-01,389.53547675060594,389.81140564778053,369.0699174644171,374.9566345214844,267753
2016-09-02,378.4518487999293,390.9151317731358,370.81748938443076,378.5898132324219,231371
2016-09-06,376.29046060782554,386.04035334708004,375.2786742543964,376.3824462890625,88719
2016-09-07,378.03791331202274,379.8315350776652,357.5723571777344,357.5723571777344,147006
2016-09-08,341.24596713124276,348.05248485084144,339.7283020019531,339.7283020019531,88797
2016-09-09,322.7579650878906,322.7579650878906,322.7579650878906,322.7579650878906,40934
2016-09-12,306.6614990234375,306.6614990234375,306.6614990234375,306.6614990234375,18356
2016-09-14,304.45394796606723,321.97613525390625,300.13087463700566,321.97613525390625,329321
2016-09-15,333.88755116915,338.0726318359375,329.2885490869303,338.0726318359375,101382
2016-09-16,344.9251704242152,352.7434742871641,322.48204494929604,329.7024841308594,406806
2016-09-19,335.6351743861734,346.1669006347656,334.80735960556063,346.1669006347656,148087
2016-09-20,354.1231681440192,363.4591369628906,352.83545314660273,363.4591369628906,591980
2016-09-21,367.92011780434746,381.62513657854396,366.0805172153257,380.0614929199219,455100
2016-09-22,385.3963581655961,392.7547611854643,361.067626953125,361.067626953125,317197
2016-09-23,360.5617406624919,375.2785464038181,351.363737074163,354.5830383300781,184935
2016-09-26,356.88255257163223,365.1147773190358,348.19042762761575,351.40972900390625,118436
2016-09-27,357.80234588404477,364.24094850920756,351.7776646556744,353.5712585449219,135059
2016-09-28,356.0547764674419,361.48159376232525,349.98408759940145,352.0076599121094,73344
2016-09-29,356.8825787520946,360.5617805948997,334.439453125,334.439453125,117940
2016-09-30,320.18248873718034,345.6149613143614,320.04452430675894,342.6256103515625,151720
2016-10-03,344.9251847265415,359.7339782714844,344.9251847265415,359.7339782714844,153593
2016-10-04,367.9201583644965,372.5191603440527,359.2740402569469,362.3553771972656,164759
2016-10-05,367.00039300377756,368.83999397121505,354.1231862317152,356.83660888671875,75883
2016-10-06,362.2173815348285,369.75975594380384,342.16574430620653,345.7529602050781,209063
2016-10-07,351.86966575160767,352.00765828099003,340.32618084555526,343.36151123046875,95452
2016-10-10,345.6610093903153,354.16916383608356,343.4075150548373,347.5006103515625,64150
2016-10-13,345.84498851480004,347.86856084584565,333.0597671597856,337.1528625488281,77873
2016-10-14,340.2342191571198,347.5926235858008,335.22132298213205,337.33685302734375,84370
2016-10-17,338.94642867992144,351.3637333941112,334.8073271085248,341.8898010253906,121004
2016-10-18,343.0855780022884,366.67845462891177,341.1999982520248,360.2858581542969,265397
2016-10-19,362.3094280228674,363.13724289697734,355.0430093522147,356.46868896484375,87236
2016-10-20,356.92851992585173,371.92128269705364,356.92851992585173,360.69970703125,146003
2016-10-21,362.3553889281449,362.9532535908264,349.5241617617533,353.29534912109375,75417
2016-10-24,356.65260721020854,363.2291744951041,354.12315609524256,356.60662841796875,117616
2016-10-25,357.5724659269787,357.8024160658385,348.6503893111846,350.2600402832031,58481
2016-10-26,351.7316947897626,355.3189110156382,343.08557596916745,344.373291015625,74339
2016-10-27,345.38497884276694,348.6042795776529,338.57846290302297,346.3047790527344,53079
2016-10-28,348.55838025488913,375.27857121772666,343.0855565299315,365.1607666015625,527343
2016-11-01,375.37056193437525,380.5674287614519,369.7597736848427,374.4047546386719,197990
2016-11-02,371.00153395160595,371.00153395160595,352.7434885768327,360.1938781738281,215338
2016-11-03,358.7220811560228,365.71256835153974,345.70691382553076,347.9144287109375,96953
2016-11-04,352.1915909968636,354.26114203466585,342.02780712813444,349.89208984375,204197
2016-11-07,355.8707532184283,360.3317905727837,352.55946631261406,354.5830383300781,81199
2016-11-08,354.16914885416287,358.5842078164419,350.5359539514394,352.5135192871094,49339
2016-11-09,291.6687673408964,362.40142579751,291.53080286895005,358.5842590332031,153210
2016-11-10,370.67958379019535,374.17481429517176,358.7221778614794,360.6077575683594,103668
2016-11-11,355.9168149986819,358.63020963388567,344.92518778651805,348.0985107421875,89025
2016-11-15,338.4865792104119,338.4865792104119,296.26774247182556,303.1202392578125,210652
2016-11-16,317.2851360308088,317.2851360308088,290.3349694374314,299.3490295410156,142214
2016-11-17,302.56834331422766,308.6390033076818,295.3479047867701,297.3254699707031,79927
2016-11-18,296.22171141947274,300.2228488251879,292.49653097937164,294.3821105957031,93250
2016-11-21,297.83135816169704,304.45393226683257,259.01579814072323,274.4224548339844,241568
2016-11-22,275.0203539841384,293.8302857438631,271.3411519241499,283.89642333984375,160798
2016-11-23,288.8173473114916,305.37375575609934,279.6193426200428,295.7158508300781,127539
2016-11-24,295.2558476485329,307.2132495782243,287.25357512909494,296.5895690917969,146394
2016-11-25,300.59082087487036,344.8792416349629,297.69345463722254,335.773193359375,661815
2016-11-28,333.8875453788375,342.7176348375832,309.19089901159333,312.4562072753906,505635
2016-11-29,314.5716993479181,323.4937733937116,297.0954938285893,299.532958984375,698883
2016-11-30,302.3384549022469,313.60601174742214,290.8869267172795,297.7854309082031,645303
2016-12-01,300.0849277401574,301.8325431612555,288.2195063262877,289.46124267578125,282719
2016-12-02,286.0578939597978,289.73709516828393,279.6652706320221,282.14874267578125,292064
2016-12-05,284.8622229580604,293.04844170438355,279.6653277339129,286.747802734375,282576
2016-12-06,287.8055571008319,291.3927732656199,285.1381413921476,285.7820129394531,183924
2016-12-07,290.88687071510043,294.9339867805989,280.76906651631435,282.93060302734375,322389
2016-12-08,285.828011656241,294.15219513613647,280.63114433105346,281.8268737792969,382437
2016-12-09,283.75848837244797,292.0366938679165,280.99908654062517,285.04620361328125,436109
2016-12-12,284.1723897373043,286.057969627393,277.73378591932436,279.2054443359375,190497
2016-12-13,280.4471510023423,282.3327587629338,275.94013442081865,277.8257141113281,151307
2016-12-14,277.7797196308156,280.30917072016905,274.8363471351721,276.0321044921875,204829
2016-12-15,273.3186607828318,286.97770121425674,273.3186607828318,279.9872131347656,365270
2016-12-16,281.82684575800823,282.3787316292804,276.8599290567212,278.14764404296875,100543
2016-12-19,279.6193181818182,292.4045379715103,275.0203162380383,288.357421875,407649
2016-12-20,292.58845713560106,294.33607194878186,257.54406295518413,279.52728271484375,502372
2016-12-21,282.9765676778066,283.2985034093329,271.61702791734524,274.0085144042969,141537
2016-12-22,275.7101788888032,275.7101788888032,258.78585659104647,261.0853576660156,269138
2016-12-23,262.14313548999826,263.4768574073665,248.25414269738883,251.10552978515625,406705
2016-12-26,250.18569650484721,256.5323133389323,240.2058570412814,248.39207458496094,292816
2016-12-27,252.85317945784774,262.60307143694973,248.34616212951462,259.8896484375,281634
2016-12-28,262.8789051094848,289.5531128554188,262.6029762573851,281.1829528808594,738181
2016-12-29,280.30924317081565,298.1533698538082,278.8375565426117,292.2206726074219,567936
2016-12-30,293.37035804223456,296.3137025728317,285.27609742540915,286.3338623046875,232435
2017-01-02,295.2558919417516,305.0977662345075,287.1616606492609,302.0624084472656,519993
2017-01-03,303.9940540908888,316.41136038507034,302.6143533915353,304.8218688964844,578781
2017-01-04,306.9833995635251,312.5481810466813,301.8785183044341,305.3737487792969,374218
2017-01-05,308.133128729939,314.3877601149326,306.29352796140205,308.4090576171875,257582
2017-01-06,309.7888020214213,319.12479969863455,309.5128730951354,316.411376953125,425758
2017-01-09,318.1589374759585,319.95255939790593,309.0529195670176,314.93963623046875,185742
2017-01-10,315.8594372798253,317.14715216683265,311.07649226092946,313.7898864746094,80795
2017-01-11,316.31929605286825,318.1588965278138,310.5705445686635,312.3641662597656,128674
2017-01-12,312.7321088473975,315.3535453738104,305.37370628628224,306.7074279785156,92455
2017-01-13,305.4196596633409,311.5823325235717,300.7746796611305,307.9951171875,97126
2017-01-16,307.995191952351,321.0103629448372,304.08603996806573,312.3182373046875,74767
2017-01-17,313.00805895205525,316.31934594323354,304.4539266224181,309.328857421875,65890
2017-01-18,309.83477185814843,317.23915388606173,309.0989146925278,310.38665771484375,95500
2017-01-19,312.73220924546956,314.20389584417154,303.2582741345975,305.23583984375,118216
2017-01-20,304.36196526886454,308.59305298037646,300.7747491045696,301.6945495605469,75316
2017-01-23,301.69455325317483,306.8914202790377,300.03892364018435,304.3619689941406,53627
2017-01-24,303.5801236818655,320.0905527909243,303.5801236818655,309.7427978515625,192033
2017-01-25,311.6283858041526,317.14718858512396,310.2486851089097,313.9278869628906,131790
2017-01-27,313.88191905963873,317.9750424922593,308.5930662110148,310.15673828125,101960
2017-01-30,310.84654424929107,316.08938948216917,308.13312194739416,310.34063720703125,91838
2017-01-31,311.81233802156714,312.042288123353,304.45393476442104,309.0069580078125,84479
2017-02-01,308.1331261293745,331.1281355420144,305.41970379065106,325.5633544921875,418994
2017-02-02,328.3227879513164,332.96776908202435,319.4466909879533,331.22015380859375,267928
2017-02-03,331.9559948693022,338.4865840339744,327.6329493609185,330.3463439941406,173284
2017-02-06,333.3357115767354,336.6469991496009,331.7260606245173,334.66943359375,112293
2017-02-07,336.1870683863159,337.93468364763186,330.39233671193085,334.439453125,102909
2017-02-08,336.04907848034634,347.1326619643418,332.0479411653079,343.9133605957031,195400
2017-02-09,352.1915746287187,364.1489800691876,350.4899382404819,357.4344482421875,516515
2017-02-10,360.4698011209055,360.4698011209055,302.29242098315655,318.89483642578125,910844
2017-02-13,320.0905331256843,320.91834785595887,303.62611189214357,309.328857421875,264418
2017-02-14,311.81235154228636,330.6682607063479,310.89255109525897,321.97613525390625,451973
2017-02-15,321.654185428753,321.654185428753,309.1448953734167,312.8240966796875,142487
2017-02-16,311.90432042633586,326.06924093473117,307.2133327847679,322.71197509765625,277149
2017-02-17,325.14947723399416,341.062014679647,323.1259049029486,337.1528625488281,437151
2017-02-20,336.6929486489966,344.6952239145386,316.77927421564885,340.5561218261719,168570
2017-02-21,334.3474501738895,347.59257050899026,334.3474501738895,339.9122314453125,168731
2017-02-22,338.9398798204143,342.5515286252634,332.08700265662685,334.8188781738281,72883
2017-02-23,335.2356688281785,342.5515797055997,332.1333441411881,337.7823486328125,85122
2017-02-27,341.71808875582326,341.90331311656735,332.22591962371706,333.5687255859375,51538
2017-02-28,333.5687050205433,335.6523517747384,324.6784732170572,326.4842834472656,47143
2017-03-01,326.9010156897992,332.04066624670423,322.2706896885272,324.30804443359375,65573
2017-03-02,328.7531664192332,331.16094174103625,316.80693024949227,320.4185791015625,64860
2017-03-03,323.15046898423833,326.252764854167,314.86217398225716,319.90924072265625,62876
2017-03-06,319.44619817871757,326.8083994728634,318.1960045215934,320.1407470703125,53436
2017-03-07,321.0204912995023,322.7337175470557,317.64035902048806,317.73297119140625,40969
2017-03-08,317.73298435947504,321.25202091007554,313.79720715310464,315.83453369140625,59307
2017-03-09,319.399873815231,319.399873815231,313.010029747781,314.2602233886719,35423
2017-03-10,313.0101116002743,319.02953682335647,312.3155625360725,317.5941467285156,45402
2017-03-14,323.24301644881325,335.2355709689199,322.17804722091626,332.54998779296875,171835
2017-03-15,335.6060263005421,336.76360781252055,325.97495377313476,327.7807922363281,80992
2017-03-16,330.0033576507622,332.272200557608,326.90103340949486,327.2714538574219,32798
2017-03-17,327.8270837878695,348.20051837355635,327.8270837878695,342.2273864746094,448138
2017-03-20,338.5231575429294,340.6994166401061,330.6053105691018,332.272216796875,57893
2017-03-21,334.5410635071755,335.7912572168261,326.9936375536617,329.58660888671875,57217
2017-03-22,327.178862367808,328.1049276768154,322.5022438618288,325.7897644042969,38267
2017-03-23,325.51191917050807,329.5866004154104,322.733723558811,323.9839172363281,63174
2017-03-24,326.9010277024608,327.9659970696344,320.41857106246863,321.0205078125,78399
2017-03-27,320.41863013312275,324.0765997874177,320.0945015891149,320.650146484375,39738
2017-03-28,325.0488972338916,327.7808009795384,317.64037535961484,321.0205078125,58611
2017-03-29,325.9749530254012,325.9749530254012,319.4924965731915,321.9465637207031,72928
2017-03-30,320.88157457031485,341.7180404515041,320.88157457031485,322.4095764160156,60630
2017-03-31,326.66950259412556,328.19750453728045,320.09443395556934,322.64111328125,99896
2017-04-03,324.122835759063,333.337196251578,319.58512171068975,326.9010314941406,75996
2017-04-05,329.5866714245168,347.6449467911845,327.4104120742278,343.3850402832031,168366
2017-04-06,339.8659474677388,358.38725250685263,339.8659474677388,352.3678283691406,286720
2017-04-07,349.9600621735145,352.3215455842473,335.69866257433455,337.689697265625,101504
2017-04-10,339.1251041740039,343.19978560155846,333.3834883479485,334.8188781738281,73436
2017-04-11,337.55080265956735,345.28345358536706,331.5313781951306,335.0504150390625,94838
2017-04-12,337.7359756410963,339.77330203925993,330.23484218208034,336.5320739746094,66177
2017-04-13,338.8010059861935,344.4963021025705,333.5224223107586,339.9585876464844,84782
2017-04-17,337.13403547618265,338.01380874866584,331.2072236599665,333.7076110839844,68794
2017-04-18,333.4761009831244,337.0877497929379,327.82709732609896,329.3088073730469,56643
2017-04-19,327.5493149399606,336.94887228431327,327.502994717205,332.3648376464844,51776
2017-04-20,337.08777000845686,337.55080265956735,332.5963476404308,335.0504150390625,30815
2017-04-21,337.874934081414,340.6994219730383,335.6986749501726,338.5231628417969,53191
2017-04-24,336.2079410306528,345.3760086145119,336.2079410306528,340.60675048828125,70186
2017-04-25,339.86596355849747,350.3768103180783,333.3835064878994,344.3110656738281,96801
2017-04-26,342.6903922485977,346.25574867420414,336.16164434475513,337.4581298828125,46283
2017-04-27,340.60679824509697,344.2184754415064,331.5313698171792,342.5052490234375,54046
2017-04-28,346.3020766337591,346.3020766337591,337.22662114183004,339.5881042480469,27697
2017-05-02,341.3013247553375,342.55151845176624,335.513417143415,336.76361083984375,33858
2017-05-03,338.10642667602,343.2923977014128,336.20797596659196,338.2453308105469,76842
2017-05-04,341.71809545636455,389.8734910220311,334.5410893864816,375.6120910644531,1505026
2017-05-05,379.03850372952945,392.28125404809583,371.6299815690792,375.4731750488281,753046
2017-05-08,375.05636903624736,386.63218289539077,363.7120714542868,371.3058166503906,274253
2017-05-09,372.0004302861171,385.24315234341424,368.5739774824011,375.4731750488281,199257
2017-05-10,377.74204301430933,383.29843500254026,374.5934265398994,377.1401062011719,134784
2017-05-11,379.5941237925399,380.5201890022125,366.1198862963107,371.0743408203125,134875
2017-05-12,367.23112056981154,377.3252532215172,363.9436006218809,371.12060546875,123088
2017-05-15,370.4261393476893,377.69575798464206,369.5463659622299,371.028076171875,85926
2017-05-16,373.1580046402226,377.8346228588454,366.3977113430948,371.6299743652344,94660
2017-05-17,374.084048080406,374.084048080406,363.0175576585035,366.2124938964844,36492
2017-05-18,365.7031759061366,365.7957880870202,353.0160984406398,353.8958435058594,57234
2017-05-19,356.4888883505986,359.9153133864844,329.3088631080004,343.3850402832031,102701
2017-05-22,343.3849878567199,349.1266037858219,331.5313638072261,337.2729797363281,79909
2017-05-23,342.18111326315415,342.597853934288,318.56644915433026,330.74420166015625,85927
2017-05-24,330.60530177053425,337.9212117597012,319.5388104767888,329.40142822265625,49134
2017-05-25,333.38354527673647,342.3663909956467,325.5119893465913,338.1990966796875,123244
2017-05-26,339.86592388596966,361.0728110320507,326.48427061919523,351.39544677734375,449961
2017-05-29,351.9048313454719,358.43358072776743,335.3282673106632,350.00640869140625,143153
2017-05-30,346.3483706947222,354.68295715529035,338.93984939643934,341.6717529296875,67129
2017-05-31,341.4402795061448,349.682254832992,340.79202250665156,344.2184753417969,67967
2017-06-01,344.49623709261897,350.05262801346765,342.92191502720556,345.42230224609375,34592
2017-06-02,346.3483947811711,349.12659046123395,344.49626432779587,345.37603759765625,33896
2017-06-05,345.70012046118575,357.4148675996284,344.63515115621817,352.4140930175781,64312
2017-06-06,352.83084097000767,354.26623072456516,342.5515116044548,349.4043884277344,136598
2017-06-07,348.2005271860279,353.7569185772943,342.7367479702029,344.0332336425781,61443
2017-06-08,344.6351233700134,350.9786749951334,344.033186703673,346.2557373046875,50839
2017-06-09,344.63521130580483,351.90482989134074,344.63521130580483,346.20953369140625,48070
2017-06-12,345.42229817671586,349.2654628661072,340.8845846304008,342.9682312011719,49161
2017-06-13,343.80168835842136,349.1265629929289,342.6441069161371,347.1355285644531,78067
2017-06-14,345.4685874298759,353.9883979794063,343.662777372744,351.85845947265625,89298
2017-06-15,354.68301365185016,354.68301365185016,347.8764279725958,350.56201171875,43651
2017-06-16,355.60906060760794,356.53512586960693,351.0250262562054,353.1086730957031,73159
2017-06-19,353.7570057979378,355.60913671834584,345.4224166561015,351.5344543457031,46036
2017-06-20,347.7374666494003,352.9697291371448,346.57988520249813,348.5246276855469,37243
2017-06-21,351.7658430027111,352.83081224305533,345.3759992993812,347.691162109375,38010
2017-06-22,348.2005245877297,351.7195611380985,336.94883775662976,339.54180908203125,41548
2017-06-23,341.0235017467855,347.2744416973375,336.3005636874484,341.0697937011719,61643
2017-06-27,342.6441414418617,349.12659817184283,329.6792279818993,335.513427734375,73857
2017-06-28,333.383483857066,339.7733283120728,325.1415089361866,336.8099365234375,42199
2017-06-29,335.2356282135294,339.6344382522429,332.0406917230088,333.892822265625,32940
2017-06-30,330.6978974880188,345.4223289127427,325.9749591884328,341.2550354003906,79619
2017-07-03,342.36636534429505,354.3126025027339,338.98620426558585,351.34918212890625,58983
2017-07-04,351.2565268914024,353.6180101608432,344.12584164908975,347.0892333984375,39549
2017-07-05,346.81142856698733,369.8704471372116,346.81142856698733,363.6195068359375,237744
2017-07-06,369.12964354280376,382.18717025440753,357.64643918541714,362.6471862792969,301578
2017-07-07,362.5545423923049,366.72183598302104,356.535118316826,357.83160400390625,87263
2017-07-10,355.60903737170145,360.2393633791455,350.0526461627686,355.2386169433594,5654
2017-07-11,359.9615464142927,365.7957457380126,352.0436721763682,356.8592224121094,52307
2017-07-12,361.07283672095326,361.07283672095326,351.90479636270493,353.0623779296875,29689
2017-07-13,357.4612325369614,357.4612325369614,347.0429971327106,348.38580322265625,43490
2017-07-14,348.20053729580826,353.75692884840095,342.69043770164626,351.7195739746094,89716
2017-07-17,351.9047902620904,356.53511644974947,347.1818518984245,354.03472900390625,50275
2017-07-18,350.3305082475865,361.9063250448405,350.052699948961,357.92425537109375,48060
2017-07-19,359.3132717926179,365.33269516027775,354.9144624085588,361.1191101074219,48644
2017-07-20,363.0175494637955,364.7770676482289,357.4611584005741,361.67474365234375,32600
2017-07-21,361.16543318874153,364.82340208580115,356.5351071222192,358.3872375488281,31697
2017-07-24,358.3872592877693,398.2080658752992,356.7203531072176,386.8174743652344,499847
2017-07-25,388.9474028791974,416.2663276052363,386.2618193210948,413.534423828125,977752
2017-07-26,413.53438385201576,424.87868200601287,403.81069972001825,407.2371520996094,338702
2017-07-27,408.9079252794349,411.1819678086501,376.8394558246319,386.1212158203125,178248
2017-07-28,386.12117656375824,387.2813964452599,375.91124160654346,378.4173278808594,72999
2017-07-31,379.9952565357663,390.7621040219351,377.7676397551724,385.9355773925781,97921
2017-08-01,388.7665177322568,388.7665177322568,371.27039471612284,375.9576721191406,31221
2017-08-02,378.6494174126657,391.3654118483835,375.91128683262355,385.6571350097656,98832
2017-08-03,386.63168056131167,394.47477866744305,381.4803153701626,384.49688720703125,174047
2017-08-04,387.6990890057682,389.833882268873,382.8725629426431,386.7244873046875,54052
2017-08-07,388.8593726240049,391.59747501233034,371.27042491345577,385.42510986328125,43226
2017-08-08,388.1168147787667,390.76212222141214,382.4549351336994,385.42510986328125,64816
2017-08-09,382.54769298693793,389.2769682877448,362.1278231086276,370.52783203125,80404
2017-08-10,366.6294811733128,372.1985365835403,318.4107317494871,325.4648742675781,173514
2017-08-11,316.972072485081,343.42508585499263,293.3964100942258,335.0715026855469,174121
2017-08-14,335.30356956001907,343.33228604490097,333.2151736250431,335.3963928222656,45651
2017-08-16,335.2107451098111,348.9477664288237,335.11792184789346,346.1632385253906,85016
2017-08-17,350.85049631219164,356.41955180921053,346.7201021549635,352.70684814453125,92133
2017-08-18,349.6902379718603,353.6349851818946,345.2814028547632,351.5929870605469,46116
2017-08-21,351.5930447489802,356.79083582605926,334.70025915557665,341.4295349121094,54934
2017-08-22,348.0196496707336,351.6859283719335,338.0417563191936,342.7290344238281,76124
2017-08-23,343.0074359003804,348.5764920047883,338.78424635147815,344.4925231933594,50258
2017-08-24,345.09582336574545,347.1378218835692,340.176501926011,344.5389404296875,50215
2017-08-28,344.5853280711625,350.8505158542746,343.42510811132695,344.86376953125,36160
2017-08-29,344.35329798710035,344.7709885197841,340.96546123268746,343.79638671875,23750
2017-08-30,345.3278091894311,347.13776340375955,342.49688421386975,343.51788330078125,31872
2017-08-31,343.65715520451295,353.4494004236189,341.5687592579629,345.1422424316406,58974
2017-09-01,347.9267349965905,351.77865924135324,342.68254692897284,344.4460754394531,61195
2017-09-04,344.4461131547124,350.8505217759624,342.49693792415377,347.27703857421875,56017
2017-09-05,348.01954897832695,348.90129904723636,343.9819783344765,346.2095947265625,34670
2017-09-06,345.9775893486445,348.2980292503792,344.3532814174302,346.02398681640625,31642
2017-09-07,347.3698442099366,350.47923926212246,341.9864351088996,344.6317138671875,54071
2017-09-08,347.64829195415984,347.64829195415984,342.7289707322835,343.8891906738281,30009
2017-09-11,343.56431855107934,348.0659775255461,332.05494255937094,335.3035583496094,114190
2017-09-12,338.6449590400908,345.2814105947192,335.07147641046674,341.9399719238281,80064
2017-09-13,344.16761761830054,352.61402410175396,330.33780216333497,347.97314453125,117135
2017-09-14,348.01958870704226,357.2549225448075,345.2350608176429,347.6018981933594,66847
2017-09-15,347.1378338697988,349.73671541341656,338.78424963229025,340.176513671875,73984
2017-09-18,340.73338419101304,352.47480385508504,338.9234298258034,348.11236572265625,53364
2017-09-19,348.06600550821,389.3698381618509,346.67374148617716,372.7554931640625,511947
2017-09-20,375.9112750590706,401.90020271747545,372.1985711078699,377.3963623046875,523801
2017-09-21,378.23169163980253,380.5521314658136,362.03501032397276,369.1819763183594,87868
2017-09-22,367.8361040271299,371.0847197317751,353.8670678274278,355.8626403808594,78194
2017-09-25,353.170949250623,356.88365305352045,337.7168253361986,342.311279296875,107795
2017-09-26,345.23507240370384,349.7367033154279,341.568765896014,347.8339538574219,50019
2017-09-27,349.45827676823984,353.12458343247,334.4218136885756,339.01629638671875,49493
2017-09-28,339.0162693586766,343.51792842939716,332.47264017155413,334.8394775390625,52493
2017-09-29,336.974228212238,348.1123383196891,336.7421842516661,345.2350158691406,55411
2017-10-03,348.0659823366476,349.5046437333662,339.4803547723436,340.59417724609375,38520
2017-10-04,343.285871483711,347.1377959068459,339.71238850776894,340.77978515625,53059
2017-10-05,340.87260126976037,348.8549197216084,339.7123813879708,341.2438659667969,100277
2017-10-06,342.07925687679,347.1378274574461,338.7378459040569,340.9190368652344,72414
2017-10-09,343.28590360089765,356.88367650750314,336.9278922554581,339.2019348144531,278524
2017-10-10,343.42513147817374,347.9731883650451,341.5687794161296,342.0328674316406,117077
2017-10-11,343.42505816732864,368.9498935716571,343.3786607059558,351.12890625,404796
2017-10-12,358.1830942564418,364.4947077262401,355.07369915171665,358.09027099609375,127891
2017-10-13,358.92570744804357,365.60855834000677,354.795312492933,356.9765319824219,88758
2017-10-16,357.81186098482556,363.84500520376554,355.3985976321126,356.3731994628906,54380
2017-10-17,357.90463630038204,359.900208840292,350.8504937243852,353.8670654296875,57709
2017-10-18,352.938936630977,359.2041248551956,349.968761994407,351.6394958496094,39102
2017-10-19,348.57646198259454,355.0272960782099,348.29802053162945,352.5212097167969,11263
2017-10-23,355.30577312042533,358.2759477480927,346.2096593524315,354.65606689453125,78306
2017-10-24,355.30576854371225,358.92567767633,351.0361815192535,357.25494384765625,50108
2017-10-25,361.57094716035635,361.57094716035635,342.35772107848226,352.4284362792969,65143
2017-10-26,354.2383602696355,356.93006497056945,348.06599561257576,349.1333923339844,52012
2017-10-27,349.9223453505209,355.30575471794805,348.4836839081329,350.4328308105469,29437
2017-10-30,354.0527294070062,354.51681738456125,350.015158337141,351.91790771484375,47843
2017-10-31,361.9886435954955,380.0880757752702,356.41958754018015,370.7599182128906,491228
2017-11-01,374.0548980192376,379.6703510388817,366.6294906143892,367.32562255859375,162422
2017-11-02,369.83173464014556,374.98310005568675,361.6637689306513,366.49029541015625,64170
2017-11-03,368.3930346707013,384.2648493298989,366.1654180208819,374.5653991699219,244754
2017-11-06,374.7046235276377,379.5311212298421,367.74330425223457,369.2283630371094,103800
2017-11-07,373.49802106583394,373.49802106583394,364.6339514933223,366.3046569824219,85732
2017-11-08,368.48590652870433,368.48590652870433,354.5632652240933,357.9975280761719,53059
2017-11-09,359.6217680746571,362.63833978563724,349.0405400279052,350.8504943847656,65849
2017-11-10,348.0659627025912,350.61844642907687,334.14332419448755,336.2317199707031,162255
2017-11-13,338.7842487300871,344.39970234451755,337.0207199497797,339.8980712890625,60188
2017-11-14,343.1466684017733,347.1378137536951,338.3201420139622,343.42510986328125,52465
2017-11-15,345.65271777581535,345.65271777581535,337.06709024673694,338.8770446777344,27902
2017-11-16,339.2019245233067,342.40411467118855,338.69141073693726,339.3875427246094,46169
2017-11-17,343.1930820817763,343.88921409411256,338.7842460036467,341.05828857421875,38834
2017-11-20,342.86821123351893,347.1378265297705,338.92346320477156,340.6405944824219,44658
2017-11-21,341.56877313712613,349.7831365258053,339.712421109207,342.775390625,66825
2017-11-22,345.23508546484936,348.06601102423934,342.5897781159282,345.18865966796875,29912
2017-11-23,345.42061728353355,347.1377481735919,338.78416599829154,339.8515625,51623
2017-11-24,340.5477788701873,344.35330624858346,338.7842500828382,340.31573486328125,47938
2017-11-27,340.68699111330494,341.70799038336725,338.50580016332907,339.06268310546875,51661
2017-11-28,341.4759151755326,341.4759151755326,337.85603475401865,338.9234313964844,38647
2017-11-29,339.6195420322474,347.973124785121,338.87701267337485,344.77093505859375,92736
2017-11-30,341.8471854069035,345.28144769543724,334.14333647945534,341.1974792480469,51878
2017-12-01,341.6151697843858,344.5853443521731,337.9488915334902,339.2019348144531,47855
2017-12-04,341.4759269396224,342.4969261515521,335.767650502233,339.1554870605469,31444
2017-12-05,340.5477559531632,347.13781097095693,338.923448014128,341.2903137207031,47034
2017-12-06,343.10024664215996,343.3322906380394,335.02513258096633,336.092529296875,14646
2017-12-07,338.7377826477804,339.71235594522074,334.6537863092076,335.7676086425781,50314
2017-12-08,338.4129184949256,343.4250623889803,336.9278314789185,337.90240478515625,30876
2017-12-11,339.71235685104807,369.41398367955503,337.9952258848893,352.9852600097656,199772
2017-12-12,355.95542471720887,366.6294465796545,348.3907974972199,351.5929870605469,81518
2017-12-13,352.38202214999836,357.95107829879544,341.5687771262209,343.3323059082031,39661
2017-12-14,343.5179036801959,346.441652078144,338.78420096054265,340.5477294921875,25081
2017-12-15,343.42511618881906,347.2306434117237,336.9742817301341,338.0881042480469,46657
2017-12-18,337.85607874828145,352.70689539655757,334.1433745862124,350.4792785644531,79686
2017-12-19,352.706886313921,359.62180896798077,348.06600623084313,352.38201904296875,102294
2017-12-20,353.6350042352726,355.49135596354176,349.45821284666704,352.6604309082031,46230
2017-12-21,352.7068579472695,354.93447454285274,349.1798006980695,351.0825500488281,32466
2017-12-22,353.72783559089413,360.59633147771456,349.31900013524637,352.47479248046875,65898
2017-12-26,352.70681040491587,357.7189541507975,348.9012838906746,350.0151062011719,32096
2017-12-27,350.01517837178585,357.34776317173134,349.0870023635476,353.40301513671875,47531
2017-12-28,353.727816228789,355.3985214007862,349.4118042630641,352.5675964355469,31609
2017-12-29,354.6560915755649,354.6560915755649,345.83841867279324,347.3699035644531,46703
2018-01-01,353.4957965790768,364.40186338553286,349.0869610615733,357.7654113769531,154839
2018-01-02,361.06047678127686,367.69692975106574,357.30137517848084,362.9632263183594,81430
2018-01-03,360.17867684995866,365.8405559795957,360.17867684995866,364.35546875,47859
2018-01-04,361.19966318262965,419.53552696695425,361.19966318262965,409.1863708496094,1221768
2018-01-05,412.3421880643506,438.0990720683702,409.3256160638798,419.2571105957031,844216
2018-01-08,423.24819596004573,432.06586670921337,417.6791407500452,424.1299743652344,350170
2018-01-09,427.42499369482806,427.70343512917805,413.0382675226894,415.7763977050781,133425
2018-01-10,413.1311500704993,419.5355589108601,394.75324797235646,404.73114013671875,178443
2018-01-11,405.61291127639004,423.24825524492877,402.1786487522433,414.3841857910156,177680
2018-01-12,417.6791874027457,419.5355393467579,403.75654782265417,406.26263427734375,118674
2018-01-15,408.0725465118549,416.3797325083031,405.612885935051,407.33001708984375,62756
2018-01-16,407.05152561832045,410.2537437721535,389.09134479019684,400.97198486328125,127062
2018-01-17,400.6935097571672,414.0128100116723,387.931092329857,408.1653137207031,246447
2018-01-18,411.5531952690029,422.2272182972902,403.2460378206575,411.8316650390625,319852
2018-01-19,413.9664800262023,424.1300181642935,404.26702987020326,413.73443603515625,148303
2018-01-22,416.75102236952836,424.8725623377541,413.2239649136008,416.1012878417969,97110
2018-01-23,416.75100349553264,421.25266253918426,411.22834523697816,417.6327819824219,70690
2018-01-24,412.2493573038727,425.011777073824,409.3720060906016,422.8769836425781,139840
2018-01-25,425.0582152651989,449.23718900426655,416.7510286423878,431.2769775390625,460192
2018-01-29,438.74878401644366,441.8117533289979,420.88139693328566,431.69464111328125,161105
2018-01-30,425.10458572954894,435.3145211946691,419.62835328157547,431.555419921875,125017
2018-01-31,431.55544453367054,431.55544453367054,396.33115383987644,416.51898193359375,91512
2018-02-01,418.6073823438298,437.1709026251526,413.0847237298627,433.1333312988281,199176
2018-02-02,426.96089196081607,426.96089196081607,397.25926469397666,403.06036376953125,131246
2018-02-05,382.4549305100312,395.40299775262724,379.6240048845646,388.02398681640625,73602
2018-02-06,371.2703322937834,380.5056931398626,344.3532332024841,370.9454650878906,97100
2018-02-07,373.5908363151777,393.9178848495501,373.5908363151777,390.2980041503906,49123
2018-02-08,394.2891216962617,430.6736292945195,389.83388858555645,423.4338684082031,203954
2018-02-09,399.11565250297576,410.253763735617,396.3775221613455,405.4736633300781,172428
2018-02-12,408.39740916348853,415.8228166028247,406.9587478023897,413.0846862792969,83726
2018-02-14,417.67917944986567,422.3200592215308,413.177520406214,417.6327819824219,100418
2018-02-15,422.32006145693646,423.24823741618246,407.6548926311224,415.03387451171875,51708
2018-02-16,417.67918512855016,418.9786258171469,401.9001936903605,407.56207275390625,42181
2018-02-19,412.574220440799,418.1432762847693,397.35214013241676,403.2460632324219,68320
2018-02-20,402.87480381123345,409.83612419727496,396.3311739786285,397.49139404296875,13874
2018-02-21,401.0648164469934,403.5244769437918,385.1930027180531,386.7244873046875,22892
2018-02-22,392.8874157131313,394.0546391703896,377.2466213858706,380.1880187988281,29500
2018-02-23,382.94276356003786,389.1057104978036,381.82221739074487,383.08282470703125,27375
2018-02-26,389.2457258082491,399.6573544599154,383.783113745386,396.76263427734375,37763
2018-02-27,394.0546259578888,398.676842092317,392.60728031808407,394.7082824707031,46154
2018-02-28,397.2295239134878,397.3229074994255,388.2652411001833,396.85601806640625,107169
2018-03-01,390.36624254945303,413.1971471643188,390.36624254945303,411.142822265625,102049
2018-03-05,408.9951086277004,415.48488259477483,399.6573207594881,406.1470947265625,49935
2018-03-06,406.1471281424428,419.6402156241573,405.3067043678239,411.142822265625,65296
2018-03-07,410.8627054534534,410.909382998587,396.38913287497945,401.57159423828125,35468
2018-03-08,406.05373476545543,406.10041230884457,392.1871132753159,394.848388671875,14535
2018-03-09,402.87890348514713,402.87890348514713,387.7983519887812,389.6192321777344,19475
2018-03-12,392.3271339802875,394.0546303577292,379.1141704389527,384.3900146484375,35988
2018-03-13,385.41718572364687,391.5801312794939,385.1370634924719,388.1718444824219,30746
2018-03-14,384.90366509579917,392.093745361863,384.0165637626036,387.19140625,26440
2018-03-15,390.0861140277262,405.63352615858184,387.4715446501457,399.9374694824219,35942
2018-03-16,401.33814287903044,401.38484892006113,384.2966786734279,391.2066650390625,78240
2018-03-19,391.2066141481055,391.2066141481055,377.43337774625746,385.9774475097656,21335
2018-03-20,381.0284477920042,392.00034926361405,381.0284477920042,386.2109375,16708
2018-03-21,390.6930890326813,393.86793161749836,379.06755873724785,382.3357849121094,28180
2018-03-22,383.1760977789441,394.0546140065698,382.5691473192622,392.2337341308594,39557
2018-03-23,381.82210635660203,394.89500821227114,381.77542882006907,392.70062255859375,30916
2018-03-26,387.05128460001885,400.96458201417255,385.5105553908114,394.3347473144531,34430
2018-03-27,399.5172580688026,410.7692810070579,388.6387409444728,406.3338317871094,49127
2018-03-28,396.90273929590836,414.784629346043,396.90273929590836,410.909423828125,53672
2018-04-02,411.79647206848927,414.13091918905894,402.69212829826756,407.17425537109375,8766
2018-04-03,401.5248934940035,416.18523239931227,401.5248934940035,405.7268981933594,19270
2018-04-04,409.4620654121942,413.57068705108935,405.7269496501673,409.8355712890625,17835
2018-04-05,410.90934791801385,443.54492824775224,410.8626703768652,440.0899353027344,194109
2018-04-06,439.62312692658594,439.62312692658594,429.53832546647686,431.2191162109375,38677
2018-04-09,433.0866061447962,443.54494034744533,431.45249320667403,434.5806579589844,47659
2018-04-10,437.94227589574353,480.8961025294412,435.14093937615456,473.89276123046875,696377
2018-04-11,476.60072376740266,483.6507712483859,469.97088817149,476.3672790527344,254359
2018-04-12,473.51927335582576,474.3596686442474,462.3139268524184,465.3953857421875,65739
2018-04-13,467.6831044778806,492.47494801607314,458.67214501156957,475.20001220703125,183135
2018-04-16,473.79936992293847,498.9646921489821,470.43776045490125,491.2610168457031,226699
2018-04-17,490.2338101547561,501.4391543868648,485.56491672471077,497.33050537109375,105357
2018-04-18,500.50552071159154,592.5761030302293,498.2644284185302,549.2954711914062,1414579
2018-04-19,553.1705865608848,569.6050707220896,529.4525821302046,547.5211791992188,376815
2018-04-20,548.9686010610471,555.084841044634,532.9542712094127,539.677490234375,127853
2018-04-23,543.3659449204115,546.2606366076635,532.2539536177235,538.9771728515625,125474
2018-04-24,542.9923128152443,546.2605382578124,536.9227512790463,540.93798828125,121952
2018-04-25,541.5917760615182,546.2606706827381,532.7675538287439,537.5765380859375,123080
2018-04-26,536.2691326556179,546.2605768270179,535.1019092008593,544.2529296875,144786
2018-04-27,544.4397081868615,564.7493967229823,542.0119061476933,546.5407104492188,138377
2018-04-30,552.7969791597551,555.3181929971561,533.6545161989866,537.7164306640625,67736
2018-05-02,539.2572671076612,546.2606082389294,534.5883730201489,537.3897094726562,46519
2018-05-03,539.6775029073291,559.3335364887762,534.1215072981302,547.2410888671875,99095
2018-05-04,547.2410471547157,550.7427176087302,525.3439231836117,537.9032592773438,33280
2018-05-07,538.790300718662,545.3267515072766,536.9227433504865,538.4635009765625,32935
2018-05-08,541.5917137320617,545.3268289991794,530.8999348812702,537.2029418945312,52848
2018-05-09,540.3311351267439,545.6536287877178,536.5492853241185,537.2029418945312,49562
2018-05-10,538.136639897001,543.0856554840497,513.578272102406,517.2200317382812,37639
2018-05-11,522.8227037940861,522.8227037940861,496.44345618172974,501.1590270996094,28249
2018-05-14,501.4392235951188,511.897557720537,459.6059440867816,465.5821228027344,75593
2018-05-15,458.48539442713735,462.17383211498407,442.19094283956287,445.0856628417969,66341
2018-05-16,435.14094985895974,447.2800750696174,429.53827668481,440.3701171875,41682
2018-05-17,451.01519530257775,456.6178685361502,436.07473334638473,445.2724609375,40603
2018-05-18,439.62305184807866,445.31910828191764,425.709753294276,430.14520263671875,27328
2018-05-21,429.44487870195195,429.44487870195195,393.12088787332306,411.09613037109375,99950
2018-05-22,402.0384969189271,429.5382971225034,402.0384969189271,423.7021789550781,42784
2018-05-23,423.09523502624006,429.5383038851836,399.1438113893679,406.8941650390625,40571
2018-05-24,404.3262617068402,423.8889409640726,404.1862005718648,419.4534912109375,54044
2018-05-25,449.14764076961984,484.351115904285,437.2886376084276,464.36822509765625,893060
2018-05-28,460.3529390957815,461.2867178769088,445.03897278462637,451.15521240234375,81322
2018-05-29,450.9685491984249,474.17293299457333,444.47877418507915,458.9056701660156,90117
2018-05-30,450.36155401980943,466.32917897822705,449.7546034315176,452.27581787109375,50090
2018-05-31,451.94900196771016,457.55167554582226,434.20720230368846,439.99664306640625,33235
2018-06-01,437.0085116643286,465.7688894948516,437.0085116643286,452.4158630371094,137526
2018-06-04,465.7222506502886,465.7222506502886,424.44920972030593,428.8379821777344,113405
2018-06-05,424.9160438928628,424.9160438928628,394.10134259713595,397.64971923828125,86465
2018-06-06,396.85599630512564,410.8626785276595,395.0818222562716,407.0341796875,63895
2018-06-07,408.99513821609776,438.45584967295036,408.99513821609776,435.0008850097656,109528
2018-06-08,435.0008734528883,435.5144404104825,423.655466372989,426.2233581542969,34366
2018-06-11,428.60453600596185,436.54165704310924,426.5502109270902,429.11810302734375,23077
2018-06-12,433.18000243957414,433.18000243957414,421.4610892809162,428.417724609375,31855
2018-06-13,429.0713564668812,434.20713984134875,422.7216720571155,425.6163635253906,13056
2018-06-14,425.8965410044533,436.07472481361714,422.44154784602034,427.57733154296875,42372
2018-06-15,428.4644595603552,431.49924102499136,420.66739994418646,422.9551696777344,20412
2018-06-18,420.43391645440175,427.6240248140883,408.9951258345985,411.9365234375,27882
2018-06-19,406.47391278313614,414.9246282818845,405.5401339543243,411.5630187988281,30211
2018-06-20,408.06140832375195,415.5316400550792,408.06140832375195,411.3763122558594,14928
2018-06-21,411.2829183671389,414.5511444413577,400.87126107622043,408.52825927734375,16763
2018-06-22,407.6878551958352,418.5663731947016,400.3110079152736,412.8236389160156,38591
2018-06-25,408.06131982505156,415.0179830147859,406.42720698822353,410.62921142578125,32116
2018-06-26,410.9560529592465,415.53156335074146,402.8788720900768,411.98321533203125,39703
2018-06-27,411.79647632502986,411.79647632502986,402.8788996309446,405.40008544921875,16028
2018-06-28,405.4001024391936,410.1157029671154,401.5249257159205,404.79315185546875,14957
2018-06-29,408.06139993130233,415.344864320881,403.4858887893017,408.3415222167969,21534
2018-07-02,406.19376235685996,408.9484211094408,400.124200390608,402.73876953125,42557
2018-07-03,400.591116399641,426.6435399486756,400.4510552750587,411.9365234375,121297
2018-07-04,411.7497941395016,415.53158707261855,403.4858456410832,407.9212951660156,48434
2018-07-05,407.0809110009158,418.05281275645297,403.57924022787205,409.2752685546875,25366
2018-07-06,409.18189870523565,411.8898516393776,402.4586796648354,409.04180908203125,23960
2018-07-09,411.469650174972,433.92704892230313,409.4620313193762,425.70977783203125,63473
2018-07-10,424.8693475784925,449.14759601154924,419.17329128524966,435.2809753417969,135610
2018-07-11,438.4091371458351,438.4091371458351,424.16901075291923,429.6316223144531,54186
2018-07-12,430.9856405422176,434.11380556123964,420.387272808671,424.4491882324219,42583
2018-07-13,424.9160090098135,428.604446472898,412.26331833939975,413.337158203125,14329
2018-07-16,415.0646848765086,419.2666895602978,401.5248920065212,414.084228515625,29686
2018-07-17,410.53585108178197,416.97891921797594,408.90173815248147,413.710693359375,14783
2018-07-18,414.5977999924667,416.8855695217231,408.06134819078363,411.5630187988281,16439
2018-07-19,413.76238323415873,424.89961410297815,410.6738887260439,413.2008361816406,16994
2018-07-20,410.62712529442905,418.90986618360233,410.62712529442905,414.9322814941406,66406
2018-07-23,414.2302944401814,424.9931690908157,412.7328452982346,417.693115234375,20125
2018-07-24,416.4764934899474,436.4580118674332,416.4764934899474,431.5445251464844,38788
2018-07-25,427.7541257602106,437.0663648732111,425.5547782508177,428.1285095214844,19117
2018-07-26,430.46824887135205,434.91378453364604,425.8355213355314,426.7246398925781,11838
2018-07-27,425.8823300054878,453.9126153029053,424.1041213485542,450.2157897949219,109863
2018-07-30,450.16899218841957,467.0620167492803,447.36128537643356,459.5747985839844,94745
2018-07-31,459.71520397654973,464.16073973514466,437.6279048110262,440.85675048828125,54261
2018-08-01,441.74583519308726,452.97666151155556,439.8740308066759,443.19647216796875,26085
2018-08-02,443.1964796632968,443.5240511487524,434.3054086774772,435.8964538574219,26042
2018-08-03,435.2880982241505,448.2971324729726,435.2880982241505,444.1791687011719,22643
2018-08-06,438.9381598149977,447.080520899267,437.34711454886263,440.57598876953125,17028
2018-08-07,440.5759870384143,443.6176693705967,434.7265979380636,437.72149658203125,24612
2018-08-08,442.3074148370435,454.2869523688599,438.1894505955735,451.198486328125,39488
2018-08-09,445.5362151658904,477.4037010884148,439.87401848025286,444.6471252441406,309102
2018-08-10,445.48950264796906,445.48950264796906,416.57012678080497,419.0970458984375,56144
2018-08-13,411.93735683857204,416.75724756416747,402.5783346290783,407.4918212890625,44732
2018-08-14,406.1815968641444,407.1174991610664,402.43798767645643,404.9649353027344,33651
2018-08-16,401.0341193735007,411.6566157623157,397.8520573941497,403.7014465332031,88375
2018-08-17,406.13478480874875,410.8142959665338,402.43795956951084,405.2924499511719,59287
2018-08-20,407.1174705390159,415.44699468372716,400.28539567639723,407.7726135253906,114839
2018-08-21,406.930335787071,411.65665985454126,396.9629813388225,402.2508239746094,131489
2018-08-23,402.25078397055125,415.86817912744124,402.25078397055125,411.8905944824219,41960
2018-08-24,416.94447340243937,445.442709776757,416.94447340243937,436.8791809082031,302641
2018-08-27,439.87403610893256,443.3836693757591,416.47648099675524,420.03289794921875,60175
2018-08-28,423.3085844051042,428.08169168434824,421.1560206132249,422.4662780761719,30546
2018-08-29,425.1336066009737,425.7419373648284,413.6688037812446,414.55792236328125,32490
2018-08-30,414.55791004503595,420.2201071917398,410.90786844742405,413.5284118652344,24554
2018-08-31,413.6688374059691,418.3015654485663,402.5783888808674,412.311767578125,31459
2018-09-03,405.8072056302724,415.91493811508093,405.8072056302724,409.7847900390625,18477
2018-09-04,409.7848207090522,411.2354578244774,402.57836169858956,404.54376220703125,20344
2018-09-05,402.718759781004,408.28739004982555,397.992464455446,403.4674987792969,40790
2018-09-06,403.6078556605748,412.4989272635324,402.57835744688555,409.4572448730469,22236
2018-09-07,407.1174403652235,433.27591721097826,406.1815382034644,413.0604248046875,52362
2018-09-10,413.0604723917344,416.2893180849054,403.3270945003893,406.6495361328125,25147
2018-09-11,406.1815999495038,409.92520916562825,400.84694539193777,402.71875,20052
2018-09-12,402.7655395870548,405.15207890344647,386.7148216884457,400.6597595214844,25551
2018-09-14,404.3097611534404,410.72069710624595,404.3097611534404,407.53863525390625,16059
2018-09-17,407.1642502465194,410.6738835789332,397.99241989573216,399.6770324707031,19985
2018-09-18,399.63025856356853,405.1988883451898,394.20203696785507,395.1847229003906,20333
2018-09-19,396.82253366750433,407.39821712603674,391.20712045522833,401.5020446777344,30293
2018-09-21,404.3098122519037,405.2457145950794,363.08332545960315,398.83477783203125,56077
2018-09-24,394.99753719789004,403.8886086631514,379.6019621659776,387.837890625,21672
2018-09-25,387.83794266794445,393.92130817101287,382.5033162098305,392.4238586425781,23801
2018-09-26,409.9252151662673,409.9252151662673,389.3821478674785,395.1379699707031,18172
2018-09-27,394.95077392099546,397.66488490152307,387.4635554580382,394.8103942871094,16820
2018-09-28,393.1725235191137,395.7930382784327,383.8135014337336,388.68017578125,33754
2018-10-01,384.000685675571,384.000685675571,369.68139252879075,374.548095703125,23440
2018-10-03,376.2327595110107,378.900087025809,369.11989565870675,371.132080078125,16486
2018-10-04,365.001900113432,366.4057535754067,352.975549743554,357.7486572265625,26966
2018-10-05,357.7486417228662,357.7486417228662,329.9055492669989,335.2869873046875,40294
2018-10-08,335.0530127675652,341.5107327203442,299.16115498924836,314.1824035644531,37411
2018-10-09,313.5272752174223,330.09275760125996,313.5272752174223,323.4478454589844,24393
2018-10-10,320.3125799980234,360.322405549274,320.3125799980234,356.6255798339844,50944
2018-10-11,350.8697346754367,355.642841684016,333.6023559463442,344.17803955078125,19051
2018-10-12,349.9806614842426,355.64285873156496,338.7966180548066,340.2940673828125,33951
2018-10-15,335.98888751319174,352.6011514501253,330.4202580365056,340.94915771484375,26666
2018-10-16,346.2838769684724,356.57880304050803,341.6043651175471,354.4262390136719,23600
2018-10-17,356.5787614469194,366.49933112597813,349.0915433587951,353.49029541015625,43725
2018-10-19,346.4242329774135,397.2437453482588,295.0432020719449,360.2756042480469,520771
2018-10-22,367.4820103862178,388.3994312514514,346.5178058333732,350.40179443359375,162405
2018-10-23,350.96338361078534,357.5147001048534,342.5402624041265,346.0498962402344,39718
2018-10-24,346.42417331425065,355.2684600104863,341.1831155891283,349.74664306640625,30129
2018-10-25,348.857563151295,351.94602914695986,341.6043207249434,350.4486083984375,21778
2018-10-26,354.519766515145,364.5339321740393,345.81588687627095,356.3915710449219,38348
2018-10-29,351.1505738568943,371.27247442271135,351.1505738568943,364.5339660644531,169852
2018-10-30,365.0018817960592,368.6987071516587,350.54218043878103,353.49029541015625,37749
2018-10-31,354.6601804520854,357.42107504137016,348.2492441214026,351.5716857910156,23572
2018-11-01,360.13520696710026,360.13520696710026,351.0569714574158,353.25634765625,22435
2018-11-02,353.817810845104,359.3864402898068,347.3600914584402,351.1972961425781,29068
2018-11-05,348.24924492108937,353.30311153270674,346.84539149778055,348.9979553222656,13809
2018-11-06,349.044759206567,352.83515193405555,343.0549618948497,345.5351257324219,22920
2018-11-07,352.8351248235806,353.20947998643135,341.5575148844433,345.9094543457031,18446
2018-11-09,342.4466267527347,349.13832211211314,342.4466267527347,345.25433349609375,11675
2018-11-12,346.2838744910227,346.2838744910227,333.18124140217316,335.661376953125,46230
2018-11-13,332.57289335734265,345.81590540268843,332.57289335734265,334.11712646484375,39665
2018-11-14,334.1171234183965,337.8607326443729,327.84656654029726,331.1690368652344,50606
2018-11-15,331.30941523463844,351.8056699563514,330.3735129317157,346.98577880859375,66922
2018-11-16,349.09159805884235,359.105765245442,346.98581764159735,350.3550720214844,57440
2018-11-19,351.4780996456107,355.5492803896062,348.1556578834088,352.3204345703125,39999
2018-11-20,349.5127248295962,350.9633619678079,337.86072978767635,338.93701171875,41927
2018-11-21,339.63893661559354,348.81079622922834,338.60943838039856,341.3235778808594,50770
2018-11-22,337.4864008439227,345.11399945864616,336.08254728680276,338.6094665527344,36837
2018-11-26,338.70302289425223,340.01328034871466,329.4375962130542,332.4792785644531,29304
2018-11-27,330.420284149822,333.18120726381545,327.65938959729914,330.0459289550781,16696
2018-11-28,329.39081700054516,334.5850632004676,325.6939915909447,327.5190124511719,22419
2018-11-29,327.51899444029385,330.4202684830993,320.920866629714,326.0683288574219,14909
2018-11-30,322.979825137791,329.7183032192934,321.2016168341223,322.745849609375,24570
2018-12-03,322.9331015738625,328.68892400263996,320.4061823099473,322.5587463378906,17805
2018-12-04,321.99718646087484,325.4600365198956,314.46318409974094,316.10101318359375,27072
2018-12-05,314.4631894886279,315.8670430131307,305.3381415793597,308.66058349609375,38400
2018-12-06,308.84777909785447,309.9240611005978,299.4887554888286,306.3208312988281,75588
2018-12-07,308.613821104265,311.6087202545067,301.64133669339213,307.81829833984375,32892
2018-12-10,298.5527776148966,313.5272116018507,291.3931320771774,304.9169006347656,22146
2018-12-11,304.1214794591141,316.33499367801016,301.03298457330294,311.1407470703125,25463
2018-12-12,316.0541838915445,317.9259882887429,313.19966504893574,314.8374938964844,10282
2018-12-13,314.50989898237606,329.71830857652316,314.46311530051906,323.2605895996094,39078
2018-12-14,321.622841962513,324.6645246482198,312.68498580294875,314.32281494140625,49679
2018-12-17,321.9503824921982,331.6837604366449,319.1426756681383,327.5190124511719,30144
2018-12-18,329.34397382349044,329.7183289859178,320.12533157119265,327.5657653808594,14542
2018-12-19,332.19854932168033,335.7081831211284,327.5190375890829,329.8119812011719,38184
2018-12-20,329.8119679735745,330.841466225751,322.8862965993892,328.5953063964844,10443
2018-12-21,329.43760033619833,333.78954019652724,317.0836788990026,319.5638427734375,32793
2018-12-24,320.17219925316084,327.3786302024058,310.71957981750245,313.8548583984375,13443
2018-12-26,313.52727529396225,321.8568001790298,307.53750619467047,318.2535705566406,13801
2018-12-27,320.54654806794287,321.9504015631309,315.8202527253987,318.7215270996094,6441
2018-12-28,318.86191852184743,321.0144823432928,317.27087321975586,319.8446044921875,7028
2018-12-31,321.9036339462117,321.9036339462117,316.33500337929433,317.4112854003906,5479
2019-01-01,317.45803938312986,324.7580651580608,315.77339827712905,322.93304443359375,13710
2019-01-02,320.031811355026,324.66451072539707,319.1426927219741,323.8689880371094,17995
2019-01-03,322.88628384504085,326.6298929330993,321.9035978840138,324.8984680175781,12274
2019-01-04,321.20169192712535,326.3023425021848,321.20169192712535,324.10296630859375,4949
2019-01-07,323.9158114718749,337.8607508789612,321.0145084528634,327.47222900390625,27810
2019-01-08,326.3491525896012,338.32869094107235,324.29015604725197,326.53631591796875,17950
2019-01-09,328.87607984375677,333.1812363629889,324.7581152189807,327.2382507324219,9170
2019-01-10,327.23821824385993,327.5657897458999,323.4478255299598,324.4305114746094,4463
2019-01-11,323.2606361159603,327.5657922405589,320.07857413220324,321.9035949707031,11265
2019-01-14,326.62989670517317,328.4081053302424,319.1426784425904,322.5119323730469,18794
2019-01-15,325.366411980618,325.4600079180502,318.1599817818595,321.5760192871094,19681
2019-01-16,319.7509718513566,322.51189468765966,314.8842976862294,316.6625061035156,10609
2019-01-17,316.4285750351249,322.69910334178803,310.06442222419497,312.5445861816406,15607
2019-01-18,316.80292134557436,316.80292134557436,307.9118496977665,309.1753234863281,19404
2019-01-21,309.78364285918616,312.59134959204886,304.448988642159,305.5252990722656,22344
2019-01-22,306.97595085978526,307.3971183145167,297.6169279677186,301.64129638671875,29132
2019-01-23,302.1092498717478,307.4439043861416,302.1092498717478,304.3554382324219,20679
2019-01-24,301.8284726855911,306.0400327695761,296.68101036072056,297.6636962890625,20215
2019-01-25,297.52331760694983,299.4887180313243,293.873304568237,295.0431823730469,34752
2019-01-28,294.80919742605806,298.552806282262,287.32197971365025,294.20086669921875,12952
2019-01-29,292.7970219253926,296.6810105147907,288.72584146313227,292.3758544921875,14978
2019-01-30,294.7624095308648,301.36050862111864,291.06558441356486,293.873291015625,14973
2019-01-31,292.04831494375736,304.1682617199571,286.38611718863655,300.37786865234375,21582
2019-02-01,316.28816084882214,319.1426511426662,287.321976248676,296.58740234375,20256
2019-02-04,292.04832841527326,299.9099313146204,292.04832841527326,296.3534851074219,11151
2019-02-05,296.119481090954,301.36053966702264,290.1764957920585,293.92010498046875,15526
2019-02-06,289.1938429477299,296.07273133208247,282.17457491501796,294.060546875,17103
2019-02-07,292.001500541222,302.2496415521125,289.5681489910845,292.5162353515625,13740
2019-02-08,291.34639473102277,293.82655884686517,280.77070943361275,282.455322265625,46412
2019-02-11,280.95786312091906,284.0463290800684,271.598840745958,281.7065734863281,35011
2019-02-12,279.6475938375673,289.19380865463904,279.6475938375673,285.77777099609375,26939
2019-02-14,283.7187869251315,291.9079323500943,277.962993281595,289.5213928222656,33203
2019-02-15,290.1296977189154,290.1296977189154,285.4501864653845,287.3219909667969,19608
2019-02-18,290.03610972109414,290.03610972109414,286.62007212479887,288.0707092285156,17627
2019-02-19,289.1469772462659,294.5751982274593,287.93028732878,292.2822265625,18215
2019-02-20,293.7797545294436,293.8265667858315,289.0534588841997,291.0656433105469,15107
2019-02-21,290.1764951995806,310.2983945462009,288.67907437645107,296.4470520019531,24404
2019-02-22,294.90282894767,302.2964516186172,294.80923300267625,299.909912109375,18577
2019-02-25,300.33105224340284,304.91696795205854,297.6637248883108,300.05029296875,19613
2019-02-26,298.74002404976125,301.31375536153826,290.97201786278777,296.4470520019531,11341
2019-02-27,299.5355310136845,302.62402585732104,292.00152863846694,300.1438903808594,23160
2019-02-28,301.17332651478915,301.45411432097416,298.5995953795086,299.9566650390625,12929
2019-03-01,303.1855497748432,314.46316062875655,301.3605289358917,311.4214782714844,25310
2019-03-05,319.1426777815243,324.33692401584346,315.6798279176643,319.8446044921875,88295
2019-03-06,320.45288321299756,326.62984297583677,320.07852807374263,323.2605895996094,37431
2019-03-07,324.758087933886,324.758087933886,320.07857658037176,322.1843566894531,9240
2019-03-08,323.8689668749701,326.20872253383124,320.1253578207923,321.9035949707031,13482
2019-03-11,320.0786020390684,333.1812348710771,320.0786020390684,327.1446533203125,24682
2019-03-12,326.5830830316731,331.8241124851196,320.21893095589485,325.1792297363281,26461
2019-03-13,325.13242479206406,327.33180071646274,322.8862651813571,323.2138366699219,16301
2019-03-14,322.0440126722146,323.91581742060123,318.20680722572723,322.6991271972656,17088
2019-03-15,322.6523339951143,325.64723292886777,316.5689687421245,319.1427001953125,29849
2019-03-18,320.2189821816238,327.7062009545344,317.27089550208484,319.1427001953125,15582
2019-03-19,320.5933045463314,323.82217873577036,315.91379329292437,321.622802734375,13905
2019-03-20,318.3939602817491,321.99716113363127,315.39906162511244,316.52215576171875,9031
2019-03-22,316.3349564392817,319.0958794659284,310.5323511391804,313.2464904785156,11258
2019-03-25,316.1009509766459,316.1009509766459,305.52526811245076,308.0989990234375,20079
2019-03-26,306.4143981933594,308.3797986771925,304.9637610960974,306.4143981933594,13102
2019-03-27,308.80099328574573,334.21073649762263,305.1041675609547,319.3766784667969,45290
2019-03-28,319.23631237900594,327.5658379752239,318.20681403307464,325.97479248046875,18264
2019-04-01,323.7754169812074,325.6940053004864,320.0785914159953,323.4478454589844,12091
2019-04-02,324.1965171818976,333.1811840367555,318.4407243497361,328.0337219238281,26958
2019-04-03,330.3734786323879,330.3734786323879,319.18943584899864,322.8862609863281,16198
2019-04-04,324.7580796847486,325.4600063699462,315.86700833891257,316.2413635253906,13790
2019-04-05,324.85169956630756,350.40182136619165,321.06127804996953,344.7864074707031,220852
2019-04-08,347.78130147837237,362.00699934591455,345.347949778479,346.98577880859375,218827
2019-04-09,348.0620104667259,348.38958193772515,336.924780383025,340.1068420410156,36274
2019-04-10,336.92481107171216,346.28383360148194,332.24529980682723,334.7722473144531,36290
2019-04-11,334.772246389096,344.41202814352516,334.772246389096,342.6338195800781,47572
2019-04-12,343.00815216102967,346.2838098215033,337.20554716646046,343.38250732421875,21287
2019-04-15,350.0274661599567,351.7120789040522,333.1812244731139,336.83123779296875,52667
2019-04-16,338.7497880225004,343.5228660454073,335.1465591028526,336.3164367675781,18143
2019-04-18,340.6684249781438,340.6684249781438,319.42343210574273,322.09075927734375,48000
2019-04-22,322.09074689094393,322.09074689094393,308.84773604262233,310.5323486328125,26611
2019-04-23,309.78364735358224,315.2118690246158,306.69518132721316,308.61376953125,26251
2019-04-24,308.8477485720851,310.67276942005384,302.67078788834925,306.2740173339844,19659
2019-04-25,307.8182618091594,318.11318714432514,307.8182618091594,309.87725830078125,29687
2019-04-26,311.65540920306074,317.5983934391961,309.73682126168245,312.8252868652344,33847
2019-04-30,311.9362027870195,321.014465870331,303.700274562456,313.1996765136719,54924
2019-05-02,317.22406072262356,317.9259873695435,311.655431232471,312.170166015625,11101
2019-05-03,309.31569743263026,316.33496439403643,302.53040603660435,313.9952087402344,25082
2019-05-06,313.5272770176044,313.5272770176044,306.50800962168785,310.34521484375,12832
2019-05-07,310.345235102531,310.9067822431555,301.8285177272351,304.2150573730469,18805
2019-05-08,306.50798717494513,306.50798717494513,295.8387072267983,297.8041076660156,23623
2019-05-09,293.87332263649114,299.34835681191754,288.8662396117598,291.2528076171875,25376
2019-05-10,292.0014624734527,295.60469136049846,288.25785398020327,289.1937561035156,17887
2019-05-13,287.321996134473,294.809214274785,287.134804256377,287.83673095703125,18699
2019-05-14,292.1418816386503,297.9912707014195,284.56106770100746,292.6098327636719,32143
2019-05-15,292.09513505382205,296.0259078664233,288.2579296289344,290.4573059082031,16962
2019-05-16,289.52138921299576,313.24651880356004,289.42779326843987,291.86114501953125,64128
2019-05-17,289.28743469486307,298.552862651049,289.28743469486307,296.4938659667969,8939
2019-05-20,310.62595763888606,310.62595763888606,278.7116845259434,290.5040588378906,47351
2019-05-21,292.9373899982273,294.43483923766854,282.64246574908833,288.725830078125,34222
2019-05-22,293.87330873550906,295.651517311742,287.3219929356729,290.12969970703125,30628
2019-05-23,294.8092500229737,294.8092500229737,287.32203097477117,288.1175537109375,22700
2019-05-24,291.7207428343795,306.97593808922556,288.25789308378495,303.0919494628906,158697
2019-05-27,303.23233913722635,317.2708733565424,299.4887300120754,314.6035461425781,81263
2019-05-28,316.6157428944357,322.3247527490477,313.5272766682625,315.5862731933594,63616
2019-05-29,315.58626011497137,322.79269053122033,313.5740473645956,317.1304931640625,26518
2019-05-30,319.70417119089217,322.2779020312497,315.3990157092735,317.8323669433594,24756
2019-05-31,319.1426774845567,320.54653090457674,310.71955696443644,311.8894348144531,17433
2019-06-03,322.7926460086437,322.7926460086437,310.39194251400056,313.3868408203125,9155
2019-06-04,315.4926754487383,316.33498181820835,311.93622952218294,312.778564453125,9098
2019-06-06,313.5272638044765,318.1131792642478,308.56699314499406,311.8894348144531,15308
2019-06-07,311.6086201658978,313.5739917553998,306.97589327872095,309.83038330078125,17869
2019-06-10,313.5272746111737,313.5272746111737,304.21503517947696,304.87017822265625,7754
2019-06-11,307.0695622424771,307.0695622424771,304.16825928774557,305.618896484375,9757
2019-06-12,306.7419650223264,307.7246509685192,302.29642929736514,303.3727111816406,9074
2019-06-13,303.23235745330715,312.9657360543286,302.3432388077901,308.2862243652344,19226
2019-06-14,310.76631111866845,310.76631111866845,305.10411428731027,306.7887268066406,17212
2019-06-17,301.360554688696,306.8355891119498,299.4887500011886,300.37786865234375,12933
2019-06-18,300.42459827851764,301.82845154150135,295.7450874019052,298.4591979980469,8339
2019-06-19,301.36053563823674,301.36053563823674,291.065610507738,293.5457458496094,19981
2019-06-20,293.6393086834412,303.1387100887155,287.9302996788162,301.0797424316406,12150
2019-06-21,300.14384838832467,306.0400208517059,297.61690101175066,301.78167724609375,14155
2019-06-24,304.7765773560075,308.84775806092307,298.13166533391757,299.1143798828125,5410
2019-06-25,299.11439922290924,299.11439922290924,293.07781759136293,295.51116943359375,8584
2019-06-26,294.80917608343213,299.4419031321871,292.5162044004187,295.0899353027344,12699
2019-06-27,297.5701207636978,299.20794964038737,295.7451000193704,296.9617614746094,4794
2019-06-28,299.4419513991108,302.76439312942,297.19576303676325,299.1143798828125,19914
2019-07-01,306.0400762422496,306.6016233788421,301.6413236606614,303.88751220703125,10699
2019-07-02,304.3086114757663,312.73173174238957,302.57718659755534,305.8060607910156,30750
2019-07-03,307.4439030518696,312.59136566004395,305.1041473208812,307.0227355957031,20898
2019-07-04,307.9118600902194,308.2394316111204,305.38491242780816,307.3971252441406,5511
2019-07-05,313.5272181499621,313.5272181499621,299.7226615299265,302.7175598144531,35701
2019-07-08,304.168263940113,306.9759709918678,297.6169474860182,300.7054138183594,15142
2019-07-09,299.67588325509706,305.1041043621059,295.18353574724085,303.1855163574219,13229
2019-07-10,301.31372710723394,303.6534826258133,295.9322894145015,296.6809997558594,9217
2019-07-11,298.693217881292,298.92719345985506,293.21818363062226,294.3880615234375,5120
2019-07-12,295.51111748612755,302.2028124548341,293.63931309983377,298.88037109375,8067
2019-07-15,300.5181904497544,304.07460724691254,287.22836830180415,295.5578918457031,13780
2019-07-16,293.9200801359096,296.44702754907655,292.65663499079517,294.34124755859375,8945
2019-07-17,295.1835678909054,304.0746393849777,293.9200941241905,298.2252502441406,1140919
2019-07-18,305.0105481341949,329.4376034181165,302.53041279802886,309.3157043457031,558440
2019-07-19,309.7836318326506,317.2708495204488,301.87524672532624,304.5893859863281,125676
2019-07-22,305.1041519791465,305.1041519791465,299.02078698569727,302.0624694824219,42287
2019-07-23,302.06243375782003,308.3797735807953,299.0207516208319,301.5476989746094,38370
2019-07-24,299.48874732150455,303.8406874687256,298.55284498612485,300.1438903808594,11752
2019-07-25,300.42464009342757,302.20284876174856,298.55283548225356,299.3483581542969,28782
2019-07-26,298.3656249731647,302.0156665863031,298.1784616606127,300.4714050292969,12846
2019-07-29,306.9091095942443,307.1475411676101,301.37750873432526,305.95538330078125,24370
2019-07-30,310.91470493797874,310.91470493797874,304.7154853609945,305.47845458984375,23731
2019-07-31,305.19239856234924,315.68338726293,303.28494607133456,312.5361022949219,32510
2019-08-01,314.39584795127496,316.6371104274923,308.05357430144585,309.72259521484375,15910
2019-08-02,309.81789152068626,311.77301814444365,305.1923146802326,307.5766296386719,15983
2019-08-05,309.29333729332745,316.6370393049119,303.3325496558103,309.5317687988281,10852
2019-08-06,309.5318077135727,309.9609961195954,305.24004007499366,305.8599853515625,15878
2019-08-07,305.4785068852353,309.86565346568784,303.2849481477167,305.81231689453125,57880
2019-08-08,306.14614020164055,308.0059181160602,304.1433091642848,305.95538330078125,48842
2019-08-09,309.9609951430664,316.78013121513146,309.00726900416464,311.5346374511719,32951
2019-08-13,307.09980132004307,319.59361893395925,307.09980132004307,311.15313720703125,399136
2019-08-14,316.351003927567,316.351003927567,310.9624274131702,313.5851745605469,12320
2019-08-16,313.77588685979293,314.82499139074065,307.6243418734169,312.6791076660156,22810
2019-08-19,312.8221710887253,313.48979102284767,306.28914126777175,307.4336242675781,12290
2019-08-20,306.19377609273005,308.76884840109744,301.6159021060913,303.714111328125,21618
2019-08-21,304.90624729995926,306.9090488354033,301.47282750212366,302.855712890625,12119
2019-08-22,302.8080456854119,304.19096021338396,297.84865817690354,300.4714050292969,10050
2019-08-23,297.6102337769806,305.52617829351726,288.83597065103993,302.9988098144531,52510
2019-08-26,305.1446747416096,305.24002406646997,297.5625406689388,303.6663818359375,20212
2019-08-27,308.81649983625977,308.81649983625977,302.8080370426178,305.1923522949219,16751
2019-08-28,307.9105651431226,307.9105651431226,302.0451537740855,303.42803955078125,9445
2019-08-29,302.1404052083485,304.238614189752,298.51625781000746,300.1376037597656,9444
2019-08-30,300.4237462045356,304.04789404039326,299.04083160365104,302.6650085449219,6150
2019-09-03,300.4237080668355,306.1460644109657,296.6088038374154,303.7617492675781,7914
2019-09-04,305.14466164913915,305.14466164913915,300.0898961157671,300.4237060546875,17268
2019-09-05,304.14330406672667,307.7674813843937,300.3761027339374,304.7155456542969,17096
2019-09-06,301.71130958196875,305.669267758381,299.04085857824043,300.3760986328125,22109
2019-09-09,305.14468615566506,306.81370687889876,299.5653824883443,300.9959716796875,30719
2019-09-11,301.2820947610996,322.26407074339784,300.28069391320065,312.9652404785156,48609
2019-09-12,320.4519740769655,342.29229625100976,320.4519740769655,324.50531005859375,144008
2019-09-13,326.174355707135,327.7003234262628,314.729641471797,321.97796630859375,64950
2019-09-16,322.3593847914375,341.43390460158173,320.92879580567666,333.89947509765625,335188
2019-09-17,334.7578781591612,339.5265089021692,325.2682913384104,326.9850158691406,64966
2019-09-18,329.22624710560154,329.9892163103982,320.4519557233925,322.59783935546875,27966
2019-09-19,322.59787579745256,327.8433697128583,313.8712871956329,316.8755187988281,23891
2019-09-20,316.63702786953024,338.57272558338326,309.9609459566185,313.2513122558594,119949
2019-09-23,319.498277322292,336.66534893960915,319.498277322292,333.2796325683594,127296
2019-09-24,334.757890694443,350.9712358277921,330.2276913189484,338.4774169921875,109441
2019-09-25,340.4802089743758,345.24883935216815,336.6653046721419,340.0987243652344,52987
2019-09-26,338.7635495038786,366.70771483059906,338.7635495038786,360.93768310546875,367867
2019-09-27,361.93910041071166,365.27714217998044,353.9278059855496,358.2195739746094,64280
2019-09-30,362.4159228580762,374.8143623242736,362.4159228580762,364.7525634765625,220578
2019-10-01,367.184523557168,368.9965972029917,346.25022544206985,354.92913818359375,183742
2019-10-03,356.50285368109326,364.8002835370429,341.1955593081754,342.7215270996094,117810
2019-10-04,344.29508463412975,352.40175560196934,343.72284321531833,346.01177978515625,83806
2019-10-07,347.8239069907037,369.0919865639838,342.3876567867447,358.45794677734375,132271
2019-10-09,360.0792798740056,369.0920032227726,354.8337862881522,360.1269836425781,106941
2019-10-10,360.5084793284529,365.27711000740067,351.35270260379076,355.64447021484375,43088
2019-10-11,357.50425134244676,365.2771136045953,355.7875268178724,357.93341064453125,59468
2019-10-14,360.60384349094323,375.7680826287365,359.55473896201437,366.0877685546875,93886
2019-10-15,366.23088362068967,367.23228455092374,338.00058052051173,345.72576904296875,139968
2019-10-16,347.7762399815899,365.27712091710833,346.01184075659967,360.4608154296875,151095
2019-10-17,359.9362279851387,360.8899540948531,357.2658065201028,357.79034423828125,80223
2019-10-18,357.64731914322215,363.0358662638974,356.9320245049357,358.0765075683594,61809
2019-10-22,357.64734085118704,368.6151926372901,357.64734085118704,361.74835205078125,105652
2019-10-23,363.32202890907797,367.23228327481604,357.79039916036317,359.6501770019531,45792
2019-10-24,364.27574425243284,364.27574425243284,357.9811453295623,359.2209777832031,27875
2019-10-25,358.0287512369975,397.1315190563402,358.0287512369975,378.39080810546875,677562
2019-10-27,381.4904897043642,395.2241415126384,381.39511126085523,386.54522705078125,117011
2019-10-29,387.2128398499132,403.9984269058691,385.7822505401229,395.8917541503906,329989
2019-10-30,396.5593040138788,403.6645751597409,385.3530222463018,387.97576904296875,126917
2019-10-31,395.6055987939525,401.1372279749664,389.83556717879225,390.646240234375,253449
2019-11-01,392.74437634207504,392.74437634207504,379.58296847432496,382.4918212890625,73504
2019-11-04,382.4441629812483,395.70094984205986,382.3964883188014,388.5480041503906,77784
2019-11-05,412.1050973304723,414.870897492674,383.39793285529873,386.1160583496094,559219
2019-11-06,385.30534953477354,385.7822125911284,373.86063618225546,375.57733154296875,135783
2019-11-07,376.9125635594748,391.0276980923515,368.4243780482636,381.0612487792969,212132
2019-11-08,388.16654551590455,390.0263231623841,376.7218316431998,379.8214416503906,117016
2019-11-11,378.5338997245462,384.11320347317184,372.2393013698252,377.2940673828125,48095
2019-11-13,381.49049346144096,396.75011319989864,378.00939852968827,381.1090087890625,382566
2019-11-14,379.91677946680545,381.49042163496784,368.94892984480015,370.6179504394531,97447
2019-11-15,371.9532240452491,377.38947511576845,370.99949782974846,373.4314880371094,97364
2019-11-18,375.4819896514704,379.8214319080671,373.8606435855927,377.5801696777344,49471
2019-11-19,377.6278785566754,384.2562577976985,374.8143747882375,379.3445739746094,53606
2019-11-20,381.39505589332856,381.39505589332856,364.3233647784568,372.5730895996094,98902
2019-11-21,372.716135114286,376.531039379961,367.5183455155496,370.57025146484375,53071
2019-11-22,370.33185730422474,370.9994772602257,365.27712028448957,367.4230041503906,40003
2019-11-25,367.13686281346787,368.1859382076396,363.4650116176372,366.94610595703125,40209
2019-11-26,369.0920122788375,376.62644288411906,364.32338162924015,368.04290771484375,82999
2019-11-27,367.3275861920674,380.53669794429845,367.3275861920674,378.3431396484375,103692
2019-11-28,384.256273375176,393.1259443418373,377.34175854724634,380.2506408691406,569279
2019-11-29,379.5830107483683,379.5830107483683,373.86065380241297,376.7218322753906,51675
2019-12-02,375.14821994385704,380.53676734457065,369.1397272067465,375.434326171875,46486
2019-12-03,376.7218696174935,381.91968933412886,374.8144171131011,377.4371643066406,81356
2019-12-04,375.7681348142707,385.8776386785802,372.1439867805629,382.92108154296875,51933
2019-12-05,384.30392752350485,386.0682974501971,377.29403516134374,378.3431396484375,63956
2019-12-06,381.8719424231137,384.06553001863284,366.0400826038953,371.0948486328125,66986
2019-12-09,376.7218201972107,389.88322910877145,376.7218201972107,383.01641845703125,133034
2019-12-10,385.25766775000477,389.50173140986743,365.51552593967045,374.8620300292969,115084
2019-12-11,377.58019131168794,377.58019131168794,369.18741251493344,372.23931884765625,45948
2019-12-12,372.09627117398355,380.53675386654226,372.09627117398355,375.291259765625,43643
2019-12-13,375.76814300611613,382.25346987268495,374.9097952010431,376.1496276855469,34649
2019-12-16,376.76948955625005,384.82848685877804,374.86203732894506,377.3894348144531,57904
2019-12-17,379.8691105015083,382.39650806070796,376.00653127075856,377.2940673828125,25831
2019-12-18,380.48902031290964,381.49042102593904,374.8143386579851,376.8171691894531,43638
2019-12-19,379.0584736504873,381.44278904870293,371.95320212163966,373.6222229003906,63667
2019-12-20,373.86065657620117,390.07400137669964,370.52261499962793,382.1103820800781,223182
2019-12-23,381.49043730938786,388.88181453225724,381.2996804485689,385.4483947753906,65491
2019-12-24,387.02206352300664,390.55086195203995,383.684021967861,386.25909423828125,82857
2019-12-26,388.071159955697,389.1202645291865,378.6292770051153,383.4932861328125,78959
2019-12-27,386.21141569159715,390.93234266604503,375.29123964304625,378.29547119140625,167183
2019-12-30,381.25203401983754,398.46677963610415,377.7232355712349,394.74725341796875,446467
2019-12-31,395.8917417869887,398.3714356676024,386.2591015808045,388.2619323730469,245942
2020-01-01,389.12030446971784,394.1273672110561,387.21285199682706,388.30963134765625,73389
2020-01-02,387.78504715856377,402.4724236212916,387.5942902919341,394.8902893066406,188657
2020-01-03,393.88890267377167,412.4865627273759,391.0277242039864,405.858154296875,366008
2020-01-06,404.0937889430676,405.2382428811913,392.45831805362604,394.22271728515625,148867
2020-01-07,398.65751844888496,406.668812041608,395.74866542294166,402.901611328125,110566
2020-01-08,400.5649533971659,427.2692836236436,397.70377515861475,417.49359130859375,847848
2020-01-09,422.5006899323135,442.05207626100974,419.6395114451872,438.3325500488281,707146
2020-01-10,443.4826532397946,446.3438316477933,423.45440438380393,427.6031188964844,327775
2020-01-13,425.9341324595734,433.08707905560715,420.5932598467853,421.6423645019531,130047
2020-01-14,430.1304844886682,432.2763682804631,424.4081277105484,426.0771484375,148225
2020-01-15,426.2679069046357,429.0337068700198,421.6423293372216,425.5526123046875,100242
2020-01-16,425.93406158072696,431.8471456528817,425.6002516407112,427.6507568359375,100138
2020-01-17,435.3760079678715,455.78574271746226,432.37177627504667,447.48834228515625,564452
2020-01-20,450.87401632242074,454.92735227032193,434.08843104650066,441.3844299316406,171215
2020-01-21,444.43636402654323,468.2795166030745,438.809385839564,463.8446960449219,411589
2020-01-22,462.79565800953065,471.99911040543265,450.15878532817817,455.5473327636719,244147
2020-01-23,456.7871349080802,462.55716626781316,453.01990510765205,454.4981689453125,87768
2020-01-24,453.4967990706411,470.33006034439927,453.0199359801357,455.7857360839844,319585
2020-01-27,456.5964119718251,461.6034744529783,448.29898250374873,453.4491271972656,128198
2020-01-28,457.31171540968097,460.6497571279998,450.1587688704263,453.1153259277344,100304
2020-01-29,454.1643840248937,462.55716212856726,453.59214253932254,455.308837890625,103916
2020-01-30,453.97364142131545,457.69316753624804,431.08421412276175,432.75323486328125,132871
2020-01-31,436.5204920132442,447.1068295157146,430.7027563904058,434.326904296875,101003
2020-02-03,432.9916669737618,446.343832915684,425.36185786409203,442.2904968261719,76705
2020-02-04,447.2498999429464,451.8754485922098,444.43639609375,447.05914306640625,123007
2020-02-05,446.34386139343457,480.964110795247,444.48408366212976,476.33856201171875,528614
2020-02-06,480.296502620326,482.44238649204624,455.8811069698935,458.1700439453125,482640
2020-02-07,457.78859531308103,460.55439558868125,443.10121703453603,444.7225341796875,144927
2020-02-10,444.4364294343942,465.418406789666,444.38875476438915,449.8726806640625,376003
2020-02-11,449.20497763112195,455.4041970676449,443.4826212281777,445.1516418457031,95406
2020-02-12,444.34102892246244,451.4939753928994,433.4208814408435,442.5766296386719,117699
2020-02-13,445.39010377775105,446.05772371251624,434.8991163226006,436.9019470214844,88229
2020-02-14,438.66636619293234,453.49679658417165,437.76031468377454,446.0100402832031,191172
2020-02-17,447.44059474828543,455.8810765685979,440.14459589206683,442.43353271484375,126508
2020-02-18,444.913222469598,459.3144922977346,435.5667183985745,447.63134765625,258665
2020-02-19,449.20498147709316,453.9736118537077,437.2834055355567,439.9538269042969,216407
2020-02-20,441.3367671311381,451.0170815399446,440.6214725328705,444.3887023925781,168926
2020-02-24,438.7140600454509,445.29476512504976,427.55545165865084,431.4180603027344,150256
2020-02-25,429.1768057871673,456.83486660456254,426.7924901994608,450.1587829589844,701327
2020-02-26,448.15591821848295,468.8994622658559,443.67342271517185,447.86981201171875,625205
2020-02-27,445.9146645912066,453.01993628671084,431.08423410861747,447.5360107421875,202681
2020-02-28,442.71969276407384,465.32298517284113,426.31559125698675,439.90618896484375,515034
2020-03-02,443.62571522748965,454.87970132101367,429.1767697986831,431.6564636230469,189043
2020-03-03,436.09129389987453,448.25130264175186,434.8991361800827,442.1474609375,262479
2020-03-04,442.2428449844171,451.11248688998285,431.13191161072416,435.1375732421875,267256
2020-03-05,438.90479823436385,442.19513608129216,431.08423194192477,433.3731689453125,166987
2020-03-06,429.1767260512054,433.46849331171745,417.73201335650657,426.6016540527344,183572
2020-03-09,418.6857915457699,423.4067477623123,386.25910153994715,402.18634033203125,262819
2020-03-11,402.4724252463252,412.0096865080865,387.4512387590512,394.3657531738281,199552
2020-03-12,377.7078627881173,377.7078627881173,338.96859480984887,345.6995544433594,423831
2020-03-13,320.08319600911716,391.8476945807007,291.51298638046677,352.57574462890625,289061
2020-03-16,322.50436573100797,379.69319113519765,300.2292894192567,373.4465026855469,319903
2020-03-17,379.6448110255431,381.43650800912803,349.1860509717436,356.64337158203125,149746
2020-03-18,357.36974786532517,364.8754810521985,320.5674432071074,322.9886474609375,129094
2020-03-19,309.9141541333453,377.70787535001455,280.9565562676542,342.0193176269531,327086
2020-03-20,342.01932286319317,372.13911109029834,334.41673524207226,355.9654541015625,216460
2020-03-23,339.4527927444356,339.4527927444356,291.0287138935889,294.8057861328125,257002
2020-03-24,322.5044020906501,328.3152922184096,301.1978049555321,316.6935119628906,81368
2020-03-25,316.4029956414682,337.80641840768084,308.0740467831409,331.8018493652344,109733
2020-03-26,329.28378169346956,398.04598316475295,329.28378169346956,356.1591491699219,262144
2020-03-27,372.2843783025811,372.86547326296557,339.0170243223912,342.2614440917969,98972
2020-03-30,329.28373499245504,342.8424770215561,301.6820101474992,329.09002685546875,156769
2020-03-31,334.2714619065407,372.8654646090348,331.22075037997377,360.56573486328125,303062
2020-04-01,365.8923675222377,369.96000240764454,343.4720225021322,346.66802978515625,159461
2020-04-03,341.8740947041629,351.99474190792006,335.33684218503237,338.3391418457031,176179
2020-04-07,358.33823337776704,364.1491236487579,350.1545510905018,357.90240478515625,128696
2020-04-08,363.1806724079267,397.0775351659999,362.2121906148389,371.6064758300781,221404
2020-04-09,386.4242190059827,424.7276604711308,380.0806753533594,407.537109375,606104
2020-04-13,407.73081420525136,425.5508723828885,393.83309526834694,395.8669128417969,211041
2020-04-15,400.0797941958759,405.696976205716,381.58178790652306,388.70013427734375,207576
2020-04-16,390.6371314535493,411.5079019677906,390.6371314535493,397.41650390625,210845
2020-04-17,420.22416932292055,426.95512840926847,404.8253174644813,408.9897766113281,346501
2020-04-20,412.57322954253976,414.5101930615188,401.9683424538423,403.2273864746094,111039
2020-04-21,397.0775008907539,411.3141938425382,388.3611655053471,393.1067199707031,121570
2020-04-22,394.1720607733865,400.8545787426765,389.2812399005734,396.98065185546875,120202
2020-04-23,412.5732283478295,425.1634911847351,404.8253742943491,406.85919189453125,420244
2020-04-24,403.711607863879,406.76231934784454,393.30042945199966,394.8500061035156,109470
2020-04-27,398.0459952824065,411.60473964725736,395.4795245816318,400.7093200683594,215508
2020-04-28,412.7669082700679,416.35027279111245,404.8253465865151,406.7138977050781,232950
2020-04-29,409.47405735864976,414.3164659345833,402.40415266007346,403.71160888671875,185246
2020-04-30,408.0213213744712,411.4110072662079,396.3027166504683,397.3196105957031,207978
2020-05-04,391.99293781026586,399.9829112183812,383.0344827769244,389.76544189453125,167299
2020-05-05,393.2035807185762,396.7869749267218,368.02305584497276,370.10528564453125,211410
2020-05-06,375.7709357180682,382.55030826968283,370.44428585608523,371.6064758300781,134992
2020-05-07,368.0230504814333,372.6233386124512,363.1806419224671,364.48809814453125,111607
2020-05-08,368.02304261482806,376.7393778346529,358.3382257039115,360.7594299316406,150805
2020-05-11,364.6333376002036,367.92616926632695,354.4642803762936,359.5003967285156,90919
2020-05-12,358.28980177524494,363.1806223337198,348.653397440371,354.9001159667969,102070
2020-05-13,368.0230777796682,371.89700491419103,356.0139095737911,356.9823913574219,123343
2020-05-14,352.5273728878072,353.9800955782789,348.6534457132159,349.04083251953125,83754
2020-05-15,351.4620259713798,356.4012888750857,342.84254418962047,353.25372314453125,122411
2020-05-18,377.5141364540964,377.5141364540964,355.52962066809494,357.9992370605469,473942
2020-05-19,362.2121819508835,362.2121819508835,342.8425465524405,345.9901123046875,103203
2020-05-20,347.5881001037104,353.49584479081005,346.7164724249589,349.6219177246094,65977
2020-05-21,349.62192887526294,357.07925053782617,348.6534470778245,352.5273742675781,70364
2020-05-22,353.011583583602,361.72791898072796,348.653415885039,353.2052917480469,115337
2020-05-26,355.6749408016697,355.6749408016697,345.941710540753,348.3629150390625,55767
2020-05-27,349.62188854500477,379.8385289617623,344.7794801164036,372.1875,436827
2020-05-28,383.47035269036064,394.9468375425334,378.9668890027602,383.1313781738281,879174
2020-05-29,378.67633183484344,382.9860870757101,373.25282858795845,376.78778076171875,138184
2020-06-01,382.5502639230808,386.4241906463525,373.44654203453536,376.49725341796875,117871
2020-06-02,379.11219533362015,385.1652063106181,375.7225091865013,380.12908935546875,96462
2020-06-03,383.4219276518481,388.8454314865905,375.7709275636292,377.4173583984375,101627
2020-06-04,378.0952816678765,382.1629169733398,373.83396773950255,376.5941467285156,59204
2020-06-05,377.56260857955675,385.35887468847613,375.8193237310743,381.9207763671875,96991
2020-06-08,383.13138158279776,406.4717973869818,382.64714071364756,394.80157470703125,535126
2020-06-09,397.9975723651544,399.7892398922671,378.773204422679,382.8892517089844,165763
2020-06-10,386.1336613464484,394.7531424700809,380.61330389514853,387.6347961425781,145965
2020-06-11,389.3296171680717,393.6877845244307,377.2235967337411,378.7247314453125,96302
2020-06-12,363.2774845583646,376.64251993770915,363.2774845583646,372.3327941894531,110479
2020-06-15,373.73713367807846,379.4511705852201,363.277541697403,365.3597717285156,90353
2020-06-16,371.3159120576063,376.25517509352994,352.47895899163166,361.0015869140625,181661
2020-06-17,359.06458606403135,368.02304168397006,353.592670434347,364.3912353515625,76179
2020-06-18,365.0691802793173,382.9376495018034,363.4227496047247,381.33966064453125,513590
2020-06-19,384.58414615866053,391.2666649710316,379.6448828431792,383.47039794921875,314339
2020-06-22,387.3926889654271,410.2488635255306,387.10215627098967,405.3096008300781,750518
2020-06-23,409.6677368635409,414.5101451006986,390.0075712429664,392.816162109375,559020
2020-06-24,395.6247500691959,395.6247500691959,375.28663562255423,376.8362121582031,229120
2020-06-25,374.80242351440927,381.1944087413022,368.9915332273642,376.3035583496094,142293
2020-06-26,378.19207813278155,383.51872712056723,374.7055383387245,379.9353332519531,100549
2020-06-29,379.45113022076663,385.4073165084355,376.35200641632593,381.9207763671875,108388
2020-06-30,379.93536307924705,384.09985216642804,377.75627923135403,379.4027099609375,68616
2020-07-01,377.7078915178498,381.3881104334288,373.107603095517,376.2067565917969,69489
2020-07-02,377.7078481876178,381.33965442019104,375.7708848635787,378.1436767578125,85808
2020-07-03,380.03223791516126,381.19442785312515,371.8485847507013,374.6087341308594,121887
2020-07-06,376.01299972923437,387.2958050140878,374.3665691058161,379.6448059082031,139506
2020-07-07,379.74168147408056,384.92306449377185,378.724757952992,380.7585754394531,123430
2020-07-08,387.3926896453665,426.1319586099031,385.45572619713965,399.9345397949219,1428788
2020-07-09,403.0336085536986,408.21499098145034,394.17200789905166,397.7554016113281,187052
2020-07-10,395.43104930567364,411.8952374986085,394.07518089504543,400.3218994140625,378116
2020-07-13,402.3072776402098,404.09897463120353,383.51873925453947,392.3803405761719,226452
2020-07-14,392.2351317409613,399.014504388336,387.2958686153017,390.249755859375,273591
2020-07-15,393.20358225139034,396.10902744044,381.6786555793033,383.1313781738281,163757
2020-07-16,381.19441006550545,385.06833693699286,374.5118921233329,378.0468444824219,94713
2020-07-17,384.48726268537564,389.0391388266081,378.8700802417304,379.83856201171875,148970
2020-07-20,382.50183910438943,382.50183910438943,376.5456533183192,377.2236022949219,143919
2020-07-21,380.1290882002292,388.74856989413547,378.48265739720233,383.7608947753906,141913
2020-07-22,385.8915679069103,386.95687419505816,378.2405383818781,381.8723449707031,108385
2020-07-23,382.5502975123011,384.24514060254546,377.3205018878335,379.3058776855469,102565
2020-07-24,377.3204657984982,383.5187425959771,376.78778314479695,377.8531188964844,84712
2020-07-27,378.5794928620121,380.95228486335776,370.9284932978217,372.9623107910156,93378
2020-07-28,375.18981565293154,379.9838120305672,371.99383777165235,373.0591735839844,76581
2020-07-29,373.9791941443677,381.53336896813215,372.23593894580716,377.1752014160156,93852
2020-07-30,377.70787474557477,380.56490767170624,372.7686120108354,373.5918273925781,53834
2020-07-31,373.83397274747136,403.760054292019,370.92852736342365,396.4480285644531,597389
2020-08-03,399.01443100726027,414.51013706579465,398.14280345261045,405.21270751953125,636704
2020-08-04,407.827634533955,430.3932454780227,402.8883721374728,417.512451171875,817025
2020-08-05,420.22417609446177,436.7852179869271,414.5101403512302,428.98895263671875,838733
2020-08-06,431.11961221131855,437.60845126357316,420.2241933550281,424.3402404785156,303438
2020-08-07,426.131979645694,461.4815643208481,419.1588990655681,434.36407470703125,1663426
2020-08-10,424.19500809504166,430.97438037053314,412.91220157626,421.7738037109375,513932
2020-08-11,423.90448438482827,432.911353062499,421.7738126593251,423.6139221191406,217151
2020-08-12,421.28956670059944,427.7784063318383,414.7523148035212,417.9967346191406,122153
2020-08-13,418.52939785166507,422.8875658880706,405.1159192062511,409.0867004394531,214124
2020-08-14,409.76462301555654,417.4156227180385,401.91991514613915,404.0989990234375,119169
2020-08-17,416.44715554064567,416.44715554064567,394.2689292148571,395.5763854980469,159931
2020-08-18,398.82079064069126,415.4786893069886,397.1259475024926,407.7308349609375,137831
2020-08-19,411.60474817639755,428.8437116894984,411.60474817639755,423.3717956542969,445876
2020-08-20,420.80530854286826,429.8121767423277,419.64311865325953,423.1781005859375,235452
2020-08-21,425.1634620883514,444.0488550512736,421.967484332297,434.1219177246094,657538
2020-08-24,438.86751015082285,468.0188174709154,434.02510127890446,464.5807189941406,1075817
2020-08-25,465.9365501831482,476.34772842244155,451.8451237630471,460.174072265625,450404
2020-08-26,460.99730241281674,464.8712293238488,446.56693058036564,457.5592041015625,325749
2020-08-27,458.0434291567656,459.5445639606944,448.9881194036151,454.2663269042969,203004
2020-08-28,453.4431779694269,477.4615141190514,453.4431779694269,458.6729736328125,596404
2020-08-31,462.9342809054611,481.23858024350835,430.97438285131835,441.24029541015625,1082321
2020-09-01,445.35632980922094,448.9396944796679,429.23111490291734,434.8482971191406,152721
2020-09-02,438.0927318248588,452.280983755289,436.78527553240974,445.2594909667969,127517
2020-09-03,448.40703508685294,455.33167345404877,443.8067469299144,447.0995788574219,92910
2020-09-04,443.46772947768056,455.0410967004824,434.46086220165625,435.8651428222656,127624
2020-09-07,439.30331810731616,439.30331810731616,424.19499722646316,425.9866943359375,97915
2020-09-08,427.9720666827042,437.3179093810441,424.19499388120664,425.59930419921875,100523
2020-09-09,423.56547485315065,424.19498204321314,408.2150340895305,417.3187561035156,143094
2020-09-10,418.5778171471753,430.5869847344785,413.54170030941094,418.72308349609375,103491
2020-09-11,419.35259904632045,425.21190182964597,417.41563554033286,420.0305480957031,64570
2020-09-14,424.1465846343179,454.1210763849211,422.3548875262291,448.0196533203125,210852
2020-09-15,453.0557451351734,472.6190880616516,441.62767245105147,456.05804443359375,390881
2020-09-16,457.6076213539513,478.429978727729,457.6076213539513,472.7159423828125,597319
2020-09-17,467.9219482387543,487.4368494498719,465.50074388115365,473.7812805175781,548182
2020-09-18,477.46153501981615,521.0432167153369,474.6529436661376,506.6612854003906,2187948
2020-09-21,509.42137701142116,520.0746757702152,464.87121856555547,474.2655029296875,926482
2020-09-22,477.84889584402003,477.84889584402003,436.78527501333355,449.4239501953125,670701
2020-09-23,455.1864218133966,462.88586353656973,437.5116299025573,445.6953125,273867
2020-09-24,437.75375028657595,441.04658232006597,424.2918598946588,429.03741455078125,274966
2020-09-25,433.9282444739568,452.9589348660398,433.9282444739568,439.20648193359375,327012
2020-09-28,446.32481276506155,453.8305461991895,437.26950264629284,442.4992980957031,216869
2020-09-29,445.8889873303408,458.5761040396238,445.50160054535786,449.4723815917969,223639
2020-09-30,452.0872595233473,475.3308210321203,445.9858364495812,469.3746643066406,795792
2020-10-01,476.493021710913,482.11020404700673,460.2709523742102,463.41851806640625,431108
2020-10-05,465.0649262964981,468.01878367276714,455.18640108887854,459.3508605957031,144201
2020-10-06,461.67524127530703,462.8374015895879,450.5377016514141,452.76519775390625,123462
2020-10-07,455.5737985942552,469.7136377234658,448.60074789137815,452.1841125488281,267763
2020-10-08,454.16949440884287,459.7382640535229,443.5646082197313,447.58380126953125,131889
2020-10-09,448.4070269266764,454.99269066184445,438.7222099304199,441.6276550292969,131224
2020-10-12,444.5331187075501,449.230261058196,432.911337826307,441.1434326171875,112009
2020-10-13,440.70760702295803,455.1864209587191,440.70760702295803,451.07037353515625,160968
2020-10-14,451.0703422605728,463.70901635669884,446.9542951223926,457.656005859375,293654
2020-10-15,459.98041696238084,460.9488987081227,453.249457007188,455.2348327636719,115372
2020-10-16,455.23485906311515,461.9658194071633,446.6638187627147,457.2686767578125,124236
2020-10-19,458.0918947079977,460.99734012897864,454.26637974808506,455.3801574707031,65716
2020-10-20,455.1863655270106,460.94884304054233,454.60527063859934,455.4768981933594,92501
2020-10-21,456.1548924836498,462.2563155289788,454.4116372009034,455.81591796875,96007
2020-10-22,456.10649563565596,476.4930248140514,455.71907928798095,470.3916015625,333204
2020-10-23,476.4929976887579,481.335406201855,470.6821074730413,472.522216796875,267162
2020-10-26,469.71358995872373,469.71358995872373,452.6683073810376,455.4768981933594,242046
2020-10-27,456.1548915659122,456.20330382977903,434.7514395749246,444.0004577636719,369161
2020-10-28,446.0827042062385,453.92741236703523,438.2379960454417,441.24029541015625,208589
2020-10-29,439.6422874003232,439.6422874003232,430.39326926647425,431.6523132324219,100710
2020-10-30,433.39554705094866,439.54541156270284,423.37175586164403,425.69610595703125,83796
2020-11-02,430.974351915934,430.974351915934,419.35257163954924,421.6285095214844,101591
2020-11-03,426.13196068411827,438.72222315887626,420.4179243951791,425.9866943359375,131821
2020-11-04,421.62852024886683,434.84828973845845,421.62852024886683,426.9551696777344,68502
2020-11-05,431.07118879304466,440.90127164004895,426.470900950562,430.9743347167969,140545
2020-11-06,433.83137162795737,438.7221921910239,427.1004122654339,427.72991943359375,124375
2020-11-09,430.635378728999,434.60615958003774,428.1173204169464,433.4439697265625,56863
2020-11-10,435.816797612811,439.2064838164662,434.17036677731977,436.1073303222656,88967
2020-11-11,436.2041622620708,439.2548737793147,428.3110421283391,434.4609069824219,147313
2020-11-12,433.87979862090356,466.80817619481144,428.4078829646179,432.2333679199219,173466
2020-11-13,432.62080512656274,445.0173595776019,430.97437434609975,441.1434326171875,221456
2020-11-14,443.4677744741073,443.4677744741073,435.8167747834959,439.8359680175781,29845
2020-11-17,441.62766276906564,442.4508781393179,436.8821082688746,438.7706298828125,103280
2020-11-18,440.46546682450696,444.0488609488891,437.07578086306506,438.52850341796875,294225
2020-11-19,439.40016492867557,449.3271024850796,436.8336647451298,438.9159240722656,257973
2020-11-20,440.6591773431688,445.6952940493772,426.1319517164709,439.5938415527344,115577
2020-11-23,441.3371168104798,445.01733540064726,433.87979599453746,436.0104675292969,128437
2020-11-24,438.6253859024323,442.5477547880931,435.0904333677389,439.8844299316406,80614
2020-11-25,443.56464431099204,444.62998015388683,433.3955858715479,434.7998962402344,98233
2020-11-26,435.7683869819258,466.7598038173707,433.92824796274664,462.1595153808594,594593
2020-11-27,465.54915749547274,465.54915749547274,451.31246491305376,455.7674865722656,159167
2020-12-01,457.80127271582535,466.7112858692612,453.44310543420715,459.3992614746094,99460
2020-12-02,461.96577026944357,461.96577026944357,453.4431431433628,456.5422668457031,65473
2020-12-03,456.63907848285515,478.81730141001026,448.4069848092512,470.43994140625,3112593
2020-12-04,479.39847536600945,498.67128620206586,474.55606652392856,491.4560852050781,1478498
2020-12-07,491.45605869188324,506.0316966979294,484.67668667870527,498.9617919921875,836248
2020-12-08,502.15779252427956,507.2907340296273,470.58528123938186,491.06866455078125,548743
2020-12-09,488.3084790964684,490.97180373947515,474.6528813793634,475.9118957519531,296425
2020-12-10,474.2654779408652,481.1901158580822,464.38695324455546,476.9288024902344,201969
2020-12-11,474.89501177541655,479.3984458097589,466.13023457819224,468.2124938964844,128070
2020-12-14,471.602222551795,480.3669709864169,463.0795650105402,478.76898193359375,184926
2020-12-15,479.39843456705347,479.39843456705347,467.43767983388386,470.004150390625,96904
2020-12-16,476.49298294627846,476.49298294627846,466.03339270389006,468.0187683105469,107949
2020-12-17,471.9895856409593,475.42768402292154,465.3554797582364,466.5176696777344,86671
2020-12-18,470.53686151026926,474.45920075348914,460.1256827561464,471.3600769042969,123828
2020-12-21,469.71364561148795,473.49071850010694,438.0442807758079,444.6299743652344,126238
2020-12-22,438.9159036968397,451.312457223173,426.13193385879,440.07806396484375,250956
2020-12-23,440.7560308602557,458.86662105156427,440.7560308602557,454.5084533691406,115894
2020-12-24,457.1717884751549,461.7236644249663,452.4746757328148,455.13800048828125,78660
2020-12-28,458.9635086118673,464.8228411012895,454.21795381154703,459.7383117675781,90260
2020-12-29,463.3701244992615,463.3701244992615,457.4139378429541,459.9804382324219,83124
2020-12-30,460.997272007125,477.36460621556273,455.38009017890397,463.4668884277344,170760
2020-12-31,465.79126439828076,466.808158315063,462.93423169004177,464.29010009765625,44832
2021-01-01,466.6145012915522,468.4546402846451,463.46693556382286,466.08184814453125,59870
2021-01-04,467.0019157991032,476.4930252106875,467.0019157991032,469.1809997558594,97211
2021-01-05,467.728253402265,472.4738078674379,463.1763775455528,469.95574951171875,92851
2021-01-06,473.2485533647696,474.5560095061846,468.8419736702122,469.8104553222656,143390
2021-01-07,470.77894628450804,483.1754998536622,470.77894628450804,474.60443115234375,291839
2021-01-08,475.71821624352924,488.1147700087673,475.71821624352924,479.543701171875,305994
2021-01-11,481.3354239986204,492.6666721605126,480.36694226019256,483.9987487792969,243736
2021-01-12,485.2093385130495,495.8626373626374,482.2070392897496,484.72509765625,262721
2021-01-13,486.8557544263573,488.01791471386474,482.7881195307926,484.3861083984375,159131
2021-01-14,485.20936369263677,492.03714830554543,480.366954873349,485.0156555175781,104520
2021-01-15,484.6766601102528,491.98868484421456,484.0471233846795,488.5989990234375,193350
2021-01-18,488.6958857175934,490.68126143712834,480.36693694807616,484.2892761230469,154101
2021-01-19,485.2093906316255,502.6420633489294,483.46613518218294,490.0033874511719,253123
2021-01-20,488.3084871233794,492.90877521873875,487.6305381080926,489.18011474609375,84748
2021-01-21,491.9887189525647,495.862645873451,486.5652153521804,488.9864196777344,212015
2021-01-22,487.1463200205363,492.90879825260896,484.7251156466768,488.40533447265625,135884
2021-01-25,489.2285635923064,493.44146523212476,475.8635268960396,484.04718017578125,110619
2021-01-27,490.0517657470703,492.9572109985351,474.168670950206,484.2408752441406,187265
2021-01-28,482.98181923535293,483.1754978353561,470.73050250119746,475.9603271484375,81710
2021-01-29,486.1293813554697,507.43597788845113,485.49984463151435,490.487548828125,702089
2021-02-01,496.8311108773063,497.5574721505187,478.67207904699535,488.792724609375,122966
2021-02-02,491.0202474127756,503.02944476133064,489.0832839121334,495.523681640625,113604
2021-02-03,495.8142746626493,511.79422453444533,495.8142746626493,499.6882019042969,466997
2021-02-04,504.57896339028184,507.48440847698214,480.60904142500453,485.8388366699219,190401
2021-02-05,487.1462931845233,493.29615786648503,477.0740894552708,484.62823486328125,138787
2021-02-08,488.59903148733,495.8626444430386,482.30390025904927,493.8288269042969,79528
2021-02-09,493.9256739354396,495.7657832801342,482.30389337225273,484.72509765625,54819
2021-02-10,487.4852767739779,500.1723931416686,484.7250979772499,493.0540466308594,229574
2021-02-11,492.95723617121627,503.4168277883179,490.8265643890531,492.8603820800781,81174
2021-02-12,490.14860380730863,497.7996034748646,487.63054542722637,494.119384765625,60905
2021-02-15,496.2500540212821,501.86723614158905,489.27697385646564,493.0540466308594,86453
2021-02-16,494.74891309725814,497.89644926211366,486.1778436085535,488.11480712890625,66197
2021-02-17,485.20937174776765,488.55064571083307,482.25551414125124,484.5798645019531,57531
2021-02-18,485.64516373495627,489.71276917040325,482.30389002394963,484.33770751953125,65853
2021-02-19,485.2093472304749,488.7927414574578,480.85117944097965,484.82196044921875,52700
2021-02-22,485.01566022793355,493.92570436424245,481.5291494887605,484.1924743652344,84648
2021-02-23,490.971738016923,534.5049959038076,481.6743091420396,528.3551025390625,1252668
2021-02-24,534.3113975569323,544.286747839171,511.35836807665885,516.0554809570312,666345
2021-02-25,520.9463500976562,523.9002075739043,514.9417515045773,520.9463500976562,179314
2021-02-26,515.1354337997635,518.1377033897861,504.57895974967954,506.9517517089844,164751
2021-03-01,513.2469351957246,571.3074301885707,509.95407347308634,552.5188598632812,1667501
2021-03-02,558.8139830722232,565.5933554838447,545.6910668691576,556.5864868164062,426704
2021-03-03,556.6832381944824,581.0889874914074,547.9184911221062,556.1021728515625,528822
2021-03-04,551.8408564805486,559.7340059177995,547.1921561795397,550.3397216796875,179653
2021-03-05,550.0007936427996,553.9231327951438,526.9508813669339,530.9216918945312,201693
2021-03-08,534.7471828772999,540.4127770567093,524.1907089282148,530.48583984375,109667
2021-03-09,532.3744932777735,547.2406662683462,531.5997196076762,534.6019897460938,135086
2021-03-10,538.4758234771467,551.5019141227561,533.4881190935321,543.6087646484375,139581
2021-03-12,547.1921240889825,550.0975689956497,527.8224913778681,532.47119140625,110419
2021-03-15,533.633357628145,542.1559838224256,526.8539864786042,532.0353393554688,137075
2021-03-16,533.246005832596,540.6549145579904,530.2437361764439,533.1007690429688,77637
2021-03-17,535.5219644577463,537.5073401079308,518.1377062301675,526.418212890625,206688
2021-03-18,524.6265881825598,526.2730190187153,507.48444898058483,510.2445983886719,108821
2021-03-19,507.4360319108334,511.7457875815679,486.85579443229227,506.37066650390625,98867
2021-03-22,508.45289368485095,523.9486009209606,504.0947260246951,512.4236450195312,94142
2021-03-23,513.2953625190548,536.7326342903259,512.7627093425021,526.1277465820312,95399
2021-03-24,525.6918567235829,525.6918567235829,501.67352230427474,504.0947265625,134248
2021-03-25,504.0463384839716,504.0463384839716,489.22854997923986,493.7804260253906,91347
2021-03-26,498.7196952527731,515.6681260907835,492.9088046797409,501.1408996582031,126703
2021-03-30,503.65893578759295,511.16466955160905,497.3638042435794,505.4021911621094,135584
2021-03-31,506.4191052195306,509.42137484878145,491.9887042265798,501.8188171386719,90574
2021-04-01,504.3369053987206,513.2469499232037,503.9494890279626,506.6612854003906,44685
2021-04-05,506.5158950235588,509.1792195193806,494.21616643875086,499.0101623535156,48155
2021-04-06,502.5936278499104,516.733438089146,499.0586457343833,510.2445983886719,138607
2021-04-07,521.0431134274532,536.248286738235,518.13766855704,526.3213500976562,261578
2021-04-08,532.664956788955,534.6019202681877,513.0047892970314,524.9655151367188,109166
2021-04-09,524.9171267494938,544.2867624229069,524.9171267494938,528.8878784179688,235957
2021-04-12,522.9801253615518,524.9170887888168,503.6104910889018,509.7119140625,256622
2021-04-13,504.72423492020744,535.3282313779291,504.72423492020744,530.8247680664062,124050
2021-04-15,522.4958779403131,540.8970302681462,522.4958779403131,533.9239501953125,145405
2021-04-16,533.1491565603973,550.0975856971946,524.9170624082385,534.553466796875,108792
2021-04-19,524.8202292114303,539.6379866181036,505.1600044485703,522.495849609375,116834
2021-04-20,518.7188773637265,539.7349462283606,518.7188773637265,533.7303466796875,162007
2021-04-22,523.9485291459393,533.7301693541867,521.6241497343638,523.22216796875,73407
2021-04-23,527.3382736822145,537.0715027240354,518.718763103259,529.9531860351562,117390
2021-04-26,528.9847714279174,539.2990671397437,528.9847714279174,536.6357421875,93088
2021-04-27,539.3474841904286,641.667540673057,537.846290261229,625.0096435546875,2895077
2021-04-28,629.3193393503042,706.9915764173443,605.1557113203302,630.3847045898438,4041797
2021-04-29,625.6392038375753,656.6306195075482,614.6469597367056,622.4916381835938,891993
2021-04-30,617.8914244812755,653.6768409032238,612.6131865407694,636.389404296875,859381
2021-05-03,638.2294724970342,663.313173437015,633.387063752747,645.2993774414062,628226
2021-05-04,650.8197661358905,655.6137628426612,616.5839583326922,623.4117431640625,250527
2021-05-05,626.6078219066725,640.0697446617656,613.3396073639481,617.0682983398438,206593
2021-05-06,621.4264101919217,644.1857339414154,611.3057629150712,614.3564453125,328553
2021-05-07,620.215827138768,626.6077839799208,610.1435918197064,612.66162109375,154734
2021-05-10,617.988199183002,637.2610102186891,610.1435204221491,621.0389404296875,252224
2021-05-11,618.3755698154338,691.2054059918637,615.0827083676149,674.9833374023438,1766976
2021-05-12,673.9664535871696,694.4013942647529,648.8827533575794,663.652099609375,802243
2021-05-14,665.6374352320817,676.0002008496269,637.6483506351082,643.9434814453125,324947
2021-05-17,645.4931210464057,647.5269091860727,629.6099958487006,631.9827880859375,164755
2021-05-18,636.1956488078189,655.371574538025,634.8397507908479,646.8004760742188,213670
2021-05-19,646.8005131876834,652.5629914233145,637.2609915933598,639.92431640625,105117
2021-05-20,642.587628666035,674.4507012678242,640.0695998094304,664.4268798828125,438847
2021-05-21,668.2523970638628,691.8833750393903,659.875006412619,670.8673095703125,640997
2021-05-24,674.0632809607553,683.9418063833289,648.8827560972788,653.96728515625,249349
2021-05-25,659.5360947140255,668.1556062337175,644.9604556913113,648.6890869140625,196185
2021-05-26,651.9335723072919,664.669072998661,644.0404216901226,646.6553344726562,274716
2021-05-27,650.8196848749868,651.7881665489078,637.9388904341221,639.3432006835938,165601
2021-05-28,643.8466190540352,650.8196990807581,626.5592444417751,632.5638427734375,167966
2021-05-31,648.8827830426769,670.1893818888544,634.4039688226464,648.204833984375,867352
2021-06-01,654.6936227801052,659.6328557570986,632.8059602193074,647.6237182617188,477995
2021-06-02,648.8343162228107,652.7566552219621,638.3747258545966,643.0718383789062,167144
2021-06-03,648.8827506851896,679.8741656432883,646.7520790845339,667.42919921875,965915
2021-06-04,672.126359127981,702.7303599047955,669.2209137715199,677.6951293945312,1447572
2021-06-07,679.874172434557,690.5274714328193,670.1893551634095,674.1116943359375,298876
2021-06-08,677.9372042915409,690.0432257967469,664.3784602057101,671.9810180664062,327310
2021-06-09,687.6220331463659,731.20371130353,664.572179632197,671.9326171875,2825625
2021-06-10,676.9687070210052,685.491334142617,671.1578168319837,674.7412109375,260456
2021-06-11,679.874142452734,681.9079303454133,663.4583660797728,667.5260009765625,178459
2021-06-14,670.383104536082,672.7558967356431,650.8197606236203,658.0833740234375,178274
2021-06-15,662.828923661196,676.7750251905941,658.5675803788768,671.3999633789062,170843
2021-06-16,671.3999432252895,679.77733363351,658.0833197570634,661.8119506835938,160137
2021-06-17,656.630669190354,666.8965527632088,644.3309383434091,647.5269165039062,123639
2021-06-18,648.7859436780859,654.935779105333,620.7967976436502,648.5438232421875,244837
2021-06-21,644.0403488597422,657.1632644465525,638.9558197897968,649.1248779296875,144917
2021-06-22,654.6936497027748,670.3830655564002,651.7882045117861,657.9865112304688,146791
2021-06-23,658.7612847592122,670.3830655225805,653.7735802036932,660.9403686523438,111192
2021-06-24,663.3132074016456,666.5575977818714,647.9143231617464,650.5292358398438,90796
2021-06-25,653.7250787083523,658.1316581573604,644.6697994108142,652.466064453125,68331
2021-06-28,657.5022023983959,666.3153615887928,649.9479983935669,662.5867309570312,74148
2021-06-29,662.6836077471012,665.8795855566239,651.3039476944473,652.9503784179688,72495
2021-06-30,658.3739247797484,663.3616297622182,649.1249352861353,658.8097534179688,140485
2021-07-01,661.085595897297,724.4243237874581,660.6013550391503,716.8701782226562,2473314
2021-07-02,726.2645236519747,768.9745472808045,723.4559027944093,742.92236328125,3029594
2021-07-05,747.6678248727958,753.2365942938043,731.2036370193794,734.5933227539062,428064
2021-07-06,737.9829741671584,740.5978862916106,717.6448607058588,723.9884033203125,330679
2021-07-07,726.0708146735184,757.0622321621664,714.1585003986069,735.9493408203125,606738
2021-07-08,735.5619481695253,740.3075327700336,720.5988921086341,728.5888671875,159193
2021-07-09,729.2667047909714,740.6947767887829,708.4927609397791,728.0076904296875,376663
2021-07-12,731.6878884558597,744.1328540457789,729.2666843246358,734.0122680664062,208133
2021-07-13,732.172205131479,750.573358435048,730.2352416258402,744.4235229492188,264361
2021-07-14,741.5180904994587,746.0214952609981,729.2667724700946,731.7363891601562,146024
2021-07-15,735.5618959147547,740.4043047094535,727.9108663745563,729.8963012695312,105855
2021-07-16,728.2981996152246,736.0460528026206,721.615652596524,727.5718383789062,126544
2021-07-19,725.8770751953125,733.0922760905884,721.664203206665,725.8770751953125,102858
2021-07-20,729.1699125695154,729.4604452640006,714.5942153556505,721.9547119140625,161212
2021-07-22,726.361301773712,756.3842355803588,726.361301773712,735.6102905273438,491201
2021-07-23,737.9830407435735,739.6778836849137,728.2013994124108,731.4942016601562,93713
2021-07-26,731.5425650051997,739.2420056747288,727.8139344281491,731.9783935546875,98101
2021-07-27,736.0461342949229,739.8232367865368,717.2091523252197,726.4097290039062,102092
2021-07-28,719.5819505504558,731.058435807662,717.6933992886352,723.697998046875,95969
2021-07-29,730.288081358141,734.4374454567668,725.4064765362283,727.212646484375,79550
2021-07-30,727.3591652351217,741.9551765091635,722.4775600993156,728.2866821289062,118411
2021-08-02,730.2880950499953,741.5157863508975,727.3103279707801,731.6549682617188,109174
2021-08-03,735.3162742564936,761.3351963113588,735.3162742564936,751.376708984375,591643
2021-08-04,758.4062352297151,769.3410437080145,735.169804457024,742.0528564453125,234824
2021-08-05,748.6429107516938,754.6473085762028,732.3872022927378,738.3915405273438,144151
2021-08-06,740.0512797623737,755.5748066962524,706.8075633480206,722.2822265625,382481
2021-08-09,713.6907669007244,717.5960515349282,675.0772769980183,681.2280883789062,463967
2021-08-10,680.495765320855,682.5460156702203,621.5259506306888,626.944580078125,526372
2021-08-11,633.6323851499901,646.2269510020325,608.4921171721592,629.0924682617188,554240
2021-08-12,634.60868384732,656.0877469929216,634.60868384732,650.522705078125,352112
2021-08-13,654.5745493504473,662.9220835508139,623.4786839041658,628.6043701171875,1208297
2021-08-16,625.8217681446134,628.6531229128992,611.7139176155721,615.6192016601562,212126
2021-08-17,610.2006855777548,614.1059699654525,586.573703114202,592.2852172851562,435654
2021-08-18,595.2629505332535,613.8130503096847,581.3991798349917,586.5736694335938,403192
2021-08-20,585.7926196014641,601.4137561241698,578.4214077227937,584.2305297851562,352004
2021-08-23,585.7926406509507,595.3117710615286,548.9853244787341,558.74853515625,252855
2021-08-24,564.3135420673937,573.5885916342453,551.6213689759126,553.769287109375,422663
2021-08-25,566.7543455197139,604.1474282329215,563.3372219894485,584.8162841796875,1139865
2021-08-26,585.7926239838471,585.7926239838471,573.1492545982143,577.9820556640625,248063
2021-08-27,578.9583844944556,693.5784999655774,577.9820634413452,690.4054565429688,10224550
2021-08-30,690.2589592135967,705.2943267155978,660.7740525739032,667.9011840820312,5466284
2021-08-31,665.9485845800306,679.519471422859,639.4903071580067,643.9325561523438,2001546
2021-09-01,650.132221364855,652.6706322992401,630.801016595658,633.9740600585938,494343
2021-09-02,636.85423988646,672.6852360773581,636.5613554752358,644.3231201171875,1089163
2021-09-03,647.9842217032398,655.062548539074,643.1514211180348,645.8363037109375,276684
2021-09-06,649.2535172688886,651.4014355597901,642.4192697186897,644.1766357421875,176012
2021-09-07,645.9340273457511,647.5449810252011,629.775924773018,635.1456909179688,254063
2021-09-08,637.5376131370058,667.6082880254869,629.8246533993863,654.379150390625,1166281
2021-09-09,652.0848081129795,667.022507228744,651.2060953926801,658.7725830078125,360417
2021-09-13,659.6024650267357,672.6851906844274,649.3999579197754,669.0239868164062,535156
2021-09-14,673.6614990234375,681.4720671280571,662.9707720122584,673.6614990234375,477737
2021-09-15,673.4661806754492,675.858178925488,644.3718282279842,666.5831298828125,682087
2021-09-16,670.2931526989746,671.7576341597938,659.0166573686473,660.9692993164062,259636
2021-09-17,661.8968673412799,666.8272767226384,639.4902873401584,642.4192504882812,312647
2021-09-20,640.4666103878035,644.3230904628458,626.7981156539174,628.3114013671875,186108
2021-09-21,631.1427261728824,638.0257773463966,615.0822337080793,630.4592895507812,183890
2021-09-22,635.9755495635649,642.3704404603144,632.0214016779504,635.7802734375,156630
2021-09-23,638.8068212727976,651.6942704490979,638.8068212727976,648.6188354492188,212539
2021-09-24,651.6454687833652,673.4662194787408,650.2297914036195,652.426513671875,523469
2021-09-27,655.6972161694431,658.0404106069749,641.7846407226339,651.5478515625,159068
2021-09-28,657.2593892251276,660.2371567200787,645.9340284908434,652.3289794921875,168444
2021-09-29,652.1824888883183,653.402890252256,645.348241250267,649.8392944335938,113276
2021-09-30,652.1824735489603,664.8746474353921,640.4666207307155,642.5657348632812,304716
2021-10-01,645.348260561031,645.9340293972849,635.5850493573846,638.953369140625,102710
2021-10-04,644.3719063627094,651.3526258509357,637.7817391385454,642.0775756835938,183594
2021-10-05,643.9813282286731,683.4247217180792,642.4192384149944,673.8079833984375,1836012
2021-10-06,671.7089413861886,697.9720037734452,660.5788566028359,665.3628540039062,1467800
2021-10-07,670.5861012528462,676.1023391191684,660.530006177431,664.7770385742188,331959
2021-10-08,668.2917974460678,669.658670831228,657.0641047205312,659.3096313476562,184105
2021-10-11,660.9693440822571,664.8258241082517,649.8392603902562,653.45166015625,178257
2021-10-12,654.1350972606057,657.8939094312896,642.8097970245939,649.1558837890625,145367
2021-10-13,655.0137928452313,666.7296450260499,649.2534750203664,650.7179565429688,137931
2021-10-14,655.0138612228659,662.2386017346261,645.9340271629527,648.2772216796875,210272
2021-10-18,649.2534649127706,660.4811564112621,642.4680220457012,645.54345703125,192771
2021-10-19,645.8363311963429,652.1824175950976,635.584960859893,640.3689575195312,145749
2021-10-20,638.51402556708,641.9799536961358,623.8692084669176,625.9683227539062,199977
2021-10-21,631.4844276806691,633.9740343789163,589.9907840768617,594.5307006835938,409714
2021-10-22,596.5321770704574,612.6414748145859,588.8680804645176,592.3828125,234381
2021-10-25,597.6549682617188,605.2214565722629,586.6224924724819,597.6549682617188,170376
2021-10-26,600.3398064766736,603.659262121297,586.768920746573,591.5529174804688,119764
2021-10-27,599.4611526943203,599.4611526943203,581.301604152248,583.449462890625,190569
2021-10-28,587.5499862653394,590.1860649747713,563.8742011939776,565.8268432617188,204318
2021-10-29,564.3623672302618,572.1241314434229,537.2206541412004,555.0385131835938,320861
2021-11-01,567.2425510894357,579.9347252101975,559.6272585349604,572.7587890625,184027
2021-11-02,575.6877317888176,593.9937515024036,572.3682163781241,588.9168701171875,154735
2021-11-03,592.6268252939774,593.1149857760977,578.9583317946106,585.7437744140625,137826
2021-11-04,590.3325408413124,593.3103080961852,586.0367044281171,591.357666015625,23120
2021-11-08,593.5543758753759,595.9463742917461,556.5029812578583,582.37548828125,196479
2021-11-09,582.3755126257631,595.5558469433621,578.8607806437001,591.0159301757812,95819
2021-11-10,588.7216449032611,592.7245377241837,581.1063519617985,583.9865112304688,120329
2021-11-11,581.9849424076941,590.6254192810079,580.9110131101758,584.7186889648438,57850
2021-11-12,585.7926924297418,587.5988627287678,565.4852243434935,571.2454833984375,154301
2021-11-15,571.7335164831063,577.7867182063771,561.3845383938923,564.1182250976562,141567
2021-11-16,566.2662415786344,569.2440090344708,553.5740671984236,555.4779052734375,127702
2021-11-17,555.4778422612487,561.3845723655488,554.5503253976204,556.2100830078125,64557
2021-11-18,556.5029582138123,567.2424889863596,548.0577579067116,559.627197265625,212902
2021-11-22,561.2380878752554,564.3135227782608,546.8373535136994,556.0635986328125,110341
2021-11-23,551.6213901988011,559.2366824286969,545.9099359238562,554.79443359375,74825
2021-11-24,557.4793785293825,574.0768381353361,555.2338517947951,567.4378662109375,81623
2021-11-25,573.1005198087059,574.0768409668128,563.2396999477928,566.4615478515625,40259
2021-11-26,566.8519756422032,567.0960559037767,549.6687490633958,559.0902709960938,114625
2021-11-29,551.6701334886262,552.5976502966804,517.645372672927,545.714599609375,223171
2021-11-30,545.7634663023217,556.112445584077,542.1022623691666,549.2781982421875,60484
2021-12-01,552.0607193083,556.1124156892407,541.8093488465469,542.3463134765625,53110
2021-12-02,547.7160488263897,550.7914836316963,537.9528393998944,548.7899780273438,67268
2021-12-03,551.5726268337683,573.1004955404306,551.5726268337683,566.4127197265625,154567
2021-12-06,571.1478626188471,571.1478626188471,550.6451188325294,554.1598510742188,79314
2021-12-07,554.7456298351782,560.457084113991,547.0814738759362,550.0104370117188,41749
2021-12-08,554.8920385124942,560.7988284685902,550.2057094446876,556.0148315429688,58535
2021-12-09,558.4556388636614,562.0680386554113,545.177696460908,554.3062744140625,37876
2021-12-10,554.0621997865481,559.4319655994574,552.353637936986,556.8935546875,40975
2021-12-13,558.4556221906477,580.12996070414,558.4556221906477,569.2439575195312,205646
2021-12-14,570.1715127217924,572.026546616269,558.4556597206596,560.1154174804688,45224
2021-12-15,560.1153773398988,567.3401170855584,555.5266566586564,556.6005859375,43629
2021-12-16,561.0917343289514,566.266224114081,553.2811657204812,557.0399780273438,46025
2021-12-17,558.6508511929638,559.8712523622992,533.0712307657132,536.87890625,82134
2021-12-20,532.0949507311965,535.9026265081708,493.04211031055814,505.7342834472656,205512
2021-12-21,514.5212044581833,525.2607362400429,500.7551011919451,510.0301513671875,161127
2021-12-22,510.03013096500837,524.8701629798393,502.80533149207224,512.8126220703125,64813
2021-12-23,521.3554328737824,552.2560174783879,518.5240780353215,547.911376953125,243575
2021-12-24,547.7160917699247,551.6213758467156,533.0712764819588,546.5444946289062,99980
2021-12-27,549.6687765698538,549.6687765698538,531.948524856904,544.5430908203125,81212
2021-12-28,544.5431146713233,551.6214429211971,540.4425539741035,549.1318359375,78746
2021-12-29,551.1332569008047,566.2662338396221,545.4706064803905,553.6228637695312,132658
2021-12-30,553.5740085145833,558.0162571587564,542.8344774851998,549.9616088867188,38595
2021-12-31,552.7442118555427,552.7442118555427,541.3212431242972,544.5430908203125,50650
2022-01-03,546.7397654481255,554.5503335259559,545.0312036811001,548.4971313476562,55708
2022-01-04,545.7634909631779,562.3609495434533,545.7634909631779,558.1627807617188,81307
2022-01-05,560.9940775378811,568.8535100271772,557.4793454306747,561.726318359375,62446
2022-01-06,561.7263430959487,570.1715447783745,536.0003049372048,562.019287109375,83057
2022-01-07,564.8505060199924,569.1951464140325,559.9689009907125,567.633056640625,59395
2022-01-10,571.1478671252083,576.0294728271332,561.5799318674183,565.5828247070312,81956
2022-01-11,572.6122679348363,583.8399594629703,564.4111476783243,568.3652954101562,150439
2022-01-12,571.2454400050261,595.4582504581135,566.6079148755701,591.406494140625,286444
2022-01-13,592.6269245302715,595.4582796366448,584.8163555084557,585.695068359375,101655
2022-01-14,590.3813826317693,594.5795514547649,574.906657402358,577.9332885742188,63294
2022-01-17,579.8859321567113,582.6684234696321,576.0294518744846,577.4451293945312,33712
2022-01-18,576.0293697521763,576.0293697521763,559.2854413547748,562.55615234375,56668
2022-01-19,560.7500333226889,569.3417071859604,557.5281854189193,566.4615478515625,38915
2022-01-20,566.510289156575,575.7365349953316,552.9394027281494,558.3580322265625,56415
2022-01-21,552.9394160018809,559.0902864353134,546.7398010226767,548.9365234375,56614
2022-01-24,549.6687491531927,560.4082806641787,518.9146361899146,549.766357421875,85962
2022-01-25,548.6924449566849,574.0767929440049,520.3791337400588,565.631591796875,192073
2022-01-27,565.6315876381798,566.2662201691606,539.9055512992169,563.0443725585938,64646
2022-01-28,567.19370112114,578.8118853543172,560.4082582022777,562.60498046875,97096
2022-01-31,570.0738251019654,581.8872847311849,556.9422964396321,561.6774291992188,77528
2022-02-01,561.6775795356799,585.7927253123554,559.4320526732994,572.9052734375,88803
2022-02-02,575.7853259716676,609.3219294305363,574.6137288206791,598.3383178710938,763640
2022-02-03,604.3426933242889,621.1354262845603,599.5586966332561,611.4210205078125,521621
2022-02-04,615.0822562433497,624.8454666599107,602.3900827018202,604.4891967773438,185067
2022-02-07,605.2702815699088,609.8590026859941,584.8163424816581,590.3325805664062,103180
2022-02-08,595.5558089811963,595.5558089811963,573.2468980053216,578.1773071289062,79517
2022-02-09,580.9110067516241,586.0366921053148,569.4880389025606,582.37548828125,73847
2022-02-10,583.840005237439,598.4848214223244,574.1255985834829,596.1904907226562,143300
2022-02-11,591.7482151828558,591.7482151828558,579.9347533033817,584.4746704101562,72964
2022-02-14,552.8906583389995,574.0280351876152,552.5489697706037,558.6021728515625,75929
2022-02-15,561.3845690471214,566.1685657323542,537.4647048007658,557.4304809570312,96125
2022-02-16,558.943816664047,568.2188668969002,547.7161242769089,552.7442016601562,54012
2022-02-17,554.4039122012904,561.2870236207979,548.8877337461843,556.9423828125,48167
2022-02-18,557.4792779309082,563.5812840378577,551.5237438064868,555.3313598632812,42664
2022-02-21,556.063625920368,559.4319453627849,533.2665539025415,546.0563354492188,81849
2022-02-22,528.4825954872497,551.7678892988623,522.3317845220746,540.4913330078125,80413
2022-02-23,546.739795305595,551.4261244902326,540.1496281300365,542.2975463867188,28646
2022-02-24,522.3318050217913,538.9292642467829,507.0523554875252,520.525634765625,141321
2022-02-25,522.3318260750115,541.9558577607421,522.3318260750115,534.438232421875,58436
2022-02-28,528.9219593963613,535.5121268646132,520.2815414406178,525.1631469726562,68767
2022-03-02,513.6912684005844,537.9528190727136,513.5447964287611,524.0890502929688,79498
2022-03-03,524.3820043243502,546.6909757391828,524.3820043243502,529.7517700195312,158768
2022-03-04,527.213334028318,531.6067784785539,502.8053093047847,509.8836364746094,102812
2022-03-07,506.7106070039852,517.4501381736266,493.0421127880781,507.14996337890625,70272
2022-03-08,509.6884073685002,519.3052057504927,501.92664287255155,512.6173706054688,51116
2022-03-09,515.2046149079066,526.0417544094241,512.666144498337,519.5492553710938,61897
2022-03-10,524.2844438023164,531.7044605117846,517.5478042079977,521.7460327148438,63441
2022-03-11,521.550704479507,540.8818488938323,516.5226273550909,531.4603271484375,77152
2022-03-14,536.8790106332837,536.9766189098477,527.2622117952234,530.0935668945312,63285
2022-03-15,532.7783851495127,541.1259178368636,511.2993230071383,522.4782104492188,68642
2022-03-16,525.065424875461,536.3907842939707,524.9190124785691,531.5579833984375,96337
2022-03-17,534.2429020540599,558.260376568512,533.1689131218438,553.964599609375,213008
2022-03-21,553.9644920417136,560.9939547171367,541.8580892742224,548.3506469726562,70776
2022-03-22,560.4082640919148,565.2898691798234,548.8876880024314,551.5725708007812,130027
2022-03-23,555.8683662346217,555.8683662346217,537.1718538725539,540.1984252929688,75037
2022-03-24,540.1983912098785,540.686551704301,527.2133339762228,530.1911010742188,133748
2022-03-25,531.0698784376455,531.9973954079187,518.9146687291129,520.379150390625,84527
2022-03-28,519.9885912126374,522.3317856759329,508.80976235000617,518.280029296875,362532
2022-03-29,527.1158010892584,529.5566039103979,511.39699516717224,516.473876953125,221792
2022-03-30,516.5714052425278,527.2133277308337,512.5685130716439,518.7681274414062,120395
2022-03-31,513.5936850379932,522.8199310330283,506.1736687696597,508.6144714355469,120321
2022-04-01,511.54343877883815,527.2133801028007,510.2742333002762,522.185302734375,98644
2022-04-04,534.0476269288354,534.0476269288354,520.3791319068907,522.4293823242188,149932
2022-04-05,525.016666777626,551.523808238904,524.0403456864542,528.0921020507812,477875
2022-04-06,525.407246374528,535.2680660722232,525.2607743672705,526.9205322265625,219272
2022-04-07,527.0180804304787,537.6111993670473,518.6217434027942,521.8923950195312,173564
2022-04-08,525.1631188423958,528.629046666509,523.3080850036212,526.090576171875,62465
2022-04-11,525.2607654826965,534.0476556115892,524.284444357264,525.5536499023438,133389
2022-04-12,522.4293339867518,527.1157223754549,508.0774632135358,511.1040344238281,150722
2022-04-13,522.331751818851,522.331751818851,513.2519781444673,517.5966186523438,68025
2022-04-18,517.9382936399645,521.3554171606806,510.12772559261356,513.154296875,199678
2022-04-19,521.2577591248094,530.7768880236036,512.5684791658475,518.3287963867188,162150
2022-04-20,522.7223269234087,526.5787474942817,514.6188143362295,518.1336059570312,88314
2022-04-21,522.2341310528511,524.9190138250449,515.4974922612028,517.4501342773438,81824
2022-04-22,517.4501616427506,521.3554458815638,513.5448774039374,516.278564453125,56084
2022-04-25,509.63959736759733,512.7638367023919,494.7507010843485,501.4384765625,87955
2022-04-26,509.4443417805144,515.2534642858981,505.73433349141675,509.6396179199219,67725
2022-04-27,508.66327128642376,510.12775287362075,503.19589719685166,505.5390319824219,26463
2022-04-28,507.49165787189605,529.6541571008242,506.85708495834587,522.6246337890625,162215
2022-04-29,526.2370491851494,526.2370491851494,507.7357532559274,510.5671081542969,50826
2022-05-02,509.63958470093127,512.9591000847547,500.75508704115003,504.1722106933594,46168
2022-05-04,508.6632628195972,513.5448680289983,489.1368419819927,491.0406799316406,87822
2022-05-05,500.6573840271167,500.6573840271167,478.39727771664917,485.32916259765625,54664
2022-05-06,482.30260665233595,493.33502278125985,473.7597973239798,486.6472473144531,59197
2022-05-09,483.2789221825493,483.2789221825493,468.6341063588357,470.928466796875,57004
2022-05-10,470.5867614746094,479.12957094121276,467.6577982289168,470.5867614746094,57451
2022-05-11,471.07494163277477,475.12666833238666,437.39186290462817,450.6210021972656,94504
2022-05-12,443.39619484885645,454.3310024269676,433.48654224085465,435.63446044921875,74214
2022-05-13,437.39182649977766,441.73646705151805,420.1109321508898,426.5546569824219,131848
2022-05-16,426.5058984487183,426.5058984487183,409.0297559000615,419.2811279296875,105350
2022-05-17,419.86685406326507,421.7706920216219,409.0297142847836,416.9867248535156,176883
2022-05-18,421.47781620912315,500.3645464424599,419.86686261388144,497.630859375,3457935
2022-05-19,475.7612063753345,487.1841738731056,453.0129392327074,459.94482421875,886163
2022-05-20,469.17103886057646,480.5452022066207,457.3087448154893,464.7287902832031,518820
2022-05-23,465.21697226135416,465.21697226135416,444.22607005019125,448.0825500488281,113098
2022-05-24,446.1787234588689,463.7525025010125,444.2748854779883,450.37689208984375,105786
2022-05-25,449.93753895385527,452.6712258367545,431.5338821389395,435.53680419921875,61585
2022-05-26,444.9583357313162,444.9583357313162,422.25887044167695,430.21588134765625,66584
2022-05-27,430.60640493875377,442.2734538852768,426.164155896078,436.41552734375,112655
2022-05-30,443.7379231500467,454.03809844709906,438.0752729024173,440.8089599609375,107073
2022-05-31,447.1550254283111,456.8694314576715,441.5899837178815,446.2275085449219,95241
2022-06-01,449.01004454536036,454.9656089041697,444.47015762580094,451.84136962890625,63117
2022-06-02,451.841404603306,462.7762131181736,448.13139624734526,452.52484130859375,86713
2022-06-03,456.9182829624809,461.84869268757654,445.2024295531865,449.4494323730469,72813
2022-06-06,449.10773939461063,454.8192242132945,445.6906152905212,449.0101013183594,52398
2022-06-07,449.1076978125448,451.0115358408191,440.56488834328445,444.32373046875,31827
2022-06-08,444.323701280517,447.3991065284322,441.58998455296233,443.8355407714844,19990
2022-06-09,439.34441550694663,444.1283820723656,437.0012512498996,439.1491394042969,27527
2022-06-10,439.14917402341035,441.2970921420829,430.5575611386251,435.53680419921875,27585
2022-06-13,432.80308691427837,432.80308691427837,392.48104157583634,420.0133056640625,69631
2022-06-14,414.93645136278366,425.1878225140995,414.93645136278366,421.2337341308594,33953
2022-06-15,426.65229595159,426.65229595159,420.4526513672157,424.1626892089844,24613
2022-06-16,426.3105991881835,460.3353952293434,404.68509294286923,409.9084167480469,1530881
2022-06-17,411.03117175973637,412.5932914356289,396.0446373292206,408.54156494140625,100616
2022-06-20,414.83879423937736,414.88762816720794,397.2162117973196,408.0045471191406,78945
2022-06-21,410.93353795936997,420.30622631706916,408.2486549805734,415.668701171875,62158
2022-06-22,415.66868590899423,424.6996555969759,411.5193214577594,418.8905334472656,577206
2022-06-23,418.84171831659154,424.4067600583597,414.8876300966189,418.5,30724
2022-06-24,420.5990790720506,420.79435519197693,410.34770846992586,418.30474853515625,347812
2022-06-27,421.5265819867413,429.5812300501822,421.5265819867413,427.9703063964844,51484
2022-06-28,427.5798076875608,427.62861182115716,413.96011737938505,414.88763427734375,50840
2022-06-29,413.96016068892044,418.3536057905717,406.1983957580206,408.10223388671875,92314
2022-06-30,406.2960000961917,417.8654105289393,406.2960000961917,409.3226013183594,31871
2022-07-01,409.3225927874621,413.7648415663989,406.93059434037093,410.1036376953125,25363
2022-07-04,410.1036208843791,414.35062315973727,407.2234918341585,409.7619323730469,89877
2022-07-05,411.81220625212137,413.56960201602163,406.1983602244351,407.662841796875,164839
2022-07-06,408.1021986615452,411.03116180983375,406.1495565626861,409.8107604980469,181063
2022-07-07,411.8610523739822,415.42461834675544,409.0785313449836,409.95721435546875,319454
2022-07-08,413.4720157765141,419.8181033858349,409.2738466606388,417.52374267578125,803561
2022-07-11,417.8653957909108,457.5040350889457,417.27959722099837,452.6712341308594,1181341
2022-07-12,447.2526621589047,457.5040327987194,444.42133717927976,446.7156677246094,176783
2022-07-13,451.06032028657063,451.06032028657063,434.4628626136881,435.8785400390625,111459
2022-07-14,438.07524902141733,438.07524902141733,424.2602828965904,429.5324401855469,56421
2022-07-15,431.6803900388555,431.6803900388555,416.9867686654946,418.79296875,70280
2022-07-18,419.81807774797556,435.73209993997466,419.81807774797556,430.8504943847656,115083
2022-07-19,434.46284875131965,445.2023798440489,434.0723263069382,441.00421142578125,164593
2022-07-20,453.98929328360276,456.9182564660776,445.0559615360453,449.88873291015625,184268
2022-07-21,452.036657576005,462.77618939746515,448.1313732772922,456.5277404785156,68049
2022-07-22,456.91824591635225,467.6577773374631,455.9419248780694,458.33392333984375,126739
2022-07-25,462.67851780985944,462.67851780985944,448.22897886947584,455.1120300292969,53108
2022-07-26,460.8235529845027,461.79987407133433,444.226094508366,447.8872985839844,41896
2022-07-27,447.93608587788526,451.35320955331144,445.30003691952885,447.3014831542969,37697
2022-07-28,449.54704012298214,453.891650925589,444.71423899962593,447.0574035644531,40994
2022-07-29,449.107670433431,462.2880042396295,449.107670433431,461.018798828125,83073
2022-08-01,466.6433722291519,481.29690789251856,466.6433722291519,473.3534240722656,131116
2022-08-02,472.4653383985827,477.74456251841485,467.5314897097344,471.8239440917969,52314
2022-08-03,471.8238810085505,475.72163299713696,464.86716733292184,469.850341796875,53309
2022-08-04,474.24151685863,480.55683682286025,464.86720484668507,471.0345153808594,52605
2022-08-05,471.0345009239396,489.28973954480847,471.0345009239396,480.26080322265625,112231
2022-08-08,451.9404752795228,462.49892200952803,436.15216173263985,449.4242248535156,723812
2022-08-10,447.0066442877902,447.9934139219796,439.3098531866408,442.3194885253906,176537
2022-08-11,444.5397285103071,455.59156066530335,441.1353611632019,443.6516418457031,60980
2022-08-12,446.01991475115983,457.565132554628,444.34239417669966,453.86474609375,72875
2022-08-16,453.8647149293732,462.94297768841324,445.32913332131477,457.07171630859375,84492
2022-08-17,460.2293370912147,464.76848329048846,455.2954890732689,459.7853088378906,71439
2022-08-18,459.78531134386526,465.7059289976694,456.8250025169632,460.2293395996094,62554
2022-08-19,464.3244532629701,472.6626689677413,455.0488244458662,464.3738098144531,242032
2022-08-22,463.8310643552795,463.8310643552795,454.3580997569456,457.07171630859375,36427
2022-08-23,448.98021582401157,462.49897282951594,447.84543668590203,455.8876037597656,53009
2022-08-24,458.2064931234254,458.84788737333383,452.13786579705817,453.420654296875,33457
2022-08-25,460.82145394525554,461.70954066028725,438.175077085929,442.7635803222656,100402
2022-08-26,449.96699620851393,453.02598838971346,439.70459705459297,447.5987548828125,61290
2022-08-29,439.11249266773626,457.36773112695676,437.18827981164185,454.8021240234375,80069
2022-08-30,463.78174588572307,464.76851555782036,450.16433645630883,453.371337890625,61746
2022-09-01,452.92728066285895,465.75528643326675,448.98020196427194,463.5843811035156,189352
2022-09-02,466.9394173666168,473.35342018696144,457.6637584276775,459.4892883300781,155191
2022-09-05,459.5879749040478,462.94298576732507,454.9008189603136,456.7263488769531,34565
2022-09-06,458.8478687031911,460.7227249396447,453.9140206526192,455.3448486328125,43694
2022-09-07,455.34487060247665,459.2425926821962,451.94050323779925,452.335205078125,63305
2022-09-08,454.90083507698347,468.71561097953827,452.92729566233277,457.713134765625,142012
2022-09-09,460.0320233613256,483.36911958570585,458.3051764720021,466.6927185058594,262182
2022-09-12,467.7288283029173,474.7842254918954,467.4328094444564,472.2679748535156,72602
2022-09-13,471.6758871016948,475.2775902586823,461.2654794632835,462.4495849609375,180596
2022-09-14,459.3412712420804,466.69271716677804,458.847886417975,461.5121765136719,143801
2022-09-15,463.7817233084404,463.7817233084404,449.96694857159326,451.4964294433594,106186
2022-09-16,453.27267086258536,466.74207133827224,441.13538540008363,445.9705810546875,217027
2022-09-19,449.3255936943564,452.3352292658221,439.11252116802126,442.9115905761719,114172
2022-09-20,445.033157282983,451.34847766068646,441.4314537179807,444.19439697265625,61716
2022-09-21,444.19438045933896,447.2533725936095,423.1268410557173,429.78753662109375,123235
2022-09-22,426.383196733375,436.15221081714856,421.74536706151014,425.9884948730469,104197
2022-09-23,426.03781254489735,427.8633424893942,417.40357777994575,417.9462890625,76469
2022-09-26,417.79827941134766,417.79827941134766,405.4143318862618,407.8812561035156,70921
2022-09-27,409.0160083110016,415.972722100438,406.84510309711646,410.1507873535156,49424
2022-09-28,410.1507916572204,414.8873039607193,404.5755492572923,407.5358581542969,49286
2022-09-29,410.5948890126931,419.2784505559923,407.33853084858924,408.8680419921875,50181
2022-09-30,408.8679867810531,414.88728731962595,405.56230262255815,413.111083984375,62708
2022-10-03,419.1797546065973,439.55657290991047,408.07859553212364,413.5058288574219,408401
2022-10-04,422.2387419712396,431.11966913166503,417.7982783910269,426.0378112792969,133826
2022-10-06,429.24480635598815,442.0728120631786,427.66596886156987,436.59625244140625,115224
2022-10-07,441.0860365575093,443.65164368776664,430.97164757604514,435.7081298828125,107557
2022-10-10,433.78394139750685,433.78394139750685,418.6370213438005,419.8704833984375,112766
2022-10-11,419.87049427829356,421.15328280282836,408.02925824694336,410.0521240234375,127898
2022-10-12,410.4961961359586,414.68996737052066,406.549117326959,407.2398681640625,120133
2022-10-13,409.11467711175163,413.2590913120903,405.0689157791355,409.4600524902344,262841
2022-10-14,415.035304055281,418.29163172327543,402.10861613944553,406.0556945800781,84704
2022-10-17,406.05571934033264,407.43719085602896,394.7078681315506,400.1351013183594,137588
2022-10-18,402.157964197096,403.9834940968049,395.10256712788424,399.6910400390625,205887
2022-10-19,400.62845689881186,401.8125924622667,395.8919748726291,397.0760803222656,51847
2022-10-20,399.34570529461735,399.59239771693575,392.73433633095476,394.7572021484375,74529
2022-10-21,396.68141898357766,397.076120840399,390.95816677511425,393.6717834472656,64810
2022-10-24,395.6946556271031,402.5527171903584,394.6092029180798,399.74041748046875,33047
2022-10-25,397.8655304348561,399.1483189198495,393.91845187940646,396.3853759765625,25614
2022-10-27,396.78006840396705,404.0328311004484,395.34924041600544,403.14471435546875,40792
2022-10-28,405.11827318673625,408.1279387278293,396.4840386336189,399.6910400390625,43280
2022-10-31,401.17121302770386,414.0979022344784,400.62850173344583,406.00640869140625,266655
2022-11-01,408.0785938503926,412.4204045837952,407.83190142753205,409.85479736328125,94807
2022-11-02,410.15076551284557,412.32167061112926,402.6019843294322,403.3913879394531,158600
2022-11-03,405.41430001943047,406.79577144974047,397.9148449656952,402.70068359375,150194
2022-11-04,404.7235753631242,404.7235753631242,398.1615630603583,401.96063232421875,50324
2022-11-07,402.40463035556655,413.9498467073538,402.40463035556655,410.20013427734375,106333
2022-11-09,415.4300262823496,417.3048826109786,405.06894486675657,407.6345520019531,114954
2022-11-10,397.1254529988877,404.37818574969367,382.91594611561345,384.79083251953125,544713
2022-11-11,389.7247424729346,389.7740689171412,379.70900496539673,383.1133728027344,135112
2022-11-14,385.03754890262604,386.27101102736043,381.33716252842277,383.7547302246094,74395
2022-11-15,385.678958595277,388.7379508096106,382.8666588157473,384.593505859375,86162
2022-11-16,385.82692599712607,386.51767678484816,376.0085561161216,377.7847595214844,198171
2022-11-17,379.70893882860486,382.07721001450915,374.97245668443435,378.8702087402344,84955
2022-11-18,378.87020291962006,381.58381934077846,374.03500775086485,377.9820861816406,47203
2022-11-21,377.636777754844,384.9388675414576,368.2624655671291,380.69573974609375,89436
2022-11-22,381.7811551940261,381.7811551940261,373.9856813160076,377.9820861816406,42913
2022-11-23,378.5248805164591,384.8895273086564,378.47552396087485,381.6825256347656,48091
2022-11-24,383.60670814553055,384.8401702295998,376.1566092032806,380.0050048828125,41385
2022-11-25,381.9291978010155,387.70180653041274,380.8931016684304,383.3106994628906,65092
2022-11-28,383.7053966309206,386.91239809543515,381.78118370668346,384.24810791015625,152091
2022-11-29,386.1229427946235,389.08325167405224,384.05075067007874,385.7282409667969,139886
2022-11-30,387.8004955368631,388.78726524560824,380.3010397276352,382.6692810058594,84697
2022-12-01,383.8533948706008,395.10256288774644,383.8533948706008,389.033935546875,157739
2022-12-02,389.0339525183853,393.72110857282365,384.24811347161557,386.813720703125,83195
2022-12-05,386.81370624622593,389.2313039557929,383.90272370726325,384.4454650878906,93629
2022-12-06,385.5802972895517,386.3203746355969,381.38652566196225,383.1133728027344,60736
2022-12-07,385.0375464264133,385.0375464264133,377.24204175716824,383.3106994628906,61392
2022-12-08,384.8402202404057,385.53097114277716,377.93283167198814,379.75836181640625,57172
2022-12-09,384.5934672381427,384.5934672381427,345.46805703000894,365.1047668457031,279976
2022-12-12,366.8809796954505,379.9063523945056,366.1409023855911,374.9725036621094,110131
2022-12-13,376.84733449084376,384.8401749157033,374.972478122993,384.10009765625,74401
2022-12-14,384.1000650700175,384.84014226668415,379.8076113065869,382.12652587890625,59312
2022-12-15,379.9063227193685,384.7414880766691,376.9460137111656,380.15301513671875,35955
2022-12-16,382.07721487222295,382.76793554871097,372.20951851822775,374.72576904296875,38462
2022-12-19,376.3539110700602,377.1433448008423,370.5319765819489,372.85089111328125,30849
2022-12-20,370.5813541993372,395.6946554764778,366.48626590732005,391.3528747558594,1281664
2022-12-21,405.95704673000216,406.5491145701015,379.3636215029934,383.4587097167969,738144
2022-12-22,393.67174219243407,393.72106862668454,365.9435105345581,382.12652587890625,152867
2022-12-23,370.5813419161569,377.68609566991086,365.1047822282613,365.94354248046875,109830
2022-12-26,361.749775941959,378.8702361602989,361.749775941959,376.7486572265625,73779
2022-12-27,375.02180736825534,387.75116041718036,374.82447149921666,384.5441589355469,67438
2022-12-28,384.3467899755551,384.3467899755551,378.03147005263617,380.7450866699219,47240
2022-12-29,382.8666314560136,383.01464088355465,375.9592437751061,378.4754943847656,25952
2022-12-30,378.91955967607674,390.7114694771497,378.91955967607674,384.5441589355469,78923
2023-01-02,383.8533852548098,387.45508837389696,381.0904423422051,382.521240234375,38294
2023-01-03,384.8401773132175,385.826946998636,379.6103100260278,381.1891174316406,38222
2023-01-04,384.8401562931764,388.7872348192602,378.9195385040506,379.4622497558594,57422
2023-01-05,382.8666296294065,382.8666296294065,372.6042311466401,374.824462890625,62427
2023-01-06,371.51875575031806,375.41650773001214,370.2852937458349,372.8015441894531,34278
2023-01-09,374.6270832210266,375.4658434275313,370.581321723748,372.6042175292969,45291
2023-01-10,372.9989532177237,374.3310983591228,368.06510463018765,369.8412780761719,25624
2023-01-11,371.7161137946771,376.4525957454226,369.1011503098473,373.14691162109375,41364
2023-01-12,373.24561881803515,375.71254293447953,370.03861746665746,373.788330078125,30723
2023-01-13,373.7883636054579,377.9328085383527,371.02542039274306,375.9099426269531,30904
2023-01-16,375.9099144304526,376.0085673055035,368.4597854210759,372.9989318847656,35902
2023-01-17,375.0711574922681,385.92562385944666,372.55487676612995,383.5080261230469,96612
2023-01-18,384.34680239589613,384.34680239589613,374.97249014233773,376.1072692871094,30618
2023-01-19,374.97247506186596,382.81730599355694,371.32141523284065,376.9460144042969,48229
2023-01-20,376.94603848601764,378.3275100912124,371.5681313887903,372.5549011230469,25041
2023-01-23,374.9724938093484,379.9556688526017,373.8377146534792,376.6993408203125,30105
2023-01-24,376.6992976198491,390.76076452510875,374.9724508069225,382.8666076660156,110140
2023-01-25,377.1926782770696,389.7739906329431,372.1108208776569,385.4815368652344,96984
2023-01-27,385.82695341980076,389.7740322271644,366.09155938298227,380.5477294921875,79711
2023-01-30,384.8401920825429,384.8401920825429,372.3082045512492,375.16986083984375,38837
2023-01-31,377.04470909618084,381.43581620108006,373.9857169977097,380.5477294921875,44062
2023-02-01,380.8930542280633,384.8401325102194,373.88698425447274,377.2913513183594,77941
2023-02-02,377.2913559008473,383.7546846208529,365.4007643631414,371.46942138671875,45953
2023-02-03,371.4694448540764,379.9063132721243,361.15769001973376,363.7232971191406,87431
2023-02-06,365.54883929974545,365.54883929974545,357.2106234742249,362.44049072265625,169839
2023-02-07,362.39118402670647,365.1048007893299,357.21064293442544,358.98681640625,28444
2023-02-08,360.8123592705408,362.78589880448476,356.7172707603718,357.70404052734375,37920
2023-02-09,353.5102690177128,361.89781203697464,353.5102690177128,357.70404052734375,43261
2023-02-10,342.6557621069869,387.15907949339413,336.4884517738878,379.1169128417969,420821
2023-02-13,379.9062897063288,380.8437328563261,365.9435061204052,369.9399108886719,93838
2023-02-14,364.6113878615359,374.9724692486702,358.1973850980718,359.43084716796875,58548
2023-02-15,359.67753480008105,363.62461337127536,353.31285855850234,355.33575439453125,44394
2023-02-16,353.5102024916595,361.6017251036391,352.77012530570346,356.6678771972656,55368
2023-02-17,356.37189248759313,370.0386596743297,355.2864397297838,357.2599792480469,114901
2023-02-20,358.19740206695366,388.2445515585945,354.1023138236632,363.920654296875,451403
2023-02-21,365.1047551462665,374.7750852640726,361.40436911437865,364.8580627441406,157397
2023-02-22,364.1180311405045,367.2263497738175,355.2864299927872,364.01934814453125,64894
2023-02-23,364.6113792028661,371.32140065823006,360.41760826480873,362.98321533203125,50684
2023-02-24,366.58490883349367,369.495891218345,356.51984680115163,359.8255310058594,45335
2023-02-27,356.22385509297925,368.70648554369484,356.22385509297925,365.94354248046875,109370
2023-02-28,365.9435161737981,370.0386040356961,363.1312167603631,365.0060729980469,50796
2023-03-01,364.9567872083854,375.9099371304614,364.9567872083854,373.3443298339844,112870
2023-03-02,375.1698532522032,377.93279637600307,371.02540845268186,372.3081970214844,40514
2023-03-03,368.6571418080256,378.9195399934167,368.6571418080256,374.72576904296875,47655
2023-03-06,376.60065856003274,384.5934993348492,365.59818217719464,368.4598083496094,71929
2023-03-08,369.0518543019141,369.2985467178913,360.4669461803789,364.90740966796875,64391
2023-03-09,368.55848498603467,368.55848498603467,361.40440462151327,365.7461853027344,56284
2023-03-10,362.14445823952417,373.9856939312797,361.20701503506564,366.78228759765625,67588
2023-03-13,366.8315972848456,402.6019951371002,361.2563550906371,369.00250244140625,3202316
2023-03-14,368.0651017886431,381.38649287214633,359.18417439964105,362.68719482421875,506101
2023-03-15,364.9567887452721,370.9267335348688,358.9868138418533,365.2528076171875,202530
2023-03-16,363.1312431965569,372.5055551812506,358.6907796248599,370.97607421875,134047
2023-03-17,370.0879723689296,374.28174368945076,367.07833676090803,368.4598083496094,49737
2023-03-20,360.2696167837846,390.7114674846575,360.2696167837846,387.6031188964844,429996
2023-03-21,384.74151189413567,402.40468404708935,382.86665542897475,399.0990295410156,510712
2023-03-22,403.53948180169965,413.7031976898758,398.0628918856338,410.5948791503906,678853
2023-03-23,412.46972501239907,412.46972501239907,401.61525856470433,402.25665283203125,194373
2023-03-24,399.9870962281231,408.52264794626524,389.9713899884366,394.1651611328125,116077
2023-03-27,394.1651568986744,395.2505794450907,381.4851606108886,385.185546875,111493
2023-03-28,384.8401653284737,387.109723488729,371.0253901628362,377.58740234375,167602
2023-03-29,374.9724614518186,383.2119939301685,371.12406589652437,374.72576904296875,165327
2023-03-31,377.93277920231276,392.1422562618289,377.93277920231276,386.1229553222656,112451
2023-04-03,386.1229310802211,393.67174258479986,383.35998825543896,385.4815368652344,54756
2023-04-05,387.45512750642945,408.5226672127499,386.5177143335341,407.3385314941406,170609
2023-04-06,404.5755662909349,414.44326302973815,402.6020269431742,412.0256652832031,203995
2023-04-10,419.37709434267174,422.1400372716369,409.5093980051971,412.5683898925781,197760
2023-04-11,412.56841187386584,417.40357731407795,404.62489783068355,406.2037353515625,89157
2023-04-12,406.5490726557133,412.02563185591225,403.0953790773274,409.9040832519531,79895
2023-04-13,409.9041274930118,414.7392930018491,409.5587520751331,410.4468688964844,43658
2023-04-17,410.49618834908443,419.37711550086755,410.49618834908443,417.6502685546875,179437
2023-04-18,419.3770883073948,423.32416678558207,414.5419231943792,414.8872985839844,59654
2023-04-19,418.3903456440803,418.43967208270806,409.5094184959748,410.94024658203125,93143
2023-04-20,411.4829720692212,412.4697417864136,402.6020446144898,404.92095947265625,44513
2023-04-21,407.5358913687293,408.52266108148655,396.97744339669845,399.5924072265625,48642
2023-04-24,399.59239538656493,403.83549298016845,395.398624231609,401.023193359375,37616
2023-04-25,403.58876353857545,404.2795142992054,396.6813763875485,399.987060546875,31387
2023-04-26,399.9871040502554,413.6538704225467,395.941342256151,410.4468688964844,62051
2023-04-27,410.4961724733506,414.39392461808455,405.0689394238231,408.4239501953125,72713
2023-04-28,409.5094462109942,410.4468895189341,404.57559746146416,407.1412048339844,53226
2023-05-02,409.50943694031696,419.37713421598727,404.87160717522306,407.3385314941406,63214
2023-05-03,404.57554490699596,412.3710188958547,399.7403797833103,401.9112548828125,49086
2023-05-04,401.61525539662864,413.45649142797885,401.61525539662864,410.0521240234375,72156
2023-05-05,409.46009346029706,413.4564986451092,406.20373542654175,409.5587463378906,56443
2023-05-08,405.61163885892694,418.9330286830606,405.61163885892694,414.7392578125,82440
2023-05-09,415.1340447274499,419.2291331559094,406.3517698855737,408.6706848144531,45083
2023-05-10,410.4962077317629,411.87767933117266,404.1315309269314,405.8090515136719,28094
2023-05-11,406.79577606793424,411.2362393603677,400.82583190919013,403.4407653808594,65767
2023-05-12,400.4804796071492,410.34817638143494,398.5069402522921,400.57916259765625,123248
2023-05-15,399.64173330795336,406.30242886308594,383.6560519301065,386.1723327636719,191362
2023-05-16,390.7607970562186,391.8955761764207,386.0243145919747,389.7247009277344,55655
2023-05-17,389.72467920444274,404.3781841862062,386.7643703008429,397.766845703125,68528
2023-05-18,399.6417093125792,399.7897187377088,387.30708865478357,389.033935546875,44312
2023-05-19,391.0074458500406,392.73429261404704,383.2119721952891,387.6524353027344,42715
2023-05-22,389.62599045883763,392.19159749346363,385.03751774884785,386.9617004394531,48612
2023-05-23,388.09649658203125,389.92202648214334,386.17231380663225,388.09649658203125,26388
2023-05-24,407.5358404679732,447.0066240484064,407.5358404679732,434.1786193847656,4899536
2023-05-25,429.244781186786,461.3147935743045,427.91263618792533,455.49285888671875,2358448
2023-05-26,452.5819200395779,466.89008078939577,447.0066772184477,456.0356140136719,750325
2023-05-29,454.9008070108459,464.472484626884,448.585487296366,454.8021240234375,303635
2023-05-30,445.3291591101249,455.8876070771371,444.1450535236722,446.41461181640625,124820
2023-05-31,443.256942742248,463.78173959808186,440.6913356068137,457.36773681640625,245667
2023-06-01,453.91405510112503,460.2787316149192,449.91764992239354,452.72991943359375,107775
2023-06-02,454.9995054859264,473.64944641578376,454.7034565136241,458.99591064453125,213895
2023-06-05,460.772076464861,488.45095168127244,460.772076464861,480.8528137207031,382197
2023-06-06,486.7241312074611,495.1116732556383,473.4027408956502,491.7073059082031,419336
2023-06-07,491.70733812389403,493.18749269996096,478.6326393686365,485.2933349609375,275790
2023-06-08,487.76021599170576,490.42450603784147,471.67588307060004,484.8985900878906,208051
2023-06-09,483.51710321952834,489.24035484476275,477.5964856290851,484.059814453125,149406
2023-06-12,483.5171678543865,492.3980954272222,481.2476095201908,484.6519470214844,181380
2023-06-13,484.65191402230266,488.50030968573583,479.07667144839644,484.2078857421875,101419
2023-06-14,484.20787798593346,507.9890023953133,484.20787798593346,501.1802978515625,611383
2023-06-15,508.18639846288147,512.3308432725734,491.4113134650776,494.3222961425781,369065
2023-06-16,496.24644462161837,502.80845668751056,490.7698851796212,493.7301940917969,103278
2023-06-19,495.3090308688284,505.12737067939287,493.7795198646345,498.61468505859375,131413
2023-06-20,495.358379153481,501.18031424028965,483.51714299841774,487.217529296875,84175
2023-06-21,489.68443057910895,496.14775963240874,484.750582412065,491.75665283203125,125146
2023-06-22,489.43774999203214,507.2489302597222,480.16212123672136,483.7638244628906,329183
2023-06-23,487.46419149042356,493.18744323162565,479.42202512321376,490.572509765625,123370
2023-06-26,487.4642181310864,494.61829825547983,485.58936177642323,489.98046875,60274
2023-06-27,487.5135823547191,495.3090874613871,485.39203341753927,487.80963134765625,58899
2023-06-28,487.80959677369896,498.1706784018669,478.87931311160463,482.18499755859375,107492
2023-06-30,484.35587361261105,495.35834884405284,476.11634126943324,479.1259765625,86679
2023-07-03,480.5568045083183,495.35834879502215,480.5568045083183,492.2500305175781,126533
2023-07-04,491.4113146914564,497.77599135497684,478.0405971906613,484.5532531738281,176086
2023-07-05,484.15854415787027,493.3848468160955,481.09955208484627,485.046630859375,71924
2023-07-06,485.04663986566214,491.4113165532968,484.6519380036447,486.52679443359375,68202
2023-07-07,487.41490754269495,493.28616921568783,476.7084502269976,479.2247009277344,101694
2023-07-10,479.2247072818929,486.0334123098896,473.1560795420224,478.58331298828125,85396
2023-07-11,478.583282176029,487.0695072229453,470.0477306919422,476.90576171875,213290
2023-07-12,476.9057860995883,485.3920115803455,475.6229975293738,479.2247009277344,226069
2023-07-13,482.82637565801423,490.96722523609355,468.7155817682046,479.5207214355469,175014
2023-07-14,480.55683325543265,486.3294418953309,473.7974549373919,477.1524658203125,128988
2023-07-17,479.5207392902191,486.7241459274488,475.6229869985409,480.80352783203125,117167
2023-07-18,482.4810482486409,487.7602419583545,468.02484831061497,477.4485168457031,438248
2023-07-19,477.4978567988089,498.31870370922604,477.39917380501305,479.66876220703125,341149
2023-07-20,482.08626603404053,483.17171859428754,471.6265325820727,474.34014892578125,75940
2023-07-21,476.5603923368651,477.94186375981604,465.75525312664126,469.70233154296875,122788
2023-07-24,471.1331799575458,476.9057583008502,455.29550905652195,458.1571350097656,125422
2023-07-25,455.93689876703706,469.1596359949574,452.4832050372589,457.41705322265625,217463
2023-07-26,458.8478943459061,467.67949489551137,457.417066285751,461.16680908203125,70337
2023-07-27,457.0223485631902,467.72880508203,453.9633566844046,455.2955017089844,106518
2023-07-28,458.699863055023,485.4906521670895,458.699863055023,480.6554870605469,370029
2023-07-31,483.5171590518807,493.53286560947674,479.6194066425664,488.2043151855469,765814
2023-08-01,488.45098465100597,495.35837231273734,483.76382873768824,492.7434387207031,204072
2023-08-02,494.42095434220374,500.4896121889434,490.3752225961398,495.21038818359375,312077
2023-08-03,495.1610326834798,526.9350296637915,493.97692708960716,512.1334838867188,1015773
2023-08-04,513.6179297620346,524.5038589092068,506.6905203047432,522.2277221679688,273427
2023-08-07,522.0297725610542,533.2125783572744,519.55569780958,524.1079711914062,196446
2023-08-08,528.363421392511,528.363421392511,511.34177523755227,520.0999755859375,132628
2023-08-09,529.451984778978,561.0706714644458,524.5038353885203,526.1862182617188,1392909
2023-08-10,527.472719207402,535.1423506780537,512.628271199689,532.2723999023438,243311
2023-08-11,526.8294378374515,532.420870771307,512.9251502258182,516.4878540039062,352753
2023-08-14,516.5868046635321,516.5868046635321,497.5858986184534,509.2635192871094,208529
2023-08-16,505.70088219572267,508.66977191507135,496.7942130376767,497.9817810058594,319179
2023-08-17,496.79420601296533,504.0679917627392,491.9944949943317,494.02325439453125,246513
2023-08-18,494.81491909261314,502.8309268221347,486.00721957298583,493.429443359375,113947
2023-08-21,495.90354136557073,503.0783580311241,489.81732361363316,494.61700439453125,235088
2023-08-22,496.7942180765086,511.6386668238147,492.24191442044645,502.2371826171875,250744
2023-08-23,509.16457637831326,510.6490212074046,497.28901774558295,499.713623046875,70783
2023-08-24,507.0863827794139,507.0863827794139,494.81494791035107,498.8724365234375,58201
2023-08-25,496.79417146928535,500.35684487462487,488.9761019027189,494.6664733886719,51223
2023-08-28,499.76304614170584,504.7111951134059,488.8771184039657,491.9449768066406,205590
2023-08-29,494.36957023321855,513.5189437135992,491.89549565452944,509.6098937988281,339919
2023-08-30,513.6673573613325,520.5452968430278,510.55005960065296,513.8652954101562,171497
2023-08-31,517.6753501599397,519.4072023967232,497.2889994192591,502.8309326171875,128686
2023-09-01,502.7319597473894,513.4694193724479,499.76307022132215,503.47418212890625,166164
2023-09-04,507.13582108114986,510.6489949153383,503.72158606958754,509.3130187988281,116063
2023-09-05,512.628266839691,517.8732930106969,505.7008578283438,512.380859375,100337
2023-09-06,519.2587630670128,526.4830484559858,514.6074909720162,518.4175415039062,227394
2023-09-07,522.4750997400258,528.4623483477932,518.4175810488364,522.0792236328125,116552
2023-09-08,524.701736538354,525.9387737989582,513.6178706028976,516.8341674804688,89386
2023-09-11,519.4567410442806,520.5947791493345,509.01609763178817,511.6881103515625,185753
2023-09-12,514.261227630687,514.5581045352156,486.0072744401421,489.22357177734375,192623
2023-09-13,491.64812151855705,498.5260613939137,488.38235493378943,493.47894287109375,76766
2023-09-14,495.7550679814767,499.36721076656517,489.86675850087266,495.35919189453125,74854
2023-09-15,495.9035357647816,498.3281108347484,471.0638198940145,474.9233703613281,606160
2023-09-18,482.0981869458483,486.0072370275124,473.5873639915754,474.9233703613281,132020
2023-09-20,474.9233514551486,474.9233514551486,465.22499115914866,467.74853515625,117034
2023-09-21,467.00633755727614,467.00633755727614,461.16752726517035,463.5921325683594,75701
2023-09-22,463.5920979312022,472.8451125208883,462.4045300752859,469.4803771972656,126792
2023-09-25,471.8554991662625,474.03269691101445,465.81878125792576,471.9049987792969,94818
2023-09-26,471.95448083439163,474.428555519203,467.74855387021233,469.7773132324219,75376
2023-09-27,471.01432875013865,476.60573123851043,464.8786117356653,473.4884033203125,78368
2023-09-28,483.9290146547467,493.13256052172534,471.11329553999093,473.88427734375,177976
2023-09-29,477.9912054933934,478.2386129496529,472.0534265431649,473.7358093261719,52435
2023-10-03,484.5227773729037,484.7206852209217,471.3606823349103,477.3974304199219,122190
2023-10-04,475.0223248359633,483.8795240149096,474.28010245340704,477.3974304199219,88666
2023-10-05,477.79328826801446,481.85077676769873,476.1109356128037,480.56427001953125,48316
2023-10-06,483.9290052749546,483.9290052749546,472.69670023704253,475.4181823730469,74000
2023-10-09,473.04309008892847,482.93938904476374,465.81880393161174,478.2881164550781,107553
2023-10-10,480.66322600620094,482.93936256077865,471.5586193856783,472.3998107910156,79308
2023-10-11,474.0326915922619,478.18914898520427,470.61845657655175,472.795654296875,110706
2023-10-12,475.17078411617246,476.952136033112,471.0638261260929,473.88427734375,45889
2023-10-13,473.8842570127891,476.0119551379454,471.0638059161372,472.15240478515625,35186
2023-10-16,476.80368240475707,490.6090318410919,472.5482858378646,486.7494812011719,215314
2023-10-17,487.88751320304243,498.7239720777512,487.88751320304243,492.8851318359375,172442
2023-10-18,493.3305000281405,499.7630943113559,486.996874774119,494.2211608886719,119259
2023-10-19,493.33047340029765,493.33047340029765,483.0383291428997,488.38232421875,77565
2023-10-20,487.7885663632188,498.72399475991904,486.40309055851276,489.12457275390625,115687
2023-10-23,489.8667638639686,492.835653341932,446.3725209313619,458.00067138671875,140742
2023-10-25,465.12603522142655,467.896986755069,440.3852886670954,444.838623046875,230664
2023-10-26,432.56723735699364,463.0973259552624,432.56723735699364,457.0110778808594,296197
2023-10-27,463.09733201760537,474.82442238018353,458.248121260518,471.41021728515625,98934
2023-10-30,478.9808581250097,478.9808581250097,464.2848484832256,469.8762512207031,56077
2023-10-31,469.8762520589287,472.3008573304866,467.1053004923828,469.7773132324219,45512
2023-11-01,465.67030543338166,474.82438138068346,465.4228979753465,467.94647216796875,56658
2023-11-02,470.3216027755578,476.3583511133719,466.2641142074462,474.03271484375,59132
2023-11-03,476.40782911245014,484.9186523157647,475.02235328891237,482.8899230957031,83609
2023-11-06,489.8172909962342,490.85639022574577,465.2249839537757,468.9855651855469,233343
2023-11-07,468.98559690635005,470.86588764941297,458.39657524746536,463.6416015625,86793
2023-11-08,463.295211421488,481.949740262421,461.21698268198315,471.11328125,182428
2023-11-09,473.48842258675074,473.83476887978355,462.1571485138381,465.0270690917969,60934
2023-11-10,465.126009556347,469.3319362385054,462.1571201336469,464.6806640625,52564
2023-11-13,474.9233386110363,474.9233386110363,463.1467499412136,464.6806640625,78367
2023-11-15,466.11568155408395,468.0454719339548,455.328721715453,457.6048583984375,129446
2023-11-16,457.60483266188527,461.16750613144814,455.32869610691495,456.8131408691406,68237
2023-11-17,459.188265869404,460.1284263390192,455.5761228354373,458.6934509277344,52693
2023-11-20,462.4045592989669,463.69106605659505,452.26085307571503,454.1411437988281,69914
2023-11-21,456.41729746457054,459.2377183673126,451.27121018031744,456.3677978515625,65827
2023-11-22,455.2791897795374,461.5138758095972,455.2791897795374,457.9512023925781,61373
2023-11-23,457.20895766149954,458.9902791823365,455.2296981045234,456.5657043457031,45756
2023-11-24,456.56575983340423,458.990334964703,451.1227953902212,452.3598327636719,54340
2023-11-28,450.6774180668367,454.0916530571809,446.61992972789153,447.3621520996094,62794
2023-11-29,449.3909413951925,450.7764172080803,443.9479769722629,447.5106506347656,99187
2023-11-30,450.28158028776676,454.5369765485054,446.619937774215,451.22174072265625,58233
2023-12-01,451.5186138282498,463.5921099387297,451.5186138282498,462.20660400390625,96135
2023-12-04,466.1156969904425,469.2825248466172,459.1882874810304,465.3240051269531,96497
2023-12-05,465.3239400015385,473.88423165701624,462.7013968934178,471.26171875,124292
2023-12-06,472.0039572477418,489.86676351360376,471.2617348787818,484.1269226074219,276819
2023-12-07,487.19476168339526,487.19476168339526,478.04068559703427,482.2961120605469,97056
2023-12-08,484.7207147815122,497.78384159159566,478.2881204070681,482.79095458984375,167675
2023-12-11,486.60101380576765,489.8667802603943,477.59537604762795,486.4525451660156,97777
2023-12-12,493.7758520252407,493.7758520252407,479.9210333876474,482.8899230957031,81062
2023-12-13,485.31448940062893,487.8875331409854,476.9521349958545,484.3743591308594,73565
2023-12-14,489.7183550004682,501.64338304323627,478.3870807282604,494.5675354003906,346554
2023-12-15,496.79419966443214,516.4383286177675,494.8644093183605,505.40399169921875,625930
2023-12-18,514.6074781897169,522.8213931649959,507.6306004216247,515.399169921875,321666
2023-12-19,529.353030596843,529.353030596843,512.2323858807151,518.3681030273438,148230
2023-12-20,519.3082733382608,523.4647308651461,486.9968641817328,496.0519714355469,209722
2023-12-21,496.05201247602986,518.0218094481801,491.7966157711431,514.6570434570312,156780
2023-12-22,516.6362362981872,546.4735995810247,516.6362362981872,531.332275390625,619848
2023-12-26,532.420837680535,546.3745938380442,529.6993557035435,542.8119506835938,267640
2023-12-27,551.2238424901497,560.1305113993262,536.676271191385,541.574951171875,412198
2023-12-28,542.762512051507,552.7577495365468,542.762512051507,547.9580688476562,198190
2023-12-29,549.2445415225836,553.4504681919008,539.3482434771317,543.3067626953125,168392
2024-01-01,540.3379257164888,558.5471400480407,540.3379257164888,549.8878784179688,142165
2024-01-02,549.2940226647411,558.1512216850434,537.9132796693899,541.3275146484375,142064
2024-01-03,543.3562545119491,551.8175776092955,541.5254634589265,544.6427612304688,107460
2024-01-04,547.2157806846047,550.9268922358582,536.8246683410949,538.2596435546875,91681
2024-01-05,545.2366035190785,551.2238523120427,534.1032671842303,539.9915771484375,141122
2024-01-08,549.1951127006382,549.1951127006382,527.472724805053,531.3817749023438,85168
2024-01-09,533.4105418778489,539.3483215648008,521.534982503945,525.0481567382812,98510
2024-01-10,524.5038465937658,528.9571811403166,513.6179177021971,519.1103515625,90045
2024-01-11,519.2093512992915,526.0377613693221,512.133473351996,524.2069702148438,136367
2024-01-12,526.4831339084192,528.4623938103305,518.3186868130348,519.6546630859375,64821
2024-01-15,520.0010377406893,521.3370139311999,508.66976342062344,509.6593933105469,87875
2024-01-16,511.63858889246853,519.4566882027722,509.65932936096965,515.399169921875,83321
2024-01-17,510.6490262434823,514.6075458267651,495.90354683597536,498.8724365234375,76246
2024-01-18,497.7838406506153,517.9723148100553,495.75511143218415,513.7168579101562,115516
2024-01-19,514.6570295504505,523.8111063413087,510.25316431116187,517.0321655273438,107698
2024-01-23,510.6490113943139,514.8054689163382,498.1301996164382,501.2969970703125,52682
2024-01-24,505.0081151392103,526.4336261790015,505.0081151392103,515.7951049804688,178442
2024-01-25,519.55569102151,529.3530510702302,515.943517770665,520.198974609375,117688
2024-01-29,515.1518611872514,522.42567760055,510.649056970763,514.26123046875,78081
2024-01-30,515.5476185779438,529.4519041677013,511.68803848013835,518.8628540039062,140420
2024-01-31,520.198945544029,528.0169849783929,513.8652904560025,519.9515380859375,79913
2024-02-01,520.5452949371639,525.3945053056382,511.6386263926116,519.3577270507812,209044
2024-02-02,517.6753817214161,527.6706800529986,504.8102230934859,507.92755126953125,113286
2024-02-05,535.1423495773811,538.7545227460472,518.6649881618246,527.373779296875,473403
2024-02-06,529.3530442892795,569.5319930527028,529.2540450604529,541.9708251953125,1268697
2024-02-07,545.1376088897654,548.2054978359274,529.4519990598142,534.0042724609375,176868
2024-02-08,534.2021998168407,534.3506684604695,510.6984900492222,515.2012939453125,139211
2024-02-09,515.59718479599,515.59718479599,499.76310618421286,512.7272338867188,147235
2024-02-12,515.300290266837,536.7752707295436,505.1070843886926,510.59954833984375,159858
2024-02-13,512.6282833242464,518.9619387848913,500.1589406626242,514.7064819335938,172221
2024-02-14,509.70882866735826,530.6395236015967,506.69046978521277,525.8397827148438,119286
2024-02-15,525.8397576794287,566.2661702982386,502.4350497022095,561.6643676757812,589988
2024-02-16,573.9853140024038,586.4546259732952,555.1823468195664,559.6356811523438,1176400
2024-02-19,588.8297403671035,603.6741876032489,581.9023316569023,599.5671997070312,1101977
2024-02-20,599.715677837171,604.6638269942434,584.8712303659539,587.5927124023438,389370
2024-02-21,588.8297912650137,593.4810638814998,567.9486245087709,575.4697875976562,247970
2024-02-22,588.3844407462058,593.2831207965285,573.9853378848816,591.7492065429688,223699
2024-02-23,593.7779532585208,598.7261028690085,585.7619750504175,593.8768920898438,189927
2024-02-26,600.7053850044568,601.695014963278,587.8401955397815,595.3118896484375,136622
2024-02-27,595.7572118726828,606.64314099328,579.4777876073463,583.8816528320312,179461
2024-02-28,584.8712565794707,591.3038507719691,571.0164383187049,583.139404296875,188437
2024-02-29,583.8816344652892,586.652586073834,569.6309399038944,581.8529052734375,120888
2024-03-01,582.050862690608,595.757212947194,578.7850356267651,583.6837158203125,90795
2024-03-04,589.2256000973808,590.7595141887589,578.8839567295081,581.5559692382812,56459
2024-03-05,578.9335127505254,583.3373780476182,564.0890637056402,566.9094848632812,90563
2024-03-06,567.0579060935286,575.1234135609795,551.5701747243298,559.437744140625,124348
2024-03-07,573.9358558348285,588.6318352600325,564.682780298555,578.4386596679688,160876
2024-03-11,593.7284872003956,593.7284872003956,550.2342397978055,557.5079956054688,91221
2024-03-12,558.8934394434954,562.10973635043,542.5150780440085,557.7058715820312,116256
2024-03-13,563.940579167789,565.5240232626343,529.6004696664417,543.9995727539062,308538
2024-03-14,545.2861006127531,569.0372193327278,534.5981092692081,565.9198608398438,152141
2024-03-15,556.3699536010355,571.0164643496651,554.1432862790481,568.3939208984375,90060
2024-03-18,560.0809902577437,575.8160676360299,554.2421503512182,571.1648559570312,122951
2024-03-19,575.5963922697595,581.5714413244629,571.115105478732,580.7747802734375,132411
2024-03-20,580.7747637024955,587.5464736150107,570.8661288132286,574.2520141601562,229961
2024-03-21,575.6959438895657,593.0733901318514,574.5507626392347,587.2477416992188,400746
2024-03-22,593.521511076347,623.3967549224718,590.6833872235009,619.1644287109375,787203
2024-03-26,623.8946400126473,626.8821642265946,592.5256357662014,607.4632568359375,311939
2024-03-27,613.0399989922461,617.7702460856472,604.6749669169309,612.5919189453125,152092
2024-03-28,612.5918643824145,615.4299880731302,602.4840498126921,607.4632568359375,174168
2024-04-01,610.5006236583562,657.3051744833906,610.5006236583562,646.649658203125,599287
2024-04-02,663.2304862835016,681.4543748764637,650.9318671942362,663.8778076171875,1038040
2024-04-03,663.6287534017097,682.4998998790406,651.1807355241366,680.7073974609375,397002
2024-04-04,680.7074853580013,683.8941905024141,667.7117651719966,671.944091796875,179822
2024-04-05,672.193007368772,685.1389467699482,667.213799906781,673.9357299804688,196278
2024-04-08,673.8859936493817,675.6287163737986,651.7285190103663,659.6952514648438,148491
2024-04-09,663.3300004463046,678.6162039771847,649.2886595747854,652.2761840820312,127670
2024-04-10,658.7989536192234,668.3092280976095,647.7949168422003,657.7035522460938,156189
2024-04-12,657.7035429800809,668.0104783829295,642.4173392039158,646.0521850585938,167994
2024-04-15,628.7244728317335,666.0187471532864,612.5420493287726,619.512939453125,221103
2024-04-16,618.7660978781104,641.720293306909,618.069057446238,630.36767578125,143340
2024-04-18,632.0606151469273,639.3302459744809,612.7412656445075,619.4631958007812,116087
2024-04-19,615.4300273003299,634.3510151946766,605.4716126190948,627.1311645507812,234245
2024-04-22,632.2597474492397,637.3385144235173,622.4008929917161,627.0813598632812,69374
2024-04-23,629.3718102097292,745.5367422136653,628.3261888205539,714.068115234375,4936864
2024-04-24,719.8938643128533,763.3125305854783,713.2714938445516,738.5160522460938,3481925
2024-04-25,736.0264016945172,744.5906747533095,707.6449199718801,725.3211059570312,660593
2024-04-26,727.8605553652422,741.4537549736986,716.5577182021598,719.943603515625,321879
2024-04-29,723.9269902103306,729.8522592885628,704.8068212638594,707.49560546875,224157
2024-04-30,709.2383322501879,754.4495001232305,705.055785771546,736.5243530273438,1038621
2024-05-02,736.5243327981655,739.3625174791999,717.0058641423813,719.0971069335938,210288
2024-05-03,724.1759288192184,746.3831814341053,714.2175141236332,733.287841796875,407606
2024-05-06,744.3915162704619,778.5488673357012,742.399833283785,753.4038696289062,985166
2024-05-07,759.478512528226,760.1257730073544,715.1137269333665,724.8231811523438,383773
2024-05-08,726.9642982806827,736.3750126544202,719.993407749224,722.93115234375,88901
2024-05-09,728.6572649768942,731.8439700524277,703.0641253127807,712.325439453125,123923
2024-05-10,702.0682090447067,726.7650643839127,698.3338036774476,716.4581298828125,150352
2024-05-13,707.0474353371326,722.134457741721,706.6989151392906,717.3543701171875,123949
2024-05-14,721.9850440513153,744.6902167286615,721.9850440513153,735.0803833007812,183044
2024-05-15,737.6695452075072,739.3127078927624,717.105395200021,718.5493774414062,97344
2024-05-16,722.9809163975815,723.9767578802227,715.1635850713835,718.001708984375,196436
2024-05-17,721.9352774880157,744.8396310332673,713.7195854554798,732.2919921875,261751
2024-05-21,828.5401645951097,889.5354591641607,827.5941029720555,831.975830078125,2322406
2024-05-22,836.5068465827549,851.0959486362879,811.6108094820776,827.3450927734375,943198
2024-05-23,832.6729318653056,849.7017979661534,819.926111468807,824.5070190429688,481226
2024-05-24,824.5567208378892,834.9632761496592,801.6523674812811,803.0465698242188,376499
2024-05-27,811.3120637098123,828.988249931827,792.7395958456946,801.2540283203125,225974
2024-05-28,805.287233542183,813.5527056332483,786.7147657100367,790.5985717773438,173433
2024-05-29,792.6897823253901,827.5442325532654,792.6897823253901,801.5527954101562,571850
2024-05-30,811.1129223147765,811.1129223147765,784.274981053065,789.453369140625,145393
2024-05-31,794.0840107824874,796.1254736353284,776.8061248463479,782.3828735351562,141391
2024-06-03,806.6315957105022,806.6315957105022,761.818729282141,765.25439453125,237370
2024-06-04,762.8145407027212,781.7355280047468,677.172177125131,716.9560546875,400131
2024-06-05,717.0058375929368,781.7355312645213,717.0058375929368,736.6737060546875,840595
2024-06-06,747.8769660377463,786.4160442201942,746.831344619661,782.4326782226562,408136
2024-06-07,781.7355799141393,802.1005508082983,773.0219667622301,788.8060302734375,546234
2024-06-10,790.6981541496713,808.5735213021444,781.9347610710314,785.8683471679688,211693
2024-06-11,790.6981543180849,807.0797592180969,782.1837216136232,802.3992919921875,664067
2024-06-12,811.9095377887504,831.9259877910938,802.7976248131816,825.851318359375,575180
2024-06-13,830.5317680822243,839.4943411190828,810.5153792791089,814.7974853515625,425737
2024-06-14,814.797495132111,831.228879230255,806.6813629165528,811.51123046875,364729
2024-06-18,812.5070880733259,836.2081031477317,809.1709826455823,828.4405517578125,367143
2024-06-19,834.8636404555103,884.3071918817012,820.3741597718242,863.7430419921875,579372
2024-06-20,878.3321749676753,899.3942463330075,858.4651255204719,872.0086059570312,731811
2024-06-21,882.8134477129643,891.726240869831,857.4692705885127,882.2657470703125,394557
2024-06-24,871.7098449387433,885.5022863759959,867.4277385849524,872.4567260742188,301547
2024-06-25,881.170317578399,907.2115968386079,871.9090038832961,878.7803344726562,351622
2024-06-26,881.3197287134449,918.1658642641764,876.3405212065893,901.087158203125,400340
2024-06-27,910.0995532376454,945.7506660792095,890.6308036710194,897.253173828125,427517
2024-06-28,898.2988087676787,909.4522456724068,884.3072479136022,897.402587890625,175916
2024-07-01,906.2157478551477,959.9911878377609,895.361051397973,898.8464965820312,1126685
2024-07-02,905.2199312014269,931.1118104217097,900.6888644941458,918.3650512695312,499408
2024-07-03,925.1367817173076,951.0286615070278,911.4937405949172,920.8546752929688,345812
2024-07-04,925.6844500245613,938.5806095480951,913.5351716226837,921.40234375,251334
2024-07-05,921.4023299079695,937.086833227127,911.1949547320098,916.7218627929688,242174
2024-07-08,916.7218883946858,924.5890606235255,888.1910656480386,894.365234375,191318
2024-07-09,882.3653054651785,919.8587604062873,882.3653054651785,894.0166625976562,339056
2024-07-10,892.2739562553434,896.904643398892,848.7556719022468,873.6019287109375,613154
2024-07-11,882.3155199768195,920.1574948742451,881.3196785321503,897.8008422851562,480138
2024-07-12,901.0374159395117,913.4356553059845,886.8964538728095,895.1619873046875,137984
2024-07-15,899.5436081233725,933.1034785807852,897.2531848466249,919.56005859375,265695
2024-07-16,924.3400901145216,931.3109805968613,913.2364331051152,917.1202392578125,332958
2024-07-18,921.1534215940509,938.03294780007,912.6887685307541,917.0704956054688,279971
2024-07-19,915.2779079408971,916.1244096935839,881.3197367471321,890.0831298828125,158757
2024-07-22,886.7968650546002,915.2281280216431,880.3238952366834,890.0831298828125,225449
2024-07-23,882.8134683948615,900.8381747963097,860.5065950219251,889.2864379882812,269692
2024-07-24,889.3362310552936,896.3569014080019,868.6227402063544,877.4359130859375,164339
2024-07-25,876.3405511195017,910.1991633218461,869.469220212959,897.352783203125,328289
2024-07-26,908.9174202053105,920.6813933539736,898.8981058962462,911.1107177734375,206593
2024-07-29,915.4972202286964,928.1584703941803,904.2317214259093,908.2693481445312,117616
2024-07-30,908.2693289771938,945.3059660422882,904.0821358263354,937.0313110351562,546818
2024-07-31,941.6671114608683,966.9397768241809,928.2581502541644,933.9906005859375,272134
2024-08-01,947.9977528611455,1006.91734757263,947.9977528611455,978.005859375,823986
2024-08-02,982.9407616862532,985.7322035442153,957.0699523665705,973.3201904296875,217031
2024-08-05,882.2988991051581,920.1330844060518,871.0832351334823,911.9082641601562,954930
2024-08-06,917.5409873100847,937.1310381383771,913.603091733175,923.8716430664062,336879
2024-08-07,935.1370870169644,945.0068951107419,923.5725162505449,940.3212280273438,214795
2024-08-08,940.3212298443186,956.9702712074393,937.1309845357001,945.1065673828125,179492
2024-08-09,946.1533592198881,971.6752610762145,945.7546165831624,968.33544921875,251961
2024-08-12,971.475898915318,996.8482352861021,961.2571828815124,994.7047729492188,310030
2024-08-13,997.8451736060005,999.2408641513019,943.2622762912455,967.3883666992188,619729
2024-08-14,969.0333544527641,992.6111965215385,958.6152367747272,965.1951293945312,232605
2024-08-16,974.0679344524611,995.9509530480661,963.7495480171872,980.7474975585938,176960
2024-08-19,988.0750419606131,995.9509547309669,975.3639562020347,985.8319091796875,248779
2024-08-20,1000.7861272425373,1025.261246919632,979.0028399199165,984.23681640625,219799
2024-08-21,987.6762263820916,1044.8013248152918,981.9936115868917,1030.744384765625,379173
2024-08-22,1036.7758816325468,1078.6975879582637,1036.3273037732117,1043.55517578125,478481
2024-08-23,1048.7891710336835,1052.2285925447648,1007.5155044120115,1011.4036254882812,124321
2024-08-26,1011.4036195076994,1025.5104562829633,982.7413680923753,995.2530517578125,163975
2024-08-27,993.0099502404261,1022.1208412841302,989.2215603649629,997.4962158203125,130526
2024-08-28,997.4961899489989,1014.244902176402,992.012976604685,1010.1076049804688,144848
2024-08-29,1010.1076029819026,1015.8898885092372,985.9814521448827,1004.6243896484375,133621
2024-08-30,1005.5715412029876,1044.801417412268,990.3680854629713,1029.8970947265625,1040639
2024-09-02,1031.8410304302688,1048.6894735275664,999.7891325367765,1022.419921875,220823
2024-09-03,1016.8868361313084,1035.9285162722585,985.7820501504591,1003.8268432617188,238530
2024-09-04,1003.4778324755476,1066.7341848596627,996.9976715394843,1049.0882568359375,512626
2024-09-05,1054.7709025033205,1072.3670576833076,1046.7953191195525,1048.6396484375,208765
2024-09-06,1048.639601188707,1075.60708996909,994.1564361625254,1002.7301635742188,330163
2024-09-09,1004.9234549920951,1008.911246480159,978.6040068313259,986.1808471679688,197559
2024-09-10,986.1808785114288,996.598996274885,976.5104716757487,988.7230834960938,105157
2024-09-11,990.6671000155965,990.6671000155965,949.5928360401995,953.48095703125,113412
2024-09-12,960.9081774625273,996.4493932678049,945.4554855209054,973.419921875,264028
2024-09-13,973.419923888857,981.9936512249793,960.0607981011727,979.0028076171875,93304
2024-09-16,996.8482321585566,1001.0353646704187,976.0618318798307,985.4331665039062,140727
2024-09-17,994.9539985447067,1055.7678200990424,972.0740321999816,1049.9854736328125,455713
2024-09-18,1051.7800591397108,1065.7373300666832,1039.5175510033444,1049.437255859375,226338
2024-09-19,1051.3314377855602,1053.9732523150287,999.739324036155,1013.7963256835938,154283
2024-09-20,1015.1920182514796,1046.795278348538,969.6314877764406,1019.57861328125,1220394
2024-09-23,1031.5419333036257,1049.786128373254,1017.8837958870773,1037.4239501953125,105317
2024-09-24,1039.7666929082893,1047.7921716365495,1015.4910375338969,1038.719970703125,124484
2024-09-25,1043.9539852412104,1101.6273951165902,1040.414771627578,1059.50634765625,553181
2024-09-26,1064.4910889419202,1079.6945439701235,1042.9570392743074,1064.291748046875,230531
2024-09-27,1064.2917315209895,1117.9773491851292,1058.7586222454147,1100.53076171875,351651
2024-09-30,1096.2438724833803,1145.4931224532054,1086.6731971053036,1114.3385009765625,712528
2024-10-01,1117.5785544842888,1128.4453105311322,1105.2163766428635,1123.659912109375,196932
2024-10-03,1089.664081426287,1115.584727462045,1047.7922685992935,1052.826904296875,295463
2024-10-04,1060.054709661685,1069.3761478258402,1028.3517189913869,1038.5704345703125,137781
2024-10-07,1037.3242935563396,1046.7952986392663,978.803439453113,987.925537109375,231481
2024-10-08,990.9661936768252,1035.0811374094203,969.2825772658887,1010.6060791015625,309384
2024-10-09,1014.1950762560369,1058.758659105683,1014.1950762560369,1036.2276611328125,155419
2024-10-10,1045.1502868880216,1054.3720547888706,1003.1289702059073,1011.5032958984375,90902
2024-10-11,1006.9173652772508,1213.784051707973,993.5084040352203,1197.43408203125,3354412
2024-10-14,1168.1238202126851,1230.682301712181,1091.7576344667934,1106.412841796875,3145667
2024-10-15,1114.5876908064752,1133.7789368243864,1056.7647157914703,1072.8155517578125,1087416
2024-10-16,1090.6610441814146,1136.321308421307,1086.723148505379,1100.48095703125,1212767
2024-10-17,1105.1167478684392,1118.5755445271889,1054.7708788857092,1068.52880859375,464766
2024-10-18,1061.7495332553779,1068.8777352125564,1029.847199861789,1034.084228515625,288015
2024-10-21,1031.342582077899,1045.2499563277415,1001.9326196116854,1008.7118530273438,200296
2024-10-22,1017.8837987558901,1021.3232203076535,949.0943941386947,958.2164916992188,422204
2024-10-23,958.2164937022145,985.782066492042,940.6203390143845,964.3975219726562,217568
2024-10-24,973.4199223625975,1006.8675111541852,964.4473915532905,975.1146850585938,251208
2024-10-25,977.9560091557013,989.9193833988647,927.2611742909756,939.7230224609375,205183
2024-10-28,913.2042712784901,1033.735296052066,904.6305437261223,962.303955078125,569732
2024-10-29,961.1076009965251,965.045557331028,918.2388417349194,949.9417724609375,351606
2024-10-30,957.2693623304815,1014.4442986571663,952.1350564315422,995.950927734375,769651
2024-10-31,996.9478922109552,1051.480893235798,993.5582450378897,1043.4056396484375,284140
2024-11-01,1074.7098000639755,1074.7098000639755,1046.7952598025736,1052.328369140625,46607
2024-11-04,1048.3903944608285,1048.3903944608285,990.5175806403385,997.9946899414062,320319
2024-11-05,996.9479033189796,1013.2978732729592,982.4921587208544,987.8258056640625,214297
2024-11-06,1000.9356788812681,1041.1127274198413,987.72611937412,1028.8502197265625,193548
2024-11-07,1023.8654508149843,1056.814626221864,1023.8654508149843,1030.99365234375,130083
2024-11-08,1036.8258263385953,1042.807513798241,993.1595200529556,1007.0669555664062,184914
2024-11-11,1006.9173619189592,1023.6661350339347,983.4890866663893,1016.5877685546875,225829
2024-11-12,1008.9112755432461,1014.7932924971277,977.0089427197443,980.3486938476562,216610
2024-11-13,981.993656726239,983.9377172519684,902.6366302278085,910.8614501953125,262999
2024-11-14,910.8614850939032,944.8075493633405,909.5155689019682,924.4697875976562,251603
2024-11-18,922.1767865973496,940.9692297468397,901.3904476930544,917.4412841796875,168476
2024-11-19,915.0984586571191,954.4280027809751,915.0984586571191,938.0282592773438,207952
2024-11-21,935.1371064946363,935.1371064946363,907.571473418866,910.6620483398438,109488
2024-11-22,913.652880394523,970.030269826702,913.652880394523,960.5592651367188,256227
2024-11-25,972.0242053786563,997.4962121293177,972.0242053786563,986.4301147460938,189068
2024-11-26,986.4300811875045,993.6579532380159,969.0831639267294,978.60400390625,71320
2024-11-27,972.0740394939714,989.9692665013071,950.8390613551073,983.2398681640625,214617
2024-11-28,987.0780248043704,1056.764702648775,982.9407278080373,1040.514404296875,424146
2024-11-29,1029.8471495701801,1067.3822612101317,1026.955976408025,1062.696533203125,204835
2024-12-02,1066.734219329453,1067.6812711254636,1041.3619447544038,1058.5093994140625,99934
2024-12-03,1056.1167482840885,1122.5633510871908,1055.3690373486397,1111.9957275390625,412128
2024-12-04,1112.6437079897526,1135.0251387708292,1106.6121247568033,1115.2855224609375,223755
2024-12-05,1121.5663470687732,1143.3496335589614,1106.6121291078562,1126.6507568359375,343171
2024-12-06,1131.286619553781,1133.7789892818132,1106.66205531992,1126.70068359375,191603
2024-12-09,1126.7007139882023,1135.8725861556893,1119.0740380751347,1126.5511474609375,151332
2024-12-10,1126.551117478028,1134.9752784827276,1116.9804420584708,1128.4951171875,137869
2024-12-11,1147.536856420157,1161.892807914297,1117.329288280958,1126.4014892578125,140301
2024-12-12,1127.5480655841054,1142.5022839605524,1101.627420398264,1128.8939208984375,125665
2024-12-13,1128.8938608718688,1135.0251144197434,1100.680310053813,1131.38623046875,162533
2024-12-16,1166.4289680597587,1170.4167594035528,1109.0545714218283,1123.2113037109375,288494
2024-12-17,1121.2174718523231,1136.4209272158316,1103.1228432604682,1131.884765625,129934
2024-12-18,1131.1370529514206,1136.4706998294882,1114.3385053252075,1126.9000244140625,80887
2024-12-19,1107.7088075519835,1135.473782733791,1102.6742935838129,1126.351806640625,91892
2024-12-20,1132.5328350542532,1136.5206267269793,1107.4097961951752,1126.351806640625,269404
2024-12-23,1142.302878212242,1142.302878212242,1080.7413493907443,1121.416748046875,253464
2024-12-24,1116.481968112684,1133.7290936182608,1109.652899394954,1128.4951171875,103704
2024-12-26,1127.248901514103,1161.4442619395732,1118.1767002882855,1126.8502197265625,158135
2024-12-27,1130.5389085562829,1139.860346998923,1119.672152203275,1126.9000244140625,77458
2024-12-30,1124.1584156797503,1139.411767065742,1111.5968966136197,1120.718994140625,58029
2024-12-31,1111.5969331943081,1144.9946885862448,1108.6060894278662,1140.30908203125,62590
2025-01-01,1140.3090494700893,1150.1787362593268,1123.7596170768113,1134.67626953125,47546
2025-01-02,1134.676299841381,1146.2907674525516,1126.7504908562628,1134.72607421875,67552
2025-01-03,1145.4931356003347,1156.4595624859776,1126.7504664257756,1151.0262451171875,105379
2025-01-06,1164.4351366329788,1164.4351366329788,1108.3568177668785,1126.501220703125,283888
2025-01-07,1126.5011606788582,1141.455378246334,1117.6781966535943,1128.9935302734375,225354
2025-01-08,1128.9936438092388,1133.6793721369027,1083.3335012634327,1100.2816162109375,387755
2025-01-09,1101.1288805509869,1126.3517093821308,1091.0098357156571,1112.843017578125,401239
2025-01-10,1101.7270489107405,1112.793145748533,1079.7444217527748,1096.54296875,375770
2025-01-13,1081.688411753436,1085.4269661719386,1062.746402699689,1072.2174072265625,122316
2025-01-14,1080.2429845889826,1104.9174460017182,1055.86753453836,1092.3060302734375,148408
2025-01-15,1102.8735689907464,1118.5754977695976,1078.59791296426,1111.696533203125,122345
2025-01-16,1118.5256367408235,1128.9935895880174,1105.1167362966096,1123.9091796875,63459
2025-01-17,1128.545037484013,1128.993615365753,1088.2683174604058,1109.2042236328125,88723
2025-01-20,1109.2041352805854,1124.2082488547742,1093.1532994997976,1116.830810546875,60805
2025-01-21,1131.535883767264,1137.4676751836869,1099.1350765228271,1116.5816650390625,127122
2025-01-22,1116.5815702295245,1117.3791771730673,1088.3678979455244,1109.0545654296875,75796
2025-01-23,1097.988490768039,1113.6406450389518,1068.4289626622594,1086.9722900390625,210073
2025-01-24,1106.612157822324,1113.5408969782413,1028.5013149858548,1036.2276611328125,125554
2025-01-27,1020.6752540687856,1029.4483834724626,977.0587831780482,995.7017211914062,191581
2025-01-28,956.0231998412279,987.0780903833323,944.6081342287944,975.0648803710938,256570
2025-01-29,983.8878716476271,1065.7372669696394,963.6497813226166,1046.3466796875,205548
2025-01-30,1041.8104888843527,1063.743341281918,1026.9061674114644,1049.28759765625,133483
2025-01-31,1046.7952694668893,1046.7952694668893,983.1401719440934,996.25,271801
2025-02-01,994.0068935058428,1021.4230216593419,974.5165741917814,983.7383422851562,77169
2025-02-03,962.0546895388154,973.6192604310299,948.8949655535885,967.6375732421875,145709
2025-02-04,990.4178801754285,1016.8868341293147,967.0892755235024,998.7423706054688,154800
2025-02-05,1002.9295731305593,1035.0312463747277,988.97230272914,1024.2642822265625,130389
2025-02-06,1023.1676972495183,1043.2063260681741,1016.6874749315751,1032.887939453125,63905
2025-02-07,1037.1747355543835,1037.1747355543835,1009.5094310058599,1012.74951171875,76163
2025-02-10,1012.1513291422158,1031.8410496549552,968.7342613965566,991.6640625,132795
2025-02-11,993.9570444682975,996.1005067673308,937.1310148447338,945.4555053710938,103278
2025-02-12,946.1035504205948,984.9845182460988,901.2907304621951,958.316162109375,186779
2025-02-13,957.6182821343184,982.0435054027066,943.3121042738106,946.4524536132812,88167
2025-02-14,947.1005129476576,958.964217396761,891.1717596278761,911.5094604492188,125357
2025-02-17,887.6325021915144,902.8359570458961,855.0821910945691,874.0740356445312,491076
2025-02-18,876.5664390269685,891.2215852925021,840.8757164601315,882.9967651367188,265026
2025-02-19,878.8095747875132,923.4728285853857,860.5654403678245,891.6702270507812,137738
2025-02-20,885.9876268435496,909.1666659356677,837.4860862961926,844.3650512695312,238733
2025-02-21,849.1503434193843,893.763760346907,843.9163671317979,885.4392700195312,274337
2025-02-24,877.3141504883845,892.2683689626183,861.1137471412978,884.8909301757812,153832
2025-02-25,875.6192956213816,903.7830727420695,870.3853193423158,881.7505493164062,118372
2025-02-27,881.7505370406242,886.0374006206891,834.3955142226408,850.5460815429688,168986
2025-02-28,838.4331749712112,891.271413108517,807.5776256250293,862.3599243164062,192524
2025-03-03,858.7210277471643,859.8675421429025,793.720074979631,828.4636840820312,207553
2025-03-04,828.4636641886636,862.8085298257049,801.2470000258854,855.7301635742188,205566
2025-03-05,861.3131578972267,915.4474171702451,853.3874098532315,912.107666015625,260534
2025-03-06,912.2073168606508,957.0699717882238,912.2073168606508,942.7637939453125,336400
2025-03-07,950.0913309993756,1018.830899593501,944.1594789351145,1011.8024291992188,495771
2025-03-10,996.7983347297549,1030.844129897144,973.0211516243836,981.8441162109375,319845
2025-03-11,967.1390949936323,974.018059569649,937.6294626665864,955.9733276367188,179125
2025-03-12,955.3751599352308,981.6447735967675,947.2001749894355,976.859375,90313
2025-03-13,967.0394241604911,973.4199148037777,941.8166554732952,954.9763793945312,311509
2025-03-17,942.1157564954599,972.8217393522045,942.0659212707103,951.6365966796875,332223
2025-03-18,951.6365966796875,951.6365966796875,951.6365966796875,951.6365966796875,0
2025-03-19,971.8746445611646,1005.9204399864796,946.1534006837128,1003.9763793945312,648139
2025-03-20,1006.0699673339135,1020.8247836399031,972.2235749781825,981.0963745117188,266701
2025-03-21,981.0963806263857,1018.8308942497816,971.5257053544377,997.3466796875,721370
2025-03-24,998.0444890951197,1008.9112452261346,976.261202458194,982.9906005859375,132297
2025-03-25,989.8695581447363,989.8695581447363,940.1218354097019,964.646728515625,192814
2025-03-26,964.0485886211674,985.9814417232002,949.2439371168429,976.610107421875,146436
2025-03-27,976.9590724383901,980.4982251892282,949.5430061519602,967.7373046875,404790
2025-03-28,972.8217217081955,991.9631330278535,963.749520408996,987.1777954101562,87836
2025-04-01,995.3527873345973,1014.2449009739674,983.5887536761932,1006.9173583984375,272842
2025-04-02,1004.9234902098062,1021.9215007024719,982.7413992800759,998.0944213867188,104817
2025-04-03,982.9906057128907,1005.7708403394074,966.0424918212891,996.9478759765625,296779
2025-04-04,996.9479075406934,1039.1188527087618,982.0933593787886,1000.2876586914062,592957
2025-04-07,917.3914299831376,961.6558783150614,887.2835925384634,947.3995361328125,173116
2025-04-08,962.602996541464,979.2520380162739,948.0974173107421,961.8552856445312,96355
2025-04-09,953.2815569676729,968.9834857802299,949.1441990044995,958.06689453125,199420
2025-04-11,969.0333683628008,1014.0455908315473,965.3446489266249,1006.8675537109375,214771
2025-04-15,1016.5877706658222,1028.2520730919498,1012.4005773783828,1022.1707153320312,73202
2025-04-16,1016.8868455653434,1051.780021638664,1009.1604994348224,1030.4453125,272751
2025-04-17,1031.841068728568,1053.2754484171326,1020.3761679649173,1043.6051025390625,150281
2025-04-21,1041.760695733416,1093.153410448655,1037.025193043374,1088.3182373046875,205237
2025-04-22,1089.7637593077877,1099.1350942010695,1066.235812469881,1076.55419921875,129728
2025-04-23,1076.5541258705193,1078.3486807035968,1030.1462758514447,1044.1533203125,132229
2025-04-24,1049.835983604688,1099.6334801034423,1039.5174759844226,1090.36181640625,188869
2025-04-25,1084.6792504113776,1089.0658452489115,1035.2804362379054,1060.2540283203125,139983
2025-04-28,1059.8055440158055,1075.0089999246384,1049.0883537849888,1067.182861328125,74618
2025-04-29,1076.70366415727,1079.8938485571607,1040.9631085338185,1051.879638671875,42625
2025-04-30,1041.8105085907328,1051.6803166958764,1011.9020729374104,1021.4229736328125,130628
2025-05-02,1008.0139841937706,1033.7352883571507,1000.8360080865549,1027.853271484375,69391
2025-05-05,1030.3456428954298,1040.6142548273783,1017.385320343286,1033.037353515625,88866
2025-05-06,1029.847164027145,1043.7047639523437,1013.9956683342267,1018.8807373046875,79221
2025-05-07,1007.9142582837319,1042.4086289358936,1000.8359530151534,1038.9193115234375,64873
2025-05-08,1038.9193650255465,1064.7403395469926,1012.9987200553014,1017.9834594726562,77966
2025-05-09,1017.9834615122962,1038.0220896706642,993.6579696161878,1023.267333984375,167093
2025-05-12,1041.6111570661815,1078.8969091085266,1041.6111570661815,1072.2174072265625,105907
2025-05-13,1080.5918520353002,1082.186944334107,1055.1696806115142,1063.743408203125,37043
2025-05-14,1063.3446068313003,1078.1991548952492,1059.8552891779175,1069.5257568359375,59372
2025-05-15,1069.5257512128003,1076.7037273829233,1048.290712354763,1053.77392578125,52469
2025-05-16,1056.7647759533284,1076.7037339901835,1050.9824294435434,1072.7159423828125,51570
2025-05-19,1078.1991625597877,1112.992668890401,1071.8186716086973,1092.6549072265625,162924
2025-05-20,1099.633478032113,1101.627373731174,1077.3018218630834,1084.57958984375,64844
2025-05-21,1084.5796567161017,1106.612181209646,1057.7617335706616,1102.82373046875,119908
2025-05-22,1109.602959717689,1109.602959717689,1062.2479367288388,1092.55517578125,92203
2025-05-23,1086.2744245942083,1146.3904325892984,1080.3924075520997,1117.9774169921875,241800
2025-05-26,1117.9773495778738,1128.6446429533987,1086.673162573369,1101.5277099609375,125487
2025-05-27,1090.5613429492673,1118.4758844257024,1086.6732217612155,1098.6365966796875,70079
2025-05-28,1108.6060714505938,1115.5847067924592,1072.2174728822965,1085.4769287109375,61603
2025-05-29,1088.0689725969667,1103.6213356431756,1076.2052681362313,1096.443359375,62992
2025-05-30,1088.6670853234527,1206.306935202727,1088.6670853234527,1176.6976318359375,480875
2025-06-02,1177.3954998927134,1178.4921182711,1118.5755722943475,1152.4718017578125,188550
2025-06-03,1196.337445692105,1205.0108434942774,1143.4992085073702,1149.1817626953125,438685
2025-06-04,1156.4595920974036,1157.5562104744988,1129.5419981434125,1148.683349609375,133385
2025-06-05,1144.4962259685688,1196.3375184340441,1141.5053821724837,1177.5948486328125,185880
2025-06-06,1177.3955049131168,1192.7485273692298,1163.3385634446431,1168.622314453125,97668
2025-06-09,1164.8339619958233,1296.0322825686042,1164.8339619958233,1281.177734375,1010336
2025-06-10,1287.4584852739079,1310.9864303304043,1253.6619286239418,1259.5439453125,315681
2025-06-11,1256.1542943072836,1285.9630594403131,1233.4238345883432,1249.7738037109375,472843
2025-06-12,1252.1665018834458,1279.0840938825327,1243.4931042517233,1247.381103515625,139070
2025-06-13,1216.276441167671,1261.1390967845114,1211.790175605987,1254.060791015625,86045
2025-06-16,1243.1939826864084,1283.4707006109845,1223.354695912651,1277.0902099609375,118101
2025-06-17,1279.8816988323433,1279.9813692778214,1236.2153343122206,1242.3963623046875,80723
2025-06-18,1248.378048130404,1264.129872827379,1230.0343050627062,1238.6080322265625,100424
2025-06-19,1246.1848132075543,1274.0993530234034,1210.9925054034786,1243.393310546875,187390
2025-06-20,1236.2153299841739,1260.1420783064482,1208.5999233079763,1231.429931640625,361279
2025-06-23,1221.460517028768,1252.5653644924712,1220.2642282292086,1240.70166015625,81994
2025-06-24,1248.0790820790605,1250.0729778498721,1187.9630759099953,1193.8450927734375,149080
2025-06-25,1201.3221498849969,1222.2580545717892,1195.3404628316275,1217.47265625,122531
2025-06-26,1225.4482338367554,1228.0403955738404,1199.926393522539,1204.1136474609375,75177
2025-06-27,1226.245920572216,1267.1207845912897,1207.9020548192293,1255.855224609375,314262
2025-06-30,1268.11766057704,1275.0962955015993,1220.1644935064019,1229.635498046875,182049
2025-07-01,1228.2398216205986,1292.9417651348035,1223.3547525359681,1271.806396484375,170929
2025-07-02,1280.7789200455136,1307.995646428496,1242.5958884466195,1249.0760498046875,184425
2025-07-03,1254.5591944435016,1258.2478527966587,1226.245851261812,1230.0343017578125,59006
2025-07-04,1238.8073777179009,1264.9274844834483,1230.0343096307115,1250.770751953125,123424
2025-07-07,1251.967152933032,1255.9549443146338,1221.2611106156028,1226.6446533203125,60361
2025-07-08,1224.551083288008,1249.9732532648275,1208.4004552252702,1217.47265625,62036
2025-07-09,1225.1492214391465,1227.9406023645854,1191.3526654194984,1201.720947265625,67425
2025-07-10,1203.3161078669614,1226.245909425321,1199.3283162915945,1222.756591796875,69964
2025-07-11,1226.146236869313,1226.146236869313,1205.908145979993,1216.77490234375,38477
2025-07-14,1205.2102806460396,1246.1848129565021,1199.727067469031,1241.9976806640625,69616
2025-07-15,1245.1878700183784,1266.0241045127568,1235.0190505836317,1255.356689453125,177335
2025-07-16,1263.6314060157883,1271.706659300484,1250.0729395294463,1256.5531005859375,88197
2025-07-17,1256.5531005143869,1262.7341285349783,1244.490055810999,1256.75244140625,35708
2025-07-18,1252.1665662572696,1266.1238369002647,1237.1126772604448,1256.2540283203125,52500
2025-07-21,1258.1482538861067,1292.4432860970355,1241.5989430319075,1256.65283203125,97643
2025-07-22,1256.6527686249906,1265.126825374941,1241.200076904493,1250.770751953125,38849
2025-07-23,1260.7402849309592,1260.7402849309592,1224.3516867272795,1230.134033203125,77720
2025-07-24,1237.5114231054504,1276.0932564776729,1226.8440080209405,1262.734130859375,150923
2025-07-25,1263.7310722291854,1265.9244305211396,1229.7351748323854,1246.3841552734375,100662
2025-07-28,1256.1542786515504,1464.5163772532758,1249.1756437701529,1362.3292236328125,6657806
2025-07-29,1359.9365431535173,1420.6506917950421,1351.2631455037579,1409.9833984375,1502341
2025-07-30,1394.7300498180934,1426.6323811934894,1373.6944744069888,1416.1644287109375,442885
2025-07-31,1387.751420384255,1458.335377513928,1386.4553394878474,1431.3179931640625,386067
2025-08-01,1425.635431224652,1451.5560754287364,1402.9049714742832,1410.58154296875,204484
2025-08-04,1408.089185758382,1449.5621925113178,1393.4339791565785,1443.68017578125,164347
2025-08-05,1445.574462890625,1464.3171321920279,1421.5480427090258,1445.574462890625,148114
2025-08-06,1449.4625837235121,1479.4706913307668,1426.7321228056405,1444.5775146484375,167652
2025-08-07,1440.6893361760588,1460.5286230401794,1418.7564831338173,1454.0484619140625,116715
2025-08-08,1465.6130334989011,1475.5825121591179,1429.2244363891105,1456.24169921875,140409
2025-08-11,1456.2416969524459,1466.4106381886838,1432.9132142820345,1450.260009765625,64219
2025-08-12,1460.429006822093,1463.4198505298189,1427.8287373892358,1433.8104248046875,63098
2025-08-13,1435.704652945716,1462.323235014786,1428.8256880650465,1441.586669921875,92159
2025-08-14,1442.5836176165974,1457.9366396833714,1413.1736544378207,1441.1878662109375,68583
2025-08-18,1441.187868021215,1459.3323929221003,1426.3333198879648,1446.770751953125,134425
2025-08-19,1464.0180025283605,1500.406601161173,1429.922432762466,1455.5439453125,322698
2025-08-20,1461.724901384213,1468.5041955007857,1416.0647624857227,1427.130859375,106079
2025-08-21,1427.4299917152282,1438.8948920818405,1406.1949536614516,1424.9376220703125,80014
2025-08-22,1424.9376825119266,1438.5958200663076,1417.6599141609768,1423.6416015625,46198
2025-08-25,1425.6354434292116,1447.9670998896083,1411.8775142470936,1442.6832275390625,68179
2025-08-26,1438.8949549189103,1445.5744571798862,1399.1167093093775,1428.427001953125,107851
2025-08-28,1432.61409802629,1516.3577196228164,1415.6659841317548,1495.720947265625,479146
2025-08-29,1495.7210065425568,1534.3028421994693,1475.482915175578,1491.0352783203125,263499
2025-09-01,1480.0688448024282,1490.1379943671866,1465.8125626892338,1471.6944580078125,74682
2025-09-02,1481.4645811126657,1481.4645811126657,1423.0434584446755,1427.8287353515625,86143
2025-09-03,1423.043457242515,1436.901057396377,1381.9691307310843,1423.4422607421875,144553
2025-09-04,1522.339377558664,1522.339377558664,1398.5185024048928,1421.747314453125,161231
2025-09-05,1433.1125439732805,1433.1125439732805,1402.5062934523892,1420.7503662109375,41182
2025-09-08,1420.650695764817,1429.8225673671516,1401.3098830057347,1420.7503662109375,81423
2025-09-09,1417.460570256925,1430.1217598842277,1405.8958772802885,1414.4697265625,26235
2025-09-10,1415.3668797302328,1423.6415959488077,1392.63654071272,1407.8897705078125,42490
2025-09-11,1405.895863266054,1418.3577118686028,1368.2113061105904,1375.3892822265625,52881
2025-09-12,1375.7880821546764,1385.7575610108697,1358.0423611115564,1365.4197998046875,112820
2025-09-15,1370.3048782034273,1406.793146728372,1359.8369253324663,1391.5399169921875,71843
2025-09-16,1397.8206209094958,1414.4697237945259,1377.78199253561,1406.494140625,51084
2025-09-17,1417.659851424361,1429.6232256979843,1399.8144604599922,1418.7564697265625,77962
2025-09-18,1428.127807928057,1434.6079690111512,1405.7961515483084,1429.3240966796875,53144
2025-09-19,1434.608044022806,1477.3771337470514,1425.6355128232194,1469.9000244140625,205107
2025-09-22,1465.0,1520.0,1452.0999755859375,1513.5999755859375,117097
2025-09-23,1520.0,1533.800048828125,1495.0,1523.800048828125,92580
2025-09-24,1560.0,1603.0,1507.0999755859375,1520.5,863683
2025-09-25,1521.0,1529.800048828125,1422.199951171875,1440.699951171875,214329
2025-09-26,1420.0,1425.0,1388.0,1399.5999755859375,151647
2025-09-29,1401.199951171875,1406.199951171875,1343.800048828125,1355.0,198532
2025-09-30,1345.0,1352.699951171875,1287.0,1334.199951171875,255355
2025-10-01,1330.0,1352.0,1314.300048828125,1345.9000244140625,66547
2025-10-03,1347.0,1356.5999755859375,1322.0,1337.0,58702
2025-10-06,1322.800048828125,1360.4000244140625,1303.0,1330.199951171875,116941
2025-10-07,1343.5,1343.5,1304.9000244140625,1311.5,55537
2025-10-08,1320.0,1337.0,1304.4000244140625,1313.0,37886
2025-10-09,1310.0,1312.5,1280.5,1298.0,48069
2025-10-10,1295.0,1320.199951171875,1289.4000244140625,1312.0999755859375,48416
2025-10-13,1312.5,1316.5999755859375,1280.300048828125,1284.0999755859375,65567
2025-10-14,1281.0,1295.699951171875,1243.9000244140625,1257.0,147293
2025-10-15,1266.0,1278.4000244140625,1245.4000244140625,1254.4000244140625,86562
2025-10-16,1250.5,1273.0,1250.5,1268.0,34044
2025-10-17,1255.0,1266.0999755859375,1232.0,1240.699951171875,76339
2025-10-20,1239.300048828125,1250.9000244140625,1226.5999755859375,1233.0,59257
2025-10-21,1250.0,1250.0,1202.5,1231.5999755859375,27802
2025-10-23,1231.5999755859375,1252.0,1212.0,1216.5999755859375,41952
2025-10-24,1223.9000244140625,1226.199951171875,1191.199951171875,1195.800048828125,66608
2025-10-27,1195.9000244140625,1215.199951171875,1164.5999755859375,1176.9000244140625,86836
2025-10-28,1177.0999755859375,1199.0,1156.699951171875,1178.199951171875,93935
2025-10-29,1186.0,1199.199951171875,1171.300048828125,1179.5,69510
2025-10-30,1180.0,1193.699951171875,1171.5,1179.5999755859375,34778
2025-10-31,1172.0,1189.5999755859375,1141.0999755859375,1149.800048828125,104508
2025-11-03,1149.5999755859375,1164.199951171875,1141.699951171875,1148.5999755859375,88072
2025-11-04,1156.0,1199.800048828125,1155.9000244140625,1160.699951171875,130354
2025-11-06,1168.5,1170.0,1065.300048828125,1089.199951171875,136050
2025-11-07,1095.0,1101.199951171875,1064.800048828125,1076.199951171875,142946
2025-11-10,1071.0999755859375,1084.9000244140625,1051.5999755859375,1063.699951171875,55578
2025-11-11,1070.0,1070.0,1042.0,1051.5999755859375,68168
2025-11-12,1054.800048828125,1066.300048828125,1015.5,1031.0999755859375,296283
2025-11-13,1036.0,1116.4000244140625,1015.5999755859375,1069.5,453502
2025-11-14,1069.0,1069.5,997.7000122070312,1035.800048828125,365516
2025-11-17,1035.5999755859375,1044.300048828125,1006.2999877929688,1038.4000244140625,164246
2025-11-18,1042.0,1070.9000244140625,1033.5999755859375,1043.0999755859375,137662
2025-11-19,1045.0,1046.0,1007.0,1036.9000244140625,153037
2025-11-20,1035.0,1058.4000244140625,1026.5999755859375,1033.5,83377
2025-11-21,1033.5,1033.5,1014.5999755859375,1024.800048828125,73245
2025-11-24,1026.0,1033.5,995.0,999.7000122070312,109202
2025-11-25,1000.0,1023.7999877929688,1000.0,1010.7999877929688,62116
2025-11-26,1010.7999877929688,1046.0,1010.7999877929688,1033.5,104100
2025-11-27,1032.0,1034.5999755859375,1000.0,1005.4000244140625,104480
2025-11-28,1007.9000244140625,1028.4000244140625,1005.4000244140625,1013.2999877929688,60764
2025-12-01,1008.2000122070312,1050.0,1008.0,1021.7000122070312,127987
2025-12-02,1015.0,1021.0,1011.0,1014.2999877929688,72874
2025-12-03,1009.0,1020.0,983.4000244140625,1014.2000122070312,201905
2025-12-04,1015.0,1015.0,994.5,1004.2000122070312,42536
2025-12-05,1005.0,1005.0999755859375,972.2000122070312,992.7000122070312,193520
2025-12-08,996.4000244140625,996.4000244140625,970.0,974.2999877929688,88832
2025-12-09,962.9000244140625,990.5,944.0,979.2000122070312,189518
2025-12-10,988.0,1019.7999877929688,980.7000122070312,1016.5,96068
2025-12-11,1016.5,1018.5999755859375,994.4000244140625,1003.2000122070312,156606
2025-12-12,1003.2000122070312,1015.0,980.2999877929688,996.5,171141
2025-12-15,993.0,1001.2999877929688,982.5,985.4000244140625,40994
2025-12-16,987.9000244140625,988.0999755859375,955.0999755859375,961.5999755859375,46849
2025-12-17,960.0,968.7999877929688,945.5999755859375,958.4000244140625,63481
2025-12-18,958.4000244140625,960.7999877929688,941.0999755859375,949.7999877929688,65133
2025-12-19,956.0,975.0,951.2000122070312,970.4000244140625,67727
2025-12-22,971.0,992.2000122070312,966.7999877929688,983.4000244140625,72153
2025-12-23,989.7999877929688,989.7999877929688,975.0,981.0,61400
2025-12-24,983.0,983.2999877929688,947.0,953.5,84473
2025-12-26,950.2000122070312,950.4000244140625,936.2000122070312,941.5999755859375,91353
2025-12-29,940.0999755859375,950.5,932.0,936.9000244140625,31049
2025-12-30,937.5,940.5999755859375,922.0,932.0999755859375,68672
2025-12-31,933.5999755859375,952.0,924.7000122070312,947.7000122070312,36608
2026-01-01,953.7000122070312,953.7000122070312,937.2999877929688,942.4000244140625,22158
2026-01-02,942.4000244140625,966.9500122070312,940.0999755859375,960.0,40850
2026-01-05,969.9500122070312,970.0,950.3499755859375,966.9500122070312,39901
2026-01-06,975.0,979.4500122070312,963.7000122070312,969.2000122070312,51055
2026-01-07,965.4500122070312,982.9500122070312,959.6500244140625,976.4000244140625,43823
2026-01-08,976.0,988.0,959.5,972.0999755859375,53887
2026-01-09,967.9500122070312,967.9500122070312,940.0,942.3499755859375,31423
2026-01-12,930.0,935.5,901.5499877929688,924.0499877929688,117336
2026-01-13,918.0,934.0,906.25,913.5999755859375,94031
2026-01-14,908.5999755859375,924.75,905.2000122070312,911.8499755859375,22967
2026-01-15,911.8499755859375,911.8499755859375,911.8499755859375,911.8499755859375,0
2026-01-16,911.8499755859375,922.0,878.0,883.75,64557
2026-01-19,875.0,884.9500122070312,863.8499755859375,871.8499755859375,58245
2026-01-20,869.0,900.0,867.5999755859375,889.25,109446
2026-01-21,880.0,895.25,857.6500244140625,892.3499755859375,87378
2026-01-22,887.0,906.9000244140625,871.0,897.0,63024
2026-01-23,909.0,909.0,868.0,883.8499755859375,64625
2026-01-27,871.0999755859375,891.9500122070312,859.2999877929688,876.2000122070312,61444
2026-01-28,876.2000122070312,892.0,866.6500244140625,884.2000122070312,17770
2026-01-29,876.0,885.7000122070312,857.0,871.7000122070312,56815
2026-01-30,876.0499877929688,918.5,860.0,902.7000122070312,44762
2026-02-02,890.0,898.0,865.0,891.7999877929688,34606
2026-02-03,945.0,964.9000244140625,931.0,934.75,68882
2026-02-04,926.0,943.0,922.75,938.0499877929688,64494
2026-02-05,938.0499877929688,939.8499755859375,910.0,916.5499877929688,16477
2026-02-06,915.9500122070312,918.5999755859375,905.4500122070312,914.5999755859375,18487
2026-02-09,916.0,970.5,916.0,964.5499877929688,55102
2026-02-10,969.9500122070312,998.0,959.5499877929688,975.0,46661
2026-02-11,975.0,975.7999877929688,956.5999755859375,968.2000122070312,31235
2026-02-12,957.0,968.9500122070312,933.1500244140625,938.6500244140625,28536
2026-02-13,878.0,939.9000244140625,841.3499755859375,924.7000122070312,357480
2026-02-16,924.7000122070312,924.7000122070312,886.0,915.9000244140625,56298
2026-02-17,915.9000244140625,934.0,911.1500244140625,919.5999755859375,36730
2026-02-18,919.5999755859375,933.0,914.5499877929688,917.1500244140625,16671
2026-02-19,917.1500244140625,946.75,907.9500122070312,923.7999877929688,34279
2026-02-20,920.5,925.9500122070312,900.0,901.8499755859375,22481
2026-02-23,914.3499755859375,914.4000244140625,891.9500122070312,901.25,28255
2026-02-24,891.0,900.0,872.5999755859375,887.5999755859375,40776
2026-02-25,890.0,913.7000122070312,886.25,889.6500244140625,20027
2026-02-26,887.25,895.9000244140625,883.0,886.4000244140625,39431
2026-02-27,886.5,892.7999877929688,869.7999877929688,877.3499755859375,91922
2026-03-02,840.0,868.0,835.8499755859375,858.9500122070312,64344
2026-03-04,837.0,850.4500122070312,813.75,826.7000122070312,134733
2026-03-05,831.5999755859375,836.4500122070312,811.7999877929688,820.7000122070312,29220
2026-03-06,821.0,825.75,811.25,814.4500122070312,49808
2026-03-09,812.2000122070312,812.2000122070312,776.5499877929688,795.8499755859375,101142
2026-03-10,810.0,860.0,786.25,852.4000244140625,107982
2026-03-11,858.9500122070312,874.0,844.9000244140625,866.7999877929688,413582
2026-03-12,857.4500122070312,869.0,841.1500244140625,853.2999877929688,343016
2026-03-13,848.4000244140625,848.4000244140625,806.0,832.2000122070312,162869
2026-03-16,832.2000122070312,832.2000122070312,775.0,800.2999877929688,128322
2026-03-17,800.4500122070312,805.0,785.0999755859375,788.3499755859375,68311
2026-03-18,794.0,825.4000244140625,785.9500122070312,815.9500122070312,49197
2026-03-19,805.0,809.8499755859375,766.0,770.1500244140625,49164
2026-03-20,778.5999755859375,836.4500122070312,773.7999877929688,812.5499877929688,233884
2026-03-23,798.3499755859375,800.4500122070312,756.0499877929688,759.7999877929688,115076
2026-03-24,781.0499877929688,789.9500122070312,751.2000122070312,775.9500122070312,83355
2026-03-25,785.0999755859375,804.0999755859375,777.3499755859375,788.2999877929688,138363
2026-03-27,780.0,787.5499877929688,749.7000122070312,764.6500244140625,171313
2026-03-30,764.7000122070312,764.7000122070312,726.4000244140625,747.5999755859375,481289
2026-04-01,759.7000122070312,794.4000244140625,751.8499755859375,778.3499755859375,96567
2026-04-02,775.0,775.0,742.5499877929688,762.2000122070312,73569
2026-04-06,762.2000122070312,767.4000244140625,746.25,761.1500244140625,71747
2026-04-07,768.7999877929688,776.0,761.7999877929688,770.5499877929688,45202
2026-04-08,799.9500122070312,813.8499755859375,775.0,810.3499755859375,113733
2026-04-09,819.0,819.0,784.2999877929688,800.9000244140625,117943
2026-04-10,801.75,839.9000244140625,801.7000122070312,814.1500244140625,118845
2026-04-13,791.0,818.75,783.2999877929688,803.0499877929688,76626
2026-04-15,814.2999877929688,827.1500244140625,805.5999755859375,815.4500122070312,100911
2026-04-16,830.0,893.9000244140625,805.0,878.5999755859375,5987053
2026-04-17,872.0,898.0499877929688,858.0999755859375,873.75,875161
2026-04-20,877.0,881.0,825.3499755859375,833.25,314704
2026-04-21,835.0499877929688,859.9000244140625,830.0999755859375,851.5499877929688,222512
2026-04-22,856.9500122070312,926.7999877929688,850.4500122070312,910.8499755859375,740764
2026-04-23,906.2999877929688,927.25,893.2000122070312,901.2999877929688,202457
2026-04-24,901.2999877929688,905.9500122070312,860.2999877929688,869.5499877929688,177339
2026-04-27,871.0999755859375,904.9500122070312,871.0999755859375,884.4000244140625,150924
2026-04-28,883.2999877929688,927.0,883.2999877929688,903.3499755859375,254962
2026-04-29,910.0999755859375,920.5999755859375,875.5,888.0499877929688,158393
2026-04-30,885.0,922.0,883.9500122070312,914.3499755859375,235984
2026-05-04,917.0,953.0,906.9500122070312,943.0,477195
2026-05-05,940.2999877929688,948.25,921.2999877929688,938.7000122070312,350092
2026-05-06,944.7999877929688,954.5999755859375,931.5499877929688,945.5,116320
2026-05-07,947.2999877929688,977.2999877929688,936.6500244140625,966.0499877929688,259493
2026-05-08,965.0,966.0,945.2000122070312,947.3499755859375,87144
2026-05-11,927.7999877929688,933.9500122070312,896.8499755859375,902.2999877929688,86952
2026-05-12,900.0,914.4000244140625,867.0499877929688,874.7000122070312,112038
2026-05-13,863.4000244140625,898.0,863.4000244140625,878.5499877929688,116200
2026-05-14,882.0,907.0,879.7000122070312,885.9000244140625,145247
2026-05-15,887.0,889.0,865.2999877929688,868.5999755859375,47635
2026-05-18,868.0999755859375,868.0999755859375,834.7999877929688,856.9000244140625,70085
2026-05-19,855.0999755859375,869.7999877929688,854.0,856.7000122070312,57765
2026-05-20,848.2000122070312,873.9500122070312,848.2000122070312,862.2999877929688,46588
2026-05-21,868.0999755859375,1008.9000244140625,862.2999877929688,982.1500244140625,1532211
2026-05-22,991.0,1042.800048828125,983.0999755859375,1013.0,765431
2026-05-25,1020.7999877929688,1050.0,990.0499877929688,1043.949951171875,324144
2026-05-26,1090.0,1129.9000244140625,996.0,1003.1500244140625,1963361
2026-05-27,1005.0,1031.0,974.25,978.8499755859375,296830
2026-05-28,978.8499755859375,978.8499755859375,978.8499755859375,978.8499755859375,0
2026-05-29,981.9500122070312,990.0,926.0,938.0,287285
2026-06-01,945.5,957.9000244140625,893.0,906.5999755859375,238754
2026-06-02,898.5499877929688,910.3499755859375,893.5999755859375,897.25,109357
2026-06-03,899.0,906.7000122070312,877.9000244140625,885.9000244140625,126620
2026-06-04,885.9000244140625,920.0,881.2000122070312,887.8499755859375,167445
2026-06-05,886.7999877929688,901.5499877929688,883.0,886.6500244140625,70979
2026-06-08,879.0999755859375,885.5999755859375,857.3499755859375,862.9500122070312,126348
2026-06-09,864.1500244140625,898.0,863.0,893.25,62578
2026-06-10,890.0,908.9000244140625,851.0999755859375,854.0499877929688,187447
2026-06-11,887.7000122070312,890.8499755859375,855.0499877929688,856.75,270488
2026-06-12,870.0,888.5499877929688,864.0499877929688,882.1500244140625,90521
2026-06-15,898.0,933.4000244140625,890.0,898.0999755859375,225608
2026-06-16,907.0999755859375,912.7999877929688,896.7999877929688,906.0999755859375,78877
2026-06-17,912.0,921.2000122070312,896.0,898.5499877929688,185918
2026-06-18,908.0,935.9500122070312,890.7999877929688,906.4500122070312,397292
2026-06-19,906.4500122070312,930.7000122070312,903.0,913.5999755859375,247962
2026-06-22,919.9000244140625,927.9000244140625,891.0,906.5999755859375,280890
2026-06-23,911.9500122070312,913.2000122070312,874.5999755859375,881.8499755859375,143765
2026-06-24,890.6500244140625,897.75,865.5,893.0,152324
2026-06-25,900.0,909.9000244140625,887.2000122070312,891.25,84309
2026-06-26,891.25,891.25,891.25,891.25,0
2026-06-29,880.0,896.3499755859375,875.0,880.0999755859375,51897
2026-06-30,884.9000244140625,890.0,872.0,882.0,70618
2026-07-01,882.0,900.2000122070312,859.0,876.7999877929688,220043
2026-07-02,881.9500122070312,901.4000244140625,881.9500122070312,896.75,61217
2026-07-03,899.0,920.0,890.2000122070312,910.3499755859375,274790
2026-07-06,910.5,948.7000122070312,903.0499877929688,928.5499877929688,866747
2026-07-07,927.0,949.0,914.5499877929688,923.9000244140625,257541
2026-07-08,915.2999877929688,938.7999877929688,906.0,914.4500122070312,230598
2026-07-09,920.1500244140625,954.9000244140625,916.5999755859375,941.9500122070312,293440
2026-07-10,941.0,1009.0,936.4000244140625,999.25,615230
2026-07-13,990.0,1052.300048828125,986.2000122070312,1038.050048828125,584126
2026-07-14,1030.050048828125,1078.699951171875,1030.050048828125,1066.199951171875,607651
2026-07-15,1070.949951171875,1085.0,1067.550048828125,1069.5,265615
2026-07-16,1075.0,1088.300048828125,1053.550048828125,1068.550048828125,305678
2026-07-17,1075.0,1075.0,1025.5,1037.6500244140625,326117
2026-07-20,1030.0,1060.0,1030.0,1054.6500244140625,185054
2026-07-21,1055.0,1082.0,1050.550048828125,1054.5999755859375,148319
2026-07-22,1054.5999755859375,1061.199951171875,1022.3499755859375,1030.4000244140625,92535
2026-07-23,1033.75,1056.0999755859375,1012.7000122070312,1014.9000244140625,131842
2026-07-24,1014.9000244140625,1044.800048828125,989.0499877929688,1041.050048828125,140933
2026-07-27,1058.1500244140625,1067.949951171875,1049.3499755859375,1056.3499755859375,108653
2026-07-28,1056.0,1060.0,1021.1500244140625,1032.3499755859375,268978
2026-07-29,1032.5,1045.800048828125,1017.0499877929688,1030.800048828125,62506
2026-07-30,1029.699951171875,1029.699951171875,1004.0999755859375,1008.0999755859375,362237
2026-07-31,1013.5,1030.0,996.2999877929688,1013.9000244140625,186928
2026-08-03,1039.0,1096.0,1034.199951171875,1068.300048828125,421749
2026-08-04,1069.9000244140625,1081.0,1035.0999755859375,1047.199951171875,101653
2026-08-05,1052.0,1090.5,1052.0,1084.5,271539
2026-08-06,1090.0,1134.5,1080.199951171875,1115.5999755859375,518437
