Date,Open,High,Low,Close,Volume
2015-01-01,133.6517966907707,135.64437990689353,132.3027756573624,133.5527801513672,6148
2015-01-02,134.40675696722283,136.60974668807594,132.42654691982358,132.79783630371094,14204
2015-01-05,137.87211902242012,137.87211902242012,133.91169908640805,136.6097412109375,36044
2015-01-06,135.64439264374627,135.64439264374627,131.6839724205712,133.18150329589844,9296
2015-01-07,133.67654977235736,134.88943445392002,129.9512826901342,131.7334747314453,47984
2015-01-08,133.65181711378696,133.65181711378696,129.9760428129347,130.90426635742188,30788
2015-01-09,130.94138961502878,133.26814246794476,129.2210791117583,130.34732055664062,14812
2015-01-12,131.4488394196448,132.85974236007414,125.50820818230567,129.82754516601562,17120
2015-01-13,128.99831174994023,131.1641664461595,128.21859801617993,129.7408905029297,16436
2015-01-14,129.70374846830057,130.66910683780782,125.24827619267194,126.53541564941406,16348
2015-01-15,128.21860333712877,135.61964459218117,128.21860333712877,132.352294921875,33384
2015-01-16,137.8473655266091,137.8473655266091,130.5700882160891,133.63941955566406,7696
2015-01-19,131.52306370727834,134.1592242490196,122.52549078093116,125.33491516113281,64656
2015-01-20,127.20373725035785,129.44384663865435,123.51559033354975,124.18391418457031,53880
2015-01-21,125.0131341591134,127.45127687636409,120.5452882031251,123.05767822265625,41496
2015-01-22,126.226007190942,131.68395767842134,125.00074930000521,130.1492919921875,57148
2015-01-23,144.59245082025362,147.26573103689068,129.9512685234867,132.67405700683594,407412
2015-01-27,135.13694913732388,138.61468966906773,128.54036902334468,129.19631958007812,73992
2015-01-28,129.20870291067504,131.67159212756374,128.4784974492935,130.55772399902344,218124
2015-01-29,130.99088300460608,133.66416324800576,127.760668747673,132.45127868652344,25572
2015-01-30,136.12708430784795,136.12708430784795,127.76069884413496,130.0008087158203,20716
2015-02-02,131.13941087185722,133.16912924624182,129.45623530814956,132.24090576171875,15928
2015-02-03,133.57752652760806,134.15920708346576,129.95126147383675,131.10226440429688,27100
2015-02-04,130.1740592664744,131.18891083547663,128.1072060405166,130.07504272460938,30416
2015-02-05,131.17651078249096,131.18888407074894,128.57748572071196,129.98838806152344,19524
2015-02-06,126.74581654814718,131.15178088981423,126.74581654814718,130.34732055664062,23440
2015-02-09,126.74583313736467,129.95130159835182,123.77551767225948,128.25575256347656,6840
2015-02-10,130.16167612393173,130.19881110558143,128.71365356445312,128.71365356445312,8196
2015-02-11,128.98591499936794,138.1691473814095,128.71364218402272,136.21368408203125,80856
2015-02-12,136.2136905816224,138.35479865939297,131.4735720204621,136.26319885253906,22232
2015-02-13,137.36470924526174,137.37708253744287,132.17903076575584,135.44638061523438,7172
2015-02-16,134.9265272560495,136.13941169426406,132.16661915638244,135.495849609375,13104
2015-02-18,131.51069616837117,138.3671764486579,129.976030366879,137.6988525390625,34064
2015-02-19,136.1394386485043,145.76821589785627,134.9636889510854,144.1097869873047,41888
2015-02-20,142.95878387197322,145.2979099757673,141.79540746559803,144.1097869873047,14656
2015-02-23,145.79295174538035,160.89205201103096,145.78057845524768,159.08511352539062,262440
2015-02-24,157.67421421243685,158.8994721168099,151.96873742615333,153.1568603515625,52880
2015-02-25,152.59993248574546,155.9415368467472,146.06523346999856,149.23358154296875,29220
2015-02-26,149.02318336906438,155.4464929047631,140.087491332788,141.82017517089844,59628
2015-02-27,146.01572332643605,146.01572332643605,142.57510282283386,143.26817321777344,57380
2015-03-02,147.2781106551702,147.2781106551702,139.24588126258402,142.05531311035156,27264
2015-03-03,139.85231763740126,150.24841912549127,137.37705537833222,139.20875549316406,32836
2015-03-04,141.08994934966535,146.01572730867795,136.63447726493908,137.46368408203125,24744
2015-03-05,142.82264371161517,143.07016995721588,137.5008294311997,140.92906188964844,76980
2015-03-09,140.3597347168553,144.30778079798293,136.13941584715369,136.46119689941406,18844
2015-03-10,135.09981627562453,138.61469184027777,135.09981627562453,136.44883728027344,19376
2015-03-11,134.85230734872087,139.66669626731183,134.83993405692178,137.16668701171875,9208
2015-03-12,137.12955541628185,138.6147130561694,134.90181895645057,137.4265899658203,14720
2015-03-13,138.36718687205905,138.36718687205905,132.42655630867904,133.45379638671875,27612
2015-03-16,131.43642662170677,138.2186512889985,130.53294984945376,134.19635009765625,10748
2015-03-17,138.33004578562492,138.34243418499594,133.6641817795887,135.16171264648438,7032
2015-03-18,133.72607012157098,137.12955640416536,129.7037681512322,132.52557373046875,221520
2015-03-19,132.81021627583127,135.3844955100683,131.0651591053381,131.2136688232422,26684
2015-03-20,131.4487786318354,132.6492897038948,129.95124822150936,131.3497772216797,41616
2015-03-23,131.82009906247748,133.6641726136148,127.4760164740956,130.18643188476562,243716
2015-03-24,129.9512776665475,134.6419029962625,128.84978286286093,132.2780303955078,19964
2015-03-25,131.33741961605847,132.4265411376953,128.21859497070312,129.95127868652344,12836
2015-03-26,127.5378724590862,131.68393624111374,127.5378724590862,130.570068359375,5148
2015-03-27,129.96366457721948,133.14438620002872,128.71365993975013,130.63198852539062,13332
2015-03-30,130.84236355140737,133.86218668090063,130.8176169706929,132.95872497558594,8316
2015-03-31,133.16910622803601,147.7236449280529,133.16910622803601,140.58251953125,100640
2015-04-01,143.3177167107077,143.3177167107077,136.69638869341682,138.86224365234375,10648
2015-04-06,136.13944227430557,139.8523361545139,133.91170594618055,139.2335205078125,9164
2015-04-07,139.1221159292512,139.59242181403488,134.4067442225616,134.8027801513672,19072
2015-04-08,136.15181175432087,138.36717472905698,131.683965931768,136.63449096679688,31528
2015-04-09,137.00578082384035,141.1023372831009,136.6468647359841,138.97361755371094,23452
2015-04-10,134.5181190497521,142.30282121398707,134.5181190497521,138.6518096923828,253892
2015-04-13,136.1518051341407,140.5825308681754,136.13943184371544,139.85232543945312,29744
2015-04-15,142.3152183672733,143.56522288983973,138.61469796260388,139.53054809570312,51812
2015-04-16,135.149313564283,141.04043446731973,135.149313564283,140.44638061523438,14580
2015-04-17,139.1221173206003,141.1147004902228,137.37706038590736,138.66419982910156,94308
2015-04-20,137.3770501560134,144.39441235059198,137.3770501560134,142.78549194335938,67772
2015-04-21,142.3276154905195,143.55287363673813,137.94639717472845,138.54046630859375,13316
2015-04-22,137.9340139587215,142.3152319593212,137.11718028927518,141.15185546875,7944
2015-04-23,138.65182372871985,140.90430637780457,138.63943533098254,139.1097412109375,3096
2015-04-24,141.0775932950527,141.08996658635039,131.99337663538833,135.3721160888672,14780
2015-04-27,134.1716001376596,134.1716001376596,122.66162956870149,129.38197326660156,41240
2015-04-28,125.92897566511692,129.95127709913785,125.91660237457282,129.93890380859375,10028
2015-04-29,130.91663078716982,133.18148675634748,130.47107148115242,132.58743286132812,32136
2015-04-30,133.14436134638458,137.92161442698634,130.2235398298058,136.74586486816406,8520
2015-05-04,139.88946125077572,143.0825406974251,133.93644306395117,136.4735870361328,32532
2015-05-05,137.62457725626092,142.20381229086672,132.57503636416962,134.97604370117188,52996
2015-05-06,138.57756655511028,138.58995495399023,128.73839800857155,131.7334747314453,7788
2015-05-07,127.51315475846442,131.84486416838095,124.01065224961053,126.3002700805664,64876
2015-05-08,126.27550489535861,129.95127092663506,126.27550489535861,127.26561737060547,10884
2015-05-11,129.20868964123295,133.1691092470945,128.45373767542594,130.80523681640625,14328
2015-05-12,131.2260447703768,134.91417675452288,130.12454995906558,132.40179443359375,23468
2015-05-13,133.3919098395027,133.3919098395027,131.70871915645958,132.3646697998047,23220
2015-05-14,130.33493902218905,139.8523259988957,128.77552672730175,133.5527801513672,17288
2015-05-15,131.69633122346676,135.32259663448488,129.2086955660262,130.3844451904297,36824
2015-05-18,130.71859653406915,134.35723515094242,127.63690704468884,129.7779998779297,91780
2015-05-19,130.02553488498813,132.42654250904928,128.7136487938423,129.72850036621094,60112
2015-05-20,129.10969592721216,132.43892726836853,128.96118620886503,130.63198852539062,8292
2015-05-21,129.09731624101718,132.36466585306022,128.2186010507437,128.71365356445312,76496
2015-05-22,128.23096835199243,131.05277359144318,127.47601632541226,129.1344451904297,5604
2015-05-25,128.72602084257656,131.5601993727313,127.99581539740436,129.1344451904297,90944
2015-05-26,127.37699969418347,130.1988049316406,127.36462640348822,129.95127868652344,5468
2015-05-27,129.9017609447508,129.9017609447508,126.99332777667885,127.66165161132812,30796
2015-05-28,130.9166473108995,130.92902060256117,122.52550090291173,124.24581146240234,30204
2015-05-29,128.2186043616473,128.71365688814015,121.26311485364238,123.54035949707031,41852
2015-06-01,128.19384918553703,128.20622247630914,121.79528664483381,122.83489990234375,13652
2015-06-02,123.9982769167194,123.9982769167194,114.9016873056862,115.89179229736328,50140
2015-06-03,115.99080214642316,120.00072286012872,113.36702238822966,116.4239730834961,42848
2015-06-04,116.34969978718183,120.0502198962663,116.3373264974127,118.84971618652344,14008
2015-06-05,121.74578781657239,121.74578781657239,116.60961811880847,117.30268859863281,3712
2015-06-08,117.57496513063202,121.73340298106012,115.35960223976797,120.07498168945312,26944
2015-06-09,116.38683431124188,120.63190756995986,115.27296629592166,118.78783416748047,29232
2015-06-10,116.98091359663292,118.65171587462595,111.89424435129068,116.88190460205078,20196
2015-06-11,119.80269913765551,119.80269913765551,115.61950722813333,116.49822235107422,66912
2015-06-12,115.34722594464773,118.29278664146686,112.63681063962395,116.37445831298828,21044
2015-06-15,118.68882473742114,120.0502189731997,116.72098822959906,118.31753540039062,10224
2015-06-16,117.58734472830204,119.307655226679,116.46110328662338,118.25566864013672,9060
2015-06-17,119.30765640583445,121.78291898686835,113.61455246945646,116.33734130859375,100960
2015-06-18,117.58733628699991,119.30764666188007,115.66900794337009,116.49822235107422,25188
2015-06-19,115.86704001339696,115.86704001339696,111.38681334368185,113.45365905761719,19124
2015-06-22,113.11949484866227,128.71364840548006,107.55015429265592,112.32740783691406,41584
2015-06-23,113.3793862760955,113.87443873455051,112.27789908837376,112.67394256591797,58820
2015-06-24,113.83732059735321,121.04033596624767,112.12939098713741,117.64922332763672,17924
2015-06-25,118.07002967745203,120.53291906230568,113.8620831271026,118.41656494140625,17992
2015-06-26,115.14920570355221,120.05022205667672,113.94870197220523,117.2903060913086,29964
2015-06-29,113.34227673126031,116.59724564826504,112.79772347340185,115.3224868774414,15500
2015-06-30,113.89920027965645,123.6888678149568,113.89920027965645,122.12944793701172,18980
2015-07-01,125.00075772575345,125.49581023159801,118.83735553876893,119.53042602539062,8448
2015-07-02,120.0378667776881,123.46609954892318,118.07002992405954,121.16410827636719,11228
2015-07-03,123.56510225522415,124.70371691818247,119.25813962823736,123.86212921142578,26520
2015-07-06,119.44379523433972,125.00076286235577,119.43142194274586,122.48837280273438,13452
2015-07-07,120.13687375214302,125.97849509375924,120.12449290660084,121.08985137939453,10264
2015-07-08,117.58733545159892,122.52548688393625,108.75065335412852,115.14920806884766,66476
2015-07-09,117.42645096499031,121.23835368719242,114.14672816713204,115.95367431640625,21944
2015-07-10,118.25566479124758,120.00072181527207,115.84228387714049,117.1170425415039,56452
2015-07-13,119.43141917136147,119.44379246266821,115.59476218243691,117.32744598388672,126412
2015-07-14,115.60712424165939,121.5230072606736,115.35959800835842,120.50814819335938,139848
2015-07-15,120.31013757057944,137.9711455679833,119.49330392111042,133.18150329589844,198808
2015-07-16,135.6443637209792,142.46370781714342,135.6319904319809,137.51318359375,138200
2015-07-17,138.614690592243,142.3275840902495,136.13942826023865,136.90675354003906,57996
2015-07-20,139.86470634297632,140.59491181144506,136.13943925404013,137.57508850097656,45764
2015-07-21,140.09985829373667,140.09985829373667,128.9611769806304,131.02801513671875,31092
2015-07-22,133.40426635742188,133.41663964751703,131.17653025941138,133.40426635742188,15052
2015-07-23,135.75576715466227,139.08499805039582,132.7978256129257,135.86715698242188,22920
2015-07-24,138.35478930219168,138.3671625921332,130.73098443853257,131.75820922851562,16660
2015-07-27,133.67655033631976,136.1146930008077,131.56020388799828,132.4389190673828,17548
2015-07-28,132.43890157119878,135.07506186889916,131.18889717626826,131.72108459472656,11756
2015-07-29,133.6641829316399,133.6641829316399,128.71365763787549,129.67901611328125,17612
2015-07-30,128.71365196612672,129.95128323503178,125.14927542246049,126.42403411865234,58668
2015-07-31,128.948795660491,131.20127836487796,126.23838035484125,128.2804718017578,49884
2015-08-03,128.71365948182586,137.11717930994058,127.47602814065446,134.95132446289062,39040
2015-08-04,136.88202505899199,143.58998082255866,131.6839734744733,139.3820343017578,36404
2015-08-05,140.58254317886258,142.0553274557028,136.52310644892037,141.11471557617188,39428
2015-08-06,137.93399994257402,142.11719952365755,137.89686496272535,141.27560424804688,42596
2015-08-07,141.58500926785578,141.59738255829419,137.6617244073134,138.21865844726562,18292
2015-08-10,134.28298182397,140.09984831772724,133.66416623952776,133.8745574951172,20440
2015-08-11,136.07753202695875,136.08990531572394,128.96115358989633,130.49581909179688,17020
2015-08-12,132.4265414212901,132.4265414212901,127.47601650834466,128.55274963378906,13376
2015-08-13,133.63943258155237,133.63943258155237,127.47602272141486,128.3671112060547,12352
2015-08-14,127.50076450988858,133.78793726247687,127.48839121902903,131.01564025878906,5092
2015-08-17,130.94138825352982,133.40427750027507,130.92901496240117,132.4389190673828,2220
2015-08-18,134.88942375609554,137.37705937731346,129.4562199177206,133.40426635742188,10264
2015-08-19,131.68395307174157,136.13942516815388,131.67157978192301,135.2483367919922,13984
2015-08-20,135.01318191942158,136.13942321720356,131.2507802925858,132.55029296875,11464
2015-08-21,129.96365038968196,132.302776399027,128.71364588866987,129.93890380859375,19996
2015-08-24,128.713652916456,128.713652916456,119.81508100576721,122.4017333984375,40804
2015-08-25,117.69872909473582,123.73836794128792,112.6244410896,117.5130844116211,52404
2015-08-26,122.93389968483669,123.02053537545876,116.33732721622862,117.10466003417969,25092
2015-08-27,117.32744756772294,127.47602425607027,117.32744756772294,124.40670013427734,23460
2015-08-28,125.07500836840806,128.68890060406463,118.96111465944236,121.250732421875,34944
2015-08-31,122.35222234104532,124.50570373738785,118.81259998796455,119.7531967163086,20200
2015-09-01,118.89923484105672,122.99579122746127,116.3249633703967,121.90667724609375,11852
2015-09-02,122.52548527677779,122.52548527677779,116.36208358878677,118.23090362548828,7948
2015-09-03,118.63933137827465,120.03786076660596,116.83239273257314,117.84725189208984,12688
2015-09-04,117.84724726965567,119.85221137368717,113.86207319698103,117.63684844970703,7680
2015-09-07,119.30764675876455,120.05022547303071,113.86206952081264,114.45613098144531,4416
2015-09-08,115.08731957730522,118.81258618508991,113.86206176071117,117.89673614501953,6736
2015-09-09,118.56507325372776,121.01558160769045,116.58486326201623,117.82249450683594,3780
2015-09-10,121.25073247590906,121.25073247590906,114.0105898185037,116.931396484375,7372
2015-09-11,117.57496669151418,118.77547049377627,116.3620895985294,116.99327850341797,6016
2015-09-14,116.65912775127171,124.75323978253265,116.36210076032133,124.38195037841797,41136
2015-09-15,121.04033727507085,124.29530597935631,118.81260100620452,119.06012725830078,7004
2015-09-16,119.50567280184546,123.76312740617874,119.43141794696248,121.93143463134766,6576
2015-09-18,123.25569421836599,123.26806750880432,119.32002095960235,120.53290557861328,7800
2015-09-21,123.8972548675537,125.33734016978647,120.42117958068847,124.14554595947266,9420
2015-09-22,126.61604904461245,127.10021214161745,122.40751188305053,122.49441528320312,8364
2015-09-23,120.57014934066437,126.1318679884878,120.4211731779854,126.02013397216797,5448
2015-09-24,126.13186282835245,131.0728611544851,121.82401127339239,129.0244598388672,11992
2015-09-28,130.34041127840308,130.5887023694546,125.37458945737228,125.5732192993164,10572
2015-09-29,127.53472820724647,130.35282610018953,124.39383976418088,129.95556640625,8364
2015-09-30,126.78984618712595,129.09895791771518,122.89168054071654,123.90966796875,63176
2015-10-01,127.62161086670234,127.62161086670234,121.04189746598715,121.5136489868164,19260
2015-10-05,125.63528766280461,126.13186982747973,121.68746096908593,124.9773178100586,7436
2015-10-06,126.1194525685346,128.06853141444924,121.93574650596697,123.0033950805664,10376
2015-10-07,123.16478251382544,125.36216000361273,121.66262456791438,124.1207046508789,11968
2015-10-08,124.14553071213341,126.13185920352754,123.15236646643635,124.08345794677734,76400
2015-10-09,126.11946173921355,129.1113663319708,122.4075069262723,123.82276916503906,21920
2015-10-12,125.8587559287029,126.42982999984953,123.15238447879096,124.60488891601562,17132
2015-10-13,125.37458684543427,127.8699092276199,122.40750533828468,123.99656677246094,16676
2015-10-14,125.36217702805179,125.610468132317,120.91776777715332,124.00899505615234,13196
2015-10-15,123.23928127336434,128.61478173587267,123.22686217279718,126.60362243652344,20340
2015-10-16,128.5651327445821,128.5775442690899,121.68747359648856,122.90409851074219,16396
2015-10-19,124.14554374897902,124.14554374897902,117.59066055448147,121.20329284667969,25368
2015-10-20,122.89167404295802,124.1207103522741,118.19896653227433,119.87493133544922,13064
2015-10-21,120.43358753645238,122.33302039515442,120.16047340522698,120.94258880615234,4300
2015-10-23,124.8531770868902,124.8531770868902,121.45158609670354,124.14554595947266,9048
2015-10-26,125.37458463853203,125.37458463853203,119.67630128701869,120.68187713623047,10236
2015-10-27,122.08472929320293,124.13313074055705,118.18655623521987,121.0046615600586,9944
2015-10-28,123.64896312050378,126.62845620774483,120.42117894265931,121.33985900878906,14764
2015-10-29,122.14681336517519,124.14555374964719,120.17289602965849,123.71104431152344,22028
2015-10-30,124.10831128367104,125.3870089685952,116.94511133506602,120.4708480834961,9788
2015-11-02,120.19771984459258,120.19771984459258,116.69681391179031,116.93269348144531,27964
2015-11-03,121.15364040241383,121.16605192601735,115.51742962823683,117.10649108886719,10460
2015-11-04,118.42243906385937,121.16605259269437,115.45535749098951,120.09840393066406,13560
2015-11-05,119.17972027016565,120.39634506580842,115.95193617951533,116.46092987060547,18096
2015-11-06,116.73405815437924,117.93827149456177,108.50320977499683,110.60127258300781,80904
2015-11-09,111.99169319872004,119.15489266611284,109.2480796830319,111.8178939819336,31892
2015-11-10,114.077353229751,114.077353229751,105.52372148114661,109.14877319335938,23912
2015-11-13,112.4510290256298,118.65830604821085,109.24807559742646,116.07608032226562,6920
2015-11-16,118.18655815883976,118.18655815883976,112.00411156892042,114.3008041381836,9500
2015-11-17,113.1089956520251,116.69680469975488,108.99978141104765,110.70057678222656,14700
2015-11-18,109.26048726638369,111.73098655556483,108.75149358074977,109.79431915283203,25352
2015-11-19,111.73099755679159,116.68440814603998,108.09353437400247,109.32257080078125,18680
2015-11-20,111.69374359745599,114.71047869709341,109.24807494961277,112.89795684814453,20764
2015-11-23,112.19032047034173,112.97243581825043,107.26174126040482,109.06185150146484,212352
2015-11-24,110.9488767331851,112.72415653765779,108.32940114835418,111.58201599121094,12496
2015-11-26,111.74340008328484,113.96560833109541,109.28531985041562,113.48143768310547,16000
2015-11-27,114.21390998075361,114.21390998075361,112.09102403266084,114.00286102294922,5152
2015-11-30,112.97244984170665,115.39328805260035,112.57518256857293,114.21390533447266,7836
2015-12-01,115.45535812938581,115.45535812938581,112.06618622877822,112.94761657714844,46856
2015-12-02,114.4621829970086,116.69680262167904,111.3461331068372,112.61241149902344,27936
2015-12-03,114.21391002740495,114.95878335367063,112.00412067493208,113.87871551513672,36240
2015-12-04,115.20706865136357,117.93827070990883,114.21390426643802,117.5037612915039,19436
2015-12-07,120.08598580168723,120.59498708947845,116.4485227990007,116.99476623535156,13956
2015-12-08,118.89419461331778,118.90660613740624,116.20023466597635,117.0816650390625,10396
2015-12-09,116.20023580373235,116.20023580373235,112.72416037370617,113.79180908203125,6760
2015-12-10,111.99169371047778,113.58076275674112,109.409467876164,110.14192962646484,17920
2015-12-11,110.50194404554303,111.7309879438221,108.2673242866666,110.30331420898438,21896
2015-12-14,112.97244924511226,112.97244924511226,110.2412471754502,111.47029113769531,4940
2015-12-15,112.9724461113638,112.9724461113638,109.86880748193072,111.5696029663086,5148
2015-12-16,109.9308728228245,112.97243847404889,109.91846130004292,111.19715881347656,10152
2015-12-17,109.99295964262828,115.45536395896647,109.84398346400677,114.11459350585938,11244
2015-12-18,113.2455751098954,116.20023775970418,112.22758005851772,112.81106567382812,16064
2015-12-21,114.95877935406777,117.9382725554691,113.71732385348389,116.52301025390625,27180
2015-12-22,115.51742179019064,119.2045457421449,115.51742179019064,118.47208404541016,10564
2015-12-23,116.18781592030265,122.6557956349319,116.18781592030265,121.43917083740234,12600
2015-12-24,130.3528323727644,145.72205809908118,130.3528323727644,145.5730743408203,2364788
2015-12-28,146.86417684762256,158.78214893331298,140.8679410802155,152.79833984375,1865032
2015-12-29,153.4190825260761,163.6238410583613,151.83001336447336,161.6995849609375,1245840
2015-12-30,162.63066704020702,170.05457683406573,160.66916133014152,162.92861938476562,1286140
2015-12-31,163.3507342039551,166.04468679901143,156.96964937756667,159.0801239013672,273572
2016-01-01,157.9131361977296,159.89946495493373,152.4631436392536,153.28250122070312,107844
2016-01-04,154.93365890985885,156.42340563014596,143.56192864256477,145.12615966796875,129220
2016-01-05,145.2502625876126,147.36073648845826,142.76735211602949,143.847412109375,50436
2016-01-06,144.00882342852668,145.9579023045155,139.06782497668513,140.49549865722656,81252
2016-01-07,139.0429876307635,139.0429876307635,130.39005062303505,134.5364990234375,122816
2016-01-08,134.53652595538554,138.29814216770183,134.0771934839479,136.24974060058594,98684
2016-01-11,135.81524035088125,145.25030275185657,130.40249705700862,143.7978057861328,83000
2016-01-12,145.20063166799218,153.91565833580523,144.13298297316226,145.27511596679688,501200
2016-01-13,147.410431517409,147.42284304171525,133.5806139897984,136.95736694335938,59152
2016-01-14,134.3378904426249,135.19449772910585,131.5818654212362,134.9586181640625,34664
2016-01-15,138.95610533388447,138.9685168566615,129.8562314291136,130.97354125976562,39004
2016-01-18,130.10451301616231,136.56008045589556,130.10451301616231,133.56817626953125,47164
2016-01-19,130.88665200648103,144.0088298357553,130.88665200648103,140.048583984375,84648
2016-01-20,135.88971506383598,140.03617943619497,134.07719307720794,137.49119567871094,46640
2016-01-21,140.0237395808971,140.532733198511,136.56007642964852,139.874755859375,84656
2016-01-22,138.54639917624513,143.01563785934982,134.63581532852854,136.22488403320312,14396
2016-01-25,138.5216167643698,138.5216167643698,134.07719981966403,135.43038940429688,11840
2016-01-27,135.56692172009528,138.50916478354551,134.1019983723153,137.15599060058594,13220
2016-01-28,137.29255916547112,141.5259191549095,134.44962319716404,139.4278564453125,11508
2016-01-29,139.1919915892967,151.4575786071455,137.56568783351076,148.7636260986328,62640
2016-02-01,150.74994158097863,152.6990205786024,141.55074455911836,142.05975341796875,13376
2016-02-02,144.9771705409321,148.67669861340482,139.92443787031593,142.09698486328125,21152
2016-02-03,143.0156835178476,143.0156835178476,138.0498611734779,141.8114776611328,10708
2016-02-04,143.01564965862408,143.02806118064913,140.08581819998648,141.4762420654297,9072
2016-02-05,139.0554134538382,144.00882342852668,139.0554134538382,140.49549865722656,4492
2016-02-08,141.51351521609135,146.2186345833504,141.004521492923,144.34402465820312,32956
2016-02-09,139.0430104987061,143.16463653383784,139.0305989750944,142.43218994140625,23676
2016-02-10,140.28446519711184,140.53275628595628,134.03993825087986,134.4620361328125,40448
2016-02-11,132.83572594800634,135.02068439064672,123.15237396301148,124.39382934570312,415180
2016-02-12,124.15794979209478,127.85749289430976,123.89724719262647,124.39382934570312,145020
2016-02-15,124.3938437526303,129.11137475322906,121.31503556242502,126.75260925292969,16540
2016-02-16,124.87801005604634,127.5968005944997,120.17289074494919,121.61297607421875,6912
2016-02-17,121.41434298896812,124.87800672476521,109.2480795810756,122.39509582519531,46900
2016-02-18,121.92333596126694,124.89041749935546,117.93826702225417,119.58940124511719,8404
2016-02-19,124.39384336175212,124.39384336175212,112.26482139077136,115.10775756835938,14124
2016-02-22,115.48017774627394,117.193384607503,110.53918698695688,113.29521179199219,3104
2016-02-23,115.85262822696224,115.85262822696224,111.73099447102686,113.84146881103516,4516
2016-02-24,117.92584184351486,117.92584184351486,108.59009648270501,111.64407348632812,13280
2016-02-25,116.68439564550307,116.69680716856021,110.55160296127966,113.51868438720703,8396
2016-02-26,112.7365696924827,112.7365696924827,108.30457966769558,111.40821838378906,51116
2016-02-29,109.75707402110005,116.10091595841627,108.87564367673511,109.7074203491211,8984
2016-03-01,112.72414246389982,124.09587010447136,111.30888037563692,120.73152923583984,19552
2016-03-02,122.90409049987792,127.62162124633788,122.8916789761791,124.14554595947266,72456
2016-03-03,129.11135274068943,129.11135274068943,121.69986299579953,127.94438171386719,14716
2016-03-04,127.90716067252568,136.56009906998415,126.62845550125802,133.77923583984375,23268
2016-03-08,135.19449887570767,135.31864442104808,130.3776456547055,131.17218017578125,3312
2016-03-09,131.17217129179923,131.17217129179923,128.1181941141609,130.10452270507812,1072
2016-03-10,128.13061623887108,128.3664958094568,124.44349954869163,124.96490478515625,4136
2016-03-11,129.04929402474878,132.33915096717865,119.42801428745389,122.33302307128906,5596
2016-03-14,122.15921055008671,128.85065814261952,119.81285682874602,120.79360961914062,6728
2016-03-15,121.67504149410111,124.84075278416076,112.30205316470885,114.89669799804688,295012
2016-03-16,117.57825025106523,118.17415496744056,111.730997733889,113.12142944335938,110548
2016-03-17,113.35729286896282,118.31070309119096,113.35729286896282,116.34920501708984,62312
2016-03-18,117.68998164828773,117.68998164828773,112.98486226246423,115.96435546875,28152
2016-03-21,115.45535369568886,116.70922063503535,110.34055586597972,112.10342407226562,326740
2016-03-22,114.43736612187213,115.41811899474682,112.73657057666513,113.2828140258789,5828
2016-03-23,114.71048903881268,116.18782412551282,113.02211257736376,114.226318359375,2804
2016-03-28,116.47898153687268,116.49142416335498,113.90272736785997,114.74903106689453,4132
2016-03-29,116.23006999202596,116.24251261869608,110.90331922544766,112.42169189453125,6924
2016-03-30,115.4833325527449,117.47463902136009,112.25990216818151,115.52066802978516,7008
2016-03-31,115.52066598815826,119.21703007444468,114.93571820409421,117.0265884399414,12324
2016-04-01,116.98924761371667,118.23381407769237,115.74468114974096,116.34207153320312,5532
2016-04-04,118.17159629053766,119.4783911942245,116.98925804434482,117.8106689453125,5568
2016-04-05,114.99794149546435,121.46968712075021,114.53745038364976,118.69430541992188,4196
2016-04-06,119.46593527594747,120.4615884251293,118.98055132722905,119.67750549316406,6268
2016-04-07,120.22512304188258,121.9675161294461,118.23381665609571,121.382568359375,3248
2016-04-08,123.19963853376574,124.20773434112822,119.54061005476318,123.10006713867188,4248
2016-04-11,124.45665071796438,124.45665071796438,120.72295119642546,122.52757263183594,4584
2016-04-12,124.45665069617674,125.70121720313851,122.47778691161508,124.4690933227539,6884
2016-04-13,126.68443428365845,130.6670473103264,123.75970284219918,127.92900085449219,14716
2016-04-18,125.70122294799263,128.93709601398058,124.45665638415113,126.38573455810547,1180
2016-04-20,124.71800146183091,131.16486177802994,124.71800146183091,126.64707946777344,17548
2016-04-21,125.72610586685344,130.92839217351303,125.72610586685344,128.60105895996094,7488
2016-04-22,126.42305508161535,129.41002207774815,126.41061245594132,127.71739959716797,41180
2016-04-25,126.95822006858681,133.16860967020355,125.70121099710803,131.63778686523438,23228
2016-04-26,131.42623732183253,136.90233054357554,130.67949733704938,134.06471252441406,6104
2016-04-27,135.64531478682989,137.40015062864882,134.1642775160176,137.2508087158203,36316
2016-04-28,138.13443788773242,139.39144700526967,130.67948156744032,132.11073303222656,32488
2016-04-29,135.74488169830778,135.74488169830778,131.0279861355069,133.91537475585938,5984
2016-05-02,130.29364315051762,135.49592093606682,129.43488940348345,130.74168395996094,21996
2016-05-03,129.58424936936095,133.6415480461409,128.19034105814038,129.14865112304688,184276
2016-05-04,128.19035040990985,131.67513663464527,127.07024055195919,128.25257873535156,5692
2016-05-05,131.76225843109566,131.9240581643202,128.93709835682617,129.48471069335938,3324
2016-05-06,127.5556041816294,130.25630699800686,127.44359017521,127.978759765625,1048
2016-05-09,126.94580196639866,129.93276201266687,126.94580196639866,128.19036865234375,54212
2016-05-10,128.2027935802755,134.36339782513429,127.20714036898521,129.89540100097656,25968
2016-05-11,131.8991382425718,131.91158086667343,125.9625480700114,128.2152099609375,6844
2016-05-12,130.65459513633533,130.65459513633533,126.19904106132738,128.31480407714844,30816
2016-05-13,126.85866357034568,127.19469804921313,124.45665171155883,125.40251922607422,2484
2016-05-16,124.70556204897949,126.54751893125514,124.58110540022801,125.4647445678711,1696
2016-05-17,125.55187154361879,125.5767643937657,124.70556781224305,125.43986511230469,14896
2016-05-18,125.57676920637883,129.44736827127406,124.45665927292252,124.48155212402344,52988
2016-05-19,131.94894224052328,145.61428931473773,128.26502821601056,129.5718231201172,114132
2016-05-20,131.3017723725433,131.3017723725433,127.31915937166995,128.32725524902344,7176
2016-05-23,127.07024169399163,129.2855761766113,126.14925943068471,128.16546630859375,24904
2016-05-24,126.55997661654136,134.16427526515545,124.71801202942234,129.8580780029297,2162916
2016-05-25,135.02302390035666,135.02302390035666,126.94578420048067,127.1324691772461,20020
2016-05-26,125.72612067947229,132.32231612767922,125.70122782798276,129.11134338378906,4408
2016-05-27,129.4224753930068,130.67948453912882,126.22393791885047,126.73420715332031,34892
2016-05-30,124.70555638692464,126.54751318556922,123.21207666971597,123.95881652832031,25212
2016-05-31,123.97125600178714,125.9252267680289,122.46533369705337,123.61033630371094,4748
2016-06-01,124.44421353983145,125.70122272862511,122.71426298061819,124.13307189941406,51968
2016-06-02,122.73914585863567,123.18718674594113,118.34582777214217,121.44479370117188,56612
2016-06-03,122.07952593847789,127.02044866068731,121.9675119196512,123.57300567626953,157956
2016-06-06,126.93332933214624,126.93332933214624,121.97994901603315,123.49832153320312,9944
2016-06-07,122.73914663994375,124.94203080838517,122.21642720393939,124.00860595703125,10680
2016-06-08,126.7839910421032,126.7839910421032,121.96751716148016,122.31599426269531,8396
2016-06-09,122.22887760398966,123.95882814368423,121.40746672104815,121.96752166748047,30752
2016-06-10,123.21208361320086,123.69746758713923,119.9762107102279,120.8847427368164,8388
2016-06-13,120.98430971806528,121.95507769146133,116.01849380570154,119.29170227050781,13320
2016-06-14,122.80137548190478,122.81381810814969,118.48272829882536,119.31658935546875,5672
2016-06-15,121.94262142440427,121.94262142440427,114.50011544004737,115.94380950927734,38476
2016-06-16,117.00169182136285,117.36261913928676,112.5088098641731,113.09375762939453,37224
2016-06-17,112.620818727028,116.59098106117193,110.01967186281976,111.79940032958984,60044
2016-06-20,112.25989949449114,114.1018564148441,111.01533298124845,111.60028076171875,67804
2016-06-21,112.02343027956336,113.34267535854575,111.38870438802356,111.82430267333984,108340
2016-06-22,113.09376659091654,114.2138765123923,111.11490269115005,112.9070816040039,95896
2016-06-23,113.50446601207926,117.5742000297849,112.62082682613558,114.97305297851562,33668
2016-06-24,113.14353769309108,117.98490442585103,109.52185220965075,115.98115539550781,45416
2016-06-27,120.72295890626803,120.72295890626803,113.40490889593852,114.4503402709961,35124
2016-06-28,113.4048999428398,115.09750732858014,113.4048999428398,113.7160415649414,38944
2016-06-29,117.9848965125081,124.20772860704967,114.41298937099512,121.08386993408203,675416
2016-06-30,122.2786561961977,123.52322267147706,118.79387006541548,119.727294921875,69936
2016-07-01,119.97620495600825,120.5860455508122,117.0016881224448,117.43728637695312,29812
2016-07-04,116.24251660004954,120.33714361728049,116.24251660004954,119.5281753540039,56128
2016-07-05,119.47837698664196,122.93827013430068,119.47837698664196,119.6650619506836,47592
2016-07-07,119.6650673618229,123.47343776199071,119.6650673618229,121.78083038330078,81180
2016-07-08,122.71425863192948,122.71425863192948,119.47838568625994,120.08822631835938,25392
2016-07-11,119.98865294191053,121.70616078482169,118.39560934493522,119.14234924316406,28480
2016-07-12,123.43610309192293,123.44855331457495,118.23381667736507,118.93077087402344,40556
2016-07-13,119.47838162681913,119.97620821693087,118.30848610156414,119.727294921875,85580
2016-07-14,122.45290761376295,122.45290761376295,118.544965553354,120.05088806152344,34656
2016-07-15,121.0838648532984,121.22076411514166,116.49141192173778,117.13858795166016,50740
2016-07-18,116.0558260557447,118.74408665564808,116.0558260557447,117.10126495361328,16712
2016-07-19,119.31658850005722,119.82685771213474,117.48707427754837,118.28359985351562,90356
2016-07-20,118.28360203154999,119.47838282127029,117.64886856507339,118.61962890625,24936
2016-07-21,117.62396779799374,120.7104985567524,117.61152517244653,118.81875610351562,66004
2016-07-22,117.73599302286495,122.56490961068758,117.73599302286495,120.81007385253906,22276
2016-07-25,119.5157123709694,123.21207617547992,119.50326974520151,122.21642303466797,15060
2016-07-26,122.46534040039724,122.46534040039724,119.47838087843633,119.61528015136719,13676
2016-07-27,119.73974195298442,121.46969245575455,119.52817172138866,120.39936828613281,6596
2016-07-28,120.78517658214278,122.9631679166997,119.21702585975417,122.58979797363281,35620
2016-07-29,121.97995167371106,123.21207546687201,119.73973211976792,120.57359313964844,15424
2016-08-01,118.52006771410854,122.95072906561751,118.52006771410854,122.12931060791016,22348
2016-08-02,121.96750990390564,121.96750990390564,114.79881031947446,118.13424682617188,37000
2016-08-03,121.71861276891823,128.75041401783835,119.465950274571,124.48155212402344,100916
2016-08-04,126.945784329433,127.94143753985992,120.97186506687144,122.22887420654297,20544
2016-08-05,123.08761522907714,124.20772497332557,121.95506285949588,123.48587799072266,24308
2016-08-08,120.3246763467846,129.41001853571277,120.3246763467846,127.05778503417969,80588
2016-08-09,127.41872227963931,128.19035506236781,125.2158379598067,126.88356018066406,12708
2016-08-10,126.94578643809686,127.72986943131718,126.84622263464657,126.9582290649414,19480
2016-08-11,127.1946816974056,128.88728890459328,126.9457684259821,127.43115234375,27364
2016-08-12,128.9246438370234,131.9240459952147,126.34838972145559,127.28181457519531,9480
2016-08-16,127.28180505056591,127.28180505056591,120.22511216510703,122.66445922851562,8992
2016-08-17,122.46533886458441,127.44360467208784,122.46533886458441,126.8462142944336,38064
2016-08-18,126.33594180054493,129.68382870877443,126.33594180054493,128.02854919433594,5632
2016-08-19,128.96196946497167,130.67947724286248,126.5724079580868,126.9457778930664,6260
2016-08-22,126.94577344982179,126.94577344982179,125.70120704345099,125.76343536376953,8332
2016-08-23,126.44795324228775,129.9327393552642,124.70556018579954,128.91220092773438,8992
2016-08-24,129.43491455136606,131.1773076318652,127.71740672360352,129.44735717773438,24184
2016-08-25,131.91160786931684,133.24328796243267,129.06154751350587,129.89540100097656,14328
2016-08-26,129.94519108716875,131.92405494991,129.93274846010002,130.56747436523438,11908
2016-08-29,128.20279988724357,131.92405698600172,128.20279988724357,129.5718231201172,19596
2016-08-30,131.5133439391544,134.413190136681,127.76720158587472,129.5718231201172,29240
2016-08-31,130.67948966345347,130.67948966345347,127.21959612303881,129.45980834960938,66432
2016-09-01,129.49715142364127,130.71683273748536,128.4641550950307,129.45980834960938,4576
2016-09-02,131.92403911237687,134.16425864447385,129.957618112774,132.80767822265625,62204
2016-09-06,134.41320130385822,134.41320130385822,130.1567893395551,131.2519989013672,29360
2016-09-07,133.13126022385796,133.13126022385796,128.19033774877772,128.38946533203125,9076
2016-09-08,127.07022443246635,133.143714302109,126.19902798679811,131.91159057617188,11364
2016-09-09,129.43491715679477,129.43491715679477,127.45605336561671,127.64273834228516,8572
2016-09-12,131.92404686809618,131.92404686809618,122.97561083921123,125.86300659179688,13552
2016-09-14,130.90350413228504,131.17730267188315,125.12871281677627,127.03289794921875,2492
2016-09-15,126.82132860354048,129.1860049955594,125.8256753858483,126.12437438964844,4824
2016-09-16,126.94577638564523,128.9495253077499,125.70120995049184,127.23202514648438,9720
2016-09-19,126.2488255510642,128.17790357644358,123.46099362428161,124.51887512207031,44348
2016-09-20,125.42759126682151,125.42759126682151,122.48983008835523,123.03755187988281,5896
2016-09-21,124.48152907188984,127.4441879442509,122.86326919395526,124.54376983642578,6820
2016-09-22,127.96702115973265,128.06661246840724,124.99190936020692,126.84668731689453,30784
2016-09-23,124.97946160225472,126.46079491333361,122.65165536959499,124.4317398071289,6116
2016-09-26,127.71804566336151,127.71804566336151,122.75122973735324,125.7263412475586,13080
2016-09-27,128.80102886125482,128.8134891702526,125.70144342281118,125.7263412475586,21808
2016-09-28,128.19108646278895,128.19108646278895,125.00435471648572,126.78443908691406,6276
2016-09-29,126.97116623497888,129.70976001651763,121.28235854195974,123.27406311035156,27348
2016-09-30,122.00434938543262,131.45250092878933,120.7470889213311,126.32386016845703,9312
2016-10-03,128.55207175394924,129.70975607736932,126.01265306501911,127.56867980957031,8548
2016-10-04,129.2118457265755,129.7097719143465,127.71806716326249,128.53964233398438,62384
2016-10-05,129.7097462084427,129.7097462084427,124.74293043065124,126.00019836425781,37384
2016-10-06,129.29896279526847,134.0417213790093,126.09979346184986,130.29481506347656,63044
2016-10-07,128.0914761573141,132.19936606323378,127.22010557120991,129.43588256835938,43488
2016-10-10,129.4359133480207,133.50645369001964,125.9753204049416,128.2159881591797,6520
2016-10-13,127.22012588996891,131.44005287003745,123.54792069060093,124.51887512207031,122152
2016-10-14,123.236711206091,127.83008257196325,123.236711206091,125.53961944580078,6972
2016-10-17,123.56036073419435,130.20767731902646,123.48567485704994,127.05829620361328,6752
2016-10-18,129.46080017089844,130.68072532763202,127.46909555288461,129.46080017089844,155288
2016-10-19,129.44835641103325,131.77615512950115,127.46909688706563,128.96287536621094,40208
2016-10-20,128.96285278043626,131.55207443569435,128.8383712623084,129.44833374023438,29192
2016-10-21,131.29066632987298,131.95042453072645,130.0085156616383,130.6682586669922,31188
2016-10-24,133.94212752978635,133.94212752978635,130.02095929819873,131.22842407226562,57116
2016-10-25,131.19106975707,132.42343977644074,129.46077368506442,130.2823486328125,24568
2016-10-26,129.53547554098816,143.75127521551042,128.2159743777538,132.28651428222656,223076
2016-10-27,134.4151639341269,135.65997925044405,129.98360925163823,131.0417022705078,23744
2016-10-28,133.19525362341443,133.19525362341443,127.78030639666814,129.0998077392578,71616
2016-11-01,128.7263375453807,133.4192999941126,128.7263375453807,130.76783752441406,25312
2016-11-02,130.2077052814776,130.6807412641427,128.4649635281882,129.2740936279297,34636
2016-11-03,128.4649348192876,131.70145449496732,124.48152598768178,125.7263412475586,30432
2016-11-04,129.44833889077645,130.9545622809539,125.7263383115622,127.45663452148438,145040
2016-11-07,129.9462691512716,130.45664037317374,119.80102469477002,127.05829620361328,24112
2016-11-08,129.9462771829746,129.9462771829746,124.76784077799341,125.83838653564453,16264
2016-11-09,123.23672013335492,124.35705395274906,112.03338193941356,122.72634887695312,49036
2016-11-10,129.42344945899768,129.42344945899768,123.49813126738638,125.01680755615234,11376
2016-11-11,122.61431259329227,126.32386083544797,122.00435002961652,124.36949920654297,65292
2016-11-15,120.80932067237642,120.88400654868462,112.17029975108922,115.30723571777344,88888
2016-11-16,116.45247595310212,120.72219108260761,116.4400308387063,119.50227355957031,95908
2016-11-17,121.99190970022217,121.99190970022217,111.67238695280734,113.06658172607422,62592
2016-11-18,113.25330187544343,113.2781997026204,110.93794830523717,112.1703109741211,9884
2016-11-21,110.4898074726008,113.77612303706006,110.24084440249781,112.07072448730469,12024
2016-11-22,112.28233737590303,115.76782013258294,112.0458194354571,115.41927337646484,8284
2016-11-23,114.5230103306219,121.49397617683367,113.27819500094122,117.93380737304688,7496
2016-11-24,115.19521623149298,120.74708968729327,115.19521623149298,118.64334869384766,2452
2016-11-25,118.00850178692785,124.23257888539452,118.00850178692785,118.71804809570312,170288
2016-11-28,118.25745399372457,120.7221867784649,117.14956533299929,117.64749145507812,2340
2016-11-29,118.15787532965383,118.50642211042862,115.76782832216242,117.48567199707031,166452
2016-11-30,118.76783128424219,121.30725767539775,117.07488542197187,120.52302551269531,4280
2016-12-01,120.53546979335258,120.53546979335258,117.75953306000808,119.12882995605469,6004
2016-12-02,119.50226281712473,119.987743798919,117.11221604123239,117.759521484375,1168
2016-12-05,117.01263877703931,119.75123245054449,116.58939853385229,118.1952133178711,1644
2016-12-06,118.20766025451229,119.3279940473119,115.79272308201634,117.51056671142578,1224
2016-12-07,116.57695367919312,118.44417664255447,116.14126832107549,116.3653335571289,1776
2016-12-08,116.40267906685597,118.23255913090124,115.7678262843963,115.97944641113281,1336
2016-12-09,116.76368454480327,118.2201200826627,116.76368454480327,117.14957427978516,6544
2016-12-12,119.75123439023143,120.00019745549179,118.00849293340895,119.76367950439453,9968
2016-12-13,121.48153700725496,121.49398212206083,118.25746210651413,118.61846160888672,12868
2016-12-14,120.28650661873502,120.7470898211078,118.34459769782545,119.7387924194336,4960
2016-12-15,119.34044558574104,120.74708536998578,112.41926788629615,117.94625091552734,3164
2016-12-16,119.22841602837863,120.23672104864724,117.75953539396588,118.25746154785156,1040
2016-12-19,120.74708626686083,120.74708626686083,117.51056642878002,119.34044647216797,7372
2016-12-20,120.34874987462143,120.34874987462143,117.11222987436444,118.25746154785156,4104
2016-12-21,118.25746200220402,119.20351865912158,116.51472045690838,117.52301788330078,2208
2016-12-22,116.51472045690838,117.75953584640527,116.51472045690838,117.52301788330078,1804
2016-12-23,117.51057404916132,119.34045421121421,115.02094324303502,115.38194274902344,1456
2016-12-26,120.00019257081384,120.00019257081384,114.5230053580381,116.39022827148438,4804
2016-12-27,115.97945785602784,117.00020805214672,112.63090123159836,116.80103302001953,2116
2016-12-28,116.51471634026765,118.22011488317412,115.23255805393649,117.37364196777344,5620
2016-12-29,117.26159497008265,119.09147488247774,115.41926994445498,115.56864929199219,1740
2016-12-30,118.24501610418228,118.24501610418228,116.016793532642,116.12882995605469,2428
2017-01-02,118.78028263433593,119.10393158737433,117.00019819712483,117.06243896484375,5752
2017-01-03,117.01264616313733,118.5064246247944,115.8051737204145,118.25746154785156,2860
2017-01-04,117.77197606422916,121.7429400307112,117.77197606422916,121.64335632324219,7856
2017-01-05,120.73464312169918,121.24501437308139,118.54376356000382,119.75123596191406,2012
2017-01-06,118.87986122653145,120.73463906382536,118.31969434117083,119.53961181640625,3312
2017-01-09,124.33215386900048,124.33215386900048,118.38193810023175,120.12467956542969,2456
2017-01-10,120.16201492415189,120.29894916071311,117.58524582935637,119.51470947265625,7872
2017-01-11,120.02509611418581,121.03339349638493,118.25745681902515,119.45247650146484,25456
2017-01-12,121.03339610755116,130.20768684351313,117.38608861704864,119.06658935546875,165652
2017-01-13,118.81762634718477,120.49812708651112,116.9379581889642,119.61431121826172,72236
2017-01-16,117.2118087787521,119.50227203179477,116.39023369763345,118.35704040527344,2352
2017-01-17,119.48982502951662,119.50227014355669,118.2574548295613,118.49397277832031,684
2017-01-18,118.51886084716062,119.2533049081373,117.51056350029396,118.14541625976562,6888
2017-01-19,117.70973667849637,119.87571843067394,117.70973667849637,118.83007049560547,22104
2017-01-20,118.8300599200842,118.8300599200842,116.14126203741733,117.02507781982422,7836
2017-01-23,116.58940611225727,119.50227715706069,116.26575715072363,118.7429428100586,110196
2017-01-24,119.35289183692718,121.0458452375129,117.38608514305167,118.66824340820312,7980
2017-01-25,119.6267540248832,125.22842304790062,117.51056794952106,123.89646911621094,38236
2017-01-27,128.86327808659118,131.9504262120156,122.62675626416095,130.0458526611328,30384
2017-01-30,133.17035265177358,134.44005823467893,126.47323996892017,127.29481506347656,47916
2017-01-31,137.1786414613115,140.66412418446643,130.99191570591103,134.5645294189453,1679828
2017-02-01,134.4524914746585,135.53548985431271,132.18693380862092,132.80934143066406,155472
2017-02-02,132.9587159544476,133.91723282968186,130.0956408333432,131.75125122070312,115172
2017-02-03,133.89233954684275,133.89233954684275,130.43176189964942,131.83839416503906,163560
2017-02-06,132.09979628171183,134.42761005801117,131.09149890702048,132.98362731933594,371612
2017-02-07,133.92969070632236,146.86332563372468,133.3446183563463,145.10812377929688,1418828
2017-02-08,145.59359013956208,152.6143512628586,143.56455037791798,150.70977783203125,497260
2017-02-09,150.958733329842,159.32390059690613,146.12885946781205,152.4774169921875,216840
2017-02-10,150.62265366256023,156.34880413237656,150.62265366256023,155.041748046875,152252
2017-02-13,152.98780457281296,155.8508798414661,152.86332303939326,154.3571014404297,678892
2017-02-14,155.3405077527223,156.7969356076496,153.398598880986,155.82598876953125,88948
2017-02-15,156.82184197812336,173.77622076225842,152.62680518196385,166.90484619140625,337828
2017-02-16,167.3156232938481,188.70155646378245,162.38615769015001,179.47747802734375,1422280
2017-02-17,179.9753934712018,179.9753934712018,168.05005739421304,169.44424438476562,325904
2017-02-20,171.66002083938002,171.66002083938002,164.35296149098653,167.3778533935547,118456
2017-02-21,168.7720627054842,176.76377077057387,157.39444794213756,165.85919189453125,764268
2017-02-22,167.3903201256768,174.77208149791275,164.3156321775248,174.0251922607422,222796
2017-02-23,174.02518520329033,180.17457604571115,170.82601584534967,174.3861846923828,219424
2017-02-27,175.48161961747843,180.2492686439261,173.29074756808882,175.36959838867188,169972
2017-02-28,175.75548168558643,184.48163421920316,175.75548168558643,178.8924102783203,185732
2017-03-01,180.49824227504132,182.73891011017975,176.26586969755758,177.17459106445312,89792
2017-03-02,178.68080042178752,178.68080042178752,171.78452026481034,172.23265075683594,52340
2017-03-03,172.70568143574187,173.04177549569317,168.98368057044934,170.75131225585938,42948
2017-03-06,173.02933446325338,181.34470711853635,172.0334821785728,179.48992919921875,203548
2017-03-07,180.54801236828513,183.6351451645018,175.90484526693422,180.9090118408203,106296
2017-03-08,183.4857868544593,217.0833569709125,179.01689660499622,214.35720825195312,3159076
2017-03-09,219.0874931823838,219.8343823636874,198.92148528718712,200.87583923339844,2680072
2017-03-10,201.41111799565485,210.0999349737908,197.925635113159,203.5397491455078,2150012
2017-03-14,206.5895510856299,208.88001435363742,202.90490071300894,206.48997497558594,654336
2017-03-15,206.63934276813788,210.12482565820287,205.39452745025753,207.98374938964844,388164
2017-03-16,209.12897043495352,215.1040838759522,203.68913365124402,205.63104248046875,980260
2017-03-17,205.63106359067794,207.63521339066028,194.489965510064,196.81776428222656,372536
2017-03-20,198.39866654002174,210.32398787337013,195.6849631358918,207.59783935546875,1009172
2017-03-21,209.62689046169368,212.8634101481569,184.48162212840265,188.0666961669922,2978600
2017-03-22,186.72228624650586,186.72228624650586,179.2533947966456,182.30319213867188,852500
2017-03-23,182.2533963266235,190.30736005013958,182.2533963266235,185.9007110595703,490808
2017-03-24,185.85094327973036,190.08331573218237,183.59783039561344,184.6434783935547,259564
2017-03-27,183.00031382822405,189.95883514015154,181.99201636625264,186.5231475830078,302932
2017-03-28,186.94637052075342,201.0874694930226,186.8716694452797,197.6268768310547,860204
2017-03-29,199.17046199524896,211.61861586995204,195.79701533430452,205.9422607421875,1065424
2017-03-30,205.8924355362833,207.90903009634752,203.8011399072923,205.56878662109375,148780
2017-03-31,205.39452843789817,207.88415908563027,202.80530648605696,205.29493713378906,547416
2017-04-03,201.6600843670378,215.10408999150698,201.6600843670378,212.58956909179688,360320
2017-04-05,215.34061171792746,239.6145111874756,215.34061171792746,231.62278747558594,848420
2017-04-06,231.2867015749997,233.4775736423151,224.06677224703955,226.3821258544922,313976
2017-04-07,224.02941533552956,241.24521792510305,221.82609821596162,233.3157501220703,978992
2017-04-10,234.27423493799236,235.27008715877022,222.82193439904694,224.61447143554688,324732
2017-04-11,224.31572184442487,230.01698211822662,220.40699867995596,226.91738891601562,370600
2017-04-12,228.4609763092045,231.2742560724913,226.3074395902391,228.7597198486328,141520
2017-04-13,228.07507111730465,230.82612530297075,222.08751209270878,224.3779754638672,125476
2017-04-17,222.21197698633222,235.5190556316831,222.0874954558715,229.56883239746094,371916
2017-04-18,229.31987842466344,231.01283946242205,216.8468346563826,218.22857666015625,245156
2017-04-19,218.44021299444103,227.0543295049141,216.59788011981937,222.90908813476562,337596
2017-04-20,223.81780766242144,228.22445719276163,222.07506611221348,226.94229125976562,237416
2017-04-21,226.0833567650617,229.79291256946425,224.5646881231384,226.8302459716797,131584
2017-04-24,228.95890263849097,231.2618111288761,218.62693481676308,228.69747924804688,199664
2017-04-25,228.54809158203727,232.7555734202985,227.86344315954204,231.2617950439453,129876
2017-04-26,233.01697957655577,242.36553946173763,231.56053655494068,234.32403564453125,292536
2017-04-27,233.52738015158548,237.33651241772964,232.90497242197037,233.60206604003906,49604
2017-04-28,234.49829891969588,240.24933919953727,230.86342933367845,232.60617065429688,97416
2017-05-02,234.01285412764,239.00456092877096,232.04603968346336,233.9630584716797,53804
2017-05-03,233.55224178477383,240.24935421359075,232.08336884004214,238.64353942871094,176112
2017-05-04,241.55641725736447,263.6021091335681,240.24936114749468,252.0502166748047,1220956
2017-05-05,254.93816875720213,257.4277993114717,245.6020541786913,253.61866760253906,166340
2017-05-08,254.93818489289396,254.93818489289396,244.36969948201335,247.64356994628906,153364
2017-05-09,245.4900314810357,259.41951824956277,242.32819746135084,255.14979553222656,236060
2017-05-10,255.18715480435202,265.64360407438403,254.0419307244058,263.1788635253906,217004
2017-05-11,264.39875279050796,264.39875279050796,256.22032287137375,256.94232177734375,59432
2017-05-12,258.73487784835254,265.3821798498075,248.96307707322833,252.2244873046875,89340
2017-05-15,252.22447471565337,263.04193810916405,252.22447471565337,259.2701416015625,88984
2017-05-16,261.4859516304171,264.89673388589256,250.00874379869927,257.4900817871094,187632
2017-05-17,260.07925803615643,261.4112042845496,253.9423127335625,255.05018615722656,50584
2017-05-18,250.70581739566518,256.9298942922805,244.51909103862965,249.31163024902344,51452
2017-05-19,252.68508279383784,255.18715872565758,230.29085055730076,235.9921112060547,82568
2017-05-22,237.48586788518998,245.2286129362464,237.48586788518998,240.73483276367188,79188
2017-05-23,240.7472815257913,248.71409952871304,239.00454008765217,246.24935913085938,144812
2017-05-24,245.97551089720153,247.1580854688227,231.0252817203329,234.0875244140625,59872
2017-05-25,241.07093388616585,241.10828442428388,229.30742901193386,234.64768981933594,60104
2017-05-26,235.95473835576718,256.9174156950741,233.3157360176428,249.08753967285156,178944
2017-05-29,250.2078778357534,252.19958233593852,240.2493553348279,241.68089294433594,36368
2017-05-30,240.74728376605555,246.498324487231,240.2120070983035,241.9672088623047,50276
2017-05-31,239.07922246819854,243.70994448192184,239.0294268173092,241.83026123046875,20412
2017-06-01,243.62279978954004,253.9174314575159,243.16222420585945,245.90081787109375,66228
2017-06-02,247.4070516649064,254.6892214874961,247.22032936176308,251.17884826660156,53528
2017-06-05,252.32406996568804,301.40714500662637,252.32406996568804,281.71417236328125,1329964
2017-06-06,280.0834572345383,288.2992386467514,272.6519155807819,276.3739013671875,337752
2017-06-07,276.8344634897585,283.8054291969327,272.88840505157566,274.53155517578125,150060
2017-06-08,273.8594075797687,286.033709140379,273.1125182863693,279.6851501464844,115576
2017-06-09,278.88838482239646,296.266017144051,278.8510646792508,292.09588623046875,237416
2017-06-12,287.55232650622264,298.43199977694206,284.57723017625864,287.15399169921875,131532
2017-06-13,288.7971328660931,295.9174698913164,286.79296819282195,288.1996154785156,84140
2017-06-14,290.0419946631655,290.7764236091308,284.8137698666621,285.82208251953125,34704
2017-06-15,287.51496215365165,287.5398523795812,278.1788481053385,281.838623046875,56832
2017-06-16,284.8137600217763,291.2619097927771,281.950684636942,284.92578125,56172
2017-06-19,287.5398737881664,289.7930016359795,280.2203841421183,285.4486083984375,57672
2017-06-20,286.3075067244393,291.7846938096025,286.3075067244393,288.896728515625,72684
2017-06-21,284.8137556633649,291.48597817971086,284.8137556633649,286.5440368652344,61100
2017-06-22,287.55232461376033,291.2369899340413,285.57308050983085,289.0585632324219,26720
2017-06-23,289.4693447679165,290.73908071769364,281.8884315623609,283.86767578125,46628
2017-06-27,284.80127336273154,287.3033642109155,269.51496616552095,275.2037658691406,13600
2017-06-28,273.8967095311048,281.14152831358746,266.95063425658105,278.80126953125,26044
2017-06-29,282.3241379462252,287.5523627230072,281.3282856077906,282.8469543457031,15104
2017-06-30,287.50258761026595,289.7059048718358,275.10421360973413,283.1706237792969,16756
2017-07-03,285.8469338798106,301.407124610639,284.34069526066736,296.0046081542969,65316
2017-07-04,296.266079699901,314.85118060969614,296.266079699901,301.7681579589844,113936
2017-07-05,301.8677227555524,305.9631531058154,296.7266292753713,300.27435302734375,39716
2017-07-06,303.73493635416867,325.0337385147478,301.75569216301443,311.86358642578125,251828
2017-07-07,312.9341607712393,319.91758798044356,311.70180556538156,313.1582336425781,92368
2017-07-10,310.2079629040697,319.17063277930765,309.02538840664243,311.054443359375,9300
2017-07-11,311.22877027022764,314.19143728639045,307.4694334775691,309.6852111816406,131844
2017-07-12,307.4694014078103,311.17895734914924,301.2453244562352,302.4527893066406,27372
2017-07-13,305.1914091428864,309.9590585718101,300.2494977008859,302.00469970703125,65760
2017-07-14,307.4693941995949,307.4693941995949,298.7556866716712,300.5606689453125,21632
2017-07-17,310.705950322042,310.705950322042,291.78475462935353,293.5274963378906,45904
2017-07-18,293.7764082510497,301.7805766388013,288.79714709425224,292.1083679199219,56196
2017-07-19,293.2785147315502,293.2785147315502,279.21210040019827,282.4735107421875,48520
2017-07-20,278.3407208860976,305.83868066339096,277.7307735020945,300.38641357421875,384532
2017-07-21,302.863589144048,313.44452012524164,297.64782473442483,301.86773681640625,341752
2017-07-24,304.23287031590013,304.73079645389674,284.31582479603765,292.9175109863281,129520
2017-07-25,291.2992887383768,304.73083589277195,290.04201292081643,293.5274963378906,111724
2017-07-26,295.50669891782627,297.5108637547496,290.05443208733783,293.1291198730469,28872
2017-07-27,293.3033905472903,296.39053873410256,288.8096253092734,291.05029296875,29640
2017-07-28,288.8593988979236,293.76395916840517,285.560638255478,289.0336608886719,32004
2017-07-31,293.52745006680107,297.2618959964042,287.80129964140974,293.71417236328125,26024
2017-08-01,292.656064561564,298.7556592716944,289.2328226324091,292.3697509765625,17428
2017-08-02,294.71000575512255,299.73904712882177,292.5564693286386,297.4610595703125,33896
2017-08-03,298.7556990563384,301.2453298818079,288.0627468173475,290.4154357910156,68424
2017-08-04,290.53991156773145,295.9922090455317,287.78885740377035,289.1830749511719,24556
2017-08-07,292.76811427549916,296.5025603799071,290.0544410857629,294.27435302734375,10956
2017-08-08,295.27020626801556,300.14987644854494,289.04612940739133,290.5523681640625,22624
2017-08-09,292.64364443582963,298.5067372105015,282.5730998614839,287.72662353515625,62376
2017-08-10,290.9631576463509,291.00050818888826,264.71001137398486,267.4112548828125,60532
2017-08-11,261.4112240879957,273.36145147487554,252.70996173282387,267.1996154785156,27684
2017-08-14,261.4112352182321,292.5316203632597,261.4112352182321,289.8801574707031,40360
2017-08-16,295.51915257658925,297.51085705899254,289.7930021896798,294.4610595703125,29124
2017-08-17,296.0171207402873,317.4279469670868,291.29928223392267,302.46527099609375,78708
2017-08-18,311.1913680088267,317.42790488472616,299.0046382482793,304.9175109863281,315248
2017-08-21,343.5689950629097,365.9009675856004,329.87602786837346,362.26611328125,1879700
2017-08-22,375.93423441770386,385.86786695502065,363.92176633117793,365.76409912109375,1785836
2017-08-23,364.23292716074786,366.9715205980467,354.14992405069296,358.7930908203125,375088
2017-08-24,359.7516598161313,369.90936589675215,352.53173031117086,356.552490234375,365980
2017-08-28,359.7516250377133,381.26203969948295,350.0047150700835,359.20391845703125,602468
2017-08-29,358.5068281919708,363.2371266195038,349.10847210568824,352.3574523925781,140356
2017-08-30,355.89273471965635,359.75166258825004,348.8097470140255,350.0172119140625,90208
2017-08-31,350.0669878393465,354.77239622537815,349.5441714388989,352.79315185546875,74948
2017-09-01,352.80555124878134,356.5151069735636,347.3159339325657,349.320068359375,62280
2017-09-04,353.0296208559757,353.0296208559757,344.2163224094392,348.2495422363281,103712
2017-09-05,351.0379096797974,356.0171708100073,349.32005851167537,351.8968200683594,166032
2017-09-06,350.788918354285,364.73084839533533,348.53579071803836,353.46527099609375,249268
2017-09-07,354.7723827970446,359.42798015524426,346.55660130069197,350.9508056640625,102968
2017-09-08,351.3743702554316,357.5790582557987,350.3527218868662,352.64520263671875,106516
2017-09-11,356.17116943617947,363.8086656584248,352.60785623565,359.23614501953125,222596
2017-09-12,359.32339171467453,365.05462473092797,354.0905267867909,355.4361267089844,237524
2017-09-13,360.3201058140499,363.8086822188886,355.336425235709,358.7751770019531,94228
2017-09-14,360.22042264384993,363.808678709234,356.34562928235323,359.5476379394531,43504
2017-09-15,358.5758455504102,367.54647129037875,356.333189115418,360.8434143066406,137360
2017-09-18,356.37053527204165,366.3005124686345,356.37053527204165,362.3135681152344,299660
2017-09-19,366.2880535268812,366.32543721505687,357.62890846557366,360.2204284667969,88788
2017-09-20,359.33588385933604,362.5503338807881,349.23145811625267,354.2774353027344,61096
2017-09-21,357.5790856616101,358.6505891656249,351.06291714592425,355.7475891113281,48680
2017-09-22,353.92854452251095,366.17594615107,350.6019436778193,358.2020568847656,129300
2017-09-25,359.0742034765907,372.5301417054151,349.60520990815877,360.8309631347656,204956
2017-09-26,366.7739688196016,394.95667568216015,351.38685542946064,360.0584411621094,608252
2017-09-27,360.0584185016445,363.509641330614,347.23791351743506,349.3808898925781,499740
2017-09-28,352.57048926804146,352.57048926804146,334.0311913978028,344.83331298828125,71800
2017-09-29,345.8799182951191,366.300538170856,345.8799182951191,358.2020568847656,109428
2017-10-03,360.07096463259217,365.0421744338587,356.86895556357223,357.82830810546875,29092
2017-10-04,356.3331656187488,363.2978471431989,354.50166906786933,356.93121337890625,61368
2017-10-05,356.94367085634997,375.58264947274256,355.17447023153113,365.90185546875,241636
2017-10-06,368.7674475271436,373.0160169353998,356.30824618098677,359.62237548828125,158704
2017-10-09,364.53127741840507,369.3903653882108,357.0557574648578,359.572509765625,118760
2017-10-10,362.5004790733347,371.2842164078149,355.0872539470713,359.086669921875,282272
2017-10-11,358.0774634274392,367.28480148547175,348.85765400028873,350.9881896972656,141192
2017-10-12,354.5888919788217,370.0507739613914,349.1068430515315,366.8612060546875,437040
2017-10-13,366.7988794900518,368.29398361840794,355.58559852738034,357.54168701171875,89760
2017-10-16,363.4722788880535,366.3005114472664,356.3331505915584,357.54168701171875,72020
2017-10-17,360.81844296492835,362.0643630027907,354.3396587680443,356.44525146484375,124636
2017-10-18,358.82499166430773,380.915161297236,357.3797121695824,358.8000793457031,414548
2017-10-19,361.2171923344951,363.80871253477613,358.84994386252225,361.06768798828125,30292
2017-10-23,363.5594994475197,363.5594994475197,349.5055140843912,353.081298828125,64536
2017-10-24,352.90691359828133,356.33319431282774,345.1822079873039,347.2753601074219,74492
2017-10-25,346.6149881421623,358.6755013616883,346.6149881421623,351.05047607421875,155088
2017-10-26,353.52984881536344,360.0709297185552,349.4681368873352,357.3423767089844,236924
2017-10-27,355.83478291024215,360.0210866410806,352.5953906288464,355.24920654296875,135516
2017-10-30,358.8125161505095,359.7469562221727,352.5953870408991,354.8380432128906,48548
2017-10-31,358.7752036087536,359.0742122984397,353.0937951609223,358.32666015625,76852
2017-11-01,358.5758152956261,358.5758152956261,350.1035583671679,352.670166015625,132848
2017-11-02,357.5043362553506,357.5043362553506,350.8885181287611,353.10626220703125,106568
2017-11-03,350.60191958945165,359.0741763528072,347.8484239741725,351.8852233886719,76604
2017-11-06,352.5953920894249,358.0774405883417,351.62356831738623,354.2524719238281,79992
2017-11-07,356.3331416090464,358.5757977450474,347.51202139051503,349.5428771972656,105072
2017-11-08,349.35603069784105,355.33644777112795,349.35603069784105,351.99737548828125,27364
2017-11-09,356.3705394439815,361.3168362567293,349.60518708151113,352.29638671875,105256
2017-11-10,356.33315937090856,358.8249996462296,338.8902774436613,350.3776550292969,295088
2017-11-13,350.3776392797156,350.3776392797156,328.17534950819925,332.3117980957031,70780
2017-11-14,331.8508385946584,337.10861564930093,315.21780425924004,318.7686767578125,110292
2017-11-15,311.7292162459338,321.4473932512027,307.74227183351576,311.5797119140625,102880
2017-11-16,311.23084670587957,313.9718709763077,306.49635023877653,307.91668701171875,283200
2017-11-17,309.52393816178983,318.19552385281855,307.74226632578313,308.6144104003906,183944
2017-11-20,308.7390039917998,314.71942053401386,304.3035162224691,313.4610290527344,60564
2017-11-21,311.85377497333013,340.13615888022025,311.7291829737403,325.1103515625,334776
2017-11-22,331.6639557818143,341.3821332990876,324.188434614681,326.3937072753906,348816
2017-11-23,329.79506082608333,332.66067714606817,319.7404913869483,325.89532470703125,380984
2017-11-24,328.67370769647425,335.152491927034,323.9392115279883,328.860595703125,110416
2017-11-27,331.4147243599631,333.64490902211503,327.6894356781421,330.3307800292969,141008
2017-11-28,331.4646038617863,340.38540482302,330.3308347099759,339.014892578125,57100
2017-11-29,342.6280589611621,343.37561108980464,336.7224093120757,339.9368591308594,103920
2017-11-30,338.6411177492498,348.85766361217793,334.155804931379,346.228759765625,129700
2017-12-01,348.11007233982156,351.3494645663195,336.89679155579006,339.450927734375,83376
2017-12-04,345.86744031456794,345.86744031456794,331.11575762107816,338.666015625,187020
2017-12-05,345.11986176065716,345.11986176065716,335.5636608417089,339.18927001953125,95252
2017-12-06,341.4070128943362,343.37557269658276,336.6600756590011,339.0771484375,39316
2017-12-07,336.90928584413945,342.3788632314853,336.8968144752315,338.5912780761719,11924
2017-12-08,338.3919361988398,345.7428655934391,334.0063030504026,334.72894287109375,49508
2017-12-11,333.45803796362196,343.37557396521936,333.44559701360737,336.89678955078125,18184
2017-12-12,338.977502870999,341.3696635723964,334.0062934381266,334.7912292480469,17276
2017-12-13,336.0121873257694,340.136195118757,331.414754218276,337.24566650390625,215060
2017-12-14,340.0116151145141,341.1329432698936,327.6147093967075,330.41802978515625,100632
2017-12-15,336.8968197244896,341.3821324131293,331.1780582136634,336.85943603515625,189192
2017-12-18,340.84637998049874,347.36254865178654,336.6974596680287,344.99530029296875,62584
2017-12-19,346.86417285284756,360.083397929407,343.12641236951947,358.1522216796875,110888
2017-12-20,361.06767170988314,372.5799621189509,358.9620787521943,370.92291259765625,94392
2017-12-21,373.52686164982987,380.5538391414302,367.06054822675,377.7505187988281,127020
2017-12-22,380.5663225410297,380.5663225410297,371.30912943343816,373.2527770996094,39984
2017-12-26,373.2652073847558,380.5663116664159,371.29667787256994,373.2029113769531,45316
2017-12-27,377.7629962425504,379.980740232846,372.53013151887393,373.7635803222656,53052
2017-12-28,375.94394868496306,375.99380374370804,371.28421930781946,373.514404296875,19684
2017-12-29,380.7532275033193,380.7532275033193,370.7983368964532,371.6455383300781,12780
2018-01-01,371.6455229082269,373.7760586094904,367.8081130408816,371.0350341796875,55460
2018-01-02,370.53666559120575,376.87838720968966,363.8086965455013,368.6304016113281,67244
2018-01-03,374.9845438960367,375.02192758038615,370.0631597965599,374.5235595703125,55728
2018-01-04,371.3215743363906,412.6736503828393,371.3215743363906,398.146240234375,146176
2018-01-05,399.9403948768579,404.93654717942525,386.23527231098427,395.90362548828125,88668
2018-01-08,398.69445280431006,401.186293134337,390.2346670510577,394.5829162597656,61288
2018-01-09,396.1776991770644,435.92255234292924,393.73568349247427,417.8816223144531,660056
2018-01-10,423.36367506934715,442.30166171164876,423.36367506934715,434.7513732910156,285320
2018-01-11,438.31471838555507,440.66949535352416,419.451499067931,421.9931640625,84772
2018-01-12,416.13732247954886,425.0830350763264,416.13732247954886,420.04949951171875,31004
2018-01-15,423.8246473678943,448.0328817389991,419.0278548353716,429.8175354003906,73336
2018-01-16,429.81757721076815,433.8294343628085,411.9261501169557,413.4088134765625,40336
2018-01-17,414.85404219918837,414.85404219918837,398.3580709466582,411.0539855957031,39720
2018-01-18,411.65199131041214,416.93468024236483,391.94154187787206,398.1337585449219,35452
2018-01-19,387.4936292578552,405.534528287591,387.4936292578552,395.3429260253906,22568
2018-01-22,395.4550310352545,416.1373042399968,395.34291039591096,407.4906311035156,38596
2018-01-23,406.17000898796385,413.64553062577914,406.17000898796385,411.5648498535156,27012
2018-01-24,403.32925218528476,417.38323711872755,403.32925218528476,412.4244689941406,28768
2018-01-25,415.82584620412695,417.38324637717614,406.16996513122217,411.14117431640625,15280
2018-01-29,412.44937969261395,448.0328700845365,401.1862741023936,409.90771484375,75024
2018-01-30,409.6585288300705,409.6585288300705,379.756446433715,385.2384948730469,101556
2018-01-31,384.2417715369402,384.26668385616915,367.7956256734914,370.3497619628906,54272
2018-02-01,374.5858991940101,380.0056519347184,358.82500903999636,363.1483459472656,54268
2018-02-02,351.8602994732066,368.29397304507296,342.62801957846773,363.335205078125,77564
2018-02-05,354.33968658893957,368.2690797894972,347.38744614822036,364.31951904296875,44320
2018-02-06,323.9517100813411,357.34237007172334,323.9517100813411,353.081298828125,210552
2018-02-07,360.13321289265906,364.4191659645319,350.3402685222657,353.55474853515625,107268
2018-02-08,350.601942165804,370.773377914977,350.601942165804,368.593017578125,40192
2018-02-09,360.83092709295795,382.33548945616946,354.47673467514977,376.46722412109375,23476
2018-02-12,382.4975029010342,396.46428056503345,380.00566249125546,385.4627990722656,142928
2018-02-14,398.6944548670669,406.91752799870017,394.96916572159193,399.5043029785156,125432
2018-02-15,403.67810984009924,407.0919187252623,394.95666919540577,398.918701171875,64744
2018-02-16,402.4322096116424,406.6808095025952,388.7270879220818,390.65826416015625,23320
2018-02-19,386.2476749541987,387.805074968662,372.0815400882654,382.1361389160156,37776
2018-02-20,377.3144632441268,385.59983261899555,376.6292071304158,379.65679931640625,17228
2018-02-21,384.98934976117175,387.24447753699485,374.48623617438375,386.2103576660156,27140
2018-02-22,376.7662571435051,387.4811705411048,376.7662571435051,386.29754638671875,18712
2018-02-23,389.0136387808694,402.43219216993845,389.0136387808694,398.0340881347656,36936
2018-02-26,396.45175428671814,413.32149935724925,396.45175428671814,397.89703369140625,29052
2018-02-27,398.44527540903624,403.17977211495975,388.9762819971892,396.51409912109375,50356
2018-02-28,391.2438601874656,407.4159106765071,391.2438601874656,403.51617431640625,30772
2018-03-01,408.6618186449819,416.5734117803344,404.4381614060538,412.6736755371094,63444
2018-03-05,409.90774010846826,472.20374924349386,406.83032334079263,449.17913818359375,346720
2018-03-06,454.73595942565913,465.97415351507505,446.7869824879837,456.8041687011719,256316
2018-03-07,454.7608819592643,490.89256847109624,451.07294592741863,475.64251708984375,363820
2018-03-08,478.43334949492015,496.46180843005334,465.9741476851566,485.4603271484375,452808
2018-03-09,488.4006633850567,490.64331949243706,470.95778254987613,477.748046875,95048
2018-03-12,472.71458346222505,481.2117529307565,469.2135356203329,475.5428161621094,69032
2018-03-13,467.2823791480497,483.4170460190462,467.2823791480497,481.4111022949219,31136
2018-03-14,484.4012996061611,485.908875206684,451.9824622721201,460.16815185546875,109952
2018-03-15,462.6849219326305,484.662941347363,458.5609140434369,480.9002685546875,113612
2018-03-16,480.9002738947509,480.9002738947509,466.2233281904106,468.6279602050781,23728
2018-03-19,470.7086056498046,479.65431789688625,462.2363491161395,472.7643737792969,39740
2018-03-20,472.70210852433235,474.42148442807337,459.74453886525737,462.26129150390625,43392
2018-03-21,462.23638235967195,493.3096191845319,462.23638235967195,471.991943359375,173412
2018-03-22,470.9578211139011,480.925182407317,464.90263696096184,470.5466613769531,76476
2018-03-23,453.81391145857043,475.94146393872103,453.81391145857043,473.2378234863281,60328
2018-03-26,476.1906793396074,476.1906793396074,466.60956559334375,470.98272705078125,27176
2018-03-27,480.9251751070387,495.87621682021086,473.44965425045257,483.740966796875,158716
2018-03-28,480.9251765047724,493.1227225706968,468.9643430994724,473.3873596191406,252368
2018-04-02,477.4365806876548,482.17107705146765,471.1322128360208,478.1716613769531,59920
2018-04-03,477.187412050198,495.8762140887175,475.58018724207415,483.4419250488281,86056
2018-04-04,484.6380060818969,580.1253406982252,480.9251581041309,537.6394653320312,754860
2018-04-05,548.1176128687677,573.1232539573266,518.6890161997422,547.8933715820312,502536
2018-04-06,545.4388702068698,558.8325111139883,533.2787388520436,546.2487182617188,275380
2018-04-09,550.6218971502557,561.6358182734831,536.9915439105268,544.791015625,127844
2018-04-10,539.4833989189552,560.1656724109982,539.4833989189552,544.1805419921875,160908
2018-04-11,548.7031907687276,553.188502954848,544.4670625929473,546.9339599609375,67548
2018-04-12,547.7064383619185,550.6592931305926,521.3178767897755,524.2831420898438,113572
2018-04-13,524.2832081668947,532.9797066295813,523.5481274328993,529.541015625,62408
2018-04-16,516.571011405903,533.2538715278675,516.571011405903,529.2171020507812,86400
2018-04-17,532.3069148958544,533.7272517054744,509.6934640808693,519.399169921875,39384
2018-04-18,521.666779349488,529.2668924472475,514.67715497272,522.9251708984375,54600
2018-04-19,523.2864142963654,549.4756777462401,516.5584461125549,532.1697998046875,125216
2018-04-20,534.7489082384143,548.1550207146553,532.3816600425779,537.8637084960938,69100
2018-04-23,534.9981051526091,545.3765955269442,522.2897197950018,525.3422241210938,91768
2018-04-24,525.3546979567244,539.4834201652253,516.1473602970749,520.9441528320312,54028
2018-04-25,518.5768858921375,535.7456404541758,489.69642160980993,521.1434326171875,89888
2018-04-26,519.9598456685193,535.6584399752705,518.3027961594074,527.7717895507812,32740
2018-04-27,534.4996903154258,537.9882663827526,523.6477147388036,527.0615234375,30736
2018-04-30,527.0491323421654,527.8340376518837,512.0731487664917,519.9847412109375,47440
2018-05-02,518.302775961717,521.7913523383825,501.10907810529466,503.2271423339844,96412
2018-05-03,500.61071338265333,502.10581755403007,487.5783765216303,493.0978088378906,48348
2018-05-04,492.5496050940918,502.1431899785702,489.683988829897,498.81658935546875,21848
2018-05-07,504.59767445125016,513.7925410735388,500.8599138997594,511.387939453125,55428
2018-05-08,518.3027931282309,541.9752764682222,513.3689370649172,532.0951538085938,79688
2018-05-09,531.0111140726586,541.9752102806348,527.0116986296069,533.9763793945312,28856
2018-05-10,536.0945357529506,540.7293833733879,523.9592848001939,532.8302612304688,57212
2018-05-11,533.3410723579442,538.2375142994848,527.4727761806843,531.9082641601562,18844
2018-05-14,529.5160673237125,538.2250370638005,521.7788909728051,528.9055786132812,31576
2018-05-15,534.4873369125137,591.3262452885182,525.7908375596843,576.1758422851562,385732
2018-05-16,574.3566626180354,626.9469592657636,564.4017737428277,619.882568359375,324948
2018-05-17,620.4807404578174,624.9535818770283,587.0776072178145,602.5020751953125,148068
2018-05-18,601.7794004626033,609.0929756887305,570.6313983682656,576.4249267578125,79920
2018-05-21,576.4249850799681,593.3694999337184,542.4736593619758,569.0615844726562,68520
2018-05-22,569.0615619329878,585.5824754282155,557.8981051278481,580.4991455078125,88176
2018-05-23,580.8480014351803,592.0612833161683,555.6804132134072,566.656982421875,86416
2018-05-24,578.1069962986804,610.5009228154169,564.6510575917284,580.6611328125,330504
2018-05-25,577.3594084148737,586.2802090245542,569.0615678919592,576.51220703125,134324
2018-05-28,573.4222535639689,597.792462840712,571.2418933931243,593.4442138671875,85696
2018-05-29,593.6559817675819,593.6559817675819,577.8826820539254,586.2303466796875,23840
2018-05-30,580.5987254618235,597.0448696165362,573.1232053914996,588.809326171875,74972
2018-05-31,588.0743316906579,604.2712942160362,583.0906509136184,598.7518920898438,396168
2018-06-01,594.1543420109249,594.1543420109249,568.3887391518339,571.4287719726562,54000
2018-06-04,576.5744153821609,577.5835619005427,545.7877204075513,550.4848022460938,50168
2018-06-05,550.1733941847643,554.3596980459256,472.20373571890684,508.48492431640625,95488
2018-06-06,498.4303915458164,530.5128376958096,480.3894604038952,514.00439453125,125952
2018-06-07,525.778331083312,612.643912865863,521.7913863926328,590.5537109375,637344
2018-06-08,583.09064940641,610.2517095710675,568.1396071139379,596.235107421875,206792
2018-06-11,589.5693848782729,609.504106260463,586.6041194070489,592.8461303710938,75324
2018-06-12,590.8153583517968,604.2712965006779,588.0992766524201,601.3807373046875,125372
2018-06-13,601.0318893987165,604.121747082806,593.0580003187999,595.0016479492188,41832
2018-06-14,590.7530252061792,601.7794182739314,589.332688435827,594.7150268554688,37548
2018-06-15,598.0416614820788,601.7794218663417,588.8218525342301,597.4560546875,219412
2018-06-18,595.5498501193129,599.2876106849153,591.0770088096647,598.4528198242188,29092
2018-06-19,600.1722529782007,697.4661526769298,591.8121159727433,632.21728515625,938124
2018-06-20,629.7483704408758,658.3647947585039,629.686025289857,646.244873046875,319544
2018-06-21,645.8707973159729,652.1302747850752,623.7008861328769,647.7910766601562,133672
2018-06-22,643.4019470986065,656.3697382804388,633.4516855261207,652.6539916992188,107512
2018-06-25,652.6540502097121,658.1154614781026,643.4020047796531,649.2125854492188,134580
2018-06-26,644.6489024432188,672.828912491994,644.6489024432188,654.9608154296875,209220
2018-06-27,648.4145276365012,653.127796660892,624.9477886339043,635.159912109375,104820
2018-06-28,629.012671534795,634.9728432557001,567.3782224601972,588.8748779296875,138688
2018-06-29,592.2789774083355,623.451555166669,592.2789774083355,618.8629760742188,78408
2018-07-02,620.4838898520668,633.1773379288104,606.2442333615353,622.2544555664062,408292
2018-07-03,622.2544841936638,632.1798446213106,608.4886867360938,617.9901123046875,292444
2018-07-04,623.3268179441515,632.7159733047587,617.2543759002629,625.9951782226562,66020
2018-07-05,632.1424059718563,663.3523621139846,626.1572718775949,655.122802734375,359644
2018-07-06,648.8884036351784,718.2162192426264,633.9006033175449,701.3955078125,408996
2018-07-09,705.7471307831867,821.4597345582392,705.2483695600183,776.4714965820312,1456592
2018-07-10,779.3018762126572,798.2298998560144,754.3762979817496,763.2293090820312,379400
2018-07-11,744.4010932377874,757.5808823409823,725.0740966796875,725.0740966796875,531448
2018-07-12,713.8021659600643,713.8021659600643,688.82666015625,688.82666015625,26448
2018-07-13,659.6366810901231,685.5473023208083,654.38720703125,654.38720703125,209472
2018-07-16,626.2196530102971,642.8533269596711,621.66845703125,621.66845703125,90272
2018-07-17,596.2690510870121,605.5958617441659,590.5956420898438,590.5956420898438,364604
2018-07-18,579.0617557419732,583.8124683696151,561.0689697265625,561.0689697265625,206940
2018-07-19,533.0260817125699,589.11181640625,533.0260817125699,589.11181640625,309628
2018-07-20,609.7355779697093,618.5636270149599,561.1063600948246,566.3308715820312,696016
2018-07-23,571.0816266193514,594.6356142828241,566.3807775226418,587.727783203125,207072
2018-07-24,616.7182021257373,617.1047542189392,577.5654493017419,605.832763671875,546524
2018-07-25,605.9948840478578,609.4986938052514,581.0568229759295,586.9297485351562,56656
2018-07-26,576.0692024951315,598.2640765306583,576.0692024951315,594.2739868164062,73516
2018-07-27,583.7999592629109,598.1393431405774,583.7999592629109,593.937255859375,33328
2018-07-30,586.1067779214826,604.860187593305,586.1067779214826,598.650634765625,63200
2018-07-31,601.0322671518435,607.9774810102308,595.3463767393802,604.6856689453125,97580
2018-08-01,609.4862185158868,634.910559848794,603.0023225742284,631.73095703125,149960
2018-08-02,632.6786353798425,662.1055486533236,620.9577461946425,651.6689453125,498576
2018-08-03,655.8710229161003,684.2505493164062,655.8710229161003,684.2505493164062,97776
2018-08-06,708.2284677218851,718.2161735622733,673.3276627146313,706.90673828125,94264
2018-08-07,716.9692089885053,731.146520135469,699.9116006830133,705.23583984375,66684
2018-08-08,685.8091355237816,702.4801922083603,670.098157624885,679.7117919921875,54472
2018-08-09,657.1178813596637,696.4327086176078,657.1178813596637,691.3827514648438,40360
2018-08-10,698.2657225419634,717.555337480761,686.644561520368,706.8568725585938,52316
2018-08-13,716.956710834571,728.191318524901,675.8213949323568,720.73486328125,81548
2018-08-14,700.7595383076083,732.8922553697023,700.7595383076083,716.3956909179688,107540
2018-08-16,733.4283661016691,745.6480158599084,709.9367250697597,718.8645629882812,97812
2018-08-17,733.178953044337,733.178953044337,706.9939904356107,714.6250610351562,18880
2018-08-20,713.2285466829952,730.6851894339776,713.2285466829952,719.1388549804688,42040
2018-08-21,727.4431720383711,755.0870344517499,727.4431720383711,754.2017211914062,179820
2018-08-23,760.1121026260329,773.0798944031175,741.9073180158949,746.957275390625,52952
2018-08-24,740.9098477315657,763.1047236817876,733.1915294515073,747.5682983398438,63588
2018-08-27,760.6108694365531,770.5736127463196,748.1418387900522,753.0047607421875,39612
2018-08-28,753.1294372519544,790.6487376031657,753.1294372519544,779.5637817382812,96532
2018-08-29,785.5489504043782,795.5241751714179,779.5762967519012,784.7135009765625,201008
2018-08-30,795.5117073068121,795.5117073068121,759.7754518026991,762.3067016601562,23104
2018-08-31,760.6107924059562,796.7709776186983,760.6107924059562,793.7410278320312,142232
2018-09-03,798.2672885763095,820.4621616420051,794.2896802430083,805.4244995117188,54216
2018-09-04,819.6891032624583,822.7066329992682,765.1620571991526,766.2468872070312,45120
2018-09-05,775.5737162072336,775.5737162072336,728.5529888565313,736.4209594726562,36020
2018-09-06,738.6654015070336,759.1146124873094,699.599951469632,700.6223754882812,74140
2018-09-07,707.9167464707273,707.9167464707273,678.3277605683664,692.7045288085938,45408
2018-09-10,694.4501491221594,723.2037446643965,688.8017028493032,711.682373046875,68220
2018-09-11,722.9543205508868,736.9196334004382,714.4753806065162,721.420654296875,45200
2018-09-12,723.2037674746357,723.2037674746357,692.5549149238548,699.6746826171875,47728
2018-09-14,710.161162128394,723.203780414028,685.160755581323,691.5947875976562,51856
2018-09-17,690.7842592036503,696.7070484296744,666.6940689875951,671.108154296875,400120
2018-09-18,660.9084428814402,682.4300004780162,652.1302580851498,656.5817260742188,62048
2018-09-19,658.3647777931244,665.796331779849,638.6013654294483,655.0355224609375,25640
2018-09-21,662.3548250737826,662.4046890133424,622.2918589724969,633.7384033203125,69180
2018-09-24,633.925460490776,635.9205052130129,602.0546088762549,630.1348876953125,72832
2018-09-25,630.1349178908142,652.8784166373764,606.4936246226507,640.2223510742188,47984
2018-09-26,665.8461449432754,672.0806594090363,642.1549899733835,666.2451782226562,72004
2018-09-27,667.080609426474,667.0930906329924,640.0851600578679,658.177734375,57028
2018-09-28,648.6389541889831,665.6591804955567,625.2720036562326,625.2844848632812,65772
2018-10-01,598.513452892942,650.8833800210745,594.024601996245,637.0801391601562,56132
2018-10-03,638.4143942507633,638.4143942507633,605.2342902165282,605.4213256835938,63104
2018-10-04,598.5134664505796,598.5134664505796,575.1589965820312,575.1589965820312,28524
2018-10-05,554.8718545686929,586.0444306680577,549.1361005664098,557.3406982421875,83428
2018-10-08,548.6373398974848,550.0587971922499,529.9337942191615,536.3054809570312,48344
2018-10-09,548.1385838732756,548.1385838732756,509.4970703125,509.4970703125,120816
2018-10-10,488.7860009455522,531.854020586773,487.80095970206696,511.2552185058594,243360
2018-10-11,498.7612144579739,498.7612144579739,485.69366455078125,485.69366455078125,280480
2018-10-12,498.5118331501092,508.487057425249,491.0304149437544,498.29986572265625,124244
2018-10-15,509.9833682933538,509.9833682933538,483.79840317315717,499.0355529785156,36684
2018-10-16,501.5043862294061,523.9860229492188,501.5043862294061,523.9860229492188,16996
2018-10-17,550.183456267758,550.183456267758,497.78859936993126,537.98876953125,57280
2018-10-19,539.9089833911255,564.8470426701613,512.5020805970386,537.8640747070312,70612
2018-10-22,544.896657941077,544.896657941077,510.9808934193441,513.4373168945312,39904
2018-10-23,510.48209285029765,510.48209285029765,487.7759768366664,487.9505615234375,34132
2018-10-24,489.28475718108484,501.94082314792485,483.6986254245686,494.2723693847656,43608
2018-10-25,494.2723710128048,501.005647509952,482.28962047720523,493.474365234375,31972
2018-10-26,493.5366967120982,513.7240444368462,484.047752549475,509.0855712890625,29808
2018-10-29,534.5348510742188,534.5348510742188,524.1980370680982,534.5348510742188,20016
2018-10-30,563.6002018987643,587.9771575339875,553.5626319313196,587.55322265625,143240
2018-10-31,591.2814245789574,623.4515231747758,586.2938123935593,601.9923095703125,70604
2018-11-01,617.2169904142909,635.9205355783603,597.341368596727,633.4890747070312,84200
2018-11-02,658.3647891543487,696.8317470055072,643.4269154509741,693.2032470703125,198108
2018-11-05,658.5518188476562,678.3152313795797,658.5518188476562,658.5518188476562,159976
2018-11-06,638.4143622321874,638.9256046599812,625.6336059570312,625.6336059570312,20352
2018-11-07,594.361328125,594.361328125,594.361328125,594.361328125,5516
2018-11-09,573.5754213075617,585.3711367138486,564.6475830078125,564.6475830078125,151180
2018-11-12,549.8842741537995,585.64543116696,549.8842741537995,554.0115356445312,72392
2018-11-13,551.1311870974189,565.8446441285264,538.6746369232951,559.3482666015625,35764
2018-11-14,561.106389248533,566.6800704019777,548.6373583763433,551.1311645507812,17656
2018-11-15,560.8569554366976,560.8569554366976,536.4426196581002,548.8493041992188,45400
2018-11-16,543.8741693007987,571.33099989095,539.1608999407393,560.5452880859375,35564
2018-11-19,569.8347168353412,588.5382633397834,556.630025179993,580.7949829101562,35568
2018-11-20,579.5604813836264,609.7355322646156,574.8347314596298,607.9898681640625,67356
2018-11-21,618.7132896756742,626.9553309632159,589.5482396889913,612.0423583984375,39232
2018-11-22,613.7755334480487,617.7781043389912,591.0320344266461,594.1492919921875,20200
2018-11-26,605.4836074296193,623.8505249023438,595.7702453673694,623.8505249023438,41176
2018-11-27,635.908042798053,655.0355224609375,615.982557399479,655.0355224609375,64596
2018-11-28,680.796625765665,687.7792832730878,658.3648506998578,679.8115844726562,143444
2018-11-29,702.7545516154778,713.8021246994922,685.1233548500317,707.92919921875,86016
2018-11-30,710.6599319790885,723.4531698060138,672.54214120685,676.6569213867188,63972
2018-12-03,675.8214613834308,676.6569107907459,648.3895939472029,656.9932250976562,24420
2018-12-04,656.9931989267312,673.3276284312676,652.1427583727822,656.27001953125,18508
2018-12-05,656.2700560584119,689.0760275179919,641.1575663144602,681.7192993164062,46432
2018-12-06,679.3003351358886,707.991587958916,665.8462627158527,683.8390502929688,97628
2018-12-07,686.8939060601101,703.003917309097,681.5571855288265,688.165771484375,135760
2018-12-10,684.5497372614292,684.5497372614292,650.8833567403753,653.2649536132812,21132
2018-12-11,642.2049197977245,649.5741288290656,612.9775251605118,631.1074829101562,101760
2018-12-12,647.8907982134563,660.8585894017164,631.7558855848505,640.0477905273438,35968
2018-12-13,645.1476261414334,660.2601151815837,638.5515213056808,650.5466918945312,37648
2018-12-14,654.3746942147288,670.3100901966428,644.6488508174824,649.312255859375,24740
2018-12-17,643.4019605074684,665.8462149437755,643.4019605074684,659.7613525390625,53028
2018-12-18,660.8586079665084,692.3802923099022,649.7861333790596,684.3128662109375,43156
2018-12-19,687.38033205817,704.0015268924718,674.5746122012526,679.5497436523438,71924
2018-12-20,683.3028581685818,688.2779890649562,665.8337345995648,669.8861694335938,41240
2018-12-21,669.8363255720162,671.7440629051965,635.1849016213908,648.5392456054688,34072
2018-12-24,648.3895870625065,657.0306008595911,636.9180789837083,639.9605102539062,16936
2018-12-26,647.3920314599313,655.6215911818797,636.91804635927,639.8981323242188,49112
2018-12-27,644.6488485234648,659.6116844659824,644.1376061186418,647.5665893554688,49616
2018-12-28,651.544203903983,683.7143014850692,651.2449593590857,656.1453247070312,59932
2018-12-31,663.1279961031643,663.1279961031643,643.4019657455307,646.4443969726562,43216
2019-01-01,654.6241123038503,659.61172458807,640.4094172938238,652.865966796875,22032
2019-01-02,650.3720730749876,650.3720730749876,637.4167640880898,639.5364990234375,15640
2019-01-03,647.8907946450145,647.8907946450145,628.7508337177609,635.7459716796875,17116
2019-01-04,635.9205425403167,646.2573564373708,624.8231056214759,631.1573486328125,16828
2019-01-07,631.5937749145127,657.1179045945595,624.0874551153511,627.2296142578125,137940
2019-01-08,626.1448946731732,633.1774162252352,613.4763465593063,615.9451904296875,16696
2019-01-09,621.2819206052019,627.4416094432186,588.0394733971024,594.3238525390625,30548
2019-01-10,594.7727392198716,594.7727392198716,568.60025706495,572.1539306640625,65856
2019-01-11,569.3359281387702,598.0146980625366,569.3359281387702,590.121826171875,57112
2019-01-14,578.0642549710485,578.6003989298924,558.8619479681275,560.80712890625,98792
2019-01-15,569.8347036836927,572.5778904410322,552.3905418899448,555.9940795898438,64808
2019-01-16,554.8718419389446,568.313432093464,546.3929014329112,550.25830078125,52460
2019-01-17,549.8842372863763,567.091499133433,548.8493321230629,563.0889282226562,333428
2019-01-18,567.3409059423276,585.7202453118911,566.0940028523444,573.07666015625,286276
2019-01-21,572.3284982699971,572.3284982699971,555.1212362305071,563.2634887695312,97112
2019-01-22,561.3682631204185,569.8472042954628,561.1064012896951,567.4780883789062,30484
2019-01-23,572.8272598240942,577.4532823055126,568.5877894640553,575.0592041015625,41756
2019-01-24,578.5630305389528,615.9701230306955,560.4954170422291,606.6931762695312,87952
2019-01-25,607.7405444927854,629.1249317271951,605.994880228752,612.9276733398438,47044
2019-01-28,619.2994013818699,619.2994013818699,589.7851799673479,592.1293334960938,41552
2019-01-29,577.0293841779295,593.9996870216748,577.0293841779295,590.4086303710938,9588
2019-01-30,603.0023252135677,628.4391478652567,590.4086041948394,625.907958984375,90956
2019-01-31,625.9079857538749,640.5590974666336,621.9054145474734,635.0851440429688,38328
2019-02-01,643.2024815489435,666.8437764510725,633.5389825446507,658.302490234375,80992
2019-02-04,659.3623105139193,687.0435572866293,644.4618195709515,668.7764282226562,181888
2019-02-05,669.0881448897087,682.0933187306923,660.8585851501036,672.7291259765625,50860
2019-02-06,672.8289184610039,681.9562735839179,657.2426295789384,675.360107421875,198792
2019-02-07,679.5496986309712,685.7717328347237,671.1455840332416,674.9361572265625,88820
2019-02-08,680.2229492164406,680.2229492164406,631.1324160816101,648.78857421875,59900
2019-02-11,649.6364989726283,662.554426944726,635.9205652131294,650.309814453125,145304
2019-02-12,660.2351678389385,660.2351678389385,623.4515277043802,634.112548828125,29624
2019-02-14,615.7207230154771,615.9825848314571,593.7752294450592,596.9049682617188,25772
2019-02-15,607.229323371144,607.8029109690948,583.5506458786263,588.239013671875,22364
2019-02-18,588.7876239914391,610.970017216616,582.5531087013985,595.40869140625,94200
2019-02-19,604.9973445889411,631.3443810168263,598.5259300995771,615.0847778320312,114108
2019-02-20,613.6010592232515,639.6613358697988,611.418978642799,635.1475219726562,111680
2019-02-21,637.167479377721,648.2649168854738,634.9355350220508,646.4070434570312,151868
2019-02-22,647.890814718788,648.264885627979,629.9727938149649,637.1300659179688,43572
2019-02-25,646.8184958005031,655.6216437800432,631.5190314385484,650.5841674804688,46996
2019-02-26,650.6339906408045,654.225046956156,630.9578854958894,635.159912109375,89116
2019-02-27,635.1599661669685,648.9008628606935,622.5038995378844,645.0853271484375,57460
2019-02-28,638.663686295253,648.3895292337594,638.663686295253,643.4268798828125,47712
2019-03-01,640.4343326094184,648.6763125958013,635.8083103792278,639.7734375,39028
2019-03-05,648.6389755677249,655.8959757725195,634.7360063682245,638.4891967773438,257136
2019-03-06,638.5390382952601,670.5844459972483,638.5390382952601,668.1654663085938,118324
2019-03-07,670.5845131207024,704.5376614935602,669.4872627038328,697.0188598632812,204004
2019-03-08,697.0188487709348,714.2011495265951,696.3580144664639,702.617431640625,173716
2019-03-11,712.5926621659668,712.5926621659668,689.4501277476667,705.2982788085938,84584
2019-03-12,705.2483142402181,708.2408813444906,689.5747196780175,699.1634521484375,154464
2019-03-13,705.1985454699725,713.2285894400263,697.38043850138,702.617431640625,242384
2019-03-14,703.2533142548755,703.9889748713688,660.8461297060874,663.3524169921875,82508
2019-03-15,664.3498946277916,675.6593287866842,640.1474960870308,655.3971557617188,740448
2019-03-18,662.8536485030111,680.0484290516874,653.7013924705958,659.7862548828125,59048
2019-03-19,658.4396568232384,674.8239512227,648.9382309391433,670.8088989257812,435700
2019-03-20,679.5621300437363,679.5621300437363,659.6490649253944,668.5270385742188,316820
2019-03-22,675.8214427806713,675.8214427806713,583.5506184895834,646.39453125,37956
2019-03-25,646.6439410908857,654.5991584344943,629.686059103157,646.357177734375,40320
2019-03-26,653.3522615673407,665.8961189221211,648.4020927938651,660.858642578125,24992
2019-03-27,660.9209410844809,674.5745290570779,658.8635511160074,672.1929321289062,98140
2019-03-28,674.3625025327585,676.8064445076282,663.6890619176654,669.7240600585938,45944
2019-04-01,669.599417735171,683.2280436911861,665.846227385294,667.67919921875,45144
2019-04-02,670.8463523366255,677.0683866597121,665.8587399118762,674.4498901367188,51768
2019-04-03,679.5621467008045,685.6345887689349,674.9735679353719,679.0758666992188,56780
2019-04-04,679.0883865926079,679.0883865926079,653.4270844185303,660.7589111328125,71860
2019-04-05,661.4322451511429,671.1082255967564,653.4769666678004,659.5867919921875,50948
2019-04-08,668.3400546004248,668.3400546004248,640.9455694267531,643.825927734375,67556
2019-04-09,645.8958023291839,654.287435793514,632.7284934871523,636.33203125,39328
2019-04-10,637.167457824374,641.5191372871305,635.9330359830674,639.91064453125,25460
2019-04-11,639.6613317517787,652.8660242596902,630.9330094861598,634.1874389648438,23480
2019-04-12,642.1426183538903,642.1426183538903,633.0028429408887,639.037841796875,12412
2019-04-15,639.923129538636,658.3648135598603,639.898167123941,651.8060913085938,32336
2019-04-16,658.2899501385091,672.0807093380774,650.8833585797336,668.4522094726562,40416
2019-04-18,668.45223664066,668.45223664066,652.19263322197,659.1004638671875,23860
2019-04-22,663.1030062307494,667.2427484870801,647.0927841089225,659.9982299804688,8692
2019-04-23,659.9982949399547,675.8339643795879,656.3697947262112,672.7540893554688,23676
2019-04-24,673.3276939227401,685.7967252916798,666.6817245566722,684.188232421875,22756
2019-04-25,693.2656488103673,693.2656488103673,680.2604737105435,684.6495361328125,14128
2019-04-26,688.2779994470784,688.2779994470784,672.0932222809198,676.058349609375,7832
2019-04-30,675.8214789130566,698.0163540507917,675.784096173704,694.5499877929688,47384
2019-05-02,693.2656281635768,702.1186399918769,688.2904970734749,695.0362548828125,239524
2019-05-03,703.2408075153638,703.2408075153638,686.1707177017157,695.485107421875,39536
2019-05-06,675.833928205886,698.0163210883366,675.833928205886,697.854248046875,15560
2019-05-07,704.238416445626,704.238416445626,662.1180524798893,670.8463745117188,47976
2019-05-08,664.5993720908117,670.2353986242206,649.6365344452399,650.447021484375,10500
2019-05-09,641.1575338763511,656.2575416487093,641.1575338763511,647.1052856445312,7500
2019-05-10,658.3398701222708,671.257798331427,629.9479232494472,647.2673950195312,46132
2019-05-13,643.3769703274221,643.3769703274221,587.2912990711831,615.2717895507812,165204
2019-05-14,618.4638820185883,618.4638820185883,577.590426427466,594.4859619140625,120908
2019-05-15,599.7603551310151,612.6533202350067,593.7752206099572,595.8201293945312,36676
2019-05-16,596.0196262388864,596.0196262388864,566.0939546285657,571.72998046875,49056
2019-05-17,562.2535777890748,572.3160494114301,551.1436588414397,555.7073364257812,50436
2019-05-20,573.5628507484844,586.0443609097526,556.3680719955992,573.974365234375,63860
2019-05-21,584.7975630227411,584.7975630227411,551.629940045332,557.4280395507812,33944
2019-05-22,568.5877545717876,573.8247470481067,551.6423553787705,569.884521484375,20780
2019-05-23,584.8473718896397,592.2789259584529,560.183654863302,563.55029296875,33888
2019-05-24,573.0766905934257,578.3136838495014,564.4107136577767,572.2288208007812,9320
2019-05-27,571.3434687169442,602.0796294373887,571.2062972022558,591.3811645507812,24548
2019-05-28,598.0146941106084,633.4267402172416,597.8650413932027,624.5238647460938,75112
2019-05-29,632.9279951643304,640.2722420330862,608.4886951146439,619.9103393554688,25040
2019-05-30,623.4265548555734,625.3093906145157,610.5710332766191,619.5112915039062,9160
2019-05-31,621.2070838297825,625.6211083385781,605.9948670037621,615.0847778320312,50960
2019-06-03,608.4886866608158,615.0847915996752,592.777708275721,598.6256713867188,20532
2019-06-04,604.7355538293964,606.9550779935097,593.5508689694752,597.6656494140625,17264
2019-06-06,603.7504756748867,603.7504756748867,579.8224175745144,583.1765747070312,22392
2019-06-07,582.1291496588166,585.2837899109688,569.2237035444803,577.9021606445312,32608
2019-06-10,584.5231796699402,584.5231796699402,559.0863577874374,564.7847290039062,40700
2019-06-11,559.8719201198417,579.4233345238614,558.6250171378523,563.3009033203125,33308
2019-06-12,563.3257613872717,563.6001043757167,536.1058957441137,543.649658203125,97200
2019-06-13,542.9016182160169,547.3779882381159,528.4625044461634,541.4053344726562,31948
2019-06-14,542.4028037443585,568.5877666837413,542.4028037443585,565.1712646484375,37684
2019-06-17,561.1063863222386,572.6277586112674,544.1485044244998,554.4229736328125,29024
2019-06-18,552.490242921998,567.4905226734622,549.4104290154415,561.9791870117188,20748
2019-06-19,569.4606693744871,569.5728784813502,556.1188056514588,560.3582763671875,12708
2019-06-20,560.9193699508412,568.5878241582385,552.6524265979066,563.3757934570312,9932
2019-06-21,562.6525049787379,573.5753875798723,561.3682192253401,569.6226806640625,18608
2019-06-24,569.8346670530937,573.5628948204833,561.1063461135495,564.260986328125,9116
2019-06-25,562.1787555064917,562.5902091844522,549.8842785086262,551.60498046875,19096
2019-06-26,551.1311832238565,562.3533113890481,547.9141975034116,560.0839233398438,11076
2019-06-27,556.8419228579858,570.7823350653264,553.2010025925712,559.472900390625,8460
2019-06-28,556.9167680256664,561.5926544795425,548.6373439214576,550.7321166992188,8744
2019-07-01,542.6521939533864,553.8743211261357,542.6521939533864,547.7769775390625,25724
2019-07-02,547.390481577088,558.0888862256326,537.4402188168037,540.8941040039062,15544
2019-07-03,541.4801473376095,551.143646272571,538.9115147987544,543.5624389648438,26096
2019-07-04,546.1435095195388,554.846868034564,541.4302405717799,552.46533203125,12952
2019-07-05,554.8593844441921,554.8593844441921,539.8466836716628,541.6422119140625,25856
2019-07-08,541.6422006629355,542.9888924797156,532.5398084491875,536.280517578125,17908
2019-07-09,539.4352060957724,541.9913572736456,501.25501146586737,521.62939453125,31304
2019-07-10,521.6418903906703,530.931318102898,517.4647651777893,524.5596313476562,14984
2019-07-11,527.1781545891207,530.1707220581673,518.4623140123109,523.6119995117188,46412
2019-07-12,523.9236289437385,528.0758520738394,519.9585021299882,521.8038940429688,41196
2019-07-15,532.4275951513426,535.9189236441384,501.31736447446684,508.3872985839844,68088
2019-07-16,504.78374334518924,517.9261191201557,504.78374334518924,510.41973876953125,27860
2019-07-17,513.1504618420253,515.6567491142538,504.9957281858851,505.8560791015625,10576
2019-07-18,513.9609772362065,514.9709809252208,504.0107148397022,510.8437194824219,13772
2019-07-19,510.83120362316544,521.205461077615,498.7612067728373,502.31488037109375,13556
2019-07-22,497.5143084214085,502.97574977518,470.4814446724229,474.6710510253906,30368
2019-07-23,473.82318193268446,495.76867667482986,473.69849162164957,475.53143310546875,45584
2019-07-24,471.7374201749256,486.7261002180099,468.0058655942403,476.205322265625,50852
2019-07-25,472.51121426478113,488.01156243998605,472.51121426478113,481.5218811035156,22384
2019-07-26,474.24595676980954,486.7136211824996,474.24595676980954,480.4361267089844,14804
2019-07-29,481.72156560949327,481.72156560949327,468.25548845692737,470.9012756347656,60092
2019-07-30,464.2617982522829,474.98223995438104,463.0137826655833,471.9121398925781,17720
2019-07-31,463.61285898034146,469.47853252552994,457.3103799583836,467.03240966796875,15836
2019-08-01,460.5177996170077,468.2554970631472,460.5177996170077,466.8951721191406,11168
2019-08-02,465.75943090335636,478.72630104980317,451.5320527889452,472.5736083984375,11744
2019-08-05,463.7750903366996,463.7750903366996,434.30942976741323,449.2107238769531,43132
2019-08-06,437.47940008132895,473.7467475817469,437.45444586179497,466.84521484375,19584
2019-08-07,468.7546868529504,476.25527323651994,459.282260081035,461.9904479980469,32328
2019-08-08,454.42745329165,464.498933513436,452.0312693326913,461.92803955078125,31200
2019-08-09,470.9886327279603,471.00112507261076,458.0217617955701,463.263427734375,22548
2019-08-13,473.99631787316275,473.99631787316275,439.07683580753286,441.7975158691406,27748
2019-08-14,435.5574729290339,458.283850681265,435.54498058456335,439.6509704589844,14484
2019-08-16,438.5527202916734,438.5527202916734,426.0725631974311,429.0428466796875,263432
2019-08-19,418.33484365611565,433.89759263505704,418.33484365611565,429.3548278808594,716716
2019-08-20,439.80071218387536,439.80071218387536,424.3253182250784,436.4560241699219,11444
2019-08-21,438.5527247807749,439.55113735853416,424.5999029127618,431.7135925292969,332848
2019-08-22,449.03604455148303,449.03604455148303,428.8056980609406,435.2953796386719,73840
2019-08-23,437.3296492479215,456.7737396697671,422.041457141488,437.11749267578125,179724
2019-08-26,456.5241387255731,477.99000856176735,443.0455692935442,466.65802001953125,166632
2019-08-27,471.7499143502794,486.4764989781453,466.64554254403635,479.4501647949219,30888
2019-08-28,486.72613060117976,492.16749132581054,474.67028656325084,483.5561828613281,20476
2019-08-29,486.7136145648392,486.7136145648392,444.81773499472257,474.2709045410156,85960
2019-08-30,476.00564252206436,498.9566372347288,473.6718289731005,495.8490905761719,43984
2019-09-03,481.98367073987987,491.65579256337566,481.74655994089284,483.30657958984375,15348
2019-09-04,483.23164148630923,492.11750648592965,481.58426698415934,487.2127990722656,9320
2019-09-05,489.2471103059264,511.43683562221014,489.2471103059264,510.251220703125,37808
2019-09-06,511.6739027460998,511.6739027460998,504.447904622607,511.33697509765625,31788
2019-09-09,511.68639348297665,543.123894104681,502.1141199718896,536.2098999023438,40196
2019-09-11,544.8836370199095,544.8836370199095,511.6864204722009,515.7674560546875,298752
2019-09-12,523.9044677860719,527.898117791827,501.6024346290098,508.2543640136719,15772
2019-09-13,519.6862106325701,520.4225276807246,508.2169284916523,514.3072509765625,6148
2019-09-16,524.1665972830991,526.7874302695145,506.08286186448555,521.8452758789062,25916
2019-09-17,521.8078227618992,526.3880035216736,493.29066586151043,497.94573974609375,17452
2019-09-18,502.9503174175017,506.09531082712954,489.2221449817883,491.8180236816406,23612
2019-09-19,491.730653259335,522.6689487089682,465.50983254165504,488.9101257324219,35812
2019-09-20,478.0025234404301,523.9170105843594,478.0025234404301,520.9342651367188,309248
2019-09-23,561.607049694999,561.607049694999,528.921531590403,553.6571655273438,315820
2019-09-24,552.6213298070445,552.6213298070445,533.6639842716418,543.7105102539062,111916
2019-09-25,530.4565661540832,545.3828456976726,524.1665793890674,536.4595336914062,199552
2019-09-26,530.668727300217,547.0801324970145,530.3567233991373,538.6310424804688,21920
2019-09-27,516.9280765377341,547.7790474413176,516.9280765377341,541.3267822265625,35520
2019-09-30,537.7200133524376,537.744937101469,512.0732927844193,525.0027465820312,45816
2019-10-01,514.1824608929741,527.7484157292188,494.239164204318,498.8443603515625,75052
2019-10-03,505.4213623174597,505.4213623174597,475.49394222234275,482.96954345703125,80860
2019-10-04,496.0862045228989,496.0862045228989,477.7403750726181,483.3564453125,15400
2019-10-07,481.73402440972217,486.239372939652,468.00585272965236,477.29107666015625,142296
2019-10-09,481.4095260835247,491.58085323888866,477.9899755220118,481.3970642089844,44708
2019-10-10,480.4985065848452,495.4497093539737,476.99157050104424,491.5933532714844,16684
2019-10-11,490.4701481407681,494.95051211552084,477.25367465714675,493.9021911621094,17648
2019-10-14,499.2062296866178,530.4066190420315,484.1676420173085,513.0966186523438,69212
2019-10-15,505.69594294306927,513.2963460874087,496.95983336606656,503.424560546875,34916
2019-10-16,499.20625137509427,509.5148726536426,494.21418886134336,496.3358154296875,30532
2019-10-17,497.7710194914108,528.8216230838793,496.4730954617607,508.59130859375,87356
2019-10-18,500.49171654603515,531.6920769736075,500.49171654603515,522.5940551757812,54780
2019-10-22,525.6391821786135,534.89948223802,491.7181427946334,501.77716064453125,75468
2019-10-23,501.85206840143564,507.85503612057767,487.97413987776673,491.8055419921875,72572
2019-10-24,496.6977436097495,501.3278939265222,481.02268509830617,483.5436706542969,21024
2019-10-25,481.7340273977734,489.2221210878942,477.5032666505076,484.8166198730469,29772
2019-10-27,489.22214129515754,489.22214129515754,480.2364284958587,487.86181640625,3440
2019-10-29,487.47491199582123,489.2221339026163,479.0133598105159,482.9820556640625,14428
2019-10-30,489.2221163807676,496.2110037576357,486.7260851747433,487.2127990722656,41984
2019-10-31,491.56842258233684,500.95349441070385,484.3673781959697,492.77899169921875,92552
2019-11-01,501.1781311854823,501.1781311854823,494.2141977595889,498.6446533203125,70592
2019-11-04,489.2221405039703,489.2346328482688,466.33354540375893,472.69842529296875,131484
2019-11-05,476.49235421642044,480.9727180152452,452.28085167111254,459.6690979003906,393028
2019-11-06,463.97475774638787,463.97475774638787,433.06141714649993,436.468505859375,88484
2019-11-07,439.31401689100176,441.3981970073811,432.32512900049085,436.7555847167969,60336
2019-11-08,434.30947551927596,435.89444940794766,426.83387345876736,427.8197937011719,48260
2019-11-11,424.5874300598577,432.81184126886484,417.0868435757054,427.944580078125,48084
2019-11-13,426.82133489355857,431.10203449231136,414.60327436598305,419.3457336425781,458900
2019-11-14,426.559266224596,434.12225341789065,415.6266671711878,428.55609130859375,75904
2019-11-15,429.31738245945024,436.29377773676356,423.08979657014766,426.03509521484375,90252
2019-11-18,427.86966824459864,434.05983798371545,422.52818570049544,429.92889404296875,80828
2019-11-19,430.56540224438885,444.0439713581262,429.31738658570947,436.0566711425781,23236
2019-11-20,433.7353523894348,435.2953719719904,426.84631200669594,429.6668395996094,11284
2019-11-21,428.2565557424595,428.2565557424595,418.11018275897516,424.08819580078125,185728
2019-11-22,431.314193504774,431.314193504774,414.34118126037316,418.2724304199219,41292
2019-11-25,429.3173875537921,429.3173875537921,418.85901021664944,424.13812255859375,16848
2019-11-26,424.8370096348024,431.56380164279676,422.34097839337505,426.50933837890625,68604
2019-11-27,431.2268572233486,434.0348924591933,424.8245307917962,426.1723937988281,14120
2019-11-28,430.56541291976976,431.56382547146774,422.06641388578714,424.9118957519531,56160
2019-11-29,425.74806717441857,446.04081480918256,423.4517304553879,438.3904724121094,36160
2019-12-02,431.07710020672135,437.69158318781933,426.3221483666187,429.4920959472656,10076
2019-12-03,430.5653898627189,436.7555595394123,425.822930496115,430.29083251953125,9552
2019-12-04,441.79755628574236,441.79755628574236,419.3582279828263,431.6886291503906,56440
2019-12-05,430.83996738123676,430.83996738123676,421.3300939840721,425.23638916015625,52640
2019-12-06,422.44080469743454,430.30330328343723,421.8417815614257,424.5000305175781,49460
2019-12-09,424.3253200812836,431.78845974595146,424.1755642974343,429.0677795410156,61476
2019-12-10,426.14745811523954,434.2845144809919,425.336247900711,432.53729248046875,11900
2019-12-11,432.2002960126517,435.5324915815345,428.0693521757234,429.6917724609375,12928
2019-12-12,430.59033408203277,434.3094266454087,421.82927070732217,423.9508972167969,128728
2019-12-13,429.0677846682834,429.0677846682834,419.39566328614495,421.854248046875,146988
2019-12-16,429.0677951839515,429.0677951839515,411.8202244033098,418.3099060058594,103736
2019-12-17,418.3098874934795,421.01807533317316,414.70310401943226,418.0103454589844,22808
2019-12-18,420.08208714897546,420.08208714897546,412.344389762393,413.1306457519531,81728
2019-12-19,419.0836538563196,419.0836538563196,411.8451631107369,412.1197204589844,88024
2019-12-20,411.84515380859375,415.58920066139916,411.84515380859375,411.84515380859375,205216
2019-12-23,412.1197242929762,414.3411982569756,409.34913562737347,410.7593994140625,41884
2019-12-24,411.09634904684384,412.34436467843716,400.276059614756,406.6658935546875,106496
2019-12-26,410.59712987410273,411.58305000438526,401.0747648108559,403.1839294433594,17592
2019-12-27,403.85787033320463,410.8467580769189,403.85787033320463,409.1494445800781,95796
2019-12-30,423.82611925857094,423.82611925857094,408.1011219009208,414.25384521484375,93900
2019-12-31,414.3412069385329,418.08525398918226,409.8483504777536,412.56903076171875,88072
2020-01-01,414.59080157367464,415.6017064442736,410.17283833215595,413.7920837402344,39312
2020-01-02,419.07116187074996,419.07116187074996,411.96996502778154,415.4020080566406,40688
2020-01-03,419.3207875997355,423.8261365153644,411.8451856598064,417.3739013671875,43228
2020-01-06,417.3738803746066,419.9073582406723,411.48325259406386,415.36456298828125,156624
2020-01-07,414.84040637613765,419.83246902807673,413.23047835854027,416.7873229980469,27644
2020-01-08,413.5798789572828,419.8324493230218,410.1728207325524,417.2740173339844,59696
2020-01-09,419.8324734141834,421.82929849582047,416.8497281361412,419.2084655761719,139048
2020-01-10,420.58126358429155,420.58126358429155,410.8841883189192,412.5939636230469,450328
2020-01-13,421.8292739706974,421.8292739706974,413.5923709878376,414.2413330078125,37788
2020-01-14,414.87786976292034,423.68884241939344,409.349154057885,414.09161376953125,652280
2020-01-15,420.5688010317491,436.0192415825514,415.5892305470816,424.76214599609375,502268
2020-01-16,425.0866094337402,433.06141700006594,424.93682318512117,431.1519470214844,144884
2020-01-17,436.5558662012661,461.51617873421446,428.0693599400637,458.62078857421875,318820
2020-01-20,459.76898841093026,469.0043046819424,452.3058483575558,466.4333801269531,126316
2020-01-21,466.25867034364273,480.23644632824875,466.24617799886016,472.74835205078125,303380
2020-01-22,477.96505224497616,478.98841901094363,466.53321640401333,468.4801330566406,491612
2020-01-23,472.74835017212195,485.9523624560781,468.71725334161107,480.8854064941406,235488
2020-01-24,485.178563251886,495.9364517721499,474.944835196719,490.8819885253906,198896
2020-01-27,489.2221507178129,494.21421348023955,485.00385158973575,491.1690673828125,49992
2020-01-28,488.6730206340398,494.21419793842387,478.71384964236336,485.47808837890625,29444
2020-01-29,488.4733200927067,505.4463327479463,488.4733200927067,501.82708740234375,61672
2020-01-30,498.9441629660794,505.4463366699055,492.99113442801576,497.93328857421875,51976
2020-01-31,501.6648548602535,501.7023014243356,490.47016034767137,496.88494873046875,73292
2020-02-03,494.96299266007065,508.36666817077713,489.1722123970355,502.30133056640625,40640
2020-02-04,501.7022857864342,515.3680570037512,501.68979344241865,504.3605651855469,61252
2020-02-05,507.2185401303285,537.8947724585672,507.2185401303285,523.3054809570312,107856
2020-02-06,548.8772639655488,627.3524609593975,541.6886818814854,596.3642578125,575908
2020-02-07,601.5310515221132,610.0175579501022,562.1811424158758,569.0077514648438,180892
2020-02-10,571.8407299390915,575.8717958250344,564.1280181489141,566.4867553710938,44956
2020-02-11,567.9719214335395,587.9526641466833,560.7209383306398,566.51171875,241228
2020-02-12,567.8471228249582,574.0872010977599,561.6070445521565,568.9703369140625,84268
2020-02-13,571.8157758262257,573.9374023929519,565.5132969074215,568.7706298828125,56564
2020-02-14,571.5911510976268,572.8391667113772,556.6149637326236,563.354248046875,273236
2020-02-17,563.3543206352896,563.3543206352896,541.6388461579878,548.92724609375,55920
2020-02-18,549.1269059409622,573.8376167083055,549.1269059409622,569.5194702148438,129904
2020-02-19,573.587980264629,595.553055226895,572.8141862031531,591.110107421875,133640
2020-02-20,592.058629496802,622.011005356674,592.058629496802,606.860107421875,143320
2020-02-24,610.2796524460034,635.2399654294801,607.1596133230688,613.0751953125,133668
2020-02-25,606.5356098124051,611.527672444606,594.6794610609281,601.83056640625,159192
2020-02-26,591.5594225301011,600.3080244897709,590.211589993313,594.7293701171875,48844
2020-02-27,596.551488223163,599.0475195546406,550.4248170298026,580.9887084960938,102336
2020-02-28,566.5990893173444,582.823292315418,544.634014489183,556.7522583007812,118728
2020-03-02,551.6228911423806,574.8109964445091,494.2141739646667,529.1461181640625,150652
2020-03-03,523.916935971973,555.9784437584038,517.7891673392938,546.1066284179688,121300
2020-03-04,552.8708832733837,552.8708832733837,510.56315653982233,536.8088989257812,73448
2020-03-05,537.3955773798833,580.3273188147834,537.3955773798833,570.0311889648438,89188
2020-03-06,536.9088195311758,555.8661648748406,522.8686436110097,544.858642578125,145636
2020-03-09,525.4395740842008,541.6263005247204,525.4395740842008,529.0088500976562,127436
2020-03-11,541.6263189315786,547.9911989719207,526.9122260847938,534.125732421875,44572
2020-03-12,528.9090347385766,528.9090347385766,465.01063318450593,499.1064147949219,570004
2020-03-13,465.01063707510633,499.20626631788116,401.11223498641755,484.57952880859375,93512
2020-03-16,474.2334597311812,474.2334597311812,419.333262887782,436.2688293457031,138136
2020-03-17,441.7975318984868,454.2776881668056,426.28469156314014,445.7038269042969,189140
2020-03-18,461.5161999861838,461.5161999861838,439.30152080891474,452.5304870605469,121900
2020-03-19,451.7816907873189,451.79418313217644,388.170335612003,415.5517883300781,104404
2020-03-20,432.31263434041676,451.4696751519797,411.8451770564016,423.9134826660156,62736
2020-03-23,411.59556699639586,411.59556699639586,339.13576517923786,339.3229675292969,160552
2020-03-24,364.420578048208,364.420578048208,327.14235583278804,336.46502685546875,287480
2020-03-25,369.41262711380256,402.3477474583568,299.52375171389394,341.332275390625,897152
2020-03-26,354.17434709033336,372.1333104720987,347.24786027264133,365.05706787109375,59808
2020-03-27,383.6400334244683,389.38090575287606,364.91979757096465,366.4923095703125,88936
2020-03-30,364.4205978651367,364.4205978651367,349.44440891177493,358.242919921875,240424
2020-03-31,361.92454283643025,370.6606524911027,344.45232352708535,354.7734069824219,86900
2020-04-01,359.403558866125,384.6509219728816,356.93248174483426,365.8682861328125,50292
2020-04-03,375.65271787297365,394.3729529829225,330.68670704505,384.56353759765625,212980
2020-04-07,389.63048092508024,424.3253155494147,384.7257733897562,418.5469970703125,441452
2020-04-08,413.8419930793379,436.0566718393265,387.15941216031166,396.307373046875,259648
2020-04-09,416.83724489942944,416.83724489942944,399.36502505334556,401.7861633300781,176592
2020-04-13,409.33664111114,409.34913345530066,394.82224346789343,404.2322692871094,107708
2020-04-15,399.48982491406286,417.3364493947598,394.82225839138005,407.1401672363281,81108
2020-04-16,404.35709077520903,416.5002897494147,395.7457823605518,410.31011962890625,32628
2020-04-17,412.34436866643546,449.2856317188764,404.506824330402,434.92095947265625,93376
2020-04-20,449.0360474585109,449.2731582531175,428.53114347768224,431.938232421875,60500
2020-04-21,416.3380247547572,456.7737321949674,405.1058837991432,416.03851318359375,408928
2020-04-22,415.6017319042043,430.5654283721509,407.6892938665515,418.7217712402344,80108
2020-04-23,427.8946709455675,434.78371144902167,411.8451770113507,429.4796447753906,42128
2020-04-24,422.07889877659807,433.073928995658,422.07889877659807,427.8821716308594,34996
2020-04-27,424.5749371603609,437.8039034563627,421.71699342180233,429.729248046875,67532
2020-04-28,428.34391994419263,441.7850422328308,424.1755599129566,426.6466369628906,106248
2020-04-29,428.069396848022,433.31106293187537,426.8213811137712,427.8197937011719,41344
2020-04-30,436.5558741452246,436.5558741452246,423.7637137393111,430.3157958984375,35028
2020-05-04,430.56540795295683,431.2268623546531,419.08366374087797,421.4923400878906,37516
2020-05-05,421.829308562003,427.07097452638294,417.0993412246564,417.9479675292969,18196
2020-05-06,416.0135381117843,416.0135381117843,403.59578199046854,411.2461242675781,43952
2020-05-07,406.2540576086903,424.3128383844122,404.681576135116,412.35687255859375,35900
2020-05-08,423.7013060884696,423.7013060884696,405.6050794661344,410.4848327636719,17164
2020-05-11,408.60033977351424,418.0727667394375,401.7112992101943,407.6393737792969,15584
2020-05-12,419.0587095447555,419.07117142002886,399.6146192298155,407.57696533203125,263220
2020-05-13,427.94459286689437,427.94459286689437,406.8531270767208,410.9466247558594,126376
2020-05-14,410.9466194002071,411.40837911943726,394.62256780696515,397.6802062988281,44276
2020-05-15,406.7907114720204,406.7907114720204,396.25747130555834,400.188720703125,14076
2020-05-18,401.86104396233367,409.5612945183444,377.03802458349344,390.20458984375,61280
2020-05-19,404.1074555242782,404.1074555242782,378.6104904546613,381.2313232421875,19844
2020-05-20,376.90071925118036,416.8497116482048,376.90071925118036,403.9202575683594,50044
2020-05-21,400.6255213266386,415.4269688511725,391.7396254050581,394.23565673828125,31440
2020-05-22,399.3650254101284,404.35708822775496,391.7396372685504,393.6865539550781,58960
2020-05-26,405.60509617639883,405.60509617639883,390.62890800988566,393.8737487792969,22480
2020-05-27,397.3432432163785,398.22931607867963,390.6289126809433,391.22796630859375,14760
2020-05-28,393.1374352025421,400.30103308474526,390.6289114747475,397.5803527832031,15004
2020-05-29,399.1153908913984,405.6050720441041,390.62888476862946,398.0046691894531,63512
2020-06-01,409.0995434812292,418.971359784003,400.61303678302187,405.67999267578125,376820
2020-06-02,407.1776116615284,422.97747203308376,402.64730860794526,411.7453308105469,293064
2020-06-03,421.08048536238556,423.8261198253294,410.8218026901219,415.25225830078125,110476
2020-06-04,418.08522883183934,423.8261006307243,412.606452498382,422.0539245605469,51408
2020-06-05,428.65595601845274,436.805504816426,421.82931607986285,426.6092224121094,584892
2020-06-08,438.0534961964652,438.0534961964652,422.34099124134457,436.0566711425781,453008
2020-06-09,436.05669083382486,459.2697831335076,428.29403918012326,444.6679992675781,263364
2020-06-10,444.66797507444875,487.97411803005747,440.83657313156857,471.8497619628906,354612
2020-06-11,471.7499502609325,475.2319019918714,441.79757246658755,445.1921691894531,70704
2020-06-12,435.5574678214537,467.75627203289645,423.3893150671295,446.864501953125,101792
2020-06-15,461.74084385790144,461.74084385790144,427.5202602671749,435.195556640625,76292
2020-06-16,456.7737217781916,456.7737217781916,424.32531531307416,428.6808776855469,40088
2020-06-17,428.8181730672579,442.646192425302,428.33145915626034,436.49346923828125,134880
2020-06-18,440.33736307643187,457.335329950049,436.4934688225669,454.227783203125,121616
2020-06-19,456.4991712275015,466.7578537918817,445.80368318497386,448.0126647949219,46324
2020-06-22,451.7816611667025,454.2776924438666,441.7975360580461,445.09228515625,48132
2020-06-23,444.29357491629463,455.513223510938,433.0863881967706,436.80548095703125,96952
2020-06-24,438.0535036881378,443.79437581624444,424.3253312078828,427.2706604003906,41528
2020-06-25,429.4172579391276,436.1066039621427,424.46264159100525,429.8915100097656,34752
2020-06-26,432.0630359068952,438.5652099000798,423.5765291357603,426.8338623046875,80012
2020-06-29,428.9679232277778,428.9679232277778,418.77164169633494,424.2254638671875,47456
2020-06-30,426.3470844264831,440.5620004335817,423.03984307679974,434.5091247558594,87612
2020-07-01,434.5215835386881,444.29355173959584,431.8508423535237,441.934814453125,51560
2020-07-02,445.54160030650957,457.2479935456444,441.7975532451103,451.7442321777344,59440
2020-07-03,454.0031612394087,457.27295630694715,449.3480565456232,453.30426025390625,46484
2020-07-06,453.3042265233062,463.6378019306886,448.0625609294734,458.1964416503906,61608
2020-07-07,458.0217350114636,468.0183523692574,451.78165687779244,463.93731689453125,55768
2020-07-08,464.2618237741059,496.722723156287,457.1356421946515,477.3410339355469,125096
2020-07-09,479.2380267394784,489.0349499423558,459.7689819031871,468.3677978515625,99120
2020-07-10,468.36778697293346,480.48603127401685,466.75785895190205,473.4472351074219,41368
2020-07-13,473.01040878501544,481.5967318110716,438.0534793426939,456.4866638183594,115872
2020-07-14,456.77374410672024,475.24437638207394,449.3106041610953,468.1181945800781,58072
2020-07-15,468.118168653001,491.7181563123984,454.27768755764725,462.93890380859375,35048
2020-07-16,463.0262842043249,464.12451356712586,449.53522325653057,454.452392578125,137876
2020-07-17,453.0422018987322,473.23507201538183,436.817997424354,454.40252685546875,34936
2020-07-20,466.88266262852363,466.88266262852363,443.54476957545387,446.8270568847656,33532
2020-07-21,454.0280838913054,457.49757341893553,446.50254358674636,449.0235290527344,35240
2020-07-22,454.27771200370563,454.27771200370563,443.04557077284477,446.6398620605469,20608
2020-07-23,448.8737811962475,456.7612339832654,436.80547599612385,446.8020935058594,44540
2020-07-24,449.02355574067946,455.525729714115,440.31243054501476,450.3839111328125,32628
2020-07-27,452.6427847808585,459.2697600827488,444.29357225396353,451.04534912109375,33456
2020-07-28,451.78168501121615,466.75787346462664,439.30152796670745,463.7251892089844,25428
2020-07-29,464.26182802147036,471.7499220218167,443.0455616871559,446.6148986816406,77736
2020-07-30,454.2777072522057,454.2777072522057,441.7975504595627,446.5025634765625,24904
2020-07-31,448.73652927695315,450.5461520096806,439.8756179649773,448.2872314453125,17320
2020-08-03,444.2935720276853,453.0296815900274,438.0534937688695,439.91302490234375,22760
2020-08-04,442.10952848052887,451.78164942823275,439.86310038944924,441.07366943359375,39144
2020-08-05,443.2826672763964,451.5320629243307,443.2826672763964,445.47918701171875,20700
2020-08-06,450.28404821523753,451.33236917753146,442.85835506978117,444.4433288574219,18144
2020-08-07,446.66482436632066,450.53367308254195,441.0986620901682,441.63531494140625,31704
2020-08-10,447.9752092847553,454.2776882007269,439.301500677626,443.17034912109375,59692
2020-08-11,439.30151114653876,450.53365205653546,426.82135457987573,445.69134521484375,81332
2020-08-12,449.28564840077723,451.78167978078153,443.1079707352665,447.9253234863281,24452
2020-08-13,454.277676977798,454.277676977798,443.04553661296234,447.75054931640625,32192
2020-08-14,449.99699861213264,451.2949531747618,431.92572583460463,441.90985107421875,24676
2020-08-17,444.1313109562328,450.53363715702733,439.9504586446648,446.56494140625,20260
2020-08-18,448.79891695648115,449.2856308689364,440.7991245080787,444.05645751953125,20648
2020-08-19,441.79753928072324,451.29495054726397,441.78504693659363,448.05010986328125,52804
2020-08-20,450.29653458062666,485.47808323180305,446.4276861024298,481.8089294433594,128108
2020-08-21,484.23009315632453,560.1094479602021,484.23009315632453,515.8173828125,874344
2020-08-24,517.9264525655408,534.1506546940999,499.842719457591,522.4942016601562,287672
2020-08-25,523.8919793702358,523.8919793702358,505.44633264315644,506.89404296875,75144
2020-08-26,513.9078954927872,529.1461798199072,503.33723876981213,518.013916015625,368312
2020-08-27,511.9484912407757,526.6625829707176,507.9423489788674,510.0514831542969,73704
2020-08-28,514.9187588481393,520.6347070215191,494.46379477054893,498.5447998046875,51296
2020-08-31,507.9423744482426,507.9423744482426,469.5034920575648,476.517333984375,64568
2020-09-01,469.2663597987531,489.209624790288,436.5558586057898,455.52569580078125,153796
2020-09-02,466.50823633014954,478.68888090566253,449.1233727401248,458.23388671875,141864
2020-09-03,461.765798935673,470.50190864526684,456.77373624447654,458.957763671875,70208
2020-09-04,455.5257197223206,461.7657980746812,450.27156156198,451.89398193359375,66540
2020-09-07,451.78167175090215,462.5645149332154,439.9380152509417,444.58062744140625,45392
2020-09-08,459.2697647701495,501.70229738478287,444.580626485322,467.6314697265625,643720
2020-09-09,453.5288853334583,498.4574485475598,452.0936673418967,489.0848388671875,437748
2020-09-10,493.71499053679463,497.9707360857479,473.4846446873586,478.1647033691406,164984
2020-09-11,476.9915804107873,485.20352946406683,464.26182080798765,469.3162841796875,54256
2020-09-14,477.24118845130926,522.9185616137515,470.75150701839397,510.70050048828125,500140
2020-09-15,515.0560158638615,542.8742701981516,513.433595653968,528.0977783203125,314584
2020-09-16,531.4051239236803,541.6014373136823,513.3463110486639,528.0479736328125,104288
2020-09-17,526.1633912089595,528.6594224765543,519.1745036596944,523.6299438476562,55132
2020-09-18,526.3631413243419,540.1412231846513,519.9233677881833,533.8761596679688,124528
2020-09-21,533.876134699337,539.1302930128126,508.00479347172313,512.248046875,79120
2020-09-22,512.9344325839074,527.8981280524129,498.0705539921808,501.427734375,90244
2020-09-23,503.89882193913974,522.6689655337889,503.89882193913974,520.6471557617188,69176
2020-09-24,517.9264920501798,517.9264920501798,499.2062573977637,501.5025939941406,28024
2020-09-25,503.19992268279174,524.1540937834424,502.93782720207463,506.9439697265625,53404
2020-09-28,513.5459707613225,520.1729463489589,504.21083765416705,511.74884033203125,40512
2020-09-29,523.6423789931146,523.6423789931146,491.7181632278887,498.2203369140625,77276
2020-09-30,498.4574573676596,502.2139967127403,489.633992696365,493.67755126953125,86508
2020-10-01,493.4653950921003,506.78171617488664,484.2300791495572,491.6432800292969,47388
2020-10-05,494.076910189119,503.0376687714277,487.2253163653838,493.67755126953125,37212
2020-10-06,496.1236625891536,501.702286396301,489.2221300182836,492.1924133300781,22472
2020-10-07,492.47948455800145,496.7102455675188,487.2253263054255,489.6340026855469,22168
2020-10-08,492.0551248846434,508.4415764847151,483.80575970867557,491.04425048828125,82040
2020-10-09,500.82867601290184,509.19038079557424,492.9786698299561,498.5073547363281,48036
2020-10-12,500.96599559202195,506.4322799965442,486.72612423134393,489.0224609375,23652
2020-10-13,491.456055797467,498.59472947538217,478.2270903066159,480.5359191894531,120008
2020-10-14,480.7356114698527,489.222117591335,474.2459303181309,476.5422668457031,223400
2020-10-15,483.9555093877611,487.37506004250713,469.3786806664832,472.4612731933594,31220
2020-10-16,474.80753379388955,485.4780671463347,472.71086149747765,483.2191467285156,29372
2020-10-19,490.47015215849666,491.718167812844,478.9884081385013,482.1583557128906,36812
2020-10-20,482.1459048226127,486.3891581440681,476.74199082234435,479.8620300292969,80808
2020-10-21,482.2332514246683,489.0598909967138,474.4706001068451,478.5516052246094,35684
2020-10-22,480.7356457247458,483.3315244642304,475.7061363799567,477.21624755859375,17752
2020-10-23,479.5749681145815,491.45607101824135,476.11797085514775,485.2284851074219,294520
2020-10-26,483.3564693728216,492.6916326856223,476.7419863165966,479.9743347167969,32852
2020-10-27,479.7371970631657,484.23005322712874,475.7310547959796,480.8978576660156,23872
2020-10-28,483.269114783722,486.50146318669164,479.2505104135311,480.72314453125,124988
2020-10-29,478.1023018029518,482.9820551681432,478.1023018029518,479.4501647949219,11036
2020-10-30,481.8089250582332,483.9804600611593,478.8635959914049,482.17083740234375,13716
2020-11-02,479.2380140487008,491.4560751879665,477.7778418184726,484.36737060546875,73940
2020-11-03,486.72611723912445,486.72611723912445,480.7106877301496,481.6092529296875,144164
2020-11-04,481.60923734227174,497.95824228962533,481.60923734227174,489.0848388671875,81768
2020-11-05,491.49351060366695,508.16701165191205,489.3469298082553,491.73065185546875,197288
2020-11-06,494.164309502563,515.4304848748806,491.54347652862293,493.8398132324219,190420
2020-11-09,500.95349807342666,500.95349807342666,486.72611920437566,490.9194641113281,58972
2020-11-10,494.0893915243297,500.9534775394441,486.72609925357057,495.72430419921875,60140
2020-11-11,494.2266873422989,504.6975264072596,488.6854796017489,491.1191101074219,57304
2020-11-12,490.9693522549829,493.9520974437649,486.72609908348585,490.15814208984375,90144
2020-11-13,492.554334767425,504.19832697683023,491.0816701938147,500.3169860839844,136240
2020-11-14,505.44634640275206,505.44634640275206,498.2827486438574,501.4901428222656,8984
2020-11-17,499.98000875281224,508.67867148101453,492.96616710204734,496.2359619140625,182356
2020-11-18,498.6821075313483,504.1858383547776,493.3405943697191,495.9239807128906,30844
2020-11-19,498.35761318409294,502.95031696133816,493.1159473497564,496.6353454589844,124904
2020-11-20,496.6353252205384,505.19672458872117,494.21418709766203,503.72406005859375,38604
2020-11-23,506.22010783300925,515.2182824942163,499.38097589647515,511.4118347167969,93960
2020-11-24,515.4305151451038,540.3908306484986,514.6317972366492,536.29736328125,156576
2020-11-25,542.387614414763,559.4604445382924,521.6830464755387,542.3751220703125,164148
2020-11-26,536.6467053995091,581.5752667817935,530.5813374252484,576.2462158203125,321936
2020-11-27,576.0715424113187,578.7048676694537,554.6181651764185,562.18115234375,141184
2020-12-01,564.1030824903859,572.8391921749716,544.3844349166069,550.5870971679688,135548
2020-12-02,549.2516961334201,559.1110199222272,544.1348318885962,553.6197509765625,44536
2020-12-03,552.8709485212673,561.5571498775616,541.4266203131393,543.8353271484375,58176
2020-12-04,547.8663840202355,552.8709390193276,540.3907823823224,543.5607299804688,171432
2020-12-07,546.2314465545122,551.5480052285496,541.9757620847995,545.69482421875,21872
2020-12-08,547.8663770187495,565.9376801611488,536.3971254035666,552.845947265625,211412
2020-12-09,555.604071741211,598.7979053192319,555.604071741211,591.3847045898438,408632
2020-12-10,591.5594379225898,593.880759297028,561.8566644572784,566.5242309570312,94448
2020-12-11,573.8375891056078,587.3910510924925,567.1482131128092,582.8607177734375,138852
2020-12-14,577.1448008010291,615.259184151194,577.1448008010291,602.87890625,197240
2020-12-15,599.5467132492723,602.729153130175,580.3272723998994,588.888671875,235648
2020-12-16,587.815416198798,596.0398277749448,574.4242316233345,579.0543212890625,130392
2020-12-17,579.7032534963947,622.6848991137279,579.7032534963947,603.3531494140625,271292
2020-12-18,603.3531979543137,614.2234270293021,590.4736513887317,605.68701171875,69012
2020-12-21,608.6946942663286,620.10160691374,599.0475569433607,601.8181762695312,99732
2020-12-22,596.8634617047617,608.9068122650355,554.3685304532255,602.5045166015625,99204
2020-12-23,596.8010745406445,642.8653436527958,596.8010745406445,620.9002685546875,144032
2020-12-24,621.5117920036439,628.8875766626652,606.0363979858824,624.2449340820312,71048
2020-12-28,628.9998971131917,641.1805422290684,623.9953420933483,636.1135864257812,47556
2020-12-29,642.7155322646846,646.447086666505,615.0470633799464,623.5335693359375,71752
2020-12-30,623.5336026979451,633.9919494573893,591.7965281926611,615.1094970703125,124376
2020-12-31,625.0936120660064,642.2912430471366,612.8130895340224,634.6034545898438,269144
2021-01-01,634.6034762411144,645.4737049211558,624.2574385181016,629.5115966796875,76536
2021-01-04,624.2574405674083,638.3475253489796,612.7756963586514,619.3402709960938,98532
2021-01-05,630.2479267420013,630.2479267420013,599.3845229423976,616.5447387695312,150916
2021-01-06,624.132673690198,625.2433955149103,609.992679683362,614.947265625,101092
2021-01-07,618.0298541382082,625.03123425733,599.796332952559,604.6760864257812,39680
2021-01-08,606.7976620598558,615.6710649441027,601.4187027692047,613.5494384765625,53932
2021-01-11,620.0141331922798,628.7003337193405,604.0395339473902,613.5868530273438,150164
2021-01-12,604.4513525638505,616.6319966325054,604.4513525638505,612.6258544921875,31344
2021-01-13,615.6586146576751,617.0189395333138,579.8405653765138,609.4684448242188,118084
2021-01-14,609.4684723673188,615.0221422803618,590.8106374909157,603.7276000976562,63580
2021-01-15,606.7228139979287,611.502689607426,594.0554550303693,602.2923583984375,36940
2021-01-18,599.546734414734,607.7836379266766,595.1661871775477,602.0302734375,49092
2021-01-19,605.0005600485815,616.6695061643584,604.3889836405667,610.3046264648438,26384
2021-01-20,613.3373068930267,628.0264758448534,596.5514959708348,600.5326538085938,79208
2021-01-21,612.5135937652772,641.4800494301148,602.3672508217759,617.4931640625,191100
2021-01-22,622.4353129333997,638.9840126358,600.3080198398915,624.20751953125,195632
2021-01-25,645.2240762255504,652.0881621428435,612.7881624149398,623.5460205078125,61000
2021-01-27,626.6411673303762,629.0123971301634,588.3145934840566,593.9306640625,159568
2021-01-28,594.0555009597422,632.2572755095341,584.0713748931919,607.1970825195312,195232
2021-01-29,607.7961281485794,630.2479180309805,606.5356201248644,612.2015991210938,82332
2021-02-01,615.271745900769,621.3121297580643,593.0570662313295,616.3575439453125,100956
2021-02-02,628.9998801611041,628.9998801611041,607.4965951412194,611.7273559570312,129292
2021-02-03,622.5102387555377,622.5102387555377,606.8351491846253,613.78662109375,243108
2021-02-04,616.8192089430939,635.988740466632,609.5433024767176,623.5335693359375,53416
2021-02-05,623.5336067220163,626.6036764866221,604.0395777907368,619.5648803710938,79452
2021-02-08,621.7614463233897,622.947061285267,604.039622682699,616.9066772460938,94956
2021-02-09,619.9517295686152,621.8861536870477,607.9208717551771,611.62744140625,99832
2021-02-10,606.1362370038362,625.2558617833769,606.1362370038362,621.14990234375,73708
2021-02-11,621.5118215568099,745.3773803710938,615.3466361571326,745.3773803710938,1378924
2021-02-12,761.2895611935136,780.9957164997057,705.1288558595659,719.03173828125,619480
2021-02-15,719.356187919383,729.7272096865115,699.986961537644,715.1254272460938,331892
2021-02-16,723.8490853725868,743.8298283478522,683.9125841106511,689.815673828125,393744
2021-02-17,689.8156529423846,692.648672790183,671.3949910436561,680.2059326171875,91796
2021-02-18,672.2062157548129,700.1367817086323,672.2062157548129,681.8658447265625,74856
2021-02-19,683.4133682721964,703.6686378469598,662.4716900916081,672.8426513671875,67572
2021-02-22,678.6709364578957,678.6709364578957,642.86537827597,661.0364990234375,67976
2021-02-23,664.5184110539716,722.3888589507502,664.0067124607014,679.7442016601562,265308
2021-02-24,682.9141775794042,688.8672367263729,651.4766749037071,678.5336303710938,35028
2021-02-25,687.6566082793048,690.1401471814451,665.3296209712827,674.1780395507812,97132
2021-02-26,670.9332018440341,682.6645487512773,651.5265588219457,660.9365844726562,58424
2021-03-01,666.1907710970222,666.1907710970222,648.9681546842479,654.159912109375,60556
2021-03-02,657.4546134632427,676.6865459118452,651.9633448618033,668.5245361328125,90508
2021-03-03,673.9284621821557,720.042641214805,673.9284621821557,693.272705078125,323788
2021-03-04,689.6534652858787,707.8620018830989,682.1403865113307,703.7560424804688,64856
2021-03-05,706.3768968132875,713.8649911257959,687.4195502331074,700.6984252929688,49456
2021-03-08,703.8807946724953,714.1644309743845,691.9372610684394,697.8903198242188,76944
2021-03-09,702.38319375,708.0990809371948,681.6411496871948,702.0087890625,53888
2021-03-10,713.3532836107917,713.3532836107917,685.1481287182203,692.8234252929688,70132
2021-03-12,705.1287977896563,717.8335719302792,697.6407043618017,707.3253173828125,107920
2021-03-15,708.3736870595246,708.3736870595246,678.6334983223771,685.3602905273438,57632
2021-03-16,698.8887561695904,706.0648460766888,678.9205059933163,683.6255493164062,61464
2021-03-17,685.9094175736088,696.6173677302924,677.7099301825482,685.5599975585938,77520
2021-03-18,696.3428422154433,696.3677659661274,662.5216172284315,688.0560302734375,51776
2021-03-19,688.0560159715187,692.6486892111626,666.9769827870755,684.3618774414062,77272
2021-03-22,685.1605947701077,703.7685203785661,677.5102831783082,697.0292358398438,58768
2021-03-23,702.2584504765051,702.6328551950816,688.6924951314456,696.517578125,46152
2021-03-24,696.1431359619972,701.2475078297128,670.9457119447869,681.2543334960938,62492
2021-03-25,683.9874673683395,684.8360936326042,651.6263850935335,672.3434448242188,56124
2021-03-26,682.6645405191093,691.4006498127725,673.5665188852183,685.9592895507812,37940
2021-03-30,686.408619161003,701.3848072154249,685.9593213317173,693.7719116210938,120856
2021-03-31,701.1352049115958,701.3973003905116,686.4086199739723,695.26953125,99704
2021-04-01,695.2694844055385,711.3688854983969,691.1635253067176,700.9978637695312,406136
2021-04-05,715.8617567275163,715.8617567275163,692.2742616052184,697.5908203125,92260
2021-04-06,707.6248890880627,708.8729047654667,688.9046539270029,691.6627807617188,43864
2021-04-07,698.6391771177593,703.3816366980515,692.6362095139998,696.1930541992188,16108
2021-04-08,704.3674855759436,705.1287872507158,696.3926783821229,700.4861450195312,94596
2021-04-09,702.6328283829803,702.6328283829803,694.1213370634965,698.1898803710938,35204
2021-04-12,696.3927559576537,705.1288657994163,671.432442124046,689.4412841796875,62828
2021-04-13,692.8983079012672,696.2804425932655,686.4086263431141,693.0855102539062,24568
2021-04-15,703.880791795707,769.7760148574328,687.1074744767382,730.401123046875,223220
2021-04-16,724.0986470421318,731.6241566924461,698.8887320641052,702.4580688476562,131484
2021-04-19,703.8558412131655,703.8558412131655,649.317557362291,663.7072143554688,72508
2021-04-20,666.1907416548258,671.1079110372744,651.8510542890616,656.905517578125,63472
2021-04-22,651.0898048482192,656.8930779794138,622.260641551317,646.4971313476562,277696
2021-04-23,640.2445275902627,659.4764611485599,636.4879882562346,639.2211303710938,59524
2021-04-26,642.4285041341743,660.1628174923914,640.2069998665311,653.1614379882812,32812
2021-04-27,654.2097852928657,663.2329138127676,651.7137540632096,656.5560302734375,21520
2021-04-28,660.0005952986803,667.3264716631415,656.6808614259928,660.375,27116
2021-04-29,663.8445430335753,696.9293908644601,656.3439564040204,674.976806640625,83180
2021-04-30,674.9767750429627,676.2746991372413,659.6136901336013,662.0972900390625,38968
2021-05-03,661.9474612192383,686.408566498079,656.094280358025,679.3822631835938,35496
2021-05-04,681.4165633969775,690.6518794576691,676.6741037982439,681.4539794921875,29992
2021-05-05,682.6645482221425,684.8735602580568,671.4324075749774,673.104736328125,18288
2021-05-06,673.1047418342569,675.1889523244741,666.1158542632948,669.423095703125,29988
2021-05-07,673.9284458428793,688.9046335282766,668.9363832810802,680.0187377929688,51788
2021-05-10,673.978376318336,696.3677654524321,669.1860082899626,675.92529296875,71620
2021-05-11,679.3074306597225,686.3836430408144,669.4356143896273,675.8504028320312,34988
2021-05-12,671.931615446929,685.160581129948,663.9443154118986,668.0003662109375,59376
2021-05-14,661.9600103417545,674.5898924856812,639.3210180488824,646.060302734375,136444
2021-05-17,646.4721005629209,655.0210076842645,639.8701100247476,648.6561279296875,59772
2021-05-18,649.005507113643,654.8337641525497,637.8732448844496,651.7012329101562,539292
2021-05-19,651.7137606044009,678.9829020620919,651.7137606044009,662.4716796875,121748
2021-05-20,666.4403750482037,680.1685475679233,666.4403750482037,675.388671875,52120
2021-05-21,678.770708704435,681.416526185074,667.6883544121147,675.2887573242188,44556
2021-05-24,678.6708945290543,708.0366777084911,667.9504525350139,700.548583984375,125992
2021-05-25,702.6328146984748,705.1038613233519,687.9436460443039,692.960693359375,106792
2021-05-26,696.3927542251416,711.1193393503328,686.4086287165375,688.9795532226562,256608
2021-05-27,688.9795027975883,701.7341856383802,688.9795027975883,698.851318359375,186648
2021-05-28,692.2118835363117,699.8497637256303,666.7273794678454,673.2295532226562,107808
2021-05-31,662.0722693761154,702.0337528756861,662.0722693761154,690.3648071289062,121148
2021-06-01,692.6486831838995,698.6266659375997,680.1935114183486,692.6112670898438,83676
2021-06-02,692.3991117415688,698.5767894688953,686.670731854792,694.8577270507812,48316
2021-06-03,697.3911262417474,699.1383481042,691.4006512847675,693.5222778320312,37872
2021-06-04,696.991753109085,698.6516504800477,685.410192297714,687.0451049804688,42432
2021-06-07,687.169962275044,718.3079551460061,687.169962275044,704.3551025390625,79628
2021-06-08,711.3689163882941,738.8252605295967,702.7077000150088,719.4810180664062,161636
2021-06-09,721.1034718981628,728.7787684578265,701.609442277011,707.5250854492188,91292
2021-06-10,717.6089796554623,719.9053162027074,707.6248547211255,709.7214965820312,36016
2021-06-11,715.1004732113207,723.9239682087501,690.8390612272497,696.642333984375,60688
2021-06-14,699.138401626517,702.6952464045169,688.7673788756425,698.7764892578125,29156
2021-06-15,701.3473570495313,701.3473570495313,689.0793270346323,696.130615234375,57728
2021-06-16,698.3396314886139,702.7451022454349,690.4022399694256,695.5191040039062,56188
2021-06-17,695.80613037052,709.9711077822559,694.9699964607147,699.899658203125,63888
2021-06-18,702.2708873180584,705.3784340489868,691.6752468074168,698.9012451171875,262396
2021-06-21,706.3768577466357,720.8538392834926,699.1383669782073,707.7371826171875,100412
2021-06-22,713.7401666371331,715.6620985946473,700.8980974911683,704.2926635742188,39608
2021-06-23,707.824541373476,731.3246507956342,707.824541373476,711.4437866210938,122280
2021-06-24,711.8681273051865,784.2280503722978,692.6486862804671,706.2021484375,1668580
2021-06-25,708.7606123251766,722.3514911862767,694.8826532885163,708.4486083984375,215604
2021-06-28,713.3158575752689,731.0875887537009,696.5799550407617,711.78076171875,121104
2021-06-29,714.8134993453248,714.8134993453248,699.1384096405604,702.620361328125,41220
2021-06-30,706.139794412236,716.7354358027918,694.1713357147272,698.9761962890625,110708
2021-07-01,698.9761348096073,716.6979566678876,698.9761348096073,703.5438232421875,117576
2021-07-02,703.9058559103761,714.6262988358146,703.9058559103761,709.1475219726562,43080
2021-07-05,713.8649703499057,723.100286399887,704.5048527316814,719.4186401367188,107816
2021-07-06,728.3419457987484,760.5033340246949,720.5668325415559,749.4334106445312,406480
2021-07-07,749.5582093827488,765.3830236604119,736.3292433163866,758.1071166992188,93448
2021-07-08,757.5455025500662,759.5423275979741,751.9668481971677,756.2600708007812,35848
2021-07-09,756.0228493810849,801.725204036291,745.6393963774441,776.764892578125,261828
2021-07-12,776.7774418754468,801.4132589033222,766.7059310883214,794.074951171875,114960
2021-07-13,793.7629488641604,901.3169146659707,786.2748548625046,857.798583984375,2320380
2021-07-14,856.1387222336324,886.0910973555087,829.9303940019906,864.001220703125,362700
2021-07-15,859.0091535759775,868.6188738760429,821.2316962808048,830.1799926757812,157344
2021-07-16,836.1455079627364,867.2959910408002,811.2101794377854,819.9462890625,147788
2021-07-19,818.6982651712948,835.2843809472495,806.9669180789012,824.2020263671875,117648
2021-07-20,824.202028693795,825.6871551316056,798.9796201862968,809.4629516601562,500148
2021-07-22,809.7125232882019,869.829459264605,809.7125232882019,845.7177734375,212820
2021-07-23,846.1546247704974,856.6379564048221,816.514252590115,837.493408203125,236300
2021-07-26,841.1625512448926,851.5834819613538,822.0679117285026,837.2562866210938,76700
2021-07-27,846.1546143150457,854.8907239023691,808.7141446550879,816.4892578125,256348
2021-07-28,823.39084856624,848.6506740897281,818.6982973571495,845.1437377929688,128664
2021-07-29,854.0670507048401,995.4173208683588,851.1467061587522,961.9580078125,1039844
2021-07-30,965.9640746574763,1019.6287454717806,939.7557470504905,968.397705078125,845448
2021-08-02,963.8051195732477,1010.892728074808,955.9800366732135,987.9542236328125,278300
2021-08-03,985.6827606966291,989.8885978138285,972.2041916721627,983.1243286132812,159036
2021-08-04,982.9371271441629,990.4502057416726,960.9720516772543,968.4227294921875,35792
2021-08-05,980.1416073342044,980.1416073342044,926.5268414953648,928.8980712890625,84992
2021-08-06,960.9720404512618,960.9720404512618,888.7868281977444,938.320556640625,80404
2021-08-09,940.7542163835307,942.6137475527513,912.4367528883205,916.343017578125,38348
2021-08-10,912.3119309724898,926.1649046643842,900.6055076320566,907.2324829101562,84412
2021-08-11,886.8399581279696,906.2341099556675,840.6633771390378,854.6661376953125,250208
2021-08-12,887.3391206797903,898.5587691038271,861.5925823833319,887.6137084960938,225380
2021-08-13,874.8589735642821,909.5538087498555,873.6109579101247,882.8212890625,80008
2021-08-16,884.1941157246105,929.3972675762305,882.0475653394949,905.3604736328125,136244
2021-08-17,909.9032524954902,943.4998591571874,903.8129603196231,931.3192138671875,189616
2021-08-18,918.839059368832,936.0117674499672,914.3212791342331,927.2132568359375,71716
2021-08-20,929.7716854601877,929.7716854601877,882.3720741123022,912.124755859375,82404
2021-08-23,912.2994954023746,935.1256908356643,851.7707327115195,870.9527587890625,103304
2021-08-24,872.1133263597577,894.4777909302074,865.249240362364,884.1566772460938,65372
2021-08-25,883.5950729600572,900.4182994089065,875.932269119497,894.2156982421875,59920
2021-08-26,908.3057949722382,913.5474607305281,873.9479483176103,883.2830810546875,45624
2021-08-27,883.0959123178505,892.044209292534,874.1101992473467,880.4251708984375,23912
2021-08-30,881.6107607963987,891.0706951907226,857.1995621266926,873.9603881835938,97360
2021-08-31,886.0911148000725,929.272456450893,875.0211915680392,896.9862670898438,358956
2021-09-01,908.0561731618124,938.4453537782089,897.3981318601825,904.4993286132812,175852
2021-09-02,914.7954726192595,948.491895212329,903.563331754903,909.19189453125,398724
2021-09-03,911.0514065473889,924.77957842687,886.8399034144857,897.5104370117188,101284
2021-09-06,909.8034216728155,928.0244504196236,887.3391396562027,891.6947021484375,206036
2021-09-07,901.3169029569958,904.811346779039,881.3486525453204,883.8945922851562,90920
2021-09-08,888.587165480306,896.3123703633314,870.5034304378894,882.3345947265625,94580
2021-09-09,894.565157446629,894.565157446629,859.1340040684718,867.44580078125,142624
2021-09-13,878.103794501753,878.590508408267,851.3962601038884,867.1087646484375,96692
2021-09-14,866.8716337474822,873.3613148524157,856.1386996123996,861.5301513671875,92668
2021-09-15,865.8732776755708,878.6904230680694,856.9749502638681,872.2755737304688,151044
2021-09-16,877.329978940595,897.2982284683972,860.3819515291775,872.20068359375,124108
2021-09-17,878.6029774680618,886.5777849196437,848.987591821609,854.5037841796875,111772
2021-09-20,854.129445633104,867.4957058566143,845.9549428660764,849.8237915039062,56020
2021-09-21,853.3930933984593,860.8811872276357,825.4749591967083,855.2526245117188,72080
2021-09-22,855.2526838598649,872.8621979244326,845.867642172337,863.8889770507812,176024
2021-09-23,868.2195470997195,942.251863591946,864.3631907330696,895.93798828125,289884
2021-09-24,919.7875496807225,919.7875496807225,875.8573980541805,882.5217895507812,128620
2021-09-27,886.5902979562235,898.5587555847311,869.1180792465007,872.7498168945312,41932
2021-09-28,880.8494051940869,890.1097052658212,871.6265821530847,876.306640625,35736
2021-09-29,867.3708898658117,893.4419250008879,867.2959967380264,879.5265502929688,48968
2021-09-30,883.9321100825734,893.5792471323124,878.4158562766454,885.9164428710938,61292
2021-10-01,890.3468985244958,928.2740837069055,880.9867807135228,912.2120971679688,236416
2021-10-04,933.2661647763963,935.9993070429555,908.5679456175337,923.3943481445312,115668
2021-10-05,923.3943063627634,963.4681019082857,923.3943063627634,950.2391357421875,221620
2021-10-06,958.4760131768444,983.4363260199914,912.549037545454,929.1102294921875,240696
2021-10-07,929.7716700522577,989.1772156824422,929.7716700522577,950.9629516601562,97144
2021-10-08,960.722446766147,962.6942871166019,935.4127137753608,949.2282104492188,50520
2021-10-11,954.8568192892992,979.5925150256228,952.3857725599232,966.8003540039062,114268
2021-10-12,968.2105428495206,996.5155134623911,963.7925796289661,988.15380859375,78200
2021-10-13,988.1538319631771,1070.7974547707934,983.6734678540621,1048.283203125,514184
2021-10-14,1048.2832211608466,1097.2554060980947,1048.2832211608466,1079.69580078125,289208
2021-10-18,1097.6297835213388,1139.188705398838,1076.188898651737,1122.365478515625,202676
2021-10-19,1129.4541176823946,1129.4541176823946,1061.0628628216264,1105.7418212890625,168396
2021-10-20,1093.511246795554,1105.6045664676974,1013.8628684251662,1027.191650390625,336456
2021-10-21,1013.3886954902001,1034.5301290950028,1013.3886954902001,1030.52392578125,57800
2021-10-22,1035.852970835518,1047.8339208596394,994.0694320016988,999.2736206054688,36328
2021-10-25,1004.2782272558396,1042.8169274457878,950.9879572125634,958.5384521484375,66820
2021-10-26,960.9346146539533,1018.3807494673517,954.7319526256423,1007.9473266601562,65232
2021-10-27,1008.3966614981797,1045.0509061064085,1003.4045988174956,1008.5464477539062,105040
2021-10-28,1013.6009525789743,1042.8169518592501,999.2736955378158,1011.566650390625,90652
2021-10-29,1011.5665968376226,1043.341087602253,978.444273540869,1013.9129028320312,86576
2021-11-01,1035.840570569074,1035.840570569074,989.5641131467934,1001.058349609375,105992
2021-11-02,1006.0753217550447,1015.7474430218915,988.5781789423654,1002.9303588867188,128528
2021-11-03,1015.872248037463,1029.612912548951,991.9852406539802,1014.4869384765625,178844
2021-11-04,1035.8030835540003,1035.8030835540003,1002.2814298928093,1007.9224853515625,13608
2021-11-08,1020.8643245716004,1023.0108749586358,996.0537974551107,1009.0830688476562,253504
2021-11-09,1011.8911345962954,1035.3538298730718,1004.153437217784,1023.4976806640625,155908
2021-11-10,1028.3149291737518,1063.3093368507664,1021.1763161982287,1052.4141845703125,156148
2021-11-11,1057.6808262005843,1210.275601392619,1052.4141758110027,1063.7711181640625,296652
2021-11-12,1072.5071919233262,1096.7561106871328,1041.169447041206,1083.40234375,129160
2021-11-15,1093.2616621044072,1093.2616621044072,1065.8303036794207,1072.881591796875,62756
2021-11-16,1073.26849162045,1085.7736330104278,1044.7139174632518,1050.04296875,156724
2021-11-17,1051.8276831780904,1062.0489810094234,1033.3694813256666,1040.570556640625,56256
2021-11-18,1041.7436193949177,1041.7436193949177,1003.6541584181192,1017.2325439453125,53516
2021-11-22,1005.9006597044123,1021.9501538818904,974.8375609490845,998.2003784179688,59604
2021-11-23,979.9419104873624,1010.0440730197689,976.0356457900432,984.0977783203125,110624
2021-11-24,993.407953395867,1007.3982208558111,976.2352460657763,988.989990234375,30404
2021-11-25,979.4551566774337,1001.1456439052329,970.9686504115471,991.1740112304688,72292
2021-11-26,984.6594313251259,985.8700309647357,947.9927533651665,956.678955078125,50920
2021-11-29,942.2518308482859,956.47920948626,904.83634543706,922.5206909179688,85364
2021-11-30,926.0276051490287,1003.2423571935665,926.0276051490287,985.3457641601562,103452
2021-12-01,975.9607693893104,997.9133533566642,951.4871693335677,963.954833984375,39380
2021-12-02,968.7846523708469,998.4125320724436,963.4680934499081,987.392578125,63656
2021-12-03,990.6748723215875,1001.9195060759045,954.4949090133946,962.1951293945312,63088
2021-12-06,973.4272706342088,973.4272706342088,926.2772614119112,932.3675537109375,258336
2021-12-07,937.035134556131,948.4918938459647,922.283565200221,944.6604614257812,54244
2021-12-08,945.4716538473533,951.3872966669405,941.0037822802668,945.6089477539062,20724
2021-12-09,948.2423013419353,953.2468563413561,918.7891316766686,925.16650390625,40448
2021-12-10,927.6499945609415,941.0037614677115,899.9565406120308,908.6302490234375,57892
2021-12-13,926.8138401836723,941.0786956630618,895.8755443277273,900.5556030273438,412080
2021-12-14,903.5633397197763,911.0514336953545,892.3436911006878,904.4369506835938,36620
2021-12-15,897.3358041070774,911.0514848210446,897.3358041070774,905.1983032226562,37352
2021-12-16,905.19825727656,927.3255507176722,898.820885018862,910.3900146484375,181128
2021-12-17,910.390011999344,910.8517412326767,885.3423132143784,889.1986694335938,40576
2021-12-20,893.6541061695308,893.6541061695308,844.91909462023,860.943603515625,149936
2021-12-21,865.2742791480134,878.10385631177,844.3200465607388,864.076171875,159616
2021-12-22,866.6220419266746,903.363609396743,865.7359386535269,893.1673583984375,47224
2021-12-23,893.1673576979525,919.8998155524936,881.8728164057787,897.23583984375,80252
2021-12-24,891.0831874848157,903.3137410385289,883.5950934723382,893.1923217773438,61332
2021-12-27,883.844725499354,904.8113894197002,883.6700154876712,893.4794311523438,26460
2021-12-28,897.9472932426418,914.2962988597072,897.9472932426418,906.87060546875,23660
2021-12-29,894.852210150019,936.011742114634,894.852210150019,923.281982421875,110800
2021-12-30,914.0466688278026,938.507775748918,891.5948793057174,905.51025390625,80392
2021-12-31,917.2915302640715,944.7478753876219,906.4712098787113,932.317626953125,90000
2022-01-03,931.0196787832392,936.9727378338748,917.5411097070207,924.8170166015625,21172
2022-01-04,925.079116557921,934.7637302768804,921.0480503473866,927.2382202148438,22996
2022-01-05,931.0197145283071,948.4919343720019,919.3257830147561,940.1177368164062,24352
2022-01-06,940.0053985826064,940.0053985826064,923.5315918097832,931.7310791015625,24284
2022-01-07,924.0307559387735,947.9926556065536,924.0307559387735,942.4140014648438,26656
2022-01-10,958.4509886119604,960.7224013614892,922.7577427312918,945.7836303710938,40872
2022-01-11,960.9595746439317,978.4442863880861,926.5018497685553,971.5802001953125,59532
2022-01-12,975.9482484789156,992.6716583633369,946.5824643034429,970.7315673828125,63872
2022-01-13,973.3273948069008,997.1644934616153,955.9924698053396,966.6879272460938,69512
2022-01-14,974.9498204570556,990.9244206898389,957.4900937965335,983.7733154296875,135072
2022-01-17,990.9244083137818,1004.2656831851649,978.4442520377896,994.2066650390625,18436
2022-01-18,998.1629101504583,1034.355363756814,989.8012053517485,1016.209228515625,244152
2022-01-19,998.9117608393748,1036.1026284968127,989.8012462789957,1020.72705078125,32384
2022-01-20,1011.1422907465416,1020.9517060510395,990.7996354278935,996.5280151367188,27248
2022-01-21,996.528035796275,1023.3728654670956,953.4964791943797,989.4393310546875,54712
2022-01-24,994.3938804700932,1014.3996078067554,917.9779069618127,960.9720458984375,99768
2022-01-25,965.4649426024787,970.7939940006816,918.5395524242816,941.76513671875,53960
2022-01-27,936.6357607852221,958.4136342371903,911.0514395379242,920.4864501953125,27640
2022-01-28,921.048007938563,962.9064391019298,916.5551517649295,939.9554443359375,28576
2022-01-31,938.2582036367388,948.1674361110643,923.8686069852675,939.1567993164062,49420
2022-02-01,947.2438969222088,952.4730704105822,929.7716774796384,939.6434936523438,18776
2022-02-02,939.2565799092196,946.9942769533826,926.0276139950051,934.4891357421875,94052
2022-02-03,931.9182781035543,944.2486484502796,918.5395258517126,925.7406005859375,18640
2022-02-04,925.740592650018,945.2595452193876,923.5315805752284,936.0616455078125,37760
2022-02-07,928.5860663017921,938.2956039126803,911.3884346141474,915.7689208984375,20576
2022-02-08,917.7907483428816,935.5624797728549,908.8924207523402,914.3212890625,38536
2022-02-09,916.7673125443338,924.7671050549669,902.4151325577076,919.3257446289062,28164
2022-02-10,919.3257430561316,928.4862266694919,912.8360616819771,921.8966674804688,18620
2022-02-11,923.531548240456,930.1086148579598,886.0910800685457,894.3154907226562,70904
2022-02-14,893.8288149280575,894.3030365031462,848.6506480746706,853.380615234375,40544
2022-02-15,855.6645747132343,886.2159756059652,854.5662843007686,876.2942504882812,30564
2022-02-16,880.6872213038865,919.5379238127999,853.6801140960158,868.3817749023438,151492
2022-02-17,872.724865408596,889.2361492803946,868.3693029093367,874.9588012695312,115524
2022-02-18,874.8589770144674,889.6105464800885,868.6188987190718,872.612548828125,23080
2022-02-21,859.8827497255024,887.3266006241546,840.8754964835076,874.621826171875,57964
2022-02-22,857.1371606075172,906.0593747831356,848.9002572003978,858.7969970703125,88584
2022-02-23,856.138780498533,874.5969207359135,843.6586233484086,847.8768920898438,45580
2022-02-24,831.1783946455404,850.0983234440432,798.7299888485674,825.3751220703125,84536
2022-02-25,839.1657399572694,870.0042194773795,839.1657399572694,859.68310546875,25264
2022-02-28,863.6268702768689,863.6268702768689,837.5683266588505,851.0219116210938,58088
2022-03-02,848.6506702198382,878.7403407295507,837.9551513683787,849.2871704101562,43048
2022-03-03,857.7112760586105,888.5996644135361,823.9524516141362,848.7879638671875,1902352
2022-03-04,868.3693234580973,873.610989394464,836.1455337311263,847.6397705078125,36816
2022-03-07,823.7028132695953,879.8510246250353,820.8573010525307,857.2869262695312,101120
2022-03-08,857.2869511490321,898.5463005803615,856.1387523536598,869.3178100585938,93864
2022-03-09,873.673343345977,917.3039820365584,873.6109425643651,892.8303833007812,27960
2022-03-10,912.1247402537896,921.3225791332511,908.5554032675853,911.500732421875,75684
2022-03-11,925.01668683986,925.01668683986,899.182763460066,909.216796875,11148
2022-03-14,909.2168282641361,965.9641249405353,894.8522167071698,957.5275268554688,61776
2022-03-15,967.0249679813859,980.9403430772012,936.011777745421,946.6823120117188,62596
2022-03-16,951.4247240758624,984.4347377858468,944.6480235194017,951.9114379882812,51604
2022-03-17,957.4775919064417,968.8595188341282,930.5329466263414,959.1998291015625,31240
2022-03-21,953.4839602355781,966.4383383566667,943.7619304726614,956.71630859375,23236
2022-03-22,960.9720877101493,963.1186990865746,936.28636157259,944.7603759765625,11644
2022-03-23,949.4903102302618,963.9672918268326,908.4680112791559,916.2182006835938,57260
2022-03-24,928.5236773327618,939.4563070115912,917.4413223334516,937.7340087890625,28828
2022-03-25,935.7621499820344,951.9863537027152,923.7811995421471,934.6514282226562,22684
2022-03-28,950.4887644832105,952.5105743081797,924.8046255535482,931.9058227539062,43736
2022-03-29,936.0117819906783,945.9834153204988,922.2836091881483,931.4066162109375,33932
2022-03-30,936.0117304631765,964.8034756675293,932.8292905796017,945.8460693359375,95252
2022-03-31,949.9895212441982,1007.5105508775451,945.8710695625037,990.0009155273438,330076
2022-04-01,980.9403214728528,980.9403214728528,953.6461942596188,958.8379516601562,139288
2022-04-04,964.7161047070052,977.9824867909949,951.1127340196748,957.6398315429688,53464
2022-04-05,957.6398150928278,961.7582666980627,934.0149034417408,944.8851318359375,71044
2022-04-06,944.7228976141078,944.8851762176217,911.0514584959609,913.4351806640625,112788
2022-04-07,920.5363894892072,925.7655631366403,898.0721066654468,900.5057373046875,130852
2022-04-08,902.3153089526456,909.7035859268442,883.844677455413,888.6121215820312,242712
2022-04-11,895.5760174680697,895.5760174680697,873.6109423462218,876.6311645507812,82004
2022-04-12,880.5998105486734,887.3390948130766,862.8155881842763,870.0166625976562,99696
2022-04-13,883.3454625310686,883.3454625310686,849.8986436615679,852.868896484375,59264
2022-04-18,843.908205535544,857.3992672674729,824.9258747939192,834.236083984375,79536
2022-04-19,841.1625637368124,851.6209107029225,828.1332922962573,840.4886474609375,110688
2022-04-20,844.6944260859004,853.6427228631493,830.1800281411797,836.3826904296875,121532
2022-04-21,840.5760005076203,853.6427494245575,826.186403682832,827.6466064453125,46272
2022-04-22,828.4328011564241,848.6506549960355,818.6982789373519,835.49658203125,115592
2022-04-25,835.4966003923831,842.3606867233455,813.7811272726115,826.9476928710938,64584
2022-04-26,836.1704558376489,841.1625182605603,811.2226360668019,818.3113403320312,246988
2022-04-27,818.3113828512601,821.1943112379399,785.7631585379864,798.5303344726562,146048
2022-04-28,802.5239991289891,822.4423417791543,786.4994898167269,811.322509765625,93552
2022-04-29,818.6982609843751,835.6712737121001,791.6787223406072,803.54736328125,102996
2022-05-02,814.9542362916675,814.9542362916675,774.0193221257155,782.2562255859375,63952
2022-05-04,782.2437340567733,786.1749834396127,742.0701215988383,752.8904418945312,138632
2022-05-05,755.0619572630294,780.0097778088137,745.1651566392328,764.0101928710938,65172
2022-05-06,752.5534175743949,761.5765461162753,735.8300082949638,741.6207885742188,48816
2022-05-09,741.5709106958832,761.0399551369061,721.3655491976285,755.5361938476562,150184
2022-05-10,759.7918879261712,820.7449568921231,737.6396112988888,763.9103393554688,117048
2022-05-11,767.7418312221571,772.259611426572,723.8490953251516,727.01904296875,58760
2022-05-12,723.8491046619391,737.8268804761007,704.6421552620972,730.3262939453125,101068
2022-05-13,748.5348230049661,752.0916677064129,718.5575228209948,741.6458129882812,61052
2022-05-16,741.6457836814436,761.2770452510064,726.9940923094807,735.7926025390625,38016
2022-05-17,730.0891569838807,766.7309087425537,730.0891569838807,746.16357421875,36024
2022-05-18,746.3134165045577,768.7776999444942,742.0576706207827,748.3102416992188,40928
2022-05-19,731.3372140565293,761.2895914240322,729.4277743746582,751.1806640625,40452
2022-05-20,754.9371397040145,785.0018237552556,754.9371397040145,764.9212646484375,98076
2022-05-23,768.7526337463231,836.1205531713954,762.6249258305199,827.7962646484375,281556
2022-05-24,823.6903096470533,827.7962688514292,803.7220597162157,806.4177856445312,50620
2022-05-25,799.9780344769198,836.1704884548147,776.4903554856146,818.0243530273438,64864
2022-05-26,804.9700944306668,836.1704856876694,789.7567958414052,818.5984497070312,72880
2022-05-27,838.6665098126663,856.9998473707697,821.5562032060676,832.9506225585938,49004
2022-05-30,849.5866469029282,852.7815791288791,817.4003357360066,822.8167114257812,45688
2022-05-31,826.9352079188058,835.9209210142108,816.2022728326274,817.6624755859375,19440
2022-06-01,821.7559489099482,837.4185461592759,813.7062475347957,829.6434326171875,28620
2022-06-02,838.6540349611707,838.6540349611707,804.9701043333848,809.2383422851562,27464
2022-06-03,811.4597996969528,820.3456957638037,768.0413461333649,775.5044555664062,40576
2022-06-06,784.7647146970393,798.2182987138577,717.6089819546403,723.8490600585938,148992
2022-06-07,727.4683056112075,747.4739716441159,723.8490603096592,729.4152221679688,69612
2022-06-08,740.3602997617148,740.3602997617148,718.10820509489,726.9691162109375,19868
2022-06-09,719.1066567507391,730.2264889863778,706.3768964264463,717.8960571289062,36572
2022-06-10,720.1049924997662,720.1049924997662,696.9667957429718,700.0369262695312,31456
2022-06-13,701.3847866482193,723.599464944195,658.727636632713,690.2275390625,144984
2022-06-14,692.3991007954052,709.6591333126736,674.2154879222816,697.154052734375,38924
2022-06-15,696.2804189003175,696.2804189003175,682.6645560607044,686.5833129882812,187120
2022-06-16,696.6423336453618,700.8106937156371,656.4562298413834,661.211181640625,81852
2022-06-17,656.9804485142084,669.5604223823578,636.4880063653354,641.8045654296875,74252
2022-06-20,644.7248869152692,644.7248869152692,624.5070333186231,636.30078125,78212
2022-06-21,642.7280990884201,642.8778853508935,606.535643023247,621.7364501953125,669752
2022-06-22,624.8564562476173,626.6660789545424,606.5356107348819,608.8943481445312,281788
2022-06-23,616.4448892159528,634.2416060519757,602.629391384984,618.3668212890625,374132
2022-06-24,621.43690085698,627.1902651937587,613.2998753782246,619.6397705078125,381224
2022-06-27,622.7472842842584,626.7908425901411,600.7572862496578,613.3622436523438,358900
2022-06-28,613.7741114071441,630.2479183826918,608.3826592943859,621.2996215820312,102436
2022-06-29,617.3559040753125,625.243326140742,614.0486627200554,620.7005615234375,33664
2022-06-30,621.4868432911784,633.9919851692329,615.8333564601534,620.313720703125,289380
2022-07-01,623.4212160168644,624.0078077314369,605.2875734994938,621.0874633789062,112556
2022-07-04,624.195046513928,647.7201422387857,617.7677657190729,623.2216186523438,110668
2022-07-05,631.4959221868414,632.5817201832986,624.0078282478671,627.6644897460938,120400
2022-07-06,630.809522123757,631.0841099472127,615.2967116786094,620.8753051757812,55064
2022-07-07,625.5054589652021,632.7439499109287,625.2808405180548,629.8984985351562,77804
2022-07-08,633.74236949718,642.6531893658675,624.00784708269,628.712890625,86576
2022-07-11,632.7439312125898,710.1209011044647,632.7439312125898,696.1805419921875,419332
2022-07-12,685.160605690696,692.1245087830657,662.1597011718682,669.934814453125,137664
2022-07-13,672.8800994657944,696.3927010557225,669.1859611220042,690.2899169921875,180704
2022-07-14,693.7469057966133,701.3847858469783,659.2018574455052,670.4963989257812,105612
2022-07-15,683.9126008711605,683.9126008711605,647.3457410070638,655.5077514648438,77724
2022-07-18,659.3765553504932,676.5367699919163,652.0382479373204,657.6293334960938,89588
2022-07-19,668.9113867110277,698.8887462374461,658.8274448906211,692.9856567382812,128232
2022-07-20,693.9216977638616,713.8649638111108,693.9216977638616,707.4376831054688,278416
2022-07-21,707.6248607743959,710.9820106246323,686.4210874513659,691.3382568359375,81348
2022-07-22,698.6391792600921,713.6153674543062,687.257251857183,705.7528686523438,115924
2022-07-25,709.2847449863467,709.2847449863467,692.6487199263065,698.7764892578125,31040
2022-07-26,704.8792338141706,717.5965010042911,696.3927274580509,701.2849731445312,66832
2022-07-27,706.1272778064865,710.5827181976451,667.4387913943248,688.44287109375,171676
2022-07-28,690.7516491636568,708.8728600313112,671.432392071911,682.6146240234375,223744
2022-07-29,687.2322781680205,698.8887316111687,678.9204821365639,691.824951171875,419464
2022-08-01,692.8983060187066,788.7459103094787,692.8983060187066,779.6478881835938,695160
2022-08-02,772.5716176667227,772.5716176667227,748.8219035499626,753.7764892578125,190328
2022-08-03,753.8014887554742,764.2099275880537,726.881765518486,732.1734008789062,129440
2022-08-04,737.0780532167199,748.2852095354305,725.5214159481546,742.4071044921875,173144
2022-08-05,746.0637085059981,746.0637085059981,735.8549655083028,741.2962646484375,55164
2022-08-08,769.7760136613435,771.2736323649649,724.0986432008942,736.0046997070312,323036
2022-08-10,739.6863653526775,739.6863653526775,716.3609656112799,735.5180053710938,197136
2022-08-11,739.1996743090169,751.3054261928553,739.1996743090169,746.0887451171875,81104
2022-08-12,745.5271375112667,752.1915289330117,737.5273449610219,745.09033203125,52432
2022-08-16,749.5582131881137,749.5582131881137,732.8472955146465,742.8314208984375,238708
2022-08-17,748.3102299089883,748.3102299089883,736.815992875668,746.0762939453125,357104
2022-08-18,745.2273503317341,755.8506412902587,737.7748634909617,743.0802612304688,175380
2022-08-19,738.2617459059167,748.7477091551722,731.2711037397463,736.0022583007812,47196
2022-08-22,735.7525720308479,747.7490251763934,722.033449352297,744.8778686523438,84372
2022-08-23,744.877852217535,753.9906531580209,731.4957420714522,741.7196044921875,64924
2022-08-24,742.1065500072405,751.2318465788925,737.2630581919415,741.956787109375,41568
2022-08-25,748.7476549088594,759.8577818323154,739.2603555135488,741.7070922851562,84308
2022-08-26,745.4270916963844,748.7476586922334,736.5140357259381,739.2478637695312,28832
2022-08-29,711.5474896221498,746.5506206051307,711.5474896221498,740.1841430664062,47164
2022-08-30,744.0789601195642,744.0789601195642,723.7062074386414,728.5621948242188,180128
2022-09-01,730.2724048724124,747.499343654018,725.2665938038572,740.8082885742188,64352
2022-09-02,739.0107273111246,763.4779743639929,734.0673325525879,748.98486328125,96976
2022-09-05,748.9848573354066,766.4614622344309,692.3856362317067,721.1221923828125,1754120
2022-09-06,726.2777776506124,732.0200907774478,714.3812272279629,718.987548828125,364544
2022-09-07,717.7891110331881,725.5037591842603,715.2924532556814,719.6491088867188,131388
2022-09-08,723.0320941962548,731.520730661266,720.2857706340452,724.2554321289062,100060
2022-09-09,727.8881121763121,745.0027141989062,717.7891432043751,723.731201171875,341104
2022-09-12,724.0307510396406,731.3958914381473,718.1011888544022,720.9224243164062,59432
2022-09-13,724.5301171337494,726.6647718129158,711.8595783864931,718.987548828125,112216
2022-09-14,711.5475057531668,721.5341374128603,711.5225147925926,716.5782470703125,84744
2022-09-15,720.1734189031836,721.5090942188343,707.5528018661994,708.7886352539062,163132
2022-09-16,708.7886367242786,712.3214439976048,701.8104905334851,709.0632934570312,145348
2022-09-19,712.7958023443391,741.0080355019259,712.7958023443391,732.6941528320312,663280
2022-09-20,748.9723786879252,748.9723786879252,731.7704301464265,737.1382446289062,224300
2022-09-21,736.5140631849325,739.0107210262373,726.265270555664,732.7940673828125,104680
2022-09-22,738.9357746223416,738.9357746223416,726.7021517707554,732.6317138671875,105244
2022-09-23,730.2724141555102,732.5568316850341,721.0847011644827,725.541259765625,105072
2022-09-26,718.9375894770079,728.9866369124494,692.9099324547775,704.2322387695312,267200
2022-09-27,707.7650455890174,721.0347571291362,696.9545053568613,712.6210327148438,95256
2022-09-28,711.5350020567928,716.1288891393438,701.810531781167,706.4043579101562,125672
2022-09-29,709.9371168148576,717.7765976593664,686.8305374693697,699.3013305664062,81880
2022-09-30,694.0708512558894,714.256353451715,690.5630349428233,701.5858154296875,138708
2022-10-03,705.1061047133395,711.2978284327043,700.3250292651795,703.62060546875,29876
2022-10-04,711.0481744079727,717.9014881960169,705.405703136934,709.1007690429688,34836
2022-10-06,712.6584867521328,717.5394650324008,702.1975147574758,710.63623046875,46548
2022-10-07,706.816313771112,715.292454752776,704.1823276196177,709.3004760742188,38172
2022-10-10,705.2309266467058,708.2768370154927,694.0708783120409,703.6580200195312,44516
2022-10-11,700.8118615100553,707.1783390549455,695.1943813233877,698.602294921875,20484
2022-10-12,702.0976007948822,702.0976007948822,691.823878300782,696.7672729492188,66472
2022-10-13,691.7489667908778,701.885421874526,691.5742129349997,700.0503540039062,53064
2022-10-14,703.5581920074288,711.5474972395928,684.4961846736383,690.2634887695312,42876
2022-10-17,690.0637290598794,693.0972048969063,670.3526276733797,686.3312377929688,103268
2022-10-18,690.325883741887,706.5541594898879,687.0927240720356,694.6700439453125,41524
2022-10-19,698.1529346874951,730.3598206028788,686.8305670792288,727.5010986328125,564276
2022-10-20,727.0267407454337,751.4814913486832,719.0499313816068,747.5492553710938,119288
2022-10-21,746.2510246471472,748.4980166919196,715.042801803088,728.8243408203125,155500
2022-10-24,734.0173767488495,746.1760877716308,729.0240612607621,735.8274536132812,10952
2022-10-25,735.2657538095939,742.7557275326118,726.1155269593985,739.7847290039062,35500
2022-10-27,736.7636991573579,750.4953167289115,731.5207179027647,741.981689453125,49848
2022-10-28,745.7017670150864,745.7017670150864,725.0169326741072,736.3892211914062,40836
2022-10-31,740.0718145069753,792.663888540291,734.491759745444,751.5439453125,428244
2022-11-01,751.4939795253641,768.4712521525153,739.0106908289296,760.9937744140625,97220
2022-11-02,760.7316302957287,768.7583607269099,749.3344118405919,755.7633056640625,63448
2022-11-03,736.7636982860533,759.9701197638232,736.7636982860533,744.9901733398438,51068
2022-11-04,748.7226722835753,748.7226722835753,736.5015447224608,737.974609375,24284
2022-11-07,737.9746425503101,748.4855356345868,724.2929452011307,733.6679077148438,28404
2022-11-09,733.2684108374209,733.2684108374209,705.5555086913691,718.3883056640625,140332
2022-11-10,705.5554801425268,715.9041143254555,702.8465821023821,706.4667358398438,23404
2022-11-11,709.9995810527071,719.8863096985654,705.3058520413302,707.315673828125,58624
2022-11-14,692.8225293879142,711.2728058791995,692.8225293879142,704.007568359375,203716
2022-11-15,704.56934751959,709.2755110399212,700.3250291338098,704.669189453125,407524
2022-11-16,704.9313382709281,710.1119032679608,695.3067101459699,698.0031127929688,99260
2022-11-17,688.0914041795361,705.3058479956558,688.0914041795361,697.9656982421875,36848
2022-11-18,701.4610166554666,703.0588533042792,685.2077496071003,687.8417358398438,51100
2022-11-21,689.0650912484815,709.0758410729067,672.8618057100878,682.6112670898438,55904
2022-11-22,680.3392319671045,735.0160362976719,678.3544012608846,693.8336791992188,540280
2022-11-23,697.3040039003118,707.8024617762763,686.8180415036262,693.9210205078125,85948
2022-11-24,694.9446894745179,703.8078245477514,672.8492682356119,699.9505004882812,265548
2022-11-25,704.0575344279661,708.7512635148651,687.8292579251938,692.3232421875,284796
2022-11-28,695.7935252466914,713.781956559261,694.3330170323884,697.1666870117188,310480
2022-11-29,694.5702049374867,709.5251608852343,689.0900532179262,695.2193603515625,289732
2022-11-30,698.7022146893266,701.5483803379116,687.1052508367094,697.5662231445312,334456
2022-12-01,699.0641684208094,701.5608261651695,694.3330141859589,696.617431640625,61676
2022-12-02,699.5635245537209,708.2394105202598,692.8225484070576,699.1890258789062,91708
2022-12-05,700.1751984393037,704.2197719649374,687.2549940676432,701.1988525390625,80792
2022-12-06,705.3058545816472,705.3058545816472,683.3352651291923,698.1529541015625,92076
2022-12-07,698.3027214889296,705.0561933217645,690.3509026229301,696.879638671875,139788
2022-12-08,705.3058186814053,710.785970285404,693.7712719966902,707.2906494140625,267920
2022-12-09,706.5541705794828,707.290672453509,699.2015254120446,702.110107421875,31932
2022-12-12,699.0641860265443,707.140898414382,692.672717658592,704.2447509765625,41956
2022-12-13,705.1810163260332,708.3018386677132,699.3637912904293,706.7664184570312,31012
2022-12-14,709.0382967042738,710.5487868149538,700.3624111309007,709.0133666992188,286392
2022-12-15,709.0133694189519,721.0222565210624,702.8091505821236,711.6597900390625,56536
2022-12-16,710.5613351860943,724.7298687958299,704.1074501207635,710.648681640625,190976
2022-12-19,715.9665516434764,722.7824396903357,708.3767362436962,720.0236206054688,72696
2022-12-20,722.2706350820345,742.7557253448632,719.4493994639618,739.3727416992188,209276
2022-12-21,748.7476831269639,764.7637187230639,730.2724151871855,737.4877319335938,281840
2022-12-22,741.1827934942581,774.7878320721981,707.1159097925882,735.615234375,91340
2022-12-23,734.1796353058257,734.1796353058257,699.413676211255,719.961181640625,48844
2022-12-26,720.7850993495671,738.8484427257746,710.8109637332075,734.3294677734375,68944
2022-12-27,740.5086959522223,745.2273547648301,717.0526083503814,721.6090087890625,48164
2022-12-28,721.5340950827068,723.7061751505485,700.3125040508625,705.330810546875,296612
2022-12-29,704.0824998507874,707.7650701543841,695.3192064757195,704.5693359375,205772
2022-12-30,704.0699981372863,713.7195561947678,702.809173752099,709.7623901367188,76792
2023-01-02,709.9995548535317,719.0249483873132,700.0628446538246,706.566650390625,93424
2023-01-03,708.7137649418081,776.4606009177792,694.1707327863545,745.751708984375,383852
2023-01-04,745.7517174576583,753.9906885577931,734.017425284739,742.0192260742188,150832
2023-01-05,740.2715546058637,740.745895220169,727.7882652445519,735.6277465820312,58232
2023-01-06,735.6277164065755,735.6277164065755,717.7891088317131,720.2857666015625,129016
2023-01-09,724.5300852796884,735.9397991045802,713.6571284942383,723.56884765625,43692
2023-01-10,723.5688796017274,733.7552559497514,717.7891409870305,724.3678588867188,34572
2023-01-11,726.015574901733,726.015574901733,707.8024688894515,713.2576904296875,103168
2023-01-12,712.8707395367113,720.2858012794477,700.7244623294806,709.8248291015625,93452
2023-01-13,706.5541461790056,714.3811926391257,704.1448958216914,707.0160522460938,21884
2023-01-16,709.9870377288001,709.9870377288001,693.5715132520814,701.3985595703125,79180
2023-01-17,689.1524623318373,732.3446421218655,686.8305583951875,715.0927124023438,1243660
2023-01-18,726.5274325581976,734.7788989228095,696.8421951763333,703.0214233398438,195444
2023-01-19,702.7841799781525,732.7690645477127,696.592517394907,717.7391967773438,227584
2023-01-20,717.7391878378602,723.606333596768,695.3316843543721,699.0391845703125,401508
2023-01-23,699.0391836288824,709.512711721717,689.501963152001,691.4243774414062,78432
2023-01-24,691.8238631414002,696.8795950896548,682.1118888666705,684.3088989257812,57508
2023-01-25,685.3200826957045,687.5670747552967,660.3659997357227,665.6339721679688,185032
2023-01-27,670.3526116903441,685.332558320296,651.8773441800703,681.0757446289062,100412
2023-01-30,671.6009257185311,680.7636473471022,652.1269955304101,661.2772216796875,85756
2023-01-31,664.5853273595995,714.9054784148082,657.4449224952457,692.3981323242188,240012
2023-02-01,692.3980997343799,697.0668374939322,684.0842173113804,689.3646240234375,135684
2023-02-02,692.8225158691406,701.286161141038,673.6107469441295,686.5808715820312,48984
2023-02-03,686.5809061927191,695.943373095347,676.719107721951,681.5001831054688,54076
2023-02-06,682.5238041528403,692.0735199311106,669.7159378595076,673.08642578125,47180
2023-02-07,657.1203227291968,669.5911160553253,651.8773414308255,658.2313232421875,119336
2023-02-08,658.2438499883666,663.4868315357801,642.215318591272,644.986572265625,52304
2023-02-09,641.6410300680212,651.1158338660574,624.1644261362075,634.2384643554688,111460
2023-02-10,634.6503998529935,644.1376993000484,634.6503998529935,638.53271484375,29988
2023-02-13,635.3993948487595,638.8822202054507,619.1711195382803,628.5460815429688,26636
2023-02-14,631.6918641841011,631.6918641841011,612.9420002241463,616.2125854492188,150440
2023-02-15,616.6869665032622,638.1457279095074,605.9388425807413,609.0846557617188,248112
2023-02-16,610.4203625904854,616.1501802945473,604.1912133051795,607.6491088867188,84296
2023-02-17,607.6490828075898,627.9094364656029,602.1938611352024,623.9522094726562,109984
2023-02-20,626.6610990598795,630.4060857076477,606.687836938449,620.2072143554688,60732
2023-02-21,623.3156085576644,630.1065055592917,608.3106708505209,611.868408203125,48836
2023-02-22,614.9393193765675,614.9393193765675,594.9410657648854,607.3619384765625,102732
2023-02-23,606.0012819158451,621.6678100609555,598.0743931730999,617.8104858398438,80228
2023-02-24,614.3026314098541,617.5732774013032,598.6985206749971,609.4840698242188,85932
2023-02-27,609.6838357984741,611.6437365562363,593.9673871114162,608.2232666015625,40152
2023-02-28,607.4867455088101,611.6811426778843,597.4252026854787,601.3699340820312,24044
2023-03-01,600.883103964801,614.5398096662154,599.1978599835971,599.3226928710938,392992
2023-03-02,601.6945547378268,611.6811863517327,599.1729058738907,601.0828857421875,167932
2023-03-03,602.1564458097162,609.172017771334,596.7012240452838,598.19921875,41924
2023-03-06,597.4626920386256,602.443512034022,590.5219713379488,600.87060546875,83924
2023-03-08,589.248670196111,605.1898547363281,589.248670196111,599.1978759765625,54804
2023-03-09,599.1978643902457,601.9566834149209,592.956219969514,599.0980224609375,78400
2023-03-10,599.197852231895,605.4394965259773,591.7827910012369,593.6177978515625,30560
2023-03-13,594.2045712331372,602.4560376588306,590.2224141334425,598.11181640625,30752
2023-03-14,597.8746144147424,598.4363624039945,591.7078820123296,594.1671142578125,415324
2023-03-15,594.5665873529699,600.071730249739,584.217952479463,587.7257690429688,34592
2023-03-16,587.7257384808794,588.574577746951,565.492988699148,578.6753540039062,74176
2023-03-17,581.471635957512,584.2054642192403,569.2380120150826,571.909423828125,24376
2023-03-20,586.7145598070032,596.4515248420981,556.9044912348277,564.344482421875,71564
2023-03-21,565.5429117107649,572.3587996839728,561.7604995315726,570.5612182617188,33812
2023-03-22,571.1978613209175,576.7279337938379,567.5652121446213,573.6945190429688,64568
2023-03-23,575.3048556488419,575.3048556488419,565.4929785325977,570.3240356445312,48936
2023-03-24,569.225457468955,569.5999561222103,559.525978921776,564.8438110351562,57572
2023-03-27,559.7007488111307,565.480487143938,549.2647071839243,550.949951171875,20448
2023-03-28,553.7087758002536,553.7087758002536,529.5910372134546,534.996337890625,162736
2023-03-29,546.7555849358486,546.7555849358486,528.5424777355325,533.37353515625,46540
2023-03-31,535.7952868240698,543.2977560883511,529.2540552434843,539.8523559570312,59688
2023-04-03,540.9008881749393,560.4622255443641,536.594153662584,545.831787109375,83572
2023-04-05,548.2660780562728,548.2660780562728,531.251378749385,533.9227905273438,79068
2023-04-06,533.9227597296708,533.9227597296708,522.1759727281255,526.9695434570312,144552
2023-04-10,527.0444833993685,528.9793932744727,520.5406773704024,523.798828125,323808
2023-04-11,522.825130851271,566.2544808067937,522.825130851271,529.6160278320312,626272
2023-04-12,529.2914750154724,536.53178292842,526.1456616787669,527.9932250976562,99000
2023-04-13,530.764451909942,539.265583822993,523.2370531011004,535.6329345703125,81136
2023-04-17,536.7939015026245,548.9900378068824,529.2914329160976,541.1380615234375,89244
2023-04-18,539.7649029072452,549.0025364596513,532.3872671631932,537.4929809570312,72072
2023-04-19,534.2972767084092,546.7680705094538,531.5384575865877,542.211669921875,54728
2023-04-20,546.518399130663,555.5313582807564,540.4515084114562,547.5420532226562,147828
2023-04-21,549.0150381342512,549.0150381342512,542.9731385819665,545.0203857421875,74632
2023-04-24,544.5210829369927,562.9963512255473,538.1671008311683,547.3672485351562,300368
2023-04-25,546.7930753417643,553.0471546673834,539.2906061028082,542.7235107421875,94196
2023-04-26,542.7234772872049,548.5157111127958,540.3141659712197,542.698486328125,48892
2023-04-27,542.1991945413495,548.5157513424233,540.5264459063934,543.9593505859375,67024
2023-04-28,545.5946564869076,545.5946564869076,540.5389243004811,541.7123413085938,82224
2023-05-02,542.5237439773118,548.940142380349,534.2972686558046,536.3695068359375,68548
2023-05-03,539.0534303060828,539.0534303060828,526.5451498749959,527.7185668945312,78944
2023-05-04,525.8211177289847,527.7185410635211,519.3048165628066,522.775146484375,400392
2023-05-05,524.285646703809,546.817983528605,511.8148530840106,516.1715087890625,184560
2023-05-08,515.5598122921725,523.6365242898914,508.044878750727,514.0992431640625,122060
2023-05-09,514.0992542373859,540.2018231042001,514.0992542373859,524.6851196289062,330188
2023-05-10,524.2981611586252,529.8157995217671,522.6379080297145,524.073486328125,54960
2023-05-11,525.945969644577,529.5411325848032,511.81486176277537,523.1996459960938,165244
2023-05-12,521.7889865706376,542.3989089734357,518.0689908168697,534.908935546875,326460
2023-05-15,534.2348565344898,536.7814353393411,527.3815429577298,528.6672973632812,264120
2023-05-16,531.8005801955911,536.1946611309738,520.8277819058843,524.1732788085938,105228
2023-05-17,518.0565002097851,522.1634901532663,498.08323755109456,512.3890991210938,795668
2023-05-18,514.3115403332857,517.7319495515857,511.57771205475115,513.2754516601562,142096
2023-05-19,515.297675465938,515.297675465938,498.08323209138626,509.7176513671875,328984
2023-05-22,505.58569977406034,528.3427112303799,505.58569977406034,516.396240234375,153776
2023-05-23,512.1893559164406,516.5335161769594,509.3181994002139,510.5665283203125,84168
2023-05-24,513.1255989616843,514.2865204677055,506.78408199727255,510.40423583984375,35848
2023-05-25,510.4167379020397,511.77743471889767,503.2138860867018,510.06719970703125,77340
2023-05-26,511.8023429829933,511.8023429829933,506.0850211201288,508.0448913574219,187940
2023-05-29,514.2990011908187,514.2990011908187,504.8241972171433,511.8522644042969,237116
2023-05-30,516.7956597657977,516.7956597657977,504.32486647124284,510.9410095214844,182840
2023-05-31,516.7956859068194,516.7956859068194,504.0502657098911,507.35833740234375,172240
2023-06-01,509.9049014865204,512.027091100787,507.4956206056648,509.3306884765625,83228
2023-06-02,510.3168667725287,511.1532410605816,503.0765589758539,504.9615478515625,255376
2023-06-05,505.5731934372634,509.63026227348837,505.5731934372634,506.8589782714844,311444
2023-06-06,509.4055597650394,510.5665117183367,506.3346890075199,508.98114013671875,131704
2023-06-07,508.06986563057023,509.6552372486069,506.3222051591137,508.03240966796875,177816
2023-06-08,510.5790298479332,510.5790298479332,500.5799028887939,501.5660705566406,54728
2023-06-09,504.3123830339836,505.32354163953755,492.0912552230872,495.69891357421875,145768
2023-06-12,496.8349155842903,497.42162408773976,492.3409314232264,492.9026794433594,33164
2023-06-13,493.5892616822868,496.8349169184374,487.85944405225626,494.2259216308594,272588
2023-06-14,496.697596380157,528.0431486729442,494.3507623230355,524.2107543945312,2772444
2023-06-15,533.323559824087,545.270092411506,529.2914816448684,532.5121459960938,1110120
2023-06-16,533.0239743536356,538.2794515045387,527.1943146397664,533.8353881835938,614348
2023-06-19,537.2807931595446,537.9423831377255,523.1247547126429,526.1332397460938,120400
2023-06-20,519.4920737275755,530.4898635694709,519.4920737275755,524.28564453125,73512
2023-06-21,524.285657832137,528.642313629662,518.6182566513315,522.56298828125,72304
2023-06-22,525.1844589026937,532.9865144562814,523.1247162365465,528.2927856445312,70680
2023-06-23,530.5397771888781,530.5397771888781,516.8081594263425,523.9610595703125,51724
2023-06-26,523.9610593817939,528.2802895217128,515.1728362076448,527.1068725585938,78688
2023-06-27,524.6102121646519,534.2847609910078,524.6102121646519,534.0350952148438,163016
2023-06-28,534.0350972376172,539.2905740364878,527.3066167352229,536.5442504882812,142240
2023-06-30,539.2281508741924,554.7448543468196,536.7814140982885,552.2232666015625,623864
2023-07-03,554.2580509925531,573.7194870337639,550.5130641615223,571.3975830078125,272096
2023-07-04,576.4658117534299,592.2446774393584,557.0917830846283,563.0088500976562,353088
2023-07-05,562.7466716666266,566.828731576777,549.2647194616586,551.1871337890625,103204
2023-07-06,551.2620666462092,554.2455606585864,540.0770270162983,546.6432495117188,98420
2023-07-07,550.4506281394931,554.0083655024539,533.8478537790095,544.0716552734375,116696
2023-07-10,551.7488916571514,551.7488916571514,536.7814399750704,540.2517700195312,44396
2023-07-11,540.5263952115804,554.0083468704373,536.7814086396756,547.9789428710938,83472
2023-07-12,554.2330270927441,561.7354957890635,545.5197159651586,555.3690185546875,178352
2023-07-13,560.4996718498958,561.74800074043,549.2647118350872,557.1541748046875,88664
2023-07-14,554.1706085282557,559.251331389039,549.7765274966193,554.9570922851562,35324
2023-07-17,557.7408329702248,565.9922988338335,550.4755956579017,560.7867431640625,73384
2023-07-18,563.4956997651165,563.4956997651165,548.5906639824232,549.4769897460938,60412
2023-07-19,551.7363605959989,563.7952294745286,548.6530249094467,558.9642333984375,254580
2023-07-20,561.6730924420214,563.0462542304731,555.0195237939467,556.7921142578125,33896
2023-07-21,556.7920910535998,559.5009890320767,550.9000154699299,555.5437622070312,36124
2023-07-24,555.5437798542782,561.2486672457397,549.2647099380015,552.5477905273438,50208
2023-07-25,555.319119847011,559.8131039572712,549.2522291074478,551.0997924804688,41376
2023-07-26,553.1095614781016,556.7547063585553,548.827817602105,555.8933715820312,54032
2023-07-27,558.6770805110349,561.2486501289385,554.3079295425044,557.7783203125,24768
2023-07-28,557.7533718759964,566.4916744792462,554.4203092159037,560.6370239257812,69204
2023-07-31,563.4457472021916,572.6334601410524,561.9976734805214,569.1505737304688,259488
2023-08-01,572.9829880611578,579.2246328112794,563.7453538309779,571.9468994140625,242144
2023-08-02,574.2312674971745,574.2312674971745,563.7203142628688,567.852294921875,58316
2023-08-03,570.6985738535285,597.8996496453983,566.0797567110066,573.6820678710938,365088
2023-08-04,579.224600417282,579.224600417282,569.9994621832443,572.196533203125,35256
2023-08-07,569.9994793764844,575.966467222449,567.2406602772934,573.3948974609375,163500
2023-08-08,562.2598603711753,584.5799578464289,562.2473648908336,576.3284912109375,51036
2023-08-09,578.6503511106861,601.1452616868091,573.9691178570721,597.5875244140625,193768
2023-08-10,581.2219576611685,599.19789449605,575.5545564331057,596.3392333984375,161744
2023-08-11,601.6945486535674,610.4203557472708,578.3507974921115,583.8434448242188,123352
2023-08-14,574.4809654898145,580.4729442693692,562.147500216655,569.6998901367188,42160
2023-08-16,564.2196553998501,567.7649581353916,555.5188397925178,563.3458251953125,34680
2023-08-17,563.3708657832467,566.3793508003223,549.3895812789871,556.817138671875,59672
2023-08-18,556.7546982596341,565.1185020227272,545.8817411769008,549.0025634765625,37460
2023-08-21,549.0025871231732,553.0222307996954,539.7774481987408,546.0565185546875,77208
2023-08-22,548.7903599742939,548.7903599742939,537.7550840456204,539.0908203125,46212
2023-08-23,541.787234731081,559.5260004811547,539.8772549537503,546.668212890625,75996
2023-08-24,554.7823534779834,558.7520149939699,544.6084729547465,548.2660522460938,30848
2023-08-25,548.2535314963005,548.6031001439198,539.2905547992088,543.4599609375,32076
2023-08-28,543.2103414264193,545.7569202882403,530.5398026111185,533.098876953125,45144
2023-08-29,533.0364501418494,539.627602474123,530.2651355512568,535.370849609375,72376
2023-08-30,538.0172509146,544.7707223349917,531.1015211214991,542.2865600585938,88460
2023-08-31,545.0078952571655,562.2223383762553,543.9343202262486,556.6048583984375,140064
2023-09-01,556.6048910399318,565.2932727725224,549.2647411532182,562.9214477539062,62988
2023-09-04,562.9214074774825,568.7885531563766,552.560277874329,556.2803344726562,82432
2023-09-05,555.5063649859419,560.2500148442488,544.2963957548407,548.1786499023438,70616
2023-09-06,550.9249924230193,552.4978990944459,534.3347128290557,543.2228393554688,165888
2023-09-07,544.2713763538183,548.7528647161118,533.0364167501843,538.4916381835938,255864
2023-09-08,538.5290982527938,562.8590168106838,538.5290982527938,555.8434448242188,214468
2023-09-11,558.9517867161236,565.4930182687405,550.762736556663,557.678466796875,79800
2023-09-12,560.4747098814736,560.4747098814736,528.043148009279,541.262939453125,149340
2023-09-13,541.7747539959828,543.8844176906467,530.0404620891574,535.6454467773438,83220
2023-09-14,534.2847798326404,541.7747533816962,529.29146413327,534.4595336914062,112348
2023-09-15,536.7814603213293,538.1920476844693,527.3940020291682,529.1416625976562,126584
2023-09-18,529.2914380822376,531.1889223360309,523.0497937652301,524.1358642578125,115908
2023-09-20,523.0498101605076,523.0498101605076,515.509915779932,518.76806640625,114284
2023-09-21,518.7805024192684,524.2856450859201,516.5585013478186,517.9940795898438,109820
2023-09-22,519.2923480363278,521.2397533902273,514.0618619233519,515.1354370117188,66176
2023-09-25,519.2424155537245,519.2424155537245,510.6913624306496,512.9383544921875,69864
2023-09-26,513.312858028658,517.1077658000253,505.57321863231147,508.519287109375,224540
2023-09-27,511.06584479237694,513.8121683354723,505.6980305945088,507.682861328125,157228
2023-09-28,511.8148551987959,511.8148551987959,500.1055238796235,501.10418701171875,83560
2023-09-29,503.07654918753275,504.424750501555,490.14384952887326,492.41583251953125,215108
2023-10-03,492.41582702817703,503.07654357729166,491.0676257291897,497.7461853027344,118288
2023-10-04,498.8696883777907,516.8081687183844,484.00207886960055,491.641845703125,238000
2023-10-05,496.7475352040302,507.7078692605205,486.59861494876276,498.1206970214844,165024
2023-10-06,500.3551774964999,509.74260461458334,493.60173651598416,498.7698059082031,112956
2023-10-09,504.73682240435613,504.73682240435613,484.90085820492567,490.4933776855469,120904
2023-10-10,496.68512442720163,496.6975894305253,485.3502915638422,486.3614501953125,74996
2023-10-11,488.7956718586806,495.2619911208367,485.862098970184,486.8482666015625,94568
2023-10-12,489.28250659381405,493.8264115455988,483.10327861157305,485.000732421875,90672
2023-10-13,484.35160171091997,490.68062298843626,483.15319380463495,484.9508056640625,41576
2023-10-16,490.0315262169016,490.0315262169016,481.8549716462209,482.82867431640625,63680
2023-10-17,485.250411136504,489.3449360848146,477.29856202048177,478.94635009765625,105604
2023-10-18,479.1086339544584,485.59994426337755,473.11665520776376,477.9851379394531,152212
2023-10-19,480.54420228108836,480.54420228108836,469.8709903587522,472.9169006347656,82360
2023-10-20,475.2388127842648,475.2388127842648,466.87500914451016,470.75732421875,62688
2023-10-23,472.61732082967296,472.61732082967296,459.3850345095606,467.8611755371094,97472
2023-10-25,473.11667119515397,473.11667119515397,446.16526140406324,452.1447448730469,215876
2023-10-26,449.64806040707384,451.3208089074934,429.4251326486213,437.4893493652344,148992
2023-10-27,439.91110260019843,454.97842626756784,431.93429315182044,435.7167053222656,166908
2023-10-30,440.66009615261845,440.66009615261845,398.21691408692715,405.78179931640625,612592
2023-10-31,405.69441467903226,414.3203799442083,402.2740055348633,409.6516418457031,309408
2023-11-01,416.9418519034813,418.56467947077033,408.465710877353,414.08319091796875,201400
2023-11-02,414.08320670926497,422.5343875750815,412.9597106582966,415.53125,72924
2023-11-03,419.43851727045853,430.67347755448867,416.95435490947955,426.7412414550781,535788
2023-11-06,426.7412233710448,428.72605407973344,422.1973184838842,425.405517578125,81720
2023-11-07,418.19017310541835,423.9324859301495,400.963234631225,419.52587890625,349348
2023-11-08,421.6355881223019,424.3943767488605,416.6796979295074,421.88525390625,147116
2023-11-09,423.1835046628169,427.8896986045665,415.8183640211926,420.4496765136719,191332
2023-11-10,420.4496627254334,422.19732315935346,414.445188615325,419.9378356933594,57948
2023-11-13,419.937846167936,426.4041960300873,418.1776902105867,424.61907958984375,56344
2023-11-15,426.3542550036344,429.6623267026009,419.4385248500922,422.8714294433594,234160
2023-11-16,421.9351667764705,424.6440343849753,418.4523413479328,422.9962463378906,53956
2023-11-17,419.4385219136997,425.0934580812851,415.55620673741714,423.3707580566406,136324
2023-11-20,425.4929188084676,432.6208892400376,422.6342577292037,429.02569580078125,96540
2023-11-21,431.12289289573414,436.3908349025763,427.26553820307987,430.3239440917969,77672
2023-11-22,431.9218040668807,438.1634486343212,427.12823322979847,436.95257568359375,131532
2023-11-23,436.95256436132763,446.8642834868797,433.68194878809265,443.2815856933594,373248
2023-11-24,449.3983995731878,464.3284252608311,442.65742357959004,461.7943115234375,358964
2023-11-28,466.8750263178013,466.8750263178013,444.94189280779983,447.28875732421875,129460
2023-11-29,447.40106960122137,453.1433824365049,441.90842254138494,442.482666015625,78180
2023-11-30,444.6922284632101,445.2165205274544,433.1701461461564,435.2298889160156,249564
2023-12-01,435.41711010232825,446.26507579805366,435.4046146229096,444.69219970703125,85444
2023-12-04,456.88836808794815,460.1839441260676,446.452326505938,457.6872863769531,191284
2023-12-05,457.88705048835396,464.4532728360147,455.3654321508135,460.87054443359375,120844
2023-12-06,463.17993383098445,466.86250401415606,449.3983952345046,451.3957214355469,179716
2023-12-07,448.3498382005176,459.34759797198984,446.36497688249773,448.6119689941406,112348
2023-12-08,448.6119526479645,450.8589446777331,443.05688901881405,444.40509033203125,66232
2023-12-11,446.6271235959524,447.138920163077,440.6601053097169,441.533935546875,47684
2023-12-12,441.90843717659834,443.6061766965765,436.6654557185709,441.03460693359375,86076
2023-12-13,441.0346145691279,444.45502367453616,434.84289083507315,437.6890869140625,187344
2023-12-14,438.3132267316937,451.6453851584259,438.3132267316937,449.410888671875,683688
2023-12-15,450.6467502373062,459.4225088372836,449.7978804572925,457.5250549316406,154584
2023-12-18,456.3890363043708,463.3796779983108,452.89371545740073,461.8816833496094,94488
2023-12-19,461.6320368595658,470.02080114737976,459.697127024162,465.06494140625,123436
2023-12-20,466.87502328867885,488.09661525634607,464.1411951023799,485.8371276855469,582112
2023-12-21,485.08813279609757,514.0493643349791,464.52816115673915,508.2945861816406,810224
2023-12-22,508.2945483669118,526.7947758696317,500.67974236500476,525.4091186523438,514116
2023-12-26,526.79478885657,526.9071262653774,501.82821118564254,506.1099853515625,576768
2023-12-27,506.8215366556956,510.5665233797525,499.3190677277897,509.0810241699219,206060
2023-12-28,509.08103550740395,510.5790302303878,499.1443249875657,504.84918212890625,83892
2023-12-29,504.32487297002615,507.50811164842605,498.09572398222207,500.5049743652344,163628
2024-01-01,503.0765502254503,507.07120273344395,500.5923878877538,505.4109191894531,70380
2024-01-02,505.323530217728,516.9329887923941,498.84471552644857,511.60260009765625,110264
2024-01-03,519.8666015081521,525.5464983429753,502.8394064841423,522.4381713867188,525232
2024-01-04,525.546495774169,533.111381514505,524.2981668055842,530.5523071289062,145424
2024-01-05,533.1613008050306,551.7614023784208,529.8033080808157,548.5157470703125,271932
2024-01-08,555.7560299686958,555.7560299686958,529.8157796359475,540.5638427734375,160816
2024-01-09,543.2103429152603,544.7083376561503,523.0498303607815,538.7537841796875,147092
2024-01-10,538.7537860005345,541.5126051817102,524.298161083514,530.5023803710938,118752
2024-01-11,530.53979159376,537.8675067437852,524.6851411431198,527.7560424804688,56852
2024-01-12,528.0431225764228,530.7270297006291,519.8041518695566,521.3645629882812,48128
2024-01-15,526.7947938933847,526.7947938933847,517.0578285086254,518.21875,40004
2024-01-16,522.3507359104034,522.3507359104034,517.681997986647,519.1799926757812,37504
2024-01-17,511.8148368605008,528.5424437237465,511.8148368605008,523.6365356445312,70772
2024-01-18,520.2909647343763,530.1777535229265,517.0328142731344,521.164794921875,53176
2024-01-19,521.8014689393167,524.3855340879754,513.4501609692531,516.4336547851562,53376
2024-01-23,505.7854158839136,514.9980892897985,505.7854158839136,511.9521789550781,55060
2024-01-24,510.56649538365326,522.2757955173863,510.56649538365326,516.9703979492188,45132
2024-01-25,516.9704349650111,524.3231411193807,507.9700016733434,517.6820068359375,239800
2024-01-29,517.682003663625,521.6641607318638,509.81753145942713,512.801025390625,122008
2024-01-30,512.8009922543497,528.0430995892325,510.31683005219446,526.5451049804688,93028
2024-01-31,529.1791420872389,548.053839406813,526.345410964135,543.909423828125,150196
2024-02-01,544.4461659584254,545.9316651906449,526.5576368183265,533.5482788085938,65716
2024-02-02,529.2914411949874,532.9990023225171,518.0564813583013,520.49072265625,50400
2024-02-05,522.3008176879592,526.7073943735487,511.83984576865413,520.77783203125,63648
2024-02-06,524.2981414729265,551.2620458915342,512.4764423301963,524.560302734375,304936
2024-02-07,548.5156969750484,603.1925006334625,524.2981172724632,529.4661865234375,2500092
2024-02-08,534.7966015971493,556.492533715069,533.1737740108923,545.1702270507812,929112
2024-02-09,543.0105956968015,551.6240654189189,520.5531701627469,540.4390258789062,409792
2024-02-12,542.274072197361,543.0230695346502,513.0631760430832,518.21875,230668
2024-02-13,520.815346520888,526.7823346705578,512.0645481705566,522.9874267578125,68956
2024-02-14,506.0725490537671,520.8153259320101,506.0725490537671,512.5763549804688,76732
2024-02-15,511.8148423625131,516.7707324126663,488.3712198291865,493.913818359375,156264
2024-02-16,498.8322356468023,499.33156721401633,493.33958840744816,496.5228271484375,45532
2024-02-19,496.53532038424333,546.2188110974939,490.88038431574597,505.1612548828125,698152
2024-02-20,505.1612573985351,512.301692717628,495.68645309699764,501.90313720703125,102152
2024-02-21,499.7060758602336,507.9075909200154,497.0720895999108,498.9695739746094,99004
2024-02-22,498.66994097466807,504.27495603732604,493.2147497618507,496.472900390625,63160
2024-02-23,496.59774928483415,503.31373462052665,491.36723272465395,496.34808349609375,122304
2024-02-26,493.60174986195557,501.0667324132696,489.59460184280033,494.4256286621094,150784
2024-02-27,495.3369246010927,496.1483384140733,489.34494567446654,492.016357421875,71704
2024-02-28,492.01635370466124,493.28967359837395,469.37167903958095,479.5205993652344,231516
2024-02-29,480.6066425758097,486.8607827647163,472.4300880073122,477.4483642578125,49588
2024-03-01,479.09614455652286,485.13807482220653,476.0751946620712,482.8910827636719,70712
2024-03-04,483.78986923603446,484.33912176591036,477.23614245629204,481.5428771972656,73448
2024-03-05,479.1086400166778,481.9423405728013,474.3649901155226,475.41357421875,17988
2024-03-06,474.61465206004357,475.3261934441042,466.6503075108657,469.8710021972656,45816
2024-03-07,472.2303431187422,485.01324976656707,469.38417751336954,477.97265625,56256
2024-03-11,480.369470402668,480.369470402668,468.12335134087834,474.4149169921875,31400
2024-03-12,474.41491267915666,476.3623179937426,463.3297762016071,474.1153259277344,54720
2024-03-13,471.7185408128863,482.10463138538734,453.16836077549664,470.96954345703125,156572
2024-03-14,467.64895898228025,478.0850006109532,458.38636478700545,471.3440246582031,220724
2024-03-15,471.8683275446527,473.99048668969476,463.6792777118959,471.83087158203125,52232
2024-03-18,471.6186598612246,510.1795275093513,464.390847698849,503.42608642578125,295232
2024-03-19,493.11488811251945,506.3471747780136,487.72211322722137,496.9597473144531,123816
2024-03-20,494.35075016973104,497.79611971937925,483.15321532222805,493.9263000488281,73540
2024-03-21,490.5932608591219,502.7395072296923,490.5932608591219,500.554931640625,63696
2024-03-22,495.09974375092327,506.6967071941951,494.72524507598297,503.3387145996094,53172
2024-03-26,502.5647051868822,521.8014651725929,502.5647051868822,518.8928833007812,136572
2024-03-27,518.3061374563096,534.3471631458895,513.8620745687184,527.0943603515625,260132
2024-03-28,527.6311843404328,543.422544440467,514.8607435134879,537.767578125,140008
2024-04-01,546.7555640029401,549.2147963231331,536.7814282592533,542.2490844726562,113832
2024-04-02,541.6998290544333,541.749750019572,519.367237290968,523.5990600585938,103676
2024-04-03,525.5464787922622,551.8238027318753,523.7988182927154,548.6405639648438,240148
2024-04-04,553.0097228542633,554.2580517997583,539.2781044538189,545.8193359375,146196
2024-04-05,545.532255993571,562.3971925882483,539.5402769307263,542.6361083984375,200140
2024-04-08,543.6846374432644,544.8830453250916,526.5451067840403,536.3944091796875,31480
2024-04-09,536.3944523121592,539.2781043664979,520.4033463322457,534.0101318359375,65932
2024-04-10,534.2722643737247,534.2722643737247,524.2981288279243,528.5174560546875,34564
2024-04-12,513.8121977913939,536.7814505595223,513.8121977913939,525.1220703125,31076
2024-04-15,514.3115155191399,526.0583028579955,506.82154199216217,521.3271484375,59392
2024-04-16,521.3271490469463,529.2789677119139,518.0190774019973,522.5130615234375,235876
2024-04-18,522.2758437981526,527.4189834740462,511.8148715369442,518.6931762695312,31404
2024-04-19,515.3351726457408,517.1576841185055,509.6802060274889,512.3016967773438,21772
2024-04-22,510.32936427106887,522.7252462181538,510.32936427106887,512.8509521484375,26772
2024-04-23,513.3378256698264,519.2049713973094,511.8148400570139,516.8455810546875,22016
2024-04-24,513.3128187134913,529.2290114143595,513.3128187134913,521.164794921875,68844
2024-04-25,521.1648230626358,535.5331009693315,520.2660628219561,531.9004516601562,42996
2024-04-26,531.9004409398145,544.021726570169,529.8656892443463,540.4639892578125,75088
2024-04-29,541.0132681911899,549.2647346917026,537.0436065355246,544.49609375,41660
2024-04-30,543.7720564390743,548.7778674046268,537.0435760122317,539.6400756835938,27776
2024-05-02,539.6401199820892,549.2647485623836,539.2781167703403,545.0079345703125,74632
2024-05-03,541.7747759919813,554.2580657613818,538.9410448329021,546.3311767578125,92292
2024-05-06,543.0980016025367,554.2455546712283,523.0623220869302,528.355224609375,49312
2024-05-07,525.5464536221126,537.4430033571234,522.0511327904215,524.5477905273438,63956
2024-05-08,526.357902080247,541.0257672514622,522.3008329903364,538.7537841796875,132304
2024-05-09,541.4501567524501,551.7613655020923,528.080542243803,530.8892822265625,51220
2024-05-10,529.8657269133765,538.5291177763681,524.3106629956555,525.309326171875,27844
2024-05-13,526.0084026797205,546.0065962149437,524.3480885768217,540.401611328125,416788
2024-05-14,544.0217592148846,546.50592164748,538.0297802239909,542.4488525390625,65692
2024-05-15,569.2379741548742,582.670005209416,533.0364363248493,535.9075927734375,921104
2024-05-16,534.2847846484126,562.9963501785843,529.6160466181318,556.8046264648438,344040
2024-05-17,555.7061312742649,562.2223718645323,547.2674153253423,558.72705078125,121500
2024-05-21,549.7515487971954,574.2312905707154,545.9192156692177,563.7203369140625,89724
2024-05-22,567.6775684304656,571.7096464042488,549.2647171179876,562.4470825195312,83220
2024-05-23,555.2566980404955,566.2294969464022,555.2067770749089,561.8104248046875,35028
2024-05-24,558.0155152299545,570.4613178231644,554.6450271911948,566.7787475585938,73768
2024-05-27,572.2589351982691,573.8442762639721,563.4457213358005,568.4015502929688,51020
2024-05-28,567.2406730628231,568.9009261795796,551.4618073760837,556.5799560546875,39264
2024-05-29,553.2094716426695,553.7587241919131,534.4096253980116,537.9798583984375,40664
2024-05-30,534.8090876603453,541.138078563174,522.2258958717131,527.3815307617188,176872
2024-05-31,527.2941214330037,533.4483584594038,512.9133482852255,522.775146484375,47852
2024-06-03,524.2981212462895,547.6168799717252,521.1398736116337,536.5816650390625,84392
2024-06-04,541.200495584023,559.1140151821395,524.2981345790207,548.765380859375,121116
2024-06-05,548.7654050122293,630.4061181327929,548.1287450586501,602.7681274414062,1087600
2024-06-06,609.6838322359064,624.1644474159565,599.6847055975909,617.1113891601562,531692
2024-06-07,607.8487648999496,673.8354425280208,607.8487648999496,657.6446533203125,562048
2024-06-10,673.5858055550658,699.0642116007261,652.888535957312,683.4725952148438,627596
2024-06-11,680.0895623694843,692.0610239363413,658.3936311819249,683.5723876953125,162176
2024-06-12,678.7663475015818,707.8274810201196,661.1274844322901,701.3735961914062,398416
2024-06-13,701.5483215325916,711.522456900465,676.1074038309154,704.406982421875,99764
2024-06-14,701.5608536852093,706.7164277481265,686.5809066314326,692.2608032226562,48792
2024-06-18,692.2607757924918,699.064168143171,675.2959986170148,689.1399536132812,75916
2024-06-19,684.3339095989265,701.5608485855468,684.3339095989265,691.299560546875,78012
2024-06-20,687.1176503157874,691.2871175941386,666.3579651424728,687.5545654296875,41932
2024-06-21,680.9010148340068,719.0374636435748,680.9010148340068,708.177001953125,123520
2024-06-24,713.9192799792104,728.84930543894,700.5621610846877,706.8287963867188,326056
2024-06-25,711.5475030315853,737.7624110380121,699.0642135047153,721.4093017578125,150788
2024-06-26,724.0307745814395,739.0107216417451,706.1047590752282,733.97998046875,64084
2024-06-27,739.0107109685473,739.0107109685473,716.2287084766959,729.822998046875,103968
2024-06-28,738.7485711111673,738.7485711111673,712.7958246428179,729.61083984375,42152
2024-07-01,729.0240953981737,748.9973582857949,726.7895988033333,746.7503662109375,82256
2024-07-02,746.7503785323436,746.7503785323436,695.0945509183348,723.3692016601562,105464
2024-07-03,749.0098342546814,768.9706011423231,731.6705580527523,763.2407836914062,406200
2024-07-04,762.629110570104,777.7088991939171,753.503814184998,769.8943481445312,77860
2024-07-05,767.7846885465525,820.1395903264811,763.066029694571,811.1141967773438,240600
2024-07-08,810.1654359379137,828.3785419449434,804.43561862022,820.264404296875,142168
2024-07-09,826.3812637833191,845.8676907506213,812.7495483144337,823.0357666015625,185928
2024-07-10,817.655432692899,831.7865402775041,776.5354907570398,807.7437133789062,132960
2024-07-11,821.3005665390095,828.8903817981472,803.9113085535486,815.2586059570312,69200
2024-07-12,815.2586348200222,823.2105145011238,807.6688192921786,817.6055297851562,70140
2024-07-15,827.6670811223113,840.1128841262151,785.1989060511262,812.6871337890625,80684
2024-07-16,813.9354138708071,826.7682102678122,790.9411717132505,813.9728393554688,155664
2024-07-18,813.9728462774236,823.8970608743189,779.8060604473181,819.5404052734375,253508
2024-07-19,817.7178327187719,823.8970606738255,779.8060602575543,799.3424072265625,101468
2024-07-22,773.9639367985989,900.2698335869844,773.9639367985989,865.4789428710938,333708
2024-07-23,843.1088747395484,879.7848157491379,822.1868694116098,870.82177734375,185904
2024-07-24,855.3549412170678,889.9586418543829,855.3549412170678,868.00048828125,104160
2024-07-25,859.8489288171957,866.3402389650606,832.934946090336,843.2461547851562,84096
2024-07-26,843.1712705679224,859.8489570711647,836.4177989437682,849.6500854492188,36856
2024-07-29,858.850317290055,858.850317290055,838.8770540972631,850.8984375,18840
2024-07-30,858.8503141238099,858.8503141238099,841.7107820911068,847.0661010742188,18248
2024-07-31,858.8503167993658,874.8913437919122,836.6674869971202,855.0928344726562,40384
2024-08-01,867.1391756450491,871.882825469096,839.5636024112362,855.2051391601562,22364
2024-08-02,851.6224604295925,869.9728950305387,832.4481165742185,851.95947265625,32792
2024-08-05,853.5947883168321,854.855612669922,780.218041505589,817.6679077148438,96648
2024-08-06,873.8302220690423,932.1271811699341,800.8903894854742,812.1128540039062,860868
2024-08-07,823.5975002468596,889.9336868485927,812.6621267196435,866.2029418945312,402332
2024-08-08,866.2029212221967,953.7357673634283,865.7035896662366,900.5194702148438,396308
2024-08-09,898.8092950878952,927.3835311513973,895.2140713173267,916.2484130859375,71612
2024-08-12,916.2484031463572,941.2149806424138,900.0326232533802,924.9492797851562,129660
2024-08-13,924.5248743625605,933.2881066261771,893.5413268325088,900.0201416015625,280416
2024-08-14,894.053182508387,923.5137453500485,889.9461925063422,922.7023315429688,70676
2024-08-16,930.0050584588297,930.0050584588297,908.7959620009306,918.919921875,36640
2024-08-19,930.0050536863508,930.0050536863508,910.6684507339737,922.2904052734375,77956
2024-08-20,927.5083835588179,927.5083835588179,886.3135293765285,896.4749145507812,70180
2024-08-21,896.4749082529653,920.1432364985023,888.87259740708,911.24267578125,52676
2024-08-22,922.1655788932633,924.0005858628369,898.7968367561781,909.619873046875,49404
2024-08-23,900.7316956878086,915.3496389387437,900.5194553985939,906.1619262695312,26108
2024-08-26,907.5476313143411,917.0099402611474,903.6278906487678,907.8846435546875,22864
2024-08-27,910.2814490851758,923.763401430376,893.0545099774203,917.6340942382812,56156
2024-08-28,923.7634138223548,925.6234117486632,900.4570881759797,917.8712768554688,77184
2024-08-29,928.7566906616544,928.7566906616544,893.8034818733125,896.6871337890625,52644
2024-08-30,898.7968429993405,907.7098995017049,880.7085687246911,899.0465087890625,35592
2024-09-02,900.0451336430681,925.0616325178307,882.8181948854061,915.1124877929688,61168
2024-09-03,913.7767631321044,921.7161471992101,893.8159960298078,906.686279296875,41624
2024-09-04,895.0518570756465,923.5511826203542,886.3010589461611,915.32470703125,32120
2024-09-05,920.0184152278056,923.7634019926406,893.5039211234857,897.4361572265625,29060
2024-09-06,905.2881311244383,926.2850479017712,891.331838205847,895.8382568359375,104464
2024-09-09,906.2868005640554,906.2868005640554,870.6844352017952,899.1713256835938,46512
2024-09-10,907.5351430282769,926.2350862432257,907.5226475481144,921.0670166015625,91304
2024-09-11,926.2475571358906,926.2475571358906,898.7968165543389,902.4918823242188,41188
2024-09-12,906.2867770013413,923.7633815165187,901.8177839424554,920.2181396484375,56900
2024-09-13,927.4958683801223,928.0076954149558,896.3001416571675,908.7709350585938,70492
2024-09-16,901.3059956483193,910.7808001699007,893.8160219627115,898.9091796875,41668
2024-09-17,908.7834732608061,923.763420622248,886.3260476988236,897.7232666015625,92836
2024-09-18,901.3933304418572,916.2734356861964,886.3135413313345,892.3804321289062,55972
2024-09-19,899.5333091080182,923.7633852274668,890.7450858500796,918.8074951171875,247440
2024-09-20,903.8026037890742,926.5096939052011,903.8026037890742,923.4013671875,65176
2024-09-23,930.0050355496843,1003.6564410495922,929.9925400699045,995.5922241210938,523776
2024-09-24,1023.6296949083711,1023.6296949083711,978.8771039785356,1001.4219360351562,235132
2024-09-25,998.6631265563399,998.6631265563399,968.7032327596497,983.0090942382812,61016
2024-09-26,984.7567746442962,999.2373902724959,973.7215590631736,986.8539428710938,33984
2024-09-27,986.9288499926215,1007.750952120022,975.3693119343003,998.7505493164062,99428
2024-09-30,998.7505312050793,1036.8369973261663,989.999733392067,1005.9408569335938,121388
2024-10-01,1031.9935102888326,1117.254374874205,1016.2645660168606,1101.7376708984375,1497376
2024-10-03,1071.078588988519,1118.4776598559029,1067.408575309803,1096.045166015625,341824
2024-10-04,1104.7711207950972,1117.2544102956067,1041.1063443424985,1112.7978515625,142688
2024-10-07,1120.9993910467526,1123.4960489332711,1013.7679348207884,1051.604736328125,327152
2024-10-08,1048.6086745874088,1117.5664094228825,1033.7535611865349,1111.8240966796875,131092
2024-10-09,1116.0934861659784,1116.0934861659784,1083.924024816321,1091.913330078125,77084
2024-10-10,1094.784436239222,1096.0327651288903,1085.3095712037912,1093.9730224609375,36248
2024-10-11,1086.0461480904326,1117.2543707367092,1068.5819779347282,1115.8687744140625,79244
2024-10-14,1123.4960277325133,1123.4960277325133,1088.5428179808353,1092.6248779296875,89888
2024-10-15,1092.6249041059311,1098.2798098662363,1073.824996980541,1085.8963623046875,147332
2024-10-16,1083.5371177380534,1110.5134581738735,1032.0435474259218,1101.3258056640625,103388
2024-10-17,1084.7977763909241,1117.2418921369692,1083.2997817629964,1108.541015625,220360
2024-10-18,1108.241355381433,1108.2539118141258,1061.0795160945588,1073.425537109375,208536
2024-10-21,1073.42553989747,1088.2680967286528,1065.8231684642712,1073.9747314453125,103548
2024-10-22,1083.2873524408308,1117.4790068432492,1052.7281643586248,1060.8548583984375,130316
2024-10-23,1060.8549233883948,1091.651222696865,1034.8646904953735,1083.0626220703125,55920
2024-10-24,1088.5427931413954,1091.0394509238297,1068.5945218411682,1075.0982666015625,85104
2024-10-25,1063.576249601966,1111.0127489973588,1043.6029866986428,1084.97265625,77648
2024-10-28,1084.9726464068622,1123.4960281193046,1082.3760247272896,1095.907958984375,136036
2024-10-29,1108.5160705191429,1117.5040386584874,1062.4651683312375,1115.2320556640625,185216
2024-10-30,1115.2446255073003,1123.4960309271498,1070.6293010274112,1118.8896484375,158492
2024-10-31,1123.4959724064556,1128.4892878393732,1035.0144473165792,1063.3140869140625,445924
2024-11-01,1088.0434788940377,1088.0434788940377,1036.1129961932668,1046.38671875,20656
2024-11-04,1046.0995650201914,1117.4915399447366,1030.5204455215996,1047.16064453125,218992
2024-11-05,1039.0216146976302,1068.5695854428786,1028.2361256710794,1042.7666015625,64128
2024-11-06,1042.7541778944608,1098.5419263281406,1038.6097013394217,1070.6793212890625,51420
2024-11-07,1086.0211054347242,1095.7830613952203,1062.0033315737019,1079.3551025390625,32460
2024-11-08,1084.7604302586662,1084.7604302586662,1013.7679386088217,1025.5272216796875,66812
2024-11-11,998.6631328096287,1014.8914087177852,913.7767665208103,924.4249877929688,171616
2024-11-12,929.0562833991039,961.213247882616,907.7722757674175,915.8864135742188,153092
2024-11-13,915.8864093642311,925.2239460157338,864.2555143817239,883.1926879882812,185380
2024-11-14,865.354083749798,925.011709330914,863.8310981195434,914.7005004882812,72812
2024-11-18,901.2934908051884,914.6880358923784,846.1298473744584,871.4085083007812,167356
2024-11-19,861.8462865958106,898.3848984752931,853.9193979517154,876.9635620117188,251880
2024-11-21,873.8302247748971,916.1485742318529,865.0919225271482,905.1258544921875,157144
2024-11-22,899.5582983950413,967.217724592672,896.9867286772608,959.9774169921875,106692
2024-11-25,985.9177031207641,989.0260299962916,952.1629007126307,964.6087646484375,66236
2024-11-26,973.6965631094236,976.1682300035847,936.4963610829353,944.173583984375,24372
2024-11-27,949.9532843640579,998.4883476701732,940.5284013434418,993.157958984375,52580
2024-11-28,986.1798562806167,1011.3836052270002,986.1798562806167,990.9110107421875,34252
2024-11-29,991.0109220673309,1002.9199679893115,976.7050601940755,987.1785278320312,131092
2024-12-02,976.9547289935733,1033.8660334727763,973.6965782525543,998.4884033203125,103620
2024-12-03,998.5008610166765,1017.3755574010524,991.5476446664848,998.6881103515625,206896
2024-12-04,1009.8980834779243,1031.5191644796666,1001.1597811486962,1012.2324829101562,68656
2024-12-05,1012.3947176721799,1025.0028393102675,988.7638764487521,993.9319458007812,448184
2024-12-06,997.6145416529835,1002.932434988284,986.067499261565,992.4464721679688,33112
2024-12-09,995.1678117413176,1011.1464218646101,967.5547517405784,979.9132080078125,83360
2024-12-10,976.4428510818192,994.8806930424787,976.4428510818192,982.1726684570312,98924
2024-12-11,982.1851588775675,991.5601209197922,961.2506592618065,982.2600708007812,87436
2024-12-12,992.0843822120545,1007.4138973655541,968.7032067702727,973.7339477539062,68708
2024-12-13,973.7339531991645,984.9314876493005,941.3773051580298,957.7803344726562,43016
2024-12-16,942.5008284866036,977.1169649982604,936.2466884172642,971.6618041992188,36656
2024-12-17,962.8360840911455,973.6965455608629,935.0108449990989,938.78076171875,57528
2024-12-18,936.2466805666581,960.2145955891646,911.3799443493837,947.7188110351562,117136
2024-12-19,929.2560187289852,965.9568878190337,926.2850203745476,959.740234375,58832
2024-12-20,963.7099354570547,978.6274661937281,914.2761097522628,943.8115844726562,59240
2024-12-23,943.8115510970524,968.7282078881539,914.8253299410273,962.9359130859375,78304
2024-12-24,962.935915894306,986.179824234264,951.0643568995991,974.1084594726562,42556
2024-12-26,981.1865332561881,981.1865332561881,936.2466920383474,940.3411865234375,260772
2024-12-27,945.2845965067942,974.695238591481,943.9114346696392,960.4143676757812,38412
2024-12-30,964.2716824522274,973.259650752643,951.8633050726436,967.1553344726562,32672
2024-12-31,952.7371062755728,993.4326281727788,951.2391116045101,982.7719116210938,117920
2025-01-01,984.6693262622663,989.6501463088133,959.9649098877269,970.5007934570312,82732
2025-01-02,975.2819587168584,977.4290478849362,957.4682806651709,964.3215942382812,170800
2025-01-03,985.6554863682862,1008.4749747204875,915.1748870183025,935.1605834960938,381648
2025-01-06,938.4811936404135,938.4936891204196,879.8347249187821,906.0121459960938,203328
2025-01-07,904.5516425509267,919.1945165895147,881.906967841466,895.1641845703125,72180
2025-01-08,904.1146943677309,904.2769527420621,857.5270357957592,865.5038452148438,100768
2025-01-09,864.2930367628701,875.7651675264275,852.4713373241078,866.7147827148438,95256
2025-01-10,862.1209333278091,873.3309025207654,832.7727085609633,851.56005859375,126112
2025-01-13,842.022854106153,842.0352886326021,782.6398225344224,806.5703125,230988
2025-01-14,810.8145911876525,840.125328643602,776.2483160501533,810.6897583007812,201760
2025-01-15,806.3830305115607,853.8195279231204,803.9487891970201,816.2572631835938,113512
2025-01-16,815.1587490873611,837.6660941485798,812.6745868359841,822.9982299804688,66436
2025-01-17,827.3175167709908,828.7655905448212,798.9305286167879,807.0820922851562,26964
2025-01-20,773.714250223997,790.2920335918064,707.1658245459646,772.6781616210938,751536
2025-01-21,757.2488387379392,773.9140302685857,733.018761557725,752.6425170898438,240052
2025-01-22,751.5938260508499,753.2666355092508,736.5140375947403,743.8541870117188,117404
2025-01-23,736.5140476962287,745.9888518140158,731.0214005608669,743.679443359375,169292
2025-01-24,745.1525219435449,759.4708180575935,736.888560126851,743.1427001953125,169968
2025-01-27,725.2790847471596,735.7151264533383,706.8163126634988,714.4061279296875,166936
2025-01-28,710.4239649698349,718.1636040188824,682.0868994192897,706.8787231445312,88832
2025-01-29,700.4623642158136,762.7289878079761,700.4623642158136,757.4735107421875,133888
2025-01-30,786.4098033265108,786.4098033265108,756.4873343821488,770.7807006835938,88652
2025-01-31,769.0080048731677,804.8226087052706,767.6473386035973,801.47705078125,40540
2025-02-01,789.4556741079637,861.346921653522,781.9407099173313,848.2144775390625,63284
2025-02-03,835.4940468344769,855.1053062682162,798.9430006063632,836.655029296875,187220
2025-02-04,840.1253573727756,942.4883281076458,823.8970815245644,873.6304931640625,916516
2025-02-05,886.0638741108909,921.2667499208756,871.3335927435924,878.1994018554688,294752
2025-02-06,873.8302474966938,898.7968259965993,838.3277850605402,887.2247924804688,171492
2025-02-07,885.0652146246613,885.0652146246613,856.715652329399,864.9796142578125,112192
2025-02-10,849.3754637125198,884.5159216134016,848.863636682044,870.1476440429688,72864
2025-02-11,873.8302523001036,874.7165780324345,811.413805707239,828.2288208007812,128612
2025-02-12,832.585462679808,832.585462679808,789.7802765118912,811.71337890625,49424
2025-02-13,811.7133645713529,834.358038426507,805.3094617523745,808.967041015625,77672
2025-02-14,808.9171316095366,821.6375909791659,774.6380076379637,810.1155395507812,78192
2025-02-17,823.1730926540642,823.3852720013814,760.2697487071771,778.670166015625,195504
2025-02-18,771.5920771193055,793.949659446252,771.5920771193055,788.0325927734375,100528
2025-02-19,778.982234482325,796.7459305741803,769.7196095449112,785.6358032226562,122548
2025-02-20,778.4828731471329,788.6816834279147,722.3080740796607,737.5126953125,347812
2025-02-21,736.2643687337713,770.9679113766991,731.7953757532637,760.2197875976562,119204
2025-02-24,760.2198414321748,762.7289948333867,734.2920854958189,737.3255004882812,66516
2025-02-25,737.3254816567186,747.9861985159486,729.2737600674765,736.9010620117188,45920
2025-02-27,730.1974777804298,734.5042123863732,712.9331138719416,730.4471435546875,34796
2025-02-28,734.2920571134828,760.232307527496,695.0820337906875,746.7877807617188,158968
2025-03-03,740.0218988777339,748.9848763795648,700.449871064474,742.9304809570312,82692
2025-03-04,741.245238930709,750.0584535548023,714.6683276360562,720.7726440429688,103764
2025-03-05,720.0985198323064,737.7623736168728,715.7917851639845,725.0294189453125,350436
2025-03-06,728.8493337482201,749.5590982927512,724.2804377207998,746.2884521484375,73540
2025-03-07,739.5100591286576,747.4244523648119,724.0307803757959,726.5524291992188,57300
2025-03-10,726.5524304385325,734.8163314082294,695.3192161331383,701.1114501953125,39616
2025-03-11,694.7574318454792,717.0401021508278,682.5862253761711,706.8287963867188,48932
2025-03-12,706.566680049824,710.4115088282481,696.6549603933935,701.5733642578125,67700
2025-03-13,699.0641773690422,714.131531430545,686.9553871538999,694.0708618164062,25648
2025-03-17,687.966586343834,703.9077106142422,675.1337280441029,697.7035522460938,166300
2025-03-18,697.7035522460938,697.7035522460938,697.7035522460938,697.7035522460938,0
2025-03-19,727.6509169979128,735.390556190548,712.3089669825785,724.305419921875,228384
2025-03-20,724.3054545481671,725.1417983803791,716.9527482008109,720.2733154296875,50848
2025-03-21,715.9291094353321,726.2153272341509,714.780622482262,722.1083374023438,169416
2025-03-24,724.0307738771261,742.755707684293,716.7904661383548,726.3651733398438,63936
2025-03-25,735.2657187475841,735.2657187475841,700.3375006662617,706.4293212890625,109380
2025-03-26,709.7997939183035,726.2777349660025,685.3325481202052,720.4605102539062,136348
2025-03-27,714.2938228765236,735.5778314050883,702.160041140398,723.8685302734375,349160
2025-03-28,719.0873589639318,731.2585655967313,700.5995959802191,726.7146606445312,188024
2025-04-01,726.714654944387,743.7293531377159,715.0802054421499,737.2880249023438,96256
2025-04-02,770.7182913807347,836.3803939505867,744.2537177214027,821.4878540039062,1465680
2025-04-03,814.0102617211842,818.6290785206254,793.824820550896,803.848876953125,321124
2025-04-04,803.436958377848,806.3705312302582,777.2469820424928,783.7008666992188,143296
2025-04-07,768.6959526630458,783.9630518212577,746.2385277381808,776.5604248046875,122852
2025-04-08,766.7235919378072,787.9951036914464,766.7235919378072,782.2402954101562,83632
2025-04-09,786.4472304847816,790.3794666372055,762.2421445816844,768.9581298828125,100436
2025-04-11,783.700896232848,792.0022835535686,762.0298939838334,786.18505859375,168544
2025-04-15,798.4311859153408,814.2350424051278,786.6968939397245,810.2653198242188,81616
2025-04-16,809.1667886780008,818.9037540462334,799.7044800477317,809.5162963867188,74548
2025-04-17,806.4204876074949,828.990250247655,802.151178291678,816.0076293945312,130440
2025-04-21,813.6357948151646,827.6670605649863,799.6545109847282,810.939453125,64328
2025-04-22,810.1654546497017,841.1240113142819,802.0263258548479,829.2149658203125,181188
2025-04-23,828.8903728428817,829.4895463213447,809.0169527752254,817.8052368164062,30704
2025-04-24,808.9171102275462,839.1266689736983,808.9171102275462,828.2911987304688,105720
2025-04-25,820.7512513793847,830.9875482420096,789.3433453783729,797.9318237304688,49108
2025-04-28,797.931818583362,824.6210656057438,782.9518720517594,810.7396850585938,62664
2025-04-29,812.8119723292505,823.4726893980823,793.9372141768292,813.78564453125,87032
2025-04-30,848.8636682163092,854.2064916289522,805.1721558816462,815.4583740234375,307040
2025-05-02,823.3977232512449,847.5403914239035,810.7146897321029,835.356689453125,196032
2025-05-05,810.9144550780157,810.9144550780157,762.7289594406828,790.4168701171875,1211452
2025-05-06,787.9452080895417,823.6474149199614,772.9652611676873,802.0014038085938,826072
2025-05-07,785.9728446073638,855.8542701103918,785.9728446073638,850.536376953125,404500
2025-05-08,851.3603130735887,879.5725463220683,832.136047939669,842.8966674804688,230036
2025-05-09,818.8787472129108,859.3495935326375,814.1350975100868,857.3772583007812,239636
2025-05-12,893.3041602868211,893.3041602868211,867.0892534030547,870.93408203125,183532
2025-05-13,888.7851650603338,898.0727806220324,848.863632153143,888.3358154296875,139672
2025-05-14,888.3358549834464,893.0295229838473,867.413849986335,870.3099365234375,428440
2025-05-15,870.0852343050705,880.0718654018289,862.8948477246927,868.2377319335938,414832
2025-05-16,873.8552460437933,878.3242392526538,847.116015856809,850.1619262695312,114568
2025-05-19,856.9528022094363,856.9528022094363,838.7771821178923,841.8480224609375,98268
2025-05-20,843.8703358732994,867.5635939990874,843.8703358732994,852.8333129882812,115088
2025-05-21,855.8543222540737,858.3509801369619,844.6193617810768,855.1802368164062,36596
2025-05-22,851.3602859900436,866.6897400719016,846.7414691892178,854.7307739257812,62332
2025-05-23,854.7308184332976,854.7308184332976,843.870356741506,846.1922607421875,32636
2025-05-26,846.34201894672,859.6991384245972,844.7691732663793,849.562744140625,31364
2025-05-27,836.3803877421271,861.8462980554696,836.3803877421271,856.7281494140625,51420
2025-05-28,858.6006181322103,860.9974340036223,848.3893121031639,856.2537841796875,27132
2025-05-29,851.3853352798719,859.8239902231797,846.3171075496626,851.0357666015625,51536
2025-05-30,852.608666145797,855.3299988539738,844.6193609286182,849.66259765625,37684
2025-06-02,855.1053292262516,863.8686228210607,846.1423517626479,854.9555053710938,88260
2025-06-03,865.4664575320311,865.4664575320311,843.3960261667858,847.0661010742188,90584
2025-06-04,851.0856733227972,851.0856733227972,844.3696880623302,848.2894287109375,49488
2025-06-05,854.9305439070582,854.9305439070582,846.6166612300705,848.91357421875,75208
2025-06-06,849.0883528316949,852.5836738587712,844.419614793384,848.33935546875,61436
2025-06-09,850.086997518419,863.5939407182464,846.6166675269076,859.72412109375,128948
2025-06-10,868.8369359793105,881.7945659017155,851.0357532324705,867.7134399414062,542080
2025-06-11,877.0758823873363,923.7633831008096,875.2533100083444,918.3955688476562,314604
2025-06-12,920.0184084633015,930.7790280699002,909.4076127076189,914.3010864257812,143184
2025-06-13,906.2867820859386,916.2734132934972,889.8338315529098,910.5560913085938,100716
2025-06-16,915.0250905346005,930.404527078898,909.8320300811,923.4638061523438,91088
2025-06-17,934.2493842012552,934.2493842012552,903.1160724449081,906.3866577148438,123184
2025-06-18,913.776754546637,920.0183990449063,888.0611792137671,903.9898681640625,102628
2025-06-19,910.7807918629587,910.7807918629587,882.2190501837686,887.6867065429688,67324
2025-06-20,886.063846995186,910.0317617068056,872.956393637269,887.9363403320312,190612
2025-06-23,903.7901019936168,943.7366258386385,891.4066552202368,922.16552734375,283373
2025-06-24,915.8739198474643,928.6568565027225,894.9019943989782,902.3919677734375,140950
2025-06-25,891.8062005660911,901.7928321513778,873.8302637125753,877.5253295898438,107364
2025-06-26,877.9247302493693,882.1191275719768,844.76916320771,865.7410888671875,190827
2025-06-27,865.8409551752841,873.430770770021,849.8623446991543,855.454833984375,110542
2025-06-30,858.8502750596956,867.7384011248765,851.3603017306867,857.7517700195312,28235
2025-07-01,858.8503107107621,889.5592026344318,846.1672764897862,850.711181640625,184695
2025-07-02,861.8462733212415,872.8315676509445,810.914454156255,820.05224609375,291962
2025-07-03,822.3491340208813,831.2871808711108,793.3379834340515,796.2340698242188,148827
2025-07-04,795.5349967650773,808.2180302570198,783.8007054037022,789.4431762695312,149499
2025-07-07,792.9385260446185,797.2826862832121,787.9452103894257,791.7900390625,61918
2025-07-08,795.9344895785459,795.9344895785459,775.3620541289554,784.7494506835938,108061
2025-07-09,784.949200767971,797.9318211369068,784.949200767971,793.1881713867188,41034
2025-07-10,794.736128465632,796.8832786354598,784.0004995236168,787.2461547851562,33364
2025-07-11,779.3067733053014,779.3067733053014,747.4993760088608,764.1770629882812,277726
2025-07-14,766.9732521368478,774.3633833747978,753.9906319834897,765.2755126953125,53211
2025-07-15,765.9247047281748,779.4066570709035,765.9247047281748,777.6589965820312,99503
2025-07-16,783.7507963986617,788.6941909829991,776.0111572975306,783.25146484375,61966
2025-07-17,783.2514937523688,801.9265067860437,768.9706229455213,784.5497436523438,185153
2025-07-18,788.6442581260809,790.3919185419185,767.5225092903927,786.29736328125,55627
2025-07-21,783.9505535794287,783.9505535794287,767.0232014101546,774.9625854492188,61067
2025-07-22,769.9692946275597,772.3661105875916,757.9853367345238,760.4819946289062,114891
2025-07-23,755.3887934651489,766.573771425911,753.5412301574177,762.7289428710938,43959
2025-07-24,772.2162425339944,854.8556141081141,761.9799457529101,806.2706298828125,1344680
2025-07-25,815.9077977053271,816.6068741045997,776.8101108022823,802.97509765625,328304
2025-07-28,805.272005804742,808.9171506799713,788.943887700219,794.536376953125,239231
2025-07-29,794.5363565232872,800.8779039284357,782.2528122972973,795.9345092773438,115979
2025-07-30,802.9751033830271,816.906466686548,793.5877062304046,804.0736694335938,214548
2025-07-31,798.9304756680898,799.3798862513647,782.0530449881782,789.4431762695312,100814
2025-08-01,788.9438864491859,788.9438864491859,768.6211157809383,779.3067626953125,139496
2025-08-04,782.9518753357538,798.3812325187326,772.0165021311052,781.6536254882812,140067
2025-08-05,781.4539203278571,793.9372097899634,771.667033580278,790.3919677734375,93279
2025-08-06,783.451230190861,795.7846955390188,773.165012080788,781.8533935546875,99212
2025-08-07,774.9625947112636,780.8547316040235,763.3281447777953,769.2702026367188,61704
2025-08-08,773.3647797849424,779.955932296161,753.9906899918075,759.4833374023438,36261
2025-08-11,754.9893391337299,761.6304734427196,747.5492864978506,755.6884155273438,32821
2025-08-12,759.6830453466143,760.1324559400081,732.1698886620204,748.1484985351562,71776
2025-08-13,749.9960370038007,751.8435394778445,734.0174263619087,739.0107421875,24471
2025-08-14,742.9055090225426,745.0026771639667,732.069977749028,740.2091064453125,26398
2025-08-18,752.992000264796,775.911331296459,749.996010873822,766.074462890625,176531
2025-08-19,769.969255393899,780.954549569428,760.3321320312159,774.3134155273438,99393
2025-08-20,771.0178819080928,774.2136162166943,757.0365976423286,758.93408203125,114579
2025-08-21,758.9839774816031,759.9826406098684,750.2955960749833,751.8934936523438,70618
2025-08-22,755.8381500202848,755.8381500202848,743.0552744097918,746.0013427734375,30635
2025-08-25,745.1025331396098,758.9839749577612,743.6545203712883,747.1498413085938,59081
2025-08-26,744.0040200709582,748.9973356419042,733.2683915934242,738.161865234375,42888
2025-08-28,737.0133874573568,746.900176792477,730.0227455709048,732.469482421875,105040
2025-08-29,736.3143362084256,747.0000442188461,734.0174231294811,741.6072387695312,97312
2025-09-01,745.3023010609515,749.6964433283568,737.7624064245836,747.3495483398438,132255
2025-09-02,747.0000236265122,758.4347286922557,736.2144739787666,743.00537109375,465945
2025-09-03,743.0053649586505,749.0472646738523,738.0120493339283,747.1498413085938,101015
2025-09-04,753.9906386701591,755.1890465779625,745.3022575305331,748.5479125976562,671863
2025-09-05,744.5033336064726,748.3981440389556,732.6192184538663,745.3521728515625,204460
2025-09-08,745.3522255599325,748.4980388973636,736.5640019370401,742.6558837890625,205186
2025-09-09,748.4480823472263,749.1970796820951,739.0107037371682,747.5991821289062,68823
2025-09-10,744.0040280835949,750.1957516489623,739.6098859524154,747.1498413085938,285108
2025-09-11,746.1512045635899,748.9973701888828,742.1565519225825,744.7530517578125,41099
2025-09-12,748.7476699732449,749.0971776818387,734.9661311861231,736.0646362304688,70265
2025-09-15,737.0133819494137,744.5033553432085,717.8390378705868,728.2251586914062,170351
2025-09-16,735.5153661993746,748.6478102216963,732.0200453824054,738.0120239257812,287926
2025-09-17,741.7071391122433,742.1065678030234,736.0147469249607,738.9608154296875,242065
2025-09-18,742.7057905459299,742.7057905459299,736.0646562733368,738.8609008789062,84971
2025-09-19,739.010704513261,754.4400618184726,726.0280840285685,737.1132202148438,97120
2025-09-22,729.5233907033945,739.1105320314205,729.5233907033945,735.41552734375,83688
2025-09-23,741.0080617764322,741.0080617764322,714.5434881415597,721.6339721679688,168122
2025-09-24,724.0307476730028,724.0307476730028,711.0481273699006,716.0414428710938,332539
2025-09-25,718.8376985890764,725.9282432836578,713.5947172309299,721.38427734375,37365
2025-09-26,726.028085198798,726.028085198798,710.8483936476711,722.4329223632812,58909
2025-09-29,716.2411912271444,724.2304960685993,701.7106552374601,706.104736328125,64865
2025-09-30,699.0641877805344,720.0361134139505,699.0641877805344,708.85107421875,51299
2025-10-01,711.6473287866967,728.0753496212701,708.3517526172421,725.728515625,88232
2025-10-03,777.9585722162786,866.2404166027334,755.6883967812871,841.5734252929688,9994038
2025-10-06,841.7731715443571,858.5506998357157,809.2167171320128,824.7958984375,851177
2025-10-07,823.7972211632333,836.8297625159845,804.2233876982341,818.9037475585938,387470
2025-10-08,818.8538654027998,838.7772075179967,812.0129862250127,834.9822387695312,206181
2025-10-09,839.7758603748508,855.0553942546576,830.987575963599,850.1119995117188,246509
2025-10-10,854.2564640714648,858.550703331147,838.8271065531737,852.1093139648438,139916
2025-10-13,848.8636872008232,884.8155610116816,839.9755606828251,880.1717529296875,451943
2025-10-14,882.3189011925073,886.8128854091074,860.8476432687506,872.2823486328125,187200
2025-10-15,867.8382707929379,877.3255706462555,856.8529762259387,873.7304077148438,113361
2025-10-16,875.8275785154299,881.470049668362,865.9907709146685,876.3768310546875,110968
2025-10-17,879.8222034136974,879.8222034136974,847.8150628014479,856.2037963867188,127327
2025-10-20,860.4481286077204,871.8329126735412,856.1538893385283,863.14453125,121417
2025-10-21,871.6331439519168,874.8288780716575,867.2390628716373,870.2849731445312,16003
2025-10-23,873.7803290996513,876.3768288898518,858.0513845984618,869.5360107421875,123532
2025-10-24,868.8369030102837,868.8369030102837,848.0647225773013,860.3482666015625,82315
2025-10-27,856.8529649950883,856.8529649950883,834.8823761490604,839.5261840820312,91735
2025-10-28,838.8770474726309,847.0161765408435,824.6960185270241,827.0928344726562,43206
2025-10-29,823.8970743008468,835.7312078957443,819.6028350739907,825.2952270507812,46665
2025-10-30,823.8970762670142,838.7771811773817,819.4530131800741,836.3304443359375,44500
2025-10-31,839.8756721722298,840.3250827606555,825.1953123228595,828.3411254882812,96674
2025-11-03,824.8957166661623,839.5261553928146,822.9982324037878,831.936279296875,35197
2025-11-04,833.8337752616318,845.5680667953563,827.6919727583014,830.987548828125,46527
2025-11-06,861.9960727999658,861.9960727999658,815.8079047650268,818.8038940429688,214228
2025-11-07,811.3139642836876,828.8904112738533,801.2274299358089,816.5569458007812,45973
2025-11-10,816.5569502413081,820.1021922385767,737.6625612693387,776.7102661132812,909190
2025-11-11,784.4998179574346,788.943881124099,755.9879974822062,774.0138549804688,233058
2025-11-12,775.5118415920082,848.863660698361,775.5118415920082,831.1373901367188,535096
2025-11-13,828.8904138271616,880.820897585008,825.8944243795936,845.967529296875,236263
2025-11-14,843.0714353182516,844.8190958139554,829.2898961714134,833.8338012695312,50668
2025-11-17,833.8337855666736,851.3103901945906,828.1413935828687,847.864990234375,219617
2025-11-18,846.5667476895362,850.1119896111527,826.293898336511,831.1373901367188,136976
2025-11-19,829.8890620740456,842.3224302488994,810.6148758315096,821.7000122070312,105388
2025-11-20,825.9942404649865,825.9942404649865,805.4218046168903,813.2113647460938,64421
2025-11-21,812.9117793642241,812.9117793642241,791.9398538523707,796.433837890625,43033
2025-11-24,798.9304754513411,811.4636850942724,784.9491921309426,793.6375732421875,117045
2025-11-25,795.9345281682504,797.6821886755207,765.0758125441673,782.4525756835938,407701
2025-11-26,782.4525632800377,795.7347707340283,782.0031526802943,790.741455078125,92066
2025-11-27,790.7414555630072,794.4864423072311,780.0058268962322,785.4984741210938,44677
2025-11-28,785.4984482440186,788.1449298375098,776.6103832360009,781.6036987304688,54513
2025-12-01,784.3500331067772,802.2260662522173,777.2594884343744,792.1895141601562,103228
2025-12-02,791.9398459988184,791.9398459988184,780.455220237171,784.300048828125,36171
2025-12-03,784.3000437886342,785.1489439985671,769.2701762748072,772.715576171875,41329
2025-12-04,772.7156037647554,790.8912850844092,770.5185326683471,787.6456298828125,32441
2025-12-05,786.946550365645,786.946550365645,756.9866563161914,759.2835693359375,106071
2025-12-08,759.2835619461116,763.0784696313958,732.4694814142465,744.0040283203125,56691
2025-12-09,739.010701185683,748.8974903532394,731.9701384529367,743.9041748046875,83589
2025-12-10,743.005394699096,748.4481211386124,734.5167577972918,740.059326171875,45426
2025-12-11,740.0593052130743,749.3968421127531,726.0281003340567,746.700439453125,98388
2025-12-12,746.7004467764119,770.9679490439484,745.9514494165894,759.8828125,110169
2025-12-15,754.7895917794748,758.4347366352193,747.0499524161922,751.9933471679688,69014
2025-12-16,748.9973344721603,760.9812918237149,745.2024268348798,753.8908081054688,29501
2025-12-17,755.9879586233355,766.9233316422182,748.5479064171103,756.8867797851562,78020
2025-12-18,756.886800400045,762.4792894711932,747.9986742814979,753.3914794921875,70955
2025-12-19,751.9933636366794,756.1378401550131,730.272439786616,736.91357421875,74321
2025-12-22,736.9135273794801,746.4008268488953,732.3695615023345,741.7570190429688,117007
2025-12-23,734.7663718765366,742.6558347055638,733.7177878178832,736.464111328125,90687
2025-12-24,737.0134150581249,750.9447783871311,731.0214360739125,745.3023071289062,107901
2025-12-26,745.0026861582533,745.0026861582533,734.0173918583326,737.6625366210938,27190
2025-12-29,736.5140418296731,740.009362706153,719.2871032241655,724.4801635742188,68307
2025-12-30,724.4801495535672,725.029402061387,711.0980397897439,713.3450317382812,26631
2025-12-31,709.4003551406953,719.0374790679616,704.0575315873791,714.34375,285143
2026-01-01,714.9928927676867,715.0428137343581,692.1234823045348,696.9170532226562,141044
2026-01-02,696.9170642338609,708.0521828877804,688.5283302329976,702.2599487304688,217249
2026-01-05,714.0441635566359,740.8083242097247,699.0142951018555,734.8163452148438,412931
2026-01-06,740.1591794396794,740.1591794396794,677.0935804216389,694.520263671875,575538
2026-01-07,693.0722261682359,698.3152077062522,678.6914524253956,682.2367553710938,133803
2026-01-08,685.1827762097691,688.0789237827325,665.1096708843249,669.7534790039062,102601
2026-01-09,673.2987178056276,673.2987178056276,642.1903358449908,648.7315673828125,87720
2026-01-12,649.13100287763,649.180923840986,621.967354874193,623.6151733398438,112190
2026-01-13,623.3655225206958,630.1064984814894,609.8336496345551,616.9241333007812,235640
2026-01-14,618.1724477995084,618.4221135700252,607.2370748601627,613.1292114257812,181321
2026-01-15,613.1292114257812,613.1292114257812,613.1292114257812,613.1292114257812,0
2026-01-16,620.1698185145187,622.8662212205115,601.6945501690782,608.7850341796875,67905
2026-01-19,608.7850410746562,608.835022995762,599.1978990709459,600.4462280273438,46192
2026-01-20,599.6971814553119,602.6931707048806,589.2112190818219,597.4002685546875,113493
2026-01-21,589.2112321266342,594.6539582412275,560.4497468847238,573.3824462890625,124948
2026-01-22,573.382437356013,597.2005276649043,549.7640309022237,576.9776000976562,1129373
2026-01-23,587.2139267380261,614.1778315372212,567.3405058564543,573.0328979492188,452035
2026-01-27,573.3324791307799,579.2246159851564,557.3538690346376,570.8858032226562,301922
2026-01-28,574.2313136975952,609.1845240965793,574.2313136975952,606.6878662109375,148225
2026-01-29,609.1845180275255,612.0806655274415,595.4528997932986,608.735107421875,153543
2026-01-30,611.3316799502638,638.3954273011195,607.037379584137,631.40478515625,199083
2026-02-02,609.1345627018268,609.1345627018268,587.2138957300365,597.9495239257812,65299
2026-02-03,607.9861285704645,634.550605589789,602.9428917289105,622.017333984375,128075
2026-02-04,622.0173002014192,622.0173002014192,606.8875904984806,609.1345825195312,61360
2026-02-05,612.3802296935489,612.3802296935489,594.2045489468169,597.0007934570312,55284
2026-02-06,594.8537225342812,599.6972143721827,583.2691935612834,588.7618408203125,141664
2026-02-09,590.6593185240475,634.1011645389264,590.6593185240475,631.2050170898438,127842
2026-02-10,629.157748294934,659.1176410708832,625.4626826618554,655.6722412109375,158080
2026-02-11,659.0677652796544,660.1662703753079,632.8528573039218,645.0365600585938,78695
2026-02-12,645.0365288499936,645.0365288499936,627.3601795651593,633.7515869140625,65655
2026-02-13,628.1591110447071,628.1591110447071,606.2384430711153,616.0253295898438,235340
2026-02-16,615.2264062596412,615.5759749256943,604.141269948266,607.586669921875,120006
2026-02-17,607.586643571656,624.1644263542007,604.0413408671184,612.0806274414062,115727
2026-02-18,616.125239763568,616.125239763568,598.1992241123925,602.4435424804688,140565
2026-02-19,602.4435565538306,605.2897222033686,577.2273115426673,583.668701171875,136623
2026-02-20,580.0734727063507,580.1733755945916,569.2879227578741,573.1328125,95633
2026-02-23,579.7738859487523,582.0208780610834,569.1880808231953,573.1328125,90498
2026-02-24,573.1327983893817,579.0747952884035,562.8465193211108,568.2892456054688,130652
2026-02-25,572.2838921026107,579.6241026500646,565.4929950372464,570.3364868164062,68207
2026-02-26,570.2366705587635,579.1247971608068,569.7373389733356,574.2313232421875,45225
2026-02-27,577.1773704120916,577.1773704120916,549.3146445956359,553.0596313476562,121656
2026-03-02,540.676219457766,558.7020759798878,533.3360091992422,553.3591918945312,64034
2026-03-04,553.1595058549601,553.1595058549601,526.3453655139784,537.0809936523438,96066
2026-03-05,534.2847822646224,536.1822666204446,516.4086875980826,525.2968139648438,219033
2026-03-06,529.4412764834735,562.796588058482,512.4640034744481,516.2589111328125,196110
2026-03-09,514.3115180599532,514.3115180599532,496.6351682582484,510.06719970703125,62293
2026-03-10,517.7069933474007,525.6463165044588,505.4733394720225,518.955322265625,123750
2026-03-11,524.2981469660933,544.2714097076588,519.4546551326879,535.2335205078125,142295
2026-03-12,535.2834216297435,535.2834216297435,516.9579781251487,526.1456298828125,128629
2026-03-13,528.2928187417057,531.3387292299386,517.4073657699505,519.6543579101562,146185
2026-03-16,519.3048240806628,523.8487291006566,500.57989052006195,519.9539794921875,101785
2026-03-17,526.2455458445452,526.2455458445452,504.7742886596938,509.4679870605469,70905
2026-03-18,510.31688359500765,531.6383180487163,506.6218176483234,526.4952392578125,38078
2026-03-19,521.7016409258714,521.7016409258714,501.3288887927118,508.4194030761719,97717
2026-03-20,511.11578097260883,520.9526494373961,505.3235469727245,509.5179443359375,121990
2026-03-23,509.5179483955262,509.5179483955262,492.64051687599647,498.53265380859375,112400
2026-03-24,504.9240698520138,513.8620863179679,491.09257981079224,497.0346374511719,92842
2026-03-25,502.32755807042605,514.2615947520758,494.2383805628027,504.27496337890625,201739
2026-03-27,502.17776443740036,505.7230063823435,488.0966081131036,491.94146728515625,115090
2026-03-30,495.33689627541025,495.33689627541025,457.2878261718021,476.5620422363281,151346
2026-04-01,474.41491757086027,502.12782000404343,474.41491757086027,482.5540466308594,132535
2026-04-02,504.3248861233459,567.839837499238,499.33157041915433,544.1715698242188,18304855
2026-04-06,538.9784853222382,637.246897436674,531.6382749915027,611.6312255859375,45275280
2026-04-07,615.8755800990032,650.7288876488044,605.3396960007055,626.1118774414062,27847489
2026-04-08,644.1377329019521,649.1310486608819,601.7943908848023,620.3196411132812,6597709
2026-04-09,622.6165215913392,634.151068200174,604.4907619534857,627.909423828125,2501970
2026-04-10,629.1577736775896,629.2576156094476,616.8742293345963,621.268310546875,672788
2026-04-13,608.2857080329946,615.9754265766721,599.1978976336426,611.9807739257812,451503
2026-04-15,623.1657720812958,625.1630982738641,605.6891678963236,612.6798095703125,326133
2026-04-16,615.1764997030884,616.6245734596603,595.2032367257154,610.3330078125,604159
2026-04-17,615.0766515682566,624.1145407836831,604.0913570414581,613.4288330078125,302932
2026-04-20,616.1751569747925,654.2241982023464,607.7863622228848,639.1444091796875,2238707
2026-04-21,644.2375720743179,655.6223563373042,624.9134645515127,644.4373168945312,1056028
2026-04-22,642.140406664168,660.1163433981571,635.1996855678321,644.986572265625,650758
2026-04-23,648.2321995947998,657.9192439416807,624.1644430521332,626.9107666015625,330229
2026-04-24,630.5559239260652,638.1457393237658,611.6312454439834,616.524658203125,224766
2026-04-27,620.1697871292488,641.1417122978706,616.6744662678118,636.8474731445312,322523
2026-04-28,632.1537390471357,635.8488046888338,625.1630973831074,628.4087524414062,180726
2026-04-29,631.5045832247066,657.5697265549974,630.6557439760749,636.7975463867188,472767
2026-04-30,636.6477627984467,638.1457575344431,610.3829339513566,615.6259155273438,363852
2026-05-04,619.4208012695543,638.4453215483063,619.4208012695543,634.8501586914062,262056
2026-05-05,634.850174487963,634.850174487963,612.1805088693011,622.9161376953125,380836
2026-05-06,626.0619454247324,654.1243552135377,625.1631242193505,649.63037109375,377528
2026-05-07,652.4265999361745,673.5483491706269,645.485879105815,664.7101440429688,709737
2026-05-08,669.1042996107635,688.9777203537611,642.1903159655587,676.8938598632812,1723813
2026-05-11,669.1043165541212,669.1043165541212,637.1470954649691,655.5225219726562,630615
2026-05-12,655.5224731750847,655.5224731750847,635.3494666735384,640.9419555664062,297952
2026-05-13,646.1350558717266,655.4226109447038,633.0026111120746,649.6802978515625,277327
2026-05-14,659.0677469397986,662.1136573053176,643.6883103072403,650.1296997070312,311645
2026-05-15,646.484576373747,651.9772237888293,637.696352700328,640.3428344726562,109096
2026-05-18,635.14973067193,645.0864406931223,616.3249556458597,638.3953857421875,163342
2026-05-19,638.0957991605421,649.8800115355148,633.1524046308357,636.2982177734375,114233
2026-05-20,617.1738150954149,635.2995753085246,611.1818363080807,632.8029174804688,134168
2026-05-21,635.1497395485086,645.086449708572,630.1564239860203,635.8488159179688,81827
2026-05-22,635.8987163342928,643.7381971326488,629.0079166993063,640.3927001953125,153947
2026-05-25,642.090464436399,661.114984659219,642.090464436399,657.9192504882812,157282
2026-05-26,662.113659008546,669.1043009588626,653.3753565706505,663.2621459960938,222719
2026-05-27,666.2081621431148,669.2041515893352,654.2242043582332,663.861328125,99818
2026-05-28,663.861328125,663.861328125,663.861328125,663.861328125,0
2026-05-29,665.1595661957299,680.1894341262039,657.6695927134112,665.858642578125,191939
2026-06-01,675.0962724248209,694.0708717977078,665.9085594851321,678.9411010742188,373505
2026-06-02,671.1515287380802,693.0721961231778,666.2581160868674,689.3272094726562,214275
2026-06-03,692.8225248371067,692.9223667655698,679.1907491561857,684.0343017578125,288991
2026-06-04,682.9857184065955,688.1287967989724,665.6089560868216,671.4511108398438,168538
2026-06-05,672.0503486429473,682.5363112445499,661.36464122965,664.6602172851562,96278
2026-06-08,663.0623756795928,664.9597989924325,640.1929663687391,652.0271606445312,156022
2026-06-09,654.124354215021,696.0682059356789,654.124354215021,690.0263061523438,181978
2026-06-10,690.0262944856303,707.7026438883258,681.1880893075028,689.9263916015625,222765
2026-06-11,689.0775661684345,703.058850119678,674.3972058289165,696.8671264648438,103363
2026-06-12,704.9563209284155,719.8363648472135,695.868449962488,718.7877807617188,138280
2026-06-15,723.9808546109414,751.9933434615251,722.1832731519447,730.9714965820312,233103
2026-06-16,732.7191512689719,733.0187380175041,708.0521597471532,730.9215698242188,250395
2026-06-17,730.9714907530675,769.2701974364243,727.2265040127043,762.9287109375,610230
2026-06-18,765.9746247037858,795.9345187599964,760.2323116763454,788.1449584960938,374651
2026-06-19,788.1449806498885,801.9265201124155,772.0165461815202,796.7334594726562,168516
2026-06-22,803.773982982934,803.773982982934,766.0245294615594,777.5091552734375,221999
2026-06-23,772.6656938642577,779.7062569039945,759.1837412953125,765.1757202148438,125249
2026-06-24,765.9746113985167,791.9398524628732,759.9826326913575,777.0098266601562,159076
2026-06-25,777.0597251461771,781.104359419352,749.9460588527747,761.0811157226562,96632
2026-06-26,761.0811157226562,761.0811157226562,761.0811157226562,761.0811157226562,0
2026-06-29,750.9946577676324,770.9679199423034,750.9946577676324,754.39013671875,123734
2026-06-30,761.8801112275462,783.1516232861755,760.9812900468546,778.0084838867188,130122
2026-07-01,769.9692765316737,800.8279917624218,769.9193555656717,795.485107421875,256732
2026-07-02,803.8738790694067,823.347809629236,781.7534668982286,788.9937744140625,503626
2026-07-03,792.1395842209907,799.7293994102055,791.0410182373159,796.8333129882812,79705
2026-07-06,803.8240013677303,803.8240013677303,786.5470799475778,798.2813720703125,97857
2026-07-07,798.2813563977444,798.2813563977444,774.8127726130313,781.3540649414062,81927
2026-07-08,774.9625875764475,800.9278289127718,766.324127135054,783.900634765625,174151
2026-07-09,780.5051445207364,790.6415995088023,775.9612395429534,778.5577392578125,93665
2026-07-10,777.4093541009038,791.3906384309734,771.7668828291293,776.8101196289062,82404
2026-07-13,776.9598859384192,778.9572121233509,763.9772657363634,766.8734130859375,35828
2026-07-14,763.9773111845476,766.6237929184415,741.0579796582988,748.8975219726562,191957
2026-07-15,752.992005023217,762.6790496392941,740.5087158152724,746.700439453125,67566
2026-07-16,747.0,756.9866310160428,741.557273905545,747.0,61103
2026-07-17,748.0,753.9500122070312,733.7999877929688,746.2000122070312,79114
2026-07-20,743.0999755859375,798.0,737.4000244140625,785.0999755859375,185874
2026-07-21,781.2000122070312,782.5,771.5999755859375,774.2000122070312,110176
2026-07-22,774.25,778.8499755859375,765.0999755859375,768.8499755859375,42239
2026-07-23,765.0999755859375,770.0,752.0999755859375,759.7000122070312,53932
2026-07-24,758.0,792.2999877929688,715.0,724.6500244140625,1110278
2026-07-27,724.6500244140625,725.4000244140625,682.6500244140625,714.9500122070312,258775
2026-07-28,722.4500122070312,727.0,708.5,714.1500244140625,106258
2026-07-29,718.4500122070312,757.2000122070312,712.1500244140625,748.0,170102
2026-07-30,725.75,768.25,725.75,764.2000122070312,144069
2026-07-31,755.7000122070312,783.0,745.7000122070312,779.0999755859375,100475
2026-08-03,782.9000244140625,786.0,765.7999877929688,777.9500122070312,104165
2026-08-04,781.9500122070312,785.0,770.0,775.3499755859375,47498
2026-08-05,785.0,811.5499877929688,775.5,807.0499877929688,235276
2026-08-06,807.0999755859375,823.25,806.0,813.9000244140625,146279
