Datetime,Open,High,Low,Close,Volume
2023-08-28 09:15:00,3663.949951171875,3720.0,3645.199951171875,3659.89990234375,28574
2023-08-28 13:15:00,3658.25,3674.800048828125,3649.199951171875,3650.14990234375,19199
2023-08-29 09:15:00,3661.949951171875,3700.35009765625,3656.0,3681.0,66339
2023-08-29 13:15:00,3680.5,3683.949951171875,3640.60009765625,3675.14990234375,23991
2023-08-30 09:15:00,3675.199951171875,3700.0,3657.199951171875,3699.35009765625,29268
2023-08-30 13:15:00,3699.35009765625,3700.0,3692.64990234375,3699.89990234375,18299
2023-08-31 09:15:00,3707.050048828125,3707.14990234375,3672.75,3697.14990234375,18960
2023-08-31 13:15:00,3699.89990234375,3700.0,3656.0,3692.699951171875,66038
2023-09-01 09:15:00,3708.050048828125,3739.0,3682.699951171875,3725.0,30746
2023-09-01 13:15:00,3725.0,3725.5,3680.050048828125,3680.14990234375,15681
2023-09-04 09:15:00,3705.60009765625,3706.75,3632.050048828125,3635.35009765625,17971
2023-09-04 13:15:00,3638.85009765625,3643.14990234375,3602.050048828125,3605.0,24005
2023-09-05 09:15:00,3619.0,3679.0,3590.0,3675.0,17504
2023-09-05 13:15:00,3675.0,3706.0,3665.050048828125,3680.35009765625,21695
2023-09-06 09:15:00,3689.050048828125,3689.050048828125,3596.050048828125,3617.949951171875,16275
2023-09-06 13:15:00,3617.949951171875,3668.800048828125,3612.050048828125,3640.0,15454
2023-09-07 09:15:00,3639.050048828125,3656.10009765625,3602.25,3650.050048828125,17639
2023-09-07 13:15:00,3650.0,3666.199951171875,3635.60009765625,3656.5,14972
2023-09-08 09:15:00,3672.300048828125,3695.89990234375,3644.10009765625,3689.25,17355
2023-09-08 13:15:00,3689.25,3739.949951171875,3668.449951171875,3723.14990234375,27635
2023-09-11 09:15:00,3743.0,3775.0,3707.0,3770.25,19567
2023-09-11 13:15:00,3769.25,3824.0,3750.0,3801.60009765625,31014
2023-09-12 09:15:00,3801.60009765625,3808.949951171875,3666.64990234375,3690.0,13233
2023-09-12 13:15:00,3690.25,3700.0,3666.550048828125,3683.199951171875,16450
2023-09-13 09:15:00,3660.949951171875,3765.0,3581.0,3606.300048828125,25712
2023-09-13 13:15:00,3606.10009765625,3657.14990234375,3605.0,3630.050048828125,30806
2023-09-14 09:15:00,3635.25,3683.949951171875,3605.050048828125,3610.25,24498
2023-09-14 13:15:00,3608.050048828125,3617.949951171875,3581.0,3585.0,22707
2023-09-15 09:15:00,3642.0,3642.0,3535.35009765625,3538.0,31768
2023-09-15 13:15:00,3535.050048828125,3755.0,3527.10009765625,3688.300048828125,603030
2023-09-18 09:15:00,3670.0,3670.0,3612.050048828125,3637.39990234375,4828
2023-09-18 13:15:00,3637.89990234375,3667.89990234375,3606.0,3610.5,15420
2023-09-20 09:15:00,3601.0,3629.0,3542.75,3554.949951171875,29769
2023-09-20 13:15:00,3554.800048828125,3577.39990234375,3550.0,3557.0,20092
2023-09-21 09:15:00,3527.050048828125,3558.0,3511.050048828125,3537.75,10273
2023-09-21 13:15:00,3537.35009765625,3583.10009765625,3534.800048828125,3550.199951171875,13452
2023-09-22 09:15:00,3558.050048828125,3564.60009765625,3480.0,3500.050048828125,23241
2023-09-22 13:15:00,3500.050048828125,3503.85009765625,3456.89990234375,3491.85009765625,17467
2023-09-25 09:15:00,3490.949951171875,3490.949951171875,3404.0,3413.5,14734
2023-09-25 13:15:00,3413.300048828125,3420.800048828125,3365.75,3380.800048828125,33051
2023-09-26 09:15:00,3392.35009765625,3431.35009765625,3372.60009765625,3412.60009765625,21696
2023-09-26 13:15:00,3411.35009765625,3415.0,3389.39990234375,3404.14990234375,11276
2023-09-27 09:15:00,3415.0,3425.0,3390.25,3424.10009765625,3502
2023-09-27 13:15:00,3424.75,3449.0,3412.050048828125,3440.550048828125,13259
2023-09-28 09:15:00,3440.64990234375,3538.0,3440.64990234375,3510.60009765625,14155
2023-09-28 13:15:00,3510.75,3517.300048828125,3460.0,3501.25,12546
2023-09-29 09:15:00,3519.0,3548.89990234375,3479.949951171875,3544.949951171875,9093
2023-09-29 13:15:00,3544.949951171875,3547.949951171875,3500.0,3512.699951171875,16446
2023-10-03 09:15:00,3512.0,3598.0,3503.800048828125,3575.050048828125,23645
2023-10-03 13:15:00,3577.5,3580.0,3513.35009765625,3550.0,33154
2023-10-04 09:15:00,3530.0,3554.550048828125,3511.699951171875,3550.199951171875,21636
2023-10-04 13:15:00,3550.0,3553.75,3496.800048828125,3504.699951171875,23659
2023-10-05 09:15:00,3514.10009765625,3560.0,3475.0,3478.949951171875,46399
2023-10-05 13:15:00,3479.0,3480.800048828125,3446.199951171875,3448.0,15060
2023-10-06 09:15:00,3457.0,3457.0,3411.0,3427.0,11618
2023-10-06 13:15:00,3429.75,3449.050048828125,3406.0,3443.300048828125,24274
2023-10-09 09:15:00,3422.300048828125,3427.89990234375,3399.0,3412.949951171875,7317
2023-10-09 13:15:00,3414.89990234375,3427.199951171875,3405.0,3410.5,17140
2023-10-10 09:15:00,3419.64990234375,3433.35009765625,3403.050048828125,3409.550048828125,14193
2023-10-10 13:15:00,3409.10009765625,3469.949951171875,3399.949951171875,3463.050048828125,22018
2023-10-11 09:15:00,3451.0,3477.14990234375,3408.0,3426.800048828125,51306
2023-10-11 13:15:00,3428.0,3440.5,3425.0,3430.60009765625,17847
2023-10-12 09:15:00,3440.0,3450.050048828125,3367.60009765625,3371.64990234375,73961
2023-10-12 13:15:00,3371.300048828125,3381.199951171875,3356.449951171875,3372.0,36305
2023-10-13 09:15:00,3385.14990234375,3398.449951171875,3365.0,3375.35009765625,8711
2023-10-13 13:15:00,3375.35009765625,3400.0,3373.0,3375.0,19398
2023-10-16 09:15:00,3380.699951171875,3423.949951171875,3380.699951171875,3413.25,18757
2023-10-16 13:15:00,3412.949951171875,3475.0,3406.449951171875,3465.0,23055
2023-10-17 09:15:00,3469.050048828125,3492.550048828125,3452.300048828125,3470.35009765625,10542
2023-10-17 13:15:00,3474.300048828125,3527.14990234375,3469.64990234375,3491.550048828125,17485
2023-10-18 09:15:00,3523.0,3585.0,3495.0,3500.0,29412
2023-10-18 13:15:00,3501.75,3532.0,3483.85009765625,3513.449951171875,20580
2023-10-19 09:15:00,3509.550048828125,3581.699951171875,3501.550048828125,3561.0,22588
2023-10-19 13:15:00,3560.800048828125,3572.699951171875,3525.0,3537.449951171875,13138
2023-10-20 09:15:00,3524.0,3594.89990234375,3470.0,3471.14990234375,48237
2023-10-20 13:15:00,3471.14990234375,3480.25,3430.0,3469.699951171875,48277
2023-10-23 09:15:00,3484.75,3503.0,3423.75,3439.75,10626
2023-10-23 13:15:00,3439.449951171875,3447.89990234375,3380.0,3407.699951171875,6090
2023-10-25 09:15:00,3425.60009765625,3431.449951171875,3340.050048828125,3405.050048828125,13586
2023-10-25 13:15:00,3404.5,3478.0,3366.10009765625,3478.0,26431
2023-10-26 09:15:00,3401.0,3443.0,3350.10009765625,3430.0,7598
2023-10-26 13:15:00,3430.0,3455.0,3399.449951171875,3428.550048828125,22145
2023-10-27 09:15:00,3420.050048828125,3519.89990234375,3420.050048828125,3483.800048828125,13422
2023-10-27 13:15:00,3483.800048828125,3552.85009765625,3480.10009765625,3550.10009765625,17677
2023-10-30 09:15:00,3553.60009765625,3569.85009765625,3456.10009765625,3462.60009765625,7943
2023-10-30 13:15:00,3462.949951171875,3502.0,3458.64990234375,3480.0,9071
2023-10-31 09:15:00,3494.699951171875,3560.0,3461.0,3552.300048828125,9873
2023-10-31 13:15:00,3550.85009765625,3560.0,3501.10009765625,3515.550048828125,15198
2023-11-01 09:15:00,3532.10009765625,3635.800048828125,3484.25,3631.0,58624
2023-11-01 13:15:00,3632.0,3729.85009765625,3620.14990234375,3665.050048828125,92188
2023-11-02 09:15:00,3689.949951171875,3783.60009765625,3655.0,3750.199951171875,47282
2023-11-02 13:15:00,3749.35009765625,3763.800048828125,3701.300048828125,3709.0,26100
2023-11-03 09:15:00,3722.949951171875,3785.0,3710.0,3760.0,13656
2023-11-03 13:15:00,3761.0,3796.0,3751.300048828125,3764.89990234375,14589
2023-11-06 09:15:00,3783.5,3825.0,3730.699951171875,3755.0,29673
2023-11-06 13:15:00,3755.0,3762.300048828125,3618.050048828125,3635.0,55513
2023-11-07 09:15:00,3637.39990234375,3647.050048828125,3542.64990234375,3564.75,66427
2023-11-07 13:15:00,3564.75,3587.699951171875,3547.300048828125,3556.0,52233
2023-11-08 09:15:00,3555.0,3581.800048828125,3456.050048828125,3559.5,41411
2023-11-08 13:15:00,3559.5,3622.39990234375,3555.0,3608.0,22264
2023-11-09 09:15:00,3608.0,3636.0,3543.25,3603.199951171875,19230
2023-11-09 13:15:00,3605.39990234375,3627.0,3598.10009765625,3611.14990234375,16142
2023-11-10 09:15:00,3609.949951171875,3638.800048828125,3587.64990234375,3625.14990234375,9728
2023-11-10 13:15:00,3625.25,3630.0,3542.0,3555.0,28040
2023-11-13 09:15:00,3555.050048828125,3618.0,3545.800048828125,3577.800048828125,18127
2023-11-13 13:15:00,3577.800048828125,3607.64990234375,3572.050048828125,3598.64990234375,25779
2023-11-15 09:15:00,3634.949951171875,3655.10009765625,3592.89990234375,3614.0,18443
2023-11-15 13:15:00,3617.699951171875,3619.89990234375,3570.0,3585.14990234375,15990
2023-11-16 09:15:00,3585.0,3609.85009765625,3550.0,3603.5,19908
2023-11-16 13:15:00,3603.89990234375,3604.0,3556.0,3567.35009765625,25753
2023-11-17 09:15:00,3569.35009765625,3588.050048828125,3526.0,3528.0,27137
2023-11-17 13:15:00,3528.0,3539.949951171875,3500.0,3504.25,33241
2023-11-20 09:15:00,3520.39990234375,3530.0,3465.5,3486.60009765625,16906
2023-11-20 13:15:00,3484.800048828125,3538.800048828125,3470.0,3484.35009765625,30920
2023-11-21 09:15:00,3491.35009765625,3498.60009765625,3470.14990234375,3480.949951171875,140785
2023-11-21 13:15:00,3480.5,3489.0,3440.0,3454.60009765625,43827
2023-11-22 09:15:00,3466.0,3468.0,3412.050048828125,3446.449951171875,22904
2023-11-22 13:15:00,3446.449951171875,3451.89990234375,3417.60009765625,3434.0,188543
2023-11-23 09:15:00,3430.0,3499.800048828125,3430.0,3492.0,62766
2023-11-23 13:15:00,3493.10009765625,3509.0,3485.0,3499.699951171875,140858
2023-11-24 09:15:00,3521.449951171875,3529.0,3490.0,3526.949951171875,24036
2023-11-24 13:15:00,3527.75,3552.0,3527.550048828125,3540.949951171875,20617
2023-11-28 09:15:00,3551.64990234375,3580.0,3519.64990234375,3578.0,16777
2023-11-28 13:15:00,3575.0,3577.949951171875,3530.300048828125,3545.10009765625,18282
2023-11-29 09:15:00,3562.64990234375,3601.0,3551.0,3582.449951171875,22491
2023-11-29 13:15:00,3581.89990234375,3618.89990234375,3577.0,3607.10009765625,28017
2023-11-30 09:15:00,3607.10009765625,3631.0,3570.050048828125,3587.949951171875,21297
2023-11-30 13:15:00,3587.949951171875,3605.0,3575.10009765625,3591.64990234375,75117
2023-12-01 09:15:00,3610.60009765625,3655.0,3610.60009765625,3619.300048828125,16933
2023-12-01 13:15:00,3619.449951171875,3657.60009765625,3606.0,3634.800048828125,18669
2023-12-04 09:15:00,3653.89990234375,3680.0,3619.14990234375,3651.800048828125,19823
2023-12-04 13:15:00,3650.25,3675.25,3626.89990234375,3652.89990234375,46029
2023-12-05 09:15:00,3665.0,3689.0,3650.050048828125,3662.89990234375,17072
2023-12-05 13:15:00,3658.60009765625,3697.10009765625,3655.050048828125,3697.10009765625,42895
2023-12-06 09:15:00,3685.0,3714.85009765625,3663.050048828125,3683.5,12400
2023-12-06 13:15:00,3685.5,3720.0,3681.050048828125,3701.75,13202
2023-12-07 09:15:00,3700.949951171875,3736.199951171875,3695.050048828125,3735.0,8064
2023-12-07 13:15:00,3735.25,3781.300048828125,3733.0,3760.0,28809
2023-12-08 09:15:00,3766.10009765625,3769.0,3730.0,3730.0,10934
2023-12-08 13:15:00,3732.050048828125,3758.0,3715.0,3743.25,6447
2023-12-11 09:15:00,3739.949951171875,3770.39990234375,3687.10009765625,3694.0,10298
2023-12-11 13:15:00,3695.25,3700.0,3680.0,3692.89990234375,39899
2023-12-12 09:15:00,3692.0,3730.0,3600.75,3601.050048828125,17929
2023-12-12 13:15:00,3603.800048828125,3617.64990234375,3600.0,3615.0,18581
2023-12-13 09:15:00,3624.949951171875,3677.89990234375,3570.10009765625,3667.5,16245
2023-12-13 13:15:00,3667.10009765625,3695.449951171875,3583.85009765625,3678.85009765625,27497
2023-12-14 09:15:00,3675.0,3675.0,3634.10009765625,3665.85009765625,10476
2023-12-14 13:15:00,3668.699951171875,3668.699951171875,3610.050048828125,3645.199951171875,12710
2023-12-15 09:15:00,3634.949951171875,3681.199951171875,3615.300048828125,3634.550048828125,8949
2023-12-15 13:15:00,3638.60009765625,3640.0,3582.050048828125,3600.10009765625,43497
2023-12-18 09:15:00,3615.0,3619.949951171875,3567.449951171875,3574.85009765625,10378
2023-12-18 13:15:00,3574.949951171875,3587.39990234375,3548.0,3559.10009765625,23139
2023-12-19 09:15:00,3593.949951171875,3593.949951171875,3542.60009765625,3570.0,28410
2023-12-19 13:15:00,3570.10009765625,3579.89990234375,3529.0,3540.75,26638
2023-12-20 09:15:00,3555.39990234375,3567.699951171875,3540.64990234375,3550.14990234375,13515
2023-12-20 13:15:00,3550.14990234375,3555.5,3523.25,3537.14990234375,32354
2023-12-21 09:15:00,3530.050048828125,3557.35009765625,3488.050048828125,3503.800048828125,10990
2023-12-21 13:15:00,3500.60009765625,3526.949951171875,3492.949951171875,3507.5,13490
2023-12-22 09:15:00,3508.050048828125,3566.0,3497.10009765625,3546.5,27535
2023-12-22 13:15:00,3546.5,3575.5,3542.050048828125,3570.0,67337
2023-12-26 09:15:00,3570.0,3590.10009765625,3535.0,3584.64990234375,11613
2023-12-26 13:15:00,3585.0,3598.0,3580.10009765625,3590.699951171875,11191
2023-12-27 09:15:00,3590.75,3614.89990234375,3576.0,3611.699951171875,15563
2023-12-27 13:15:00,3613.85009765625,3624.0,3603.0,3607.5,33994
2023-12-28 09:15:00,3618.64990234375,3660.0,3599.0,3655.35009765625,24115
2023-12-28 13:15:00,3658.85009765625,3689.5,3654.0,3679.949951171875,50908
2023-12-29 09:15:00,3640.0,3700.0,3640.0,3699.75,25809
2023-12-29 13:15:00,3700.0,3700.0,3682.0,3682.0,19304
2024-01-01 09:15:00,3700.0,3702.5,3655.0,3697.800048828125,12536
2024-01-01 13:15:00,3697.85009765625,3699.449951171875,3666.300048828125,3684.10009765625,5368
2024-01-02 09:15:00,3688.85009765625,3699.85009765625,3591.300048828125,3649.64990234375,9766
2024-01-02 13:15:00,3653.449951171875,3665.10009765625,3620.0,3630.300048828125,7011
2024-01-03 09:15:00,3619.0,3632.050048828125,3590.64990234375,3610.0,93683
2024-01-03 13:15:00,3611.10009765625,3618.800048828125,3551.0,3560.949951171875,16995
2024-01-04 09:15:00,3579.0,3617.449951171875,3528.60009765625,3577.300048828125,59514
2024-01-04 13:15:00,3577.35009765625,3610.0,3571.89990234375,3602.89990234375,8071
2024-01-05 09:15:00,3600.0,3625.0,3580.0,3609.949951171875,17468
2024-01-05 13:15:00,3609.550048828125,3625.0,3605.0,3624.35009765625,15644
2024-01-08 09:15:00,3640.10009765625,3659.85009765625,3580.0,3600.199951171875,242632
2024-01-08 13:15:00,3600.199951171875,3631.60009765625,3599.949951171875,3608.89990234375,22162
2024-01-09 09:15:00,3619.949951171875,3663.85009765625,3606.35009765625,3632.699951171875,11440
2024-01-09 13:15:00,3632.699951171875,3640.0,3601.550048828125,3610.199951171875,7228
2024-01-10 09:15:00,3625.0,3846.550048828125,3601.10009765625,3749.050048828125,118580
2024-01-10 13:15:00,3749.0,3782.60009765625,3720.14990234375,3755.85009765625,34125
2024-01-11 09:15:00,3735.0,3787.14990234375,3721.800048828125,3752.0,59894
2024-01-11 13:15:00,3752.0,3777.60009765625,3682.199951171875,3726.75,77122
2024-01-12 09:15:00,3729.89990234375,3788.85009765625,3723.10009765625,3753.89990234375,17045
2024-01-12 13:15:00,3750.199951171875,3765.75,3716.0,3747.35009765625,6712
2024-01-15 09:15:00,3768.60009765625,3781.35009765625,3738.050048828125,3752.449951171875,52812
2024-01-15 13:15:00,3753.64990234375,3755.449951171875,3685.64990234375,3699.0,11834
2024-01-16 09:15:00,3707.39990234375,3738.050048828125,3668.39990234375,3670.25,11772
2024-01-16 13:15:00,3665.39990234375,3728.949951171875,3656.60009765625,3716.0,32871
2024-01-17 09:15:00,3716.0,3743.85009765625,3668.050048828125,3727.949951171875,14410
2024-01-17 13:15:00,3726.050048828125,3744.0,3704.050048828125,3744.0,13096
2024-01-18 09:15:00,3731.75,3802.10009765625,3601.10009765625,3640.800048828125,46572
2024-01-18 13:15:00,3640.800048828125,3656.0,3640.0,3648.14990234375,12593
2024-01-19 09:15:00,3656.35009765625,3725.14990234375,3646.25,3716.5,36823
2024-01-19 13:15:00,3716.5,3721.0,3675.550048828125,3713.35009765625,15497
2024-01-23 09:15:00,3708.89990234375,3710.0,3635.0,3640.0,11297
2024-01-23 13:15:00,3640.0,3655.199951171875,3622.5,3635.89990234375,15842
2024-01-24 09:15:00,3625.10009765625,3697.89990234375,3601.0,3682.35009765625,46061
2024-01-24 13:15:00,3682.35009765625,3904.89990234375,3682.35009765625,3880.0,35262
2024-01-25 09:15:00,3831.60009765625,3988.800048828125,3831.60009765625,3899.449951171875,55777
2024-01-25 13:15:00,3902.949951171875,3930.0,3872.0,3899.949951171875,34620
2024-01-29 09:15:00,3944.949951171875,4096.0,3937.60009765625,4084.800048828125,42973
2024-01-29 13:15:00,4081.89990234375,4084.199951171875,4007.949951171875,4026.800048828125,28272
2024-01-30 09:15:00,4038.85009765625,4038.85009765625,3964.75,3972.89990234375,15292
2024-01-30 13:15:00,3972.89990234375,3972.89990234375,3840.0,3884.64990234375,23885
2024-01-31 09:15:00,3894.89990234375,4148.4501953125,3894.89990234375,4096.35009765625,101084
2024-01-31 13:15:00,4096.0,4235.0,4070.0,4075.050048828125,100421
2024-02-01 09:15:00,4073.39990234375,4195.0,4008.199951171875,4194.14990234375,18984
2024-02-01 13:15:00,4195.0,4624.64990234375,4195.0,4356.39990234375,517838
2024-02-02 09:15:00,4289.0,4590.0,4289.0,4346.39990234375,137469
2024-02-02 13:15:00,4349.14990234375,4500.0,4349.14990234375,4461.2001953125,50015
2024-02-05 09:15:00,4465.0498046875,4479.0,4380.75,4399.10009765625,21110
2024-02-05 13:15:00,4399.0,4400.4501953125,4277.25,4380.0,66400
2024-02-06 09:15:00,4366.7998046875,4427.39990234375,4302.10009765625,4385.2998046875,19451
2024-02-06 13:15:00,4384.39990234375,4444.9501953125,4349.9501953125,4378.0498046875,24919
2024-02-07 09:15:00,4403.10009765625,4542.4501953125,4360.10009765625,4390.0498046875,22611
2024-02-07 13:15:00,4387.85009765625,4396.5498046875,4038.60009765625,4140.0498046875,231201
2024-02-08 09:15:00,4096.64990234375,4096.64990234375,3885.050048828125,3925.39990234375,102780
2024-02-08 13:15:00,3925.0,3948.0,3918.0,3920.0,85176
2024-02-09 09:15:00,3964.949951171875,3964.949951171875,3814.75,3900.800048828125,21827
2024-02-09 13:15:00,3902.89990234375,3941.0,3900.0,3936.39990234375,17116
2024-02-12 09:15:00,3925.050048828125,3978.25,3907.050048828125,3939.699951171875,14642
2024-02-12 13:15:00,3939.699951171875,3952.449951171875,3900.0,3932.60009765625,18807
2024-02-13 09:15:00,3928.35009765625,3929.949951171875,3759.39990234375,3896.39990234375,37186
2024-02-13 13:15:00,3896.39990234375,3990.0,3896.10009765625,3969.25,38191
2024-02-14 09:15:00,3949.89990234375,3958.60009765625,3897.550048828125,3935.39990234375,7896
2024-02-14 13:15:00,3935.60009765625,3966.050048828125,3909.550048828125,3950.0,12728
2024-02-15 09:15:00,3932.449951171875,3945.0,3867.10009765625,3879.14990234375,38676
2024-02-15 13:15:00,3876.949951171875,3880.10009765625,3817.800048828125,3846.10009765625,56097
2024-02-16 09:15:00,3846.0,3873.89990234375,3833.0,3847.35009765625,34159
2024-02-16 13:15:00,3847.300048828125,3907.550048828125,3835.0,3844.199951171875,36511
2024-02-19 09:15:00,3877.949951171875,3929.0,3842.10009765625,3926.60009765625,9480
2024-02-19 13:15:00,3926.64990234375,3970.0,3902.0,3916.550048828125,19381
2024-02-20 09:15:00,3916.64990234375,3921.949951171875,3851.25,3875.800048828125,109783
2024-02-20 13:15:00,3873.300048828125,3890.0,3855.0,3876.25,10292
2024-02-21 09:15:00,3855.0,3855.0,3803.050048828125,3829.800048828125,35792
2024-02-21 13:15:00,3829.64990234375,3830.300048828125,3770.10009765625,3797.699951171875,24509
2024-02-22 09:15:00,3800.050048828125,3817.64990234375,3722.14990234375,3750.10009765625,20786
2024-02-22 13:15:00,3750.0,3768.10009765625,3725.64990234375,3756.0,24959
2024-02-23 09:15:00,3754.449951171875,3765.60009765625,3715.25,3730.050048828125,13421
2024-02-23 13:15:00,3730.0,3760.0,3720.300048828125,3743.39990234375,19610
2024-02-26 09:15:00,3730.0,3750.199951171875,3685.10009765625,3720.0,17709
2024-02-26 13:15:00,3720.0,3732.0,3719.35009765625,3721.89990234375,12477
2024-02-27 09:15:00,3709.949951171875,3789.0,3684.10009765625,3775.800048828125,18947
2024-02-27 13:15:00,3775.75,3818.64990234375,3737.75,3791.800048828125,22367
2024-02-28 09:15:00,3800.0,3811.60009765625,3691.449951171875,3694.60009765625,17349
2024-02-28 13:15:00,3694.64990234375,3730.89990234375,3690.0,3703.25,17049
2024-02-29 09:15:00,3687.5,3695.0,3635.0,3681.0,12702
2024-02-29 13:15:00,3676.699951171875,3688.449951171875,3635.0,3640.0,42972
2024-03-01 09:15:00,3640.10009765625,3737.60009765625,3637.449951171875,3700.35009765625,10476
2024-03-01 13:15:00,3700.10009765625,3719.89990234375,3676.10009765625,3683.25,52867
2024-03-04 09:15:00,3740.050048828125,3747.39990234375,3662.39990234375,3676.0,13325
2024-03-04 13:15:00,3675.050048828125,3736.5,3674.60009765625,3715.0,49956
2024-03-05 09:15:00,3713.0,3740.0,3673.449951171875,3709.0,34019
2024-03-05 13:15:00,3706.85009765625,3719.89990234375,3692.0,3715.199951171875,13147
2024-03-06 09:15:00,3718.949951171875,3734.60009765625,3645.0,3659.14990234375,20675
2024-03-06 13:15:00,3659.89990234375,3669.85009765625,3612.300048828125,3640.0,33787
2024-03-07 09:15:00,3674.0,3674.0,3632.0,3640.0,38282
2024-03-07 13:15:00,3640.0,3720.0,3632.050048828125,3699.14990234375,16534
2024-03-11 09:15:00,3716.5,3716.5,3652.300048828125,3666.0,8130
2024-03-11 13:15:00,3666.050048828125,3684.64990234375,3659.949951171875,3672.35009765625,10969
2024-03-12 09:15:00,3671.0,3691.699951171875,3622.39990234375,3655.949951171875,12655
2024-03-12 13:15:00,3652.449951171875,3709.949951171875,3639.050048828125,3694.89990234375,13670
2024-03-13 09:15:00,3692.949951171875,3692.949951171875,3563.25,3587.25,18583
2024-03-13 13:15:00,3586.14990234375,3644.949951171875,3575.75,3640.5,20811
2024-03-14 09:15:00,3605.800048828125,3632.0,3578.300048828125,3615.14990234375,11882
2024-03-14 13:15:00,3615.10009765625,3624.699951171875,3600.0,3616.0,22657
2024-03-15 09:15:00,3624.0,3659.64990234375,3565.5,3627.35009765625,8962
2024-03-15 13:15:00,3627.35009765625,3650.0,3610.0,3616.10009765625,30121
2024-03-18 09:15:00,3605.050048828125,3615.0,3573.050048828125,3592.0,6690
2024-03-18 13:15:00,3590.0,3647.89990234375,3585.64990234375,3636.85009765625,11581
2024-03-19 09:15:00,3636.85009765625,3643.550048828125,3588.050048828125,3626.0,15249
2024-03-19 13:15:00,3625.699951171875,3655.0,3624.0,3645.89990234375,7892
2024-03-20 09:15:00,3627.60009765625,3662.699951171875,3602.300048828125,3643.699951171875,78932
2024-03-20 13:15:00,3646.85009765625,3653.300048828125,3630.300048828125,3642.89990234375,8305
2024-03-21 09:15:00,3650.449951171875,3763.39990234375,3650.449951171875,3711.0,66303
2024-03-21 13:15:00,3711.0,3763.0,3700.199951171875,3716.550048828125,39794
2024-03-22 09:15:00,3725.85009765625,3734.550048828125,3692.300048828125,3729.0,3027
2024-03-22 13:15:00,3732.89990234375,3810.60009765625,3731.89990234375,3796.449951171875,21950
2024-03-26 09:15:00,3806.0,3809.800048828125,3722.0,3782.75,21480
2024-03-26 13:15:00,3782.0,3810.949951171875,3780.0,3801.050048828125,13268
2024-03-27 09:15:00,3812.0,3921.800048828125,3803.550048828125,3890.0,47698
2024-03-27 13:15:00,3890.0,3898.949951171875,3848.699951171875,3886.300048828125,22376
2024-03-28 09:15:00,3907.85009765625,3907.85009765625,3735.10009765625,3750.5,41340
2024-03-28 13:15:00,3750.35009765625,3975.0,3742.0,3956.85009765625,62551
2024-04-01 09:15:00,3930.60009765625,3970.64990234375,3865.75,3960.0,10746
2024-04-01 13:15:00,3960.0,3997.85009765625,3960.0,3988.050048828125,16079
2024-04-02 09:15:00,3965.0,4047.050048828125,3953.10009765625,4024.85009765625,7044
2024-04-02 13:15:00,4024.85009765625,4030.199951171875,4019.050048828125,4023.800048828125,11724
2024-04-03 09:15:00,4044.0,4044.0,3992.89990234375,4019.300048828125,31107
2024-04-03 13:15:00,4019.300048828125,4035.89990234375,3959.60009765625,3984.64990234375,11904
2024-04-04 09:15:00,3998.35009765625,4030.60009765625,3925.050048828125,3964.449951171875,9303
2024-04-04 13:15:00,3964.449951171875,3999.449951171875,3915.0,3976.64990234375,9230
2024-04-05 09:15:00,3997.60009765625,4040.0,3950.0,4009.0,11677
2024-04-05 13:15:00,4008.0,4027.14990234375,3961.0,3970.0,12844
2024-04-08 09:15:00,4051.0,4094.699951171875,4015.0,4050.0,21864
2024-04-08 13:15:00,4047.64990234375,4180.25,4043.85009765625,4090.0,84039
2024-04-09 09:15:00,4095.0,4206.39990234375,4095.0,4132.64990234375,34381
2024-04-09 13:15:00,4130.0,4134.35009765625,4087.35009765625,4100.0,10591
2024-04-10 09:15:00,4110.25,4130.5498046875,4021.050048828125,4049.949951171875,15809
2024-04-10 13:15:00,4049.300048828125,4069.89990234375,3989.85009765625,4000.0,11413
2024-04-12 09:15:00,4031.64990234375,4037.85009765625,3940.0,3945.050048828125,13622
2024-04-12 13:15:00,3940.10009765625,3950.0,3901.64990234375,3923.60009765625,48370
2024-04-15 09:15:00,3917.949951171875,3917.949951171875,3829.89990234375,3846.85009765625,6510
2024-04-15 13:15:00,3851.949951171875,3851.949951171875,3800.0,3808.14990234375,10540
2024-04-16 09:15:00,3800.050048828125,3864.199951171875,3800.050048828125,3838.449951171875,13960
2024-04-16 13:15:00,3838.10009765625,3846.199951171875,3808.35009765625,3820.0,17279
2024-04-18 09:15:00,3835.10009765625,3876.949951171875,3825.0,3831.39990234375,6801
2024-04-18 13:15:00,3831.60009765625,3840.0,3814.699951171875,3833.949951171875,11755
2024-04-19 09:15:00,3830.0,3874.199951171875,3778.89990234375,3840.0,5347
2024-04-19 13:15:00,3840.0,3840.0,3794.10009765625,3834.800048828125,5647
2024-04-22 09:15:00,3866.699951171875,3893.85009765625,3832.0,3846.050048828125,26676
2024-04-22 13:15:00,3852.89990234375,3869.949951171875,3838.35009765625,3845.35009765625,10288
2024-04-23 09:15:00,3865.0,3876.14990234375,3812.60009765625,3845.0,67312
2024-04-23 13:15:00,3844.949951171875,3849.300048828125,3828.5,3843.199951171875,7743
2024-04-24 09:15:00,3843.0,3928.39990234375,3835.89990234375,3862.0,25074
2024-04-24 13:15:00,3866.699951171875,3894.800048828125,3865.699951171875,3887.5,4961
2024-04-25 09:15:00,3897.050048828125,3914.64990234375,3852.39990234375,3890.300048828125,10721
2024-04-25 13:15:00,3893.699951171875,3925.550048828125,3878.5,3900.0,126677
2024-04-26 09:15:00,3935.300048828125,3935.300048828125,3878.050048828125,3897.60009765625,9491
2024-04-26 13:15:00,3900.60009765625,3925.0,3895.0,3900.0,6771
2024-04-29 09:15:00,3908.39990234375,3923.0,3774.0,3790.0,531270
2024-04-29 13:15:00,3789.949951171875,3794.0,3756.0,3782.89990234375,82135
2024-04-30 09:15:00,3791.64990234375,3903.949951171875,3790.0,3819.949951171875,15982
2024-04-30 13:15:00,3815.60009765625,3825.64990234375,3786.85009765625,3797.199951171875,39868
2024-05-02 09:15:00,3793.949951171875,3844.60009765625,3760.0,3805.25,18321
2024-05-02 13:15:00,3803.14990234375,3815.449951171875,3767.0,3780.199951171875,20154
2024-05-03 09:15:00,3769.949951171875,3772.85009765625,3708.14990234375,3726.35009765625,508694
2024-05-03 13:15:00,3727.5,3750.0,3700.0,3708.5,67103
2024-05-06 09:15:00,3715.60009765625,3791.75,3715.60009765625,3770.35009765625,24966
2024-05-06 13:15:00,3768.050048828125,3799.0,3750.0,3763.5,12935
2024-05-07 09:15:00,3790.0,3897.0,3766.39990234375,3782.85009765625,42749
2024-05-07 13:15:00,3779.800048828125,3810.14990234375,3779.35009765625,3804.949951171875,15129
2024-05-08 09:15:00,3824.14990234375,3847.75,3766.89990234375,3786.14990234375,20064
2024-05-08 13:15:00,3784.75,3845.949951171875,3745.25,3796.85009765625,34487
2024-05-09 09:15:00,3796.85009765625,3807.35009765625,3765.0,3785.0,131852
2024-05-09 13:15:00,3785.0,3800.0,3768.300048828125,3798.0,12388
2024-05-10 09:15:00,3795.10009765625,3798.449951171875,3746.25,3764.25,120223
2024-05-10 13:15:00,3765.550048828125,3800.0,3760.800048828125,3798.0,41334
2024-05-13 09:15:00,3770.10009765625,3814.050048828125,3721.199951171875,3776.199951171875,14631
2024-05-13 13:15:00,3768.85009765625,3789.89990234375,3735.14990234375,3765.0,9964
2024-05-14 09:15:00,3789.449951171875,3825.14990234375,3766.199951171875,3809.85009765625,9840
2024-05-14 13:15:00,3807.25,3860.0,3725.0,3774.5,56022
2024-05-15 09:15:00,3750.0,3797.550048828125,3676.60009765625,3753.25,25714
2024-05-15 13:15:00,3756.60009765625,3807.85009765625,3735.0,3747.949951171875,47714
2024-05-16 09:15:00,3760.75,3839.0,3735.550048828125,3760.0,127500
2024-05-16 13:15:00,3758.14990234375,3765.0,3734.60009765625,3764.0,101815
2024-05-17 09:15:00,3760.64990234375,3825.0,3730.199951171875,3792.949951171875,171609
2024-05-17 13:15:00,3789.800048828125,3816.0,3749.89990234375,3792.64990234375,17900
2024-05-21 09:15:00,3810.0,3810.0,3727.449951171875,3740.199951171875,41190
2024-05-21 13:15:00,3740.199951171875,3753.550048828125,3731.050048828125,3743.60009765625,28728
2024-05-22 09:15:00,3745.0,3746.75,3594.0,3623.0,62586
2024-05-22 13:15:00,3622.949951171875,3663.39990234375,3620.449951171875,3647.60009765625,31696
2024-05-23 09:15:00,3647.60009765625,3710.0,3647.60009765625,3690.0,33050
2024-05-23 13:15:00,3690.0,3703.300048828125,3686.14990234375,3690.85009765625,13711
2024-05-24 09:15:00,3685.0,3729.89990234375,3670.699951171875,3717.89990234375,25473
2024-05-24 13:15:00,3720.0,3748.949951171875,3712.300048828125,3748.0,17747
2024-05-27 09:15:00,3736.25,3736.25,3675.60009765625,3705.449951171875,22808
2024-05-27 13:15:00,3702.25,3730.39990234375,3699.550048828125,3722.449951171875,28807
2024-05-28 09:15:00,3720.0,3720.550048828125,3675.10009765625,3705.5,21824
2024-05-28 13:15:00,3705.5,3708.949951171875,3675.199951171875,3680.0,44450
2024-05-29 09:15:00,3680.0,3703.0,3661.800048828125,3669.949951171875,6417
2024-05-29 13:15:00,3669.949951171875,3689.85009765625,3660.050048828125,3660.800048828125,10004
2024-05-30 09:15:00,3660.0,3669.800048828125,3625.0,3650.0,8759
2024-05-30 13:15:00,3650.0,3709.800048828125,3636.0,3688.10009765625,19323
2024-05-31 09:15:00,3681.5,3745.949951171875,3662.60009765625,3671.050048828125,21285
2024-05-31 13:15:00,3667.10009765625,3693.949951171875,3645.0,3693.949951171875,53862
2024-06-03 09:15:00,3731.0,3741.949951171875,3656.300048828125,3692.5,474235
2024-06-03 13:15:00,3692.199951171875,3699.0,3677.5,3684.0,11292
2024-06-04 09:15:00,3690.050048828125,3720.35009765625,3567.35009765625,3693.449951171875,52573
2024-06-04 13:15:00,3687.39990234375,3709.35009765625,3672.10009765625,3685.0,36992
2024-06-05 09:15:00,3677.550048828125,3707.449951171875,3583.39990234375,3643.0,93475
2024-06-05 13:15:00,3642.0,3669.75,3639.050048828125,3660.35009765625,12435
2024-06-06 09:15:00,3679.60009765625,3733.60009765625,3650.0,3680.89990234375,11301
2024-06-06 13:15:00,3680.39990234375,3682.10009765625,3649.5,3669.89990234375,12451
2024-06-07 09:15:00,3693.64990234375,3743.25,3640.0,3695.800048828125,9512
2024-06-07 13:15:00,3696.800048828125,3740.5,3692.0,3739.0,9591
2024-06-10 09:15:00,3730.25,3791.949951171875,3728.75,3771.64990234375,18246
2024-06-10 13:15:00,3771.35009765625,3781.85009765625,3729.89990234375,3774.949951171875,12462
2024-06-11 09:15:00,3775.050048828125,3840.0,3741.449951171875,3800.0,47448
2024-06-11 13:15:00,3800.0,3839.75,3781.050048828125,3830.0,30220
2024-06-12 09:15:00,3817.449951171875,3850.0,3741.0,3837.35009765625,231349
2024-06-12 13:15:00,3839.75,3845.0,3812.85009765625,3825.85009765625,18080
2024-06-13 09:15:00,3846.0,3877.0,3817.39990234375,3837.35009765625,9583
2024-06-13 13:15:00,3832.550048828125,3841.64990234375,3813.199951171875,3825.800048828125,9415
2024-06-14 09:15:00,3829.800048828125,3970.0,3829.800048828125,3968.0,69672
2024-06-14 13:15:00,3968.0,4005.0,3930.10009765625,3996.0,45683
2024-06-18 09:15:00,4015.89990234375,4121.7001953125,3966.64990234375,4100.0,43979
2024-06-18 13:15:00,4100.0,4129.7998046875,4092.050048828125,4121.60009765625,47681
2024-06-19 09:15:00,4121.0,4275.0,4101.60009765625,4240.0,92229
2024-06-19 13:15:00,4239.0,4339.7001953125,4227.25,4250.0,109380
2024-06-20 09:15:00,4241.64990234375,4265.0,4214.35009765625,4222.7998046875,15747
2024-06-20 13:15:00,4219.89990234375,4266.0,4216.5498046875,4220.0,19517
2024-06-21 09:15:00,4210.0498046875,4284.2001953125,4155.0498046875,4224.7998046875,17975
2024-06-21 13:15:00,4221.0,4291.25,4187.60009765625,4254.0,55087
2024-06-24 09:15:00,4245.0,4325.60009765625,4226.7001953125,4301.0,91000
2024-06-24 13:15:00,4301.0,4315.9501953125,4271.10009765625,4296.10009765625,21066
2024-06-25 09:15:00,4297.35009765625,4336.89990234375,4201.0498046875,4227.75,8403
2024-06-25 13:15:00,4220.60009765625,4226.85009765625,4195.0,4208.0498046875,13438
2024-06-26 09:15:00,4244.0498046875,4286.0,4160.60009765625,4227.0498046875,18317
2024-06-26 13:15:00,4225.4501953125,4251.64990234375,4186.4501953125,4207.0498046875,11095
2024-06-27 09:15:00,4225.10009765625,4229.14990234375,4146.0,4146.14990234375,15489
2024-06-27 13:15:00,4147.35009765625,4151.2001953125,4055.550048828125,4095.050048828125,55940
2024-06-28 09:15:00,4104.9501953125,4196.2001953125,4104.9501953125,4191.7001953125,14376
2024-06-28 13:15:00,4190.0,4195.0,4137.85009765625,4178.5498046875,17210
2024-07-01 09:15:00,4225.0,4298.39990234375,4203.0,4218.64990234375,9394
2024-07-01 13:15:00,4214.2001953125,4242.60009765625,4171.0,4228.85009765625,17056
2024-07-02 09:15:00,4229.39990234375,4279.9501953125,4187.60009765625,4206.60009765625,9070
2024-07-02 13:15:00,4211.7001953125,4247.0,4205.0,4215.5,12910
2024-07-03 09:15:00,4228.0,4268.2001953125,4204.0498046875,4247.7001953125,13708
2024-07-03 13:15:00,4250.9501953125,4269.0,4211.0,4269.0,12487
2024-07-04 09:15:00,4255.0,4273.9501953125,4218.0,4245.89990234375,11007
2024-07-04 13:15:00,4249.2001953125,4265.0,4235.0,4235.0,10911
2024-07-05 09:15:00,4280.0,4280.0,4224.7001953125,4254.25,21965
2024-07-05 13:15:00,4254.2998046875,4275.0,4238.10009765625,4262.35009765625,10343
2024-07-08 09:15:00,4262.2998046875,4278.89990234375,4175.64990234375,4183.75,17999
2024-07-08 13:15:00,4180.5498046875,4220.9501953125,4167.7001953125,4205.60009765625,13203
2024-07-09 09:15:00,4212.9501953125,4249.75,4206.0,4232.10009765625,12194
2024-07-09 13:15:00,4232.2001953125,4423.9501953125,4232.0,4415.0,88084
2024-07-10 09:15:00,4400.0,4400.0,4235.0,4320.25,43825
2024-07-10 13:15:00,4317.60009765625,4328.64990234375,4280.0,4296.14990234375,15606
2024-07-11 09:15:00,4290.4501953125,4308.2001953125,4215.0,4260.25,44985
2024-07-11 13:15:00,4260.0,4299.89990234375,4254.89990234375,4277.2001953125,17073
2024-07-12 09:15:00,4277.0,4340.0,4242.2001953125,4247.64990234375,32237
2024-07-12 13:15:00,4252.60009765625,4280.0,4237.85009765625,4251.0,7396
2024-07-15 09:15:00,4271.0498046875,4292.14990234375,4206.5498046875,4210.0498046875,6502
2024-07-15 13:15:00,4214.39990234375,4236.9501953125,4186.89990234375,4210.0,10725
2024-07-16 09:15:00,4288.25,4288.25,4215.35009765625,4219.9501953125,9615
2024-07-16 13:15:00,4225.0,4284.0,4200.0,4256.2001953125,10177
2024-07-18 09:15:00,4272.85009765625,4296.9501953125,4204.2001953125,4205.10009765625,49410
2024-07-18 13:15:00,4205.14990234375,4247.35009765625,4204.0498046875,4226.7998046875,8735
2024-07-19 09:15:00,4240.0,4698.9501953125,4240.0,4309.5,608440
2024-07-19 13:15:00,4302.25,4325.0,4260.0,4272.7001953125,87329
2024-07-22 09:15:00,4265.0,4532.0,4265.0,4360.89990234375,104380
2024-07-22 13:15:00,4359.89990234375,4408.0,4351.0498046875,4380.0,47860
2024-07-23 09:15:00,4370.0,4403.5498046875,4248.5,4288.0,47531
2024-07-23 13:15:00,4290.0,4338.2001953125,4280.0,4305.5,12119
2024-07-24 09:15:00,4311.7998046875,4369.0,4291.0498046875,4341.9501953125,11188
2024-07-24 13:15:00,4341.0,4352.5,4338.2001953125,4348.0,10288
2024-07-25 09:15:00,4302.2998046875,4329.89990234375,4255.0,4273.0498046875,18019
2024-07-25 13:15:00,4273.10009765625,4284.4501953125,4243.7998046875,4244.7998046875,16855
2024-07-26 09:15:00,4256.7998046875,4335.0,4256.7998046875,4327.0,14048
2024-07-26 13:15:00,4327.0,4420.0,4310.10009765625,4395.5498046875,34752
2024-07-29 09:15:00,4425.0,4688.0,4418.9501953125,4488.64990234375,136476
2024-07-29 13:15:00,4488.25,4590.35009765625,4482.25,4550.0,34364
2024-07-30 09:15:00,4581.7998046875,4671.0,4576.7998046875,4634.89990234375,30746
2024-07-30 13:15:00,4630.0,4687.0498046875,4580.0,4660.75,30405
2024-07-31 09:15:00,4795.0,4795.0,4606.85009765625,4714.0,37040
2024-07-31 13:15:00,4713.0,4725.14990234375,4601.10009765625,4621.35009765625,17164
2024-08-01 09:15:00,4645.7001953125,4662.75,4529.7998046875,4554.7998046875,21724
2024-08-01 13:15:00,4556.9501953125,4568.64990234375,4495.0,4516.2998046875,15012
2024-08-02 09:15:00,4511.10009765625,4534.9501953125,4475.60009765625,4495.7998046875,5378
2024-08-02 13:15:00,4493.0,4523.35009765625,4483.0498046875,4499.0498046875,3199
2024-08-05 09:15:00,4424.9501953125,4428.0,4295.0,4349.60009765625,90553
2024-08-05 13:15:00,4349.60009765625,4417.0,4344.89990234375,4399.85009765625,10060
2024-08-06 09:15:00,4382.35009765625,4493.9501953125,4382.35009765625,4466.0,10627
2024-08-06 13:15:00,4465.0498046875,4563.25,4430.10009765625,4463.39990234375,38209
2024-08-07 09:15:00,4550.0,4689.9501953125,4410.5498046875,4465.9501953125,150148
2024-08-07 13:15:00,4466.0,4489.9501953125,4431.0498046875,4474.10009765625,42755
2024-08-08 09:15:00,4509.89990234375,4615.5,4507.4501953125,4594.9501953125,43855
2024-08-08 13:15:00,4594.9501953125,4601.89990234375,4586.14990234375,4595.0,22224
2024-08-09 09:15:00,4649.2998046875,4678.7998046875,4615.5,4653.5498046875,9008
2024-08-09 13:15:00,4652.75,4748.0,4645.14990234375,4708.10009765625,8784
2024-08-12 09:15:00,4752.0498046875,4945.0,4752.0498046875,4924.7998046875,98663
2024-08-12 13:15:00,4924.7998046875,4925.0,4750.2998046875,4799.4501953125,205018
2024-08-13 09:15:00,4759.0498046875,4759.0498046875,4444.0,4596.60009765625,303208
2024-08-13 13:15:00,4599.7001953125,4600.0,4522.0,4547.2001953125,133926
2024-08-14 09:15:00,4608.64990234375,4618.4501953125,4537.75,4598.9501953125,29978
2024-08-14 13:15:00,4598.9501953125,4600.0,4555.0,4559.0,21515
2024-08-16 09:15:00,4570.0,4624.0,4570.0,4623.60009765625,21114
2024-08-16 13:15:00,4623.60009765625,4623.60009765625,4522.0,4550.0,22133
2024-08-19 09:15:00,4590.0,4640.0,4577.10009765625,4594.0,16115
2024-08-19 13:15:00,4595.0,4600.0,4592.2001953125,4595.0,21840
2024-08-20 09:15:00,4504.0,4542.85009765625,4472.5498046875,4534.7998046875,19775
2024-08-20 13:15:00,4530.10009765625,4559.0,4511.10009765625,4521.0,9470
2024-08-21 09:15:00,4506.0,4527.5,4461.10009765625,4465.60009765625,11201
2024-08-21 13:15:00,4465.60009765625,4470.2998046875,4433.85009765625,4448.9501953125,15616
2024-08-22 09:15:00,4488.7998046875,4488.7998046875,4425.10009765625,4432.25,51106
2024-08-22 13:15:00,4432.5,4434.7998046875,4389.0,4395.0,40616
2024-08-23 09:15:00,4409.35009765625,4447.64990234375,4369.39990234375,4402.14990234375,19610
2024-08-23 13:15:00,4407.5498046875,4440.2998046875,4388.7998046875,4390.0,22637
2024-08-26 09:15:00,4456.64990234375,4498.0,4385.0,4411.2998046875,3845
2024-08-26 13:15:00,4414.0,4467.0,4411.2998046875,4450.25,5423
2024-08-27 09:15:00,4450.35009765625,4463.35009765625,4402.2998046875,4419.89990234375,3358
2024-08-27 13:15:00,4419.9501953125,4419.9501953125,4365.89990234375,4384.9501953125,11258
2024-08-28 09:15:00,4408.0,4463.2001953125,4336.0,4384.0498046875,44802
2024-08-28 13:15:00,4384.0498046875,4386.5,4340.0,4359.2998046875,9750
2024-08-29 09:15:00,4375.75,4375.75,4321.0,4332.25,44866
2024-08-29 13:15:00,4330.0,4349.89990234375,4329.0,4333.10009765625,11585
2024-08-30 09:15:00,4337.2001953125,4389.9501953125,4323.10009765625,4323.10009765625,111428
2024-08-30 13:15:00,4323.35009765625,4340.0,4282.9501953125,4295.25,34116
2024-09-02 09:15:00,4324.9501953125,4346.89990234375,4285.0498046875,4299.2001953125,6318
2024-09-02 13:15:00,4292.85009765625,4329.9501953125,4292.0,4320.4501953125,41104
2024-09-03 09:15:00,4320.4501953125,4415.0,4319.10009765625,4404.75,42714
2024-09-03 13:15:00,4404.75,4416.5498046875,4355.25,4398.14990234375,41807
2024-09-04 09:15:00,4381.5498046875,4417.64990234375,4365.0498046875,4377.39990234375,5320
2024-09-04 13:15:00,4378.25,4399.10009765625,4321.2001953125,4385.89990234375,10627
2024-09-05 09:15:00,4385.0,4432.4501953125,4330.39990234375,4400.64990234375,12525
2024-09-05 13:15:00,4401.10009765625,4420.0,4335.0,4390.10009765625,35069
2024-09-06 09:15:00,4400.0,4414.35009765625,4371.0,4377.0,13218
2024-09-06 13:15:00,4377.0,4381.7001953125,4288.0,4343.5,32843
2024-09-09 09:15:00,4305.0,4332.35009765625,4241.0,4265.0,39523
2024-09-09 13:15:00,4265.0,4299.0,4209.2001953125,4237.39990234375,33996
2024-09-10 09:15:00,4251.60009765625,4360.0,4250.7998046875,4332.10009765625,10474
2024-09-10 13:15:00,4331.89990234375,4395.7998046875,4320.0,4384.4501953125,15445
2024-09-11 09:15:00,4385.89990234375,4416.4501953125,4328.14990234375,4337.5,5939
2024-09-11 13:15:00,4337.5,4341.39990234375,4290.0,4290.0,8998
2024-09-12 09:15:00,4311.0,4363.0,4282.2998046875,4319.7001953125,205781
2024-09-12 13:15:00,4319.7001953125,4323.9501953125,4305.10009765625,4320.39990234375,13060
2024-09-13 09:15:00,4343.10009765625,4371.85009765625,4321.0,4337.64990234375,10239
2024-09-13 13:15:00,4336.64990234375,4350.10009765625,4322.0,4346.5498046875,5977
2024-09-16 09:15:00,4349.64990234375,4358.0,4301.5498046875,4314.35009765625,44788
2024-09-16 13:15:00,4314.35009765625,4320.7998046875,4287.10009765625,4307.10009765625,4297
2024-09-17 09:15:00,4305.0,4329.75,4278.35009765625,4317.2998046875,52100
2024-09-17 13:15:00,4317.25,4341.0,4295.0,4325.9501953125,11066
2024-09-18 09:15:00,4325.0,4334.25,4278.0,4278.0,3751
2024-09-18 13:15:00,4278.0,4328.85009765625,4260.0,4281.2998046875,8245
2024-09-19 09:15:00,4300.0,4325.35009765625,4247.0498046875,4281.5,7133
2024-09-19 13:15:00,4284.25,4284.25,4232.2998046875,4242.0,24216
2024-09-20 09:15:00,4260.10009765625,4321.0,4227.25,4290.64990234375,25977
2024-09-20 13:15:00,4291.2998046875,4338.4501953125,4268.14990234375,4294.7998046875,33801
2024-09-23 09:15:00,4270.0,4350.89990234375,4270.0,4296.5498046875,3834
2024-09-23 13:15:00,4296.5498046875,4308.85009765625,4280.0,4293.7001953125,5822
2024-09-24 09:15:00,4295.0498046875,4405.0,4295.0498046875,4399.85009765625,20048
2024-09-24 13:15:00,4400.0,4425.0,4396.9501953125,4418.5,17070
2024-09-25 09:15:00,4439.7998046875,4439.7998046875,4287.0,4324.2001953125,17288
2024-09-25 13:15:00,4324.35009765625,4360.0,4305.0,4331.89990234375,11055
2024-09-26 09:15:00,4330.0,4349.2001953125,4292.60009765625,4339.85009765625,5884
2024-09-26 13:15:00,4335.0498046875,4353.64990234375,4312.10009765625,4321.25,18911
2024-09-27 09:15:00,4321.25,4399.9501953125,4280.7001953125,4347.35009765625,21808
2024-09-27 13:15:00,4351.60009765625,4355.0498046875,4280.0,4293.0,11686
2024-09-30 09:15:00,4300.0,4367.4501953125,4270.89990234375,4328.2001953125,31321
2024-09-30 13:15:00,4328.2001953125,4340.4501953125,4315.9501953125,4336.39990234375,6691
2024-10-01 09:15:00,4330.0,4396.39990234375,4310.0498046875,4320.25,8100
2024-10-01 13:15:00,4320.2998046875,4369.0,4302.39990234375,4351.64990234375,7676
2024-10-03 09:15:00,4347.25,4349.75,4285.5,4285.5,197899
2024-10-03 13:15:00,4285.10009765625,4286.25,4241.0498046875,4270.35009765625,7563
2024-10-04 09:15:00,4290.10009765625,4292.7998046875,4167.2001953125,4210.89990234375,5417
2024-10-04 13:15:00,4210.7998046875,4269.75,4201.5498046875,4255.0,12864
2024-10-07 09:15:00,4257.25,4265.25,4122.0498046875,4149.60009765625,8992
2024-10-07 13:15:00,4149.60009765625,4169.9501953125,4128.7998046875,4143.7001953125,4119
2024-10-08 09:15:00,4116.0,4160.4501953125,4085.0,4130.0,7776
2024-10-08 13:15:00,4130.0,4189.9501953125,4112.0,4132.2001953125,451492
2024-10-09 09:15:00,4151.5,4203.10009765625,4151.5,4170.35009765625,10369
2024-10-09 13:15:00,4171.0,4177.9501953125,4094.85009765625,4100.85009765625,40153
2024-10-10 09:15:00,4132.7001953125,4137.14990234375,4104.35009765625,4115.60009765625,3003
2024-10-10 13:15:00,4113.25,4116.0,4088.050048828125,4093.300048828125,6017
2024-10-11 09:15:00,4114.7001953125,4127.9501953125,4070.0,4078.25,2637
2024-10-11 13:15:00,4079.89990234375,4088.75,4060.0,4074.35009765625,5021
2024-10-14 09:15:00,4074.35009765625,4095.949951171875,3996.14990234375,4054.949951171875,10104
2024-10-14 13:15:00,4049.0,4088.0,4048.85009765625,4082.39990234375,7879
2024-10-15 09:15:00,4085.050048828125,4152.4501953125,4085.050048828125,4144.7001953125,85556
2024-10-15 13:15:00,4144.9501953125,4152.4501953125,4138.75,4150.0,26651
2024-10-16 09:15:00,4160.0,4200.39990234375,4148.0498046875,4197.35009765625,18204
2024-10-16 13:15:00,4200.0,4225.0,4193.4501953125,4224.0,19364
2024-10-17 09:15:00,4220.0,4264.89990234375,4130.0,4247.4501953125,26232
2024-10-17 13:15:00,4245.60009765625,4268.64990234375,4227.60009765625,4230.0,34714
2024-10-18 09:15:00,4260.0,4260.0,4150.0498046875,4162.0,31123
2024-10-18 13:15:00,4162.0,4174.9501953125,4152.35009765625,4163.85009765625,5864
2024-10-21 09:15:00,4140.0,4155.0,4087.050048828125,4109.2998046875,9291
2024-10-21 13:15:00,4110.2998046875,4131.35009765625,4102.35009765625,4119.2998046875,5326
2024-10-22 09:15:00,4119.0,4134.9501953125,4020.050048828125,4023.64990234375,8153
2024-10-22 13:15:00,4029.25,4049.699951171875,3953.0,3982.449951171875,12911
2024-10-23 09:15:00,3955.449951171875,4013.89990234375,3911.14990234375,3970.64990234375,14264
2024-10-23 13:15:00,3970.60009765625,3978.949951171875,3928.39990234375,3945.10009765625,6120
2024-10-24 09:15:00,3994.0,3994.0,3795.449951171875,3892.800048828125,52664
2024-10-24 13:15:00,3898.89990234375,3934.0,3894.300048828125,3924.89990234375,10613
2024-10-25 09:15:00,3907.0,3950.85009765625,3848.14990234375,3886.699951171875,7063
2024-10-25 13:15:00,3886.60009765625,3938.949951171875,3842.050048828125,3897.699951171875,6957
2024-10-28 09:15:00,3896.60009765625,3905.64990234375,3822.39990234375,3887.89990234375,7069
2024-10-28 13:15:00,3887.89990234375,3895.0,3875.0,3879.60009765625,4534
2024-10-29 09:15:00,3880.0,3899.75,3851.0,3868.449951171875,6651
2024-10-29 13:15:00,3866.25,3918.949951171875,3861.5,3900.35009765625,4552
2024-10-30 09:15:00,3881.0,3938.5,3870.800048828125,3931.25,5232
2024-10-30 13:15:00,3934.64990234375,3949.0,3755.199951171875,3949.0,119237
2024-10-31 09:15:00,3849.800048828125,3930.60009765625,3791.35009765625,3874.199951171875,66323
2024-10-31 13:15:00,3874.300048828125,3881.85009765625,3799.949951171875,3880.0,138455
2024-11-04 09:15:00,3860.800048828125,3862.699951171875,3764.199951171875,3779.949951171875,52524
2024-11-04 13:15:00,3779.949951171875,3824.60009765625,3752.89990234375,3804.199951171875,48074
2024-11-05 09:15:00,3800.0,3830.0,3778.0,3789.75,23570
2024-11-05 13:15:00,3793.0,3794.64990234375,3752.0,3759.300048828125,69298
2024-11-06 09:15:00,3784.0,3784.0,3663.800048828125,3757.60009765625,15994
2024-11-06 13:15:00,3757.800048828125,3771.60009765625,3732.75,3750.0,16624
2024-11-07 09:15:00,3742.050048828125,3750.449951171875,3684.5,3689.85009765625,174636
2024-11-07 13:15:00,3689.85009765625,3700.0,3666.14990234375,3680.0,41860
2024-11-08 09:15:00,3677.0,3677.14990234375,3597.449951171875,3653.89990234375,38935
2024-11-08 13:15:00,3651.449951171875,3675.0,3645.0,3658.14990234375,14139
2024-11-11 09:15:00,3650.0,3650.85009765625,3621.800048828125,3635.0,14576
2024-11-11 13:15:00,3635.0,3635.0,3602.550048828125,3604.10009765625,6838
2024-11-12 09:15:00,3630.050048828125,3630.050048828125,3560.0,3563.550048828125,113180
2024-11-12 13:15:00,3563.550048828125,3563.550048828125,3525.14990234375,3531.60009765625,22794
2024-11-13 09:15:00,3535.949951171875,3546.10009765625,3489.14990234375,3519.300048828125,10417
2024-11-13 13:15:00,3520.0,3526.0,3500.449951171875,3514.699951171875,9465
2024-11-14 09:15:00,3524.800048828125,3526.75,3465.199951171875,3506.10009765625,6871
2024-11-14 13:15:00,3506.14990234375,3507.300048828125,3420.0,3439.449951171875,18868
2024-11-18 09:15:00,3449.0,3459.800048828125,3366.5,3414.699951171875,7291
2024-11-18 13:15:00,3415.14990234375,3422.949951171875,3399.39990234375,3411.949951171875,8515
2024-11-19 09:15:00,3416.75,3489.75,3415.449951171875,3482.800048828125,13775
2024-11-19 13:15:00,3483.050048828125,3485.300048828125,3422.39990234375,3447.449951171875,29892
2024-11-21 09:15:00,3440.0,3440.0,3337.0,3367.85009765625,16711
2024-11-21 13:15:00,3369.75,3424.0,3368.050048828125,3406.0,14396
2024-11-22 09:15:00,3390.5,3450.64990234375,3390.5,3436.85009765625,6207
2024-11-22 13:15:00,3434.5,3441.89990234375,3406.0,3414.949951171875,9943
2024-11-25 09:15:00,3443.0,3544.949951171875,3443.0,3499.89990234375,11124
2024-11-25 13:15:00,3498.050048828125,3501.949951171875,3463.550048828125,3477.60009765625,14222
2024-11-26 09:15:00,3495.89990234375,3505.199951171875,3468.10009765625,3471.39990234375,4417
2024-11-26 13:15:00,3474.39990234375,3498.89990234375,3466.0,3486.0,32312
2024-11-27 09:15:00,3499.89990234375,3499.89990234375,3427.35009765625,3450.0,15451
2024-11-27 13:15:00,3449.89990234375,3451.0,3440.0,3447.0,7797
2024-11-28 09:15:00,3450.0,3482.0,3444.0,3469.0,8468
2024-11-28 13:15:00,3469.0,3485.89990234375,3465.0,3478.64990234375,6145
2024-11-29 09:15:00,3481.050048828125,3482.199951171875,3440.39990234375,3479.64990234375,61211
2024-11-29 13:15:00,3478.5,3518.39990234375,3459.89990234375,3499.25,31859
2024-12-02 09:15:00,3488.39990234375,3488.39990234375,3455.199951171875,3470.050048828125,5567
2024-12-02 13:15:00,3470.050048828125,3480.199951171875,3465.0,3473.64990234375,8155
2024-12-03 09:15:00,3480.0,3590.0,3462.25,3579.0,39482
2024-12-03 13:15:00,3579.0,3599.0,3470.0,3490.0,31652
2024-12-04 09:15:00,3513.0,3544.800048828125,3484.699951171875,3489.699951171875,9138
2024-12-04 13:15:00,3489.75,3500.0,3486.60009765625,3496.5,10588
2024-12-05 09:15:00,3496.5,3500.0,3461.64990234375,3468.0,44864
2024-12-05 13:15:00,3468.0,3468.14990234375,3444.0,3458.800048828125,50149
2024-12-06 09:15:00,3460.14990234375,3482.949951171875,3412.39990234375,3415.0,15162
2024-12-06 13:15:00,3413.050048828125,3443.0,3413.050048828125,3427.300048828125,12460
2024-12-09 09:15:00,3457.89990234375,3472.10009765625,3435.0,3465.0,25745
2024-12-09 13:15:00,3465.0,3472.14990234375,3447.300048828125,3472.14990234375,124793
2024-12-10 09:15:00,3475.0,3576.89990234375,3475.0,3509.949951171875,20916
2024-12-10 13:15:00,3504.89990234375,3507.0,3455.85009765625,3478.5,55091
2024-12-11 09:15:00,3496.75,3534.949951171875,3496.75,3520.0,8430
2024-12-11 13:15:00,3520.0,3534.0,3507.39990234375,3515.14990234375,23214
2024-12-12 09:15:00,3544.0,3545.39990234375,3490.050048828125,3500.75,3977
2024-12-12 13:15:00,3500.699951171875,3508.5,3485.10009765625,3491.0,41564
2024-12-13 09:15:00,3503.85009765625,3520.5,3446.800048828125,3502.449951171875,144171
2024-12-13 13:15:00,3503.5,3508.800048828125,3475.0,3488.60009765625,14180
2024-12-16 09:15:00,3530.0,3557.0,3475.35009765625,3500.0,10596
2024-12-16 13:15:00,3500.0,3510.0,3489.949951171875,3499.89990234375,67786
2024-12-17 09:15:00,3505.85009765625,3515.0,3475.0,3490.89990234375,7982
2024-12-17 13:15:00,3490.949951171875,3497.89990234375,3448.89990234375,3465.75,10887
2024-12-18 09:15:00,3465.0,3505.60009765625,3461.300048828125,3469.35009765625,7619
2024-12-18 13:15:00,3469.35009765625,3480.050048828125,3450.14990234375,3467.199951171875,5297
2024-12-19 09:15:00,3450.0,3477.199951171875,3415.0,3439.35009765625,4062
2024-12-19 13:15:00,3440.0,3445.0,3425.75,3431.800048828125,6448
2024-12-20 09:15:00,3437.300048828125,3445.949951171875,3377.0,3379.75,9098
2024-12-20 13:15:00,3375.199951171875,3382.64990234375,3350.0,3370.0,62475
2024-12-23 09:15:00,3369.39990234375,3369.39990234375,3282.050048828125,3310.10009765625,84953
2024-12-23 13:15:00,3310.10009765625,3327.800048828125,3299.25,3315.25,72892
2024-12-24 09:15:00,3330.949951171875,3369.89990234375,3312.25,3360.550048828125,5576
2024-12-24 13:15:00,3361.14990234375,3417.75,3360.0,3390.0,19296
2024-12-26 09:15:00,3408.85009765625,3408.85009765625,3343.0,3360.60009765625,5517
2024-12-26 13:15:00,3360.0,3373.5,3330.699951171875,3364.89990234375,16852
2024-12-27 09:15:00,3380.89990234375,3432.0,3358.10009765625,3420.5,7525
2024-12-27 13:15:00,3420.5,3455.0,3406.0,3419.949951171875,52980
2024-12-30 09:15:00,3435.0,3435.0,3382.39990234375,3391.85009765625,2762
2024-12-30 13:15:00,3390.699951171875,3420.5,3390.0,3390.0,12806
2024-12-31 09:15:00,3391.64990234375,3416.199951171875,3365.050048828125,3399.85009765625,3438
2024-12-31 13:15:00,3399.85009765625,3410.0,3375.10009765625,3402.64990234375,16758
2025-01-01 09:15:00,3400.0,3401.14990234375,3362.050048828125,3381.800048828125,3657
2025-01-01 13:15:00,3382.60009765625,3406.0,3380.0,3395.60009765625,274572
2025-01-02 09:15:00,3389.300048828125,3405.0,3350.0,3404.550048828125,16111
2025-01-02 13:15:00,3404.550048828125,3445.949951171875,3376.5,3400.0,13418
2025-01-03 09:15:00,3413.85009765625,3420.949951171875,3390.39990234375,3396.89990234375,5409
2025-01-03 13:15:00,3394.300048828125,3396.800048828125,3375.0,3375.0,6576
2025-01-06 09:15:00,3381.699951171875,3381.699951171875,3326.050048828125,3342.949951171875,14897
2025-01-06 13:15:00,3340.199951171875,3368.85009765625,3335.0,3341.949951171875,16204
2025-01-07 09:15:00,3341.949951171875,3361.949951171875,3330.0,3346.050048828125,2592
2025-01-07 13:15:00,3345.75,3376.0,3320.0,3343.25,7123
2025-01-08 09:15:00,3340.0,3398.800048828125,3328.050048828125,3387.64990234375,7683
2025-01-08 13:15:00,3387.699951171875,3428.949951171875,3381.050048828125,3424.0,16808
2025-01-09 09:15:00,3417.050048828125,3462.800048828125,3402.699951171875,3420.10009765625,3242
2025-01-09 13:15:00,3422.5,3445.0,3391.0,3433.199951171875,21901
2025-01-10 09:15:00,3434.75,3442.0,3357.35009765625,3390.75,4332
2025-01-10 13:15:00,3393.449951171875,3394.949951171875,3352.5,3366.300048828125,5361
2025-01-13 09:15:00,3355.0,3361.949951171875,3301.800048828125,3306.14990234375,9068
2025-01-13 13:15:00,3305.800048828125,3316.85009765625,3283.0,3297.39990234375,11996
2025-01-14 09:15:00,3293.14990234375,3388.449951171875,3277.5,3378.050048828125,10685
2025-01-14 13:15:00,3377.0,3390.64990234375,3368.39990234375,3368.75,9236
2025-01-15 09:15:00,3402.39990234375,3412.35009765625,3365.10009765625,3375.0,37851
2025-01-15 13:15:00,3375.0,3452.25,3374.949951171875,3428.300048828125,17938
2025-01-16 09:15:00,3440.5,3494.0,3424.949951171875,3463.0,3664
2025-01-16 13:15:00,3463.0,3512.949951171875,3459.050048828125,3500.0,9730
2025-01-17 09:15:00,3537.85009765625,3537.85009765625,3449.0,3508.0,10907
2025-01-17 13:15:00,3508.0,3523.0,3489.5,3501.5,7610
2025-01-20 09:15:00,3535.10009765625,3575.0,3502.5,3560.0,76811
2025-01-20 13:15:00,3560.0,3581.5,3531.550048828125,3571.050048828125,17750
2025-01-21 09:15:00,3563.050048828125,3569.0,3483.60009765625,3562.050048828125,15661
2025-01-21 13:15:00,3565.0,3613.800048828125,3553.14990234375,3600.0,22918
2025-01-22 09:15:00,3586.60009765625,3595.39990234375,3527.949951171875,3591.0,14802
2025-01-22 13:15:00,3591.0,3597.449951171875,3582.050048828125,3589.449951171875,13007
2025-01-23 09:15:00,3568.550048828125,3682.75,3568.550048828125,3611.449951171875,11179
2025-01-23 13:15:00,3612.64990234375,3659.0,3600.050048828125,3655.0,24102
2025-01-24 09:15:00,3660.0,3715.0,3606.699951171875,3635.85009765625,29852
2025-01-24 13:15:00,3628.5,3638.0,3600.89990234375,3601.0,13623
2025-01-27 09:15:00,3599.949951171875,3656.75,3580.64990234375,3648.949951171875,13873
2025-01-27 13:15:00,3649.449951171875,3660.0,3635.10009765625,3649.0,11581
2025-01-28 09:15:00,3665.10009765625,3665.10009765625,3620.89990234375,3629.35009765625,5964
2025-01-28 13:15:00,3632.199951171875,3646.449951171875,3584.800048828125,3619.14990234375,17904
2025-01-29 09:15:00,3602.39990234375,3675.0,3591.14990234375,3642.550048828125,92943
2025-01-29 13:15:00,3641.25,3670.0,3639.25,3642.5,10357
2025-01-30 09:15:00,3650.0,3660.0,3625.0,3629.0,3499
2025-01-30 13:15:00,3630.85009765625,3632.0,3625.0,3625.0,10237
2025-01-31 09:15:00,3632.35009765625,3669.85009765625,3630.0,3657.300048828125,114934
2025-01-31 13:15:00,3657.25,3695.699951171875,3654.0,3680.60009765625,14015
2025-02-03 09:15:00,3666.85009765625,3678.25,3641.5,3650.300048828125,7181
2025-02-03 13:15:00,3650.35009765625,3660.300048828125,3625.050048828125,3652.0,3374
2025-02-04 09:15:00,3647.0,3668.85009765625,3626.85009765625,3658.300048828125,2485
2025-02-04 13:15:00,3657.949951171875,3669.0,3626.14990234375,3650.0,5017
2025-02-05 09:15:00,3662.89990234375,3701.0,3636.300048828125,3690.699951171875,8256
2025-02-05 13:15:00,3689.949951171875,3770.0,3688.050048828125,3748.89990234375,15617
2025-02-06 09:15:00,3748.0,3774.60009765625,3648.050048828125,3686.35009765625,15893
2025-02-06 13:15:00,3691.89990234375,3712.0,3631.0,3696.050048828125,21785
2025-02-07 09:15:00,3696.0,3696.0,3650.0,3652.35009765625,4148
2025-02-07 13:15:00,3652.60009765625,3712.449951171875,3640.0,3670.050048828125,35592
2025-02-10 09:15:00,3689.64990234375,3703.949951171875,3647.0,3652.85009765625,50227
2025-02-10 13:15:00,3652.85009765625,3654.5,3647.0,3654.5,6866
2025-02-11 09:15:00,3632.39990234375,3667.89990234375,3618.0,3642.89990234375,9015
2025-02-11 13:15:00,3643.0,3644.050048828125,3538.199951171875,3550.35009765625,67008
2025-02-12 09:15:00,3510.5,3530.0,3480.0,3520.550048828125,7414
2025-02-12 13:15:00,3522.300048828125,3575.800048828125,3517.699951171875,3573.949951171875,6325
2025-02-13 09:15:00,3550.10009765625,3560.050048828125,3520.0,3522.949951171875,7587
2025-02-13 13:15:00,3522.949951171875,3530.0,3519.0,3525.0,14403
2025-02-14 09:15:00,3500.0,3552.449951171875,3400.699951171875,3407.199951171875,12623
2025-02-14 13:15:00,3404.25,3475.85009765625,3391.5,3400.0,12022
2025-02-17 09:15:00,3381.0,3454.0,3346.39990234375,3441.39990234375,9992
2025-02-17 13:15:00,3445.5,3484.89990234375,3402.85009765625,3466.39990234375,10632
2025-02-18 09:15:00,3450.0,3454.85009765625,3371.64990234375,3387.10009765625,14096
2025-02-18 13:15:00,3385.14990234375,3429.5,3375.85009765625,3405.550048828125,13508
2025-02-19 09:15:00,3377.699951171875,3433.85009765625,3367.199951171875,3394.64990234375,8049
2025-02-19 13:15:00,3395.199951171875,3440.85009765625,3375.0,3375.0,7380
2025-02-20 09:15:00,3390.0,3391.75,3360.64990234375,3385.199951171875,6585
2025-02-20 13:15:00,3385.14990234375,3422.89990234375,3381.0,3385.10009765625,18257
2025-02-21 09:15:00,3380.050048828125,3395.800048828125,3362.449951171875,3383.85009765625,35688
2025-02-21 13:15:00,3381.39990234375,3402.64990234375,3375.199951171875,3385.0,15491
2025-02-24 09:15:00,3351.10009765625,3352.35009765625,3316.949951171875,3323.949951171875,12472
2025-02-24 13:15:00,3324.0,3328.60009765625,3228.35009765625,3228.35009765625,19529
2025-02-25 09:15:00,3264.949951171875,3269.199951171875,3192.300048828125,3198.949951171875,18262
2025-02-25 13:15:00,3199.0,3238.0,3196.550048828125,3203.0,23999
2025-02-27 09:15:00,3241.10009765625,3258.0,3200.0,3205.0,4728
2025-02-27 13:15:00,3205.050048828125,3209.0,3195.0,3204.550048828125,16175
2025-02-28 09:15:00,3175.14990234375,3212.800048828125,3105.14990234375,3149.25,11389
2025-02-28 13:15:00,3149.60009765625,3159.85009765625,3111.199951171875,3159.75,37405
2025-03-03 09:15:00,3140.0,3172.64990234375,3093.35009765625,3169.949951171875,12100
2025-03-03 13:15:00,3170.0,3170.0,3153.64990234375,3162.14990234375,9378
2025-03-04 09:15:00,3140.0,3150.449951171875,3119.449951171875,3137.050048828125,7330
2025-03-04 13:15:00,3133.199951171875,3150.0,3129.39990234375,3150.0,11996
2025-03-05 09:15:00,3133.14990234375,3145.550048828125,3105.5,3134.5,8028
2025-03-05 13:15:00,3134.89990234375,3152.0,3125.0,3135.949951171875,10732
2025-03-06 09:15:00,3150.449951171875,3237.64990234375,3150.449951171875,3171.199951171875,3502
2025-03-06 13:15:00,3172.25,3196.10009765625,3161.14990234375,3166.5,11403
2025-03-07 09:15:00,3191.949951171875,3206.550048828125,3155.800048828125,3161.449951171875,7916
2025-03-07 13:15:00,3164.449951171875,3169.64990234375,3126.39990234375,3142.0,13378
2025-03-10 09:15:00,3130.0,3168.949951171875,3120.199951171875,3147.39990234375,4981
2025-03-10 13:15:00,3147.800048828125,3159.0,3125.0,3137.449951171875,6161
2025-03-11 09:15:00,3146.300048828125,3152.10009765625,3107.10009765625,3138.550048828125,2149
2025-03-11 13:15:00,3135.550048828125,3147.300048828125,3111.89990234375,3137.050048828125,5988
2025-03-12 09:15:00,3137.050048828125,3160.64990234375,3125.0,3146.89990234375,4404
2025-03-12 13:15:00,3150.0,3150.0,3125.0,3150.0,6652
2025-03-13 09:15:00,3144.85009765625,3237.449951171875,3120.0,3130.449951171875,12249
2025-03-13 13:15:00,3128.25,3157.5,3125.0,3150.0,8614
2025-03-17 09:15:00,3145.0,3177.60009765625,3128.85009765625,3137.85009765625,6572
2025-03-17 13:15:00,3141.89990234375,3213.949951171875,3137.449951171875,3201.0,13115
2025-03-18 09:15:00,3224.949951171875,3226.550048828125,3201.10009765625,3210.0,8311
2025-03-18 13:15:00,3213.449951171875,3216.85009765625,3195.0,3199.949951171875,8903
2025-03-19 09:15:00,3195.050048828125,3220.0,3190.949951171875,3211.14990234375,6665
2025-03-19 13:15:00,3214.800048828125,3235.0,3202.0,3225.0,12254
2025-03-20 09:15:00,3241.699951171875,3274.89990234375,3221.64990234375,3245.35009765625,20102
2025-03-20 13:15:00,3245.35009765625,3270.0,3231.60009765625,3250.699951171875,39507
2025-03-21 09:15:00,3269.5,3289.949951171875,3220.0,3253.14990234375,17317
2025-03-21 13:15:00,3253.300048828125,3460.0,3247.60009765625,3383.0,91414
2025-03-24 09:15:00,3338.89990234375,3391.64990234375,3316.89990234375,3387.35009765625,5479
2025-03-24 13:15:00,3387.35009765625,3389.699951171875,3355.0,3372.0,16151
2025-03-25 09:15:00,3375.35009765625,3404.949951171875,3340.64990234375,3347.60009765625,8692
2025-03-25 13:15:00,3348.0,3420.0,3341.60009765625,3352.949951171875,17182
2025-03-26 09:15:00,3400.0,3425.800048828125,3338.85009765625,3363.0,5626
2025-03-26 13:15:00,3363.39990234375,3379.800048828125,3324.050048828125,3365.0,26703
2025-03-27 09:15:00,3365.0,3365.0,3301.64990234375,3351.85009765625,8953
2025-03-27 13:15:00,3351.89990234375,3384.5,3330.0,3356.300048828125,13316
2025-03-28 09:15:00,3370.0,3420.0,3325.0,3336.25,19928
2025-03-28 13:15:00,3336.300048828125,3360.0,3323.800048828125,3345.75,21608
2025-04-01 09:15:00,3310.699951171875,3359.35009765625,3301.64990234375,3308.0,3815
2025-04-01 13:15:00,3306.300048828125,3309.949951171875,3255.5,3287.949951171875,6469
2025-04-02 09:15:00,3291.10009765625,3316.699951171875,3249.0,3312.10009765625,2277
2025-04-02 13:15:00,3313.64990234375,3335.0,3285.0,3285.0,5258
2025-04-03 09:15:00,3280.0,3315.85009765625,3280.0,3300.449951171875,1684
2025-04-03 13:15:00,3304.0,3349.0,3294.0,3305.0,4456
2025-04-04 09:15:00,3339.85009765625,3339.85009765625,3200.0,3203.64990234375,8767
2025-04-04 13:15:00,3203.64990234375,3209.199951171875,3153.949951171875,3184.89990234375,9997
2025-04-07 09:15:00,3060.0,3139.64990234375,3028.5,3076.60009765625,12624
2025-04-07 13:15:00,3076.60009765625,3109.35009765625,3072.14990234375,3091.300048828125,6213
2025-04-08 09:15:00,3123.89990234375,3123.89990234375,3076.39990234375,3088.60009765625,20514
2025-04-08 13:15:00,3088.60009765625,3140.35009765625,3082.75,3106.0,87437
2025-04-09 09:15:00,3132.800048828125,3132.800048828125,3067.35009765625,3086.699951171875,26588
2025-04-09 13:15:00,3089.64990234375,3113.0,3081.14990234375,3109.550048828125,16614
2025-04-11 09:15:00,3145.050048828125,3191.949951171875,3126.35009765625,3148.949951171875,6907
2025-04-11 13:15:00,3149.0,3188.199951171875,3141.14990234375,3178.0,10012
2025-04-15 09:15:00,3222.89990234375,3250.0,3170.10009765625,3184.39990234375,8692
2025-04-15 13:15:00,3183.89990234375,3185.39990234375,3150.0,3165.10009765625,15010
2025-04-16 09:15:00,3176.10009765625,3211.5,3175.10009765625,3198.5,4289
2025-04-16 13:15:00,3199.89990234375,3202.0,3175.0,3185.60009765625,5286
2025-04-17 09:15:00,3185.89990234375,3191.5,3135.5,3162.300048828125,14009
2025-04-17 13:15:00,3166.89990234375,3171.300048828125,3136.10009765625,3144.10009765625,16068
2025-04-21 09:15:00,3157.0,3158.199951171875,3106.300048828125,3129.10009765625,40287
2025-04-21 13:15:00,3129.10009765625,3148.800048828125,3125.0,3131.0,104354
2025-04-22 09:15:00,3137.89990234375,3215.0,3115.0,3171.300048828125,14110
2025-04-22 13:15:00,3171.300048828125,3171.800048828125,3135.89990234375,3147.60009765625,11127
2025-04-23 09:15:00,3177.0,3177.0,3093.300048828125,3121.89990234375,21888
2025-04-23 13:15:00,3119.300048828125,3148.699951171875,3110.39990234375,3127.300048828125,135533
2025-04-24 09:15:00,3144.5,3198.5,3092.39990234375,3151.89990234375,288332
2025-04-24 13:15:00,3151.89990234375,3183.800048828125,3150.0,3173.0,18134
2025-04-25 09:15:00,3189.699951171875,3189.699951171875,3131.0,3152.800048828125,39383
2025-04-25 13:15:00,3154.0,3188.89990234375,3149.699951171875,3180.199951171875,20408
2025-04-28 09:15:00,3193.0,3251.5,3168.800048828125,3210.5,18327
2025-04-28 13:15:00,3213.0,3213.10009765625,3150.699951171875,3176.800048828125,20215
2025-04-29 09:15:00,3184.60009765625,3213.699951171875,3160.0,3209.0,4991
2025-04-29 13:15:00,3209.0,3217.39990234375,3200.0,3215.39990234375,6845
2025-04-30 09:15:00,3238.0,3238.0,3154.300048828125,3194.5,12355
2025-04-30 13:15:00,3194.5,3212.0,3155.0,3193.89990234375,35453
2025-05-02 09:15:00,3172.89990234375,3223.199951171875,3112.60009765625,3120.0,9476
2025-05-02 13:15:00,3118.199951171875,3120.10009765625,3096.0,3101.300048828125,19540
2025-05-05 09:15:00,3110.0,3185.60009765625,3081.199951171875,3171.89990234375,26141
2025-05-05 13:15:00,3170.5,3183.0,3168.60009765625,3169.89990234375,11576
2025-05-06 09:15:00,3184.89990234375,3219.0,3162.5,3171.39990234375,5325
2025-05-06 13:15:00,3167.199951171875,3167.199951171875,3111.0,3119.89990234375,16977
2025-05-07 09:15:00,3118.800048828125,3135.39990234375,3083.39990234375,3123.10009765625,6629
2025-05-07 13:15:00,3120.0,3132.89990234375,3118.0,3122.5,13214
2025-05-08 09:15:00,3120.0,3158.5,3119.0,3121.60009765625,5523
2025-05-08 13:15:00,3121.5,3124.0,3083.800048828125,3120.0,23903
2025-05-09 09:15:00,3100.300048828125,3137.10009765625,3082.0,3122.0,4912
2025-05-09 13:15:00,3122.0,3131.5,3102.0,3131.5,8343
2025-05-12 09:15:00,3144.0,3238.300048828125,3142.39990234375,3230.5,27849
2025-05-12 13:15:00,3229.699951171875,3255.0,3212.10009765625,3245.800048828125,11503
2025-05-13 09:15:00,3246.0,3275.0,3217.800048828125,3227.0,11271
2025-05-13 13:15:00,3227.199951171875,3230.0,3220.0,3230.0,7577
2025-05-14 09:15:00,3250.0,3304.199951171875,3233.199951171875,3300.0,19634
2025-05-14 13:15:00,3300.10009765625,3306.0,3233.0,3263.89990234375,11604
2025-05-15 09:15:00,3262.89990234375,3316.60009765625,3232.60009765625,3311.60009765625,34995
2025-05-15 13:15:00,3314.89990234375,3320.0,3300.0,3306.0,9665
2025-05-16 09:15:00,3330.10009765625,3350.0,3300.0,3302.0,28286
2025-05-16 13:15:00,3302.0,3329.89990234375,3290.10009765625,3297.0,14118
2025-05-19 09:15:00,3342.300048828125,3344.0,3281.10009765625,3323.0,10444
2025-05-19 13:15:00,3323.0,3330.0,3299.0,3313.300048828125,25889
2025-05-20 09:15:00,3318.0,3340.5,3292.5,3316.699951171875,11704
2025-05-20 13:15:00,3316.39990234375,3316.39990234375,3267.39990234375,3278.39990234375,15051
2025-05-21 09:15:00,3285.0,3323.0,3267.39990234375,3294.300048828125,6754
2025-05-21 13:15:00,3297.5,3305.0,3282.0,3296.5,6453
2025-05-22 09:15:00,3272.5,3309.39990234375,3254.800048828125,3266.699951171875,9120
2025-05-22 13:15:00,3264.300048828125,3276.39990234375,3242.300048828125,3260.0,12209
2025-05-23 09:15:00,3265.300048828125,3276.5,3200.199951171875,3205.0,19927
2025-05-23 13:15:00,3205.0,3357.89990234375,3205.0,3316.10009765625,351495
2025-05-26 09:15:00,3340.199951171875,3420.0,3296.5,3377.800048828125,22048
2025-05-26 13:15:00,3375.800048828125,3384.0,3350.699951171875,3359.10009765625,18868
2025-05-27 09:15:00,3374.199951171875,3404.199951171875,3352.39990234375,3396.10009765625,19270
2025-05-27 13:15:00,3400.0,3402.0,3376.39990234375,3390.800048828125,17080
2025-05-28 09:15:00,3414.89990234375,3430.0,3372.89990234375,3376.5,85205
2025-05-28 13:15:00,3376.5,3400.0,3374.10009765625,3388.0,34074
2025-05-29 09:15:00,3387.89990234375,3497.89990234375,3387.89990234375,3471.199951171875,19583
2025-05-29 13:15:00,3474.39990234375,3499.0,3461.5,3487.60009765625,9999
2025-05-30 09:15:00,3504.89990234375,3619.300048828125,3494.199951171875,3502.199951171875,81677
2025-05-30 13:15:00,3502.199951171875,3536.89990234375,3474.800048828125,3497.89990234375,45054
2025-06-02 09:15:00,3488.60009765625,3524.89990234375,3463.199951171875,3468.0,8832
2025-06-02 13:15:00,3468.0,3486.199951171875,3464.60009765625,3473.800048828125,13442
2025-06-03 09:15:00,3474.0,3486.60009765625,3427.0,3429.699951171875,5316
2025-06-03 13:15:00,3429.699951171875,3456.800048828125,3420.0,3437.5,31386
2025-06-04 09:15:00,3460.0,3523.5,3460.0,3502.89990234375,19773
2025-06-04 13:15:00,3501.39990234375,3545.0,3490.300048828125,3535.0,21565
2025-06-05 09:15:00,3529.89990234375,3550.0,3501.300048828125,3507.300048828125,14263
2025-06-05 13:15:00,3505.39990234375,3523.0,3488.89990234375,3499.89990234375,11002
2025-06-06 09:15:00,3500.0,3517.10009765625,3487.0,3503.5,8320
2025-06-06 13:15:00,3501.0,3518.89990234375,3497.199951171875,3500.10009765625,6991
2025-06-09 09:15:00,3549.699951171875,3549.699951171875,3498.89990234375,3504.300048828125,4737
2025-06-09 13:15:00,3501.89990234375,3515.89990234375,3500.0,3500.300048828125,23811
2025-06-10 09:15:00,3524.89990234375,3525.89990234375,3494.5,3500.60009765625,31010
2025-06-10 13:15:00,3500.199951171875,3508.10009765625,3499.800048828125,3500.300048828125,7119
2025-06-11 09:15:00,3499.699951171875,3520.89990234375,3498.0,3505.10009765625,3019
2025-06-11 13:15:00,3505.0,3527.199951171875,3500.0,3517.199951171875,5468
2025-06-12 09:15:00,3509.800048828125,3538.89990234375,3483.5,3499.0,15286
2025-06-12 13:15:00,3499.0,3499.0,3428.89990234375,3450.60009765625,119504
2025-06-13 09:15:00,3372.39990234375,3464.0,3372.39990234375,3450.89990234375,14002
2025-06-13 13:15:00,3450.800048828125,3469.0,3430.39990234375,3443.800048828125,6337
2025-06-16 09:15:00,3450.5,3450.5,3379.60009765625,3402.199951171875,23224
2025-06-16 13:15:00,3404.0,3408.199951171875,3385.0,3389.0,25367
2025-06-17 09:15:00,3414.89990234375,3425.0,3381.300048828125,3413.89990234375,12181
2025-06-17 13:15:00,3415.0,3423.0,3405.0,3416.60009765625,40513
2025-06-18 09:15:00,3406.39990234375,3462.89990234375,3398.10009765625,3407.199951171875,10824
2025-06-18 13:15:00,3405.10009765625,3409.699951171875,3375.0,3384.300048828125,10150
2025-06-19 09:15:00,3391.0,3434.300048828125,3354.39990234375,3365.300048828125,12424
2025-06-19 13:15:00,3368.699951171875,3369.0,3350.0,3360.0,13962
2025-06-20 09:15:00,3348.199951171875,3367.300048828125,3301.39990234375,3314.199951171875,36944
2025-06-20 13:15:00,3313.300048828125,3317.5,3210.39990234375,3301.0,578998
2025-06-23 09:15:00,3267.5,3331.5,3267.5,3298.699951171875,8080
2025-06-23 13:15:00,3298.0,3307.800048828125,3288.10009765625,3299.5,8232
2025-06-24 09:15:00,3329.89990234375,3329.89990234375,3275.60009765625,3287.0,26382
2025-06-24 13:15:00,3287.300048828125,3304.39990234375,3272.60009765625,3277.5,36463
2025-06-25 09:15:00,3264.60009765625,3309.5,3260.39990234375,3305.300048828125,25953
2025-06-25 13:15:00,3303.0,3318.800048828125,3290.0,3294.0,80470
2025-06-26 09:15:00,3305.89990234375,3359.300048828125,3305.89990234375,3326.199951171875,17498
2025-06-26 13:15:00,3326.300048828125,3337.199951171875,3317.300048828125,3320.10009765625,19985
2025-06-27 09:15:00,3325.0,3348.199951171875,3325.0,3331.199951171875,8720
2025-06-27 13:15:00,3330.800048828125,3349.0,3327.10009765625,3349.0,10005
2025-06-30 09:15:00,3346.0,3352.699951171875,3328.0,3330.699951171875,4139
2025-06-30 13:15:00,3330.60009765625,3333.800048828125,3302.0,3303.89990234375,15034
2025-07-01 09:15:00,3320.10009765625,3340.0,3291.300048828125,3297.300048828125,14125
2025-07-01 13:15:00,3297.39990234375,3300.0,3290.0,3290.0,9601
2025-07-02 09:15:00,3299.300048828125,3299.300048828125,3250.0,3258.199951171875,80511
2025-07-02 13:15:00,3258.300048828125,3260.0,3250.0,3254.10009765625,12413
2025-07-03 09:15:00,3331.39990234375,3331.39990234375,3272.10009765625,3303.10009765625,51600
2025-07-03 13:15:00,3303.10009765625,3327.60009765625,3299.0,3307.0,41339
2025-07-04 09:15:00,3307.0,3315.0,3276.800048828125,3304.0,10543
2025-07-04 13:15:00,3304.0,3321.60009765625,3295.0,3312.199951171875,12180
2025-07-07 09:15:00,3329.89990234375,3338.0,3287.199951171875,3332.699951171875,59631
2025-07-07 13:15:00,3332.699951171875,3374.0,3326.39990234375,3358.0,31057
2025-07-08 09:15:00,3365.10009765625,3499.89990234375,3355.89990234375,3454.89990234375,56609
2025-07-08 13:15:00,3458.0,3461.5,3434.800048828125,3450.10009765625,28953
2025-07-09 09:15:00,3469.699951171875,3529.39990234375,3425.10009765625,3468.699951171875,55929
2025-07-09 13:15:00,3473.300048828125,3475.0,3451.0,3454.0,13362
2025-07-10 09:15:00,3450.10009765625,3461.10009765625,3405.199951171875,3419.39990234375,12422
2025-07-10 13:15:00,3419.0,3450.0,3417.10009765625,3430.39990234375,6327
2025-07-11 09:15:00,3454.39990234375,3454.39990234375,3367.800048828125,3372.699951171875,11196
2025-07-11 13:15:00,3374.300048828125,3374.300048828125,3352.0,3352.10009765625,9598
2025-07-14 09:15:00,3359.699951171875,3377.60009765625,3331.699951171875,3341.300048828125,4394
2025-07-14 13:15:00,3341.5,3364.800048828125,3332.300048828125,3349.60009765625,3672
2025-07-15 09:15:00,3401.800048828125,3472.0,3375.39990234375,3393.0,55897
2025-07-15 13:15:00,3391.699951171875,3405.60009765625,3377.300048828125,3398.199951171875,13513
2025-07-16 09:15:00,3398.199951171875,3432.39990234375,3365.0,3380.5,5308
2025-07-16 13:15:00,3380.10009765625,3420.0,3375.0,3386.0,8976
2025-07-17 09:15:00,3387.0,3443.199951171875,3377.5,3434.39990234375,42955
2025-07-17 13:15:00,3436.39990234375,3460.0,3431.60009765625,3437.0,11014
2025-07-18 09:15:00,3454.89990234375,3454.89990234375,3380.5,3385.0,5486
2025-07-18 13:15:00,3384.800048828125,3388.39990234375,3365.0,3370.300048828125,13027
2025-07-21 09:15:00,3359.5,3370.0,3338.0,3359.0,8817
2025-07-21 13:15:00,3358.89990234375,3359.0,3340.10009765625,3345.699951171875,5622
2025-07-22 09:15:00,3379.199951171875,3379.199951171875,3321.0,3335.39990234375,4196
2025-07-22 13:15:00,3337.300048828125,3345.0,3330.0,3338.699951171875,4426
2025-07-23 09:15:00,3339.0,3361.300048828125,3314.0,3353.800048828125,8515
2025-07-23 13:15:00,3357.0,3368.0,3345.300048828125,3354.5,8519
2025-07-24 09:15:00,3361.89990234375,3379.39990234375,3330.0,3339.699951171875,6666
2025-07-24 13:15:00,3340.0,3340.0,3316.0,3323.60009765625,8927
2025-07-25 09:15:00,3340.199951171875,3340.199951171875,3227.0,3228.0,44523
2025-07-25 13:15:00,3228.39990234375,3262.699951171875,3225.0,3258.89990234375,69671
2025-07-28 09:15:00,3256.800048828125,3288.699951171875,3242.60009765625,3250.0,5766
2025-07-28 13:15:00,3251.0,3251.89990234375,3213.0,3213.800048828125,7073
2025-07-29 09:15:00,3216.5,3234.5,3162.0,3176.60009765625,13147
2025-07-29 13:15:00,3177.10009765625,3199.89990234375,3175.0,3183.39990234375,10594
2025-07-30 09:15:00,3186.0,3216.300048828125,3171.699951171875,3213.10009765625,13080
2025-07-30 13:15:00,3212.89990234375,3222.0,3185.89990234375,3195.300048828125,6458
2025-07-31 09:15:00,3190.0,3194.0,3138.300048828125,3170.39990234375,20044
2025-07-31 13:15:00,3170.300048828125,3193.60009765625,3125.0,3135.89990234375,25391
2025-08-01 09:15:00,3138.0,3144.39990234375,3092.0,3101.800048828125,16707
2025-08-01 13:15:00,3100.10009765625,3118.300048828125,3090.0,3097.39990234375,12170
2025-08-04 09:15:00,3103.0,3103.0,3025.0,3064.10009765625,35621
2025-08-04 13:15:00,3062.699951171875,3086.89990234375,3054.10009765625,3069.300048828125,21946
2025-08-05 09:15:00,3089.89990234375,3153.199951171875,3068.60009765625,3126.0,21432
2025-08-05 13:15:00,3126.300048828125,3151.89990234375,3117.39990234375,3142.0,26652
2025-08-06 09:15:00,3160.0,3193.10009765625,3134.5,3187.199951171875,17144
2025-08-06 13:15:00,3187.39990234375,3213.699951171875,3182.39990234375,3194.0,16187
2025-08-07 09:15:00,3192.800048828125,3192.800048828125,3136.5,3142.0,8558
2025-08-07 13:15:00,3144.10009765625,3160.699951171875,3138.10009765625,3150.0,27559
2025-08-08 09:15:00,3146.5,3150.0,3075.0,3083.10009765625,33445
2025-08-08 13:15:00,3084.0,3099.800048828125,3080.10009765625,3088.60009765625,11671
2025-08-11 09:15:00,3087.89990234375,3123.39990234375,3060.0,3114.0,24665
2025-08-11 13:15:00,3114.0,3149.89990234375,3105.0,3112.699951171875,129092
2025-08-12 09:15:00,3120.199951171875,3144.5,3080.0,3100.0,6595
2025-08-12 13:15:00,3100.0,3110.0,3097.89990234375,3100.89990234375,6684
2025-08-13 09:15:00,3100.10009765625,3135.0,3100.10009765625,3124.5,5228
2025-08-13 13:15:00,3126.5,3221.300048828125,3118.0,3142.89990234375,131013
2025-08-14 09:15:00,3147.89990234375,3147.89990234375,3049.5,3112.0,62917
2025-08-14 13:15:00,3120.0,3137.800048828125,3115.0,3120.0,25915
2025-08-18 09:15:00,3136.5,3149.5,3085.39990234375,3114.60009765625,30889
2025-08-18 13:15:00,3114.800048828125,3125.0,3108.800048828125,3122.0,16611
2025-08-19 09:15:00,3121.0,3139.300048828125,3078.10009765625,3108.10009765625,37559
2025-08-19 13:15:00,3108.10009765625,3139.0,3107.5,3135.0,23782
2025-08-20 09:15:00,3137.39990234375,3147.89990234375,3105.0,3108.10009765625,22831
2025-08-20 13:15:00,3109.699951171875,3114.300048828125,3086.199951171875,3096.5,14972
2025-08-21 09:15:00,3113.0,3127.0,3103.0,3118.699951171875,10835
2025-08-21 13:15:00,3118.0,3119.300048828125,3103.699951171875,3106.10009765625,13372
2025-08-22 09:15:00,3116.0,3130.89990234375,3093.10009765625,3106.300048828125,13408
2025-08-22 13:15:00,3107.60009765625,3121.89990234375,3069.0,3107.699951171875,13584
2025-08-25 09:15:00,3107.699951171875,3121.89990234375,3107.699951171875,3113.199951171875,9766
2025-08-25 13:15:00,3112.199951171875,3114.39990234375,3085.0,3090.10009765625,36658
2025-08-26 09:15:00,3092.5,3110.699951171875,3052.60009765625,3053.10009765625,29880
2025-08-26 13:15:00,3052.10009765625,3056.0,3036.5,3039.5,20545
2025-08-28 09:15:00,3046.0,3051.0,3001.199951171875,3041.699951171875,34293
2025-08-28 13:15:00,3041.5,3043.800048828125,3011.60009765625,3015.300048828125,37723
2025-08-29 09:15:00,3024.699951171875,3057.300048828125,3011.89990234375,3035.89990234375,136802
2025-08-29 13:15:00,3036.5,3065.89990234375,3036.5,3053.0,25347
2025-09-01 09:15:00,3054.60009765625,3096.39990234375,3050.10009765625,3089.199951171875,41037
2025-09-01 13:15:00,3090.300048828125,3095.300048828125,3084.39990234375,3084.39990234375,19072
2025-09-02 09:15:00,3092.39990234375,3137.199951171875,3067.5,3127.10009765625,21653
2025-09-02 13:15:00,3127.699951171875,3133.60009765625,3095.10009765625,3109.5,14542
2025-09-03 09:15:00,3121.10009765625,3121.10009765625,3060.199951171875,3068.60009765625,23125
2025-09-03 13:15:00,3066.5,3090.0,3065.10009765625,3075.300048828125,40826
2025-09-04 09:15:00,3076.5,3096.800048828125,3075.0,3088.5,16283
2025-09-04 13:15:00,3089.699951171875,3091.199951171875,3063.10009765625,3075.0,13033
2025-09-05 09:15:00,3075.5,3080.10009765625,3055.10009765625,3060.0,10300
2025-09-05 13:15:00,3060.0,3069.89990234375,3045.10009765625,3048.10009765625,11748
2025-09-08 09:15:00,3041.0,3057.89990234375,3026.39990234375,3034.5,6146
2025-09-08 13:15:00,3035.89990234375,3042.0,3018.0,3025.0,10994
2025-09-09 09:15:00,3035.699951171875,3050.0,3019.0,3042.0,37108
2025-09-09 13:15:00,3042.0,3042.0,3024.0,3033.300048828125,57953
2025-09-10 09:15:00,3035.89990234375,3090.89990234375,3035.89990234375,3059.60009765625,17298
2025-09-10 13:15:00,3059.60009765625,3086.199951171875,3051.60009765625,3058.800048828125,48637
2025-09-11 09:15:00,3075.199951171875,3075.199951171875,3036.5,3039.0,15626
2025-09-11 13:15:00,3041.60009765625,3052.39990234375,3026.300048828125,3029.10009765625,13278
2025-09-12 09:15:00,3044.199951171875,3062.10009765625,3003.0,3057.89990234375,54298
2025-09-12 13:15:00,3057.199951171875,3099.0,3057.10009765625,3085.0,36508
2025-09-15 09:15:00,3089.60009765625,3119.10009765625,3071.89990234375,3115.699951171875,11392
2025-09-15 13:15:00,3115.699951171875,3116.5,3103.0,3109.0,27987
2025-09-16 09:15:00,3118.10009765625,3134.699951171875,3093.5,3100.10009765625,18044
2025-09-16 13:15:00,3100.199951171875,3100.5,3098.300048828125,3100.0,12064
2025-09-17 09:15:00,3101.800048828125,3140.5,3100.0,3133.5,22697
2025-09-17 13:15:00,3130.0,3137.10009765625,3106.699951171875,3123.89990234375,23936
2025-09-18 09:15:00,3123.0,3160.0,3104.300048828125,3149.60009765625,14460
2025-09-18 13:15:00,3146.300048828125,3149.10009765625,3130.0,3136.300048828125,16476
2025-09-19 09:15:00,3139.89990234375,3139.89990234375,3102.0,3109.10009765625,15431
2025-09-19 13:15:00,3109.300048828125,3112.39990234375,3056.699951171875,3074.89990234375,79195
2025-09-22 09:15:00,3063.0,3100.0,3063.0,3076.800048828125,32191
2025-09-22 13:15:00,3074.89990234375,3079.89990234375,3045.0,3048.60009765625,27440
2025-09-23 09:15:00,3051.0,3064.39990234375,3034.5,3059.60009765625,82326
2025-09-23 13:15:00,3056.300048828125,3065.5,3047.300048828125,3051.10009765625,39442
2025-09-24 09:15:00,3054.300048828125,3097.0,3042.0,3077.300048828125,6109
2025-09-24 13:15:00,3077.39990234375,3086.89990234375,3062.800048828125,3073.39990234375,10278
2025-09-25 09:15:00,3080.60009765625,3093.89990234375,3069.0,3084.699951171875,63949
2025-09-25 13:15:00,3083.39990234375,3113.699951171875,3060.39990234375,3087.0,55542
2025-09-26 09:15:00,3097.300048828125,3111.300048828125,3060.0,3075.60009765625,9529
2025-09-26 13:15:00,3075.60009765625,3078.5,3058.60009765625,3069.89990234375,234104
2025-09-29 09:15:00,3069.199951171875,3122.0,3056.699951171875,3061.800048828125,13177
2025-09-29 13:15:00,3061.89990234375,3088.60009765625,3058.300048828125,3071.0,268832
2025-09-30 09:15:00,3051.0,3095.800048828125,3051.0,3078.699951171875,89813
2025-09-30 13:15:00,3078.89990234375,3094.89990234375,3046.5,3059.5,471064
2025-10-01 09:15:00,3055.0,3153.5,3055.0,3141.89990234375,63562
2025-10-01 13:15:00,3141.39990234375,3262.5,3141.39990234375,3247.800048828125,141226
2025-10-03 09:15:00,3235.800048828125,3261.0,3192.39990234375,3205.0,9494
2025-10-03 13:15:00,3199.39990234375,3238.0,3191.0,3224.300048828125,16148
2025-10-06 09:15:00,3206.89990234375,3215.0,3160.800048828125,3163.699951171875,10557
2025-10-06 13:15:00,3163.199951171875,3180.0,3153.699951171875,3178.199951171875,10974
2025-10-07 09:15:00,3183.199951171875,3217.89990234375,3150.60009765625,3199.89990234375,115541
2025-10-07 13:15:00,3200.0,3202.0,3166.89990234375,3173.199951171875,75913
2025-10-08 09:15:00,3162.199951171875,3215.89990234375,3153.300048828125,3208.5,11119
2025-10-08 13:15:00,3207.5,3235.0,3204.300048828125,3209.0,21904
2025-10-09 09:15:00,3220.10009765625,3260.0,3210.60009765625,3250.699951171875,13016
2025-10-09 13:15:00,3250.699951171875,3277.0,3245.199951171875,3267.0,25263
2025-10-10 09:15:00,3280.0,3293.800048828125,3254.39990234375,3273.39990234375,29292
2025-10-10 13:15:00,3273.300048828125,3277.699951171875,3252.800048828125,3270.0,24828
2025-10-13 09:15:00,3233.300048828125,3269.699951171875,3208.89990234375,3219.5,12294
2025-10-13 13:15:00,3219.60009765625,3242.800048828125,3214.800048828125,3240.0,12403
2025-10-14 09:15:00,3237.39990234375,3237.39990234375,3193.800048828125,3213.39990234375,25542
2025-10-14 13:15:00,3213.39990234375,3238.10009765625,3210.199951171875,3225.0,16889
2025-10-15 09:15:00,3244.89990234375,3244.89990234375,3200.0,3207.89990234375,121725
2025-10-15 13:15:00,3208.699951171875,3270.0,3199.0,3270.0,40097
2025-10-16 09:15:00,3267.60009765625,3389.0,3241.699951171875,3311.800048828125,80878
2025-10-16 13:15:00,3313.0,3344.300048828125,3294.300048828125,3313.5,35774
2025-10-17 09:15:00,3310.0,3328.300048828125,3288.0,3300.300048828125,17700
2025-10-17 13:15:00,3300.300048828125,3315.0,3292.300048828125,3302.800048828125,30207
2025-10-20 09:15:00,3334.699951171875,3334.699951171875,3287.0,3311.89990234375,10831
2025-10-20 13:15:00,3314.89990234375,3326.0,3302.800048828125,3308.699951171875,14087
2025-10-21 13:15:00,3340.0,3364.0,3314.300048828125,3356.10009765625,13226
2025-10-23 09:15:00,3350.0,3366.39990234375,3305.0,3353.10009765625,14497
2025-10-23 13:15:00,3351.39990234375,3365.60009765625,3344.10009765625,3356.0,37769
2025-10-24 09:15:00,3363.300048828125,3363.300048828125,3326.5,3350.10009765625,13139
2025-10-24 13:15:00,3347.699951171875,3364.39990234375,3340.0,3355.0,18902
2025-10-27 09:15:00,3327.300048828125,3384.0,3326.5,3361.699951171875,12752
2025-10-27 13:15:00,3363.800048828125,3395.0,3354.199951171875,3384.0,20831
2025-10-28 09:15:00,3391.0,3400.0,3336.0,3338.699951171875,19716
2025-10-28 13:15:00,3338.199951171875,3344.89990234375,3322.0,3331.10009765625,16269
2025-10-29 09:15:00,3335.300048828125,3357.89990234375,3311.0,3335.0,109144
2025-10-29 13:15:00,3336.800048828125,3357.0,3322.39990234375,3330.199951171875,14929
2025-10-30 09:15:00,3330.10009765625,3330.10009765625,3283.199951171875,3296.10009765625,4566
2025-10-30 13:15:00,3292.199951171875,3308.699951171875,3281.0,3295.699951171875,8715
2025-10-31 09:15:00,3274.10009765625,3336.10009765625,3266.800048828125,3269.39990234375,21884
2025-10-31 13:15:00,3269.39990234375,3272.0,3241.39990234375,3265.0,42731
2025-11-03 09:15:00,3251.5,3284.39990234375,3237.699951171875,3278.5,21044
2025-11-03 13:15:00,3278.39990234375,3295.0,3254.89990234375,3265.10009765625,64051
2025-11-04 09:15:00,3292.199951171875,3327.199951171875,3276.10009765625,3327.199951171875,8217
2025-11-04 13:15:00,3326.300048828125,3337.199951171875,3317.0,3330.0,16513
2025-11-06 09:15:00,3339.89990234375,3345.800048828125,3281.199951171875,3296.800048828125,5776
2025-11-06 13:15:00,3298.60009765625,3329.0,3285.0,3318.60009765625,14318
2025-11-07 09:15:00,3282.0,3293.199951171875,3220.89990234375,3260.39990234375,8582
2025-11-07 13:15:00,3260.89990234375,3273.5,3222.10009765625,3256.199951171875,75295
2025-11-10 09:15:00,3341.199951171875,3437.0,3307.800048828125,3431.699951171875,300122
2025-11-10 13:15:00,3434.800048828125,3476.89990234375,3427.199951171875,3445.89990234375,137017
2025-11-11 09:15:00,3476.800048828125,3579.10009765625,3476.800048828125,3557.0,97189
2025-11-11 13:15:00,3556.0,3580.0,3555.39990234375,3560.0,82789
2025-11-12 09:15:00,3583.0,3630.10009765625,3576.699951171875,3594.89990234375,39099
2025-11-12 13:15:00,3591.699951171875,3610.0,3587.0,3601.10009765625,29468
2025-11-13 09:15:00,3585.10009765625,3677.300048828125,3585.10009765625,3670.10009765625,82248
2025-11-13 13:15:00,3671.60009765625,3717.300048828125,3669.89990234375,3713.199951171875,54000
2025-11-14 09:15:00,3709.0,3740.199951171875,3672.199951171875,3672.199951171875,26711
2025-11-14 13:15:00,3671.89990234375,3698.800048828125,3665.5,3692.0,25663
2025-11-17 09:15:00,3694.0,3760.199951171875,3694.0,3745.0,24517
2025-11-17 13:15:00,3745.0,3773.0,3743.300048828125,3760.39990234375,26061
2025-11-18 09:15:00,3761.0,3761.0,3676.5,3729.5,38407
2025-11-18 13:15:00,3729.5,3741.5,3700.0,3709.0,28516
2025-11-19 09:15:00,3700.89990234375,3740.0,3686.10009765625,3699.89990234375,57647
2025-11-19 13:15:00,3699.89990234375,3773.89990234375,3686.800048828125,3760.0,33256
2025-11-20 09:15:00,3750.0,3787.699951171875,3697.5,3757.89990234375,27530
2025-11-20 13:15:00,3757.89990234375,3851.0,3750.699951171875,3849.0,56710
2025-11-21 09:15:00,3844.89990234375,3844.89990234375,3692.699951171875,3705.5,32113
2025-11-21 13:15:00,3705.5,3713.10009765625,3660.5,3670.5,31080
2025-11-24 09:15:00,3691.0,3729.300048828125,3652.5,3711.300048828125,17385
2025-11-24 13:15:00,3711.300048828125,3799.0,3690.0,3734.60009765625,86315
2025-11-25 09:15:00,3722.699951171875,3842.5,3693.60009765625,3835.800048828125,22072
2025-11-25 13:15:00,3837.5,3842.0,3807.10009765625,3822.60009765625,31656
2025-11-26 09:15:00,3843.800048828125,3866.0,3770.60009765625,3792.39990234375,18140
2025-11-26 13:15:00,3793.800048828125,3805.0,3740.5,3740.5,30936
2025-11-27 09:15:00,3758.89990234375,3845.0,3758.89990234375,3816.0,21926
2025-11-27 13:15:00,3814.60009765625,3845.800048828125,3814.60009765625,3835.39990234375,57447
2025-11-28 09:15:00,3849.800048828125,3885.5,3826.300048828125,3860.199951171875,20333
2025-11-28 13:15:00,3860.0,3877.699951171875,3806.5,3862.60009765625,21905
2025-12-01 09:15:00,3900.0,3910.0,3828.0,3847.199951171875,28106
2025-12-01 13:15:00,3846.800048828125,3867.5,3831.800048828125,3850.0,14086
2025-12-02 09:15:00,3870.0,3873.0,3810.0,3858.199951171875,9278
2025-12-02 13:15:00,3855.0,3868.800048828125,3850.10009765625,3858.300048828125,11103
2025-12-03 09:15:00,3845.10009765625,3883.0,3845.0,3877.699951171875,7791
2025-12-03 13:15:00,3877.699951171875,3903.39990234375,3875.199951171875,3895.300048828125,15478
2025-12-04 09:15:00,3912.699951171875,3912.699951171875,3840.199951171875,3847.800048828125,60892
2025-12-04 13:15:00,3849.10009765625,3870.0,3810.5,3843.800048828125,26992
2025-12-05 09:15:00,3843.699951171875,3843.699951171875,3753.199951171875,3756.800048828125,7670
2025-12-05 13:15:00,3753.199951171875,3775.0,3720.10009765625,3765.800048828125,13014
2025-12-08 09:15:00,3791.10009765625,3791.10009765625,3690.0,3690.60009765625,5622
2025-12-08 13:15:00,3691.0,3694.300048828125,3629.0,3659.5,16494
2025-12-09 09:15:00,3630.10009765625,3753.10009765625,3630.10009765625,3749.5,12920
2025-12-09 13:15:00,3749.199951171875,3819.0,3659.5,3815.0,14937
2025-12-10 09:15:00,3819.5,3831.89990234375,3710.10009765625,3711.0,6494
2025-12-10 13:15:00,3713.0,3724.800048828125,3667.5,3691.39990234375,6970
2025-12-11 09:15:00,3703.60009765625,3703.60009765625,3625.0,3625.10009765625,7297
2025-12-11 13:15:00,3628.0,3647.60009765625,3625.0,3638.199951171875,5640
2025-12-12 09:15:00,3654.699951171875,3778.0,3639.39990234375,3737.0,31766
2025-12-12 13:15:00,3733.199951171875,3770.0,3724.0,3749.800048828125,19400
2025-12-15 09:15:00,3749.5,3892.10009765625,3719.39990234375,3871.39990234375,38529
2025-12-15 13:15:00,3870.89990234375,3899.800048828125,3870.199951171875,3888.0,37797
2025-12-16 09:15:00,3881.60009765625,3881.60009765625,3781.10009765625,3781.60009765625,11492
2025-12-16 13:15:00,3782.0,3782.0,3750.0,3760.0,21055
2025-12-17 09:15:00,3762.0,3814.5,3720.0,3806.800048828125,13557
2025-12-17 13:15:00,3807.89990234375,3827.60009765625,3802.0,3816.0,13050
2025-12-18 09:15:00,3780.10009765625,3786.699951171875,3735.0,3769.5,7839
2025-12-18 13:15:00,3769.5,3840.0,3756.10009765625,3800.300048828125,12348
2025-12-19 09:15:00,3773.800048828125,3849.0,3764.60009765625,3825.89990234375,9456
2025-12-19 13:15:00,3828.199951171875,3852.5,3791.199951171875,3803.89990234375,14765
2025-12-22 09:15:00,3799.5,3949.10009765625,3792.0,3921.39990234375,31883
2025-12-22 13:15:00,3920.0,3959.39990234375,3902.800048828125,3920.0,39337
2025-12-23 09:15:00,3933.5,3934.0,3827.10009765625,3919.800048828125,47076
2025-12-23 13:15:00,3919.300048828125,3920.800048828125,3890.199951171875,3914.800048828125,48978
2025-12-24 09:15:00,3900.0,3992.800048828125,3870.199951171875,3935.5,42595
2025-12-24 13:15:00,3936.800048828125,3967.5,3911.0,3911.0,49421
2025-12-26 09:15:00,3941.89990234375,3951.39990234375,3892.800048828125,3904.5,14914
2025-12-26 13:15:00,3904.5,3914.199951171875,3871.60009765625,3884.300048828125,10417
2025-12-29 09:15:00,3897.0,3897.0,3767.699951171875,3795.89990234375,12585
2025-12-29 13:15:00,3795.89990234375,3865.0,3780.5,3780.5,14980
2025-12-30 09:15:00,3806.5,3981.5,3756.800048828125,3905.0,97437
2025-12-30 13:15:00,3905.0,4080.0,3851.0,3920.0,223104
2025-12-31 09:15:00,3925.5,4059.89990234375,3892.300048828125,4029.10009765625,54441
2025-12-31 13:15:00,4029.89990234375,4033.10009765625,4009.60009765625,4010.0,35709
2026-01-01 09:15:00,4017.60009765625,4059.0,3965.10009765625,4037.699951171875,24854
2026-01-01 13:15:00,4036.89990234375,4072.0,4016.5,4020.0,43583
2026-01-02 09:15:00,4030.10009765625,4069.0,4002.800048828125,4053.0,17887
2026-01-02 13:15:00,4055.0,4097.7001953125,4049.699951171875,4089.699951171875,25574
2026-01-05 09:15:00,4089.699951171875,4160.0,4089.699951171875,4133.0,30088
2026-01-05 13:15:00,4134.39990234375,4145.0,4051.10009765625,4060.0,38329
2026-01-06 09:15:00,4065.89990234375,4089.300048828125,4030.199951171875,4080.0,10503
2026-01-06 13:15:00,4082.699951171875,4116.0,4030.10009765625,4030.10009765625,12469
2026-01-07 09:15:00,4050.0,4059.0,3969.60009765625,3989.60009765625,17214
2026-01-07 13:15:00,3989.800048828125,4012.0,3980.5,3989.199951171875,27068
2026-01-08 09:15:00,3997.300048828125,4168.60009765625,3997.300048828125,4089.199951171875,119602
2026-01-08 13:15:00,4086.10009765625,4090.0,4021.89990234375,4075.0,63663
2026-01-09 09:15:00,4044.10009765625,4080.0,3945.39990234375,4017.89990234375,19507
2026-01-09 13:15:00,4014.300048828125,4019.800048828125,3923.10009765625,3955.0,51028
2026-01-12 09:15:00,3929.89990234375,3931.300048828125,3873.0,3908.39990234375,11504
2026-01-12 13:15:00,3907.699951171875,4043.5,3893.699951171875,3986.800048828125,20538
2026-01-13 09:15:00,3981.0,4000.0,3892.89990234375,3921.300048828125,15267
2026-01-13 13:15:00,3919.699951171875,3929.800048828125,3871.89990234375,3890.0,37709
2026-01-14 09:15:00,3882.0,3945.0,3857.699951171875,3912.10009765625,17732
2026-01-14 13:15:00,3911.39990234375,3950.10009765625,3904.5,3950.10009765625,21789
2026-01-16 09:15:00,3900.0,3929.10009765625,3881.800048828125,3900.0,17909
2026-01-16 13:15:00,3900.0,3959.5,3883.39990234375,3950.0,32421
2026-01-19 09:15:00,3901.699951171875,3948.0,3874.699951171875,3880.0,21475
2026-01-19 13:15:00,3880.0,3882.0,3855.0,3870.0,14634
2026-01-20 09:15:00,3846.0,3846.0,3787.699951171875,3805.0,11758
2026-01-20 13:15:00,3805.0,3808.39990234375,3724.699951171875,3760.0,36270
2026-01-21 09:15:00,3725.0,3798.699951171875,3701.10009765625,3725.0,43270
2026-01-21 13:15:00,3725.199951171875,3727.300048828125,3694.39990234375,3721.300048828125,17180
2026-01-22 09:15:00,3721.5,3830.0,3721.5,3766.10009765625,14883
2026-01-22 13:15:00,3767.0,3785.199951171875,3746.699951171875,3774.0,17683
2026-01-23 09:15:00,3769.5,3785.300048828125,3706.5,3734.10009765625,10747
2026-01-23 13:15:00,3734.10009765625,3748.0,3720.0,3729.89990234375,44651
2026-01-27 09:15:00,3729.89990234375,3823.89990234375,3668.10009765625,3798.800048828125,15416
2026-01-27 13:15:00,3792.39990234375,3947.699951171875,3785.60009765625,3925.300048828125,27349
2026-01-28 09:15:00,3845.39990234375,3889.800048828125,3800.199951171875,3865.0,16781
2026-01-28 13:15:00,3865.39990234375,3920.0,3863.699951171875,3919.800048828125,13815
2026-01-29 09:15:00,3912.0,3913.89990234375,3843.699951171875,3875.10009765625,4720
2026-01-29 13:15:00,3879.699951171875,4136.10009765625,3837.89990234375,4004.39990234375,39196
2026-01-30 09:15:00,4008.60009765625,4074.800048828125,4000.5,4045.0,56061
2026-01-30 13:15:00,4045.0,4086.89990234375,3933.300048828125,3989.0,83665
2026-02-03 09:15:00,4097.0,4097.0,4016.199951171875,4062.199951171875,33477
2026-02-03 13:15:00,4063.5,4068.199951171875,4029.0,4039.699951171875,16063
2026-02-04 09:15:00,4039.699951171875,4039.699951171875,3912.0,3951.0,16624
2026-02-04 13:15:00,3951.0,4203.89990234375,3908.39990234375,4180.0,51378
2026-02-05 09:15:00,4102.2998046875,4116.5,4011.5,4022.199951171875,9143
2026-02-05 13:15:00,4018.300048828125,4035.10009765625,3934.5,3968.0,22379
2026-02-06 09:15:00,3962.10009765625,3962.10009765625,3871.0,3872.5,8106
2026-02-06 13:15:00,3872.5,3909.5,3856.89990234375,3870.0,9868
2026-02-09 09:15:00,3900.0,3975.0,3856.5,3962.5,15549
2026-02-09 13:15:00,3963.89990234375,4200.0,3962.60009765625,4025.0,64270
2026-02-10 09:15:00,4060.39990234375,4140.2998046875,4060.39990234375,4097.7998046875,15077
2026-02-10 13:15:00,4094.89990234375,4130.0,4041.800048828125,4108.39990234375,25816
2026-02-11 09:15:00,4087.800048828125,4087.800048828125,4011.0,4017.300048828125,8383
2026-02-11 13:15:00,4015.199951171875,4049.199951171875,4010.89990234375,4026.199951171875,21370
2026-02-12 09:15:00,3990.0,4016.0,3924.699951171875,3948.39990234375,8851
2026-02-12 13:15:00,3948.60009765625,3995.0,3925.39990234375,3946.89990234375,23621
2026-02-13 09:15:00,3939.0,3965.199951171875,3876.699951171875,3893.0,21001
2026-02-13 13:15:00,3891.0,3920.0,3830.60009765625,3861.800048828125,41987
2026-02-16 09:15:00,3910.39990234375,3910.39990234375,3820.0,3859.699951171875,8011
2026-02-16 13:15:00,3857.800048828125,3883.800048828125,3850.0,3867.10009765625,13825
2026-02-17 09:15:00,3867.10009765625,3959.0,3855.699951171875,3911.60009765625,12239
2026-02-17 13:15:00,3912.10009765625,3968.89990234375,3907.0,3945.0,17234
2026-02-18 09:15:00,3942.300048828125,3977.60009765625,3894.699951171875,3952.89990234375,9364
2026-02-18 13:15:00,3956.5,4045.0,3950.0,3970.0,34647
2026-02-19 09:15:00,4020.0,4020.0,3940.800048828125,3965.800048828125,12995
2026-02-19 13:15:00,3966.5,3972.5,3940.0,3940.0,10850
2026-02-20 09:15:00,3960.199951171875,3996.800048828125,3911.0,3938.5,47323
2026-02-20 13:15:00,3937.800048828125,3960.0,3902.5,3949.0,68267
2026-02-23 09:15:00,3950.0,3950.0,3882.699951171875,3888.10009765625,8498
2026-02-23 13:15:00,3890.10009765625,3894.60009765625,3816.0,3833.699951171875,30950
2026-02-24 09:15:00,3831.0,3869.89990234375,3827.199951171875,3854.300048828125,3650
2026-02-24 13:15:00,3851.300048828125,3875.199951171875,3850.10009765625,3859.60009765625,8461
2026-02-25 09:15:00,3864.5,3877.199951171875,3813.800048828125,3832.0,5438
2026-02-25 13:15:00,3832.0,3931.0,3822.699951171875,3909.300048828125,33965
2026-02-26 09:15:00,3909.89990234375,3972.699951171875,3859.800048828125,3932.300048828125,5799
2026-02-26 13:15:00,3932.300048828125,3949.800048828125,3909.89990234375,3921.300048828125,8792
2026-02-27 09:15:00,3916.0,3916.0,3845.0,3851.10009765625,3256
2026-02-27 13:15:00,3852.10009765625,3871.699951171875,3813.199951171875,3851.60009765625,12428
2026-03-02 09:15:00,3662.10009765625,3816.0,3662.10009765625,3761.300048828125,3385
2026-03-02 13:15:00,3761.10009765625,3830.800048828125,3693.89990234375,3750.0,38337
2026-03-04 09:15:00,3700.0,3706.89990234375,3630.0,3652.0,7461
2026-03-04 13:15:00,3653.39990234375,3705.5,3605.0,3623.0,28845
2026-03-05 09:15:00,3625.0,3683.5,3611.5,3627.800048828125,11061
2026-03-05 13:15:00,3627.89990234375,3630.0,3592.39990234375,3616.699951171875,11914
2026-03-06 09:15:00,3596.0,3687.0,3578.5,3672.10009765625,10777
2026-03-06 13:15:00,3672.0,3687.0,3650.800048828125,3674.5,26032
2026-03-09 09:15:00,3618.0,3649.10009765625,3545.89990234375,3581.89990234375,17496
2026-03-09 13:15:00,3584.0,3612.0,3575.0,3611.89990234375,9439
2026-03-10 09:15:00,3750.5,3750.5,3654.199951171875,3724.199951171875,7314
2026-03-10 13:15:00,3721.699951171875,3819.89990234375,3699.0,3790.0,56731
2026-03-11 09:15:00,3779.60009765625,3779.60009765625,3663.5,3710.0,9182
2026-03-11 13:15:00,3712.199951171875,3785.10009765625,3706.199951171875,3715.10009765625,22271
2026-03-12 09:15:00,3703.5,3725.800048828125,3627.699951171875,3703.800048828125,5293
2026-03-12 13:15:00,3707.199951171875,3748.60009765625,3678.0,3722.800048828125,38037
2026-03-13 09:15:00,3700.0,3709.800048828125,3640.0,3672.5,8696
2026-03-13 13:15:00,3670.89990234375,3693.0,3650.10009765625,3665.0,10620
2026-03-16 09:15:00,3660.0,3711.300048828125,3614.60009765625,3657.89990234375,14397
2026-03-16 13:15:00,3657.699951171875,3698.39990234375,3593.199951171875,3698.39990234375,15490
2026-03-17 09:15:00,3749.699951171875,3917.60009765625,3738.199951171875,3853.199951171875,554703
2026-03-17 13:15:00,3852.39990234375,3855.0,3710.10009765625,3736.199951171875,125774
2026-03-18 09:15:00,3758.39990234375,3758.39990234375,3670.0,3728.5,16180
2026-03-18 13:15:00,3732.0,3757.89990234375,3705.0,3719.60009765625,21724
2026-03-19 09:15:00,3692.89990234375,3692.89990234375,3603.39990234375,3628.39990234375,8150
2026-03-19 13:15:00,3628.60009765625,3637.39990234375,3560.300048828125,3588.10009765625,18392
2026-03-20 09:15:00,3645.60009765625,3645.60009765625,3504.0,3507.89990234375,14190
2026-03-20 13:15:00,3508.199951171875,3508.89990234375,3375.0,3411.0,127911
2026-03-23 09:15:00,3390.0,3398.300048828125,3285.60009765625,3307.89990234375,29124
2026-03-23 13:15:00,3305.800048828125,3349.0,3300.0,3314.699951171875,28444
2026-03-24 09:15:00,3355.10009765625,3355.10009765625,3252.89990234375,3335.699951171875,51209
2026-03-24 13:15:00,3338.5,3432.89990234375,3326.699951171875,3378.300048828125,40285
2026-03-25 09:15:00,3421.0,3482.0,3352.39990234375,3475.0,39491
2026-03-25 13:15:00,3479.699951171875,3543.0,3468.10009765625,3486.39990234375,39760
2026-03-27 09:15:00,3486.39990234375,3525.0,3422.300048828125,3514.800048828125,19845
2026-03-27 13:15:00,3514.699951171875,3523.300048828125,3422.199951171875,3458.39990234375,42316
2026-03-30 09:15:00,3377.10009765625,3606.300048828125,3377.10009765625,3601.800048828125,61751
2026-03-30 13:15:00,3604.0,3684.39990234375,3580.0,3600.0,140962
2026-04-01 09:15:00,3667.800048828125,3683.10009765625,3601.699951171875,3673.89990234375,16455
2026-04-01 13:15:00,3670.89990234375,3700.0,3635.800048828125,3635.800048828125,16345
2026-04-02 09:15:00,3611.300048828125,3677.0,3562.60009765625,3666.0,8862
2026-04-02 13:15:00,3665.5,3688.10009765625,3625.0,3676.0,11824
2026-04-06 09:15:00,3675.89990234375,3707.800048828125,3614.39990234375,3690.39990234375,13713
2026-04-06 13:15:00,3690.39990234375,3695.0,3652.5,3665.0,9122
2026-04-07 09:15:00,3651.10009765625,3719.10009765625,3644.0,3696.0,7443
2026-04-07 13:15:00,3693.800048828125,3705.10009765625,3660.0,3665.0,8028
2026-04-08 09:15:00,3777.89990234375,3777.89990234375,3661.89990234375,3685.0,27268
2026-04-08 13:15:00,3685.0,3689.60009765625,3668.0,3674.5,35484
2026-04-09 09:15:00,3670.0,3704.60009765625,3650.60009765625,3678.0,10190
2026-04-09 13:15:00,3681.300048828125,3683.60009765625,3618.39990234375,3631.800048828125,24106
2026-04-10 09:15:00,3670.10009765625,3788.0,3658.60009765625,3766.699951171875,28890
2026-04-10 13:15:00,3766.60009765625,3791.199951171875,3754.699951171875,3779.0,26593
2026-04-13 09:15:00,3660.10009765625,3864.89990234375,3660.10009765625,3822.89990234375,16276
2026-04-13 13:15:00,3825.0,3845.0,3822.39990234375,3827.10009765625,15316
2026-04-15 09:15:00,3890.0,3914.0,3852.300048828125,3900.0,76751
2026-04-15 13:15:00,3901.300048828125,3929.0,3891.199951171875,3920.199951171875,12531
2026-04-16 09:15:00,3940.0,4012.0,3916.199951171875,3934.0,24864
2026-04-16 13:15:00,3934.89990234375,3950.0,3922.0,3925.300048828125,15230
2026-04-17 09:15:00,3873.199951171875,4012.0,3873.199951171875,3943.0,9361
2026-04-17 13:15:00,3942.300048828125,3989.0,3942.300048828125,3989.0,5881
2026-04-20 09:15:00,3986.300048828125,4075.0,3931.0,4073.300048828125,0
2026-04-20 13:15:00,3961.5,4014.5,3961.5,4001.199951171875,55190
2026-04-21 09:15:00,4044.89990234375,4095.0,4000.0,4018.39990234375,21956
2026-04-21 13:15:00,4015.39990234375,4060.0,4001.300048828125,4009.800048828125,23843
2026-04-22 09:15:00,3989.0,4025.60009765625,3989.0,4017.89990234375,22300
2026-04-22 13:15:00,4015.800048828125,4075.0,4015.800048828125,4075.0,21634
2026-04-23 09:15:00,4070.0,4085.0,4022.300048828125,4046.89990234375,6671
2026-04-23 13:15:00,4040.800048828125,4110.0,4030.60009765625,4079.60009765625,16981
2026-04-24 09:15:00,4099.89990234375,4099.89990234375,4002.10009765625,4020.0,7823
2026-04-24 13:15:00,4019.89990234375,4034.39990234375,4000.699951171875,4014.300048828125,8365
2026-04-27 09:15:00,4023.0,4099.0,4015.0,4034.699951171875,7743
2026-04-27 13:15:00,4034.39990234375,4034.39990234375,4002.800048828125,4004.800048828125,14639
2026-04-28 09:15:00,4048.199951171875,4053.89990234375,3973.5,4003.300048828125,8095
2026-04-28 13:15:00,4004.5,4012.89990234375,3981.10009765625,4000.0,9542
2026-04-29 09:15:00,4005.699951171875,4025.39990234375,3982.60009765625,3988.39990234375,4150
2026-04-29 13:15:00,3984.300048828125,3984.300048828125,3921.5,3974.0,10283
2026-04-30 09:15:00,3935.5,3955.300048828125,3875.0,3916.89990234375,2588
2026-04-30 13:15:00,3911.60009765625,3960.0,3907.39990234375,3951.0,7958
2026-05-04 09:15:00,3975.0,4020.300048828125,3935.0,3940.39990234375,7589
2026-05-04 13:15:00,3942.60009765625,3974.300048828125,3912.60009765625,3958.10009765625,9722
2026-05-05 09:15:00,3949.89990234375,3965.89990234375,3880.0,3896.5,10237
2026-05-05 13:15:00,3896.5,3896.5,3861.60009765625,3884.5,8437
2026-05-06 09:15:00,3950.0,3950.0,3864.39990234375,3920.800048828125,6711
2026-05-06 13:15:00,3920.800048828125,3957.0,3856.0,3918.0,15307
2026-05-07 09:15:00,3935.0,4025.5,3912.0,4014.0,7677
2026-05-07 13:15:00,4014.0,4025.0,4000.0,4005.5,6494
2026-05-08 09:15:00,4005.5,4046.800048828125,3977.199951171875,4000.0,7323
2026-05-08 13:15:00,4000.0,4000.0,3955.0,3955.0,11442
2026-05-11 09:15:00,3971.89990234375,3973.5,3880.0,3909.199951171875,2112
2026-05-11 13:15:00,3913.10009765625,3918.89990234375,3883.0,3905.60009765625,5218
2026-05-12 09:15:00,3905.5,3905.5,3793.39990234375,3820.10009765625,14215
2026-05-12 13:15:00,3820.199951171875,3824.10009765625,3741.5,3762.0,9283
2026-05-13 09:15:00,3876.800048828125,3876.800048828125,3767.0,3814.89990234375,4916
2026-05-13 13:15:00,3814.89990234375,3840.10009765625,3780.0,3794.800048828125,8639
2026-05-14 09:15:00,3836.0,3853.199951171875,3806.800048828125,3839.0,3691
2026-05-14 13:15:00,3839.10009765625,3877.0,3827.39990234375,3854.800048828125,13021
2026-05-15 09:15:00,3895.0,3935.39990234375,3861.89990234375,3906.199951171875,3253
2026-05-15 13:15:00,3909.800048828125,3909.800048828125,3840.10009765625,3857.699951171875,4453
2026-05-18 09:15:00,3921.0,3921.0,3790.300048828125,3865.10009765625,6503
2026-05-18 13:15:00,3860.300048828125,3895.199951171875,3853.300048828125,3883.300048828125,15650
2026-05-19 09:15:00,3876.0,4040.89990234375,3867.300048828125,3992.699951171875,21509
2026-05-19 13:15:00,3989.699951171875,4019.800048828125,3987.89990234375,4002.60009765625,13050
2026-05-20 09:15:00,4010.0,4010.0,3921.39990234375,3970.0,4813
2026-05-20 13:15:00,3971.0,3979.0,3943.0,3962.199951171875,9504
2026-05-21 09:15:00,3992.89990234375,4039.5,3963.300048828125,3994.800048828125,20697
2026-05-21 13:15:00,3994.39990234375,4002.0,3966.0,3995.39990234375,7733
2026-05-22 09:15:00,3981.0,4043.10009765625,3976.10009765625,3981.10009765625,19600
2026-05-22 13:15:00,3983.199951171875,4010.0,3961.0,4010.0,8052
2026-05-25 09:15:00,4036.10009765625,4086.0,3997.5,4010.89990234375,7000
2026-05-25 13:15:00,4011.199951171875,4012.89990234375,3957.60009765625,3977.39990234375,8333
2026-05-26 09:15:00,3993.199951171875,4021.800048828125,3972.800048828125,4003.0,9293
2026-05-26 13:15:00,3992.89990234375,4193.39990234375,3970.0,4070.0,228613
2026-05-27 09:15:00,4143.0,4495.0,4130.7998046875,4453.2001953125,686399
2026-05-27 13:15:00,4454.7998046875,4458.7998046875,4369.0,4375.0,221057
2026-05-29 09:15:00,4445.0,4549.0,4382.0,4527.10009765625,64573
2026-05-29 13:15:00,4523.89990234375,4530.0,4484.7001953125,4499.0,96757
2026-06-01 09:15:00,4500.0,4603.5,4485.60009765625,4526.0,88307
2026-06-01 13:15:00,4524.10009765625,4531.39990234375,4516.10009765625,4520.0,40959
2026-06-02 09:15:00,4500.0,4562.89990234375,4442.39990234375,4550.0,28992
2026-06-02 13:15:00,4550.0,4555.7998046875,4547.39990234375,4552.2998046875,31035
2026-06-03 09:15:00,4557.0,4574.7001953125,4501.89990234375,4511.10009765625,18813
2026-06-03 13:15:00,4510.2001953125,4543.89990234375,4505.60009765625,4521.2001953125,16606
2026-06-04 09:15:00,4520.5,4664.0,4520.5,4612.10009765625,35050
2026-06-04 13:15:00,4613.89990234375,4623.39990234375,4562.5,4606.0,34705
2026-06-05 09:15:00,4685.0,4775.0,4610.10009765625,4653.39990234375,83970
2026-06-05 13:15:00,4658.7998046875,4662.10009765625,4616.0,4630.0,54268
2026-06-08 09:15:00,4573.89990234375,4604.7998046875,4531.39990234375,4550.0,20348
2026-06-08 13:15:00,4550.0,4561.10009765625,4544.0,4545.10009765625,21236
2026-06-09 09:15:00,4564.5,4578.60009765625,4459.0,4460.10009765625,26120
2026-06-09 13:15:00,4460.10009765625,4526.2998046875,4454.2001953125,4489.10009765625,38439
2026-06-10 09:15:00,4495.0,4555.0,4449.7001953125,4454.10009765625,124817
2026-06-10 13:15:00,4452.7998046875,4483.7001953125,4412.5,4444.0,32668
2026-06-11 09:15:00,4418.39990234375,4462.7001953125,4334.10009765625,4362.7998046875,14361
2026-06-11 13:15:00,4362.7998046875,4375.0,4300.0,4311.2998046875,19171
2026-06-12 09:15:00,4366.0,4385.7998046875,4317.5,4323.2001953125,15556
2026-06-12 13:15:00,4318.10009765625,4355.0,4298.7001953125,4300.0,24288
2026-06-15 09:15:00,4405.39990234375,4519.0,4362.7001953125,4495.0,19839
2026-06-15 13:15:00,4493.2998046875,4496.7001953125,4455.10009765625,4469.2001953125,19467
2026-06-16 09:15:00,4508.89990234375,4530.7998046875,4478.60009765625,4488.2998046875,11974
2026-06-16 13:15:00,4491.10009765625,4498.0,4467.2998046875,4491.39990234375,22296
2026-06-17 09:15:00,4493.60009765625,4539.2001953125,4465.0,4470.5,17935
2026-06-17 13:15:00,4468.60009765625,4578.2998046875,4443.0,4578.2998046875,50999
2026-06-18 09:15:00,4548.7001953125,4671.60009765625,4515.2001953125,4543.10009765625,19985
2026-06-18 13:15:00,4546.7998046875,4548.60009765625,4511.0,4527.60009765625,11000
2026-06-19 09:15:00,4532.0,4761.2998046875,4532.0,4758.10009765625,61841
2026-06-19 13:15:00,4758.60009765625,4767.7998046875,4648.2001953125,4687.0,96313
2026-06-22 09:15:00,4705.10009765625,4799.89990234375,4705.10009765625,4747.39990234375,145977
2026-06-22 13:15:00,4750.0,4867.0,4745.89990234375,4850.0,71002
2026-06-23 09:15:00,4841.0,5056.0,4841.0,4943.10009765625,194899
2026-06-23 13:15:00,4943.7001953125,4955.2998046875,4865.5,4889.0,65282
2026-06-24 09:15:00,4900.0,4928.89990234375,4848.39990234375,4864.39990234375,12490
2026-06-24 13:15:00,4864.60009765625,4888.7001953125,4837.5,4837.7998046875,19741
2026-06-25 09:15:00,4856.0,4887.60009765625,4823.10009765625,4832.0,16704
2026-06-25 13:15:00,4834.2001953125,4860.2998046875,4807.0,4847.5,28580
2026-06-29 09:15:00,4807.10009765625,5019.2998046875,4807.10009765625,5017.2001953125,45290
2026-06-29 13:15:00,5012.10009765625,5019.2998046875,4930.0,4951.39990234375,89281
2026-06-30 09:15:00,4979.89990234375,5054.7998046875,4912.10009765625,5050.0,69765
2026-06-30 13:15:00,5050.5,5179.0,5050.5,5070.0,111534
2026-07-01 09:15:00,5089.0,5133.5,4841.0,5009.0,47416
2026-07-01 13:15:00,5009.0,5009.0,4960.0,4978.0,56390
2026-07-02 09:15:00,5038.5,5038.5,4785.5,4794.5,44490
2026-07-02 13:15:00,4798.0,4810.0,4760.0,4810.0,69689
2026-07-03 09:15:00,4805.0,4839.0,4733.0,4790.0,40577
2026-07-03 13:15:00,4790.0,4804.5,4728.5,4740.0,42358
2026-07-06 09:15:00,4735.0,4828.0,4706.0,4783.5,25059
2026-07-06 13:15:00,4786.0,4825.0,4782.0,4815.5,23215
2026-07-07 09:15:00,4832.5,4836.0,4736.5,4746.0,19688
2026-07-07 13:15:00,4747.0,4783.0,4728.5,4731.0,14683
2026-07-08 09:15:00,4719.5,4737.0,4624.0,4700.5,30430
2026-07-08 13:15:00,4700.5,4733.5,4648.5,4675.0,67045
2026-07-09 09:15:00,4630.0,4720.0,4630.0,4663.0,44360
2026-07-09 13:15:00,4659.5,4722.0,4644.0,4662.5,27578
2026-07-10 09:15:00,4725.0,4744.5,4649.5,4683.5,19375
2026-07-10 13:15:00,4688.5,4695.0,4653.0,4656.0,48492
2026-07-13 09:15:00,4688.0,4743.0,4640.0,4720.0,58295
2026-07-13 13:15:00,4720.0,4764.0,4710.0,4724.5,38927
2026-07-14 09:15:00,4713.0,4759.0,4676.0,4750.5,13924
2026-07-14 13:15:00,4750.5,4777.0,4740.0,4775.0,25193
2026-07-15 09:15:00,4798.5,4912.5,4798.5,4894.0,83961
2026-07-15 13:15:00,4894.0,4900.0,4815.0,4833.0,82319
2026-07-16 09:15:00,4882.0,4882.0,4762.0,4775.5,22949
2026-07-16 13:15:00,4773.0,4798.0,4750.0,4795.0,14273
2026-07-17 09:15:00,4780.0,4780.0,4656.0,4664.5,13705
2026-07-17 13:15:00,4663.0,4669.0,4617.0,4647.5,26605
2026-07-20 09:15:00,4647.0,4707.0,4630.5,4648.0,13957
2026-07-20 13:15:00,4648.5,4670.0,4623.0,4657.5,15944
2026-07-21 09:15:00,4658.5,4710.0,4644.5,4665.0,16137
2026-07-21 13:15:00,4665.5,4692.0,4661.0,4681.5,11583
2026-07-22 09:15:00,4693.0,4693.0,4552.0,4628.0,11497
2026-07-22 13:15:00,4624.0,4640.0,4621.0,4621.0,8695
2026-07-23 09:15:00,4625.0,4635.5,4553.0,4572.0,7550
2026-07-23 13:15:00,4572.0,4598.0,4569.0,4590.5,23514
2026-07-24 09:15:00,4551.5,4599.5,4507.0,4596.5,7246
2026-07-24 13:15:00,4592.5,4612.0,4570.0,4570.0,13804
2026-07-27 09:15:00,4610.5,4641.5,4531.0,4597.5,31209
2026-07-27 13:15:00,4595.5,4648.5,4578.5,4634.5,32769
2026-07-28 09:15:00,4594.5,4634.0,4540.0,4600.0,11564
2026-07-28 13:15:00,4599.0,4618.0,4596.0,4600.5,13825
2026-07-29 09:15:00,4642.5,4662.0,4605.0,4621.0,7072
2026-07-29 13:15:00,4621.0,4674.0,4595.0,4621.5,33156
2026-07-30 09:15:00,4663.0,4663.0,4555.5,4580.0,9805
2026-07-30 13:15:00,4580.0,4588.5,4525.5,4563.5,27695
2026-07-31 09:15:00,4594.5,4606.5,4487.5,4493.0,16879
2026-07-31 13:15:00,4493.0,4624.0,4489.5,4591.0,102919
2026-08-03 09:15:00,4569.0,4688.39990234375,4533.0,4664.2001953125,19344
2026-08-03 13:15:00,4664.10009765625,4698.0,4656.0,4684.60009765625,15811
2026-08-04 09:15:00,4685.5,4740.0,4668.2001953125,4685.2998046875,13802
2026-08-04 13:15:00,4680.60009765625,4689.60009765625,4611.10009765625,4627.0,14084
2026-08-05 09:15:00,4673.89990234375,4729.0,4646.89990234375,4690.10009765625,27695
2026-08-05 13:15:00,4690.2998046875,4699.7998046875,4620.0,4620.0,19864
2026-08-06 09:15:00,4639.39990234375,4859.7998046875,4602.60009765625,4825.2998046875,49349
2026-08-06 13:15:00,4823.60009765625,4835.0,4777.10009765625,4795.39990234375,24334
2026-08-07 09:15:00,4800.10009765625,4847.0,4782.10009765625,4803.60009765625,18448
2026-08-07 13:15:00,4798.5,4809.2001953125,4755.10009765625,4778.0,27764
