Datetime,Open,High,Low,Close,Volume
2023-08-28 09:15:00,781.5,785.4000244140625,777.0,778.0,5261
2023-08-28 13:15:00,778.0,782.5499877929688,768.0,779.7000122070312,21831
2023-08-29 09:15:00,785.0,793.1500244140625,777.0,789.9500122070312,20014
2023-08-29 13:15:00,789.8499755859375,792.4500122070312,777.5499877929688,788.0,11327
2023-08-30 09:15:00,791.9500122070312,793.6500244140625,776.4000244140625,791.2999877929688,18763
2023-08-30 13:15:00,791.4000244140625,795.4000244140625,784.2999877929688,791.5999755859375,19878
2023-08-31 09:15:00,795.5499877929688,795.5499877929688,783.5499877929688,785.4000244140625,7239
2023-08-31 13:15:00,785.5499877929688,793.0,780.4500122070312,790.75,15089
2023-09-01 09:15:00,794.75,794.75,782.0,791.0,9136
2023-09-01 13:15:00,790.9500122070312,798.9000244140625,785.0,787.4000244140625,11559
2023-09-04 09:15:00,804.0499877929688,804.0499877929688,779.0499877929688,782.2999877929688,9683
2023-09-04 13:15:00,782.6500244140625,784.9500122070312,780.0,781.6500244140625,7972
2023-09-05 09:15:00,785.0499877929688,794.8499755859375,767.2999877929688,787.2999877929688,22267
2023-09-05 13:15:00,787.3499755859375,791.1500244140625,780.2999877929688,781.9500122070312,12971
2023-09-06 09:15:00,793.0,793.0,780.0,785.0499877929688,22919
2023-09-06 13:15:00,786.0,793.6500244140625,782.8499755859375,790.0499877929688,10964
2023-09-07 09:15:00,794.0499877929688,833.7999877929688,780.6500244140625,828.25,73477
2023-09-07 13:15:00,828.2999877929688,836.8499755859375,819.0,824.1500244140625,146350
2023-09-08 09:15:00,830.0499877929688,837.9500122070312,811.5499877929688,828.25,32553
2023-09-08 13:15:00,829.0999755859375,848.0,827.0,839.7999877929688,95185
2023-09-11 09:15:00,848.25,864.5999755859375,831.0499877929688,860.8499755859375,80582
2023-09-11 13:15:00,860.9000244140625,886.7999877929688,855.2999877929688,877.4500122070312,206892
2023-09-12 09:15:00,883.2000122070312,903.0499877929688,827.0,863.9500122070312,44301
2023-09-12 13:15:00,863.9500122070312,868.2999877929688,836.2000122070312,840.2000122070312,26177
2023-09-13 09:15:00,859.4500122070312,859.4500122070312,827.3499755859375,858.0,24320
2023-09-13 13:15:00,858.0,887.7000122070312,851.75,873.1500244140625,39379
2023-09-14 09:15:00,888.0,888.0,855.7000122070312,865.6500244140625,18477
2023-09-14 13:15:00,865.5,865.5,856.0,860.5,14296
2023-09-15 09:15:00,864.8499755859375,864.8499755859375,842.0,847.25,10359
2023-09-15 13:15:00,847.7999877929688,851.9500122070312,842.1500244140625,845.7000122070312,15352
2023-09-18 09:15:00,864.9500122070312,864.9500122070312,841.25,846.25,5440
2023-09-18 13:15:00,847.0999755859375,851.0,845.0,845.0,7675
2023-09-20 09:15:00,842.0,847.9500122070312,828.5999755859375,838.25,24947
2023-09-20 13:15:00,838.2000122070312,839.9500122070312,831.4000244140625,837.7999877929688,21742
2023-09-21 09:15:00,847.0,847.0,833.5499877929688,843.6500244140625,13537
2023-09-21 13:15:00,844.6500244140625,847.9500122070312,843.4500122070312,845.4000244140625,9342
2023-09-22 09:15:00,844.9000244140625,861.2999877929688,844.9000244140625,857.3499755859375,26372
2023-09-22 13:15:00,857.4000244140625,858.4000244140625,852.5999755859375,855.4000244140625,15026
2023-09-25 09:15:00,867.5,867.5499877929688,847.3499755859375,852.25,19920
2023-09-25 13:15:00,851.7999877929688,858.25,850.7999877929688,854.1500244140625,14741
2023-09-26 09:15:00,854.5,863.75,848.4000244140625,850.75,12652
2023-09-26 13:15:00,851.7999877929688,865.0,845.0,848.2999877929688,17361
2023-09-27 09:15:00,849.0,859.2999877929688,843.5499877929688,848.4500122070312,18227
2023-09-27 13:15:00,846.8499755859375,849.0,843.4000244140625,846.0999755859375,9064
2023-09-28 09:15:00,845.8499755859375,854.4000244140625,841.25,843.0499877929688,11051
2023-09-28 13:15:00,843.0,844.9500122070312,830.0,830.0,15339
2023-09-29 09:15:00,839.6500244140625,843.75,833.2999877929688,841.0,6180
2023-09-29 13:15:00,841.0,846.75,837.7999877929688,841.5999755859375,7722
2023-10-03 09:15:00,841.6500244140625,843.5499877929688,828.0,828.1500244140625,7665
2023-10-03 13:15:00,829.2999877929688,879.0,828.1500244140625,855.8499755859375,22194
2023-10-04 09:15:00,853.2000122070312,853.2000122070312,836.0499877929688,843.6500244140625,13072
2023-10-04 13:15:00,844.5,848.6500244140625,843.2000122070312,846.25,12941
2023-10-05 09:15:00,850.4500122070312,856.5999755859375,840.5499877929688,852.6500244140625,13958
2023-10-05 13:15:00,853.0,854.3499755859375,836.7999877929688,840.5,13004
2023-10-06 09:15:00,842.0,855.5,836.4500122070312,844.9000244140625,11736
2023-10-06 13:15:00,844.7999877929688,854.25,837.5499877929688,842.9500122070312,6100
2023-10-09 09:15:00,820.0,836.4000244140625,812.2999877929688,835.0,10245
2023-10-09 13:15:00,835.2000122070312,843.5999755859375,831.1500244140625,840.5999755859375,17985
2023-10-10 09:15:00,847.9500122070312,850.4000244140625,835.3499755859375,843.0499877929688,12306
2023-10-10 13:15:00,843.7000122070312,850.0,838.5999755859375,844.8499755859375,12514
2023-10-11 09:15:00,852.0,852.0,838.9000244140625,845.0,8087
2023-10-11 13:15:00,845.0,846.2000122070312,843.4000244140625,844.6500244140625,7911
2023-10-12 09:15:00,847.25,847.9000244140625,840.8499755859375,847.4000244140625,5264
2023-10-12 13:15:00,846.9000244140625,847.5,834.2000122070312,837.5,9556
2023-10-13 09:15:00,833.5,850.7999877929688,832.0999755859375,846.9500122070312,18577
2023-10-13 13:15:00,846.6500244140625,849.5,835.0999755859375,839.25,16278
2023-10-16 09:15:00,841.0,841.4500122070312,825.0499877929688,836.25,11259
2023-10-16 13:15:00,836.25,838.4500122070312,830.4500122070312,836.3499755859375,12516
2023-10-17 09:15:00,841.4500122070312,843.1500244140625,834.5499877929688,840.4000244140625,6126
2023-10-17 13:15:00,840.0,841.1500244140625,836.6500244140625,839.4000244140625,12762
2023-10-18 09:15:00,841.5999755859375,845.7000122070312,835.2999877929688,838.0,4671
2023-10-18 13:15:00,838.0,843.9500122070312,832.5,837.7999877929688,3805
2023-10-19 09:15:00,839.0,854.0,836.0999755859375,844.4500122070312,30040
2023-10-19 13:15:00,845.0999755859375,846.5499877929688,831.9000244140625,839.4000244140625,13435
2023-10-20 09:15:00,839.0,842.5,835.25,838.25,6734
2023-10-20 13:15:00,838.25,840.5,838.0,838.6500244140625,5718
2023-10-23 09:15:00,837.6500244140625,842.4500122070312,802.2999877929688,803.0,31128
2023-10-23 13:15:00,802.2000122070312,823.4500122070312,799.9000244140625,820.5,30539
2023-10-25 09:15:00,814.3499755859375,820.3499755859375,802.0499877929688,812.1500244140625,23947
2023-10-25 13:15:00,812.1500244140625,822.0,811.1500244140625,814.1500244140625,12607
2023-10-26 09:15:00,804.4500122070312,808.75,786.0,805.7999877929688,9298
2023-10-26 13:15:00,806.0,818.0,798.8499755859375,812.5499877929688,10623
2023-10-27 09:15:00,806.7999877929688,816.75,799.0499877929688,816.4500122070312,13201
2023-10-27 13:15:00,815.0999755859375,820.0499877929688,810.0,815.5,14905
2023-10-30 09:15:00,803.5,814.5999755859375,801.9500122070312,802.0999755859375,3799
2023-10-30 13:15:00,803.0,814.9000244140625,802.1500244140625,811.9500122070312,11640
2023-10-31 09:15:00,816.0499877929688,818.5,790.1500244140625,790.25,14169
2023-10-31 13:15:00,791.0,799.9000244140625,786.2000122070312,795.5,15908
2023-11-01 09:15:00,799.5,801.9000244140625,782.0,787.5999755859375,12794
2023-11-01 13:15:00,788.0,789.2000122070312,775.0,778.4000244140625,27514
2023-11-02 09:15:00,790.0,790.0,765.0,779.4500122070312,34950
2023-11-02 13:15:00,779.5499877929688,780.0,771.0,775.9500122070312,10521
2023-11-03 09:15:00,787.2999877929688,789.0,773.0,776.9000244140625,22890
2023-11-03 13:15:00,775.7999877929688,781.9500122070312,775.2999877929688,780.0499877929688,7320
2023-11-06 09:15:00,792.4500122070312,799.7000122070312,783.8499755859375,791.1500244140625,27660
2023-11-06 13:15:00,790.25,795.0,786.5,789.5999755859375,8200
2023-11-07 09:15:00,793.5499877929688,803.75,790.0499877929688,794.1500244140625,14318
2023-11-07 13:15:00,794.1500244140625,908.7999877929688,792.9500122070312,881.0,1166992
2023-11-08 09:15:00,883.0999755859375,883.0999755859375,829.1500244140625,855.0,165736
2023-11-08 13:15:00,854.5,856.0999755859375,835.0999755859375,843.4000244140625,62769
2023-11-09 09:15:00,846.0,855.9000244140625,836.0,838.6500244140625,43414
2023-11-09 13:15:00,838.1500244140625,847.5999755859375,827.9000244140625,832.5999755859375,34240
2023-11-10 09:15:00,833.5,849.9500122070312,833.5,838.4500122070312,28196
2023-11-10 13:15:00,838.5,841.5499877929688,825.0,829.8499755859375,38863
2023-11-13 09:15:00,834.75,857.25,833.0999755859375,846.9500122070312,27395
2023-11-13 13:15:00,846.9500122070312,866.2000122070312,846.0499877929688,857.5,55626
2023-11-15 09:15:00,868.9000244140625,874.0999755859375,861.7000122070312,870.0999755859375,47044
2023-11-15 13:15:00,871.25,889.9000244140625,870.0,889.9000244140625,66364
2023-11-16 09:15:00,889.7999877929688,895.9500122070312,877.5499877929688,879.2999877929688,44003
2023-11-16 13:15:00,878.5999755859375,878.6500244140625,867.8499755859375,868.0,13690
2023-11-17 09:15:00,877.0,895.0,868.9000244140625,874.0999755859375,16861
2023-11-17 13:15:00,872.2999877929688,875.5,861.9500122070312,866.9500122070312,11566
2023-11-20 09:15:00,869.0,892.6500244140625,864.7999877929688,882.0499877929688,18581
2023-11-20 13:15:00,882.0499877929688,884.9000244140625,867.0999755859375,877.0,22173
2023-11-21 09:15:00,879.0,905.0,875.0,890.9500122070312,120994
2023-11-21 13:15:00,890.9500122070312,922.0,890.0,922.0,120808
2023-11-22 09:15:00,925.5,930.2999877929688,883.1500244140625,892.0999755859375,75318
2023-11-22 13:15:00,893.4500122070312,904.4500122070312,885.75,894.7999877929688,45670
2023-11-23 09:15:00,894.7999877929688,908.2000122070312,886.0499877929688,889.4500122070312,24089
2023-11-23 13:15:00,890.0,893.75,886.2000122070312,889.9000244140625,12791
2023-11-24 09:15:00,894.3499755859375,907.7000122070312,887.5999755859375,901.25,17302
2023-11-24 13:15:00,901.5999755859375,912.8499755859375,896.7000122070312,903.7999877929688,23067
2023-11-28 09:15:00,912.5999755859375,929.8499755859375,904.0999755859375,912.9000244140625,28058
2023-11-28 13:15:00,913.7999877929688,916.5999755859375,905.9000244140625,905.9000244140625,11819
2023-11-29 09:15:00,921.2000122070312,935.0,911.0,931.0,24038
2023-11-29 13:15:00,931.0,938.0,929.2999877929688,931.0,36523
2023-11-30 09:15:00,932.5499877929688,957.0,919.9500122070312,943.9000244140625,66323
2023-11-30 13:15:00,945.0,950.0,938.0499877929688,944.6500244140625,21214
2023-12-01 09:15:00,948.25,964.4000244140625,941.5,959.1500244140625,52021
2023-12-01 13:15:00,959.0,963.0999755859375,944.6500244140625,944.9500122070312,28679
2023-12-04 09:15:00,969.0,981.5,957.5,966.0999755859375,33031
2023-12-04 13:15:00,966.4500122070312,970.0,960.0,964.25,17198
2023-12-05 09:15:00,971.8499755859375,971.8499755859375,937.2999877929688,943.6500244140625,19305
2023-12-05 13:15:00,943.7999877929688,945.0,929.6500244140625,945.0,20152
2023-12-06 09:15:00,940.0,943.0,920.0499877929688,928.6500244140625,18287
2023-12-06 13:15:00,928.4500122070312,928.9500122070312,910.25,914.9000244140625,33488
2023-12-07 09:15:00,920.0,930.0,907.2999877929688,921.2999877929688,35610
2023-12-07 13:15:00,921.4000244140625,924.9500122070312,908.0,914.0,22281
2023-12-08 09:15:00,950.0,986.7000122070312,950.0,966.4500122070312,223396
2023-12-08 13:15:00,966.2999877929688,975.0,953.25,966.5499877929688,62831
2023-12-11 09:15:00,971.0,980.0,963.5999755859375,975.0,20185
2023-12-11 13:15:00,976.1500244140625,979.9000244140625,968.0,974.4000244140625,16214
2023-12-12 09:15:00,974.4000244140625,988.9000244140625,969.0999755859375,984.0999755859375,29388
2023-12-12 13:15:00,984.0999755859375,989.0,980.25,981.9000244140625,22692
2023-12-13 09:15:00,985.0,1006.7000122070312,981.3499755859375,1006.7000122070312,58104
2023-12-13 13:15:00,1006.9000244140625,1019.3499755859375,992.0499877929688,995.0999755859375,102424
2023-12-14 09:15:00,1000.0,1011.9500122070312,991.5999755859375,1010.1500244140625,25254
2023-12-14 13:15:00,1012.0,1026.949951171875,1007.5499877929688,1019.4500122070312,56971
2023-12-15 09:15:00,1019.4000244140625,1030.0,1001.4000244140625,1021.0499877929688,35476
2023-12-15 13:15:00,1022.7999877929688,1037.0,1020.9000244140625,1030.3499755859375,38668
2023-12-18 09:15:00,1035.550048828125,1055.0,1026.5999755859375,1053.949951171875,46929
2023-12-18 13:15:00,1054.0,1063.949951171875,1039.75,1043.75,36354
2023-12-19 09:15:00,1043.75,1060.050048828125,1033.5,1056.0,15725
2023-12-19 13:15:00,1056.5,1068.0,1048.199951171875,1061.949951171875,20309
2023-12-20 09:15:00,1061.9000244140625,1064.199951171875,1026.199951171875,1026.5999755859375,17404
2023-12-20 13:15:00,1027.699951171875,1027.949951171875,996.7000122070312,1007.4500122070312,46506
2023-12-21 09:15:00,1010.0,1031.800048828125,993.1500244140625,1022.0,17010
2023-12-21 13:15:00,1021.8499755859375,1033.699951171875,1011.5,1029.5999755859375,23625
2023-12-22 09:15:00,1025.6500244140625,1057.449951171875,1022.2000122070312,1043.300048828125,13752
2023-12-22 13:15:00,1043.699951171875,1050.0,1041.449951171875,1047.0,15985
2023-12-26 09:15:00,1050.25,1088.0,1050.25,1069.5999755859375,32182
2023-12-26 13:15:00,1068.0,1077.9000244140625,1062.199951171875,1073.0999755859375,17136
2023-12-27 09:15:00,1081.9000244140625,1097.0,1068.550048828125,1074.199951171875,23304
2023-12-27 13:15:00,1074.0,1087.9000244140625,1071.5,1081.8499755859375,12021
2023-12-28 09:15:00,1089.949951171875,1094.699951171875,1072.5999755859375,1082.4000244140625,17672
2023-12-28 13:15:00,1082.4000244140625,1085.0,1072.699951171875,1078.9000244140625,19339
2023-12-29 09:15:00,1084.0,1084.0,1055.75,1058.75,16194
2023-12-29 13:15:00,1058.75,1068.0,1051.050048828125,1057.0,16725
2024-01-01 09:15:00,1049.9000244140625,1090.0,1049.8499755859375,1081.949951171875,26977
2024-01-01 13:15:00,1082.199951171875,1089.6500244140625,1073.0,1087.5,16083
2024-01-02 09:15:00,1083.9000244140625,1094.949951171875,1070.0999755859375,1077.5,12422
2024-01-02 13:15:00,1077.75,1106.6500244140625,1076.550048828125,1102.25,40687
2024-01-03 09:15:00,1127.699951171875,1159.9000244140625,1113.0,1146.25,38329
2024-01-03 13:15:00,1146.25,1158.6500244140625,1143.0,1151.0,26826
2024-01-04 09:15:00,1144.5,1155.0,1131.8499755859375,1143.449951171875,15686
2024-01-04 13:15:00,1144.800048828125,1158.0,1142.4000244140625,1150.0999755859375,16978
2024-01-05 09:15:00,1160.0,1195.949951171875,1155.949951171875,1190.0,29252
2024-01-05 13:15:00,1190.0,1190.0,1152.949951171875,1176.949951171875,34765
2024-01-08 09:15:00,1180.0,1187.3499755859375,1157.0,1165.300048828125,19351
2024-01-08 13:15:00,1166.8499755859375,1190.0,1166.25,1185.0999755859375,19481
2024-01-09 09:15:00,1164.5999755859375,1182.5,1164.0999755859375,1178.0999755859375,15657
2024-01-09 13:15:00,1178.0999755859375,1192.5,1178.050048828125,1185.75,24791
2024-01-10 09:15:00,1186.949951171875,1225.0,1180.550048828125,1218.75,39357
2024-01-10 13:15:00,1219.949951171875,1225.0,1215.0,1225.0,23227
2024-01-11 09:15:00,1201.949951171875,1267.3499755859375,1201.949951171875,1262.5,25239
2024-01-11 13:15:00,1262.3499755859375,1294.25,1256.25,1280.9000244140625,28222
2024-01-12 09:15:00,1286.0999755859375,1292.9000244140625,1246.0,1251.050048828125,20975
2024-01-12 13:15:00,1251.050048828125,1252.800048828125,1245.050048828125,1246.949951171875,16534
2024-01-15 09:15:00,1255.0,1264.4000244140625,1203.949951171875,1220.5,21841
2024-01-15 13:15:00,1220.5,1249.0,1220.5,1249.0,15209
2024-01-16 09:15:00,1252.800048828125,1293.0,1249.1500244140625,1260.449951171875,29400
2024-01-16 13:15:00,1260.300048828125,1270.0,1238.9000244140625,1261.550048828125,29291
2024-01-17 09:15:00,1231.0999755859375,1272.0,1220.0999755859375,1257.5999755859375,23028
2024-01-17 13:15:00,1257.300048828125,1265.5,1255.300048828125,1261.8499755859375,8658
2024-01-18 09:15:00,1241.5999755859375,1247.300048828125,1193.0,1227.949951171875,19582
2024-01-18 13:15:00,1228.699951171875,1232.0,1194.9000244140625,1194.9000244140625,37777
2024-01-19 09:15:00,1210.0,1233.050048828125,1185.0,1189.5999755859375,25942
2024-01-19 13:15:00,1188.5,1191.0,1171.949951171875,1189.0,17232
2024-01-23 09:15:00,1200.5,1213.949951171875,1173.050048828125,1177.5999755859375,16244
2024-01-23 13:15:00,1176.4000244140625,1183.0,1152.8499755859375,1180.0,23620
2024-01-24 09:15:00,1180.9000244140625,1196.199951171875,1153.449951171875,1158.050048828125,42916
2024-01-24 13:15:00,1158.800048828125,1176.800048828125,1155.0,1169.9000244140625,34698
2024-01-25 09:15:00,1186.9000244140625,1204.3499755859375,1178.5,1185.949951171875,10709
2024-01-25 13:15:00,1185.949951171875,1204.949951171875,1180.550048828125,1202.0,11465
2024-01-29 09:15:00,1217.050048828125,1227.3499755859375,1199.5,1209.699951171875,14587
2024-01-29 13:15:00,1208.550048828125,1225.6500244140625,1206.800048828125,1217.1500244140625,15718
2024-01-30 09:15:00,1223.0,1231.0999755859375,1197.300048828125,1198.3499755859375,9010
2024-01-30 13:15:00,1198.25,1210.0,1185.050048828125,1189.3499755859375,14452
2024-01-31 09:15:00,1202.949951171875,1232.199951171875,1192.9000244140625,1201.5999755859375,36956
2024-01-31 13:15:00,1200.5,1208.0,1195.0,1199.550048828125,15236
2024-02-01 09:15:00,1237.75,1240.0,1195.1500244140625,1205.0,12061
2024-02-01 13:15:00,1206.75,1212.6500244140625,1200.5999755859375,1207.0,8942
2024-02-02 09:15:00,1212.1500244140625,1221.199951171875,1188.050048828125,1193.25,25642
2024-02-02 13:15:00,1191.949951171875,1192.9000244140625,1118.0,1129.699951171875,96820
2024-02-05 09:15:00,1125.0,1125.0,1027.8499755859375,1052.050048828125,89616
2024-02-05 13:15:00,1052.0,1064.0,1027.75,1060.949951171875,88747
2024-02-06 09:15:00,1061.0,1113.5999755859375,1052.050048828125,1096.800048828125,101849
2024-02-06 13:15:00,1096.800048828125,1096.800048828125,1044.8499755859375,1051.75,133159
2024-02-07 09:15:00,1061.9000244140625,1077.9000244140625,1042.199951171875,1043.3499755859375,17562
2024-02-07 13:15:00,1045.25,1045.25,1026.050048828125,1031.3499755859375,29339
2024-02-08 09:15:00,1031.5,1074.5999755859375,1030.3499755859375,1051.949951171875,56316
2024-02-08 13:15:00,1051.699951171875,1072.0,1050.9000244140625,1063.800048828125,34272
2024-02-09 09:15:00,1074.199951171875,1106.25,1053.199951171875,1061.5,12842
2024-02-09 13:15:00,1063.449951171875,1075.0,1062.75,1067.5,11216
2024-02-12 09:15:00,1079.949951171875,1090.0,1035.25,1039.300048828125,12954
2024-02-12 13:15:00,1038.949951171875,1070.0,1005.0,1031.75,28137
2024-02-13 09:15:00,1030.300048828125,1055.300048828125,1003.8499755859375,1055.300048828125,23167
2024-02-13 13:15:00,1054.5999755859375,1068.0,1045.300048828125,1058.0,19736
2024-02-14 09:15:00,1050.0,1076.9000244140625,1037.3499755859375,1048.6500244140625,14638
2024-02-14 13:15:00,1048.9000244140625,1056.8499755859375,1035.8499755859375,1050.0,12228
2024-02-15 09:15:00,1050.0,1070.0,1046.0999755859375,1062.0999755859375,10728
2024-02-15 13:15:00,1062.199951171875,1072.9000244140625,1048.0,1059.25,28414
2024-02-16 09:15:00,1058.0,1087.25,1058.0,1081.0999755859375,8978
2024-02-16 13:15:00,1081.75,1093.3499755859375,1080.3499755859375,1087.5,16224
2024-02-19 09:15:00,1091.949951171875,1143.8499755859375,1090.050048828125,1137.449951171875,25997
2024-02-19 13:15:00,1137.449951171875,1138.0,1132.0,1134.4000244140625,15879
2024-02-20 09:15:00,1133.0,1148.0,1110.699951171875,1114.9000244140625,13082
2024-02-20 13:15:00,1116.1500244140625,1130.0,1114.0,1125.0999755859375,9996
2024-02-21 09:15:00,1132.949951171875,1148.800048828125,1128.3499755859375,1142.1500244140625,16967
2024-02-21 13:15:00,1141.1500244140625,1179.8499755859375,1137.1500244140625,1167.5,29022
2024-02-22 09:15:00,1179.949951171875,1189.5,1153.0999755859375,1160.050048828125,13228
2024-02-22 13:15:00,1160.5,1176.8499755859375,1140.050048828125,1145.0999755859375,24411
2024-02-23 09:15:00,1150.0,1175.0,1150.0,1165.0999755859375,27454
2024-02-23 13:15:00,1165.0999755859375,1171.6500244140625,1163.550048828125,1168.5999755859375,10995
2024-02-26 09:15:00,1177.800048828125,1194.0,1171.0,1175.4000244140625,9395
2024-02-26 13:15:00,1174.1500244140625,1177.25,1158.0,1166.949951171875,16511
2024-02-27 09:15:00,1169.199951171875,1185.300048828125,1169.199951171875,1173.0,13272
2024-02-27 13:15:00,1173.0,1180.0,1160.050048828125,1180.0,28584
2024-02-28 09:15:00,1176.800048828125,1180.3499755859375,1125.0999755859375,1127.699951171875,14614
2024-02-28 13:15:00,1127.800048828125,1145.0999755859375,1127.0,1128.199951171875,17739
2024-02-29 09:15:00,1135.0,1135.0,1096.449951171875,1096.449951171875,14592
2024-02-29 13:15:00,1098.1500244140625,1106.5999755859375,1052.9000244140625,1060.0,239984
2024-03-01 09:15:00,1067.699951171875,1067.699951171875,1039.0,1041.0,12857
2024-03-01 13:15:00,1040.050048828125,1048.1500244140625,1023.2000122070312,1028.0999755859375,29496
2024-03-04 09:15:00,1059.0,1059.0,1015.2999877929688,1035.050048828125,24927
2024-03-04 13:15:00,1035.3499755859375,1060.0,1033.6500244140625,1035.1500244140625,28301
2024-03-05 09:15:00,1035.0,1069.0,1024.300048828125,1065.0,13803
2024-03-05 13:15:00,1065.0,1075.949951171875,1037.0999755859375,1048.0,30085
2024-03-06 09:15:00,1046.75,1059.0,1018.0499877929688,1024.9000244140625,10818
2024-03-06 13:15:00,1024.699951171875,1033.9000244140625,1022.0499877929688,1027.1500244140625,8369
2024-03-07 09:15:00,1030.6500244140625,1048.050048828125,1027.800048828125,1028.199951171875,6734
2024-03-07 13:15:00,1028.25,1049.550048828125,1025.75,1040.0,16790
2024-03-11 09:15:00,1043.0,1064.949951171875,1028.0999755859375,1034.6500244140625,4385
2024-03-11 13:15:00,1033.949951171875,1034.949951171875,1020.0,1027.6500244140625,14824
2024-03-12 09:15:00,1030.9000244140625,1043.0,1022.5,1024.1500244140625,7172
2024-03-12 13:15:00,1024.0999755859375,1047.5,1016.1500244140625,1038.6500244140625,10389
2024-03-13 09:15:00,1037.0,1056.25,990.3499755859375,993.25,15013
2024-03-13 13:15:00,993.7999877929688,1030.0,963.9000244140625,982.5,31972
2024-03-14 09:15:00,987.4500122070312,1001.0999755859375,967.5,996.7999877929688,32018
2024-03-14 13:15:00,997.7000122070312,1018.0,994.5999755859375,1000.0,15499
2024-03-15 09:15:00,1010.0,1025.0,976.5499877929688,990.5499877929688,14562
2024-03-15 13:15:00,989.5999755859375,998.0,983.7999877929688,990.7999877929688,6111
2024-03-18 09:15:00,995.5999755859375,1010.9000244140625,967.0999755859375,970.0999755859375,19489
2024-03-18 13:15:00,972.5499877929688,979.9000244140625,966.0499877929688,970.1500244140625,9843
2024-03-19 09:15:00,976.5999755859375,984.5,966.2999877929688,979.9500122070312,8626
2024-03-19 13:15:00,980.1500244140625,988.1500244140625,965.0999755859375,973.7999877929688,12234
2024-03-20 09:15:00,976.0499877929688,1011.2999877929688,942.0499877929688,946.5,102488
2024-03-20 13:15:00,946.5,954.25,939.2999877929688,946.7000122070312,28303
2024-03-21 09:15:00,951.0499877929688,981.0999755859375,949.5,952.0999755859375,23359
2024-03-21 13:15:00,952.9000244140625,957.4500122070312,945.0,950.7000122070312,10206
2024-03-22 09:15:00,953.9000244140625,964.9000244140625,946.9000244140625,960.0,6054
2024-03-22 13:15:00,960.2999877929688,970.0,950.1500244140625,958.5,10151
2024-03-26 09:15:00,955.1500244140625,974.5499877929688,948.5,970.0,6213
2024-03-26 13:15:00,970.0,975.0,958.0,963.25,15192
2024-03-27 09:15:00,962.9500122070312,985.9500122070312,962.2000122070312,975.9000244140625,18974
2024-03-27 13:15:00,975.9000244140625,1030.0,972.4000244140625,1010.0,70655
2024-03-28 09:15:00,1021.0,1034.75,997.5499877929688,1029.4000244140625,14366
2024-03-28 13:15:00,1029.4000244140625,1031.300048828125,1010.0,1025.8499755859375,20532
2024-04-01 09:15:00,1027.8499755859375,1047.75,1013.8499755859375,1018.9500122070312,12471
2024-04-01 13:15:00,1017.0499877929688,1028.0,1000.0,1022.9500122070312,24888
2024-04-02 09:15:00,1019.4000244140625,1055.0999755859375,1019.4000244140625,1035.949951171875,14469
2024-04-02 13:15:00,1037.449951171875,1060.0,1034.0,1051.9000244140625,19112
2024-04-03 09:15:00,1057.1500244140625,1084.300048828125,1034.300048828125,1084.300048828125,16918
2024-04-03 13:15:00,1081.5,1098.949951171875,1077.199951171875,1094.949951171875,34613
2024-04-04 09:15:00,1101.800048828125,1104.25,1067.0,1080.0,5690
2024-04-04 13:15:00,1080.699951171875,1095.0,1077.3499755859375,1087.1500244140625,6409
2024-04-05 09:15:00,1088.75,1099.9000244140625,1073.949951171875,1095.550048828125,6161
2024-04-05 13:15:00,1096.3499755859375,1100.0,1084.0,1096.5999755859375,8299
2024-04-08 09:15:00,1100.050048828125,1157.75,1100.050048828125,1151.449951171875,37804
2024-04-08 13:15:00,1151.8499755859375,1157.8499755859375,1147.75,1152.75,18667
2024-04-09 09:15:00,1163.25,1168.550048828125,1132.050048828125,1154.4000244140625,15515
2024-04-09 13:15:00,1154.4000244140625,1175.0,1150.300048828125,1174.6500244140625,16521
2024-04-10 09:15:00,1177.0,1180.0,1152.699951171875,1175.3499755859375,10080
2024-04-10 13:15:00,1175.4000244140625,1184.9000244140625,1173.550048828125,1178.8499755859375,9345
2024-04-12 09:15:00,1178.800048828125,1190.0,1155.050048828125,1177.6500244140625,8138
2024-04-12 13:15:00,1178.0,1201.0,1174.5,1198.050048828125,23443
2024-04-15 09:15:00,1185.0,1195.0,1133.5999755859375,1180.75,9000
2024-04-15 13:15:00,1177.0,1198.0,1175.0,1184.25,9972
2024-04-16 09:15:00,1141.6500244140625,1185.300048828125,1141.6500244140625,1184.9000244140625,4666
2024-04-16 13:15:00,1184.949951171875,1232.5999755859375,1182.9000244140625,1221.949951171875,75010
2024-04-18 09:15:00,1220.800048828125,1278.9000244140625,1210.699951171875,1265.199951171875,102243
2024-04-18 13:15:00,1262.949951171875,1283.0,1251.0,1265.4000244140625,30412
2024-04-19 09:15:00,1270.9000244140625,1274.0,1241.0,1254.699951171875,15231
2024-04-19 13:15:00,1255.699951171875,1269.9000244140625,1252.5999755859375,1261.25,53250
2024-04-22 09:15:00,1270.9000244140625,1285.75,1254.050048828125,1257.050048828125,9823
2024-04-22 13:15:00,1256.6500244140625,1395.9000244140625,1256.050048828125,1323.8499755859375,39760
2024-04-23 09:15:00,1351.949951171875,1384.1500244140625,1339.199951171875,1367.1500244140625,30983
2024-04-23 13:15:00,1366.8499755859375,1398.699951171875,1365.0,1375.050048828125,46292
2024-04-24 09:15:00,1375.25,1385.25,1344.800048828125,1357.0999755859375,13995
2024-04-24 13:15:00,1357.449951171875,1362.9000244140625,1343.050048828125,1347.0,13349
2024-04-25 09:15:00,1346.050048828125,1346.0999755859375,1290.3499755859375,1309.300048828125,42558
2024-04-25 13:15:00,1308.050048828125,1360.0,1307.0,1349.800048828125,30907
2024-04-26 09:15:00,1343.0,1423.949951171875,1343.0,1395.699951171875,44793
2024-04-26 13:15:00,1397.25,1419.9000244140625,1379.8499755859375,1406.050048828125,35534
2024-04-29 09:15:00,1416.0,1424.0,1375.0,1378.0,10332
2024-04-29 13:15:00,1378.0,1416.0,1376.25,1399.1500244140625,9640
2024-04-30 09:15:00,1372.0,1401.949951171875,1361.050048828125,1389.0,17071
2024-04-30 13:15:00,1390.699951171875,1415.6500244140625,1389.4000244140625,1397.0999755859375,18894
2024-05-02 09:15:00,1407.949951171875,1407.949951171875,1378.199951171875,1396.8499755859375,9570
2024-05-02 13:15:00,1396.8499755859375,1398.699951171875,1375.199951171875,1388.9000244140625,12370
2024-05-03 09:15:00,1394.0,1398.699951171875,1364.5,1369.3499755859375,7319
2024-05-03 13:15:00,1372.6500244140625,1379.0,1360.9000244140625,1368.800048828125,11314
2024-05-06 09:15:00,1375.5999755859375,1409.0,1342.0,1382.550048828125,21688
2024-05-06 13:15:00,1383.25,1404.949951171875,1366.050048828125,1401.0,9710
2024-05-07 09:15:00,1364.0,1378.0,1306.75,1312.699951171875,34856
2024-05-07 13:15:00,1314.4000244140625,1348.449951171875,1313.75,1332.25,22814
2024-05-08 09:15:00,1318.8499755859375,1341.0999755859375,1315.0,1327.800048828125,6803
2024-05-08 13:15:00,1327.550048828125,1331.4000244140625,1301.800048828125,1314.5,18916
2024-05-09 09:15:00,1321.3499755859375,1324.25,1294.0999755859375,1294.0999755859375,5515
2024-05-09 13:15:00,1296.5999755859375,1296.5999755859375,1261.5999755859375,1270.8499755859375,12500
2024-05-10 09:15:00,1277.25,1292.949951171875,1259.4000244140625,1277.75,6173
2024-05-10 13:15:00,1278.8499755859375,1292.75,1261.5,1261.5,6004
2024-05-13 09:15:00,1268.949951171875,1302.5,1243.3499755859375,1300.800048828125,22406
2024-05-13 13:15:00,1303.300048828125,1303.300048828125,1276.9000244140625,1290.0,7225
2024-05-14 09:15:00,1278.300048828125,1331.0,1278.300048828125,1329.949951171875,6126
2024-05-14 13:15:00,1328.800048828125,1344.5999755859375,1326.199951171875,1334.949951171875,15896
2024-05-15 09:15:00,1349.949951171875,1356.8499755859375,1314.75,1323.800048828125,9382
2024-05-15 13:15:00,1325.6500244140625,1377.9000244140625,1318.050048828125,1349.949951171875,5892
2024-05-16 09:15:00,1356.699951171875,1364.4000244140625,1331.75,1334.0,12005
2024-05-16 13:15:00,1335.0,1349.300048828125,1333.0,1335.949951171875,4860
2024-05-17 09:15:00,1347.9000244140625,1363.4000244140625,1302.25,1320.0,56919
2024-05-17 13:15:00,1321.199951171875,1339.0,1306.5999755859375,1339.0,33524
2024-05-21 09:15:00,1335.4000244140625,1335.4000244140625,1257.5,1258.199951171875,44909
2024-05-21 13:15:00,1258.0,1268.75,1235.0,1245.949951171875,37060
2024-05-22 09:15:00,1248.550048828125,1277.4000244140625,1246.050048828125,1267.050048828125,9631
2024-05-22 13:15:00,1267.0999755859375,1294.949951171875,1265.0,1277.0,10612
2024-05-23 09:15:00,1281.449951171875,1293.800048828125,1267.75,1276.949951171875,3481
2024-05-23 13:15:00,1275.050048828125,1288.949951171875,1274.0,1275.0,5031
2024-05-24 09:15:00,1265.0,1282.699951171875,1265.0,1269.9000244140625,5920
2024-05-24 13:15:00,1269.8499755859375,1311.0,1261.0,1297.9000244140625,23449
2024-05-27 09:15:00,1291.9000244140625,1293.199951171875,1257.0,1266.0,5363
2024-05-27 13:15:00,1267.949951171875,1285.0,1254.0,1280.0,10271
2024-05-28 09:15:00,1270.0,1277.9000244140625,1227.4000244140625,1231.8499755859375,19518
2024-05-28 13:15:00,1230.949951171875,1272.0,1229.949951171875,1272.0,15686
2024-05-29 09:15:00,1259.949951171875,1263.800048828125,1247.0,1250.949951171875,2805
2024-05-29 13:15:00,1248.75,1269.699951171875,1245.0,1263.0,8560
2024-05-30 09:15:00,1268.300048828125,1268.6500244140625,1247.949951171875,1252.3499755859375,3386
2024-05-30 13:15:00,1252.449951171875,1266.5,1246.5,1246.75,7955
2024-05-31 09:15:00,1252.949951171875,1257.5,1240.0,1253.550048828125,4452
2024-05-31 13:15:00,1251.0,1285.0,1249.949951171875,1279.0,21269
2024-06-03 09:15:00,1286.0,1295.949951171875,1252.3499755859375,1262.25,12893
2024-06-03 13:15:00,1263.9000244140625,1296.0999755859375,1256.1500244140625,1265.0,24270
2024-06-04 09:15:00,1296.0,1296.0,1170.0,1231.1500244140625,12600
2024-06-04 13:15:00,1230.699951171875,1299.0,1189.9000244140625,1210.1500244140625,20911
2024-06-05 09:15:00,1217.0,1296.449951171875,1175.300048828125,1296.0,13915
2024-06-05 13:15:00,1295.050048828125,1330.0,1291.050048828125,1325.0,24843
2024-06-06 09:15:00,1313.949951171875,1392.8499755859375,1313.9000244140625,1366.0,27204
2024-06-06 13:15:00,1365.0,1398.9000244140625,1365.0,1389.75,16216
2024-06-07 09:15:00,1300.0,1384.75,1300.0,1372.3499755859375,17630
2024-06-07 13:15:00,1373.550048828125,1379.949951171875,1360.0,1368.5,11279
2024-06-10 09:15:00,1382.300048828125,1475.0,1359.8499755859375,1465.25,51918
2024-06-10 13:15:00,1467.0,1542.050048828125,1457.25,1521.699951171875,159635
2024-06-11 09:15:00,1498.699951171875,1619.9000244140625,1498.699951171875,1592.0,73457
2024-06-11 13:15:00,1591.8499755859375,1640.0,1591.8499755859375,1639.0,56739
2024-06-12 09:15:00,1619.949951171875,1669.0,1583.699951171875,1593.050048828125,61746
2024-06-12 13:15:00,1594.75,1604.800048828125,1546.0,1600.9000244140625,73525
2024-06-13 09:15:00,1604.6500244140625,1620.0,1552.0,1610.0,20400
2024-06-13 13:15:00,1612.6500244140625,1630.0,1594.5,1613.300048828125,19540
2024-06-14 09:15:00,1620.5999755859375,1626.5,1565.5,1605.5999755859375,20413
2024-06-14 13:15:00,1602.949951171875,1611.800048828125,1573.0,1573.0,9624
2024-06-18 09:15:00,1584.75,1589.199951171875,1530.0,1543.0,24479
2024-06-18 13:15:00,1543.0,1574.050048828125,1529.5,1545.0,24975
2024-06-19 09:15:00,1550.3499755859375,1616.0,1545.0,1568.300048828125,19788
2024-06-19 13:15:00,1567.800048828125,1592.949951171875,1560.0,1575.949951171875,12768
2024-06-20 09:15:00,1576.050048828125,1676.050048828125,1576.050048828125,1655.0,51178
2024-06-20 13:15:00,1650.0,1699.8499755859375,1650.0,1689.0,36913
2024-06-21 09:15:00,1699.8499755859375,1699.8499755859375,1645.5999755859375,1685.699951171875,17989
2024-06-21 13:15:00,1685.6500244140625,1733.0,1683.300048828125,1688.5,22844
2024-06-24 09:15:00,1606.699951171875,1699.550048828125,1606.699951171875,1667.5,14829
2024-06-24 13:15:00,1669.5999755859375,1695.0,1664.3499755859375,1687.0,13479
2024-06-25 09:15:00,1677.449951171875,1719.0,1664.5999755859375,1709.25,27986
2024-06-25 13:15:00,1709.199951171875,1710.699951171875,1693.9000244140625,1703.8499755859375,52938
2024-06-26 09:15:00,1666.25,1685.199951171875,1642.4000244140625,1653.25,15253
2024-06-26 13:15:00,1653.0,1686.300048828125,1642.199951171875,1642.75,35284
2024-06-27 09:15:00,1624.199951171875,1695.1500244140625,1624.199951171875,1668.8499755859375,18305
2024-06-27 13:15:00,1669.199951171875,1690.0,1659.0,1670.0,16013
2024-06-28 09:15:00,1650.0,1678.5,1628.0,1678.5,10406
2024-06-28 13:15:00,1679.199951171875,1691.0,1674.050048828125,1685.9000244140625,14383
2024-07-01 09:15:00,1650.550048828125,1674.0,1645.199951171875,1650.5,12985
2024-07-01 13:15:00,1651.5,1658.0,1640.0,1645.5999755859375,11508
2024-07-02 09:15:00,1654.8499755859375,1654.8499755859375,1603.699951171875,1609.0,11976
2024-07-02 13:15:00,1611.0,1671.75,1609.0,1660.0,30588
2024-07-03 09:15:00,1620.3499755859375,1647.0999755859375,1620.3499755859375,1647.0999755859375,6179
2024-07-03 13:15:00,1647.699951171875,1650.4000244140625,1635.0,1643.75,8050
2024-07-04 09:15:00,1643.699951171875,1697.550048828125,1620.0,1687.949951171875,37077
2024-07-04 13:15:00,1688.0,1709.8499755859375,1685.0,1695.699951171875,26072
2024-07-05 09:15:00,1674.1500244140625,1795.0,1674.1500244140625,1785.0999755859375,78256
2024-07-05 13:15:00,1782.4000244140625,1799.0,1751.0,1797.0,40833
2024-07-08 09:15:00,1784.1500244140625,1800.0,1745.0,1796.9000244140625,29374
2024-07-08 13:15:00,1795.8499755859375,1800.0,1761.199951171875,1777.5999755859375,34343
2024-07-09 09:15:00,1762.949951171875,1798.949951171875,1732.0,1769.0,25669
2024-07-09 13:15:00,1769.0,1797.800048828125,1755.800048828125,1756.199951171875,24174
2024-07-10 09:15:00,1742.3499755859375,1764.5999755859375,1701.050048828125,1732.0999755859375,16500
2024-07-10 13:15:00,1732.550048828125,1739.9000244140625,1715.050048828125,1729.699951171875,11244
2024-07-11 09:15:00,1702.4000244140625,1716.949951171875,1683.0,1684.699951171875,18580
2024-07-11 13:15:00,1684.550048828125,1690.550048828125,1673.199951171875,1681.199951171875,7249
2024-07-12 09:15:00,1680.300048828125,1708.050048828125,1680.300048828125,1695.699951171875,27039
2024-07-12 13:15:00,1697.5999755859375,1720.699951171875,1681.050048828125,1704.9000244140625,17783
2024-07-15 09:15:00,1656.199951171875,1719.0,1656.199951171875,1714.050048828125,10969
2024-07-15 13:15:00,1712.0999755859375,1728.9000244140625,1710.1500244140625,1720.050048828125,63102
2024-07-16 09:15:00,1703.949951171875,1712.1500244140625,1676.050048828125,1684.0,19571
2024-07-16 13:15:00,1686.449951171875,1691.0,1676.0999755859375,1683.550048828125,18491
2024-07-18 09:15:00,1696.550048828125,1696.550048828125,1661.050048828125,1678.8499755859375,4406
2024-07-18 13:15:00,1678.9000244140625,1700.0,1672.6500244140625,1691.3499755859375,6253
2024-07-19 09:15:00,1695.75,1704.25,1648.0,1670.199951171875,20518
2024-07-19 13:15:00,1670.5999755859375,1692.8499755859375,1660.3499755859375,1684.0999755859375,7174
2024-07-22 09:15:00,1670.550048828125,1689.949951171875,1635.550048828125,1685.550048828125,6167
2024-07-22 13:15:00,1683.0,1685.5999755859375,1646.199951171875,1663.25,6045
2024-07-23 09:15:00,1698.0,1822.5,1633.300048828125,1660.5,385826
2024-07-23 13:15:00,1660.449951171875,1683.25,1653.199951171875,1669.0,42151
2024-07-24 09:15:00,1698.4000244140625,1735.9000244140625,1687.550048828125,1719.25,15621
2024-07-24 13:15:00,1720.5999755859375,1734.0,1707.1500244140625,1727.0,10530
2024-07-25 09:15:00,1719.0,1729.0,1697.0999755859375,1702.0999755859375,3778
2024-07-25 13:15:00,1700.75,1705.0,1681.0,1702.0,10228
2024-07-26 09:15:00,1704.25,1727.449951171875,1670.0,1725.550048828125,24653
2024-07-26 13:15:00,1726.0,1728.8499755859375,1683.300048828125,1686.1500244140625,49527
2024-07-29 09:15:00,1692.0,1745.949951171875,1690.4000244140625,1720.050048828125,13507
2024-07-29 13:15:00,1720.050048828125,1729.0,1689.949951171875,1707.5999755859375,10623
2024-07-30 09:15:00,1719.6500244140625,1719.6500244140625,1680.0,1691.6500244140625,7878
2024-07-30 13:15:00,1692.949951171875,1704.9000244140625,1678.5999755859375,1691.699951171875,4683
2024-07-31 09:15:00,1740.300048828125,1757.5999755859375,1718.699951171875,1745.0,53978
2024-07-31 13:15:00,1745.5,1747.6500244140625,1714.449951171875,1731.3499755859375,15638
2024-08-01 09:15:00,1754.949951171875,1755.0,1725.5,1728.25,14937
2024-08-01 13:15:00,1729.0,1744.0,1715.0,1735.0,6302
2024-08-02 09:15:00,1727.949951171875,1789.699951171875,1711.75,1763.0,49757
2024-08-02 13:15:00,1767.449951171875,1828.0,1754.4000244140625,1818.0,386750
2024-08-05 09:15:00,1789.0,1925.0,1766.5,1802.550048828125,93932
2024-08-05 13:15:00,1804.75,1806.6500244140625,1750.800048828125,1764.9000244140625,65142
2024-08-06 09:15:00,1803.75,1842.300048828125,1790.050048828125,1797.3499755859375,62425
2024-08-06 13:15:00,1798.0,1801.0,1726.8499755859375,1742.800048828125,41071
2024-08-07 09:15:00,1824.8499755859375,1824.8499755859375,1789.300048828125,1815.550048828125,25642
2024-08-07 13:15:00,1817.5,1821.449951171875,1802.0,1812.8499755859375,14225
2024-08-08 09:15:00,1822.0,1860.0,1808.050048828125,1832.0999755859375,80310
2024-08-08 13:15:00,1834.0999755859375,1836.0,1814.300048828125,1826.0999755859375,21866
2024-08-09 09:15:00,1838.550048828125,1851.25,1816.050048828125,1827.4000244140625,27144
2024-08-09 13:15:00,1825.5,1852.0,1822.5,1846.75,19029
2024-08-12 09:15:00,1860.550048828125,1868.199951171875,1817.6500244140625,1825.0,18793
2024-08-12 13:15:00,1823.199951171875,1825.0,1811.0,1813.0,20623
2024-08-13 09:15:00,1848.949951171875,1848.949951171875,1776.1500244140625,1795.5,22169
2024-08-13 13:15:00,1795.5,1805.949951171875,1791.5,1800.0,15185
2024-08-14 09:15:00,1817.199951171875,1819.0,1792.550048828125,1811.5,23826
2024-08-14 13:15:00,1812.699951171875,1825.0,1810.0,1824.0,12864
2024-08-16 09:15:00,1799.0,1810.6500244140625,1784.949951171875,1796.3499755859375,22031
2024-08-16 13:15:00,1797.1500244140625,1809.0,1784.949951171875,1791.5,11485
2024-08-19 09:15:00,1799.949951171875,1815.0,1780.0,1801.1500244140625,6686
2024-08-19 13:15:00,1801.0,1809.0,1780.050048828125,1794.75,7444
2024-08-20 09:15:00,1808.9000244140625,1808.9000244140625,1771.1500244140625,1773.5999755859375,14024
2024-08-20 13:15:00,1773.5999755859375,1781.5,1738.550048828125,1747.4000244140625,20062
2024-08-21 09:15:00,1830.0,1861.949951171875,1771.0,1788.0999755859375,49186
2024-08-21 13:15:00,1788.0999755859375,1802.1500244140625,1777.550048828125,1794.8499755859375,16452
2024-08-22 09:15:00,1799.550048828125,1803.6500244140625,1783.3499755859375,1788.8499755859375,6117
2024-08-22 13:15:00,1787.0,1800.0,1780.050048828125,1795.0999755859375,5509
2024-08-23 09:15:00,1799.9000244140625,1799.949951171875,1783.050048828125,1797.5,3352
2024-08-23 13:15:00,1797.75,1801.550048828125,1785.050048828125,1796.449951171875,6490
2024-08-26 09:15:00,1801.9000244140625,1825.0,1797.1500244140625,1797.199951171875,6068
2024-08-26 13:15:00,1799.5,1815.0,1796.449951171875,1808.949951171875,3430
2024-08-27 09:15:00,1819.8499755859375,1868.300048828125,1801.699951171875,1818.5,58866
2024-08-27 13:15:00,1818.3499755859375,1826.3499755859375,1812.0,1819.5,13487
2024-08-28 09:15:00,1850.0,1850.949951171875,1803.5999755859375,1806.4000244140625,15538
2024-08-28 13:15:00,1805.199951171875,1810.0,1740.8499755859375,1763.0,26675
2024-08-29 09:15:00,1757.1500244140625,1765.949951171875,1745.9000244140625,1751.1500244140625,11175
2024-08-29 13:15:00,1751.3499755859375,1761.5999755859375,1733.5999755859375,1741.0,6854
2024-08-30 09:15:00,1778.75,1778.75,1736.3499755859375,1748.5,6025
2024-08-30 13:15:00,1746.699951171875,1838.4000244140625,1746.0,1838.4000244140625,60956
2024-09-02 09:15:00,1841.699951171875,1849.949951171875,1752.949951171875,1758.800048828125,12268
2024-09-02 13:15:00,1758.449951171875,1783.699951171875,1756.5999755859375,1771.3499755859375,13305
2024-09-03 09:15:00,1789.949951171875,1789.949951171875,1752.0999755859375,1765.0,6701
2024-09-03 13:15:00,1765.050048828125,1800.0,1761.199951171875,1780.0,14006
2024-09-04 09:15:00,1762.050048828125,1768.300048828125,1685.0,1688.0,79018
2024-09-04 13:15:00,1688.0,1697.0,1680.5999755859375,1695.0,34961
2024-09-05 09:15:00,1714.0999755859375,1714.949951171875,1672.75,1677.3499755859375,16674
2024-09-05 13:15:00,1677.4000244140625,1682.4000244140625,1653.550048828125,1663.6500244140625,31024
2024-09-06 09:15:00,1663.0999755859375,1666.75,1590.0999755859375,1597.800048828125,75333
2024-09-06 13:15:00,1596.0999755859375,1600.0,1581.550048828125,1595.0,26839
2024-09-09 09:15:00,1590.0,1590.0,1535.0,1543.949951171875,23347
2024-09-09 13:15:00,1543.8499755859375,1600.0,1540.0,1589.0999755859375,25709
2024-09-10 09:15:00,1598.5,1655.949951171875,1598.5,1637.5999755859375,10106
2024-09-10 13:15:00,1638.550048828125,1686.8499755859375,1628.3499755859375,1678.199951171875,56559
2024-09-11 09:15:00,1653.050048828125,1654.5999755859375,1616.300048828125,1620.8499755859375,36781
2024-09-11 13:15:00,1622.050048828125,1622.1500244140625,1601.0,1606.050048828125,12171
2024-09-12 09:15:00,1615.300048828125,1626.1500244140625,1580.199951171875,1589.5,21653
2024-09-12 13:15:00,1589.5,1591.8499755859375,1581.0,1586.5,8640
2024-09-13 09:15:00,1589.699951171875,1609.8499755859375,1565.0,1591.5,6948
2024-09-13 13:15:00,1593.449951171875,1599.050048828125,1589.050048828125,1593.3499755859375,2981
2024-09-16 09:15:00,1605.5,1609.75,1582.550048828125,1594.949951171875,4018
2024-09-16 13:15:00,1595.0,1610.0,1590.0,1592.0,6482
2024-09-17 09:15:00,1593.050048828125,1595.1500244140625,1565.0,1573.449951171875,16621
2024-09-17 13:15:00,1575.3499755859375,1598.949951171875,1567.699951171875,1590.0,9693
2024-09-18 09:15:00,1590.0,1590.0,1550.0,1562.6500244140625,8205
2024-09-18 13:15:00,1559.300048828125,1563.1500244140625,1550.0999755859375,1553.550048828125,4903
2024-09-19 09:15:00,1565.5999755859375,1579.300048828125,1493.199951171875,1515.6500244140625,29134
2024-09-19 13:15:00,1514.800048828125,1525.0,1507.050048828125,1514.449951171875,4151
2024-09-20 09:15:00,1525.0,1590.9000244140625,1516.0,1573.5,38044
2024-09-20 13:15:00,1574.1500244140625,1576.449951171875,1549.0,1549.4000244140625,18219
2024-09-23 09:15:00,1547.9000244140625,1547.9000244140625,1495.0,1498.5,23172
2024-09-23 13:15:00,1498.5999755859375,1501.050048828125,1489.800048828125,1493.6500244140625,16784
2024-09-24 09:15:00,1500.0,1571.0999755859375,1500.0,1520.949951171875,81550
2024-09-24 13:15:00,1520.25,1565.8499755859375,1516.199951171875,1557.9000244140625,20388
2024-09-25 09:15:00,1574.550048828125,1574.550048828125,1552.699951171875,1560.0999755859375,12318
2024-09-25 13:15:00,1561.6500244140625,1561.800048828125,1508.0999755859375,1515.550048828125,31151
2024-09-26 09:15:00,1522.25,1530.6500244140625,1505.3499755859375,1507.0999755859375,23636
2024-09-26 13:15:00,1506.199951171875,1511.949951171875,1503.0999755859375,1505.25,19500
2024-09-27 09:15:00,1516.699951171875,1535.0,1512.300048828125,1526.9000244140625,7271
2024-09-27 13:15:00,1528.8499755859375,1535.0,1520.0,1529.5,5991
2024-09-30 09:15:00,1530.550048828125,1560.0,1530.550048828125,1546.199951171875,5856
2024-09-30 13:15:00,1546.199951171875,1549.949951171875,1537.050048828125,1546.449951171875,5882
2024-10-01 09:15:00,1560.5,1579.800048828125,1553.1500244140625,1574.0999755859375,11499
2024-10-01 13:15:00,1573.75,1580.0,1565.0,1571.5999755859375,7099
2024-10-03 09:15:00,1571.0,1571.0,1533.0,1540.300048828125,12271
2024-10-03 13:15:00,1540.199951171875,1550.0,1533.199951171875,1549.300048828125,4852
2024-10-04 09:15:00,1548.0,1573.8499755859375,1500.0,1533.0,5141
2024-10-04 13:15:00,1534.1500244140625,1560.0,1530.0,1547.449951171875,6078
2024-10-07 09:15:00,1550.800048828125,1550.800048828125,1464.0,1473.6500244140625,12527
2024-10-07 13:15:00,1473.699951171875,1474.050048828125,1454.5999755859375,1460.050048828125,5416
2024-10-08 09:15:00,1476.0,1503.8499755859375,1444.550048828125,1498.5999755859375,10208
2024-10-08 13:15:00,1501.800048828125,1507.0,1450.0,1480.3499755859375,20889
2024-10-09 09:15:00,1493.300048828125,1522.449951171875,1486.050048828125,1507.5,6946
2024-10-09 13:15:00,1510.25,1518.0,1505.050048828125,1512.800048828125,3039
2024-10-10 09:15:00,1522.0,1523.300048828125,1497.0,1497.050048828125,4737
2024-10-10 13:15:00,1498.8499755859375,1505.8499755859375,1492.0,1495.449951171875,3082
2024-10-11 09:15:00,1507.5999755859375,1508.949951171875,1480.0,1495.449951171875,4787
2024-10-11 13:15:00,1496.4000244140625,1496.699951171875,1485.0,1493.3499755859375,3087
2024-10-14 09:15:00,1490.0,1514.949951171875,1490.0,1496.75,2130
2024-10-14 13:15:00,1496.949951171875,1501.4000244140625,1480.5999755859375,1486.8499755859375,3545
2024-10-15 09:15:00,1489.9000244140625,1505.0,1485.9000244140625,1500.5,5076
2024-10-15 13:15:00,1500.050048828125,1505.0,1491.0999755859375,1496.550048828125,2929
2024-10-16 09:15:00,1508.3499755859375,1559.0,1507.699951171875,1541.0,9606
2024-10-16 13:15:00,1545.550048828125,1574.9000244140625,1510.0,1569.949951171875,50392
2024-10-17 09:15:00,1567.9000244140625,1567.9000244140625,1512.199951171875,1524.9000244140625,5317
2024-10-17 13:15:00,1528.25,1535.0,1510.0,1524.5999755859375,6831
2024-10-18 09:15:00,1524.5999755859375,1538.199951171875,1490.5999755859375,1490.5999755859375,25868
2024-10-18 13:15:00,1491.3499755859375,1525.5,1482.6500244140625,1517.0,19708
2024-10-21 09:15:00,1505.050048828125,1508.6500244140625,1490.0,1492.1500244140625,4693
2024-10-21 13:15:00,1492.0,1501.0999755859375,1485.1500244140625,1491.0999755859375,7155
2024-10-22 09:15:00,1500.0,1500.0,1435.1500244140625,1454.449951171875,7125
2024-10-22 13:15:00,1458.0,1458.0,1434.0999755859375,1438.8499755859375,6891
2024-10-23 09:15:00,1433.199951171875,1449.699951171875,1402.75,1433.0,8096
2024-10-23 13:15:00,1432.0,1450.0,1422.699951171875,1448.8499755859375,7583
2024-10-24 09:15:00,1444.25,1453.0,1420.0,1430.4000244140625,5313
2024-10-24 13:15:00,1426.0,1454.699951171875,1422.4000244140625,1430.0,6416
2024-10-25 09:15:00,1430.0,1446.9000244140625,1377.199951171875,1396.550048828125,8985
2024-10-25 13:15:00,1398.050048828125,1407.5999755859375,1356.6500244140625,1367.0999755859375,15160
2024-10-28 09:15:00,1382.8499755859375,1424.4000244140625,1360.550048828125,1424.4000244140625,16589
2024-10-28 13:15:00,1421.550048828125,1478.199951171875,1420.0,1445.5,8251
2024-10-29 09:15:00,1460.9000244140625,1466.449951171875,1432.0,1457.449951171875,5858
2024-10-29 13:15:00,1457.5,1470.0,1450.1500244140625,1464.5999755859375,3356
2024-10-30 09:15:00,1476.449951171875,1522.5,1463.0999755859375,1500.0,6897
2024-10-30 13:15:00,1500.0,1550.0,1492.5999755859375,1527.25,8127
2024-10-31 09:15:00,1517.25,1558.300048828125,1512.050048828125,1549.9000244140625,7859
2024-10-31 13:15:00,1545.699951171875,1578.75,1536.449951171875,1577.0,16250
2024-11-04 09:15:00,1567.5999755859375,1590.0,1532.0,1565.949951171875,14175
2024-11-04 13:15:00,1558.1500244140625,1580.3499755859375,1555.800048828125,1578.800048828125,6961
2024-11-05 09:15:00,1560.199951171875,1583.949951171875,1540.1500244140625,1549.75,4478
2024-11-05 13:15:00,1549.75,1580.0,1545.9000244140625,1552.5999755859375,5808
2024-11-06 09:15:00,1565.0,1609.449951171875,1510.0999755859375,1540.0,52582
2024-11-06 13:15:00,1540.5,1660.0,1528.0,1616.449951171875,109499
2024-11-07 09:15:00,1666.9000244140625,1670.0,1590.0999755859375,1644.050048828125,89866
2024-11-07 13:15:00,1644.0,1654.949951171875,1591.25,1613.300048828125,71288
2024-11-08 09:15:00,1627.0999755859375,1631.199951171875,1590.0,1616.699951171875,18426
2024-11-08 13:15:00,1608.75,1615.3499755859375,1587.449951171875,1600.550048828125,23196
2024-11-11 09:15:00,1602.300048828125,1643.949951171875,1586.949951171875,1622.199951171875,17030
2024-11-11 13:15:00,1622.1500244140625,1628.0,1599.4000244140625,1619.449951171875,28225
2024-11-12 09:15:00,1619.5,1630.0,1586.0,1587.800048828125,5712
2024-11-12 13:15:00,1586.0,1590.800048828125,1540.8499755859375,1555.699951171875,22262
2024-11-13 09:15:00,1558.949951171875,1590.0,1525.4000244140625,1538.449951171875,12976
2024-11-13 13:15:00,1539.0,1546.9000244140625,1523.300048828125,1524.8499755859375,18557
2024-11-14 09:15:00,1520.0,1545.6500244140625,1503.050048828125,1532.3499755859375,14359
2024-11-14 13:15:00,1532.4000244140625,1538.8499755859375,1505.0,1526.949951171875,24543
2024-11-18 09:15:00,1531.5999755859375,1531.5999755859375,1500.25,1515.6500244140625,4641
2024-11-18 13:15:00,1515.6500244140625,1522.1500244140625,1482.0,1495.0,13135
2024-11-19 09:15:00,1504.449951171875,1525.300048828125,1501.25,1520.5999755859375,4651
2024-11-19 13:15:00,1520.6500244140625,1525.0,1492.1500244140625,1501.3499755859375,9277
2024-11-21 09:15:00,1501.3499755859375,1501.3499755859375,1482.0,1495.449951171875,8997
2024-11-21 13:15:00,1500.0,1501.3499755859375,1471.0,1480.0,10058
2024-11-22 09:15:00,1480.25,1499.75,1468.0,1479.949951171875,9818
2024-11-22 13:15:00,1476.449951171875,1489.6500244140625,1471.550048828125,1479.550048828125,7652
2024-11-25 09:15:00,1491.050048828125,1549.9000244140625,1485.0999755859375,1500.5999755859375,38422
2024-11-25 13:15:00,1500.699951171875,1511.0,1490.25,1499.25,28548
2024-11-26 09:15:00,1517.050048828125,1574.199951171875,1508.6500244140625,1529.949951171875,25535
2024-11-26 13:15:00,1530.0,1554.050048828125,1523.3499755859375,1531.5999755859375,16407
2024-11-27 09:15:00,1545.5999755859375,1556.949951171875,1515.0,1529.0999755859375,12151
2024-11-27 13:15:00,1529.0999755859375,1545.550048828125,1529.0999755859375,1530.25,13507
2024-11-28 09:15:00,1537.25,1559.949951171875,1520.699951171875,1527.699951171875,7578
2024-11-28 13:15:00,1525.0,1545.550048828125,1521.0,1529.5,8858
2024-11-29 09:15:00,1530.0,1537.0999755859375,1501.699951171875,1508.8499755859375,5425
2024-11-29 13:15:00,1511.3499755859375,1534.550048828125,1502.0999755859375,1505.4000244140625,25144
2024-12-02 09:15:00,1509.949951171875,1553.949951171875,1496.199951171875,1503.300048828125,17438
2024-12-02 13:15:00,1497.199951171875,1520.0,1497.199951171875,1516.0,12616
2024-12-03 09:15:00,1529.5,1562.0,1516.0,1544.8499755859375,11205
2024-12-03 13:15:00,1544.75,1566.0,1529.1500244140625,1540.449951171875,18648
2024-12-04 09:15:00,1577.949951171875,1645.0,1577.050048828125,1599.050048828125,70407
2024-12-04 13:15:00,1599.0,1602.3499755859375,1571.0,1583.800048828125,35756
2024-12-05 09:15:00,1602.0999755859375,1602.0999755859375,1570.0,1572.1500244140625,10321
2024-12-05 13:15:00,1573.5,1600.25,1563.3499755859375,1577.5999755859375,10801
2024-12-06 09:15:00,1589.949951171875,1620.0,1560.25,1600.050048828125,17835
2024-12-06 13:15:00,1600.0,1600.0,1595.1500244140625,1599.699951171875,10863
2024-12-09 09:15:00,1600.0,1614.0999755859375,1582.0,1604.5999755859375,8748
2024-12-09 13:15:00,1604.6500244140625,1608.5,1571.0,1571.0,13591
2024-12-10 09:15:00,1594.9000244140625,1594.9000244140625,1566.199951171875,1574.1500244140625,15711
2024-12-10 13:15:00,1576.6500244140625,1609.1500244140625,1573.699951171875,1600.1500244140625,23569
2024-12-11 09:15:00,1609.25,1647.0,1603.300048828125,1631.4000244140625,22310
2024-12-11 13:15:00,1632.050048828125,1644.949951171875,1621.699951171875,1635.800048828125,12882
2024-12-12 09:15:00,1648.0,1663.0,1619.1500244140625,1627.6500244140625,11586
2024-12-12 13:15:00,1628.4000244140625,1642.949951171875,1620.050048828125,1627.949951171875,18872
2024-12-13 09:15:00,1636.5,1636.5,1608.75,1622.5,9796
2024-12-13 13:15:00,1620.949951171875,1628.0,1611.199951171875,1617.6500244140625,9947
2024-12-16 09:15:00,1624.5,1648.5,1605.0,1614.550048828125,5610
2024-12-16 13:15:00,1613.0,1616.25,1597.0,1597.0,6321
2024-12-17 09:15:00,1601.0,1625.0,1591.1500244140625,1605.75,5569
2024-12-17 13:15:00,1606.050048828125,1609.0,1590.0,1591.550048828125,8910
2024-12-18 09:15:00,1591.550048828125,1595.949951171875,1573.0,1580.25,8263
2024-12-18 13:15:00,1582.75,1584.1500244140625,1562.0,1568.449951171875,7522
2024-12-19 09:15:00,1548.5,1589.9000244140625,1515.050048828125,1585.449951171875,7806
2024-12-19 13:15:00,1584.0999755859375,1603.949951171875,1576.9000244140625,1588.0,20216
2024-12-20 09:15:00,1609.75,1609.75,1543.25,1546.0,6704
2024-12-20 13:15:00,1546.5,1551.3499755859375,1500.050048828125,1510.1500244140625,20056
2024-12-23 09:15:00,1548.949951171875,1548.949951171875,1495.050048828125,1508.1500244140625,4504
2024-12-23 13:15:00,1508.1500244140625,1516.9000244140625,1494.8499755859375,1506.0,6676
2024-12-24 09:15:00,1520.550048828125,1527.050048828125,1498.0,1519.550048828125,4231
2024-12-24 13:15:00,1521.949951171875,1535.449951171875,1518.0,1522.300048828125,6259
2024-12-26 09:15:00,1530.0,1531.9000244140625,1507.050048828125,1511.5,6047
2024-12-26 13:15:00,1511.550048828125,1512.050048828125,1486.449951171875,1496.949951171875,6627
2024-12-27 09:15:00,1500.0,1514.5,1491.949951171875,1510.75,1783
2024-12-27 13:15:00,1508.8499755859375,1514.199951171875,1495.0,1501.8499755859375,2767
2024-12-30 09:15:00,1502.0,1510.8499755859375,1489.800048828125,1505.0999755859375,4023
2024-12-30 13:15:00,1505.199951171875,1505.199951171875,1490.0,1493.4000244140625,6343
2024-12-31 09:15:00,1493.3499755859375,1496.9000244140625,1460.0,1471.800048828125,9384
2024-12-31 13:15:00,1471.949951171875,1482.050048828125,1465.949951171875,1477.5999755859375,4024
2025-01-01 09:15:00,1450.0999755859375,1471.699951171875,1450.0999755859375,1456.75,5309
2025-01-01 13:15:00,1458.25,1463.550048828125,1449.9000244140625,1453.5,8666
2025-01-02 09:15:00,1453.5,1477.449951171875,1430.0,1436.449951171875,8020
2025-01-02 13:15:00,1437.8499755859375,1439.75,1403.75,1415.0,37429
2025-01-03 09:15:00,1423.0,1439.0,1396.5,1402.199951171875,13041
2025-01-03 13:15:00,1401.199951171875,1405.0,1394.25,1397.1500244140625,12656
2025-01-06 09:15:00,1417.75,1417.75,1370.0,1377.8499755859375,20400
2025-01-06 13:15:00,1377.0,1378.8499755859375,1352.699951171875,1360.0,16743
2025-01-07 09:15:00,1373.300048828125,1395.0,1351.6500244140625,1385.5,8878
2025-01-07 13:15:00,1385.5,1449.449951171875,1385.5,1434.0,36529
2025-01-08 09:15:00,1416.25,1448.0,1402.199951171875,1407.0,12960
2025-01-08 13:15:00,1407.0,1427.699951171875,1397.5,1407.1500244140625,12315
2025-01-09 09:15:00,1409.949951171875,1453.550048828125,1393.25,1419.5,8643
2025-01-09 13:15:00,1421.0,1446.0,1410.199951171875,1415.25,5057
2025-01-10 09:15:00,1423.949951171875,1423.949951171875,1371.0,1390.050048828125,4784
2025-01-10 13:15:00,1390.0,1394.1500244140625,1376.949951171875,1381.0,4490
2025-01-13 09:15:00,1370.550048828125,1380.5999755859375,1327.0,1330.4000244140625,6918
2025-01-13 13:15:00,1330.449951171875,1333.25,1309.050048828125,1321.25,9122
2025-01-14 09:15:00,1321.25,1354.8499755859375,1321.25,1349.0,4916
2025-01-14 13:15:00,1349.1500244140625,1374.300048828125,1346.4000244140625,1364.0,5363
2025-01-15 09:15:00,1369.0,1396.800048828125,1350.0,1384.0,7328
2025-01-15 13:15:00,1385.199951171875,1430.75,1376.949951171875,1404.699951171875,13857
2025-01-16 09:15:00,1425.25,1432.6500244140625,1403.050048828125,1421.5999755859375,3046
2025-01-16 13:15:00,1422.300048828125,1427.0,1410.0,1410.0,3447
2025-01-17 09:15:00,1416.699951171875,1431.0,1405.0999755859375,1408.699951171875,2686
2025-01-17 13:15:00,1410.75,1446.3499755859375,1408.550048828125,1429.3499755859375,9039
2025-01-20 09:15:00,1431.949951171875,1444.300048828125,1420.050048828125,1438.949951171875,4243
2025-01-20 13:15:00,1440.949951171875,1485.5999755859375,1426.0,1463.5999755859375,18820
2025-01-21 09:15:00,1463.5999755859375,1478.550048828125,1425.0999755859375,1440.0,4765
2025-01-21 13:15:00,1437.0,1444.75,1424.0,1435.4000244140625,5614
2025-01-22 09:15:00,1413.800048828125,1444.25,1391.5,1397.5999755859375,3970
2025-01-22 13:15:00,1397.550048828125,1420.0,1385.3499755859375,1410.0,13177
2025-01-23 09:15:00,1411.199951171875,1433.4000244140625,1390.0999755859375,1423.8499755859375,8507
2025-01-23 13:15:00,1421.0,1427.300048828125,1410.0,1413.0,3857
2025-01-24 09:15:00,1425.1500244140625,1425.1500244140625,1366.5999755859375,1375.199951171875,5879
2025-01-24 13:15:00,1372.0,1375.199951171875,1343.0,1349.0999755859375,6246
2025-01-27 09:15:00,1347.050048828125,1347.050048828125,1290.25,1330.550048828125,7388
2025-01-27 13:15:00,1329.25,1330.550048828125,1303.5,1321.9000244140625,7908
2025-01-28 09:15:00,1333.949951171875,1337.5999755859375,1277.3499755859375,1307.050048828125,6890
2025-01-28 13:15:00,1308.3499755859375,1394.0,1305.699951171875,1360.4000244140625,16773
2025-01-29 09:15:00,1387.3499755859375,1387.4000244140625,1347.0,1358.3499755859375,6163
2025-01-29 13:15:00,1358.4000244140625,1394.300048828125,1351.5999755859375,1380.5,6308
2025-01-30 09:15:00,1369.0,1395.0,1361.199951171875,1366.050048828125,3221
2025-01-30 13:15:00,1366.0,1374.300048828125,1350.0,1370.050048828125,6323
2025-01-31 09:15:00,1377.5999755859375,1420.0,1362.0999755859375,1419.050048828125,7177
2025-01-31 13:15:00,1419.300048828125,1461.949951171875,1403.550048828125,1459.5,13582
2025-02-03 09:15:00,1411.0,1445.699951171875,1365.050048828125,1378.0,51163
2025-02-03 13:15:00,1380.0,1420.0,1360.0,1398.4000244140625,27932
2025-02-04 09:15:00,1398.449951171875,1434.449951171875,1382.1500244140625,1391.3499755859375,12877
2025-02-04 13:15:00,1393.199951171875,1397.699951171875,1380.0,1380.0,7218
2025-02-05 09:15:00,1384.949951171875,1447.949951171875,1384.949951171875,1406.5,26093
2025-02-05 13:15:00,1403.0,1424.949951171875,1391.0,1415.75,12876
2025-02-06 09:15:00,1430.0,1477.6500244140625,1425.9000244140625,1476.449951171875,18812
2025-02-06 13:15:00,1476.5999755859375,1490.0,1450.0,1468.050048828125,38123
2025-02-07 09:15:00,1482.0,1482.0,1438.050048828125,1477.050048828125,10415
2025-02-07 13:15:00,1475.5,1495.0,1438.9000244140625,1487.5999755859375,20605
2025-02-10 09:15:00,1501.1500244140625,1520.0,1445.25,1513.25,20206
2025-02-10 13:15:00,1514.199951171875,1522.0,1505.0,1506.0,15084
2025-02-11 09:15:00,1520.0,1524.0999755859375,1459.6500244140625,1461.0,6201
2025-02-11 13:15:00,1459.6500244140625,1467.800048828125,1418.449951171875,1432.199951171875,16007
2025-02-12 09:15:00,1456.800048828125,1477.25,1402.449951171875,1453.050048828125,9796
2025-02-12 13:15:00,1451.0,1458.5,1441.25,1445.300048828125,3573
2025-02-13 09:15:00,1425.800048828125,1470.0,1425.3499755859375,1429.4000244140625,6062
2025-02-13 13:15:00,1429.0,1431.449951171875,1417.0,1425.9000244140625,5342
2025-02-14 09:15:00,1395.0,1423.4000244140625,1395.0,1400.0,5170
2025-02-14 13:15:00,1400.0,1412.050048828125,1385.0999755859375,1397.949951171875,6149
2025-02-17 09:15:00,1409.050048828125,1409.050048828125,1356.0,1360.550048828125,5989
2025-02-17 13:15:00,1359.050048828125,1385.0,1358.0999755859375,1370.550048828125,3546
2025-02-18 09:15:00,1383.199951171875,1383.199951171875,1321.0,1324.25,3304
2025-02-18 13:15:00,1323.050048828125,1334.1500244140625,1309.0,1322.300048828125,5896
2025-02-19 09:15:00,1322.300048828125,1347.449951171875,1311.0,1324.0999755859375,4284
2025-02-19 13:15:00,1323.5999755859375,1345.0,1316.3499755859375,1331.6500244140625,4288
2025-02-20 09:15:00,1309.8499755859375,1340.5,1266.0,1321.5,20301
2025-02-20 13:15:00,1321.5,1331.800048828125,1308.199951171875,1330.5,9968
2025-02-21 09:15:00,1315.0,1366.25,1303.699951171875,1343.0,18042
2025-02-21 13:15:00,1341.0999755859375,1350.9000244140625,1330.0,1340.1500244140625,4152
2025-02-24 09:15:00,1347.949951171875,1347.949951171875,1302.550048828125,1325.449951171875,14033
2025-02-24 13:15:00,1321.550048828125,1338.0,1313.0,1327.0999755859375,11978
2025-02-25 09:15:00,1312.050048828125,1339.449951171875,1312.0,1326.9000244140625,5338
2025-02-25 13:15:00,1326.1500244140625,1354.5999755859375,1323.1500244140625,1334.1500244140625,8615
2025-02-27 09:15:00,1334.1500244140625,1334.1500244140625,1296.0,1306.699951171875,4209
2025-02-27 13:15:00,1307.0,1308.550048828125,1285.0,1291.050048828125,6353
2025-02-28 09:15:00,1300.0,1300.0,1212.25,1220.3499755859375,12642
2025-02-28 13:15:00,1221.949951171875,1302.75,1219.050048828125,1271.449951171875,27215
2025-03-03 09:15:00,1274.949951171875,1274.949951171875,1197.5999755859375,1201.9000244140625,17263
2025-03-03 13:15:00,1200.5999755859375,1203.0,1185.699951171875,1186.9000244140625,20281
2025-03-04 09:15:00,1195.699951171875,1236.3499755859375,1181.550048828125,1198.550048828125,14591
2025-03-04 13:15:00,1199.800048828125,1203.9000244140625,1181.0,1186.800048828125,12158
2025-03-05 09:15:00,1186.800048828125,1224.0,1177.449951171875,1191.5,8057
2025-03-05 13:15:00,1191.050048828125,1208.0,1180.050048828125,1192.6500244140625,42208
2025-03-06 09:15:00,1194.949951171875,1225.75,1178.050048828125,1185.199951171875,17119
2025-03-06 13:15:00,1185.25,1195.0,1176.050048828125,1180.0,16933
2025-03-07 09:15:00,1189.3499755859375,1199.0,1171.0,1178.9000244140625,24561
2025-03-07 13:15:00,1177.4000244140625,1181.4000244140625,1151.0,1156.8499755859375,29133
2025-03-10 09:15:00,1156.949951171875,1184.9000244140625,1128.5,1131.0,15777
2025-03-10 13:15:00,1132.0999755859375,1133.75,1114.9000244140625,1120.449951171875,18151
2025-03-11 09:15:00,1119.449951171875,1169.199951171875,1094.0999755859375,1166.050048828125,46772
2025-03-11 13:15:00,1165.800048828125,1197.9000244140625,1163.5,1176.550048828125,40584
2025-03-12 09:15:00,1182.449951171875,1199.0,1155.0,1157.0999755859375,8052
2025-03-12 13:15:00,1159.949951171875,1162.6500244140625,1152.0,1155.8499755859375,12001
2025-03-13 09:15:00,1155.0,1167.050048828125,1116.0,1118.4000244140625,29871
2025-03-13 13:15:00,1118.9000244140625,1122.949951171875,1108.5999755859375,1114.25,23753
2025-03-17 09:15:00,1124.25,1178.25,1117.3499755859375,1161.3499755859375,23742
2025-03-17 13:15:00,1161.3499755859375,1207.1500244140625,1160.199951171875,1198.4000244140625,64237
2025-03-18 09:15:00,1199.949951171875,1230.0,1194.8499755859375,1208.3499755859375,20170
2025-03-18 13:15:00,1208.8499755859375,1263.0,1208.199951171875,1260.0,46296
2025-03-19 09:15:00,1236.0,1278.0,1236.0,1272.800048828125,21865
2025-03-19 13:15:00,1272.300048828125,1290.0,1269.300048828125,1276.5,22354
2025-03-20 09:15:00,1270.800048828125,1315.25,1270.800048828125,1275.8499755859375,17019
2025-03-20 13:15:00,1277.300048828125,1282.0,1271.0,1275.050048828125,37542
2025-03-21 09:15:00,1285.3499755859375,1294.699951171875,1245.0999755859375,1245.949951171875,30617
2025-03-21 13:15:00,1245.050048828125,1271.0,1244.0,1271.0,114916
2025-03-24 09:15:00,1355.0,1396.1500244140625,1300.0,1326.9000244140625,145513
2025-03-24 13:15:00,1327.0,1342.699951171875,1313.1500244140625,1319.75,89824
2025-03-25 09:15:00,1331.699951171875,1356.75,1320.0,1349.75,23326
2025-03-25 13:15:00,1348.25,1350.0,1317.050048828125,1327.800048828125,55107
2025-03-26 09:15:00,1330.0,1345.6500244140625,1317.800048828125,1326.75,12336
2025-03-26 13:15:00,1325.199951171875,1328.4000244140625,1307.5,1312.9000244140625,22469
2025-03-27 09:15:00,1322.6500244140625,1322.8499755859375,1296.75,1306.199951171875,42710
2025-03-27 13:15:00,1307.550048828125,1317.75,1281.449951171875,1293.75,120087
2025-03-28 09:15:00,1290.0,1319.8499755859375,1270.5,1273.5999755859375,34115
2025-03-28 13:15:00,1273.4000244140625,1319.9000244140625,1262.6500244140625,1265.0,90417
2025-04-01 09:15:00,1282.1500244140625,1290.199951171875,1250.0,1254.449951171875,31356
2025-04-01 13:15:00,1254.0,1272.0,1241.699951171875,1252.1500244140625,27405
2025-04-02 09:15:00,1261.949951171875,1326.5999755859375,1235.5999755859375,1323.0,30802
2025-04-02 13:15:00,1323.0,1354.800048828125,1323.0,1333.5999755859375,55818
2025-04-03 09:15:00,1321.4000244140625,1336.949951171875,1308.050048828125,1313.300048828125,9254
2025-04-03 13:15:00,1313.199951171875,1322.0,1313.0999755859375,1319.4000244140625,8330
2025-04-04 09:15:00,1319.4000244140625,1319.4000244140625,1266.25,1270.0999755859375,11609
2025-04-04 13:15:00,1269.949951171875,1282.050048828125,1261.75,1269.9000244140625,12596
2025-04-07 09:15:00,1151.199951171875,1228.5999755859375,1151.0,1205.300048828125,16867
2025-04-07 13:15:00,1202.5999755859375,1245.0999755859375,1202.5999755859375,1233.199951171875,12773
2025-04-08 09:15:00,1274.949951171875,1275.0,1245.0,1270.1500244140625,7350
2025-04-08 13:15:00,1269.949951171875,1292.8499755859375,1262.300048828125,1289.550048828125,11364
2025-04-09 09:15:00,1280.1500244140625,1294.949951171875,1257.550048828125,1284.050048828125,12148
2025-04-09 13:15:00,1285.0,1292.0,1275.0999755859375,1287.75,9587
2025-04-11 09:15:00,1296.050048828125,1343.949951171875,1296.050048828125,1342.0,14543
2025-04-11 13:15:00,1342.0999755859375,1347.75,1300.0,1322.9000244140625,37801
2025-04-15 09:15:00,1344.699951171875,1344.699951171875,1308.199951171875,1316.199951171875,13069
2025-04-15 13:15:00,1316.199951171875,1323.4000244140625,1296.0,1297.0,58836
2025-04-16 09:15:00,1301.0,1347.199951171875,1300.0,1330.699951171875,39707
2025-04-16 13:15:00,1330.5999755859375,1337.5,1313.0,1314.4000244140625,47954
2025-04-17 09:15:00,1301.0,1364.800048828125,1301.0,1357.0999755859375,30868
2025-04-17 13:15:00,1358.0,1365.0,1298.4000244140625,1310.0,79946
2025-04-21 09:15:00,1316.0,1350.0,1310.5,1340.9000244140625,19436
2025-04-21 13:15:00,1340.9000244140625,1373.800048828125,1339.800048828125,1365.0,31976
2025-04-22 09:15:00,1367.800048828125,1410.5,1346.699951171875,1409.0,41651
2025-04-22 13:15:00,1410.0,1416.0,1362.4000244140625,1383.0,26622
2025-04-23 09:15:00,1385.9000244140625,1405.5999755859375,1373.199951171875,1388.800048828125,76863
2025-04-23 13:15:00,1388.5999755859375,1399.0,1382.800048828125,1393.0999755859375,11729
2025-04-24 09:15:00,1390.0,1395.300048828125,1369.0,1370.4000244140625,16389
2025-04-24 13:15:00,1370.300048828125,1371.9000244140625,1352.300048828125,1356.9000244140625,13233
2025-04-25 09:15:00,1356.9000244140625,1378.0,1301.0999755859375,1319.0999755859375,10583
2025-04-25 13:15:00,1321.5,1324.5,1307.5999755859375,1309.800048828125,10154
2025-04-28 09:15:00,1315.0,1325.0,1300.0999755859375,1315.5,3097
2025-04-28 13:15:00,1318.0,1322.0,1305.199951171875,1309.5,5600
2025-04-29 09:15:00,1309.5,1339.0999755859375,1309.5,1324.199951171875,12651
2025-04-29 13:15:00,1323.199951171875,1324.9000244140625,1319.699951171875,1323.699951171875,5806
2025-04-30 09:15:00,1315.0,1339.9000244140625,1310.0999755859375,1312.4000244140625,10503
2025-04-30 13:15:00,1313.9000244140625,1322.5,1300.0,1304.300048828125,19669
2025-05-02 09:15:00,1302.0,1312.9000244140625,1278.0999755859375,1282.0999755859375,6476
2025-05-02 13:15:00,1282.199951171875,1287.800048828125,1268.4000244140625,1273.9000244140625,21577
2025-05-05 09:15:00,1285.0,1304.9000244140625,1275.0,1295.0999755859375,5272
2025-05-05 13:15:00,1295.0999755859375,1303.9000244140625,1295.0,1299.5999755859375,5932
2025-05-06 09:15:00,1299.5,1310.0999755859375,1280.0,1284.199951171875,7571
2025-05-06 13:15:00,1284.300048828125,1289.699951171875,1263.0,1271.5,10229
2025-05-07 09:15:00,1242.0,1279.0,1242.0,1277.9000244140625,6298
2025-05-07 13:15:00,1277.9000244140625,1290.0,1276.0999755859375,1286.4000244140625,7779
2025-05-08 09:15:00,1281.0,1300.5,1261.9000244140625,1287.800048828125,4489
2025-05-08 13:15:00,1287.800048828125,1287.800048828125,1242.0,1245.0,13898
2025-05-09 09:15:00,1215.0,1252.699951171875,1215.0,1240.5999755859375,10044
2025-05-09 13:15:00,1242.199951171875,1263.5999755859375,1236.800048828125,1255.5999755859375,13977
2025-05-12 09:15:00,1280.0,1323.0,1273.9000244140625,1319.699951171875,99235
2025-05-12 13:15:00,1320.699951171875,1338.300048828125,1303.0999755859375,1330.0,66079
2025-05-13 09:15:00,1336.0,1368.300048828125,1330.0,1368.0999755859375,18921
2025-05-13 13:15:00,1368.5,1380.0,1365.0999755859375,1375.800048828125,16438
2025-05-14 09:15:00,1382.699951171875,1411.0,1369.199951171875,1410.0,32175
2025-05-14 13:15:00,1411.199951171875,1435.0999755859375,1410.0999755859375,1427.5999755859375,40000
2025-05-15 09:15:00,1439.0,1472.5999755859375,1420.0,1463.0999755859375,42173
2025-05-15 13:15:00,1463.0999755859375,1463.0999755859375,1445.0,1452.0,16494
2025-05-16 09:15:00,1451.0,1590.0,1441.0,1580.0,221187
2025-05-16 13:15:00,1579.699951171875,1633.5,1555.4000244140625,1613.0,303669
2025-05-19 09:15:00,1631.0,1688.0,1606.9000244140625,1616.199951171875,27359
2025-05-19 13:15:00,1617.800048828125,1624.300048828125,1583.0999755859375,1598.0,34899
2025-05-20 09:15:00,1609.9000244140625,1640.0,1592.5999755859375,1619.5999755859375,29591
2025-05-20 13:15:00,1619.4000244140625,1632.800048828125,1604.0,1614.0,50371
2025-05-21 09:15:00,1620.4000244140625,1629.9000244140625,1596.0,1618.199951171875,29204
2025-05-21 13:15:00,1619.9000244140625,1631.0,1611.199951171875,1624.699951171875,26104
2025-05-22 09:15:00,1616.9000244140625,1667.5,1615.9000244140625,1655.0,33526
2025-05-22 13:15:00,1655.0,1686.5999755859375,1641.9000244140625,1676.0999755859375,80232
2025-05-23 09:15:00,1690.0,1700.0,1677.0,1689.800048828125,38499
2025-05-23 13:15:00,1689.5,1690.0,1662.0,1678.5,35534
2025-05-26 09:15:00,1689.0,1700.0,1670.0,1676.5999755859375,12995
2025-05-26 13:15:00,1678.300048828125,1678.300048828125,1660.0,1665.699951171875,14205
2025-05-27 09:15:00,1671.0,1694.0,1668.5999755859375,1684.699951171875,17475
2025-05-27 13:15:00,1684.699951171875,1693.0,1671.0999755859375,1681.4000244140625,18890
2025-05-28 09:15:00,1685.0,1692.5,1670.300048828125,1688.5,8973
2025-05-28 13:15:00,1688.0999755859375,1692.300048828125,1672.4000244140625,1681.5,14762
2025-05-29 09:15:00,1698.300048828125,1700.0,1675.0,1684.199951171875,20968
2025-05-29 13:15:00,1682.800048828125,1694.5999755859375,1675.5,1686.0,31389
2025-05-30 09:15:00,1690.0,1697.0,1649.0,1649.0,23264
2025-05-30 13:15:00,1650.0,1670.0,1642.0,1646.0,16258
2025-06-02 09:15:00,1658.5,1658.5,1633.0,1651.4000244140625,13637
2025-06-02 13:15:00,1651.4000244140625,1652.199951171875,1646.4000244140625,1651.0,14069
2025-06-03 09:15:00,1651.0,1728.0,1636.800048828125,1711.9000244140625,74657
2025-06-03 13:15:00,1712.5,1718.0,1695.0,1701.5,49450
2025-06-04 09:15:00,1711.9000244140625,1740.0,1683.0999755859375,1700.5,79197
2025-06-04 13:15:00,1700.4000244140625,1703.5,1660.300048828125,1674.300048828125,42156
2025-06-05 09:15:00,1684.0,1719.9000244140625,1684.0,1714.0999755859375,24157
2025-06-05 13:15:00,1713.5999755859375,1725.0,1706.0,1713.0999755859375,32554
2025-06-06 09:15:00,1731.0,1739.0,1681.0999755859375,1684.300048828125,29264
2025-06-06 13:15:00,1684.0999755859375,1718.5,1684.0,1694.800048828125,33857
2025-06-09 09:15:00,1703.4000244140625,1713.0,1669.0,1673.0,14842
2025-06-09 13:15:00,1672.0,1698.5999755859375,1666.0,1686.0,32179
2025-06-10 09:15:00,1698.199951171875,1708.699951171875,1684.0,1695.4000244140625,28090
2025-06-10 13:15:00,1695.4000244140625,1699.0,1682.0999755859375,1689.5999755859375,5896
2025-06-11 09:15:00,1697.9000244140625,1722.0,1693.300048828125,1701.0,28029
2025-06-11 13:15:00,1703.0999755859375,1705.0,1686.300048828125,1699.300048828125,18343
2025-06-12 09:15:00,1698.800048828125,1704.5,1687.699951171875,1697.5,12587
2025-06-12 13:15:00,1696.800048828125,1700.4000244140625,1661.0,1685.0,12584
2025-06-13 09:15:00,1646.5999755859375,1684.699951171875,1640.5,1662.9000244140625,23819
2025-06-13 13:15:00,1662.9000244140625,1680.199951171875,1660.0,1680.199951171875,9222
2025-06-16 09:15:00,1676.699951171875,1710.4000244140625,1649.0,1700.0,21971
2025-06-16 13:15:00,1706.0,1721.0,1702.5,1712.0,23729
2025-06-17 09:15:00,1724.9000244140625,1726.5999755859375,1695.0,1696.4000244140625,7289
2025-06-17 13:15:00,1696.5,1703.5999755859375,1683.300048828125,1688.699951171875,8931
2025-06-18 09:15:00,1685.0,1696.800048828125,1667.199951171875,1681.199951171875,7083
2025-06-18 13:15:00,1681.199951171875,1689.800048828125,1665.0,1676.0,5644
2025-06-19 09:15:00,1678.5999755859375,1682.9000244140625,1640.0,1640.0,12127
2025-06-19 13:15:00,1639.5999755859375,1663.0,1633.300048828125,1647.300048828125,11113
2025-06-20 09:15:00,1650.0,1668.800048828125,1640.5,1654.0999755859375,13324
2025-06-20 13:15:00,1654.0,1664.199951171875,1642.0999755859375,1652.300048828125,6695
2025-06-23 09:15:00,1644.0999755859375,1659.699951171875,1628.300048828125,1653.800048828125,12410
2025-06-23 13:15:00,1652.0,1701.0999755859375,1652.0,1687.5999755859375,34658
2025-06-24 09:15:00,1717.0,1717.0,1668.800048828125,1685.5,5332
2025-06-24 13:15:00,1687.300048828125,1691.300048828125,1666.300048828125,1677.0,9070
2025-06-25 09:15:00,1689.9000244140625,1703.9000244140625,1672.0,1696.5999755859375,21032
2025-06-25 13:15:00,1696.5999755859375,1699.0,1685.0999755859375,1695.0,16534
2025-06-26 09:15:00,1688.0,1705.5,1655.9000244140625,1656.0,18196
2025-06-26 13:15:00,1657.199951171875,1660.0,1637.0,1643.0,21932
2025-06-27 09:15:00,1655.0,1665.0,1631.0,1659.5999755859375,21801
2025-06-27 13:15:00,1659.9000244140625,1669.9000244140625,1652.5,1668.199951171875,32461
2025-06-30 09:15:00,1686.0999755859375,1750.0,1666.199951171875,1695.5,187995
2025-06-30 13:15:00,1696.5999755859375,1750.5,1693.300048828125,1747.0999755859375,183728
2025-07-01 09:15:00,1775.0,1775.0,1712.0,1715.800048828125,38792
2025-07-01 13:15:00,1714.5999755859375,1740.0,1714.199951171875,1737.300048828125,39055
2025-07-02 09:15:00,1731.0,1757.5,1730.300048828125,1738.199951171875,50184
2025-07-02 13:15:00,1738.300048828125,1742.5,1725.0,1729.0999755859375,15919
2025-07-03 09:15:00,1742.300048828125,1754.0999755859375,1720.5999755859375,1728.300048828125,34850
2025-07-03 13:15:00,1729.300048828125,1732.9000244140625,1711.5,1721.199951171875,18651
2025-07-04 09:15:00,1730.0,1767.699951171875,1724.300048828125,1736.4000244140625,18504
2025-07-04 13:15:00,1736.300048828125,1742.199951171875,1725.0,1731.9000244140625,10748
2025-07-07 09:15:00,1737.4000244140625,1755.199951171875,1720.0999755859375,1730.9000244140625,6035
2025-07-07 13:15:00,1730.9000244140625,1733.5,1706.5,1712.699951171875,10983
2025-07-08 09:15:00,1723.5999755859375,1738.9000244140625,1633.800048828125,1643.0999755859375,81597
2025-07-08 13:15:00,1644.9000244140625,1651.800048828125,1617.800048828125,1650.0999755859375,49848
2025-07-09 09:15:00,1650.0999755859375,1669.9000244140625,1645.9000244140625,1664.9000244140625,40053
2025-07-09 13:15:00,1665.0999755859375,1677.5999755859375,1660.9000244140625,1669.5,35775
2025-07-10 09:15:00,1668.0,1683.0,1643.4000244140625,1656.699951171875,10216
2025-07-10 13:15:00,1656.699951171875,1670.0,1648.800048828125,1650.5999755859375,18496
2025-07-11 09:15:00,1640.0,1648.800048828125,1598.199951171875,1609.5,57360
2025-07-11 13:15:00,1611.199951171875,1632.699951171875,1607.699951171875,1624.5,28463
2025-07-14 09:15:00,1621.0,1624.5999755859375,1575.0,1575.9000244140625,24590
2025-07-14 13:15:00,1575.300048828125,1623.9000244140625,1571.5,1616.5999755859375,49990
2025-07-15 09:15:00,1650.0,1718.0999755859375,1638.5999755859375,1714.9000244140625,133662
2025-07-15 13:15:00,1713.5999755859375,1728.4000244140625,1695.0,1705.199951171875,67382
2025-07-16 09:15:00,1712.9000244140625,1740.0,1696.199951171875,1725.0,21587
2025-07-16 13:15:00,1723.0,1730.0,1715.300048828125,1718.800048828125,11342
2025-07-17 09:15:00,1732.199951171875,1774.5,1722.0,1774.0,75045
2025-07-17 13:15:00,1772.0,1784.9000244140625,1756.699951171875,1779.300048828125,45132
2025-07-18 09:15:00,1781.0,1793.300048828125,1748.5999755859375,1769.4000244140625,19602
2025-07-18 13:15:00,1769.5999755859375,1769.9000244140625,1754.0,1754.0,12705
2025-07-21 09:15:00,1774.5999755859375,1774.5999755859375,1751.199951171875,1772.800048828125,13877
2025-07-21 13:15:00,1772.800048828125,1774.0,1751.800048828125,1753.800048828125,16604
2025-07-22 09:15:00,1774.5999755859375,1789.0,1749.5999755859375,1765.4000244140625,17819
2025-07-22 13:15:00,1763.300048828125,1767.0,1739.800048828125,1749.699951171875,20108
2025-07-23 09:15:00,1748.5,1748.5,1709.800048828125,1716.199951171875,9121
2025-07-23 13:15:00,1716.199951171875,1720.0,1703.4000244140625,1714.0,14738
2025-07-24 09:15:00,1714.0,1714.0,1700.0,1706.800048828125,5444
2025-07-24 13:15:00,1705.0,1714.9000244140625,1703.800048828125,1708.9000244140625,7892
2025-07-25 09:15:00,1714.300048828125,1714.300048828125,1674.4000244140625,1692.699951171875,16249
2025-07-25 13:15:00,1691.699951171875,1740.0,1689.199951171875,1734.0,51261
2025-07-28 09:15:00,1729.4000244140625,1780.0,1722.199951171875,1747.4000244140625,25711
2025-07-28 13:15:00,1747.4000244140625,1751.0,1718.800048828125,1740.199951171875,19359
2025-07-29 09:15:00,1757.5999755859375,1868.4000244140625,1740.5,1859.699951171875,240872
2025-07-29 13:15:00,1859.4000244140625,1872.800048828125,1835.5999755859375,1844.800048828125,77625
2025-07-30 09:15:00,1844.699951171875,1896.800048828125,1844.699951171875,1861.5999755859375,113353
2025-07-30 13:15:00,1860.9000244140625,1899.0,1859.699951171875,1890.0,58104
2025-07-31 09:15:00,1875.0,1955.0,1841.0999755859375,1938.300048828125,165254
2025-07-31 13:15:00,1938.0999755859375,1954.699951171875,1903.0999755859375,1910.199951171875,51248
2025-08-01 09:15:00,1959.9000244140625,1963.0,1911.9000244140625,1932.800048828125,95657
2025-08-01 13:15:00,1932.5,1944.0,1621.300048828125,1623.0,848266
2025-08-04 09:15:00,1639.699951171875,1639.699951171875,1547.5999755859375,1596.5,116764
2025-08-04 13:15:00,1596.5,1656.0,1594.0,1638.0,73555
2025-08-05 09:15:00,1643.800048828125,1650.0,1615.0999755859375,1637.9000244140625,27082
2025-08-05 13:15:00,1637.0,1650.0,1612.4000244140625,1639.5,22790
2025-08-06 09:15:00,1617.5999755859375,1636.5,1605.5999755859375,1610.0,17208
2025-08-06 13:15:00,1609.5999755859375,1626.699951171875,1601.5,1610.0,75621
2025-08-07 09:15:00,1601.199951171875,1603.300048828125,1565.9000244140625,1584.199951171875,51046
2025-08-07 13:15:00,1584.300048828125,1588.0,1573.5,1579.5,38441
2025-08-08 09:15:00,1589.9000244140625,1589.9000244140625,1560.0999755859375,1582.699951171875,22715
2025-08-08 13:15:00,1582.0999755859375,1610.5999755859375,1581.4000244140625,1590.0999755859375,24527
2025-08-11 09:15:00,1610.0,1635.699951171875,1599.4000244140625,1610.0,13182
2025-08-11 13:15:00,1608.9000244140625,1645.0,1606.5,1615.0999755859375,28774
2025-08-12 09:15:00,1635.0,1654.0,1615.5999755859375,1652.0,15958
2025-08-12 13:15:00,1652.0,1665.0,1643.800048828125,1651.5,25189
2025-08-13 09:15:00,1643.0,1643.0,1601.0,1611.9000244140625,24434
2025-08-13 13:15:00,1611.9000244140625,1613.0,1595.0,1601.0,28673
2025-08-14 09:15:00,1613.800048828125,1614.0,1591.800048828125,1604.0999755859375,15400
2025-08-14 13:15:00,1603.800048828125,1605.0999755859375,1587.5,1599.0,17301
2025-08-18 09:15:00,1609.9000244140625,1626.0999755859375,1596.199951171875,1610.0,9097
2025-08-18 13:15:00,1609.9000244140625,1619.800048828125,1599.9000244140625,1602.4000244140625,4046
2025-08-19 09:15:00,1610.0,1625.0,1608.9000244140625,1619.9000244140625,13123
2025-08-19 13:15:00,1619.9000244140625,1627.0,1603.699951171875,1620.0,16946
2025-08-20 09:15:00,1626.699951171875,1627.199951171875,1597.0999755859375,1613.0,20849
2025-08-20 13:15:00,1612.9000244140625,1617.0,1604.0999755859375,1607.9000244140625,11959
2025-08-21 09:15:00,1619.5999755859375,1623.4000244140625,1601.0999755859375,1605.199951171875,17057
2025-08-21 13:15:00,1604.0999755859375,1606.5999755859375,1597.699951171875,1603.5,17875
2025-08-22 09:15:00,1606.0,1607.4000244140625,1591.0,1601.0,20544
2025-08-22 13:15:00,1601.699951171875,1608.9000244140625,1600.0,1600.4000244140625,11977
2025-08-25 09:15:00,1614.9000244140625,1623.300048828125,1600.0,1600.5999755859375,7578
2025-08-25 13:15:00,1600.5999755859375,1604.0,1589.9000244140625,1590.0,35280
2025-08-26 09:15:00,1581.699951171875,1600.0,1566.4000244140625,1587.9000244140625,18806
2025-08-26 13:15:00,1587.9000244140625,1610.0,1585.5,1600.0,33882
2025-08-28 09:15:00,1600.0,1605.0999755859375,1580.800048828125,1588.300048828125,2824
2025-08-28 13:15:00,1589.5,1590.0,1562.300048828125,1563.5,26332
2025-08-29 09:15:00,1561.4000244140625,1580.0,1561.4000244140625,1574.800048828125,17883
2025-08-29 13:15:00,1574.800048828125,1604.800048828125,1572.5,1600.0,22220
2025-09-01 09:15:00,1599.699951171875,1625.0999755859375,1581.5,1615.0,26286
2025-09-01 13:15:00,1615.0,1630.0,1605.0999755859375,1624.800048828125,25547
2025-09-02 09:15:00,1627.300048828125,1627.300048828125,1610.0,1615.0999755859375,3671
2025-09-02 13:15:00,1612.300048828125,1649.0,1606.0,1649.0,27298
2025-09-03 09:15:00,1648.0,1650.9000244140625,1618.0,1625.699951171875,15297
2025-09-03 13:15:00,1625.699951171875,1644.800048828125,1622.5,1638.0,61443
2025-09-04 09:15:00,1645.300048828125,1650.0,1620.5999755859375,1624.9000244140625,6001
2025-09-04 13:15:00,1623.9000244140625,1626.0999755859375,1610.300048828125,1617.0,5635
2025-09-05 09:15:00,1616.0,1627.4000244140625,1603.0,1617.0,2913
2025-09-05 13:15:00,1618.5,1628.9000244140625,1601.0,1601.699951171875,6420
2025-09-08 09:15:00,1610.0,1610.0,1586.199951171875,1589.9000244140625,5177
2025-09-08 13:15:00,1590.0,1592.0,1568.0999755859375,1572.0,14863
2025-09-09 09:15:00,1575.0,1589.800048828125,1565.800048828125,1574.199951171875,4314
2025-09-09 13:15:00,1574.800048828125,1577.699951171875,1552.0,1567.9000244140625,12221
2025-09-10 09:15:00,1568.4000244140625,1585.9000244140625,1563.699951171875,1579.4000244140625,6779
2025-09-10 13:15:00,1580.0,1585.0,1573.5999755859375,1579.0999755859375,2822
2025-09-11 09:15:00,1584.9000244140625,1594.5,1575.199951171875,1580.800048828125,8599
2025-09-11 13:15:00,1581.199951171875,1585.9000244140625,1573.0999755859375,1577.4000244140625,10187
2025-09-12 09:15:00,1582.0,1583.699951171875,1566.699951171875,1570.0,10018
2025-09-12 13:15:00,1570.0,1570.4000244140625,1560.300048828125,1564.0,7651
2025-09-15 09:15:00,1570.300048828125,1570.300048828125,1536.0,1547.0,12874
2025-09-15 13:15:00,1546.0,1559.0,1546.0,1559.0,10718
2025-09-16 09:15:00,1560.0,1574.5,1550.5,1554.0,13184
2025-09-16 13:15:00,1554.0,1554.0,1550.199951171875,1551.800048828125,892
2025-09-17 09:15:00,1552.5999755859375,1573.9000244140625,1545.9000244140625,1566.199951171875,6605
2025-09-17 13:15:00,1566.199951171875,1572.0,1562.0,1567.300048828125,4402
2025-09-18 09:15:00,1578.0,1578.0,1556.0,1560.699951171875,7079
2025-09-18 13:15:00,1560.0,1570.0,1557.0,1570.0,8206
2025-09-19 09:15:00,1570.199951171875,1570.199951171875,1551.199951171875,1555.0,5848
2025-09-19 13:15:00,1555.0,1561.0999755859375,1551.0999755859375,1554.5999755859375,7382
2025-09-22 09:15:00,1562.800048828125,1562.800048828125,1547.0,1549.0999755859375,3719
2025-09-22 13:15:00,1548.300048828125,1557.5999755859375,1545.0999755859375,1546.0,4091
2025-09-23 09:15:00,1550.0,1564.9000244140625,1531.800048828125,1559.0,8662
2025-09-23 13:15:00,1559.0,1560.199951171875,1539.0999755859375,1543.5,10048
2025-09-24 09:15:00,1555.0,1555.0,1524.5,1526.5,3726
2025-09-24 13:15:00,1526.5,1536.9000244140625,1524.0,1532.0,12416
2025-09-25 09:15:00,1527.9000244140625,1528.300048828125,1509.5,1511.4000244140625,4547
2025-09-25 13:15:00,1511.4000244140625,1525.0,1506.0999755859375,1512.5999755859375,6000
2025-09-26 09:15:00,1493.0,1516.0,1491.800048828125,1495.4000244140625,5297
2025-09-26 13:15:00,1494.0,1521.0,1486.800048828125,1497.5999755859375,14231
2025-09-29 09:15:00,1508.9000244140625,1555.5,1496.9000244140625,1522.0,14822
2025-09-29 13:15:00,1524.0,1618.699951171875,1488.4000244140625,1524.300048828125,123505
2025-09-30 09:15:00,1514.0,1530.9000244140625,1502.199951171875,1507.9000244140625,5126
2025-09-30 13:15:00,1509.0999755859375,1559.9000244140625,1503.5,1537.0,24557
2025-10-01 09:15:00,1538.0,1543.800048828125,1508.4000244140625,1529.0999755859375,10847
2025-10-01 13:15:00,1529.199951171875,1544.199951171875,1526.199951171875,1534.300048828125,9796
2025-10-03 09:15:00,1537.5,1568.0,1510.199951171875,1520.0,15288
2025-10-03 13:15:00,1520.5,1534.9000244140625,1511.199951171875,1517.0999755859375,9172
2025-10-06 09:15:00,1518.0,1531.9000244140625,1505.5999755859375,1509.4000244140625,5130
2025-10-06 13:15:00,1510.4000244140625,1520.4000244140625,1503.300048828125,1507.800048828125,4445
2025-10-07 09:15:00,1517.9000244140625,1529.9000244140625,1504.0,1527.9000244140625,6014
2025-10-07 13:15:00,1527.9000244140625,1527.9000244140625,1505.5999755859375,1508.0,4016
2025-10-08 09:15:00,1514.9000244140625,1514.9000244140625,1493.5999755859375,1495.199951171875,5318
2025-10-08 13:15:00,1495.199951171875,1497.4000244140625,1484.0,1494.0,6006
2025-10-09 09:15:00,1490.0,1501.300048828125,1487.4000244140625,1496.5,1960
2025-10-09 13:15:00,1496.4000244140625,1496.4000244140625,1485.0999755859375,1494.300048828125,4150
2025-10-10 09:15:00,1498.0,1504.9000244140625,1475.5,1479.9000244140625,5236
2025-10-10 13:15:00,1479.9000244140625,1484.800048828125,1475.0,1475.199951171875,8070
2025-10-13 09:15:00,1471.0999755859375,1474.0,1431.0999755859375,1432.199951171875,9718
2025-10-13 13:15:00,1432.699951171875,1445.0,1430.4000244140625,1436.199951171875,9340
2025-10-14 09:15:00,1445.0,1445.0,1395.0,1396.0,11695
2025-10-14 13:15:00,1396.0,1403.699951171875,1389.0,1395.9000244140625,18339
2025-10-15 09:15:00,1390.0,1407.0,1368.0999755859375,1401.300048828125,7027
2025-10-15 13:15:00,1402.0999755859375,1414.9000244140625,1384.0,1393.800048828125,30188
2025-10-16 09:15:00,1400.9000244140625,1411.0,1375.0,1396.5999755859375,15018
2025-10-16 13:15:00,1396.5,1415.0,1393.300048828125,1402.800048828125,16562
2025-10-17 09:15:00,1400.0,1405.9000244140625,1378.4000244140625,1387.5,4370
2025-10-17 13:15:00,1386.0999755859375,1409.199951171875,1381.0,1400.0,19160
2025-10-20 09:15:00,1403.699951171875,1403.699951171875,1368.0999755859375,1368.5,19230
2025-10-20 13:15:00,1368.5,1411.5999755859375,1365.0,1392.300048828125,27622
2025-10-21 13:15:00,1418.699951171875,1427.9000244140625,1405.0999755859375,1421.4000244140625,6681
2025-10-23 09:15:00,1428.5,1428.5,1401.699951171875,1419.0999755859375,12463
2025-10-23 13:15:00,1419.0999755859375,1419.199951171875,1398.0,1398.0,7362
2025-10-24 09:15:00,1403.0,1418.199951171875,1397.699951171875,1414.0999755859375,3714
2025-10-24 13:15:00,1412.199951171875,1420.0,1409.4000244140625,1416.5999755859375,8257
2025-10-27 09:15:00,1416.5999755859375,1430.699951171875,1411.0999755859375,1426.5999755859375,5141
2025-10-27 13:15:00,1427.0,1427.0,1410.300048828125,1412.0,5513
2025-10-28 09:15:00,1414.800048828125,1434.699951171875,1406.0,1433.0,7028
2025-10-28 13:15:00,1431.0,1434.5,1422.4000244140625,1434.0,17660
2025-10-29 09:15:00,1415.0,1425.0999755859375,1413.0,1417.800048828125,4588
2025-10-29 13:15:00,1416.199951171875,1421.5,1413.0999755859375,1414.9000244140625,5641
2025-10-30 09:15:00,1421.0,1436.0999755859375,1414.699951171875,1428.699951171875,5129
2025-10-30 13:15:00,1430.0,1465.800048828125,1430.0,1440.0,28476
2025-10-31 09:15:00,1440.0,1465.800048828125,1365.0,1365.0,122757
2025-10-31 13:15:00,1365.5999755859375,1392.0,1352.4000244140625,1374.199951171875,96856
2025-11-03 09:15:00,1350.0999755859375,1377.199951171875,1314.300048828125,1318.5,67859
2025-11-03 13:15:00,1318.5,1319.699951171875,1298.0,1305.0,60277
2025-11-04 09:15:00,1312.800048828125,1328.0,1308.0999755859375,1319.800048828125,13924
2025-11-04 13:15:00,1319.9000244140625,1320.0,1312.199951171875,1312.5,11138
2025-11-06 09:15:00,1327.9000244140625,1327.9000244140625,1291.5999755859375,1296.300048828125,10652
2025-11-06 13:15:00,1296.300048828125,1306.0,1284.800048828125,1293.0,18051
2025-11-07 09:15:00,1292.9000244140625,1294.800048828125,1274.0999755859375,1291.4000244140625,9408
2025-11-07 13:15:00,1291.4000244140625,1334.0,1287.9000244140625,1332.0,25306
2025-11-10 09:15:00,1331.9000244140625,1331.9000244140625,1290.0999755859375,1290.5,6325
2025-11-10 13:15:00,1291.5999755859375,1298.0999755859375,1290.199951171875,1294.300048828125,8384
2025-11-11 09:15:00,1286.0999755859375,1298.699951171875,1279.0999755859375,1296.4000244140625,4417
2025-11-11 13:15:00,1294.9000244140625,1296.9000244140625,1287.0,1290.0,7389
2025-11-12 09:15:00,1289.699951171875,1303.0,1287.9000244140625,1299.5,5401
2025-11-12 13:15:00,1299.5,1304.9000244140625,1297.0999755859375,1304.5,6505
2025-11-13 09:15:00,1302.300048828125,1308.0,1293.0,1305.9000244140625,7691
2025-11-13 13:15:00,1307.0999755859375,1308.0,1300.0,1302.0,5486
2025-11-14 09:15:00,1302.699951171875,1303.4000244140625,1260.0999755859375,1272.0,36552
2025-11-14 13:15:00,1271.300048828125,1274.4000244140625,1263.0,1263.0999755859375,18864
2025-11-17 09:15:00,1270.800048828125,1295.0999755859375,1264.5999755859375,1292.5,11903
2025-11-17 13:15:00,1292.0,1297.4000244140625,1261.800048828125,1273.5,38233
2025-11-18 09:15:00,1264.9000244140625,1278.0,1245.0,1262.800048828125,18707
2025-11-18 13:15:00,1263.0999755859375,1265.0999755859375,1231.0999755859375,1239.0,51101
2025-11-19 09:15:00,1235.0,1235.0,1192.699951171875,1211.699951171875,18838
2025-11-19 13:15:00,1211.4000244140625,1214.0999755859375,1203.5,1207.0999755859375,22580
2025-11-20 09:15:00,1215.9000244140625,1225.9000244140625,1210.5999755859375,1211.9000244140625,6597
2025-11-20 13:15:00,1212.0,1212.0,1206.0,1209.199951171875,13106
2025-11-21 09:15:00,1209.5,1214.0,1190.0,1212.0,193593
2025-11-21 13:15:00,1213.0,1239.0999755859375,1208.0999755859375,1226.0999755859375,36553
2025-11-24 09:15:00,1230.0,1230.0,1204.0,1207.5999755859375,6861
2025-11-24 13:15:00,1208.0,1228.4000244140625,1202.0,1205.0,15294
2025-11-25 09:15:00,1204.0,1221.0999755859375,1201.5999755859375,1211.800048828125,7533
2025-11-25 13:15:00,1212.800048828125,1230.0,1212.5,1228.4000244140625,9381
2025-11-26 09:15:00,1228.0999755859375,1252.800048828125,1224.0,1250.0,17792
2025-11-26 13:15:00,1250.0,1252.9000244140625,1249.9000244140625,1250.0,9853
2025-11-27 09:15:00,1254.300048828125,1264.9000244140625,1235.300048828125,1250.800048828125,3503
2025-11-27 13:15:00,1250.5999755859375,1251.199951171875,1248.5,1250.0999755859375,7279
2025-11-28 09:15:00,1240.300048828125,1261.800048828125,1231.0,1231.5999755859375,8933
2025-11-28 13:15:00,1232.199951171875,1240.800048828125,1232.199951171875,1236.5999755859375,6113
2025-12-01 09:15:00,1236.5,1244.0,1232.0999755859375,1237.199951171875,2245
2025-12-01 13:15:00,1238.0999755859375,1245.5,1235.0,1244.0999755859375,4809
2025-12-02 09:15:00,1236.199951171875,1247.0999755859375,1235.5,1242.800048828125,2371
2025-12-02 13:15:00,1242.800048828125,1248.0,1240.0,1241.300048828125,4349
2025-12-03 09:15:00,1241.0,1253.0,1232.9000244140625,1250.199951171875,11484
2025-12-03 13:15:00,1251.5999755859375,1251.9000244140625,1248.0999755859375,1250.0999755859375,10445
2025-12-04 09:15:00,1246.699951171875,1257.0,1237.0999755859375,1250.5,2147
2025-12-04 13:15:00,1251.0999755859375,1255.0,1249.0,1250.5,5240
2025-12-05 09:15:00,1259.9000244140625,1259.9000244140625,1243.800048828125,1250.0,3208
2025-12-05 13:15:00,1251.199951171875,1254.9000244140625,1248.4000244140625,1252.0,4052
2025-12-08 09:15:00,1265.0,1265.0,1211.5,1216.0,7242
2025-12-08 13:15:00,1216.0999755859375,1230.0,1206.300048828125,1214.4000244140625,8498
2025-12-09 09:15:00,1213.0,1219.300048828125,1191.5999755859375,1218.0,10016
2025-12-09 13:15:00,1216.699951171875,1221.0,1208.800048828125,1213.5999755859375,6526
2025-12-10 09:15:00,1220.0,1240.0999755859375,1215.0999755859375,1234.4000244140625,11117
2025-12-10 13:15:00,1234.699951171875,1237.5,1215.0,1226.0,12189
2025-12-11 09:15:00,1220.0,1225.0,1205.0,1212.4000244140625,4163
2025-12-11 13:15:00,1211.800048828125,1227.0,1200.5999755859375,1213.0999755859375,9152
2025-12-12 09:15:00,1214.0,1238.800048828125,1208.9000244140625,1210.5999755859375,5020
2025-12-12 13:15:00,1210.0,1215.9000244140625,1198.5,1204.9000244140625,11038
2025-12-15 09:15:00,1198.800048828125,1201.300048828125,1186.199951171875,1198.300048828125,3680
2025-12-15 13:15:00,1197.0999755859375,1200.0,1191.0999755859375,1200.0,5676
2025-12-16 09:15:00,1205.9000244140625,1205.9000244140625,1187.199951171875,1193.5999755859375,2539
2025-12-16 13:15:00,1193.5,1196.0,1187.0999755859375,1190.0,7158
2025-12-17 09:15:00,1191.199951171875,1192.0,1174.300048828125,1176.0999755859375,3781
2025-12-17 13:15:00,1175.699951171875,1182.800048828125,1174.0,1178.0,3972
2025-12-18 09:15:00,1173.9000244140625,1177.0999755859375,1164.699951171875,1177.0999755859375,1697
2025-12-18 13:15:00,1177.5999755859375,1190.0,1173.0,1180.800048828125,8545
2025-12-19 09:15:00,1180.0,1188.800048828125,1165.0,1173.4000244140625,22859
2025-12-19 13:15:00,1177.199951171875,1189.199951171875,1170.0,1170.0,11085
2025-12-22 09:15:00,1195.699951171875,1197.9000244140625,1182.800048828125,1186.9000244140625,4560
2025-12-22 13:15:00,1184.5,1196.800048828125,1184.0,1184.699951171875,8195
2025-12-23 09:15:00,1188.0999755859375,1210.0,1187.199951171875,1190.5,12012
2025-12-23 13:15:00,1188.699951171875,1192.4000244140625,1186.0,1189.5,3746
2025-12-24 09:15:00,1188.0,1206.800048828125,1188.0,1192.4000244140625,15388
2025-12-24 13:15:00,1190.0,1197.9000244140625,1189.5,1190.5,5683
2025-12-26 09:15:00,1188.0,1224.699951171875,1188.0,1221.699951171875,11699
2025-12-26 13:15:00,1221.699951171875,1227.0,1192.0,1208.0,16134
2025-12-29 09:15:00,1218.300048828125,1230.0,1200.199951171875,1208.199951171875,6903
2025-12-29 13:15:00,1207.0,1210.4000244140625,1200.0999755859375,1205.0,7415
2025-12-30 09:15:00,1214.0,1214.5,1194.199951171875,1199.800048828125,3878
2025-12-30 13:15:00,1200.199951171875,1209.300048828125,1151.5,1164.699951171875,47357
2025-12-31 09:15:00,1165.0,1198.4000244140625,1161.9000244140625,1184.5,8752
2025-12-31 13:15:00,1184.5,1189.0,1172.4000244140625,1179.0999755859375,34531
2026-01-01 09:15:00,1186.800048828125,1192.800048828125,1172.0,1174.5,7742
2026-01-01 13:15:00,1174.800048828125,1180.0,1171.0,1180.0,6941
2026-01-02 09:15:00,1180.0,1197.0999755859375,1176.300048828125,1189.9000244140625,24058
2026-01-02 13:15:00,1190.4000244140625,1192.5,1175.0,1178.699951171875,38501
2026-01-05 09:15:00,1178.0,1180.5999755859375,1140.5,1143.800048828125,31280
2026-01-05 13:15:00,1145.9000244140625,1154.0,1142.0,1150.0,16280
2026-01-06 09:15:00,1146.0,1153.300048828125,1136.4000244140625,1140.300048828125,10652
2026-01-06 13:15:00,1141.4000244140625,1141.4000244140625,1131.0,1133.0,10952
2026-01-07 09:15:00,1138.5,1138.5,1114.5,1117.199951171875,13377
2026-01-07 13:15:00,1115.800048828125,1118.0,1098.0999755859375,1112.800048828125,57924
2026-01-08 09:15:00,1114.0,1122.199951171875,1101.5,1104.0999755859375,12432
2026-01-08 13:15:00,1104.4000244140625,1106.5999755859375,1100.300048828125,1104.5999755859375,12642
2026-01-09 09:15:00,1097.4000244140625,1109.9000244140625,1086.5,1097.0999755859375,10476
2026-01-09 13:15:00,1097.0,1097.5999755859375,1089.0,1092.0999755859375,8853
2026-01-12 09:15:00,1090.0,1116.300048828125,1071.0999755859375,1110.0,20861
2026-01-12 13:15:00,1110.0,1110.0,1085.699951171875,1094.5,18611
2026-01-13 09:15:00,1093.0999755859375,1096.9000244140625,1072.5,1080.5999755859375,10131
2026-01-13 13:15:00,1080.4000244140625,1080.4000244140625,1068.0,1070.0,13717
2026-01-14 09:15:00,1072.5,1086.0,1068.199951171875,1084.0999755859375,10411
2026-01-14 13:15:00,1084.0,1097.0,1080.0,1081.0,12226
2026-01-16 09:15:00,1082.0999755859375,1088.199951171875,1070.0,1073.300048828125,13297
2026-01-16 13:15:00,1073.0,1082.0,1070.0,1074.699951171875,9317
2026-01-19 09:15:00,1070.0,1074.699951171875,1060.0,1062.5999755859375,4998
2026-01-19 13:15:00,1062.5999755859375,1068.199951171875,1060.0999755859375,1064.800048828125,5279
2026-01-20 09:15:00,1051.0999755859375,1062.9000244140625,1050.0999755859375,1054.5999755859375,5451
2026-01-20 13:15:00,1056.0,1056.0,1050.0,1051.800048828125,10020
2026-01-21 09:15:00,1037.0,1048.0,1017.7999877929688,1040.0999755859375,11956
2026-01-21 13:15:00,1038.199951171875,1182.4000244140625,1028.0,1070.0999755859375,102780
2026-01-22 09:15:00,1080.0,1090.0,1071.4000244140625,1082.0999755859375,6882
2026-01-22 13:15:00,1079.699951171875,1116.9000244140625,1078.9000244140625,1111.4000244140625,9983
2026-01-23 09:15:00,1110.0,1110.0,1096.800048828125,1100.0,4378
2026-01-23 13:15:00,1099.0999755859375,1101.4000244140625,1075.5,1075.5,8429
2026-01-27 09:15:00,1075.4000244140625,1118.5999755859375,1075.4000244140625,1105.0,8948
2026-01-27 13:15:00,1103.4000244140625,1117.5,1092.0,1092.0,7223
2026-01-28 09:15:00,1104.5999755859375,1125.0,1087.9000244140625,1119.4000244140625,15588
2026-01-28 13:15:00,1120.0999755859375,1153.0,1120.0999755859375,1131.5,13686
2026-01-29 09:15:00,1140.0,1140.0,1092.5,1099.0,15813
2026-01-29 13:15:00,1099.0,1108.5999755859375,1095.699951171875,1101.300048828125,7548
2026-01-30 09:15:00,1101.0,1115.0,1086.0999755859375,1109.5,10702
2026-01-30 13:15:00,1109.0999755859375,1127.199951171875,1101.300048828125,1118.800048828125,8458
2026-02-03 09:15:00,1111.0,1138.800048828125,1107.800048828125,1120.5999755859375,26566
2026-02-03 13:15:00,1120.800048828125,1133.800048828125,1109.0,1121.199951171875,9389
2026-02-04 09:15:00,1111.0,1121.5999755859375,1105.5999755859375,1114.5999755859375,8980
2026-02-04 13:15:00,1117.5,1126.0,1112.0999755859375,1115.5999755859375,8489
2026-02-05 09:15:00,1117.699951171875,1117.699951171875,1080.0999755859375,1090.0,7492
2026-02-05 13:15:00,1089.199951171875,1090.0,1049.0999755859375,1068.4000244140625,64125
2026-02-06 09:15:00,1058.800048828125,1058.800048828125,1032.4000244140625,1041.5,6113
2026-02-06 13:15:00,1041.0,1060.0,1041.0,1051.0,8478
2026-02-09 09:15:00,1065.300048828125,1125.0,1061.800048828125,1121.0,22325
2026-02-09 13:15:00,1120.800048828125,1146.300048828125,1119.699951171875,1136.300048828125,26899
2026-02-10 09:15:00,1143.0,1149.5999755859375,1122.4000244140625,1130.0,5663
2026-02-10 13:15:00,1130.0,1145.0,1126.0,1132.0,7569
2026-02-11 09:15:00,1141.5,1141.5,1115.0999755859375,1121.199951171875,3988
2026-02-11 13:15:00,1123.199951171875,1165.5,1120.0,1135.0,24368
2026-02-12 09:15:00,1150.0,1150.0,1117.699951171875,1130.0,13461
2026-02-12 13:15:00,1130.0,1141.199951171875,1120.5999755859375,1141.0,7771
2026-02-13 09:15:00,1126.300048828125,1133.4000244140625,1105.199951171875,1129.800048828125,7413
2026-02-13 13:15:00,1129.800048828125,1131.800048828125,1115.199951171875,1129.0,5621
2026-02-16 09:15:00,1123.5999755859375,1123.5999755859375,1085.5999755859375,1090.0,64070
2026-02-16 13:15:00,1090.0,1109.0,1088.5,1098.4000244140625,20787
2026-02-17 09:15:00,1091.0999755859375,1107.300048828125,1074.5999755859375,1106.5999755859375,8631
2026-02-17 13:15:00,1104.300048828125,1107.800048828125,1096.4000244140625,1104.9000244140625,17748
2026-02-18 09:15:00,1101.9000244140625,1113.9000244140625,1085.0999755859375,1108.0999755859375,7623
2026-02-18 13:15:00,1107.199951171875,1125.0,1107.199951171875,1117.0,11207
2026-02-19 09:15:00,1110.0999755859375,1119.0999755859375,1098.0999755859375,1111.300048828125,5357
2026-02-19 13:15:00,1109.5999755859375,1113.0,1097.5999755859375,1107.199951171875,6189
2026-02-20 09:15:00,1094.800048828125,1100.0,1080.0,1088.199951171875,8818
2026-02-20 13:15:00,1088.199951171875,1097.5999755859375,1086.5,1093.699951171875,8591
2026-02-23 09:15:00,1093.699951171875,1105.800048828125,1081.800048828125,1094.699951171875,14189
2026-02-23 13:15:00,1092.4000244140625,1109.9000244140625,1090.0,1108.5,9698
2026-02-24 09:15:00,1100.0999755859375,1100.0999755859375,1077.199951171875,1088.9000244140625,10969
2026-02-24 13:15:00,1088.699951171875,1099.699951171875,1087.0,1099.699951171875,9300
2026-02-25 09:15:00,1087.0999755859375,1099.5999755859375,1081.5999755859375,1087.699951171875,16233
2026-02-25 13:15:00,1085.699951171875,1091.0,1053.5,1068.699951171875,37084
2026-02-26 09:15:00,1071.0,1076.4000244140625,1052.0,1057.300048828125,9314
2026-02-26 13:15:00,1058.699951171875,1064.0,1052.0,1052.0,11894
2026-02-27 09:15:00,1055.0,1056.199951171875,1014.0,1023.7000122070312,39269
2026-02-27 13:15:00,1023.7000122070312,1061.800048828125,1003.2999877929688,1004.0,308280
2026-03-02 09:15:00,979.7999877929688,1037.0,979.7999877929688,994.9000244140625,31883
2026-03-02 13:15:00,994.9000244140625,1019.0,994.9000244140625,1011.9000244140625,12388
2026-03-04 09:15:00,995.0,1003.9000244140625,985.0,995.5999755859375,23486
2026-03-04 13:15:00,995.5999755859375,998.0999755859375,985.0,988.0999755859375,16645
2026-03-05 09:15:00,988.0999755859375,1006.5999755859375,980.5999755859375,988.0999755859375,24468
2026-03-05 13:15:00,989.5999755859375,997.9000244140625,985.0,992.7000122070312,17031
2026-03-06 09:15:00,997.2999877929688,998.4000244140625,981.5999755859375,987.5,5258
2026-03-06 13:15:00,987.5,991.7000122070312,983.0,983.0,10491
2026-03-09 09:15:00,968.0,979.9000244140625,952.2000122070312,952.5,19544
2026-03-09 13:15:00,953.5999755859375,974.0,952.5,962.5999755859375,10254
2026-03-10 09:15:00,966.0,999.9000244140625,966.0,984.7999877929688,8228
2026-03-10 13:15:00,984.9000244140625,996.0,984.9000244140625,992.4000244140625,7165
2026-03-11 09:15:00,1000.5,1029.0,990.0999755859375,992.7000122070312,17383
2026-03-11 13:15:00,992.5999755859375,997.9000244140625,971.0,977.0,12079
2026-03-12 09:15:00,971.0,975.9000244140625,952.0,969.9000244140625,25303
2026-03-12 13:15:00,968.4000244140625,973.9000244140625,959.0999755859375,963.0,12372
2026-03-13 09:15:00,960.5,979.9000244140625,952.0,958.7000122070312,18556
2026-03-13 13:15:00,957.5999755859375,980.9000244140625,956.9000244140625,972.0,16573
2026-03-16 09:15:00,970.0,972.0,954.5999755859375,960.0,21222
2026-03-16 13:15:00,961.0,989.7999877929688,960.0,977.4000244140625,26673
2026-03-17 09:15:00,970.0999755859375,1003.9000244140625,970.0999755859375,999.0,17661
2026-03-17 13:15:00,999.9000244140625,1000.5,983.5999755859375,987.5999755859375,7207
2026-03-18 09:15:00,996.4000244140625,1038.0,991.7000122070312,1010.0,43952
2026-03-18 13:15:00,1010.0,1011.4000244140625,1000.5,1004.5,16676
2026-03-19 09:15:00,996.0,999.0,980.0,984.0,8775
2026-03-19 13:15:00,984.0,988.0,969.4000244140625,975.9000244140625,10965
2026-03-20 09:15:00,985.0,985.0,965.0,968.0,13248
2026-03-20 13:15:00,968.5,970.0,960.0,961.5,11753
2026-03-23 09:15:00,957.2000122070312,957.2999877929688,927.7000122070312,929.0999755859375,17130
2026-03-23 13:15:00,929.2000122070312,946.0999755859375,927.0,930.7000122070312,19002
2026-03-24 09:15:00,946.0,973.0,940.2000122070312,967.7999877929688,21772
2026-03-24 13:15:00,967.2999877929688,980.0999755859375,965.4000244140625,972.5,23806
2026-03-25 09:15:00,970.5999755859375,989.9000244140625,970.0,970.7000122070312,10423
2026-03-25 13:15:00,970.2000122070312,971.9000244140625,949.5,955.4000244140625,18526
2026-03-27 09:15:00,952.0,965.4000244140625,944.5999755859375,949.0,29062
2026-03-27 13:15:00,949.5,950.2999877929688,926.4000244140625,936.0999755859375,73514
2026-03-30 09:15:00,929.7000122070312,929.7000122070312,890.0,900.4000244140625,29374
2026-03-30 13:15:00,900.7999877929688,918.5,890.0,894.0,42478
2026-04-01 09:15:00,940.0,955.9000244140625,911.0,932.75,22167
2026-04-01 13:15:00,932.0,954.0,928.0,943.0499877929688,25288
2026-04-02 09:15:00,938.0499877929688,957.2999877929688,915.5,957.2999877929688,6757
2026-04-02 13:15:00,955.0499877929688,968.0999755859375,955.0,962.9000244140625,14551
2026-04-06 09:15:00,963.2999877929688,978.0,950.0,976.2000122070312,6347
2026-04-06 13:15:00,975.0,995.0,973.0,979.7000122070312,14410
2026-04-07 09:15:00,969.0,1011.0,969.0,992.4000244140625,37839
2026-04-07 13:15:00,992.4500122070312,1013.4000244140625,991.8499755859375,1005.6500244140625,14984
2026-04-08 09:15:00,1039.9000244140625,1044.699951171875,1011.7000122070312,1016.0499877929688,22897
2026-04-08 13:15:00,1016.0499877929688,1019.5999755859375,1012.2999877929688,1014.3499755859375,14952
2026-04-09 09:15:00,1014.7000122070312,1028.0,1002.0999755859375,1009.0499877929688,11934
2026-04-09 13:15:00,1008.8499755859375,1015.9000244140625,1003.0,1009.7000122070312,25173
2026-04-10 09:15:00,1019.9000244140625,1042.0,1019.9000244140625,1026.25,14150
2026-04-10 13:15:00,1026.25,1030.9000244140625,1022.25,1025.0999755859375,8938
2026-04-13 09:15:00,1016.0,1021.8499755859375,989.0,1020.5,13897
2026-04-13 13:15:00,1020.7000122070312,1023.2000122070312,1005.4500122070312,1007.0,12860
2026-04-15 09:15:00,1017.7999877929688,1033.9000244140625,1017.0499877929688,1019.6500244140625,15398
2026-04-15 13:15:00,1020.0,1021.0,1009.2999877929688,1011.8499755859375,26875
2026-04-16 09:15:00,1021.7999877929688,1035.0,997.0499877929688,999.7000122070312,37267
2026-04-16 13:15:00,998.5,1000.4500122070312,997.4000244140625,1000.0,24817
2026-04-17 09:15:00,1000.0,1016.4500122070312,1000.0,1005.0,28084
2026-04-17 13:15:00,1003.9500122070312,1014.4500122070312,1002.0499877929688,1009.6500244140625,55315
2026-04-20 09:15:00,1009.4500122070312,1019.8499755859375,1001.0,1006.3499755859375,0
2026-04-20 13:15:00,1009.6500244140625,1023.7999877929688,1009.6500244140625,1016.5999755859375,51497
2026-04-21 09:15:00,1012.7999877929688,1038.5,1006.5,1009.4500122070312,16293
2026-04-21 13:15:00,1009.0499877929688,1015.0,1006.4000244140625,1009.7000122070312,28429
2026-04-22 09:15:00,1019.5999755859375,1035.800048828125,1005.0,1034.050048828125,20064
2026-04-22 13:15:00,1034.050048828125,1054.949951171875,1030.5,1051.5,30401
2026-04-23 09:15:00,1050.8499755859375,1078.699951171875,1036.8499755859375,1073.550048828125,21981
2026-04-23 13:15:00,1072.0999755859375,1074.8499755859375,1065.0,1071.050048828125,22904
2026-04-24 09:15:00,1080.0,1080.0,1031.0999755859375,1034.25,17391
2026-04-24 13:15:00,1036.75,1069.75,1031.699951171875,1049.0,31039
2026-04-27 09:15:00,1057.75,1068.949951171875,1048.550048828125,1062.449951171875,10008
2026-04-27 13:15:00,1061.0999755859375,1075.0,1061.0999755859375,1071.949951171875,13581
2026-04-28 09:15:00,1060.1500244140625,1075.0,1056.949951171875,1070.0,12377
2026-04-28 13:15:00,1069.0999755859375,1075.0,1060.3499755859375,1067.4000244140625,8944
2026-04-29 09:15:00,1078.6500244140625,1078.6500244140625,1055.0999755859375,1067.3499755859375,6649
2026-04-29 13:15:00,1066.8499755859375,1069.9000244140625,1049.449951171875,1055.8499755859375,12711
2026-04-30 09:15:00,1050.699951171875,1075.0,1037.699951171875,1074.3499755859375,15737
2026-04-30 13:15:00,1072.699951171875,1082.0,1070.3499755859375,1079.6500244140625,20549
2026-05-04 09:15:00,1077.5,1110.0,1077.0999755859375,1086.9000244140625,29643
2026-05-04 13:15:00,1086.5999755859375,1099.9000244140625,1080.0,1098.0,18812
2026-05-05 09:15:00,1096.699951171875,1097.199951171875,1071.0,1075.9000244140625,14030
2026-05-05 13:15:00,1078.699951171875,1087.0,1075.0999755859375,1086.9000244140625,10791
2026-05-06 09:15:00,1089.699951171875,1089.699951171875,1073.0999755859375,1076.800048828125,9251
2026-05-06 13:15:00,1077.5999755859375,1095.0,1074.300048828125,1089.699951171875,12402
2026-05-07 09:15:00,1095.9000244140625,1096.0,1082.699951171875,1094.0,8704
2026-05-07 13:15:00,1094.0,1096.0,1091.0,1096.0,5139
2026-05-08 09:15:00,1086.0999755859375,1105.0,1083.0,1101.5,11171
2026-05-08 13:15:00,1103.5999755859375,1105.0,1095.9000244140625,1100.9000244140625,10640
2026-05-11 09:15:00,1090.0999755859375,1090.9000244140625,1065.0,1081.0999755859375,10471
2026-05-11 13:15:00,1081.0999755859375,1089.9000244140625,1070.0999755859375,1075.5999755859375,12912
2026-05-12 09:15:00,1070.300048828125,1072.199951171875,1040.5,1048.5999755859375,7259
2026-05-12 13:15:00,1048.5999755859375,1069.9000244140625,1043.0999755859375,1069.800048828125,20935
2026-05-13 09:15:00,1051.0,1065.0,1050.0,1062.5,8071
2026-05-13 13:15:00,1062.5,1063.0,1048.0,1048.0,12449
2026-05-14 09:15:00,1048.0999755859375,1068.800048828125,1048.0999755859375,1058.0,6307
2026-05-14 13:15:00,1058.199951171875,1058.199951171875,1046.0999755859375,1050.0,6739
2026-05-15 09:15:00,1086.0999755859375,1125.0,1081.9000244140625,1090.5,51756
2026-05-15 13:15:00,1090.800048828125,1096.199951171875,1078.0,1083.5,19670
2026-05-18 09:15:00,1081.0999755859375,1106.199951171875,1076.199951171875,1090.800048828125,14309
2026-05-18 13:15:00,1093.5999755859375,1096.0,1082.199951171875,1088.0999755859375,10649
2026-05-19 09:15:00,1091.300048828125,1181.699951171875,1091.300048828125,1150.0999755859375,125388
2026-05-19 13:15:00,1150.800048828125,1246.9000244140625,1141.0,1178.5,3295716
2026-05-20 09:15:00,1185.0,1213.699951171875,1142.699951171875,1160.0,80580
2026-05-20 13:15:00,1159.5999755859375,1161.5,1144.0,1144.0,57182
2026-05-21 09:15:00,1168.0,1168.0,1149.199951171875,1164.300048828125,35055
2026-05-21 13:15:00,1164.300048828125,1173.4000244140625,1159.0,1161.300048828125,43312
2026-05-22 09:15:00,1172.0,1180.0,1153.199951171875,1172.800048828125,35340
2026-05-22 13:15:00,1173.699951171875,1175.0,1166.699951171875,1173.0,23139
2026-05-25 09:15:00,1194.0,1194.0,1165.4000244140625,1169.0999755859375,25543
2026-05-25 13:15:00,1169.0999755859375,1177.5999755859375,1162.199951171875,1176.0,30513
2026-05-26 09:15:00,1180.0,1183.800048828125,1161.9000244140625,1177.199951171875,31723
2026-05-26 13:15:00,1177.9000244140625,1189.5,1174.199951171875,1189.0,47762
2026-05-27 09:15:00,1189.9000244140625,1189.9000244140625,1167.199951171875,1172.9000244140625,27172
2026-05-27 13:15:00,1172.9000244140625,1183.699951171875,1170.0999755859375,1183.4000244140625,49051
2026-05-29 09:15:00,1160.5,1160.5,1131.0,1132.0,16711
2026-05-29 13:15:00,1132.0,1148.0,1128.0,1134.800048828125,24562
2026-06-01 09:15:00,1139.800048828125,1139.800048828125,1100.0999755859375,1102.0,14021
2026-06-01 13:15:00,1102.0,1102.300048828125,1076.699951171875,1094.0999755859375,46200
2026-06-02 09:15:00,1065.5999755859375,1078.800048828125,1058.199951171875,1072.5999755859375,19431
2026-06-02 13:15:00,1070.699951171875,1099.0,1070.699951171875,1096.199951171875,10298
2026-06-03 09:15:00,1113.699951171875,1125.5,1084.5999755859375,1097.0,20501
2026-06-03 13:15:00,1097.199951171875,1109.0,1081.0,1093.699951171875,38359
2026-06-04 09:15:00,1094.0999755859375,1104.5,1085.0999755859375,1099.0,12870
2026-06-04 13:15:00,1096.9000244140625,1103.0,1090.199951171875,1098.199951171875,10428
2026-06-05 09:15:00,1095.0999755859375,1104.9000244140625,1092.800048828125,1097.0,7334
2026-06-05 13:15:00,1097.0,1100.0,1092.0,1095.9000244140625,6353
2026-06-08 09:15:00,1083.699951171875,1089.9000244140625,1068.0,1074.199951171875,5728
2026-06-08 13:15:00,1074.199951171875,1097.699951171875,1068.0,1097.699951171875,9048
2026-06-09 09:15:00,1080.0,1085.0999755859375,1070.0999755859375,1081.5,7602
2026-06-09 13:15:00,1083.199951171875,1091.0,1077.4000244140625,1088.0,11106
2026-06-10 09:15:00,1071.0,1102.699951171875,1071.0,1073.800048828125,5308
2026-06-10 13:15:00,1073.0,1074.800048828125,1055.0,1062.5,15291
2026-06-11 09:15:00,1060.0,1061.800048828125,1040.0999755859375,1048.0,3843
2026-06-11 13:15:00,1047.9000244140625,1054.0,1044.0,1051.199951171875,4927
2026-06-12 09:15:00,1062.0,1074.5999755859375,1040.199951171875,1071.9000244140625,12382
2026-06-12 13:15:00,1073.800048828125,1085.0,1072.0999755859375,1081.199951171875,19664
2026-06-15 09:15:00,1072.0999755859375,1099.9000244140625,1072.0999755859375,1085.5,6407
2026-06-15 13:15:00,1082.9000244140625,1087.800048828125,1068.800048828125,1080.0,8601
2026-06-16 09:15:00,1085.0,1089.5999755859375,1074.5,1087.5999755859375,6227
2026-06-16 13:15:00,1087.5999755859375,1089.300048828125,1072.0999755859375,1085.699951171875,6286
2026-06-17 09:15:00,1065.0,1065.0,1041.5,1054.0,26814
2026-06-17 13:15:00,1054.300048828125,1065.0,1050.0999755859375,1053.199951171875,20396
2026-06-18 09:15:00,1059.300048828125,1066.0999755859375,1052.199951171875,1057.0999755859375,8326
2026-06-18 13:15:00,1058.4000244140625,1073.699951171875,1055.199951171875,1071.0999755859375,19885
2026-06-19 09:15:00,1070.0,1075.0999755859375,1062.0999755859375,1064.0,6834
2026-06-19 13:15:00,1062.699951171875,1075.0,1060.300048828125,1068.300048828125,6066
2026-06-22 09:15:00,1077.0,1080.0,1065.0,1070.800048828125,5248
2026-06-22 13:15:00,1069.199951171875,1076.9000244140625,1066.300048828125,1067.0999755859375,9213
2026-06-23 09:15:00,1073.0,1082.5,1053.0,1055.0,109638
2026-06-23 13:15:00,1056.9000244140625,1077.5999755859375,1051.5,1070.0,42934
2026-06-24 09:15:00,1066.0999755859375,1075.9000244140625,1061.5999755859375,1065.0,4936
2026-06-24 13:15:00,1065.0,1074.699951171875,1056.9000244140625,1059.9000244140625,23392
2026-06-25 09:15:00,1074.9000244140625,1074.9000244140625,1050.0999755859375,1053.9000244140625,6361
2026-06-25 13:15:00,1053.0,1071.9000244140625,1051.0,1062.5999755859375,10690
2026-06-29 09:15:00,1064.0,1067.0999755859375,1038.0,1038.5999755859375,7147
2026-06-29 13:15:00,1038.5999755859375,1063.0,1038.4000244140625,1061.0,12496
2026-06-30 09:15:00,1055.0999755859375,1064.9000244140625,1045.0,1061.9000244140625,4155
2026-06-30 13:15:00,1064.9000244140625,1064.9000244140625,1050.0,1055.199951171875,5440
2026-07-01 09:15:00,1055.199951171875,1071.0,1050.0,1065.0,4823
2026-07-01 13:15:00,1065.0,1071.0,1056.0999755859375,1063.199951171875,9332
2026-07-02 09:15:00,1066.0,1074.199951171875,1059.199951171875,1073.300048828125,6618
2026-07-02 13:15:00,1073.300048828125,1092.0,1069.5999755859375,1088.5999755859375,26789
2026-07-03 09:15:00,1088.800048828125,1104.0,1084.199951171875,1086.5999755859375,9199
2026-07-03 13:15:00,1086.5999755859375,1095.0,1079.0,1095.0,8347
2026-07-06 09:15:00,1092.0,1095.0,1076.0,1092.0,8208
2026-07-06 13:15:00,1089.699951171875,1095.699951171875,1088.0,1090.4000244140625,7254
2026-07-07 09:15:00,1090.699951171875,1090.699951171875,1070.0999755859375,1074.0,6129
2026-07-07 13:15:00,1074.0,1079.9000244140625,1065.0,1073.0999755859375,9168
2026-07-08 09:15:00,1061.0,1085.0,1061.0,1078.199951171875,5208
2026-07-08 13:15:00,1077.800048828125,1080.0,1025.0,1040.0,25256
2026-07-09 09:15:00,1042.0999755859375,1069.0,1040.0999755859375,1042.0999755859375,13809
2026-07-09 13:15:00,1042.199951171875,1043.5999755859375,1035.0,1037.4000244140625,8923
2026-07-10 09:15:00,1047.0,1051.5,1039.0999755859375,1042.9000244140625,9201
2026-07-10 13:15:00,1044.5999755859375,1049.0999755859375,1040.5999755859375,1047.0,18139
2026-07-13 09:15:00,1038.5,1045.0,1025.0999755859375,1030.0,14912
2026-07-13 13:15:00,1030.5999755859375,1047.0,1030.0,1045.0,10336
2026-07-14 09:15:00,1043.5999755859375,1045.5,1027.0,1027.300048828125,8180
2026-07-14 13:15:00,1027.300048828125,1029.699951171875,1019.4000244140625,1024.5,16066
2026-07-15 09:15:00,1029.0,1042.0,1022.5999755859375,1025.0,17108
2026-07-15 13:15:00,1025.0,1039.4000244140625,1023.2000122070312,1034.5999755859375,11512
2026-07-16 09:15:00,1027.699951171875,1052.699951171875,1025.199951171875,1039.9000244140625,17722
2026-07-16 13:15:00,1039.9000244140625,1043.800048828125,1038.0,1040.5,4474
2026-07-17 09:15:00,1048.0,1048.0,1022.0,1025.4000244140625,6682
2026-07-17 13:15:00,1025.4000244140625,1025.4000244140625,1012.7999877929688,1017.4000244140625,11640
2026-07-20 09:15:00,1018.5,1022.7000122070312,1011.0,1013.7999877929688,3987
2026-07-20 13:15:00,1015.2000122070312,1017.4000244140625,1011.0,1013.4000244140625,4060
2026-07-21 09:15:00,1017.4000244140625,1022.5999755859375,1012.5,1015.0999755859375,2219
2026-07-21 13:15:00,1015.0999755859375,1019.9000244140625,1012.5,1015.0,3914
2026-07-22 09:15:00,1022.0,1022.0,1003.7000122070312,1006.0999755859375,3825
2026-07-22 13:15:00,1007.2999877929688,1013.5,1005.0999755859375,1009.5,15277
2026-07-23 09:15:00,1007.0,1018.9000244140625,1001.9000244140625,1010.2999877929688,5063
2026-07-23 13:15:00,1010.7000122070312,1014.2999877929688,1006.0,1006.0,3257
2026-07-24 09:15:00,1010.9000244140625,1015.5999755859375,999.0,1011.0,8170
2026-07-24 13:15:00,1011.0,1019.0,1009.5,1018.9000244140625,3962
2026-07-27 09:15:00,1019.9000244140625,1023.0999755859375,991.0,993.5,29406
2026-07-27 13:15:00,992.9000244140625,1001.5999755859375,992.0,996.2000122070312,60064
2026-07-28 09:15:00,995.0999755859375,1000.0,991.2000122070312,998.2000122070312,6425
2026-07-28 13:15:00,997.2999877929688,1000.0,995.7999877929688,999.2999877929688,7317
2026-07-29 09:15:00,999.0,1020.0,994.5999755859375,1016.5999755859375,45547
2026-07-29 13:15:00,1016.5,1022.0,1012.0,1018.0,7548
2026-07-30 09:15:00,1021.5999755859375,1042.800048828125,1012.0,1027.199951171875,26075
2026-07-30 13:15:00,1027.199951171875,1045.0,1024.5999755859375,1032.699951171875,17106
2026-07-31 09:15:00,1043.800048828125,1043.800048828125,1023.0999755859375,1025.0,7881
2026-07-31 13:15:00,1025.0,1028.4000244140625,1011.2000122070312,1018.0,12835
2026-08-03 09:15:00,1019.0,1038.0,1012.9000244140625,1016.5999755859375,28440
2026-08-03 13:15:00,1016.4000244140625,1048.699951171875,948.2000122070312,1023.2999877929688,290546
2026-08-04 09:15:00,1028.0,1028.0,991.0999755859375,1006.0,10332
2026-08-04 13:15:00,1006.0,1014.0,1005.7000122070312,1008.0999755859375,10181
2026-08-05 09:15:00,1012.0,1013.9000244140625,1001.4000244140625,1004.0,11887
2026-08-05 13:15:00,1004.2000122070312,1007.9000244140625,1002.5999755859375,1005.5,4859
2026-08-06 09:15:00,992.0,1009.2999877929688,992.0,1001.0,7503
2026-08-06 13:15:00,1000.2000122070312,1035.0,1000.2000122070312,1026.5999755859375,18885
2026-08-07 09:15:00,1015.9000244140625,1029.0,1011.5,1026.199951171875,13060
2026-08-07 13:15:00,1029.0,1029.0,1011.0,1020.5999755859375,21374
