Datetime,Open,High,Low,Close,Volume
2023-08-28 09:15:00,710.6500244140625,714.8499755859375,704.0,714.8499755859375,8452
2023-08-28 13:15:00,714.8499755859375,714.8499755859375,714.8499755859375,714.8499755859375,1356
2023-08-29 09:15:00,750.5499877929688,750.5499877929688,720.0999755859375,750.5499877929688,63169
2023-08-29 13:15:00,750.5499877929688,750.5499877929688,706.0999755859375,711.0,71128
2023-08-30 09:15:00,717.8499755859375,717.8499755859375,692.0,695.0,43908
2023-08-30 13:15:00,695.0,701.9500122070312,683.0499877929688,683.0499877929688,38099
2023-08-31 09:15:00,674.9000244140625,717.2000122070312,672.5999755859375,717.2000122070312,4970
2023-08-31 13:15:00,717.2000122070312,717.2000122070312,717.2000122070312,717.2000122070312,3171
2023-09-01 09:15:00,732.0,749.9500122070312,723.25,735.0,8796
2023-09-01 13:15:00,735.0,737.9000244140625,710.0,726.9500122070312,26084
2023-09-04 09:15:00,749.9500122070312,749.9500122070312,706.5499877929688,709.4000244140625,22918
2023-09-04 13:15:00,710.2999877929688,720.0,701.0,709.3499755859375,20864
2023-09-05 09:15:00,724.7999877929688,725.0499877929688,694.9000244140625,712.6500244140625,29596
2023-09-05 13:15:00,715.5999755859375,725.0,695.5,717.5999755859375,13411
2023-09-06 09:15:00,723.7999877929688,730.0,704.0,704.1500244140625,13005
2023-09-06 13:15:00,705.9500122070312,720.0,704.0,716.2999877929688,9242
2023-09-07 09:15:00,723.0,723.0,704.5499877929688,708.0999755859375,5410
2023-09-07 13:15:00,708.0,726.0,707.0,712.25,13111
2023-09-08 09:15:00,719.8499755859375,719.9000244140625,704.2999877929688,711.7999877929688,7589
2023-09-08 13:15:00,711.8499755859375,715.25,704.1500244140625,712.9500122070312,9791
2023-09-11 09:15:00,712.0999755859375,720.0,698.9500122070312,701.7999877929688,9257
2023-09-11 13:15:00,701.9500122070312,704.5,692.4000244140625,701.75,17389
2023-09-12 09:15:00,713.9500122070312,713.9500122070312,667.8499755859375,688.0999755859375,26919
2023-09-12 13:15:00,691.25,694.5499877929688,681.0,694.5499877929688,7192
2023-09-13 09:15:00,690.2999877929688,700.0,664.0999755859375,678.0,11011
2023-09-13 13:15:00,678.0,680.0,665.0,671.6500244140625,13508
2023-09-14 09:15:00,671.6500244140625,705.2000122070312,671.6500244140625,693.25,6572
2023-09-14 13:15:00,694.7000122070312,701.0,688.1500244140625,693.6500244140625,6466
2023-09-15 09:15:00,717.0,717.0,689.7000122070312,690.5499877929688,5342
2023-09-15 13:15:00,690.5499877929688,700.0,690.5,700.0,4865
2023-09-18 09:15:00,693.75,700.0,675.5,681.1500244140625,7506
2023-09-18 13:15:00,681.1500244140625,698.4000244140625,677.0,683.5,2433
2023-09-20 09:15:00,688.0,701.0,677.6500244140625,689.9500122070312,24658
2023-09-20 13:15:00,690.3499755859375,690.6500244140625,678.0499877929688,683.5999755859375,5700
2023-09-21 09:15:00,684.0499877929688,694.4000244140625,675.5499877929688,676.9500122070312,3943
2023-09-21 13:15:00,676.9500122070312,680.7999877929688,670.0999755859375,672.6500244140625,3621
2023-09-22 09:15:00,683.6500244140625,683.6500244140625,661.9500122070312,675.0,4573
2023-09-22 13:15:00,675.4000244140625,675.5,661.5,665.1500244140625,5169
2023-09-25 09:15:00,679.7999877929688,679.7999877929688,665.0,674.6500244140625,3277
2023-09-25 13:15:00,674.6500244140625,680.0,670.5499877929688,674.0,6671
2023-09-26 09:15:00,680.0,693.5499877929688,674.0499877929688,686.6500244140625,8704
2023-09-26 13:15:00,686.9000244140625,707.5999755859375,684.4500122070312,690.0,26520
2023-09-27 09:15:00,694.7000122070312,708.0,690.0,699.4000244140625,17186
2023-09-27 13:15:00,699.5999755859375,706.4500122070312,696.25,701.9000244140625,12367
2023-09-28 09:15:00,705.9000244140625,736.5,688.0499877929688,692.4000244140625,64906
2023-09-28 13:15:00,692.4000244140625,700.0,689.5,699.0,11142
2023-09-29 09:15:00,700.5,717.0,700.0,706.3499755859375,8322
2023-09-29 13:15:00,706.3499755859375,707.5499877929688,692.2000122070312,695.4000244140625,8003
2023-10-03 09:15:00,693.9500122070312,716.3499755859375,693.9500122070312,702.5999755859375,8206
2023-10-03 13:15:00,702.0999755859375,706.4500122070312,697.0999755859375,700.0,8217
2023-10-04 09:15:00,699.5999755859375,708.6500244140625,683.0,686.0,15335
2023-10-04 13:15:00,687.0,698.0,686.0499877929688,693.8499755859375,7134
2023-10-05 09:15:00,698.0,728.5,698.0,728.5,36355
2023-10-05 13:15:00,728.5,728.5,728.5,728.5,1702
2023-10-06 09:15:00,740.0,764.7999877929688,712.0999755859375,750.0,66982
2023-10-06 13:15:00,750.0,764.9000244140625,745.0,764.2999877929688,70538
2023-10-09 09:15:00,743.0,759.6500244140625,716.75,727.8499755859375,20792
2023-10-09 13:15:00,727.75,729.9500122070312,712.2999877929688,718.7000122070312,24806
2023-10-10 09:15:00,737.5,742.75,725.0,733.0,8804
2023-10-10 13:15:00,734.4500122070312,735.0,721.0,724.0499877929688,13978
2023-10-11 09:15:00,728.75,737.8499755859375,727.0999755859375,730.7000122070312,7941
2023-10-11 13:15:00,731.8499755859375,732.2999877929688,721.1500244140625,724.9000244140625,5471
2023-10-12 09:15:00,730.0,758.7999877929688,717.7000122070312,733.0,63202
2023-10-12 13:15:00,732.8499755859375,735.75,724.0,726.5,9693
2023-10-13 09:15:00,724.8499755859375,743.0,722.0999755859375,731.75,9895
2023-10-13 13:15:00,731.0999755859375,731.0999755859375,718.5499877929688,722.5,12759
2023-10-16 09:15:00,724.8499755859375,726.9000244140625,716.9000244140625,720.5999755859375,4423
2023-10-16 13:15:00,721.4500122070312,725.4500122070312,715.1500244140625,720.25,13481
2023-10-17 09:15:00,725.6500244140625,728.0,718.3499755859375,722.4000244140625,5428
2023-10-17 13:15:00,721.25,724.0,716.0,719.4500122070312,11511
2023-10-18 09:15:00,729.8499755859375,729.8499755859375,693.4000244140625,699.0,22131
2023-10-18 13:15:00,698.0,702.5,695.0,697.5999755859375,10435
2023-10-19 09:15:00,699.9500122070312,706.9000244140625,691.1500244140625,693.5499877929688,14070
2023-10-19 13:15:00,693.7000122070312,695.4000244140625,680.2000122070312,682.4500122070312,22157
2023-10-20 09:15:00,686.5499877929688,693.7999877929688,660.0,660.0,28970
2023-10-20 13:15:00,661.75,671.0,655.2999877929688,666.0999755859375,19738
2023-10-23 09:15:00,667.0,684.0,662.75,662.75,15113
2023-10-23 13:15:00,662.5499877929688,669.0,655.5499877929688,658.3499755859375,5950
2023-10-25 09:15:00,666.5999755859375,693.2999877929688,650.1500244140625,650.1500244140625,24995
2023-10-25 13:15:00,649.2999877929688,668.8499755859375,648.0,664.4500122070312,11656
2023-10-26 09:15:00,664.0,664.0,629.0,637.0,22872
2023-10-26 13:15:00,637.0,657.5999755859375,636.0,651.9500122070312,14225
2023-10-27 09:15:00,656.7000122070312,701.0,656.7000122070312,698.9000244140625,33310
2023-10-27 13:15:00,698.8499755859375,782.0,696.75,729.5499877929688,239786
2023-10-30 09:15:00,743.3499755859375,749.1500244140625,732.1500244140625,735.3499755859375,19810
2023-10-30 13:15:00,735.6500244140625,741.0,727.1500244140625,732.4000244140625,14182
2023-10-31 09:15:00,730.0,847.4000244140625,730.0,816.0499877929688,377530
2023-10-31 13:15:00,817.0,826.7999877929688,792.6500244140625,795.2000122070312,144965
2023-11-01 09:15:00,725.1500244140625,737.6500244140625,693.2999877929688,698.4500122070312,93366
2023-11-01 13:15:00,697.0,706.5499877929688,683.4000244140625,690.0999755859375,83235
2023-11-02 09:15:00,698.0,707.5,641.2999877929688,649.9500122070312,99717
2023-11-02 13:15:00,649.9500122070312,658.0,644.6500244140625,653.4000244140625,26604
2023-11-03 09:15:00,668.6500244140625,697.0999755859375,668.5,686.75,29559
2023-11-03 13:15:00,686.75,686.75,653.8499755859375,671.9500122070312,25029
2023-11-06 09:15:00,683.0499877929688,683.0499877929688,672.0,675.5499877929688,7459
2023-11-06 13:15:00,675.5499877929688,678.0,670.5499877929688,673.75,6482
2023-11-07 09:15:00,684.0,684.0,668.0,672.5499877929688,7295
2023-11-07 13:15:00,673.75,675.5,670.0,671.1500244140625,7053
2023-11-08 09:15:00,674.25,677.75,667.2000122070312,669.5,3889
2023-11-08 13:15:00,669.5,670.0,660.0,663.3499755859375,8083
2023-11-09 09:15:00,668.5499877929688,668.5499877929688,657.0499877929688,659.6500244140625,5796
2023-11-09 13:15:00,659.2999877929688,660.9500122070312,656.0,656.9500122070312,6117
2023-11-10 09:15:00,656.9500122070312,675.0,656.9500122070312,664.9000244140625,4431
2023-11-10 13:15:00,664.9000244140625,670.0,661.1500244140625,666.5,7075
2023-11-13 09:15:00,660.25,674.9000244140625,660.25,669.2000122070312,3445
2023-11-13 13:15:00,668.0999755859375,669.3499755859375,665.0,666.0999755859375,5702
2023-11-15 09:15:00,670.0,677.5999755859375,661.5999755859375,663.1500244140625,10710
2023-11-15 13:15:00,663.0999755859375,664.0,660.0,660.0,7521
2023-11-16 09:15:00,671.0,671.0,661.7999877929688,665.5,4118
2023-11-16 13:15:00,664.2000122070312,665.7999877929688,661.0499877929688,662.9000244140625,7851
2023-11-17 09:15:00,662.9500122070312,671.6500244140625,660.0,660.3499755859375,7468
2023-11-17 13:15:00,660.7999877929688,664.7999877929688,660.0,662.0499877929688,4581
2023-11-20 09:15:00,668.0,669.0,660.0499877929688,665.6500244140625,8964
2023-11-20 13:15:00,664.1500244140625,665.4000244140625,660.0,660.5499877929688,4412
2023-11-21 09:15:00,666.4500122070312,670.5,660.2999877929688,662.7999877929688,3294
2023-11-21 13:15:00,664.0,664.5,660.0,664.5,5748
2023-11-22 09:15:00,661.5499877929688,667.9500122070312,660.7000122070312,662.5,2389
2023-11-22 13:15:00,662.5,664.0,660.0,660.6500244140625,6339
2023-11-23 09:15:00,660.0,664.0,640.0,647.4500122070312,11712
2023-11-23 13:15:00,647.4000244140625,652.2000122070312,643.0,644.8499755859375,5253
2023-11-24 09:15:00,659.75,670.0,646.0,666.0,8230
2023-11-24 13:15:00,663.0999755859375,665.0,655.2000122070312,663.6500244140625,3836
2023-11-28 09:15:00,662.0,662.0,648.0,652.0,4202
2023-11-28 13:15:00,651.0,651.9500122070312,644.25,645.75,11035
2023-11-29 09:15:00,640.1500244140625,649.3499755859375,628.0,628.0,14895
2023-11-29 13:15:00,628.0,629.9000244140625,619.6500244140625,622.0,10630
2023-11-30 09:15:00,625.7999877929688,637.6500244140625,593.0,599.7000122070312,36078
2023-11-30 13:15:00,599.9500122070312,601.0,595.0,597.4000244140625,13169
2023-12-01 09:15:00,609.9500122070312,682.0,609.2999877929688,670.0,51612
2023-12-01 13:15:00,670.0,675.2999877929688,657.0499877929688,662.0,24610
2023-12-04 09:15:00,674.0,688.2999877929688,657.25,662.2000122070312,7004
2023-12-04 13:15:00,663.0,668.7999877929688,655.0,662.0,8098
2023-12-05 09:15:00,666.0,669.0,639.7999877929688,640.0999755859375,11678
2023-12-05 13:15:00,640.5,640.5,637.0,638.5,12733
2023-12-06 09:15:00,640.0,651.9500122070312,633.0999755859375,633.4000244140625,9928
2023-12-06 13:15:00,634.0999755859375,642.9000244140625,634.0499877929688,639.25,3482
2023-12-07 09:15:00,647.9000244140625,650.75,636.0999755859375,638.0,4276
2023-12-07 13:15:00,637.25,649.7000122070312,637.1500244140625,647.9500122070312,4267
2023-12-08 09:15:00,650.0,652.0999755859375,634.0,634.2000122070312,6907
2023-12-08 13:15:00,635.4500122070312,635.5,629.0,631.7000122070312,6030
2023-12-11 09:15:00,631.7000122070312,638.9500122070312,629.0,629.2000122070312,3206
2023-12-11 13:15:00,629.9500122070312,630.0,625.0,629.5499877929688,4954
2023-12-12 09:15:00,629.5499877929688,647.4500122070312,629.5499877929688,638.6500244140625,3183
2023-12-12 13:15:00,638.75,639.7999877929688,633.0499877929688,634.5,5512
2023-12-13 09:15:00,635.0,644.0,616.9500122070312,625.5499877929688,7633
2023-12-13 13:15:00,626.0,649.9000244140625,623.25,646.5499877929688,14370
2023-12-14 09:15:00,649.0,649.5,638.0,639.3499755859375,7985
2023-12-14 13:15:00,639.1500244140625,639.9000244140625,636.0,638.0499877929688,6166
2023-12-15 09:15:00,647.0,648.2999877929688,642.6500244140625,646.9500122070312,5013
2023-12-15 13:15:00,645.1500244140625,648.0,641.8499755859375,644.9000244140625,6890
2023-12-18 09:15:00,645.4500122070312,658.0,645.4000244140625,650.9500122070312,5149
2023-12-18 13:15:00,651.4500122070312,651.5999755859375,648.0,648.4000244140625,2946
2023-12-19 09:15:00,658.0,658.0,636.8499755859375,638.9500122070312,7843
2023-12-19 13:15:00,638.2000122070312,642.2000122070312,637.5,639.4500122070312,3640
2023-12-20 09:15:00,638.1500244140625,645.3499755859375,636.7000122070312,638.4000244140625,5211
2023-12-20 13:15:00,638.4000244140625,638.4000244140625,618.0,622.6500244140625,10156
2023-12-21 09:15:00,625.0499877929688,634.7999877929688,617.8499755859375,630.2000122070312,4571
2023-12-21 13:15:00,631.0,631.0,624.0,626.2000122070312,2373
2023-12-22 09:15:00,621.0,641.75,621.0,624.8499755859375,7424
2023-12-22 13:15:00,624.9000244140625,633.4000244140625,622.0,630.1500244140625,4226
2023-12-26 09:15:00,631.2000122070312,641.4500122070312,630.0,630.9000244140625,3174
2023-12-26 13:15:00,630.9000244140625,632.5999755859375,614.9500122070312,623.3499755859375,9138
2023-12-27 09:15:00,620.5,630.0499877929688,620.5,626.2999877929688,2502
2023-12-27 13:15:00,626.2999877929688,626.2999877929688,621.0999755859375,623.8499755859375,3782
2023-12-28 09:15:00,623.8499755859375,630.8499755859375,618.0499877929688,619.6500244140625,4041
2023-12-28 13:15:00,619.9000244140625,620.9000244140625,611.2000122070312,616.7999877929688,6899
2023-12-29 09:15:00,626.9500122070312,626.9500122070312,618.0,619.9000244140625,3246
2023-12-29 13:15:00,618.5,622.0,617.5,619.8499755859375,3853
2024-01-01 09:15:00,623.0499877929688,666.0,619.4500122070312,652.7000122070312,30244
2024-01-01 13:15:00,652.9500122070312,653.5,636.0,644.2000122070312,12653
2024-01-02 09:15:00,645.2000122070312,674.0,638.0499877929688,662.2000122070312,15655
2024-01-02 13:15:00,663.5499877929688,669.0,661.75,666.2000122070312,10131
2024-01-03 09:15:00,678.0,678.0,659.9500122070312,660.9000244140625,5787
2024-01-03 13:15:00,660.5,660.5,655.25,658.6500244140625,5770
2024-01-04 09:15:00,658.6500244140625,663.2000122070312,642.5999755859375,646.7999877929688,13119
2024-01-04 13:15:00,646.7000122070312,649.5,642.0499877929688,646.7000122070312,4819
2024-01-05 09:15:00,655.0,661.9000244140625,641.0499877929688,647.5,15137
2024-01-05 13:15:00,647.4500122070312,649.0,645.0,647.6500244140625,4689
2024-01-08 09:15:00,647.6500244140625,663.2000122070312,643.2000122070312,644.0999755859375,6498
2024-01-08 13:15:00,645.2000122070312,655.9000244140625,643.9500122070312,647.5999755859375,2641
2024-01-09 09:15:00,649.0,649.0,640.0,642.8499755859375,5540
2024-01-09 13:15:00,642.8499755859375,643.0,639.5999755859375,641.6500244140625,6450
2024-01-10 09:15:00,641.5,688.7000122070312,635.4000244140625,684.1500244140625,111732
2024-01-10 13:15:00,682.6500244140625,690.0,681.9000244140625,685.5999755859375,37807
2024-01-11 09:15:00,699.9500122070312,713.7999877929688,680.0499877929688,683.1500244140625,18041
2024-01-11 13:15:00,682.8499755859375,689.9000244140625,676.7999877929688,685.2999877929688,13724
2024-01-12 09:15:00,698.0,699.9500122070312,680.0,694.5,10235
2024-01-12 13:15:00,693.6500244140625,698.25,691.2999877929688,693.0,10853
2024-01-15 09:15:00,699.0,704.0,684.5499877929688,686.3499755859375,5946
2024-01-15 13:15:00,686.4000244140625,692.0,685.0,692.0,3983
2024-01-16 09:15:00,697.0,701.0499877929688,660.0,660.9000244140625,13318
2024-01-16 13:15:00,660.0999755859375,674.7999877929688,636.5499877929688,656.9500122070312,20686
2024-01-17 09:15:00,663.6500244140625,666.2000122070312,640.0,663.0,5910
2024-01-17 13:15:00,662.0,702.0,654.0,693.0,24937
2024-01-18 09:15:00,690.0,690.0,662.0999755859375,680.4500122070312,4528
2024-01-18 13:15:00,679.0499877929688,680.4000244140625,674.0,680.0,4742
2024-01-19 09:15:00,688.9000244140625,708.0,671.0999755859375,672.7999877929688,24008
2024-01-19 13:15:00,672.7999877929688,675.4500122070312,663.4000244140625,671.75,14634
2024-01-23 09:15:00,684.8499755859375,685.25,655.0,656.7999877929688,4800
2024-01-23 13:15:00,658.3499755859375,659.4000244140625,625.0,643.7999877929688,20597
2024-01-24 09:15:00,643.9000244140625,654.0499877929688,637.9500122070312,647.0,11702
2024-01-24 13:15:00,648.1500244140625,655.0,647.9500122070312,655.0,6882
2024-01-25 09:15:00,653.9000244140625,685.0,653.9000244140625,664.0499877929688,8648
2024-01-25 13:15:00,664.0499877929688,665.4500122070312,657.3499755859375,661.1500244140625,3373
2024-01-29 09:15:00,672.8499755859375,676.4500122070312,657.7000122070312,664.7999877929688,4033
2024-01-29 13:15:00,664.2999877929688,664.75,647.0499877929688,652.25,6976
2024-01-30 09:15:00,652.25,663.7999877929688,644.25,650.5999755859375,6815
2024-01-30 13:15:00,650.5999755859375,652.4000244140625,642.0,645.7000122070312,5012
2024-01-31 09:15:00,642.0499877929688,661.0,642.0499877929688,656.0999755859375,14466
2024-01-31 13:15:00,657.6500244140625,657.9000244140625,650.0,652.7000122070312,4319
2024-02-01 09:15:00,652.9500122070312,672.75,650.0999755859375,670.0,6159
2024-02-01 13:15:00,668.6500244140625,670.0,658.0,662.2000122070312,5102
2024-02-02 09:15:00,662.2000122070312,670.4500122070312,648.5,654.9500122070312,12470
2024-02-02 13:15:00,655.0499877929688,655.2999877929688,650.0,651.3499755859375,5302
2024-02-05 09:15:00,673.5,694.7000122070312,659.1500244140625,686.9500122070312,31460
2024-02-05 13:15:00,686.9500122070312,689.0,665.9000244140625,674.2999877929688,14267
2024-02-06 09:15:00,684.75,687.9500122070312,667.0,670.5499877929688,9277
2024-02-06 13:15:00,671.6500244140625,679.0999755859375,667.0,668.7999877929688,14459
2024-02-07 09:15:00,719.9500122070312,719.9500122070312,686.0,699.0499877929688,23050
2024-02-07 13:15:00,698.2999877929688,704.7999877929688,689.6500244140625,699.3499755859375,22484
2024-02-08 09:15:00,709.2999877929688,718.0,700.0499877929688,705.3499755859375,33991
2024-02-08 13:15:00,703.0,714.9000244140625,681.7999877929688,707.1500244140625,22637
2024-02-09 09:15:00,728.5999755859375,754.9500122070312,693.8499755859375,740.5,98530
2024-02-09 13:15:00,739.1500244140625,740.9000244140625,705.1500244140625,719.5999755859375,56101
2024-02-12 09:15:00,726.0,813.2000122070312,695.0999755859375,778.0,230444
2024-02-12 13:15:00,779.75,785.4000244140625,749.0499877929688,759.0,53053
2024-02-13 09:15:00,795.0,795.0,750.2000122070312,754.25,45498
2024-02-13 13:15:00,755.25,788.7999877929688,753.9000244140625,766.2999877929688,39293
2024-02-14 09:15:00,751.0,783.0,745.0,782.0,74283
2024-02-14 13:15:00,782.8499755859375,799.3499755859375,773.5499877929688,782.5999755859375,61412
2024-02-15 09:15:00,789.7000122070312,797.0999755859375,765.0,769.5499877929688,25703
2024-02-15 13:15:00,769.5999755859375,772.75,753.25,758.2000122070312,15852
2024-02-16 09:15:00,760.0499877929688,774.7000122070312,753.1500244140625,755.3499755859375,33406
2024-02-16 13:15:00,755.3499755859375,762.0,749.5999755859375,752.3499755859375,16637
2024-02-19 09:15:00,756.0,760.3499755859375,723.5,739.75,32684
2024-02-19 13:15:00,737.5499877929688,737.9500122070312,724.75,728.4500122070312,13323
2024-02-20 09:15:00,736.0,744.7000122070312,723.75,735.0,19974
2024-02-20 13:15:00,735.0999755859375,735.9500122070312,725.0,726.2999877929688,12781
2024-02-21 09:15:00,733.25,762.8499755859375,727.5999755859375,756.7999877929688,44834
2024-02-21 13:15:00,755.2999877929688,871.5499877929688,755.2999877929688,871.5499877929688,367545
2024-02-22 09:15:00,873.0999755859375,917.8499755859375,850.5,877.4000244140625,180007
2024-02-22 13:15:00,876.5,951.5,871.0,896.0,268275
2024-02-23 09:15:00,903.0999755859375,945.0,890.0,917.0,191517
2024-02-23 13:15:00,917.0999755859375,925.75,880.1500244140625,895.9500122070312,69239
2024-02-26 09:15:00,882.0999755859375,895.9500122070312,859.9500122070312,883.9500122070312,28052
2024-02-26 13:15:00,888.7999877929688,915.0,876.0,883.0,25524
2024-02-27 09:15:00,882.7999877929688,930.9500122070312,880.75,916.7999877929688,16283
2024-02-27 13:15:00,917.0,924.0,890.0,891.5,17218
2024-02-28 09:15:00,901.0,927.7000122070312,854.9000244140625,854.9000244140625,36819
2024-02-28 13:15:00,855.5,886.6500244140625,850.0,871.6500244140625,25135
2024-02-29 09:15:00,879.5,900.0,861.0499877929688,873.9000244140625,8808
2024-02-29 13:15:00,873.6500244140625,880.0999755859375,865.0,871.0499877929688,10898
2024-03-01 09:15:00,874.9000244140625,916.0,874.9000244140625,891.0,15777
2024-03-01 13:15:00,895.75,905.0,890.0,893.1500244140625,5146
2024-03-04 09:15:00,925.0,925.0,870.0,884.0,15742
2024-03-04 13:15:00,884.3499755859375,894.1500244140625,870.1500244140625,871.0,11226
2024-03-05 09:15:00,900.0,900.0,854.5,857.6500244140625,15867
2024-03-05 13:15:00,861.2000122070312,864.0,845.0,855.4500122070312,11527
2024-03-06 09:15:00,857.5999755859375,858.4000244140625,795.5,818.0,14324
2024-03-06 13:15:00,816.0,829.4000244140625,813.4500122070312,825.0,10933
2024-03-07 09:15:00,824.9000244140625,863.2999877929688,824.9000244140625,852.6500244140625,9870
2024-03-07 13:15:00,855.0,863.5499877929688,851.0999755859375,854.2999877929688,7049
2024-03-11 09:15:00,862.5,874.7999877929688,820.0,830.0,8939
2024-03-11 13:15:00,830.0,831.7000122070312,815.0,820.0499877929688,7128
2024-03-12 09:15:00,817.0,822.0,785.0999755859375,787.5499877929688,15703
2024-03-12 13:15:00,787.5499877929688,795.0,769.9500122070312,782.5999755859375,16842
2024-03-13 09:15:00,780.7999877929688,805.0,695.3499755859375,725.6500244140625,44810
2024-03-13 13:15:00,722.2000122070312,743.75,704.0,705.7999877929688,24059
2024-03-14 09:15:00,705.0,798.0,696.0999755859375,764.5999755859375,15714
2024-03-14 13:15:00,765.0,786.0,749.6500244140625,786.0,12301
2024-03-15 09:15:00,779.4500122070312,795.0,745.0,764.0,5919
2024-03-15 13:15:00,763.0,793.7999877929688,763.0,788.0999755859375,10581
2024-03-18 09:15:00,819.9000244140625,838.2999877929688,797.9500122070312,817.7000122070312,8103
2024-03-18 13:15:00,816.0,817.0,808.0999755859375,810.4000244140625,5623
2024-03-19 09:15:00,813.0,819.7000122070312,786.5,806.9500122070312,8416
2024-03-19 13:15:00,806.8499755859375,809.4000244140625,793.0,802.5999755859375,6867
2024-03-20 09:15:00,819.0499877929688,823.7000122070312,780.0,801.2000122070312,6373
2024-03-20 13:15:00,804.0,809.0,798.0,801.7999877929688,5240
2024-03-21 09:15:00,804.4500122070312,822.8499755859375,800.0,814.25,6118
2024-03-21 13:15:00,814.3499755859375,815.5999755859375,805.5499877929688,809.2999877929688,5011
2024-03-22 09:15:00,805.0,809.9000244140625,796.2999877929688,804.5,5224
2024-03-22 13:15:00,807.0,807.0,794.0999755859375,800.4500122070312,6299
2024-03-26 09:15:00,800.4500122070312,815.0,800.0,805.8499755859375,10050
2024-03-26 13:15:00,805.0499877929688,806.0,779.2000122070312,784.4000244140625,7830
2024-03-27 09:15:00,802.25,934.8499755859375,802.25,928.5999755859375,595028
2024-03-27 13:15:00,928.5999755859375,941.25,911.0,923.7000122070312,315557
2024-03-28 09:15:00,928.0,1082.0,918.9000244140625,1068.3499755859375,489464
2024-03-28 13:15:00,1069.4000244140625,1079.75,1003.4500122070312,1012.0,478592
2024-04-01 09:15:00,1031.75,1064.3499755859375,993.5,1039.449951171875,180531
2024-04-01 13:15:00,1039.75,1061.949951171875,1037.25,1056.0,115113
2024-04-02 09:15:00,1058.050048828125,1060.0,1021.2000122070312,1039.550048828125,23883
2024-04-02 13:15:00,1037.75,1043.800048828125,1020.4000244140625,1030.75,16390
2024-04-03 09:15:00,1059.8499755859375,1061.0,1025.25,1051.699951171875,13903
2024-04-03 13:15:00,1050.0999755859375,1058.9000244140625,1049.0,1058.0,17172
2024-04-04 09:15:00,1062.0,1077.949951171875,1026.0999755859375,1040.5999755859375,9803
2024-04-04 13:15:00,1041.4000244140625,1050.0,1030.0,1036.0,12968
2024-04-05 09:15:00,1047.5999755859375,1047.8499755859375,1014.0,1025.1500244140625,6484
2024-04-05 13:15:00,1025.050048828125,1037.0,1020.0,1030.5,11928
2024-04-08 09:15:00,1029.949951171875,1032.0,970.0499877929688,998.25,21369
2024-04-08 13:15:00,998.2000122070312,998.9500122070312,970.0,984.6500244140625,18952
2024-04-09 09:15:00,985.0499877929688,1064.0,985.0499877929688,998.7999877929688,22996
2024-04-09 13:15:00,995.9500122070312,998.5999755859375,978.0,988.75,16508
2024-04-10 09:15:00,1003.75,1022.0,986.0999755859375,990.0499877929688,12942
2024-04-10 13:15:00,990.0,1005.0,985.0999755859375,997.75,10571
2024-04-12 09:15:00,997.75,1004.5499877929688,980.0,987.5,9473
2024-04-12 13:15:00,986.0499877929688,994.0,975.6500244140625,980.8499755859375,15309
2024-04-15 09:15:00,940.0499877929688,959.75,926.8499755859375,955.0,10793
2024-04-15 13:15:00,953.4000244140625,957.9500122070312,937.9000244140625,949.0,12187
2024-04-16 09:15:00,939.8499755859375,1123.949951171875,925.3499755859375,1090.050048828125,388350
2024-04-16 13:15:00,1089.0,1131.949951171875,1084.0,1131.949951171875,177133
2024-04-18 09:15:00,1266.949951171875,1309.699951171875,1210.1500244140625,1274.449951171875,355881
2024-04-18 13:15:00,1272.5,1299.9000244140625,1225.8499755859375,1245.0,325946
2024-04-19 09:15:00,1212.199951171875,1275.0,1194.8499755859375,1239.4000244140625,113878
2024-04-19 13:15:00,1240.0,1468.199951171875,1240.0,1428.0,818689
2024-04-22 09:15:00,1434.050048828125,1467.0,1307.1500244140625,1338.75,72396
2024-04-22 13:15:00,1338.75,1398.9000244140625,1331.5999755859375,1367.0,61561
2024-04-23 09:15:00,1383.800048828125,1409.949951171875,1361.0,1361.1500244140625,18397
2024-04-23 13:15:00,1361.1500244140625,1370.9000244140625,1336.3499755859375,1354.449951171875,19811
2024-04-24 09:15:00,1354.3499755859375,1378.9000244140625,1315.0,1341.050048828125,15980
2024-04-24 13:15:00,1343.6500244140625,1361.75,1319.050048828125,1331.0,25697
2024-04-25 09:15:00,1336.3499755859375,1413.0,1323.300048828125,1352.8499755859375,83953
2024-04-25 13:15:00,1355.0,1358.25,1334.050048828125,1342.5,15171
2024-04-26 09:15:00,1385.0,1385.0,1336.449951171875,1344.9000244140625,11556
2024-04-26 13:15:00,1342.4000244140625,1351.5,1331.25,1343.0,13946
2024-04-29 09:15:00,1368.0,1369.949951171875,1296.050048828125,1326.949951171875,20422
2024-04-29 13:15:00,1330.5,1342.949951171875,1260.050048828125,1284.8499755859375,31240
2024-04-30 09:15:00,1330.0,1340.0,1271.050048828125,1278.1500244140625,16132
2024-04-30 13:15:00,1278.1500244140625,1287.800048828125,1265.0,1268.0,9768
2024-05-02 09:15:00,1289.0,1297.949951171875,1260.0,1272.699951171875,6009
2024-05-02 13:15:00,1273.0,1284.8499755859375,1265.0,1278.0,8385
2024-05-03 09:15:00,1287.699951171875,1292.949951171875,1250.0,1256.800048828125,9721
2024-05-03 13:15:00,1255.0999755859375,1264.0,1235.0999755859375,1255.5,10415
2024-05-06 09:15:00,1262.949951171875,1262.949951171875,1211.0,1233.0,8140
2024-05-06 13:15:00,1233.1500244140625,1237.449951171875,1212.0,1219.8499755859375,13369
2024-05-07 09:15:00,1225.0,1229.3499755859375,1119.3499755859375,1124.9000244140625,49076
2024-05-07 13:15:00,1124.9000244140625,1180.0,1123.3499755859375,1150.0,20758
2024-05-08 09:15:00,1138.199951171875,1268.5,1125.3499755859375,1268.5,5429
2024-05-08 13:15:00,1268.5,1268.5,1268.5,1268.5,2091
2024-05-09 09:15:00,1305.449951171875,1338.0,1216.199951171875,1228.1500244140625,31341
2024-05-09 13:15:00,1231.949951171875,1243.8499755859375,1210.0,1238.0,16361
2024-05-10 09:15:00,1247.4000244140625,1247.800048828125,1176.550048828125,1197.300048828125,6408
2024-05-10 13:15:00,1197.300048828125,1212.0,1187.9000244140625,1200.8499755859375,8640
2024-05-13 09:15:00,1185.699951171875,1198.800048828125,1129.300048828125,1173.0,9981
2024-05-13 13:15:00,1173.0,1185.5999755859375,1150.8499755859375,1166.8499755859375,7950
2024-05-14 09:15:00,1175.550048828125,1254.800048828125,1175.550048828125,1222.5,9166
2024-05-14 13:15:00,1222.550048828125,1244.949951171875,1214.0,1224.699951171875,10240
2024-05-15 09:15:00,1240.0,1258.0,1211.5,1217.8499755859375,7483
2024-05-15 13:15:00,1217.8499755859375,1226.949951171875,1200.0,1206.75,8875
2024-05-16 09:15:00,1239.8499755859375,1279.949951171875,1236.25,1250.1500244140625,15933
2024-05-16 13:15:00,1250.4000244140625,1256.4000244140625,1240.0,1248.1500244140625,8093
2024-05-17 09:15:00,1274.949951171875,1274.949951171875,1220.0999755859375,1226.0,12934
2024-05-17 13:15:00,1228.3499755859375,1245.0,1222.050048828125,1234.75,7315
2024-05-21 09:15:00,1259.800048828125,1259.800048828125,1210.0,1213.550048828125,5177
2024-05-21 13:15:00,1213.5,1223.949951171875,1206.1500244140625,1213.300048828125,9319
2024-05-22 09:15:00,1217.949951171875,1334.5999755859375,1217.949951171875,1334.5999755859375,95418
2024-05-22 13:15:00,1334.5999755859375,1334.5999755859375,1301.199951171875,1334.5999755859375,43803
2024-05-23 09:15:00,1387.0,1402.0,1315.0,1318.0999755859375,21089
2024-05-23 13:15:00,1320.300048828125,1329.0,1299.8499755859375,1315.0,16393
2024-05-24 09:15:00,1299.949951171875,1328.8499755859375,1250.5999755859375,1255.800048828125,40848
2024-05-24 13:15:00,1255.449951171875,1256.0,1227.8499755859375,1238.5,23521
2024-05-27 09:15:00,1240.25,1280.0,1238.5999755859375,1267.199951171875,8394
2024-05-27 13:15:00,1266.0999755859375,1266.0999755859375,1240.0999755859375,1241.0,8350
2024-05-28 09:15:00,1263.0,1263.0,1200.0,1216.300048828125,8460
2024-05-28 13:15:00,1214.449951171875,1223.0,1200.0,1214.9000244140625,8726
2024-05-29 09:15:00,1207.0,1260.0,1205.199951171875,1233.699951171875,5002
2024-05-29 13:15:00,1234.0,1246.0,1229.949951171875,1244.949951171875,6561
2024-05-30 09:15:00,1249.5,1267.449951171875,1216.0999755859375,1243.199951171875,8276
2024-05-30 13:15:00,1244.0,1245.6500244140625,1225.0,1226.0,6415
2024-05-31 09:15:00,1245.050048828125,1245.050048828125,1146.0,1200.0,14165
2024-05-31 13:15:00,1200.6500244140625,1214.949951171875,1187.0,1194.3499755859375,9628
2024-06-03 09:15:00,1240.0,1266.8499755859375,1144.449951171875,1183.9000244140625,46125
2024-06-03 13:15:00,1183.9000244140625,1193.949951171875,1161.25,1174.0999755859375,12710
2024-06-04 09:15:00,1172.949951171875,1172.949951171875,1055.6500244140625,1103.300048828125,19724
2024-06-04 13:15:00,1107.300048828125,1124.8499755859375,1066.949951171875,1077.4000244140625,11382
2024-06-05 09:15:00,1109.0,1150.0,1051.050048828125,1117.6500244140625,20946
2024-06-05 13:15:00,1117.6500244140625,1139.75,1092.0,1111.199951171875,9867
2024-06-06 09:15:00,1170.0,1185.0,1159.449951171875,1165.0,4492
2024-06-06 13:15:00,1166.949951171875,1169.949951171875,1156.3499755859375,1159.300048828125,6350
2024-06-07 09:15:00,1172.949951171875,1200.0,1160.75,1189.3499755859375,5472
2024-06-07 13:15:00,1190.699951171875,1195.949951171875,1170.0999755859375,1185.25,10786
2024-06-10 09:15:00,1211.949951171875,1242.949951171875,1192.550048828125,1202.0,5579
2024-06-10 13:15:00,1202.0,1203.8499755859375,1185.0,1195.0999755859375,7904
2024-06-11 09:15:00,1175.0999755859375,1194.949951171875,1175.0999755859375,1180.25,6340
2024-06-11 13:15:00,1183.699951171875,1197.0,1179.5999755859375,1182.699951171875,9339
2024-06-12 09:15:00,1199.9000244140625,1218.0,1187.949951171875,1193.0,4116
2024-06-12 13:15:00,1194.949951171875,1200.0,1183.6500244140625,1190.25,4747
2024-06-13 09:15:00,1205.75,1219.800048828125,1183.0,1188.550048828125,2915
2024-06-13 13:15:00,1182.699951171875,1208.0,1180.050048828125,1194.75,13946
2024-06-14 09:15:00,1200.0,1206.0,1174.0999755859375,1192.8499755859375,21478
2024-06-14 13:15:00,1192.699951171875,1199.0,1180.0999755859375,1180.949951171875,9258
2024-06-18 09:15:00,1190.0,1190.0,1151.0,1164.9000244140625,11430
2024-06-18 13:15:00,1164.9000244140625,1165.0,1145.6500244140625,1155.949951171875,16681
2024-06-19 09:15:00,1158.199951171875,1195.0,1130.0,1144.9000244140625,9535
2024-06-19 13:15:00,1142.199951171875,1152.5,1132.0,1138.300048828125,9878
2024-06-20 09:15:00,1154.699951171875,1154.699951171875,1105.1500244140625,1130.0,17134
2024-06-20 13:15:00,1134.699951171875,1134.699951171875,1119.050048828125,1128.0,8913
2024-06-21 09:15:00,1137.949951171875,1138.050048828125,1120.0,1122.6500244140625,7226
2024-06-21 13:15:00,1122.75,1131.5999755859375,1105.050048828125,1112.25,14308
2024-06-24 09:15:00,1112.199951171875,1223.449951171875,1105.0,1161.0999755859375,108956
2024-06-24 13:15:00,1165.8499755859375,1183.800048828125,1149.199951171875,1160.0999755859375,18509
2024-06-25 09:15:00,1184.9000244140625,1184.9000244140625,1146.0999755859375,1148.0999755859375,13710
2024-06-25 13:15:00,1149.8499755859375,1159.6500244140625,1146.1500244140625,1151.050048828125,7153
2024-06-26 09:15:00,1157.0999755859375,1164.949951171875,1146.6500244140625,1151.4000244140625,4516
2024-06-26 13:15:00,1151.25,1152.3499755859375,1144.0,1148.4000244140625,3698
2024-06-27 09:15:00,1153.0,1163.25,1145.0,1149.4000244140625,5675
2024-06-27 13:15:00,1149.300048828125,1149.300048828125,1116.1500244140625,1130.8499755859375,10398
2024-06-28 09:15:00,1145.949951171875,1160.949951171875,1140.0,1146.0,4569
2024-06-28 13:15:00,1151.9000244140625,1153.4000244140625,1126.050048828125,1133.800048828125,7121
2024-07-01 09:15:00,1145.0,1159.8499755859375,1123.5,1142.6500244140625,4525
2024-07-01 13:15:00,1143.300048828125,1152.25,1139.199951171875,1142.0,7455
2024-07-02 09:15:00,1154.699951171875,1245.0,1154.699951171875,1196.4000244140625,42322
2024-07-02 13:15:00,1196.3499755859375,1208.949951171875,1190.4000244140625,1199.550048828125,8086
2024-07-03 09:15:00,1280.0,1280.0,1245.0,1256.5,20697
2024-07-03 13:15:00,1256.949951171875,1264.0,1243.8499755859375,1248.0,15827
2024-07-04 09:15:00,1259.050048828125,1277.800048828125,1235.1500244140625,1244.199951171875,26729
2024-07-04 13:15:00,1243.1500244140625,1270.0,1241.8499755859375,1253.3499755859375,9369
2024-07-05 09:15:00,1267.0,1267.0,1200.0,1210.699951171875,19876
2024-07-05 13:15:00,1211.1500244140625,1214.9000244140625,1200.0,1209.0,13329
2024-07-08 09:15:00,1224.949951171875,1309.8499755859375,1175.0,1295.4000244140625,57447
2024-07-08 13:15:00,1302.0,1329.9000244140625,1266.050048828125,1325.300048828125,95087
2024-07-09 09:15:00,1380.0,1380.0,1331.75,1344.5999755859375,26563
2024-07-09 13:15:00,1344.5999755859375,1352.0,1341.5,1348.0,13275
2024-07-10 09:15:00,1360.0,1368.3499755859375,1262.4000244140625,1314.0,46126
2024-07-10 13:15:00,1314.0,1314.0,1290.0,1299.0,11351
2024-07-11 09:15:00,1322.9000244140625,1329.949951171875,1287.0,1315.5,17021
2024-07-11 13:15:00,1322.9000244140625,1360.0,1320.0,1350.0,21022
2024-07-12 09:15:00,1374.550048828125,1374.550048828125,1321.5999755859375,1330.199951171875,17665
2024-07-12 13:15:00,1331.949951171875,1339.550048828125,1320.0,1328.0,8596
2024-07-15 09:15:00,1336.8499755859375,1349.0999755859375,1320.0,1327.5,7796
2024-07-15 13:15:00,1328.699951171875,1337.0,1323.0,1330.9000244140625,4224
2024-07-16 09:15:00,1340.0,1340.0,1311.050048828125,1322.949951171875,11377
2024-07-16 13:15:00,1323.0,1323.0,1302.0,1313.6500244140625,4224
2024-07-18 09:15:00,1298.9000244140625,1305.0,1265.0,1297.0,17160
2024-07-18 13:15:00,1297.5999755859375,1297.5999755859375,1275.199951171875,1279.949951171875,6359
2024-07-19 09:15:00,1294.8499755859375,1299.949951171875,1266.0,1287.5,14070
2024-07-19 13:15:00,1287.1500244140625,1290.0999755859375,1266.0,1274.3499755859375,7501
2024-07-22 09:15:00,1257.0,1277.0,1244.050048828125,1273.949951171875,5310
2024-07-22 13:15:00,1273.050048828125,1280.9000244140625,1265.4000244140625,1268.0,7410
2024-07-23 09:15:00,1277.0,1277.0,1185.0,1241.050048828125,19526
2024-07-23 13:15:00,1245.800048828125,1263.050048828125,1230.0,1253.8499755859375,7279
2024-07-24 09:15:00,1257.0,1340.949951171875,1250.0,1305.5,10676
2024-07-24 13:15:00,1305.449951171875,1318.1500244140625,1288.949951171875,1318.0999755859375,7488
2024-07-25 09:15:00,1329.949951171875,1329.949951171875,1277.0,1285.0,7813
2024-07-25 13:15:00,1285.0,1298.050048828125,1275.0,1281.199951171875,6566
2024-07-26 09:15:00,1280.0,1400.0,1280.0,1348.9000244140625,76490
2024-07-26 13:15:00,1354.1500244140625,1365.0,1338.699951171875,1342.8499755859375,12669
2024-07-29 09:15:00,1368.75,1368.75,1304.550048828125,1314.050048828125,12979
2024-07-29 13:15:00,1314.25,1318.5,1302.0,1307.800048828125,13298
2024-07-30 09:15:00,1330.0,1347.550048828125,1308.050048828125,1316.0,31689
2024-07-30 13:15:00,1316.0,1325.199951171875,1304.0,1311.0,13111
2024-07-31 09:15:00,1308.75,1317.050048828125,1302.5,1312.699951171875,9248
2024-07-31 13:15:00,1312.699951171875,1317.9000244140625,1301.3499755859375,1309.699951171875,5816
2024-08-01 09:15:00,1321.0,1410.0,1310.0,1357.050048828125,63557
2024-08-01 13:15:00,1359.949951171875,1400.0,1320.5,1345.0,67661
2024-08-02 09:15:00,1315.0,1348.050048828125,1309.050048828125,1338.0,30031
2024-08-02 13:15:00,1336.050048828125,1342.699951171875,1321.0999755859375,1325.0,9724
2024-08-05 09:15:00,1278.8499755859375,1295.0,1202.0999755859375,1226.3499755859375,55811
2024-08-05 13:15:00,1229.550048828125,1258.050048828125,1209.699951171875,1233.25,32273
2024-08-06 09:15:00,1260.0,1279.0,1230.199951171875,1238.050048828125,19288
2024-08-06 13:15:00,1238.0999755859375,1240.050048828125,1194.5999755859375,1215.949951171875,17984
2024-08-07 09:15:00,1231.800048828125,1261.699951171875,1207.6500244140625,1245.800048828125,21190
2024-08-07 13:15:00,1244.050048828125,1258.0,1230.949951171875,1248.449951171875,5211
2024-08-08 09:15:00,1250.0,1250.0,1221.4000244140625,1235.1500244140625,9805
2024-08-08 13:15:00,1236.5999755859375,1257.449951171875,1235.949951171875,1251.25,5549
2024-08-09 09:15:00,1279.949951171875,1279.949951171875,1250.0,1262.949951171875,7680
2024-08-09 13:15:00,1260.1500244140625,1287.550048828125,1260.0,1279.8499755859375,11764
2024-08-12 09:15:00,1295.0,1304.9000244140625,1260.050048828125,1286.1500244140625,6960
2024-08-12 13:15:00,1285.699951171875,1291.75,1260.050048828125,1263.3499755859375,8331
2024-08-13 09:15:00,1370.0,1505.0,1370.0,1473.0999755859375,437934
2024-08-13 13:15:00,1473.0999755859375,1488.0,1401.4000244140625,1437.949951171875,214532
2024-08-14 09:15:00,1474.699951171875,1474.699951171875,1382.0999755859375,1411.0,100765
2024-08-14 13:15:00,1409.3499755859375,1420.5,1387.1500244140625,1399.75,18264
2024-08-16 09:15:00,1449.949951171875,1485.5,1409.050048828125,1413.0999755859375,78863
2024-08-16 13:15:00,1415.6500244140625,1427.0,1401.0,1404.4000244140625,20036
2024-08-19 09:15:00,1432.25,1658.0,1420.550048828125,1606.0,356883
2024-08-19 13:15:00,1608.949951171875,1614.0,1546.25,1575.0,97699
2024-08-20 09:15:00,1598.050048828125,1603.3499755859375,1527.6500244140625,1535.4000244140625,27737
2024-08-20 13:15:00,1535.4000244140625,1554.6500244140625,1524.75,1544.699951171875,25372
2024-08-21 09:15:00,1551.1500244140625,1570.0,1483.3499755859375,1527.0,44845
2024-08-21 13:15:00,1526.1500244140625,1563.0,1524.050048828125,1560.949951171875,23400
2024-08-22 09:15:00,1578.0,1585.1500244140625,1545.4000244140625,1569.4000244140625,15199
2024-08-22 13:15:00,1569.949951171875,1570.4000244140625,1551.0,1561.050048828125,8138
2024-08-23 09:15:00,1567.0,1568.0,1523.25,1563.0,29810
2024-08-23 13:15:00,1563.0,1563.0,1531.0,1540.050048828125,13876
2024-08-26 09:15:00,1685.0,1731.449951171875,1598.0,1608.0,158867
2024-08-26 13:15:00,1608.1500244140625,1626.8499755859375,1582.0,1592.9000244140625,26726
2024-08-27 09:15:00,1599.949951171875,1608.199951171875,1568.050048828125,1583.1500244140625,30697
2024-08-27 13:15:00,1580.550048828125,1608.0,1578.25,1607.6500244140625,13291
2024-08-28 09:15:00,1619.0,1634.75,1572.0,1577.5999755859375,11072
2024-08-28 13:15:00,1577.5,1588.949951171875,1557.050048828125,1565.699951171875,13413
2024-08-29 09:15:00,1580.9000244140625,1581.25,1511.5,1533.3499755859375,22841
2024-08-29 13:15:00,1533.800048828125,1539.5999755859375,1511.0,1528.0,9819
2024-08-30 09:15:00,1544.0,1544.0,1508.5,1514.0,13987
2024-08-30 13:15:00,1515.949951171875,1530.0,1511.300048828125,1530.0,9166
2024-09-02 09:15:00,1531.6500244140625,1590.0,1499.0,1528.75,106142
2024-09-02 13:15:00,1527.9000244140625,1544.800048828125,1505.0,1511.3499755859375,24511
2024-09-03 09:15:00,1564.9000244140625,1564.9000244140625,1518.75,1522.550048828125,6006
2024-09-03 13:15:00,1524.5999755859375,1529.949951171875,1511.300048828125,1520.1500244140625,9431
2024-09-04 09:15:00,1509.0999755859375,1514.9000244140625,1475.0999755859375,1504.3499755859375,33540
2024-09-04 13:15:00,1500.949951171875,1510.0,1497.449951171875,1507.550048828125,10631
2024-09-05 09:15:00,1507.0,1589.699951171875,1505.1500244140625,1528.0999755859375,81812
2024-09-05 13:15:00,1528.9000244140625,1528.9000244140625,1506.9000244140625,1517.0,25189
2024-09-06 09:15:00,1520.449951171875,1552.449951171875,1503.0999755859375,1520.449951171875,33890
2024-09-06 13:15:00,1520.5,1530.0,1518.0,1523.0,12315
2024-09-09 09:15:00,1531.050048828125,1531.050048828125,1481.0,1492.4000244140625,8163
2024-09-09 13:15:00,1492.449951171875,1509.75,1490.0,1501.0,11090
2024-09-10 09:15:00,1523.0,1523.5,1491.0,1495.25,5956
2024-09-10 13:15:00,1495.4000244140625,1502.8499755859375,1485.0,1491.6500244140625,3980
2024-09-11 09:15:00,1491.6500244140625,1493.8499755859375,1451.0,1454.550048828125,27529
2024-09-11 13:15:00,1455.1500244140625,1463.0,1443.0,1455.8499755859375,10402
2024-09-12 09:15:00,1456.0,1473.050048828125,1431.0999755859375,1438.949951171875,19230
2024-09-12 13:15:00,1439.949951171875,1449.949951171875,1433.0999755859375,1442.25,12260
2024-09-13 09:15:00,1450.1500244140625,1501.0,1445.699951171875,1483.5999755859375,20487
2024-09-13 13:15:00,1483.5999755859375,1493.800048828125,1474.449951171875,1484.0999755859375,10554
2024-09-16 09:15:00,1496.3499755859375,1498.4000244140625,1448.050048828125,1457.9000244140625,7321
2024-09-16 13:15:00,1454.699951171875,1459.699951171875,1444.1500244140625,1455.0,9476
2024-09-17 09:15:00,1456.300048828125,1466.050048828125,1441.0,1451.0999755859375,10155
2024-09-17 13:15:00,1451.0999755859375,1453.25,1425.0,1435.0,11159
2024-09-18 09:15:00,1448.0,1492.0,1408.8499755859375,1450.199951171875,36124
2024-09-18 13:15:00,1449.699951171875,1456.0,1431.4000244140625,1440.0,12660
2024-09-19 09:15:00,1467.4000244140625,1467.4000244140625,1410.0,1413.9000244140625,22788
2024-09-19 13:15:00,1413.800048828125,1427.949951171875,1410.0,1422.5,5727
2024-09-20 09:15:00,1426.050048828125,1459.0,1410.9000244140625,1455.0,16204
2024-09-20 13:15:00,1452.050048828125,1460.0,1436.0,1454.0,7699
2024-09-23 09:15:00,1446.5999755859375,1466.0,1430.0,1442.050048828125,7522
2024-09-23 13:15:00,1439.5999755859375,1441.9000244140625,1429.0,1429.0,5729
2024-09-24 09:15:00,1433.199951171875,1436.800048828125,1409.1500244140625,1421.050048828125,12612
2024-09-24 13:15:00,1421.949951171875,1425.0,1396.0,1404.25,10946
2024-09-25 09:15:00,1411.0,1421.0,1385.699951171875,1389.3499755859375,19271
2024-09-25 13:15:00,1390.949951171875,1399.0,1389.4000244140625,1397.0,6411
2024-09-26 09:15:00,1398.0999755859375,1405.0,1385.050048828125,1389.3499755859375,4180
2024-09-26 13:15:00,1387.050048828125,1389.0,1377.300048828125,1380.050048828125,7220
2024-09-27 09:15:00,1388.5,1474.949951171875,1387.4000244140625,1441.050048828125,65052
2024-09-27 13:15:00,1442.0,1447.050048828125,1410.550048828125,1419.25,13591
2024-09-30 09:15:00,1405.0,1416.0,1385.25,1399.8499755859375,6031
2024-09-30 13:15:00,1400.4000244140625,1402.949951171875,1388.0,1391.4000244140625,4967
2024-10-01 09:15:00,1391.0,1407.949951171875,1387.4000244140625,1390.550048828125,8201
2024-10-01 13:15:00,1392.0,1402.0,1375.800048828125,1387.0,8104
2024-10-03 09:15:00,1383.449951171875,1388.550048828125,1350.050048828125,1354.9000244140625,12561
2024-10-03 13:15:00,1354.9000244140625,1359.4000244140625,1343.050048828125,1355.800048828125,9375
2024-10-04 09:15:00,1352.0,1389.0,1330.0,1370.050048828125,11975
2024-10-04 13:15:00,1372.050048828125,1372.949951171875,1332.0,1341.550048828125,10893
2024-10-07 09:15:00,1321.449951171875,1385.0,1290.1500244140625,1308.8499755859375,15586
2024-10-07 13:15:00,1304.050048828125,1336.800048828125,1298.0,1305.050048828125,9300
2024-10-08 09:15:00,1285.0,1363.6500244140625,1267.449951171875,1346.300048828125,29545
2024-10-08 13:15:00,1345.25,1365.0,1336.699951171875,1364.949951171875,6694
2024-10-09 09:15:00,1375.1500244140625,1420.199951171875,1370.0,1405.199951171875,17767
2024-10-09 13:15:00,1404.8499755859375,1406.699951171875,1380.0,1394.550048828125,5482
2024-10-10 09:15:00,1398.050048828125,1447.449951171875,1398.050048828125,1404.0,4902
2024-10-10 13:15:00,1400.300048828125,1410.0,1393.0,1402.25,3595
2024-10-11 09:15:00,1402.25,1419.050048828125,1384.3499755859375,1409.25,5290
2024-10-11 13:15:00,1412.8499755859375,1417.0,1395.5,1405.0,5795
2024-10-14 09:15:00,1432.0,1432.0,1380.0,1390.0,4098
2024-10-14 13:15:00,1391.699951171875,1397.5,1366.550048828125,1377.199951171875,9708
2024-10-15 09:15:00,1377.199951171875,1386.699951171875,1356.5999755859375,1359.0999755859375,4504
2024-10-15 13:15:00,1360.449951171875,1380.0,1354.0999755859375,1365.800048828125,7804
2024-10-16 09:15:00,1369.199951171875,1425.0,1369.199951171875,1377.0999755859375,10113
2024-10-16 13:15:00,1378.0,1383.75,1351.800048828125,1361.5999755859375,8167
2024-10-17 09:15:00,1366.550048828125,1377.5,1326.1500244140625,1335.5999755859375,7981
2024-10-17 13:15:00,1337.3499755859375,1349.300048828125,1325.800048828125,1343.0,5586
2024-10-18 09:15:00,1322.050048828125,1333.6500244140625,1295.25,1324.9000244140625,7283
2024-10-18 13:15:00,1324.9000244140625,1324.949951171875,1310.0,1315.300048828125,4414
2024-10-21 09:15:00,1324.3499755859375,1324.8499755859375,1269.0,1273.199951171875,7413
2024-10-21 13:15:00,1273.300048828125,1277.699951171875,1265.050048828125,1266.0,7259
2024-10-22 09:15:00,1274.0,1274.0,1210.300048828125,1213.75,12847
2024-10-22 13:15:00,1215.050048828125,1247.449951171875,1210.1500244140625,1224.5999755859375,13428
2024-10-23 09:15:00,1223.949951171875,1259.0,1202.949951171875,1235.6500244140625,12008
2024-10-23 13:15:00,1232.0999755859375,1248.199951171875,1218.0,1232.5,9403
2024-10-24 09:15:00,1244.75,1244.75,1215.25,1220.949951171875,5077
2024-10-24 13:15:00,1220.949951171875,1223.3499755859375,1204.050048828125,1213.1500244140625,8713
2024-10-25 09:15:00,1215.0,1215.0,1157.25,1185.6500244140625,16770
2024-10-25 13:15:00,1186.449951171875,1207.4000244140625,1169.550048828125,1200.0,13258
2024-10-28 09:15:00,1191.0,1236.0,1170.0,1213.1500244140625,10533
2024-10-28 13:15:00,1216.6500244140625,1222.550048828125,1201.25,1210.949951171875,6572
2024-10-29 09:15:00,1219.8499755859375,1221.5999755859375,1188.1500244140625,1203.300048828125,10491
2024-10-29 13:15:00,1201.199951171875,1204.9000244140625,1182.0999755859375,1204.0,8642
2024-10-30 09:15:00,1209.949951171875,1340.5999755859375,1209.949951171875,1278.5,94736
2024-10-30 13:15:00,1279.3499755859375,1293.550048828125,1268.1500244140625,1289.0,20817
2024-10-31 09:15:00,1289.3499755859375,1319.949951171875,1260.0999755859375,1273.25,9314
2024-10-31 13:15:00,1273.0999755859375,1285.0,1253.699951171875,1269.8499755859375,7813
2024-11-04 09:15:00,1298.800048828125,1302.3499755859375,1239.1500244140625,1259.0,9894
2024-11-04 13:15:00,1256.050048828125,1258.8499755859375,1250.0,1254.4000244140625,4620
2024-11-05 09:15:00,1256.5999755859375,1308.0,1250.0,1300.6500244140625,16002
2024-11-05 13:15:00,1300.5,1310.0,1293.5999755859375,1298.199951171875,12775
2024-11-06 09:15:00,1309.050048828125,1349.6500244140625,1299.0999755859375,1339.300048828125,13334
2024-11-06 13:15:00,1327.5999755859375,1369.0,1325.800048828125,1335.0,12771
2024-11-07 09:15:00,1346.25,1368.8499755859375,1326.050048828125,1335.0,6610
2024-11-07 13:15:00,1335.0999755859375,1335.0999755859375,1312.199951171875,1312.300048828125,6770
2024-11-08 09:15:00,1319.6500244140625,1340.0,1290.050048828125,1316.0,9274
2024-11-08 13:15:00,1316.5,1329.0,1300.0,1310.050048828125,26328
2024-11-11 09:15:00,1369.050048828125,1384.0,1316.0,1335.8499755859375,18563
2024-11-11 13:15:00,1337.8499755859375,1341.5,1316.0,1325.550048828125,13700
2024-11-12 09:15:00,1334.6500244140625,1426.5,1326.050048828125,1363.0,66212
2024-11-12 13:15:00,1359.800048828125,1371.550048828125,1331.25,1337.050048828125,18990
2024-11-13 09:15:00,1340.050048828125,1342.0,1277.5999755859375,1285.550048828125,11255
2024-11-13 13:15:00,1287.5,1308.949951171875,1280.050048828125,1290.8499755859375,9353
2024-11-14 09:15:00,1275.050048828125,1317.25,1269.1500244140625,1305.25,19945
2024-11-14 13:15:00,1305.1500244140625,1306.4000244140625,1283.550048828125,1292.0,6795
2024-11-18 09:15:00,1290.0,1297.0999755859375,1249.050048828125,1289.25,10585
2024-11-18 13:15:00,1289.449951171875,1295.0,1270.3499755859375,1280.0,4919
2024-11-19 09:15:00,1275.550048828125,1329.0,1275.550048828125,1309.800048828125,11137
2024-11-19 13:15:00,1309.449951171875,1330.550048828125,1290.050048828125,1303.0,14703
2024-11-21 09:15:00,1289.949951171875,1306.25,1250.5999755859375,1267.949951171875,8433
2024-11-21 13:15:00,1267.949951171875,1280.3499755859375,1266.800048828125,1272.550048828125,5263
2024-11-22 09:15:00,1258.0,1296.0,1258.0,1267.0,7529
2024-11-22 13:15:00,1268.9000244140625,1271.3499755859375,1258.0,1265.0,6981
2024-11-25 09:15:00,1273.0,1300.0,1273.0,1290.25,5588
2024-11-25 13:15:00,1287.6500244140625,1300.0,1280.0,1289.4000244140625,4358
2024-11-26 09:15:00,1290.0,1371.5999755859375,1290.0,1360.949951171875,23723
2024-11-26 13:15:00,1359.0,1367.0,1348.300048828125,1365.0,14951
2024-11-27 09:15:00,1360.300048828125,1388.0,1339.75,1345.25,8121
2024-11-27 13:15:00,1346.300048828125,1355.3499755859375,1337.800048828125,1349.25,9478
2024-11-28 09:15:00,1341.1500244140625,1372.0,1335.0,1347.949951171875,10580
2024-11-28 13:15:00,1346.75,1370.949951171875,1341.050048828125,1360.9000244140625,16254
2024-11-29 09:15:00,1361.0,1366.0,1331.449951171875,1335.0,6135
2024-11-29 13:15:00,1335.0,1339.5,1328.800048828125,1336.1500244140625,5712
2024-12-02 09:15:00,1359.0,1511.0,1359.0,1434.9000244140625,403653
2024-12-02 13:15:00,1435.1500244140625,1452.0,1426.949951171875,1440.0,65883
2024-12-03 09:15:00,1447.449951171875,1495.0999755859375,1447.449951171875,1487.199951171875,32342
2024-12-03 13:15:00,1493.949951171875,1494.9000244140625,1468.050048828125,1479.300048828125,25837
2024-12-04 09:15:00,1520.0,1538.0,1477.800048828125,1513.0,24639
2024-12-04 13:15:00,1513.5,1513.8499755859375,1493.8499755859375,1504.5999755859375,15363
2024-12-05 09:15:00,1513.0,1518.800048828125,1472.0999755859375,1487.199951171875,11877
2024-12-05 13:15:00,1487.199951171875,1488.8499755859375,1476.0999755859375,1483.25,11423
2024-12-06 09:15:00,1485.0,1511.5,1472.4000244140625,1509.050048828125,22112
2024-12-06 13:15:00,1510.550048828125,1510.949951171875,1499.300048828125,1503.9000244140625,16663
2024-12-09 09:15:00,1509.8499755859375,1523.949951171875,1475.449951171875,1482.699951171875,10954
2024-12-09 13:15:00,1482.75,1489.949951171875,1480.5999755859375,1485.449951171875,5866
2024-12-10 09:15:00,1489.25,1491.300048828125,1450.0,1464.75,6865
2024-12-10 13:15:00,1462.199951171875,1478.300048828125,1462.1500244140625,1467.050048828125,9658
2024-12-11 09:15:00,1458.0999755859375,1524.050048828125,1458.0999755859375,1474.050048828125,12373
2024-12-11 13:15:00,1476.300048828125,1489.0,1473.0,1483.050048828125,11617
2024-12-12 09:15:00,1491.949951171875,1491.949951171875,1437.0999755859375,1444.050048828125,9309
2024-12-12 13:15:00,1446.6500244140625,1455.0,1441.0999755859375,1450.050048828125,6182
2024-12-13 09:15:00,1435.0,1451.0,1413.0,1442.1500244140625,10348
2024-12-13 13:15:00,1443.550048828125,1454.8499755859375,1432.25,1432.25,9247
2024-12-16 09:15:00,1460.0,1473.0,1449.4000244140625,1467.5999755859375,9890
2024-12-16 13:15:00,1467.5999755859375,1484.8499755859375,1463.6500244140625,1468.300048828125,8986
2024-12-17 09:15:00,1475.0,1534.0,1461.699951171875,1515.0,42122
2024-12-17 13:15:00,1511.75,1513.8499755859375,1495.0,1503.0999755859375,8943
2024-12-18 09:15:00,1501.0,1507.9000244140625,1481.1500244140625,1489.550048828125,16566
2024-12-18 13:15:00,1492.0,1510.0,1482.6500244140625,1486.050048828125,14376
2024-12-19 09:15:00,1448.6500244140625,1508.0,1425.199951171875,1468.300048828125,15202
2024-12-19 13:15:00,1468.0,1468.0,1455.0,1465.9000244140625,11039
2024-12-20 09:15:00,1450.550048828125,1481.199951171875,1408.3499755859375,1410.300048828125,9999
2024-12-20 13:15:00,1410.300048828125,1413.0,1390.0,1411.0,13341
2024-12-23 09:15:00,1416.75,1425.0,1363.0999755859375,1368.0,8357
2024-12-23 13:15:00,1370.3499755859375,1385.5,1360.0999755859375,1371.699951171875,8215
2024-12-24 09:15:00,1360.0,1383.9000244140625,1345.0,1368.0,5914
2024-12-24 13:15:00,1368.6500244140625,1378.949951171875,1350.0999755859375,1352.699951171875,6322
2024-12-26 09:15:00,1351.3499755859375,1360.5,1329.949951171875,1333.5,9137
2024-12-26 13:15:00,1336.0,1360.0999755859375,1331.0,1356.0999755859375,8602
2024-12-27 09:15:00,1350.199951171875,1366.0,1340.0,1359.449951171875,4931
2024-12-27 13:15:00,1357.050048828125,1365.0,1349.0,1356.3499755859375,3881
2024-12-30 09:15:00,1365.0,1366.0,1340.5999755859375,1352.4000244140625,8262
2024-12-30 13:15:00,1350.0,1354.9000244140625,1330.5,1330.5999755859375,8258
2024-12-31 09:15:00,1345.75,1349.5,1316.1500244140625,1347.949951171875,6571
2024-12-31 13:15:00,1345.5999755859375,1381.0,1345.5999755859375,1378.699951171875,14951
2025-01-01 09:15:00,1409.8499755859375,1479.800048828125,1402.0,1470.3499755859375,66929
2025-01-01 13:15:00,1465.25,1478.0,1431.300048828125,1448.0,36786
2025-01-02 09:15:00,1452.0,1586.800048828125,1448.0999755859375,1572.3499755859375,204587
2025-01-02 13:15:00,1572.3499755859375,1615.0,1560.0,1590.0,158057
2025-01-03 09:15:00,1595.0,1617.0,1557.050048828125,1569.699951171875,49273
2025-01-03 13:15:00,1569.550048828125,1577.8499755859375,1540.0,1568.949951171875,29338
2025-01-06 09:15:00,1573.9000244140625,1593.199951171875,1491.699951171875,1516.0,28537
2025-01-06 13:15:00,1512.300048828125,1512.800048828125,1460.0,1475.449951171875,31080
2025-01-07 09:15:00,1479.25,1504.949951171875,1464.0999755859375,1495.300048828125,11232
2025-01-07 13:15:00,1494.0,1512.449951171875,1487.949951171875,1504.550048828125,14574
2025-01-08 09:15:00,1500.050048828125,1503.949951171875,1473.0,1478.0,13610
2025-01-08 13:15:00,1479.5,1498.5,1475.8499755859375,1491.3499755859375,9109
2025-01-09 09:15:00,1506.25,1604.550048828125,1498.449951171875,1516.5,59517
2025-01-09 13:15:00,1517.1500244140625,1517.199951171875,1486.4000244140625,1509.9000244140625,15936
2025-01-10 09:15:00,1503.199951171875,1510.949951171875,1425.0,1430.0999755859375,20659
2025-01-10 13:15:00,1432.949951171875,1455.0,1401.0,1407.1500244140625,16738
2025-01-13 09:15:00,1386.0999755859375,1409.949951171875,1329.4000244140625,1332.1500244140625,21442
2025-01-13 13:15:00,1332.4000244140625,1333.0,1305.0,1326.699951171875,18396
2025-01-14 09:15:00,1329.699951171875,1350.6500244140625,1304.0,1320.949951171875,16169
2025-01-14 13:15:00,1323.9000244140625,1340.0,1318.25,1324.0,9873
2025-01-15 09:15:00,1354.4000244140625,1364.0,1310.3499755859375,1328.0,23126
2025-01-15 13:15:00,1328.0,1328.1500244140625,1302.0,1307.0,10559
2025-01-16 09:15:00,1349.8499755859375,1367.050048828125,1326.699951171875,1342.75,8179
2025-01-16 13:15:00,1341.199951171875,1350.0,1321.5999755859375,1335.4000244140625,10752
2025-01-17 09:15:00,1350.0,1350.0,1305.0,1319.0999755859375,11264
2025-01-17 13:15:00,1319.1500244140625,1333.8499755859375,1318.050048828125,1331.949951171875,7435
2025-01-20 09:15:00,1334.949951171875,1334.949951171875,1307.0,1320.050048828125,5276
2025-01-20 13:15:00,1325.9000244140625,1326.449951171875,1315.1500244140625,1321.449951171875,7268
2025-01-21 09:15:00,1332.0,1338.800048828125,1280.050048828125,1287.0,13664
2025-01-21 13:15:00,1287.0,1288.050048828125,1260.0,1272.949951171875,13999
2025-01-22 09:15:00,1279.5999755859375,1279.6500244140625,1210.050048828125,1219.6500244140625,15730
2025-01-22 13:15:00,1221.300048828125,1242.5,1210.050048828125,1236.3499755859375,13799
2025-01-23 09:15:00,1245.0,1276.0,1228.0,1254.199951171875,14098
2025-01-23 13:15:00,1254.449951171875,1254.5999755859375,1232.0999755859375,1242.1500244140625,7697
2025-01-24 09:15:00,1248.699951171875,1250.9000244140625,1201.5999755859375,1208.75,17973
2025-01-24 13:15:00,1205.75,1210.0,1190.1500244140625,1197.9000244140625,15890
2025-01-27 09:15:00,1197.9000244140625,1197.9000244140625,1108.949951171875,1135.75,30047
2025-01-27 13:15:00,1135.949951171875,1143.9000244140625,1117.949951171875,1134.1500244140625,11813
2025-01-28 09:15:00,1116.0,1143.5999755859375,1064.949951171875,1142.6500244140625,40801
2025-01-28 13:15:00,1142.699951171875,1154.300048828125,1115.0,1129.5,22213
2025-01-29 09:15:00,1148.699951171875,1204.550048828125,1146.4000244140625,1167.5,18025
2025-01-29 13:15:00,1165.25,1198.5,1160.800048828125,1176.050048828125,10159
2025-01-30 09:15:00,1210.0999755859375,1210.0999755859375,1165.449951171875,1175.550048828125,11024
2025-01-30 13:15:00,1173.75,1184.0,1155.0,1161.0,17776
2025-01-31 09:15:00,1199.0,1199.0,1158.1500244140625,1185.0,11401
2025-01-31 13:15:00,1184.3499755859375,1234.0,1184.3499755859375,1201.0,29233
2025-02-03 09:15:00,1262.6500244140625,1262.6500244140625,1203.800048828125,1215.699951171875,11891
2025-02-03 13:15:00,1213.25,1218.9000244140625,1204.699951171875,1211.6500244140625,10192
2025-02-04 09:15:00,1258.949951171875,1258.949951171875,1211.199951171875,1218.5,12178
2025-02-04 13:15:00,1217.0,1229.4000244140625,1211.0,1215.0,9756
2025-02-05 09:15:00,1230.0,1238.449951171875,1216.4000244140625,1237.0,11830
2025-02-05 13:15:00,1238.0,1255.0,1232.3499755859375,1243.3499755859375,9870
2025-02-06 09:15:00,1250.0,1256.5,1227.4000244140625,1246.5999755859375,14757
2025-02-06 13:15:00,1245.0999755859375,1255.0,1227.050048828125,1249.25,7442
2025-02-07 09:15:00,1268.0,1273.800048828125,1232.1500244140625,1241.550048828125,10940
2025-02-07 13:15:00,1243.3499755859375,1244.9000244140625,1210.0999755859375,1221.0,13962
2025-02-10 09:15:00,1246.949951171875,1256.6500244140625,1180.3499755859375,1186.9000244140625,6621
2025-02-10 13:15:00,1184.5999755859375,1191.1500244140625,1176.0,1181.050048828125,8058
2025-02-11 09:15:00,1203.5999755859375,1203.5999755859375,1115.0,1116.800048828125,14777
2025-02-11 13:15:00,1119.050048828125,1129.199951171875,1116.0,1125.949951171875,18637
2025-02-12 09:15:00,1116.0,1165.0,1095.0,1159.9000244140625,17776
2025-02-12 13:15:00,1158.6500244140625,1175.0,1134.6500244140625,1162.5,9815
2025-02-13 09:15:00,1156.75,1186.550048828125,1147.050048828125,1147.050048828125,9189
2025-02-13 13:15:00,1148.800048828125,1154.0999755859375,1130.0,1143.9000244140625,6531
2025-02-14 09:15:00,1160.300048828125,1160.300048828125,1065.050048828125,1075.8499755859375,27673
2025-02-14 13:15:00,1076.9000244140625,1095.0,1069.199951171875,1081.3499755859375,10350
2025-02-17 09:15:00,1070.050048828125,1106.199951171875,1044.5,1098.0,13700
2025-02-17 13:15:00,1096.5999755859375,1114.0999755859375,1092.75,1100.0999755859375,4472
2025-02-18 09:15:00,1090.5999755859375,1099.9000244140625,1040.199951171875,1044.0,13668
2025-02-18 13:15:00,1045.0,1047.0,1034.0999755859375,1038.9000244140625,11224
2025-02-19 09:15:00,1036.0,1115.0,1020.0,1094.449951171875,10299
2025-02-19 13:15:00,1095.8499755859375,1106.449951171875,1088.0,1098.949951171875,4651
2025-02-20 09:15:00,1088.0,1127.6500244140625,1078.9000244140625,1114.050048828125,6814
2025-02-20 13:15:00,1113.199951171875,1140.800048828125,1111.550048828125,1120.949951171875,5676
2025-02-21 09:15:00,1124.0,1151.949951171875,1080.5,1095.199951171875,10890
2025-02-21 13:15:00,1093.949951171875,1101.1500244140625,1082.0999755859375,1088.550048828125,7241
2025-02-24 09:15:00,1060.0,1089.0,1049.1500244140625,1072.0,8826
2025-02-24 13:15:00,1071.5999755859375,1071.5999755859375,1047.949951171875,1060.0,13914
2025-02-25 09:15:00,1050.6500244140625,1073.0,1031.0,1063.6500244140625,14916
2025-02-25 13:15:00,1063.550048828125,1067.0999755859375,1055.0,1063.8499755859375,5966
2025-02-27 09:15:00,1064.0,1074.800048828125,1019.4500122070312,1019.4500122070312,7636
2025-02-27 13:15:00,1019.4500122070312,1023.0,1010.0,1013.7999877929688,7859
2025-02-28 09:15:00,994.0,1006.5499877929688,976.0,984.3499755859375,12996
2025-02-28 13:15:00,984.25,1060.9000244140625,983.0499877929688,1051.1500244140625,19797
2025-03-03 09:15:00,1049.5999755859375,1055.550048828125,986.3499755859375,1005.7999877929688,14208
2025-03-03 13:15:00,1005.7999877929688,1010.9000244140625,990.0999755859375,995.2000122070312,9973
2025-03-04 09:15:00,985.4000244140625,1014.2000122070312,962.3499755859375,1004.5499877929688,10078
2025-03-04 13:15:00,1007.0,1013.9000244140625,990.5,1001.9500122070312,7698
2025-03-05 09:15:00,1021.0,1087.949951171875,1017.9500122070312,1055.0,20814
2025-03-05 13:15:00,1055.050048828125,1060.0,1047.949951171875,1055.449951171875,9291
2025-03-06 09:15:00,1061.1500244140625,1086.949951171875,1061.1500244140625,1075.0,10915
2025-03-06 13:15:00,1075.0,1085.0,1071.050048828125,1077.25,8836
2025-03-07 09:15:00,1083.449951171875,1111.5999755859375,1072.050048828125,1091.050048828125,12809
2025-03-07 13:15:00,1094.25,1094.4000244140625,1086.050048828125,1089.5999755859375,6833
2025-03-10 09:15:00,1090.0,1109.0,1043.199951171875,1047.0,7100
2025-03-10 13:15:00,1047.699951171875,1049.6500244140625,1009.9500122070312,1017.25,17672
2025-03-11 09:15:00,1005.0499877929688,1053.0999755859375,1000.0,1015.0499877929688,19668
2025-03-11 13:15:00,1018.9000244140625,1020.0,1000.0,1006.1500244140625,10622
2025-03-12 09:15:00,1003.6500244140625,1034.800048828125,993.9000244140625,1004.0499877929688,13810
2025-03-12 13:15:00,1005.7999877929688,1007.7999877929688,987.75,997.25,9859
2025-03-13 09:15:00,1004.75,1010.9000244140625,990.75,995.0999755859375,6011
2025-03-13 13:15:00,997.9500122070312,1008.0,995.0,1002.5,6895
2025-03-17 09:15:00,997.2000122070312,1007.0,991.0,996.5,11947
2025-03-17 13:15:00,998.5999755859375,1001.75,970.0,973.5,15742
2025-03-18 09:15:00,995.0,1016.4500122070312,991.6500244140625,1008.2999877929688,6324
2025-03-18 13:15:00,1008.0,1032.0,1008.0,1020.2999877929688,18104
2025-03-19 09:15:00,1020.0,1046.550048828125,1010.0,1045.0,11910
2025-03-19 13:15:00,1045.0,1054.949951171875,1040.6500244140625,1046.5,6427
2025-03-20 09:15:00,1060.1500244140625,1080.699951171875,1037.949951171875,1042.300048828125,8470
2025-03-20 13:15:00,1041.0,1044.050048828125,1024.449951171875,1033.0,13728
2025-03-21 09:15:00,1035.0,1070.449951171875,1031.0,1054.0,9213
2025-03-21 13:15:00,1055.75,1055.949951171875,1038.0,1043.0,12201
2025-03-24 09:15:00,1051.550048828125,1087.0,1045.0,1075.0999755859375,8890
2025-03-24 13:15:00,1075.0999755859375,1109.0,1075.0999755859375,1099.300048828125,20638
2025-03-25 09:15:00,1115.0,1121.949951171875,1058.3499755859375,1067.050048828125,12713
2025-03-25 13:15:00,1065.0999755859375,1075.0999755859375,1050.25,1061.449951171875,10523
2025-03-26 09:15:00,1061.449951171875,1105.1500244140625,1059.050048828125,1061.5,18544
2025-03-26 13:15:00,1059.199951171875,1063.0,1025.0,1034.449951171875,19805
2025-03-27 09:15:00,1043.550048828125,1061.949951171875,1011.7000122070312,1015.0,30072
2025-03-27 13:15:00,1014.2000122070312,1053.8499755859375,1014.2000122070312,1047.949951171875,21488
2025-03-28 09:15:00,1050.0,1069.300048828125,1040.0,1040.0,12210
2025-03-28 13:15:00,1040.300048828125,1045.0,1026.050048828125,1028.949951171875,9700
2025-04-01 09:15:00,1045.8499755859375,1063.949951171875,1032.25,1052.25,7051
2025-04-01 13:15:00,1050.6500244140625,1072.800048828125,1041.550048828125,1064.0,8369
2025-04-02 09:15:00,1059.1500244140625,1079.3499755859375,1040.949951171875,1069.0,8349
2025-04-02 13:15:00,1067.3499755859375,1073.5,1058.0,1061.800048828125,6262
2025-04-03 09:15:00,1045.8499755859375,1069.199951171875,1045.8499755859375,1060.1500244140625,9917
2025-04-03 13:15:00,1060.9000244140625,1072.0,1059.1500244140625,1061.699951171875,5607
2025-04-04 09:15:00,1051.0999755859375,1061.6500244140625,1014.9000244140625,1015.2000122070312,7681
2025-04-04 13:15:00,1014.2999877929688,1025.0,1002.0499877929688,1022.0,8931
2025-04-07 09:15:00,950.0,983.7999877929688,928.2999877929688,932.4000244140625,16365
2025-04-07 13:15:00,932.0,969.9500122070312,928.0,969.9500122070312,10184
2025-04-08 09:15:00,999.7999877929688,999.7999877929688,967.2000122070312,973.5499877929688,10452
2025-04-08 13:15:00,973.5,997.0,973.5,991.2000122070312,6108
2025-04-09 09:15:00,980.0,980.0,964.0,975.7999877929688,2698
2025-04-09 13:15:00,977.0,989.25,967.0499877929688,977.1500244140625,6248
2025-04-11 09:15:00,1024.949951171875,1024.949951171875,997.25,1011.3499755859375,12177
2025-04-11 13:15:00,1010.4000244140625,1010.4000244140625,1000.0,1003.6500244140625,5415
2025-04-15 09:15:00,1024.0,1044.300048828125,1019.7999877929688,1043.800048828125,5792
2025-04-15 13:15:00,1043.800048828125,1075.0,1042.300048828125,1065.300048828125,11567
2025-04-16 09:15:00,1060.0,1076.0,1059.5,1072.0,3393
2025-04-16 13:15:00,1072.0,1075.0,1066.4000244140625,1073.5999755859375,6501
2025-04-17 09:15:00,1072.5,1121.0,1054.0999755859375,1114.0,17653
2025-04-17 13:15:00,1113.5999755859375,1128.0,1095.199951171875,1104.9000244140625,14153
2025-04-21 09:15:00,1109.0999755859375,1197.9000244140625,1096.800048828125,1183.0,32407
2025-04-21 13:15:00,1185.5999755859375,1194.9000244140625,1170.0,1175.5,24105
2025-04-22 09:15:00,1185.0,1188.699951171875,1151.300048828125,1154.5999755859375,13854
2025-04-22 13:15:00,1154.699951171875,1172.0,1141.0999755859375,1150.0,11771
2025-04-23 09:15:00,1163.699951171875,1210.0,1143.5,1181.300048828125,20942
2025-04-23 13:15:00,1181.800048828125,1181.800048828125,1161.199951171875,1164.699951171875,11857
2025-04-24 09:15:00,1171.0,1182.0999755859375,1164.0,1165.4000244140625,14733
2025-04-24 13:15:00,1163.4000244140625,1167.800048828125,1155.0,1161.800048828125,8615
2025-04-25 09:15:00,1165.0,1165.0,1082.300048828125,1103.199951171875,17866
2025-04-25 13:15:00,1103.0,1118.4000244140625,1085.0,1099.0,18420
2025-04-28 09:15:00,1082.5,1143.0,1078.5,1122.4000244140625,13391
2025-04-28 13:15:00,1125.0,1127.5999755859375,1107.0999755859375,1111.4000244140625,4699
2025-04-29 09:15:00,1124.800048828125,1127.0,1090.0,1097.0,7414
2025-04-29 13:15:00,1097.0,1097.0,1078.5999755859375,1085.0,6526
2025-04-30 09:15:00,1072.0,1083.9000244140625,1062.4000244140625,1070.0999755859375,5773
2025-04-30 13:15:00,1070.300048828125,1071.800048828125,1045.5,1052.800048828125,12104
2025-05-02 09:15:00,1052.800048828125,1099.9000244140625,1052.800048828125,1061.5,7038
2025-05-02 13:15:00,1063.9000244140625,1068.9000244140625,1050.0,1055.4000244140625,6573
2025-05-05 09:15:00,1064.9000244140625,1074.9000244140625,1053.0999755859375,1065.9000244140625,6419
2025-05-05 13:15:00,1065.0,1069.9000244140625,1055.0,1061.699951171875,6630
2025-05-06 09:15:00,1064.0,1076.199951171875,1037.9000244140625,1040.300048828125,3261
2025-05-06 13:15:00,1040.0,1040.0,1020.0,1022.5999755859375,7831
2025-05-07 09:15:00,996.0,1018.7000122070312,987.0,1012.0999755859375,11549
2025-05-07 13:15:00,1011.2000122070312,1018.9000244140625,1008.0,1013.2999877929688,6615
2025-05-08 09:15:00,1028.5,1047.199951171875,1017.0999755859375,1035.9000244140625,4340
2025-05-08 13:15:00,1033.0999755859375,1048.5,1010.0,1018.5,9926
2025-05-09 09:15:00,990.9000244140625,1002.2000122070312,980.0999755859375,992.7000122070312,5595
2025-05-09 13:15:00,992.5999755859375,1006.9000244140625,985.0,997.0,8365
2025-05-12 09:15:00,1055.199951171875,1118.800048828125,1026.699951171875,1108.300048828125,16646
2025-05-12 13:15:00,1110.0999755859375,1118.9000244140625,1098.0,1116.0,16955
2025-05-13 09:15:00,1117.9000244140625,1135.0,1100.300048828125,1113.0,19712
2025-05-13 13:15:00,1112.699951171875,1114.300048828125,1089.0,1096.800048828125,10624
2025-05-14 09:15:00,1078.0,1145.0,1078.0,1131.199951171875,19098
2025-05-14 13:15:00,1133.0999755859375,1138.9000244140625,1127.199951171875,1133.4000244140625,6251
2025-05-15 09:15:00,1141.9000244140625,1141.9000244140625,1108.199951171875,1113.0,12714
2025-05-15 13:15:00,1111.5999755859375,1129.199951171875,1110.0,1124.0,8831
2025-05-16 09:15:00,1128.0999755859375,1144.800048828125,1120.0999755859375,1133.800048828125,7555
2025-05-16 13:15:00,1133.800048828125,1140.0,1128.0,1133.699951171875,7270
2025-05-19 09:15:00,1130.0,1215.0,1120.0,1189.699951171875,38235
2025-05-19 13:15:00,1186.5,1192.0,1172.0999755859375,1182.699951171875,9378
2025-05-20 09:15:00,1205.0,1208.5999755859375,1171.800048828125,1180.0,7305
2025-05-20 13:15:00,1181.0999755859375,1195.0,1178.199951171875,1189.199951171875,9952
2025-05-21 09:15:00,1198.699951171875,1198.699951171875,1176.0999755859375,1181.0,9732
2025-05-21 13:15:00,1179.699951171875,1187.0,1176.0,1179.199951171875,6731
2025-05-22 09:15:00,1189.0,1195.0999755859375,1168.0999755859375,1174.4000244140625,6039
2025-05-22 13:15:00,1172.699951171875,1180.300048828125,1165.0,1173.800048828125,7174
2025-05-23 09:15:00,1179.0,1188.0,1160.199951171875,1178.4000244140625,15724
2025-05-23 13:15:00,1178.4000244140625,1185.0,1174.300048828125,1178.0,12172
2025-05-26 09:15:00,1195.0,1195.0,1127.199951171875,1142.0,25493
2025-05-26 13:15:00,1137.699951171875,1141.699951171875,1130.4000244140625,1137.0,12742
2025-05-27 09:15:00,1136.300048828125,1136.800048828125,1111.300048828125,1117.0,7252
2025-05-27 13:15:00,1117.0,1126.9000244140625,1113.0,1113.0,6149
2025-05-28 09:15:00,1116.800048828125,1116.800048828125,1085.0,1087.300048828125,13097
2025-05-28 13:15:00,1087.300048828125,1095.9000244140625,1078.0,1079.199951171875,16911
2025-05-29 09:15:00,1079.0999755859375,1120.0,1079.0999755859375,1105.0,32259
2025-05-29 13:15:00,1105.0,1112.0,1100.5,1107.0,7036
2025-05-30 09:15:00,1111.0,1114.0,1096.0999755859375,1100.5,13046
2025-05-30 13:15:00,1102.0999755859375,1102.5,1085.699951171875,1090.0,8972
2025-06-02 09:15:00,1095.0,1095.0,1065.0,1085.800048828125,7562
2025-06-02 13:15:00,1085.800048828125,1087.0,1075.0,1079.0,8281
2025-06-03 09:15:00,1089.0,1109.0,1085.199951171875,1097.300048828125,8507
2025-06-03 13:15:00,1097.0,1103.9000244140625,1094.0,1096.300048828125,3141
2025-06-04 09:15:00,1090.0,1098.0999755859375,1079.0,1084.0,13070
2025-06-04 13:15:00,1082.300048828125,1088.9000244140625,1075.0,1083.300048828125,4230
2025-06-05 09:15:00,1088.0,1116.9000244140625,1085.5,1102.5,13672
2025-06-05 13:15:00,1102.5,1107.199951171875,1096.0999755859375,1100.699951171875,5000
2025-06-06 09:15:00,1104.800048828125,1108.699951171875,1091.300048828125,1095.5999755859375,14042
2025-06-06 13:15:00,1096.800048828125,1099.4000244140625,1093.699951171875,1096.699951171875,3830
2025-06-09 09:15:00,1090.0,1128.800048828125,1090.0,1117.0999755859375,9314
2025-06-09 13:15:00,1118.5999755859375,1118.5999755859375,1106.300048828125,1106.300048828125,7072
2025-06-10 09:15:00,1121.800048828125,1123.800048828125,1100.0,1103.0999755859375,14311
2025-06-10 13:15:00,1104.5,1105.699951171875,1098.9000244140625,1101.5999755859375,8660
2025-06-11 09:15:00,1110.9000244140625,1117.5999755859375,1101.0999755859375,1110.300048828125,13281
2025-06-11 13:15:00,1109.800048828125,1109.800048828125,1090.300048828125,1097.4000244140625,9452
2025-06-12 09:15:00,1110.199951171875,1124.300048828125,1097.5999755859375,1102.4000244140625,33186
2025-06-12 13:15:00,1102.4000244140625,1104.4000244140625,1075.0999755859375,1078.699951171875,9972
2025-06-13 09:15:00,1058.699951171875,1073.9000244140625,1046.0999755859375,1056.0,19931
2025-06-13 13:15:00,1056.5999755859375,1065.199951171875,1050.0,1055.9000244140625,5294
2025-06-16 09:15:00,1050.0,1062.9000244140625,1027.300048828125,1033.699951171875,10657
2025-06-16 13:15:00,1033.699951171875,1158.4000244140625,1033.0,1146.0,156062
2025-06-17 09:15:00,1141.9000244140625,1158.199951171875,1107.699951171875,1118.5999755859375,59454
2025-06-17 13:15:00,1118.4000244140625,1121.0,1108.0,1108.0,14288
2025-06-18 09:15:00,1116.0,1129.9000244140625,1106.4000244140625,1114.0,25807
2025-06-18 13:15:00,1112.699951171875,1117.9000244140625,1106.0,1115.0,8626
2025-06-19 09:15:00,1102.5999755859375,1119.800048828125,1078.0,1081.0999755859375,13886
2025-06-19 13:15:00,1084.300048828125,1084.9000244140625,1069.0,1074.0,32728
2025-06-20 09:15:00,1082.5999755859375,1098.699951171875,1060.5999755859375,1074.800048828125,7130
2025-06-20 13:15:00,1073.5999755859375,1085.0,1070.0999755859375,1078.199951171875,7310
2025-06-23 09:15:00,1075.5,1076.9000244140625,1058.0999755859375,1066.199951171875,7650
2025-06-23 13:15:00,1068.5999755859375,1073.0,1062.0,1065.0999755859375,10383
2025-06-24 09:15:00,1071.0999755859375,1099.9000244140625,1071.0999755859375,1084.0999755859375,13302
2025-06-24 13:15:00,1084.300048828125,1084.800048828125,1066.0,1067.0,8018
2025-06-25 09:15:00,1083.0,1087.4000244140625,1075.199951171875,1077.800048828125,13442
2025-06-25 13:15:00,1079.699951171875,1091.0,1076.300048828125,1082.199951171875,10187
2025-06-26 09:15:00,1093.0,1095.9000244140625,1079.800048828125,1084.699951171875,4311
2025-06-26 13:15:00,1084.699951171875,1084.699951171875,1076.5,1080.800048828125,2837
2025-06-27 09:15:00,1091.5,1108.9000244140625,1080.800048828125,1090.9000244140625,16663
2025-06-27 13:15:00,1090.300048828125,1093.9000244140625,1084.800048828125,1084.9000244140625,6736
2025-06-30 09:15:00,1094.0,1114.4000244140625,1087.5999755859375,1089.5999755859375,11494
2025-06-30 13:15:00,1089.0999755859375,1091.4000244140625,1079.0,1082.0,4744
2025-07-01 09:15:00,1085.0,1100.0,1062.4000244140625,1066.0999755859375,19715
2025-07-01 13:15:00,1066.199951171875,1070.9000244140625,1065.0,1067.4000244140625,7146
2025-07-02 09:15:00,1077.0,1085.0999755859375,1062.5,1068.0,10369
2025-07-02 13:15:00,1068.0,1068.5,1060.0,1063.800048828125,6553
2025-07-03 09:15:00,1063.800048828125,1075.5,1060.0999755859375,1068.199951171875,15618
2025-07-03 13:15:00,1068.199951171875,1068.699951171875,1051.5999755859375,1057.699951171875,8896
2025-07-04 09:15:00,1066.5999755859375,1068.5,1054.5999755859375,1058.199951171875,7120
2025-07-04 13:15:00,1058.199951171875,1062.300048828125,1052.0,1056.199951171875,6387
2025-07-07 09:15:00,1055.0,1064.800048828125,1050.0999755859375,1053.4000244140625,4593
2025-07-07 13:15:00,1053.5999755859375,1054.5999755859375,1045.5,1048.0999755859375,7374
2025-07-08 09:15:00,1049.0,1067.9000244140625,1045.0,1056.300048828125,9934
2025-07-08 13:15:00,1058.4000244140625,1059.4000244140625,1048.0999755859375,1053.0,6198
2025-07-09 09:15:00,1051.0,1067.5,1046.5,1049.4000244140625,8742
2025-07-09 13:15:00,1050.800048828125,1063.199951171875,1047.0,1059.0,7013
2025-07-10 09:15:00,1067.0,1078.9000244140625,1060.800048828125,1072.0,7848
2025-07-10 13:15:00,1072.0999755859375,1082.0,1070.0,1076.0,10686
2025-07-11 09:15:00,1074.9000244140625,1076.199951171875,1055.0999755859375,1061.0,21586
2025-07-11 13:15:00,1060.9000244140625,1064.699951171875,1055.199951171875,1056.199951171875,5598
2025-07-14 09:15:00,1067.0,1068.5,1029.300048828125,1054.5,24340
2025-07-14 13:15:00,1055.0,1108.0,1052.0,1069.4000244140625,70521
2025-07-15 09:15:00,1070.0,1094.9000244140625,1057.199951171875,1082.0,27576
2025-07-15 13:15:00,1081.699951171875,1086.9000244140625,1067.0,1074.199951171875,7549
2025-07-16 09:15:00,1076.300048828125,1082.4000244140625,1061.0999755859375,1068.5,4862
2025-07-16 13:15:00,1069.199951171875,1070.699951171875,1057.800048828125,1061.0,10665
2025-07-17 09:15:00,1057.0999755859375,1077.699951171875,1055.4000244140625,1056.0,5748
2025-07-17 13:15:00,1057.0999755859375,1064.4000244140625,1056.0,1059.800048828125,6066
2025-07-18 09:15:00,1069.699951171875,1069.699951171875,1047.0,1049.5,9368
2025-07-18 13:15:00,1048.699951171875,1051.800048828125,1044.5,1048.300048828125,6363
2025-07-21 09:15:00,1048.300048828125,1062.5999755859375,1035.0,1040.5,15896
2025-07-21 13:15:00,1039.4000244140625,1043.199951171875,1035.0,1038.5,6400
2025-07-22 09:15:00,1035.0,1055.5,1035.0,1048.5,4859
2025-07-22 13:15:00,1048.0,1050.0,1035.0,1039.4000244140625,3858
2025-07-23 09:15:00,1049.800048828125,1049.800048828125,1034.0,1036.800048828125,8020
2025-07-23 13:15:00,1035.0,1041.5999755859375,1033.0,1037.5999755859375,5719
2025-07-24 09:15:00,1052.0,1087.0999755859375,1043.0,1045.699951171875,28378
2025-07-24 13:15:00,1044.0,1057.800048828125,1041.4000244140625,1055.9000244140625,10079
2025-07-25 09:15:00,1048.0999755859375,1049.699951171875,1030.0,1032.5,10625
2025-07-25 13:15:00,1032.300048828125,1033.4000244140625,1025.0,1028.4000244140625,4577
2025-07-28 09:15:00,1027.0,1041.0,1021.0999755859375,1021.2000122070312,7630
2025-07-28 13:15:00,1024.0,1024.0999755859375,1001.2000122070312,1012.0,8253
2025-07-29 09:15:00,1006.0,1030.0,1000.0,1025.800048828125,8065
2025-07-29 13:15:00,1025.699951171875,1054.199951171875,1025.699951171875,1041.5999755859375,9361
2025-07-30 09:15:00,1031.199951171875,1042.699951171875,1018.4000244140625,1034.800048828125,9500
2025-07-30 13:15:00,1033.699951171875,1040.4000244140625,1024.0,1027.0999755859375,4468
2025-07-31 09:15:00,1005.0,1019.2000122070312,1000.9000244140625,1009.0,12331
2025-07-31 13:15:00,1009.5999755859375,1011.2000122070312,995.0999755859375,1001.0,16676
2025-08-01 09:15:00,1000.5,1008.5499877929688,991.25,996.75,7947
2025-08-01 13:15:00,996.75,1009.0,980.0,1004.0,11273
2025-08-04 09:15:00,997.75,1005.9500122070312,989.5,1004.0,1776
2025-08-04 13:15:00,1005.2999877929688,1005.2999877929688,994.7999877929688,997.7999877929688,2968
2025-08-05 09:15:00,988.1500244140625,1009.0,988.1500244140625,1002.0,6279
2025-08-05 13:15:00,1002.0,1002.5499877929688,994.0,994.0,3130
2025-08-06 09:15:00,985.9500122070312,993.9500122070312,980.0,982.5999755859375,8440
2025-08-06 13:15:00,982.5999755859375,984.2999877929688,980.0,981.0,3061
2025-08-07 09:15:00,977.0,991.9500122070312,966.0499877929688,976.0999755859375,6945
2025-08-07 13:15:00,975.0,985.8499755859375,970.8499755859375,985.5999755859375,7422
2025-08-08 09:15:00,975.5,1017.2999877929688,975.5,1005.75,9230
2025-08-08 13:15:00,1004.8499755859375,1005.9500122070312,990.0,995.9500122070312,3604
2025-08-11 09:15:00,991.6500244140625,991.6500244140625,972.2999877929688,981.5999755859375,5849
2025-08-11 13:15:00,981.6500244140625,997.0,980.0,990.0,4393
2025-08-12 09:15:00,980.0,998.5499877929688,980.0,993.75,5463
2025-08-12 13:15:00,991.7999877929688,998.5,988.1500244140625,993.9000244140625,2353
2025-08-13 09:15:00,995.4000244140625,1031.0,993.9000244140625,1008.0499877929688,13351
2025-08-13 13:15:00,1012.0999755859375,1062.0,1005.0499877929688,1056.0,20489
2025-08-14 09:15:00,1019.8499755859375,1021.9500122070312,985.0,991.9000244140625,41270
2025-08-14 13:15:00,989.75,994.9000244140625,980.0,984.2000122070312,12351
2025-08-18 09:15:00,1003.9000244140625,1003.9000244140625,979.9500122070312,981.5,10832
2025-08-18 13:15:00,984.5999755859375,987.75,965.0,968.3499755859375,15110
2025-08-19 09:15:00,969.25,999.0,968.4000244140625,977.7000122070312,14686
2025-08-19 13:15:00,977.7999877929688,980.0,974.0,975.0,5155
2025-08-20 09:15:00,967.0,980.4500122070312,967.0,971.5499877929688,9192
2025-08-20 13:15:00,974.0999755859375,1000.0,970.0,980.0,34407
2025-08-21 09:15:00,983.2000122070312,1049.0,983.0,1004.9500122070312,54176
2025-08-21 13:15:00,1004.7999877929688,1004.7999877929688,981.5999755859375,986.5499877929688,11724
2025-08-22 09:15:00,985.7000122070312,1013.9500122070312,985.7000122070312,999.9000244140625,8738
2025-08-22 13:15:00,1001.0999755859375,1005.4500122070312,999.9000244140625,1001.4500122070312,9837
2025-08-25 09:15:00,1006.0999755859375,1012.9000244140625,996.0,1009.7999877929688,8411
2025-08-25 13:15:00,1009.7000122070312,1014.8499755859375,1000.0,1003.5499877929688,9001
2025-08-26 09:15:00,1003.3499755859375,1003.3499755859375,985.0499877929688,994.4500122070312,7479
2025-08-26 13:15:00,994.5,994.9500122070312,986.0,987.0,7321
2025-08-28 09:15:00,987.2000122070312,1002.0,980.4000244140625,995.0499877929688,4657
2025-08-28 13:15:00,995.0,999.0499877929688,990.9500122070312,992.0,5473
2025-08-29 09:15:00,996.7999877929688,998.9500122070312,987.5999755859375,991.9000244140625,3948
2025-08-29 13:15:00,991.9000244140625,992.3499755859375,980.0499877929688,984.5499877929688,1639
2025-09-01 09:15:00,984.5499877929688,996.0,973.25,979.5999755859375,5566
2025-09-01 13:15:00,979.5,984.0,975.0,984.0,6193
2025-09-02 09:15:00,978.75,990.0,977.25,983.0,4739
2025-09-02 13:15:00,980.7000122070312,982.5499877929688,965.0,968.5,12129
2025-09-03 09:15:00,979.0,993.0,965.0499877929688,986.7999877929688,10338
2025-09-03 13:15:00,986.7999877929688,1006.5499877929688,973.0,978.0,26930
2025-09-04 09:15:00,981.0,990.1500244140625,975.0499877929688,975.0999755859375,7641
2025-09-04 13:15:00,975.1500244140625,980.0,970.0,973.1500244140625,2647
2025-09-05 09:15:00,970.0,980.4500122070312,961.5499877929688,965.5499877929688,12671
2025-09-05 13:15:00,964.4500122070312,979.4500122070312,963.0499877929688,970.6500244140625,8646
2025-09-08 09:15:00,971.0,981.0,966.0999755859375,974.0999755859375,3949
2025-09-08 13:15:00,974.0999755859375,979.75,965.25,967.4500122070312,5042
2025-09-09 09:15:00,974.8499755859375,990.5,962.7999877929688,966.2000122070312,13943
2025-09-09 13:15:00,966.1500244140625,968.4500122070312,960.5999755859375,963.3499755859375,5657
2025-09-10 09:15:00,977.0,984.9500122070312,971.0,977.5999755859375,5846
2025-09-10 13:15:00,975.9000244140625,977.5999755859375,972.2000122070312,975.0999755859375,3153
2025-09-11 09:15:00,981.4000244140625,987.4000244140625,971.0999755859375,974.25,8690
2025-09-11 13:15:00,974.0,974.2000122070312,967.0,968.4500122070312,4419
2025-09-12 09:15:00,974.7999877929688,976.8499755859375,968.0,970.2999877929688,6369
2025-09-12 13:15:00,969.9000244140625,971.2999877929688,963.8499755859375,966.9500122070312,5887
2025-09-15 09:15:00,965.3499755859375,974.25,964.0499877929688,970.5499877929688,3061
2025-09-15 13:15:00,972.4000244140625,972.4000244140625,965.0,968.5999755859375,2987
2025-09-16 09:15:00,966.3499755859375,978.4000244140625,966.3499755859375,968.5,3829
2025-09-16 13:15:00,969.9500122070312,972.0,968.0499877929688,972.0,2107
2025-09-17 09:15:00,977.8499755859375,995.8499755859375,972.4000244140625,988.5499877929688,16685
2025-09-17 13:15:00,990.0,993.0,982.4500122070312,982.5999755859375,5683
2025-09-18 09:15:00,990.0,993.9000244140625,982.5,984.9500122070312,5837
2025-09-18 13:15:00,983.5499877929688,989.9000244140625,982.0,987.5499877929688,5264
2025-09-19 09:15:00,992.0,992.0,975.5999755859375,979.0499877929688,3467
2025-09-19 13:15:00,979.0499877929688,980.5499877929688,975.2999877929688,979.5,5977
2025-09-22 09:15:00,983.7999877929688,983.7999877929688,963.5,966.9500122070312,6823
2025-09-22 13:15:00,965.25,972.5,963.0,966.2000122070312,7782
2025-09-23 09:15:00,964.0499877929688,969.9500122070312,957.2000122070312,957.5499877929688,5735
2025-09-23 13:15:00,957.0,959.7000122070312,948.0,950.0,13818
2025-09-24 09:15:00,956.0999755859375,957.0,928.0,935.4000244140625,14681
2025-09-24 13:15:00,935.0,936.5999755859375,930.0,930.75,7386
2025-09-25 09:15:00,938.0,948.9500122070312,919.0,922.0,8232
2025-09-25 13:15:00,922.0,922.2999877929688,880.0,886.5,62405
2025-09-26 09:15:00,886.25,886.2999877929688,851.7000122070312,855.2999877929688,19188
2025-09-26 13:15:00,855.2999877929688,860.0,842.5499877929688,849.1500244140625,17729
2025-09-29 09:15:00,848.0,855.0,833.25,836.2999877929688,11831
2025-09-29 13:15:00,836.3499755859375,840.7999877929688,830.4000244140625,832.2000122070312,8634
2025-09-30 09:15:00,820.5499877929688,867.9500122070312,820.5499877929688,857.9000244140625,13063
2025-09-30 13:15:00,856.5,865.0999755859375,850.4500122070312,859.9500122070312,12091
2025-10-01 09:15:00,874.0,1022.75,870.0499877929688,1003.0,1390181
2025-10-01 13:15:00,1003.0,1031.9000244140625,980.0,1011.25,754227
2025-10-03 09:15:00,1050.0,1069.0,1012.5499877929688,1036.800048828125,183008
2025-10-03 13:15:00,1036.050048828125,1042.949951171875,1017.0499877929688,1031.75,107927
2025-10-06 09:15:00,1030.0,1032.4000244140625,985.0499877929688,990.7999877929688,26655
2025-10-06 13:15:00,990.0,992.8499755859375,977.1500244140625,982.7999877929688,23159
2025-10-07 09:15:00,983.0,1022.4000244140625,975.75,977.4500122070312,27680
2025-10-07 13:15:00,977.4000244140625,991.5499877929688,960.5499877929688,965.6500244140625,33001
2025-10-08 09:15:00,967.0,970.7000122070312,950.0499877929688,958.75,14066
2025-10-08 13:15:00,957.3499755859375,987.5,950.5,962.1500244140625,27702
2025-10-09 09:15:00,958.0,963.2999877929688,945.9000244140625,951.7999877929688,8365
2025-10-09 13:15:00,954.5499877929688,958.4000244140625,945.0499877929688,948.5499877929688,15074
2025-10-10 09:15:00,949.9500122070312,974.9000244140625,947.0,954.7000122070312,12660
2025-10-10 13:15:00,954.7000122070312,957.4500122070312,948.5999755859375,951.0999755859375,9421
2025-10-13 09:15:00,950.0,950.0,929.0,934.4500122070312,8015
2025-10-13 13:15:00,934.5,949.9000244140625,934.5,946.9000244140625,4942
2025-10-14 09:15:00,939.8499755859375,947.4000244140625,922.7000122070312,926.4000244140625,6665
2025-10-14 13:15:00,927.0,928.4000244140625,913.2000122070312,918.9500122070312,9663
2025-10-15 09:15:00,919.0,954.0,919.0,946.7000122070312,13982
2025-10-15 13:15:00,947.0999755859375,949.0,932.5,936.2000122070312,9416
2025-10-16 09:15:00,943.6500244140625,944.2999877929688,926.5999755859375,938.5499877929688,5217
2025-10-16 13:15:00,938.5499877929688,941.5499877929688,932.2000122070312,940.0499877929688,7161
2025-10-17 09:15:00,930.0,940.0,927.0499877929688,928.0,4385
2025-10-17 13:15:00,928.0499877929688,930.0,915.0,917.5,18325
2025-10-20 09:15:00,923.0,932.9500122070312,907.5999755859375,915.0499877929688,7170
2025-10-20 13:15:00,915.0,918.5999755859375,909.0499877929688,918.0,7529
2025-10-21 13:15:00,932.0,940.0,918.0499877929688,936.25,10644
2025-10-23 09:15:00,952.0,952.0,932.0499877929688,937.7000122070312,6056
2025-10-23 13:15:00,937.5999755859375,942.2999877929688,930.0,934.25,6953
2025-10-24 09:15:00,942.7000122070312,948.0,916.0,922.7000122070312,11468
2025-10-24 13:15:00,922.4000244140625,927.5999755859375,918.4500122070312,922.1500244140625,6184
2025-10-27 09:15:00,920.0,930.25,915.1500244140625,921.5499877929688,4517
2025-10-27 13:15:00,921.5999755859375,929.0,921.5,924.4500122070312,3683
2025-10-28 09:15:00,925.8499755859375,938.0,922.3499755859375,925.75,5071
2025-10-28 13:15:00,925.8499755859375,928.9500122070312,923.5,925.9500122070312,4656
2025-10-29 09:15:00,931.7999877929688,932.0,919.0,928.9500122070312,3566
2025-10-29 13:15:00,928.25,945.25,927.5,937.25,5049
2025-10-30 09:15:00,934.4000244140625,938.9500122070312,922.4000244140625,924.3499755859375,3502
2025-10-30 13:15:00,925.5,932.2000122070312,921.5999755859375,924.9500122070312,5562
2025-10-31 09:15:00,928.5999755859375,929.25,921.4000244140625,924.2000122070312,1675
2025-10-31 13:15:00,924.0,928.0,917.2999877929688,920.0,7181
2025-11-03 09:15:00,922.0,931.9500122070312,912.0,915.75,5492
2025-11-03 13:15:00,913.0499877929688,917.4000244140625,912.2000122070312,912.2000122070312,3105
2025-11-04 09:15:00,917.75,921.9500122070312,910.0999755859375,915.4500122070312,1885
2025-11-04 13:15:00,916.0999755859375,916.0999755859375,909.4000244140625,911.0999755859375,6917
2025-11-06 09:15:00,911.3499755859375,914.5999755859375,885.0999755859375,891.9500122070312,8645
2025-11-06 13:15:00,892.5,894.9000244140625,885.0999755859375,894.9000244140625,4524
2025-11-07 09:15:00,890.0499877929688,890.0499877929688,870.0499877929688,874.5,5268
2025-11-07 13:15:00,875.9500122070312,880.0,871.8499755859375,874.5499877929688,8189
2025-11-10 09:15:00,874.4500122070312,929.0,871.0499877929688,892.1500244140625,19925
2025-11-10 13:15:00,891.3499755859375,894.1500244140625,880.0,883.25,5274
2025-11-11 09:15:00,885.9000244140625,892.3499755859375,880.2999877929688,884.2999877929688,3815
2025-11-11 13:15:00,880.0,887.25,879.6500244140625,883.5499877929688,5271
2025-11-12 09:15:00,892.4000244140625,918.2999877929688,886.5,904.5,6867
2025-11-12 13:15:00,904.0,925.0,903.0999755859375,921.0499877929688,12891
2025-11-13 09:15:00,926.0,994.3499755859375,922.0,972.0999755859375,76504
2025-11-13 13:15:00,970.3499755859375,985.0,963.0499877929688,968.5999755859375,18639
2025-11-14 09:15:00,971.2999877929688,979.8499755859375,946.4500122070312,950.0,7307
2025-11-14 13:15:00,950.0,955.0,940.0,950.0,8183
2025-11-17 09:15:00,995.9500122070312,1014.0,975.0,997.5999755859375,59701
2025-11-17 13:15:00,996.7999877929688,1010.0,991.0999755859375,1000.0,22886
2025-11-18 09:15:00,999.25,1002.75,978.0,987.5499877929688,9639
2025-11-18 13:15:00,987.3499755859375,997.9500122070312,977.0,978.0,8219
2025-11-19 09:15:00,984.0,984.0,967.0,972.6500244140625,6055
2025-11-19 13:15:00,972.75,973.7999877929688,968.1500244140625,971.75,5199
2025-11-20 09:15:00,970.0499877929688,977.4500122070312,957.1500244140625,958.0999755859375,7227
2025-11-20 13:15:00,958.9000244140625,960.4500122070312,950.5499877929688,954.9500122070312,8083
2025-11-21 09:15:00,955.0,960.0,944.5499877929688,958.7999877929688,6494
2025-11-21 13:15:00,958.4000244140625,962.5,950.0,951.7999877929688,7333
2025-11-24 09:15:00,951.0,952.6500244140625,922.0,924.1500244140625,6162
2025-11-24 13:15:00,923.2000122070312,924.9000244140625,910.0,916.9500122070312,6606
2025-11-25 09:15:00,924.0,960.0,924.0,934.7999877929688,5069
2025-11-25 13:15:00,935.0499877929688,937.75,920.0,924.9000244140625,4573
2025-11-26 09:15:00,922.0499877929688,953.7999877929688,922.0499877929688,943.2000122070312,3270
2025-11-26 13:15:00,944.9000244140625,944.9000244140625,930.0,930.0499877929688,3016
2025-11-27 09:15:00,936.25,946.4000244140625,925.0,930.2000122070312,6306
2025-11-27 13:15:00,930.2000122070312,931.0,911.5499877929688,920.7999877929688,17973
2025-11-28 09:15:00,921.0,938.9000244140625,916.0499877929688,918.0499877929688,4495
2025-11-28 13:15:00,918.7999877929688,922.0499877929688,910.0,911.0999755859375,4863
2025-12-01 09:15:00,916.2999877929688,925.0,911.0499877929688,913.75,3524
2025-12-01 13:15:00,915.7000122070312,918.4500122070312,910.0,913.5,3624
2025-12-02 09:15:00,916.0,919.4500122070312,906.5499877929688,912.0999755859375,1894
2025-12-02 13:15:00,912.0,915.0,900.0,902.7999877929688,5943
2025-12-03 09:15:00,903.7000122070312,923.9000244140625,895.7000122070312,908.0,12361
2025-12-03 13:15:00,907.5,922.9000244140625,900.5,908.4500122070312,6456
2025-12-04 09:15:00,926.0,932.9000244140625,904.4000244140625,911.4000244140625,6046
2025-12-04 13:15:00,911.8499755859375,913.6500244140625,900.0,904.0499877929688,4624
2025-12-05 09:15:00,907.0999755859375,907.0999755859375,893.75,899.0,4561
2025-12-05 13:15:00,900.2000122070312,907.0,892.0,895.9000244140625,6242
2025-12-08 09:15:00,884.0,897.5,868.7000122070312,871.0,8515
2025-12-08 13:15:00,870.7999877929688,870.7999877929688,851.0999755859375,860.0,18256
2025-12-09 09:15:00,854.25,872.8499755859375,840.9000244140625,866.7000122070312,20266
2025-12-09 13:15:00,868.9500122070312,877.3499755859375,858.8499755859375,869.5,4597
2025-12-10 09:15:00,869.5,895.4000244140625,869.5,875.0,3205
2025-12-10 13:15:00,875.0,875.0,862.1500244140625,870.0,4243
2025-12-11 09:15:00,862.0,874.0,858.0,865.1500244140625,3872
2025-12-11 13:15:00,865.1500244140625,872.4500122070312,859.5999755859375,863.5999755859375,5076
2025-12-12 09:15:00,891.0,988.7999877929688,878.0,984.3499755859375,4089470
2025-12-12 13:15:00,985.9000244140625,998.0999755859375,965.4000244140625,978.7999877929688,3807506
2025-12-15 09:15:00,969.0,1026.5999755859375,952.4500122070312,1009.0999755859375,760641
2025-12-15 13:15:00,1009.8499755859375,1014.7999877929688,985.0,992.9000244140625,351299
2025-12-16 09:15:00,984.0,1001.7000122070312,971.8499755859375,977.4500122070312,45410
2025-12-16 13:15:00,978.5,1005.5999755859375,977.25,991.8499755859375,98826
2025-12-17 09:15:00,994.0,995.5499877929688,969.5499877929688,973.0,28566
2025-12-17 13:15:00,972.9000244140625,982.0,956.0,982.0,29988
2025-12-18 09:15:00,968.3499755859375,976.2999877929688,936.9000244140625,956.0,65823
2025-12-18 13:15:00,956.0,970.0,948.6500244140625,955.6500244140625,24908
2025-12-19 09:15:00,955.6500244140625,958.4000244140625,941.5999755859375,944.8499755859375,5541
2025-12-19 13:15:00,944.5,973.9500122070312,943.7999877929688,965.0,16198
2025-12-22 09:15:00,971.75,989.2000122070312,964.5,981.9000244140625,17726
2025-12-22 13:15:00,980.75,980.75,972.4500122070312,979.0,13428
2025-12-23 09:15:00,977.5,988.0,969.5999755859375,974.8499755859375,8457
2025-12-23 13:15:00,974.5,980.0,969.0,973.2000122070312,8333
2025-12-24 09:15:00,977.2999877929688,979.5,961.2999877929688,962.0499877929688,14085
2025-12-24 13:15:00,963.0499877929688,964.2999877929688,952.5,961.5,8195
2025-12-26 09:15:00,960.0,960.0,945.0,946.6500244140625,11889
2025-12-26 13:15:00,946.9000244140625,948.2999877929688,937.0,941.9500122070312,10437
2025-12-29 09:15:00,939.1500244140625,952.9000244140625,925.4500122070312,929.9500122070312,8673
2025-12-29 13:15:00,929.9000244140625,931.7000122070312,925.2999877929688,930.0,6345
2025-12-30 09:15:00,929.0,933.0,908.75,917.5499877929688,8370
2025-12-30 13:15:00,918.5999755859375,922.25,908.0,916.0,9184
2025-12-31 09:15:00,976.6500244140625,1084.6500244140625,976.6500244140625,1031.5999755859375,2348992
2025-12-31 13:15:00,1031.199951171875,1046.800048828125,1005.0,1017.1500244140625,507428
2026-01-01 09:15:00,1030.0,1066.699951171875,988.0,995.5,79821
2026-01-01 13:15:00,995.0,1034.800048828125,993.2000122070312,1001.0999755859375,120466
2026-01-02 09:15:00,1006.2000122070312,1012.9000244140625,992.7000122070312,1004.0,26284
2026-01-02 13:15:00,1003.0999755859375,1010.5999755859375,996.0,1004.9000244140625,28001
2026-01-05 09:15:00,1001.0,1003.5999755859375,980.0,981.5999755859375,10571
2026-01-05 13:15:00,980.5,982.5,971.0999755859375,974.4000244140625,23326
2026-01-06 09:15:00,990.5999755859375,990.5999755859375,956.0,961.5999755859375,17488
2026-01-06 13:15:00,961.5,967.0999755859375,956.0999755859375,962.2999877929688,17606
2026-01-07 09:15:00,981.0,1054.0,975.2999877929688,1022.0,341957
2026-01-07 13:15:00,1022.7000122070312,1048.800048828125,1018.0,1040.199951171875,134545
2026-01-08 09:15:00,1030.0,1032.9000244140625,1012.2999877929688,1020.2000122070312,19718
2026-01-08 13:15:00,1018.7999877929688,1026.199951171875,1010.0,1013.7999877929688,23102
2026-01-09 09:15:00,1015.0,1049.0,1002.7000122070312,1013.0,22436
2026-01-09 13:15:00,1012.7000122070312,1039.699951171875,1008.4000244140625,1036.9000244140625,29261
2026-01-12 09:15:00,1038.0,1038.0,995.0,1011.0999755859375,15630
2026-01-12 13:15:00,1012.0999755859375,1025.0,1007.5,1013.9000244140625,16151
2026-01-13 09:15:00,1025.199951171875,1033.0,1010.2000122070312,1011.2999877929688,10858
2026-01-13 13:15:00,1011.7999877929688,1025.800048828125,1010.0,1019.0,15240
2026-01-14 09:15:00,1020.0,1020.0,1001.2000122070312,1013.7999877929688,8217
2026-01-14 13:15:00,1014.9000244140625,1014.9000244140625,1004.9000244140625,1007.5,3429
2026-01-16 09:15:00,1018.7999877929688,1028.199951171875,1009.7999877929688,1011.7999877929688,9591
2026-01-16 13:15:00,1008.0,1019.9000244140625,1004.0,1011.2000122070312,12919
2026-01-19 09:15:00,1005.0,1011.2000122070312,988.0,1000.7000122070312,8530
2026-01-19 13:15:00,1001.2000122070312,1005.2000122070312,995.2999877929688,998.7999877929688,7322
2026-01-20 09:15:00,998.7999877929688,1000.9000244140625,971.2000122070312,973.7000122070312,15335
2026-01-20 13:15:00,972.7999877929688,976.0,965.0999755859375,969.0,11945
2026-01-21 09:15:00,975.0,979.0,945.0,964.0999755859375,19481
2026-01-21 13:15:00,964.7999877929688,971.0,947.4000244140625,969.0999755859375,13358
2026-01-22 09:15:00,978.0999755859375,988.2999877929688,945.2000122070312,954.5,9313
2026-01-22 13:15:00,954.5,968.0,951.5999755859375,958.7000122070312,7874
2026-01-23 09:15:00,964.9000244140625,964.9000244140625,932.7000122070312,934.0,9768
2026-01-23 13:15:00,934.0,946.9000244140625,922.0,928.0,13473
2026-01-27 09:15:00,933.5,940.0,906.4000244140625,912.7999877929688,6888
2026-01-27 13:15:00,911.0999755859375,935.0,907.5,920.7000122070312,6736
2026-01-28 09:15:00,920.5,932.4000244140625,910.0,929.2000122070312,22026
2026-01-28 13:15:00,930.7999877929688,944.5,928.2999877929688,938.7999877929688,8411
2026-01-29 09:15:00,938.7999877929688,938.7999877929688,912.0,919.2999877929688,6646
2026-01-29 13:15:00,919.2000122070312,919.5,910.0,913.0999755859375,7633
2026-01-30 09:15:00,915.0999755859375,937.9000244140625,902.0,916.9000244140625,12082
2026-01-30 13:15:00,918.7999877929688,924.0,910.0999755859375,915.0999755859375,6261
2026-02-03 09:15:00,980.0,980.0,946.4000244140625,955.6500244140625,20430
2026-02-03 13:15:00,957.0999755859375,968.0499877929688,954.0499877929688,961.4000244140625,6113
2026-02-04 09:15:00,960.6500244140625,966.7000122070312,939.4500122070312,946.5999755859375,7591
2026-02-04 13:15:00,946.5999755859375,949.5,939.9000244140625,947.4500122070312,7108
2026-02-05 09:15:00,950.0,988.75,931.7999877929688,957.25,31796
2026-02-05 13:15:00,956.9000244140625,968.9500122070312,955.7000122070312,963.0,7881
2026-02-06 09:15:00,964.9500122070312,964.9500122070312,932.0999755859375,936.5,19824
2026-02-06 13:15:00,937.2000122070312,943.9500122070312,935.0,939.2000122070312,5421
2026-02-09 09:15:00,944.2999877929688,958.0,938.0,956.2999877929688,3385
2026-02-09 13:15:00,955.5499877929688,961.3499755859375,942.2000122070312,945.0499877929688,8506
2026-02-10 09:15:00,950.0,975.0,950.0,967.2999877929688,8768
2026-02-10 13:15:00,967.2999877929688,971.5999755859375,960.0,960.0,4180
2026-02-11 09:15:00,975.0,975.0999755859375,953.1500244140625,966.1500244140625,3692
2026-02-11 13:15:00,966.1500244140625,971.0,961.0999755859375,966.3499755859375,4783
2026-02-12 09:15:00,968.0,968.0,943.2999877929688,951.5,6655
2026-02-12 13:15:00,952.0,955.9000244140625,942.0,947.9000244140625,5814
2026-02-13 09:15:00,944.0,952.0,920.0,948.4000244140625,10717
2026-02-13 13:15:00,952.6500244140625,974.9000244140625,950.75,964.4000244140625,18725
2026-02-16 09:15:00,956.0,970.0,944.9000244140625,952.8499755859375,7843
2026-02-16 13:15:00,952.8499755859375,963.7999877929688,945.2999877929688,955.7999877929688,8736
2026-02-17 09:15:00,952.0499877929688,999.0,952.0499877929688,963.9000244140625,12873
2026-02-17 13:15:00,965.3499755859375,971.9500122070312,955.0,963.5,7058
2026-02-18 09:15:00,954.5,1009.0,952.0,983.9000244140625,63673
2026-02-18 13:15:00,982.3499755859375,984.1500244140625,965.1500244140625,978.6500244140625,18377
2026-02-19 09:15:00,980.0,997.5,969.0999755859375,974.6500244140625,11495
2026-02-19 13:15:00,975.0999755859375,975.0999755859375,960.0,967.0499877929688,8313
2026-02-20 09:15:00,960.4000244140625,967.0999755859375,943.0,947.3499755859375,6505
2026-02-20 13:15:00,947.2000122070312,954.5999755859375,943.0,946.4500122070312,10506
2026-02-23 09:15:00,947.4000244140625,954.4500122070312,936.3499755859375,944.0,10772
2026-02-23 13:15:00,941.0999755859375,948.0999755859375,941.0999755859375,948.0999755859375,6430
2026-02-24 09:15:00,946.0,953.4000244140625,930.4000244140625,936.5499877929688,3001
2026-02-24 13:15:00,935.0,938.7999877929688,920.0,931.2999877929688,11696
2026-02-25 09:15:00,933.5999755859375,937.9500122070312,910.0999755859375,911.6500244140625,10532
2026-02-25 13:15:00,912.0,925.0,911.4000244140625,924.9500122070312,9087
2026-02-26 09:15:00,916.4000244140625,930.0,910.0,915.0,6021
2026-02-26 13:15:00,916.1500244140625,955.0,915.0,947.9000244140625,48748
2026-02-27 09:15:00,945.0,945.0,921.8499755859375,926.75,5970
2026-02-27 13:15:00,928.9000244140625,934.75,927.0,930.0,5198
2026-03-02 09:15:00,878.3499755859375,912.4000244140625,878.3499755859375,884.9500122070312,12608
2026-03-02 13:15:00,887.5499877929688,909.9500122070312,884.0,902.0,13939
2026-03-04 09:15:00,885.0,891.25,861.0499877929688,867.7000122070312,12080
2026-03-04 13:15:00,867.5499877929688,870.0999755859375,861.1500244140625,866.0,7628
2026-03-05 09:15:00,884.0,886.5499877929688,865.0,873.4000244140625,8154
2026-03-05 13:15:00,872.2000122070312,880.0,867.5999755859375,876.0999755859375,10073
2026-03-06 09:15:00,875.7000122070312,889.75,874.0,883.0,7125
2026-03-06 13:15:00,883.9000244140625,889.9000244140625,879.0499877929688,883.2000122070312,8197
2026-03-09 09:15:00,883.2000122070312,884.5,859.0999755859375,876.2000122070312,8631
2026-03-09 13:15:00,875.4500122070312,967.9500122070312,875.0499877929688,891.3499755859375,70191
2026-03-10 09:15:00,909.2000122070312,923.9500122070312,891.0,902.8499755859375,10581
2026-03-10 13:15:00,904.0,917.1500244140625,902.25,912.5499877929688,8188
2026-03-11 09:15:00,923.2999877929688,923.2999877929688,910.0,914.5,3322
2026-03-11 13:15:00,914.8499755859375,916.7000122070312,905.0,905.0,7723
2026-03-12 09:15:00,909.9000244140625,940.0,887.4000244140625,925.4000244140625,13937
2026-03-12 13:15:00,924.7999877929688,932.0,901.0499877929688,907.5999755859375,25701
2026-03-13 09:15:00,901.9500122070312,909.7999877929688,895.0,902.4500122070312,9510
2026-03-13 13:15:00,901.0,910.0,891.25,897.2999877929688,8626
2026-03-16 09:15:00,898.0,899.2000122070312,873.0,878.9500122070312,6552
2026-03-16 13:15:00,878.0,892.2000122070312,865.5,880.0,9560
2026-03-17 09:15:00,881.2999877929688,896.2000122070312,879.0,887.8499755859375,3523
2026-03-17 13:15:00,887.0499877929688,901.9000244140625,878.9000244140625,882.0,8881
2026-03-18 09:15:00,887.0,912.0,885.0499877929688,910.25,9157
2026-03-18 13:15:00,910.5,912.9500122070312,903.0,912.9500122070312,4470
2026-03-19 09:15:00,898.0,903.5499877929688,881.9000244140625,892.4500122070312,2859
2026-03-19 13:15:00,892.7000122070312,892.9000244140625,885.0,885.0,4185
2026-03-20 09:15:00,886.0,927.0999755859375,886.0,906.5,7822
2026-03-20 13:15:00,905.4000244140625,906.9500122070312,890.0,897.5999755859375,6099
2026-03-23 09:15:00,884.1500244140625,889.2000122070312,868.5999755859375,872.5499877929688,9098
2026-03-23 13:15:00,873.75,879.1500244140625,868.0,875.0999755859375,10435
2026-03-24 09:15:00,885.7000122070312,909.0,872.5999755859375,894.25,9243
2026-03-24 13:15:00,893.2999877929688,895.0,879.3499755859375,886.5999755859375,12524
2026-03-25 09:15:00,886.5999755859375,908.5499877929688,886.5999755859375,896.7999877929688,12755
2026-03-25 13:15:00,894.5999755859375,899.25,880.0,885.7000122070312,6911
2026-03-27 09:15:00,880.0,886.5,854.0,854.25,14065
2026-03-27 13:15:00,855.7000122070312,861.0,855.0,855.0,15541
2026-03-30 09:15:00,855.0,855.9500122070312,799.2000122070312,799.7999877929688,32684
2026-03-30 13:15:00,799.7000122070312,808.5999755859375,781.0,788.0,33787
2026-04-01 09:15:00,826.0,874.2999877929688,806.2999877929688,867.25,18574
2026-04-01 13:15:00,870.5,875.0,844.3499755859375,864.4000244140625,12144
2026-04-02 09:15:00,850.0,889.4500122070312,832.9500122070312,886.8499755859375,11953
2026-04-02 13:15:00,888.0,893.0,870.6500244140625,870.6500244140625,8735
2026-04-06 09:15:00,868.9500122070312,885.5,862.0499877929688,880.9000244140625,5326
2026-04-06 13:15:00,880.9500122070312,889.2000122070312,877.8499755859375,883.7000122070312,6017
2026-04-07 09:15:00,895.4000244140625,944.9000244140625,880.75,934.9500122070312,42838
2026-04-07 13:15:00,935.0,940.0,912.25,923.0,12791
2026-04-08 09:15:00,946.4000244140625,1018.5999755859375,938.7000122070312,994.5499877929688,69411
2026-04-08 13:15:00,997.4500122070312,1008.8499755859375,990.5999755859375,995.2000122070312,30023
2026-04-09 09:15:00,977.25,1032.0,977.25,995.7999877929688,32172
2026-04-09 13:15:00,995.5999755859375,1006.9000244140625,986.25,995.7999877929688,13704
2026-04-10 09:15:00,976.1500244140625,1050.0,976.1500244140625,1044.5999755859375,54896
2026-04-10 13:15:00,1044.0999755859375,1062.5999755859375,1044.0999755859375,1055.199951171875,65330
2026-04-13 09:15:00,1022.0,1077.0,1010.7999877929688,1052.550048828125,19492
2026-04-13 13:15:00,1051.1500244140625,1079.550048828125,1051.1500244140625,1062.4000244140625,29062
2026-04-15 09:15:00,1096.0,1096.949951171875,1055.300048828125,1056.4000244140625,25548
2026-04-15 13:15:00,1055.949951171875,1059.949951171875,1042.1500244140625,1049.6500244140625,9510
2026-04-16 09:15:00,1069.9000244140625,1069.9000244140625,1030.0,1041.949951171875,9380
2026-04-16 13:15:00,1040.800048828125,1058.6500244140625,1038.25,1054.050048828125,19895
2026-04-17 09:15:00,1062.550048828125,1062.550048828125,1034.0,1050.0,6222
2026-04-17 13:15:00,1050.8499755859375,1060.5999755859375,1046.3499755859375,1052.5,10205
2026-04-20 09:15:00,1057.949951171875,1060.8499755859375,1038.800048828125,1056.199951171875,0
2026-04-20 13:15:00,1057.1500244140625,1057.1500244140625,1045.0,1046.0999755859375,21231
2026-04-21 09:15:00,1046.0999755859375,1060.9000244140625,1037.0,1049.699951171875,8403
2026-04-21 13:15:00,1046.4000244140625,1050.550048828125,1039.0,1039.300048828125,8022
2026-04-22 09:15:00,1041.3499755859375,1055.949951171875,1030.0,1055.0,12114
2026-04-22 13:15:00,1055.0,1059.0,1050.050048828125,1052.6500244140625,8782
2026-04-23 09:15:00,1063.1500244140625,1063.1500244140625,1037.0,1043.0,9037
2026-04-23 13:15:00,1043.0,1057.9000244140625,1038.3499755859375,1047.75,15097
2026-04-24 09:15:00,1060.0,1060.0,1014.0,1030.949951171875,13807
2026-04-24 13:15:00,1030.1500244140625,1040.0,1020.0499877929688,1039.9000244140625,12591
2026-04-27 09:15:00,1036.949951171875,1064.0,1035.0,1063.199951171875,18524
2026-04-27 13:15:00,1063.800048828125,1063.949951171875,1052.050048828125,1058.0,7128
2026-04-28 09:15:00,1069.6500244140625,1079.199951171875,1050.0,1073.0,13056
2026-04-28 13:15:00,1074.949951171875,1089.5,1050.0,1056.5,17552
2026-04-29 09:15:00,1060.0,1079.0,1044.050048828125,1055.199951171875,9679
2026-04-29 13:15:00,1055.25,1069.800048828125,1045.0,1052.1500244140625,9302
2026-04-30 09:15:00,1068.0,1119.0,1041.3499755859375,1090.4000244140625,83492
2026-04-30 13:15:00,1090.449951171875,1097.9000244140625,1081.800048828125,1088.25,19640
2026-05-04 09:15:00,1100.0,1144.5,1094.0,1134.9000244140625,28219
2026-05-04 13:15:00,1134.699951171875,1137.5999755859375,1101.4000244140625,1115.5,17629
2026-05-05 09:15:00,1238.800048828125,1314.0,1238.800048828125,1271.0,852372
2026-05-05 13:15:00,1271.9000244140625,1330.0,1234.0999755859375,1258.800048828125,703341
2026-05-06 09:15:00,1277.699951171875,1368.0,1252.0,1356.800048828125,309257
2026-05-06 13:15:00,1356.300048828125,1379.9000244140625,1345.0,1373.0,168546
2026-05-07 09:15:00,1365.0,1407.699951171875,1362.5,1381.0,76081
2026-05-07 13:15:00,1380.0,1388.0,1355.0999755859375,1364.0999755859375,59297
2026-05-08 09:15:00,1361.0999755859375,1379.5,1311.300048828125,1324.0,50313
2026-05-08 13:15:00,1326.800048828125,1328.9000244140625,1295.9000244140625,1305.5,33584
2026-05-11 09:15:00,1311.0,1444.9000244140625,1310.0,1409.0,254468
2026-05-11 13:15:00,1409.0,1442.5,1395.300048828125,1431.0,116904
2026-05-12 09:15:00,1430.0,1441.300048828125,1385.300048828125,1406.0,56240
2026-05-12 13:15:00,1408.4000244140625,1419.199951171875,1340.4000244140625,1365.0,81759
2026-05-13 09:15:00,1350.0,1398.4000244140625,1319.0999755859375,1391.5999755859375,43040
2026-05-13 13:15:00,1391.5999755859375,1395.0,1359.699951171875,1380.0,20839
2026-05-14 09:15:00,1420.0,1420.0,1331.0,1360.0,14707
2026-05-14 13:15:00,1359.0,1375.0,1347.0999755859375,1367.699951171875,20249
2026-05-15 09:15:00,1413.9000244140625,1429.800048828125,1362.4000244140625,1367.4000244140625,54500
2026-05-15 13:15:00,1367.4000244140625,1376.5,1325.5,1362.9000244140625,44273
2026-05-18 09:15:00,1350.0,1394.5999755859375,1306.699951171875,1380.0999755859375,36952
2026-05-18 13:15:00,1382.5,1387.800048828125,1367.5,1382.800048828125,13656
2026-05-19 09:15:00,1400.0999755859375,1479.699951171875,1395.300048828125,1465.9000244140625,82929
2026-05-19 13:15:00,1465.0999755859375,1575.0,1464.4000244140625,1547.800048828125,318471
2026-05-20 09:15:00,1561.0,1587.5,1488.199951171875,1493.0,69222
2026-05-20 13:15:00,1493.300048828125,1508.0,1473.0,1489.4000244140625,39401
2026-05-21 09:15:00,1529.699951171875,1745.300048828125,1501.800048828125,1661.300048828125,587215
2026-05-21 13:15:00,1661.199951171875,1670.0,1625.0,1670.0,114756
2026-05-22 09:15:00,1660.0,1764.0,1632.0,1725.300048828125,227097
2026-05-22 13:15:00,1727.4000244140625,1753.9000244140625,1711.0,1753.0,92400
2026-05-25 09:15:00,1784.0,1924.800048828125,1776.5999755859375,1872.0,208202
2026-05-25 13:15:00,1872.5,1917.4000244140625,1870.0,1906.699951171875,109607
2026-05-26 09:15:00,1909.0,1909.0,1733.5999755859375,1772.199951171875,125072
2026-05-26 13:15:00,1774.699951171875,1778.0999755859375,1720.300048828125,1721.5,76081
2026-05-27 09:15:00,1740.0999755859375,1839.199951171875,1731.9000244140625,1815.0,95847
2026-05-27 13:15:00,1815.0,1846.0999755859375,1794.0,1803.800048828125,79713
2026-05-29 09:15:00,1823.9000244140625,1823.9000244140625,1671.4000244140625,1722.199951171875,98079
2026-05-29 13:15:00,1722.199951171875,1815.0,1717.0,1733.0,111301
2026-06-01 09:15:00,1650.4000244140625,1651.300048828125,1571.4000244140625,1571.4000244140625,10195
2026-06-01 13:15:00,1571.4000244140625,1571.4000244140625,1571.4000244140625,1571.4000244140625,4035
2026-06-02 09:15:00,1464.5,1618.0,1414.300048828125,1525.0999755859375,124875
2026-06-02 13:15:00,1525.0,1527.9000244140625,1479.199951171875,1501.0999755859375,71351
2026-06-03 09:15:00,1502.9000244140625,1515.4000244140625,1427.800048828125,1427.800048828125,5406
2026-06-03 13:15:00,1427.800048828125,1427.800048828125,1427.800048828125,1427.800048828125,2362
2026-06-04 09:15:00,1393.0999755859375,1397.0,1356.5,1356.5,246589
2026-06-04 13:15:00,1356.5,1356.5,1356.5,1356.5,3622
2026-06-05 09:15:00,1345.0,1373.5999755859375,1290.699951171875,1294.0,82427
2026-06-05 13:15:00,1293.5,1298.5,1288.699951171875,1288.699951171875,13640
2026-06-08 09:15:00,1249.0,1331.5,1226.0999755859375,1291.5999755859375,153280
2026-06-08 13:15:00,1293.5,1308.0,1235.0,1250.0,97882
2026-06-09 09:15:00,1262.0,1309.300048828125,1262.0,1309.300048828125,3401
2026-06-09 13:15:00,1309.300048828125,1309.300048828125,1309.300048828125,1309.300048828125,1180
2026-06-10 09:15:00,1355.199951171875,1374.699951171875,1340.0,1374.699951171875,53870
2026-06-10 13:15:00,1374.699951171875,1374.699951171875,1374.699951171875,1374.699951171875,5393
2026-06-11 09:15:00,1380.0,1380.0,1306.0,1306.0,64175
2026-06-11 13:15:00,1306.0,1328.5999755859375,1306.0,1307.300048828125,16075
2026-06-12 09:15:00,1339.9000244140625,1344.800048828125,1251.0,1262.699951171875,32950
2026-06-12 13:15:00,1263.5,1292.800048828125,1262.0,1280.0,36640
2026-06-15 09:15:00,1318.300048828125,1348.199951171875,1266.800048828125,1273.199951171875,46513
2026-06-15 13:15:00,1272.9000244140625,1293.699951171875,1265.0,1285.0,38054
2026-06-16 09:15:00,1314.9000244140625,1314.9000244140625,1280.0,1285.300048828125,11371
2026-06-16 13:15:00,1285.300048828125,1294.9000244140625,1282.0,1284.5999755859375,16799
2026-06-17 09:15:00,1308.800048828125,1352.5999755859375,1295.199951171875,1346.0,66635
2026-06-17 13:15:00,1348.5999755859375,1352.5999755859375,1345.0,1352.5999755859375,5457
2026-06-18 09:15:00,1390.0,1420.199951171875,1380.4000244140625,1420.199951171875,38407
2026-06-18 13:15:00,1420.199951171875,1420.199951171875,1420.199951171875,1420.199951171875,3222
2026-06-19 09:15:00,1429.9000244140625,1491.199951171875,1421.5999755859375,1440.0,65310
2026-06-19 13:15:00,1443.300048828125,1460.0,1411.0,1447.0,49180
2026-06-22 09:15:00,1465.0,1498.0,1461.800048828125,1477.199951171875,19356
2026-06-22 13:15:00,1477.199951171875,1482.300048828125,1466.0,1475.0,15711
2026-06-23 09:15:00,1497.0,1497.0,1401.199951171875,1401.199951171875,25144
2026-06-23 13:15:00,1401.199951171875,1401.199951171875,1401.199951171875,1401.199951171875,4608
2026-06-24 09:15:00,1398.9000244140625,1398.9000244140625,1351.0,1389.9000244140625,18845
2026-06-24 13:15:00,1389.9000244140625,1441.0,1384.4000244140625,1419.800048828125,32770
2026-06-25 09:15:00,1430.0,1451.199951171875,1393.699951171875,1399.699951171875,16438
2026-06-25 13:15:00,1396.5999755859375,1400.4000244140625,1371.199951171875,1378.800048828125,15011
2026-06-29 09:15:00,1380.0,1387.0999755859375,1315.199951171875,1325.0999755859375,17708
2026-06-29 13:15:00,1323.5,1332.0,1315.0,1320.5,13562
2026-06-30 09:15:00,1344.199951171875,1386.5,1340.0999755859375,1356.0,11290
2026-06-30 13:15:00,1359.5,1369.699951171875,1354.0,1363.9000244140625,9802
2026-07-01 09:15:00,1381.199951171875,1384.5,1313.300048828125,1318.0,13288
2026-07-01 13:15:00,1315.800048828125,1322.800048828125,1300.0,1310.0,17759
2026-07-02 09:15:00,1310.0,1349.800048828125,1310.0,1336.800048828125,11784
2026-07-02 13:15:00,1336.800048828125,1353.9000244140625,1333.0,1343.9000244140625,14367
2026-07-03 09:15:00,1350.0999755859375,1365.800048828125,1307.5999755859375,1313.0999755859375,12949
2026-07-03 13:15:00,1316.4000244140625,1321.0,1311.0,1321.0,9514
2026-07-06 09:15:00,1323.0,1344.5999755859375,1306.800048828125,1308.0,8583
2026-07-06 13:15:00,1308.0,1382.699951171875,1305.0,1356.0,28377
2026-07-07 09:15:00,1370.0,1370.0,1320.0,1326.0,8284
2026-07-07 13:15:00,1326.0,1334.800048828125,1322.0,1325.300048828125,5646
2026-07-08 09:15:00,1315.9000244140625,1329.199951171875,1290.0999755859375,1304.300048828125,23347
2026-07-08 13:15:00,1305.0999755859375,1310.0999755859375,1261.0999755859375,1264.699951171875,35904
2026-07-09 09:15:00,1273.0,1320.5,1273.0,1288.4000244140625,7906
2026-07-09 13:15:00,1288.0999755859375,1298.5999755859375,1280.0,1290.300048828125,6555
2026-07-10 09:15:00,1323.300048828125,1348.9000244140625,1286.0,1323.199951171875,23656
2026-07-10 13:15:00,1324.0,1339.800048828125,1319.0999755859375,1325.0999755859375,9905
2026-07-13 09:15:00,1305.0999755859375,1329.9000244140625,1276.0,1285.0,19446
2026-07-13 13:15:00,1285.300048828125,1290.0,1275.0,1289.9000244140625,17060
2026-07-14 09:15:00,1299.0,1300.0,1256.800048828125,1272.9000244140625,11787
2026-07-14 13:15:00,1271.0,1274.5999755859375,1261.0999755859375,1268.300048828125,3209
2026-07-15 09:15:00,1276.0999755859375,1288.0,1244.300048828125,1252.4000244140625,17404
2026-07-15 13:15:00,1253.4000244140625,1261.9000244140625,1245.0,1257.9000244140625,7221
2026-07-16 09:15:00,1272.9000244140625,1272.9000244140625,1210.0,1215.199951171875,34175
2026-07-16 13:15:00,1215.199951171875,1218.800048828125,1205.0,1213.0,15779
2026-07-17 09:15:00,1223.0,1231.4000244140625,1210.0,1212.0,6324
2026-07-17 13:15:00,1214.9000244140625,1229.0,1210.5,1224.0,6486
2026-07-20 09:15:00,1217.0,1217.4000244140625,1199.9000244140625,1206.800048828125,7143
2026-07-20 13:15:00,1208.0,1213.0,1199.0,1210.0,13507
2026-07-21 09:15:00,1219.9000244140625,1219.9000244140625,1182.0,1206.9000244140625,11973
2026-07-21 13:15:00,1206.5999755859375,1219.0,1203.800048828125,1214.5999755859375,8382
2026-07-22 09:15:00,1210.199951171875,1210.300048828125,1174.4000244140625,1184.5999755859375,11212
2026-07-22 13:15:00,1184.800048828125,1188.800048828125,1180.0,1185.9000244140625,7926
2026-07-23 09:15:00,1195.9000244140625,1210.699951171875,1165.0,1187.800048828125,13757
2026-07-23 13:15:00,1185.5,1189.800048828125,1178.0,1181.5999755859375,5842
2026-07-24 09:15:00,1176.0,1240.5999755859375,1160.0,1240.5999755859375,25207
2026-07-24 13:15:00,1240.5999755859375,1240.5999755859375,1240.5999755859375,1240.5999755859375,3111
2026-07-27 09:15:00,1290.0,1290.0,1224.0999755859375,1231.0999755859375,8703
2026-07-27 13:15:00,1231.199951171875,1236.9000244140625,1225.199951171875,1232.5999755859375,6879
2026-07-28 09:15:00,1255.0,1255.0,1200.0,1205.9000244140625,4579
2026-07-28 13:15:00,1206.5999755859375,1207.0,1188.0,1195.300048828125,8582
2026-07-29 09:15:00,1248.9000244140625,1255.0,1225.0,1244.699951171875,53994
2026-07-29 13:15:00,1244.800048828125,1250.0,1227.4000244140625,1236.5999755859375,12668
2026-07-30 09:15:00,1274.699951171875,1274.699951171875,1205.5,1214.199951171875,8802
2026-07-30 13:15:00,1212.9000244140625,1212.9000244140625,1205.0999755859375,1208.0,7429
2026-07-31 09:15:00,1228.9000244140625,1240.800048828125,1211.0999755859375,1234.5999755859375,9423
2026-07-31 13:15:00,1234.4000244140625,1238.0,1228.800048828125,1233.0999755859375,7086
2026-08-03 09:15:00,1241.0,1253.5,1226.0,1229.199951171875,11103
2026-08-03 13:15:00,1229.800048828125,1270.0999755859375,1226.5,1235.199951171875,23905
2026-08-04 09:15:00,1252.0,1252.0,1236.199951171875,1246.5,5734
2026-08-04 13:15:00,1249.9000244140625,1254.5999755859375,1226.0,1238.5999755859375,4769
2026-08-05 09:15:00,1230.0,1246.0,1230.0,1239.9000244140625,3172
2026-08-05 13:15:00,1241.300048828125,1246.5,1239.5,1243.300048828125,3332
2026-08-06 09:15:00,1265.0,1265.0,1243.5999755859375,1256.800048828125,4762
2026-08-06 13:15:00,1255.4000244140625,1256.0,1226.0,1239.4000244140625,3594
2026-08-07 09:15:00,1231.0,1268.0,1231.0,1245.9000244140625,9400
2026-08-07 13:15:00,1245.5,1246.9000244140625,1213.9000244140625,1230.0,10621
