Datetime,Open,High,Low,Close,Volume
2023-08-28 09:15:00,87.8499984741211,88.5999984741211,86.6500015258789,87.80000305175781,273820
2023-08-28 13:15:00,87.80000305175781,88.25,87.44999694824219,87.80000305175781,116321
2023-08-29 09:15:00,87.80000305175781,89.80000305175781,87.44999694824219,87.9000015258789,746639
2023-08-29 13:15:00,87.9000015258789,87.94999694824219,86.0,86.25,293393
2023-08-30 09:15:00,86.6500015258789,87.30000305175781,85.80000305175781,86.0,393358
2023-08-30 13:15:00,86.0,86.0999984741211,85.30000305175781,85.80000305175781,176270
2023-08-31 09:15:00,85.94999694824219,86.69999694824219,84.25,85.69999694824219,311823
2023-08-31 13:15:00,85.9000015258789,86.05000305175781,85.5,86.0,429077
2023-09-01 09:15:00,85.9000015258789,87.9000015258789,85.69999694824219,86.25,271170
2023-09-01 13:15:00,86.19999694824219,86.44999694824219,85.69999694824219,86.0999984741211,331191
2023-09-04 09:15:00,86.75,88.44999694824219,86.75,88.25,204792
2023-09-04 13:15:00,88.0,88.19999694824219,87.5,88.0,166667
2023-09-05 09:15:00,88.25,89.69999694824219,87.8499984741211,88.69999694824219,208871
2023-09-05 13:15:00,88.69999694824219,89.1500015258789,88.0999984741211,88.55000305175781,206604
2023-09-06 09:15:00,88.69999694824219,88.8499984741211,87.1500015258789,87.4000015258789,239562
2023-09-06 13:15:00,87.30000305175781,88.0,87.19999694824219,87.69999694824219,155814
2023-09-07 09:15:00,87.69999694824219,89.5,87.6500015258789,88.1500015258789,169088
2023-09-07 13:15:00,88.1500015258789,88.6500015258789,87.25,87.80000305175781,210578
2023-09-08 09:15:00,88.75,89.75,87.80000305175781,89.0999984741211,268044
2023-09-08 13:15:00,89.0999984741211,89.4000015258789,88.0999984741211,88.25,172663
2023-09-11 09:15:00,88.19999694824219,88.25,86.30000305175781,86.5,403132
2023-09-11 13:15:00,86.5,87.75,86.44999694824219,87.5,349487
2023-09-12 09:15:00,87.44999694824219,89.19999694824219,81.0,84.5,769347
2023-09-12 13:15:00,84.55000305175781,85.69999694824219,84.1500015258789,85.5,326147
2023-09-13 09:15:00,84.0999984741211,86.0,83.25,85.3499984741211,254468
2023-09-13 13:15:00,85.3499984741211,85.3499984741211,83.9000015258789,84.5,235361
2023-09-14 09:15:00,84.6500015258789,86.0,84.55000305175781,84.8499984741211,236606
2023-09-14 13:15:00,84.6500015258789,85.55000305175781,84.55000305175781,85.4000015258789,236516
2023-09-15 09:15:00,86.4000015258789,90.80000305175781,86.05000305175781,87.0999984741211,1470088
2023-09-15 13:15:00,87.05000305175781,87.44999694824219,86.55000305175781,86.69999694824219,347452
2023-09-18 09:15:00,87.3499984741211,91.9000015258789,87.30000305175781,89.0,1067171
2023-09-18 13:15:00,89.0,89.0999984741211,87.5999984741211,87.94999694824219,560432
2023-09-20 09:15:00,87.9000015258789,88.80000305175781,86.69999694824219,86.69999694824219,176328
2023-09-20 13:15:00,86.6500015258789,86.94999694824219,86.25,86.44999694824219,187264
2023-09-21 09:15:00,86.4000015258789,87.0,85.05000305175781,85.3499984741211,84655
2023-09-21 13:15:00,85.4000015258789,85.9000015258789,84.5999984741211,85.0,166605
2023-09-22 09:15:00,84.6500015258789,86.30000305175781,84.5999984741211,85.69999694824219,142554
2023-09-22 13:15:00,85.69999694824219,85.80000305175781,84.44999694824219,84.94999694824219,97359
2023-09-25 09:15:00,85.55000305175781,87.0,85.30000305175781,86.6500015258789,168134
2023-09-25 13:15:00,86.6500015258789,86.80000305175781,85.55000305175781,86.0999984741211,95497
2023-09-26 09:15:00,86.4000015258789,88.19999694824219,86.25,87.69999694824219,120941
2023-09-26 13:15:00,87.69999694824219,88.4000015258789,87.44999694824219,88.0,250077
2023-09-27 09:15:00,88.4000015258789,88.6500015258789,87.3499984741211,88.0,139929
2023-09-27 13:15:00,88.0,88.0,86.75,86.94999694824219,200758
2023-09-28 09:15:00,87.69999694824219,88.5,86.9000015258789,87.0999984741211,99989
2023-09-28 13:15:00,87.0999984741211,87.44999694824219,86.05000305175781,86.6500015258789,103697
2023-09-29 09:15:00,86.9000015258789,88.19999694824219,86.44999694824219,87.19999694824219,142856
2023-09-29 13:15:00,87.19999694824219,87.44999694824219,86.55000305175781,86.94999694824219,137136
2023-10-03 09:15:00,88.80000305175781,91.5,87.0,90.5999984741211,572100
2023-10-03 13:15:00,90.6500015258789,90.80000305175781,87.94999694824219,88.94999694824219,699885
2023-10-04 09:15:00,89.44999694824219,90.6500015258789,88.5,88.9000015258789,383859
2023-10-04 13:15:00,89.0,90.0,88.55000305175781,89.8499984741211,227279
2023-10-05 09:15:00,91.44999694824219,91.75,88.5999984741211,88.75,162831
2023-10-05 13:15:00,88.75,90.0,88.69999694824219,90.0,177640
2023-10-06 09:15:00,90.55000305175781,93.94999694824219,90.25,92.9000015258789,1179570
2023-10-06 13:15:00,93.0,93.05000305175781,92.30000305175781,92.44999694824219,523059
2023-10-09 09:15:00,91.1500015258789,91.1500015258789,89.25,89.6500015258789,217993
2023-10-09 13:15:00,89.5999984741211,90.3499984741211,89.0,89.5999984741211,210959
2023-10-10 09:15:00,90.05000305175781,91.0,89.3499984741211,89.44999694824219,236322
2023-10-10 13:15:00,89.4000015258789,89.9000015258789,89.3499984741211,89.5,120464
2023-10-11 09:15:00,89.8499984741211,92.0999984741211,89.8499984741211,90.05000305175781,348338
2023-10-11 13:15:00,90.19999694824219,90.3499984741211,89.4000015258789,89.8499984741211,159063
2023-10-12 09:15:00,90.4000015258789,92.8499984741211,89.25,92.30000305175781,366131
2023-10-12 13:15:00,92.5,92.5,90.69999694824219,91.44999694824219,400922
2023-10-13 09:15:00,91.0,92.44999694824219,90.55000305175781,91.4000015258789,407713
2023-10-13 13:15:00,91.44999694824219,92.0,90.69999694824219,91.25,128241
2023-10-16 09:15:00,91.4000015258789,93.6500015258789,91.25,91.9000015258789,562902
2023-10-16 13:15:00,92.0,92.25,91.19999694824219,91.94999694824219,227512
2023-10-17 09:15:00,92.25,92.9000015258789,91.9000015258789,91.9000015258789,111572
2023-10-17 13:15:00,91.9000015258789,92.25,91.5999984741211,91.8499984741211,106347
2023-10-18 09:15:00,91.94999694824219,92.25,89.0,90.5999984741211,742050
2023-10-18 13:15:00,90.5999984741211,91.5,89.9000015258789,90.9000015258789,1064400
2023-10-19 09:15:00,90.05000305175781,92.5,90.05000305175781,90.94999694824219,334673
2023-10-19 13:15:00,90.94999694824219,91.0999984741211,88.94999694824219,89.80000305175781,314812
2023-10-20 09:15:00,89.5999984741211,93.5999984741211,89.5999984741211,92.0,654767
2023-10-20 13:15:00,91.8499984741211,92.05000305175781,91.3499984741211,91.9000015258789,421284
2023-10-23 09:15:00,91.5999984741211,92.19999694824219,87.80000305175781,88.55000305175781,518501
2023-10-23 13:15:00,88.5999984741211,89.0999984741211,86.44999694824219,87.5999984741211,409487
2023-10-25 09:15:00,88.05000305175781,89.3499984741211,85.25,85.44999694824219,294614
2023-10-25 13:15:00,85.4000015258789,88.69999694824219,85.3499984741211,88.30000305175781,230209
2023-10-26 09:15:00,87.94999694824219,88.75,87.44999694824219,88.0,280541
2023-10-26 13:15:00,88.0,89.0,87.69999694824219,89.0,205675
2023-10-27 09:15:00,89.80000305175781,91.69999694824219,89.4000015258789,90.44999694824219,218092
2023-10-27 13:15:00,90.44999694824219,91.05000305175781,90.0,90.69999694824219,141894
2023-10-30 09:15:00,90.8499984741211,90.94999694824219,88.9000015258789,89.0999984741211,211767
2023-10-30 13:15:00,89.0999984741211,89.4000015258789,88.19999694824219,89.3499984741211,348607
2023-10-31 09:15:00,89.3499984741211,89.55000305175781,87.44999694824219,87.75,172268
2023-10-31 13:15:00,87.75,88.0,87.0,87.5,122740
2023-11-01 09:15:00,87.94999694824219,88.0999984741211,86.5999984741211,87.0,102539
2023-11-01 13:15:00,87.0,87.75,86.5999984741211,87.0,103681
2023-11-02 09:15:00,88.4000015258789,88.5,86.55000305175781,86.8499984741211,92283
2023-11-02 13:15:00,86.8499984741211,87.44999694824219,86.4000015258789,86.69999694824219,80970
2023-11-03 09:15:00,87.1500015258789,89.19999694824219,87.1500015258789,88.9000015258789,128944
2023-11-03 13:15:00,88.69999694824219,88.9000015258789,87.75,88.30000305175781,120946
2023-11-06 09:15:00,88.55000305175781,89.19999694824219,88.19999694824219,88.69999694824219,97667
2023-11-06 13:15:00,88.5,89.94999694824219,88.30000305175781,89.5,118923
2023-11-07 09:15:00,91.8499984741211,91.8499984741211,89.25,89.94999694824219,189743
2023-11-07 13:15:00,89.94999694824219,90.44999694824219,89.69999694824219,90.25,185684
2023-11-08 09:15:00,91.19999694824219,91.19999694824219,87.69999694824219,89.25,381193
2023-11-08 13:15:00,89.3499984741211,91.1500015258789,89.0999984741211,90.05000305175781,281545
2023-11-09 09:15:00,90.05000305175781,90.80000305175781,89.4000015258789,90.75,179118
2023-11-09 13:15:00,90.75,90.75,89.4000015258789,89.9000015258789,294284
2023-11-10 09:15:00,90.1500015258789,92.4000015258789,90.0,91.05000305175781,288080
2023-11-10 13:15:00,90.94999694824219,91.55000305175781,90.5,91.5,293355
2023-11-13 09:15:00,91.8499984741211,91.94999694824219,91.0999984741211,91.30000305175781,103614
2023-11-13 13:15:00,91.1500015258789,91.3499984741211,90.6500015258789,90.9000015258789,96633
2023-11-15 09:15:00,92.6500015258789,102.0,92.6500015258789,97.55000305175781,6885226
2023-11-15 13:15:00,97.55000305175781,98.0999984741211,96.25,96.6500015258789,1125510
2023-11-16 09:15:00,98.19999694824219,101.1500015258789,97.5,100.0999984741211,975802
2023-11-16 13:15:00,100.25,100.5999984741211,98.5,99.25,507738
2023-11-17 09:15:00,99.9000015258789,103.5999984741211,99.55000305175781,100.94999694824219,552188
2023-11-17 13:15:00,101.05000305175781,101.05000305175781,99.55000305175781,100.0,485557
2023-11-20 09:15:00,102.8499984741211,108.8499984741211,102.8499984741211,108.0999984741211,2787226
2023-11-20 13:15:00,108.19999694824219,108.69999694824219,106.5,107.0,1241641
2023-11-21 09:15:00,107.80000305175781,110.0,106.25,108.5999984741211,1272262
2023-11-21 13:15:00,108.5999984741211,109.5999984741211,108.30000305175781,109.0999984741211,521061
2023-11-22 09:15:00,109.4000015258789,109.6500015258789,105.5,105.69999694824219,517530
2023-11-22 13:15:00,105.75,107.0,105.19999694824219,107.0,322703
2023-11-23 09:15:00,106.9000015258789,109.3499984741211,106.6500015258789,107.0999984741211,272536
2023-11-23 13:15:00,107.0999984741211,108.6500015258789,107.0,108.30000305175781,225933
2023-11-24 09:15:00,109.0,109.8499984741211,107.1500015258789,108.0,245903
2023-11-24 13:15:00,108.0,108.30000305175781,107.5,107.9000015258789,191458
2023-11-28 09:15:00,110.1500015258789,110.1500015258789,108.5999984741211,109.69999694824219,791656
2023-11-28 13:15:00,109.5999984741211,111.0,109.30000305175781,111.0,636325
2023-11-29 09:15:00,111.5,111.5,106.5999984741211,107.69999694824219,828860
2023-11-29 13:15:00,107.5999984741211,108.1500015258789,106.30000305175781,106.94999694824219,488674
2023-11-30 09:15:00,106.69999694824219,110.19999694824219,103.0,109.9000015258789,1021860
2023-11-30 13:15:00,109.80000305175781,109.94999694824219,101.0,101.8499984741211,7717663
2023-12-01 09:15:00,102.80000305175781,105.3499984741211,101.69999694824219,102.69999694824219,855987
2023-12-01 13:15:00,102.69999694824219,103.75,101.8499984741211,102.25,489237
2023-12-04 09:15:00,102.9000015258789,104.25,100.8499984741211,101.19999694824219,644845
2023-12-04 13:15:00,101.19999694824219,101.6500015258789,100.94999694824219,101.3499984741211,415062
2023-12-05 09:15:00,101.55000305175781,104.1500015258789,101.19999694824219,101.69999694824219,409239
2023-12-05 13:15:00,101.69999694824219,103.0,101.0,102.55000305175781,352093
2023-12-06 09:15:00,103.0999984741211,106.0,102.8499984741211,103.0999984741211,369145
2023-12-06 13:15:00,103.0,104.0,102.5,103.6500015258789,401439
2023-12-07 09:15:00,103.94999694824219,104.6500015258789,102.25,103.0,382234
2023-12-07 13:15:00,103.0,103.4000015258789,101.1500015258789,101.75,416112
2023-12-08 09:15:00,102.30000305175781,103.4000015258789,102.0,102.55000305175781,216827
2023-12-08 13:15:00,102.5,102.55000305175781,101.4000015258789,102.1500015258789,161237
2023-12-11 09:15:00,102.44999694824219,103.5,102.0,102.4000015258789,199179
2023-12-11 13:15:00,102.19999694824219,103.3499984741211,101.94999694824219,102.94999694824219,204280
2023-12-12 09:15:00,103.4000015258789,105.4000015258789,101.55000305175781,101.8499984741211,291812
2023-12-12 13:15:00,101.8499984741211,102.19999694824219,101.25,101.6500015258789,144092
2023-12-13 09:15:00,102.19999694824219,106.3499984741211,102.0,104.80000305175781,1063492
2023-12-13 13:15:00,104.75,104.80000305175781,103.25,103.5,624808
2023-12-14 09:15:00,104.30000305175781,104.80000305175781,102.25,102.44999694824219,268138
2023-12-14 13:15:00,102.44999694824219,103.30000305175781,102.19999694824219,102.9000015258789,276559
2023-12-15 09:15:00,103.0,104.9000015258789,102.5,102.80000305175781,498288
2023-12-15 13:15:00,102.75,103.0999984741211,102.0,102.25,278226
2023-12-18 09:15:00,103.3499984741211,103.3499984741211,101.8499984741211,102.0,183002
2023-12-18 13:15:00,102.0,102.25,101.5999984741211,101.9000015258789,184554
2023-12-19 09:15:00,102.30000305175781,102.3499984741211,100.44999694824219,101.1500015258789,424871
2023-12-19 13:15:00,101.0,101.25,100.30000305175781,101.0,354084
2023-12-20 09:15:00,101.1500015258789,101.69999694824219,100.6500015258789,101.0,169945
2023-12-20 13:15:00,100.8499984741211,100.94999694824219,97.0,97.8499984741211,552294
2023-12-21 09:15:00,97.0,101.0,96.55000305175781,100.1500015258789,233798
2023-12-21 13:15:00,100.19999694824219,100.5999984741211,97.9000015258789,97.9000015258789,225618
2023-12-22 09:15:00,100.1500015258789,103.19999694824219,99.69999694824219,100.6500015258789,815371
2023-12-22 13:15:00,100.69999694824219,101.5,99.0,100.5999984741211,342403
2023-12-26 09:15:00,101.0,102.44999694824219,100.25,101.0,550607
2023-12-26 13:15:00,101.1500015258789,101.25,100.1500015258789,100.55000305175781,278105
2023-12-27 09:15:00,101.44999694824219,101.6500015258789,100.0999984741211,100.4000015258789,138432
2023-12-27 13:15:00,100.4000015258789,101.19999694824219,100.0999984741211,101.0,147757
2023-12-28 09:15:00,101.8499984741211,103.0,100.9000015258789,101.69999694824219,129011
2023-12-28 13:15:00,101.55000305175781,102.0,101.0999984741211,101.44999694824219,166006
2023-12-29 09:15:00,102.30000305175781,105.05000305175781,101.75,104.30000305175781,532333
2023-12-29 13:15:00,104.30000305175781,104.5,102.4000015258789,103.80000305175781,337717
2024-01-01 09:15:00,104.9000015258789,105.4000015258789,104.5,104.94999694824219,191902
2024-01-01 13:15:00,104.80000305175781,105.0999984741211,104.0999984741211,104.25,163364
2024-01-02 09:15:00,104.5,106.1500015258789,103.19999694824219,104.9000015258789,219859
2024-01-02 13:15:00,105.0,105.0,102.3499984741211,103.55000305175781,287943
2024-01-03 09:15:00,104.0,108.94999694824219,103.94999694824219,107.8499984741211,688259
2024-01-03 13:15:00,107.8499984741211,111.44999694824219,107.5,110.0,1507228
2024-01-04 09:15:00,110.8499984741211,111.5,109.5999984741211,109.80000305175781,380143
2024-01-04 13:15:00,109.69999694824219,109.80000305175781,107.5,109.0,579077
2024-01-05 09:15:00,108.55000305175781,111.5,108.4000015258789,109.69999694824219,304776
2024-01-05 13:15:00,109.75,111.0,108.5,110.80000305175781,387195
2024-01-08 09:15:00,111.5,112.0,108.75,109.0,433790
2024-01-08 13:15:00,109.1500015258789,110.69999694824219,109.05000305175781,110.0,314585
2024-01-09 09:15:00,110.19999694824219,114.0,110.19999694824219,111.6500015258789,3122566
2024-01-09 13:15:00,111.5,112.25,109.6500015258789,110.55000305175781,836170
2024-01-10 09:15:00,110.80000305175781,116.55000305175781,110.69999694824219,115.80000305175781,2632881
2024-01-10 13:15:00,115.6500015258789,120.0,115.0999984741211,119.8499984741211,4363953
2024-01-11 09:15:00,120.0,120.0,116.75,117.6500015258789,558177
2024-01-11 13:15:00,117.69999694824219,120.0,117.25,118.75,959216
2024-01-12 09:15:00,119.3499984741211,119.55000305175781,116.6500015258789,116.94999694824219,275166
2024-01-12 13:15:00,116.94999694824219,117.05000305175781,115.6500015258789,116.1500015258789,395009
2024-01-15 09:15:00,116.80000305175781,117.4000015258789,114.1500015258789,115.0999984741211,271690
2024-01-15 13:15:00,115.0999984741211,118.80000305175781,114.80000305175781,116.3499984741211,681392
2024-01-16 09:15:00,117.0,117.44999694824219,113.19999694824219,113.5,384980
2024-01-16 13:15:00,113.3499984741211,114.0999984741211,112.5,113.69999694824219,373011
2024-01-17 09:15:00,111.0,114.44999694824219,110.0,111.94999694824219,274885
2024-01-17 13:15:00,111.94999694824219,112.9000015258789,110.9000015258789,112.30000305175781,229085
2024-01-18 09:15:00,111.30000305175781,114.05000305175781,109.19999694824219,110.0,509969
2024-01-18 13:15:00,110.0,110.30000305175781,109.5,109.9000015258789,228388
2024-01-19 09:15:00,111.0,113.0,110.80000305175781,111.19999694824219,288745
2024-01-19 13:15:00,111.4000015258789,111.4000015258789,110.0,110.25,282948
2024-01-23 09:15:00,115.3499984741211,116.6500015258789,111.25,111.75,231533
2024-01-23 13:15:00,111.5999984741211,112.0,109.3499984741211,110.5,350170
2024-01-24 09:15:00,110.8499984741211,111.94999694824219,107.6500015258789,108.8499984741211,2890310
2024-01-24 13:15:00,108.8499984741211,109.0,106.0,108.0999984741211,734022
2024-01-25 09:15:00,108.30000305175781,111.6500015258789,108.30000305175781,109.05000305175781,331918
2024-01-25 13:15:00,109.1500015258789,109.9000015258789,108.75,109.55000305175781,232891
2024-01-29 09:15:00,111.9000015258789,112.3499984741211,109.75,111.25,246628
2024-01-29 13:15:00,111.25,111.75,110.75,111.44999694824219,180772
2024-01-30 09:15:00,112.0999984741211,113.5,107.75,107.94999694824219,684268
2024-01-30 13:15:00,107.94999694824219,108.5,106.75,108.25,508535
2024-01-31 09:15:00,107.9000015258789,112.44999694824219,107.9000015258789,112.0,879685
2024-01-31 13:15:00,112.0,113.55000305175781,111.30000305175781,112.25,440523
2024-02-01 09:15:00,112.4000015258789,114.05000305175781,111.0,111.0999984741211,331949
2024-02-01 13:15:00,111.25,113.5999984741211,110.55000305175781,112.75,176380
2024-02-02 09:15:00,113.5999984741211,114.25,112.0999984741211,112.3499984741211,603260
2024-02-02 13:15:00,112.4000015258789,113.4000015258789,110.75,111.6500015258789,345004
2024-02-05 09:15:00,111.9000015258789,112.4000015258789,110.5999984741211,111.30000305175781,273962
2024-02-05 13:15:00,111.19999694824219,111.69999694824219,109.0,109.69999694824219,293785
2024-02-06 09:15:00,109.94999694824219,115.69999694824219,109.80000305175781,112.69999694824219,476206
2024-02-06 13:15:00,112.80000305175781,113.94999694824219,112.0,112.94999694824219,313469
2024-02-07 09:15:00,114.44999694824219,121.30000305175781,113.19999694824219,113.5999984741211,701703
2024-02-07 13:15:00,113.5999984741211,113.8499984741211,112.55000305175781,113.5999984741211,455943
2024-02-08 09:15:00,114.05000305175781,117.0999984741211,113.1500015258789,114.4000015258789,636955
2024-02-08 13:15:00,114.4000015258789,114.69999694824219,113.0,113.5999984741211,212155
2024-02-09 09:15:00,114.55000305175781,114.9000015258789,109.80000305175781,111.9000015258789,323164
2024-02-09 13:15:00,111.9000015258789,112.25,110.6500015258789,111.94999694824219,170528
2024-02-12 09:15:00,112.5,112.69999694824219,107.3499984741211,109.0,474842
2024-02-12 13:15:00,109.0,111.80000305175781,108.5999984741211,109.25,346539
2024-02-13 09:15:00,109.25,109.94999694824219,104.75,106.30000305175781,169371
2024-02-13 13:15:00,106.30000305175781,107.3499984741211,104.05000305175781,106.80000305175781,279249
2024-02-14 09:15:00,105.80000305175781,109.5999984741211,104.75,109.3499984741211,220748
2024-02-14 13:15:00,109.19999694824219,110.19999694824219,108.05000305175781,109.9000015258789,322281
2024-02-15 09:15:00,111.05000305175781,111.80000305175781,106.5999984741211,107.30000305175781,352050
2024-02-15 13:15:00,107.30000305175781,107.5999984741211,106.5,107.19999694824219,362627
2024-02-16 09:15:00,109.0,110.55000305175781,108.1500015258789,108.8499984741211,547324
2024-02-16 13:15:00,108.6500015258789,109.5,108.19999694824219,108.8499984741211,187400
2024-02-19 09:15:00,109.4000015258789,110.19999694824219,108.4000015258789,108.94999694824219,117766
2024-02-19 13:15:00,108.94999694824219,109.19999694824219,108.44999694824219,108.6500015258789,143910
2024-02-20 09:15:00,109.0999984741211,117.0,108.94999694824219,112.80000305175781,1706890
2024-02-20 13:15:00,112.80000305175781,112.80000305175781,110.75,111.0,566480
2024-02-21 09:15:00,112.19999694824219,115.4000015258789,108.1500015258789,108.5999984741211,863046
2024-02-21 13:15:00,108.5999984741211,108.80000305175781,106.5999984741211,107.69999694824219,633798
2024-02-22 09:15:00,108.0999984741211,109.25,104.30000305175781,104.30000305175781,436381
2024-02-22 13:15:00,104.44999694824219,106.5,104.3499984741211,106.1500015258789,412198
2024-02-23 09:15:00,106.69999694824219,109.3499984741211,106.69999694824219,108.55000305175781,339410
2024-02-23 13:15:00,108.55000305175781,108.75,108.0,108.69999694824219,209649
2024-02-26 09:15:00,108.5,109.4000015258789,107.9000015258789,109.4000015258789,206579
2024-02-26 13:15:00,109.44999694824219,110.1500015258789,108.5,109.19999694824219,280526
2024-02-27 09:15:00,108.80000305175781,108.80000305175781,107.30000305175781,107.69999694824219,116423
2024-02-27 13:15:00,107.75,108.4000015258789,106.19999694824219,106.6500015258789,170077
2024-02-28 09:15:00,107.30000305175781,107.8499984741211,103.0,103.19999694824219,257343
2024-02-28 13:15:00,103.3499984741211,104.55000305175781,102.5999984741211,103.4000015258789,227801
2024-02-29 09:15:00,103.44999694824219,106.19999694824219,102.0,105.94999694824219,236547
2024-02-29 13:15:00,105.94999694824219,109.0,104.8499984741211,108.4000015258789,753289
2024-03-01 09:15:00,108.75,109.19999694824219,106.55000305175781,107.05000305175781,100211
2024-03-01 13:15:00,107.0,107.25,106.6500015258789,107.19999694824219,156615
2024-03-04 09:15:00,108.1500015258789,108.55000305175781,105.5,106.19999694824219,158224
2024-03-04 13:15:00,106.19999694824219,107.25,105.75,106.5999984741211,141914
2024-03-05 09:15:00,106.0999984741211,107.3499984741211,104.0999984741211,105.4000015258789,308810
2024-03-05 13:15:00,105.25,106.0,105.0999984741211,105.5999984741211,159089
2024-03-06 09:15:00,105.30000305175781,105.80000305175781,102.25,103.6500015258789,290122
2024-03-06 13:15:00,103.6500015258789,105.0999984741211,102.80000305175781,104.5,188520
2024-03-07 09:15:00,105.1500015258789,105.4000015258789,103.75,104.44999694824219,119884
2024-03-07 13:15:00,104.5,105.44999694824219,104.3499984741211,104.94999694824219,150906
2024-03-11 09:15:00,105.94999694824219,105.94999694824219,101.44999694824219,101.94999694824219,249420
2024-03-11 13:15:00,102.0999984741211,103.0,101.9000015258789,102.3499984741211,319331
2024-03-12 09:15:00,103.19999694824219,103.75,100.05000305175781,101.0,426402
2024-03-12 13:15:00,101.0,102.30000305175781,100.30000305175781,101.80000305175781,328144
2024-03-13 09:15:00,100.80000305175781,102.5,95.25,96.55000305175781,597022
2024-03-13 13:15:00,96.55000305175781,97.75,92.30000305175781,92.55000305175781,515914
2024-03-14 09:15:00,93.5999984741211,98.0999984741211,92.4000015258789,98.0999984741211,336990
2024-03-14 13:15:00,98.0999984741211,98.94999694824219,97.30000305175781,98.0,146893
2024-03-15 09:15:00,97.19999694824219,100.0,97.0999984741211,98.0,72594
2024-03-15 13:15:00,98.0,100.5,97.8499984741211,99.69999694824219,220498
2024-03-18 09:15:00,99.6500015258789,100.19999694824219,96.4000015258789,97.55000305175781,163336
2024-03-18 13:15:00,97.55000305175781,97.80000305175781,97.25,97.55000305175781,131503
2024-03-19 09:15:00,98.0,99.3499984741211,97.3499984741211,97.6500015258789,71013
2024-03-19 13:15:00,97.6500015258789,98.4000015258789,97.25,97.5999984741211,81922
2024-03-20 09:15:00,98.0,99.94999694824219,96.25,97.19999694824219,275890
2024-03-20 13:15:00,97.19999694824219,98.6500015258789,97.19999694824219,98.19999694824219,118957
2024-03-21 09:15:00,98.9000015258789,99.80000305175781,98.4000015258789,99.1500015258789,685727
2024-03-21 13:15:00,99.1500015258789,101.5,98.19999694824219,100.8499984741211,484492
2024-03-22 09:15:00,100.9000015258789,103.80000305175781,100.55000305175781,103.69999694824219,225796
2024-03-22 13:15:00,103.55000305175781,103.75,102.4000015258789,102.75,153151
2024-03-26 09:15:00,102.1500015258789,102.5999984741211,100.55000305175781,100.94999694824219,77500
2024-03-26 13:15:00,100.94999694824219,100.94999694824219,98.69999694824219,99.30000305175781,241664
2024-03-27 09:15:00,100.4000015258789,101.94999694824219,99.69999694824219,100.3499984741211,278020
2024-03-27 13:15:00,100.19999694824219,101.0,100.0,101.0,164106
2024-03-28 09:15:00,101.44999694824219,103.94999694824219,101.19999694824219,101.5999984741211,122541
2024-03-28 13:15:00,101.5999984741211,101.5999984741211,99.5,100.25,380949
2024-04-01 09:15:00,102.0,105.25,101.5,104.19999694824219,196693
2024-04-01 13:15:00,104.3499984741211,105.6500015258789,104.3499984741211,105.25,185644
2024-04-02 09:15:00,106.0,106.94999694824219,104.5,106.4000015258789,149810
2024-04-02 13:15:00,106.4000015258789,106.5999984741211,105.5,106.0999984741211,126314
2024-04-03 09:15:00,107.44999694824219,114.25,105.6500015258789,110.69999694824219,2125427
2024-04-03 13:15:00,110.5999984741211,111.0,110.05000305175781,110.9000015258789,448793
2024-04-04 09:15:00,111.1500015258789,112.05000305175781,109.0,110.55000305175781,348067
2024-04-04 13:15:00,110.69999694824219,111.75,110.25,111.30000305175781,720098
2024-04-05 09:15:00,113.0999984741211,115.8499984741211,111.19999694824219,111.5,1673583
2024-04-05 13:15:00,111.5,113.44999694824219,111.19999694824219,113.19999694824219,937228
2024-04-08 09:15:00,113.4000015258789,115.19999694824219,113.05000305175781,113.8499984741211,402687
2024-04-08 13:15:00,113.94999694824219,113.94999694824219,112.75,113.1500015258789,312665
2024-04-09 09:15:00,113.6500015258789,114.8499984741211,110.25,110.44999694824219,479164
2024-04-09 13:15:00,110.44999694824219,111.0,109.5,110.19999694824219,409072
2024-04-10 09:15:00,110.55000305175781,111.80000305175781,109.5999984741211,109.8499984741211,167186
2024-04-10 13:15:00,109.80000305175781,110.5,108.8499984741211,109.19999694824219,324897
2024-04-12 09:15:00,108.0,110.94999694824219,107.75,108.19999694824219,464474
2024-04-12 13:15:00,108.19999694824219,108.5,106.4000015258789,106.69999694824219,1006985
2024-04-15 09:15:00,104.25,105.94999694824219,101.30000305175781,104.75,337876
2024-04-15 13:15:00,104.75,105.19999694824219,104.05000305175781,104.75,408574
2024-04-16 09:15:00,103.75,106.5,103.44999694824219,104.44999694824219,231665
2024-04-16 13:15:00,104.4000015258789,105.5999984741211,104.30000305175781,104.69999694824219,237473
2024-04-18 09:15:00,105.69999694824219,107.30000305175781,104.30000305175781,106.05000305175781,191343
2024-04-18 13:15:00,106.30000305175781,106.4000015258789,105.30000305175781,105.69999694824219,198927
2024-04-19 09:15:00,105.0,105.0,102.5,103.30000305175781,205274
2024-04-19 13:15:00,103.30000305175781,104.5,102.4000015258789,102.5,470153
2024-04-22 09:15:00,103.8499984741211,105.4000015258789,103.5999984741211,104.30000305175781,273739
2024-04-22 13:15:00,104.4000015258789,104.55000305175781,103.4000015258789,103.75,349425
2024-04-23 09:15:00,104.0,106.75,103.75,105.0,266904
2024-04-23 13:15:00,105.1500015258789,105.1500015258789,103.0,103.5999984741211,569948
2024-04-24 09:15:00,104.44999694824219,108.5999984741211,103.94999694824219,107.55000305175781,264892
2024-04-24 13:15:00,107.55000305175781,108.3499984741211,106.6500015258789,107.1500015258789,271123
2024-04-25 09:15:00,106.94999694824219,107.19999694824219,105.3499984741211,107.0,242214
2024-04-25 13:15:00,107.0,107.94999694824219,106.5,107.30000305175781,263826
2024-04-26 09:15:00,108.30000305175781,108.9000015258789,107.05000305175781,108.55000305175781,248591
2024-04-26 13:15:00,108.5,108.5999984741211,107.0,107.4000015258789,240304
2024-04-29 09:15:00,107.55000305175781,109.19999694824219,106.6500015258789,108.9000015258789,275490
2024-04-29 13:15:00,108.9000015258789,109.80000305175781,108.05000305175781,108.80000305175781,401618
2024-04-30 09:15:00,109.30000305175781,109.3499984741211,107.05000305175781,107.19999694824219,156991
2024-04-30 13:15:00,107.19999694824219,107.44999694824219,106.0,106.69999694824219,204098
2024-05-02 09:15:00,107.30000305175781,108.0,105.1500015258789,105.80000305175781,155310
2024-05-02 13:15:00,105.5999984741211,105.80000305175781,104.5999984741211,105.0,194578
2024-05-03 09:15:00,105.69999694824219,105.9000015258789,103.9000015258789,104.19999694824219,164179
2024-05-03 13:15:00,104.44999694824219,104.94999694824219,104.0,104.80000305175781,111569
2024-05-06 09:15:00,105.5,105.5,102.30000305175781,104.1500015258789,94712
2024-05-06 13:15:00,103.9000015258789,104.75,103.5999984741211,104.4000015258789,86514
2024-05-07 09:15:00,104.44999694824219,104.6500015258789,102.19999694824219,103.0,243600
2024-05-07 13:15:00,103.0,103.25,100.80000305175781,102.0,349225
2024-05-08 09:15:00,101.5999984741211,103.3499984741211,100.9000015258789,103.25,144496
2024-05-08 13:15:00,103.25,103.94999694824219,102.5999984741211,103.30000305175781,143405
2024-05-09 09:15:00,103.4000015258789,103.94999694824219,102.0,102.5,105447
2024-05-09 13:15:00,102.5,102.5,100.55000305175781,101.0,335254
2024-05-10 09:15:00,101.3499984741211,102.5,99.75,101.4000015258789,79234
2024-05-10 13:15:00,101.4000015258789,102.3499984741211,100.6500015258789,101.9000015258789,132847
2024-05-13 09:15:00,101.6500015258789,105.0999984741211,100.9000015258789,104.69999694824219,315429
2024-05-13 13:15:00,104.69999694824219,105.5999984741211,103.25,104.4000015258789,194117
2024-05-14 09:15:00,104.05000305175781,105.30000305175781,103.69999694824219,103.94999694824219,100828
2024-05-14 13:15:00,103.94999694824219,107.0,103.69999694824219,106.69999694824219,333055
2024-05-15 09:15:00,107.44999694824219,108.6500015258789,106.1500015258789,106.80000305175781,90497
2024-05-15 13:15:00,106.80000305175781,107.1500015258789,106.5,106.5,63626
2024-05-16 09:15:00,107.05000305175781,107.44999694824219,106.0999984741211,106.5,158842
2024-05-16 13:15:00,106.5,106.6500015258789,105.5999984741211,106.1500015258789,90039
2024-05-17 09:15:00,106.0999984741211,109.9000015258789,106.0,109.75,475237
2024-05-17 13:15:00,109.5999984741211,109.69999694824219,108.25,108.4000015258789,262609
2024-05-21 09:15:00,107.4000015258789,109.5,106.4000015258789,107.0,240145
2024-05-21 13:15:00,106.80000305175781,108.5,106.3499984741211,106.9000015258789,135798
2024-05-22 09:15:00,107.8499984741211,108.0999984741211,106.0999984741211,106.69999694824219,129370
2024-05-22 13:15:00,106.5999984741211,107.1500015258789,106.5,106.80000305175781,72821
2024-05-23 09:15:00,106.94999694824219,107.9000015258789,106.25,106.25,74330
2024-05-23 13:15:00,106.25,106.5,105.5,106.0,97301
2024-05-24 09:15:00,105.69999694824219,106.9000015258789,105.44999694824219,105.5999984741211,97329
2024-05-24 13:15:00,105.6500015258789,105.75,104.4000015258789,104.75,124931
2024-05-27 09:15:00,106.0,107.0999984741211,104.25,105.0,226883
2024-05-27 13:15:00,105.0,106.0,104.0,104.55000305175781,130941
2024-05-28 09:15:00,106.05000305175781,106.05000305175781,102.80000305175781,103.55000305175781,159657
2024-05-28 13:15:00,103.55000305175781,104.0,102.75,103.25,153544
2024-05-29 09:15:00,102.80000305175781,104.0999984741211,102.6500015258789,103.5,56206
2024-05-29 13:15:00,103.6500015258789,103.6500015258789,102.5,102.8499984741211,90253
2024-05-30 09:15:00,102.1500015258789,103.1500015258789,101.25,101.9000015258789,145426
2024-05-30 13:15:00,101.75,102.0,101.0999984741211,101.9000015258789,337793
2024-05-31 09:15:00,100.69999694824219,101.8499984741211,96.0,98.5999984741211,446707
2024-05-31 13:15:00,98.5,99.25,97.44999694824219,98.30000305175781,226443
2024-06-03 09:15:00,102.94999694824219,102.94999694824219,97.1500015258789,97.6500015258789,369054
2024-06-03 13:15:00,97.5999984741211,97.8499984741211,96.69999694824219,97.1500015258789,342048
2024-06-04 09:15:00,99.0,99.69999694824219,86.30000305175781,91.19999694824219,907962
2024-06-04 13:15:00,91.25,93.0,89.30000305175781,89.75,323989
2024-06-05 09:15:00,93.80000305175781,94.0,87.5999984741211,93.1500015258789,806940
2024-06-05 13:15:00,93.19999694824219,94.75,92.69999694824219,93.0,937670
2024-06-06 09:15:00,94.0,98.25,93.5999984741211,96.5999984741211,179268
2024-06-06 13:15:00,96.69999694824219,97.5999984741211,96.0999984741211,96.5,149295
2024-06-07 09:15:00,97.44999694824219,99.0,96.69999694824219,97.80000305175781,95996
2024-06-07 13:15:00,97.6500015258789,99.5,97.5999984741211,98.05000305175781,187358
2024-06-10 09:15:00,98.70999908447266,102.19999694824219,98.70999908447266,100.30000305175781,281363
2024-06-10 13:15:00,100.30000305175781,100.55999755859375,99.75,99.9000015258789,154603
2024-06-11 09:15:00,102.06999969482422,102.0999984741211,99.41999816894531,100.18000030517578,132376
2024-06-11 13:15:00,100.25,101.66000366210938,100.1500015258789,100.55999755859375,280144
2024-06-12 09:15:00,101.12999725341797,102.94999694824219,101.0,102.61000061035156,412579
2024-06-12 13:15:00,102.66000366210938,102.8499984741211,102.5,102.62999725341797,223599
2024-06-13 09:15:00,103.44999694824219,104.5,102.76000213623047,104.19999694824219,406052
2024-06-13 13:15:00,104.22000122070312,104.98999786376953,103.37000274658203,104.36000061035156,783424
2024-06-14 09:15:00,104.51000213623047,106.0,103.23999786376953,104.8499984741211,297151
2024-06-14 13:15:00,104.8499984741211,105.44999694824219,103.98999786376953,105.05000305175781,338119
2024-06-18 09:15:00,105.79000091552734,105.80000305175781,102.83000183105469,103.16999816894531,2142972
2024-06-18 13:15:00,103.16999816894531,104.25,102.5,103.25,257126
2024-06-19 09:15:00,103.2699966430664,104.66999816894531,102.83000183105469,103.77999877929688,156622
2024-06-19 13:15:00,103.77999877929688,104.83999633789062,103.1500015258789,103.55000305175781,189598
2024-06-20 09:15:00,104.38999938964844,104.4800033569336,102.8499984741211,104.30000305175781,164579
2024-06-20 13:15:00,104.37999725341797,104.58000183105469,103.80000305175781,104.37999725341797,163364
2024-06-21 09:15:00,104.75,105.61000061035156,103.05999755859375,103.26000213623047,120251
2024-06-21 13:15:00,103.22000122070312,104.25,101.77999877929688,102.5999984741211,324253
2024-06-24 09:15:00,102.5999984741211,103.77999877929688,101.77999877929688,103.0999984741211,141007
2024-06-24 13:15:00,103.0999984741211,103.91999816894531,102.33000183105469,103.44999694824219,89961
2024-06-25 09:15:00,103.5999984741211,104.5999984741211,103.25,103.55999755859375,244270
2024-06-25 13:15:00,103.58000183105469,104.0,103.25,103.6500015258789,79139
2024-06-26 09:15:00,103.63999938964844,104.5,102.70999908447266,102.81999969482422,319823
2024-06-26 13:15:00,102.9000015258789,102.97000122070312,102.5999984741211,102.95999908447266,80325
2024-06-27 09:15:00,103.38999938964844,103.7699966430664,102.01000213623047,102.22000122070312,107667
2024-06-27 13:15:00,102.37999725341797,102.38999938964844,101.27999877929688,101.7699966430664,139880
2024-06-28 09:15:00,102.2300033569336,105.19999694824219,101.61000061035156,102.98999786376953,290230
2024-06-28 13:15:00,102.9000015258789,103.13999938964844,101.69000244140625,102.52999877929688,192318
2024-07-01 09:15:00,103.7300033569336,108.76000213623047,103.2699966430664,108.0,1341047
2024-07-01 13:15:00,108.01000213623047,108.91000366210938,107.44999694824219,107.55000305175781,524664
2024-07-02 09:15:00,108.6500015258789,108.9800033569336,106.20999908447266,107.16999816894531,432875
2024-07-02 13:15:00,107.0,107.69000244140625,106.08999633789062,106.9800033569336,196961
2024-07-03 09:15:00,106.98999786376953,108.19999694824219,105.27999877929688,105.58000183105469,215108
2024-07-03 13:15:00,105.69999694824219,105.79000091552734,104.70999908447266,105.02999877929688,175925
2024-07-04 09:15:00,105.47000122070312,106.83000183105469,105.11000061035156,105.91000366210938,162619
2024-07-04 13:15:00,105.8499984741211,106.0,105.02999877929688,105.38999938964844,109543
2024-07-05 09:15:00,105.4000015258789,106.68000030517578,105.12999725341797,105.8499984741211,223224
2024-07-05 13:15:00,105.98999786376953,106.30000305175781,105.5199966430664,106.19999694824219,117467
2024-07-08 09:15:00,107.01000213623047,107.44999694824219,105.33999633789062,105.72000122070312,437837
2024-07-08 13:15:00,105.80000305175781,105.94999694824219,105.54000091552734,105.69000244140625,246274
2024-07-09 09:15:00,105.75,108.56999969482422,105.69999694824219,107.26000213623047,224000
2024-07-09 13:15:00,107.16000366210938,107.79000091552734,106.19999694824219,106.55999755859375,172322
2024-07-10 09:15:00,107.0,107.69999694824219,105.69999694824219,107.19999694824219,403734
2024-07-10 13:15:00,107.18000030517578,107.37000274658203,106.0199966430664,106.5,237322
2024-07-11 09:15:00,106.80000305175781,115.66000366210938,106.55000305175781,113.5,4551388
2024-07-11 13:15:00,113.5,114.0,112.45999908447266,112.51000213623047,1704396
2024-07-12 09:15:00,113.4800033569336,114.16000366210938,111.55999755859375,113.01000213623047,1521726
2024-07-12 13:15:00,113.1500015258789,114.19999694824219,111.66000366210938,112.0,677192
2024-07-15 09:15:00,112.72000122070312,113.4800033569336,109.80000305175781,110.0,1147014
2024-07-15 13:15:00,109.94999694824219,110.0,108.9000015258789,109.30000305175781,442866
2024-07-16 09:15:00,110.47000122070312,115.0,110.47000122070312,111.79000091552734,803562
2024-07-16 13:15:00,111.77999877929688,111.87999725341797,110.61000061035156,110.98999786376953,265786
2024-07-18 09:15:00,110.5199966430664,116.5,110.5199966430664,112.91000366210938,2649268
2024-07-18 13:15:00,112.9800033569336,113.25,111.25,111.93000030517578,440245
2024-07-19 09:15:00,113.0,114.55000305175781,108.1500015258789,108.7699966430664,527815
2024-07-19 13:15:00,109.0,111.16999816894531,108.62999725341797,110.81999969482422,288614
2024-07-22 09:15:00,109.98999786376953,111.44000244140625,107.69999694824219,109.61000061035156,262885
2024-07-22 13:15:00,109.69999694824219,109.9800033569336,108.55999755859375,108.9000015258789,124452
2024-07-23 09:15:00,109.5,113.68000030517578,102.7300033569336,106.0999984741211,1805718
2024-07-23 13:15:00,106.0999984741211,109.31999969482422,105.5,108.0,337714
2024-07-24 09:15:00,108.05000305175781,114.11000061035156,107.9800033569336,109.77999877929688,476653
2024-07-24 13:15:00,109.91999816894531,110.62000274658203,109.05999755859375,109.91000366210938,306953
2024-07-25 09:15:00,109.79000091552734,112.0199966430664,109.01000213623047,109.9800033569336,379516
2024-07-25 13:15:00,110.0,110.33999633789062,109.5,109.98999786376953,293375
2024-07-26 09:15:00,110.9800033569336,113.37000274658203,110.75,112.06999969482422,556781
2024-07-26 13:15:00,112.06999969482422,112.19000244140625,111.55000305175781,111.80000305175781,402260
2024-07-29 09:15:00,112.9000015258789,115.4800033569336,112.63999938964844,112.80000305175781,549830
2024-07-29 13:15:00,112.80000305175781,112.94999694824219,111.5999984741211,111.91999816894531,641583
2024-07-30 09:15:00,112.3499984741211,113.75,112.0999984741211,112.87999725341797,539235
2024-07-30 13:15:00,112.87999725341797,112.87999725341797,111.01000213623047,111.4800033569336,362857
2024-07-31 09:15:00,111.94000244140625,111.95999908447266,110.0,110.58000183105469,661608
2024-07-31 13:15:00,110.58000183105469,110.58000183105469,109.75,109.91999816894531,454486
2024-08-01 09:15:00,110.54000091552734,111.44000244140625,108.4000015258789,109.1500015258789,369199
2024-08-01 13:15:00,109.16000366210938,109.44000244140625,108.0,108.80999755859375,170026
2024-08-02 09:15:00,108.01000213623047,110.02999877929688,107.1500015258789,108.72000122070312,361377
2024-08-02 13:15:00,108.5999984741211,109.06999969482422,108.01000213623047,109.0,131623
2024-08-05 09:15:00,106.87000274658203,107.5999984741211,102.69999694824219,103.31999969482422,904904
2024-08-05 13:15:00,103.11000061035156,103.93000030517578,102.69999694824219,102.75,735304
2024-08-06 09:15:00,103.05999755859375,105.44000244140625,103.05999755859375,103.62000274658203,276951
2024-08-06 13:15:00,103.62999725341797,103.62999725341797,101.0999984741211,101.75,515797
2024-08-07 09:15:00,103.77999877929688,104.69999694824219,102.30999755859375,103.94000244140625,180814
2024-08-07 13:15:00,103.94000244140625,104.7699966430664,103.81999969482422,104.29000091552734,187743
2024-08-08 09:15:00,104.2300033569336,106.9000015258789,104.0,104.97000122070312,377805
2024-08-08 13:15:00,104.9800033569336,105.30000305175781,104.0,104.05999755859375,156714
2024-08-09 09:15:00,102.51000213623047,103.83000183105469,101.2699966430664,101.4800033569336,690764
2024-08-09 13:15:00,101.4000015258789,101.93000030517578,100.9000015258789,100.95999908447266,299136
2024-08-12 09:15:00,101.0,101.04000091552734,98.0999984741211,98.8499984741211,278074
2024-08-12 13:15:00,98.8499984741211,99.0,98.0999984741211,98.4000015258789,312823
2024-08-13 09:15:00,99.4000015258789,99.58999633789062,97.19999694824219,97.25,803675
2024-08-13 13:15:00,97.22000122070312,97.80999755859375,97.19999694824219,97.47000122070312,315361
2024-08-14 09:15:00,97.87999725341797,98.19999694824219,95.41000366210938,96.48999786376953,347261
2024-08-14 13:15:00,96.5,96.98999786376953,96.04000091552734,96.95999908447266,157689
2024-08-16 09:15:00,98.01000213623047,100.73999786376953,97.25,100.19999694824219,713901
2024-08-16 13:15:00,100.19999694824219,100.5199966430664,99.20999908447266,99.87000274658203,164844
2024-08-19 09:15:00,101.0,101.0,99.80000305175781,100.62000274658203,174253
2024-08-19 13:15:00,100.73999786376953,101.8499984741211,100.1500015258789,101.5,182963
2024-08-20 09:15:00,102.5,102.5,101.0999984741211,101.79000091552734,363038
2024-08-20 13:15:00,101.79000091552734,102.80000305175781,101.58999633789062,102.3499984741211,250068
2024-08-21 09:15:00,101.79000091552734,102.72000122070312,101.30999755859375,102.55000305175781,208084
2024-08-21 13:15:00,102.56999969482422,102.94999694824219,102.11000061035156,102.30000305175781,134457
2024-08-22 09:15:00,102.80000305175781,102.88999938964844,101.04000091552734,101.25,347260
2024-08-22 13:15:00,101.33999633789062,101.47000122070312,100.80000305175781,101.31999969482422,158471
2024-08-23 09:15:00,101.30000305175781,102.0999984741211,100.55999755859375,101.2300033569336,243130
2024-08-23 13:15:00,101.23999786376953,101.41999816894531,100.19999694824219,100.55000305175781,216218
2024-08-26 09:15:00,101.25,101.5,100.20999908447266,100.20999908447266,138329
2024-08-26 13:15:00,100.31999969482422,100.55999755859375,99.5,99.9000015258789,262980
2024-08-27 09:15:00,101.33999633789062,101.33999633789062,99.0,99.02999877929688,152934
2024-08-27 13:15:00,99.02999877929688,99.69999694824219,98.76000213623047,98.9000015258789,691861
2024-08-28 09:15:00,99.5,103.4800033569336,99.5,101.16999816894531,472275
2024-08-28 13:15:00,101.16999816894531,101.27999877929688,100.26000213623047,100.45999908447266,374611
2024-08-29 09:15:00,100.77999877929688,101.5,99.8499984741211,99.94999694824219,202714
2024-08-29 13:15:00,99.93000030517578,100.19999694824219,99.5999984741211,99.94999694824219,155572
2024-08-30 09:15:00,100.36000061035156,101.0,99.68000030517578,100.0,223956
2024-08-30 13:15:00,100.0,100.19999694824219,99.79000091552734,99.9800033569336,255699
2024-09-02 09:15:00,100.97000122070312,100.97000122070312,99.66000366210938,99.83999633789062,127126
2024-09-02 13:15:00,99.68000030517578,100.48999786376953,99.5,100.48999786376953,145460
2024-09-03 09:15:00,100.75,101.4800033569336,99.5999984741211,99.98999786376953,351534
2024-09-03 13:15:00,99.98999786376953,100.0,99.62000274658203,99.94000244140625,140072
2024-09-04 09:15:00,99.44999694824219,100.83000183105469,99.25,100.0,245662
2024-09-04 13:15:00,100.0,100.19000244140625,99.75,99.9800033569336,133055
2024-09-05 09:15:00,100.66999816894531,100.66999816894531,98.66000366210938,98.9000015258789,685124
2024-09-05 13:15:00,98.91000366210938,99.48999786376953,98.0999984741211,98.44000244140625,1368168
2024-09-06 09:15:00,98.44999694824219,100.0,98.41999816894531,98.72000122070312,145708
2024-09-06 13:15:00,98.72000122070312,98.72000122070312,97.6500015258789,98.01000213623047,221643
2024-09-09 09:15:00,98.83999633789062,98.83999633789062,96.75,96.93000030517578,140400
2024-09-09 13:15:00,97.0,98.9000015258789,96.88999938964844,98.19000244140625,215672
2024-09-10 09:15:00,98.4000015258789,99.5,97.61000061035156,97.94000244140625,237128
2024-09-10 13:15:00,97.95999908447266,97.95999908447266,97.26000213623047,97.80000305175781,228730
2024-09-11 09:15:00,97.76000213623047,99.04000091552734,97.5999984741211,97.5999984741211,93977
2024-09-11 13:15:00,97.70999908447266,97.77999877929688,96.20999908447266,96.6500015258789,222260
2024-09-12 09:15:00,97.37000274658203,97.5,96.25,96.98999786376953,309659
2024-09-12 13:15:00,96.98999786376953,97.9000015258789,96.76000213623047,97.9000015258789,120428
2024-09-13 09:15:00,97.98999786376953,98.83000183105469,97.12999725341797,97.5999984741211,337504
2024-09-13 13:15:00,97.73999786376953,98.27999877929688,97.0,97.30999755859375,243560
2024-09-16 09:15:00,97.80000305175781,99.58999633789062,97.80000305175781,97.88999938964844,232500
2024-09-16 13:15:00,97.83999633789062,97.94999694824219,96.80999755859375,97.2300033569336,394891
2024-09-17 09:15:00,97.88999938964844,98.44000244140625,96.9000015258789,97.12000274658203,384189
2024-09-17 13:15:00,97.13999938964844,97.80999755859375,96.80000305175781,97.44000244140625,219634
2024-09-18 09:15:00,97.01000213623047,97.9000015258789,96.87000274658203,96.98999786376953,252383
2024-09-18 13:15:00,96.98999786376953,97.25,96.4800033569336,96.87999725341797,230990
2024-09-19 09:15:00,97.55000305175781,98.01000213623047,94.8499984741211,94.93000030517578,375672
2024-09-19 13:15:00,95.0,95.5,94.80000305175781,95.30000305175781,152172
2024-09-20 09:15:00,96.9000015258789,96.9000015258789,93.75,93.9000015258789,559329
2024-09-20 13:15:00,93.87999725341797,94.0999984741211,93.51000213623047,94.0,313632
2024-09-23 09:15:00,93.22000122070312,95.68000030517578,93.22000122070312,94.69999694824219,290474
2024-09-23 13:15:00,94.5,94.51000213623047,93.80000305175781,93.9800033569336,368236
2024-09-24 09:15:00,94.76000213623047,95.25,93.44999694824219,93.6500015258789,323184
2024-09-24 13:15:00,93.5999984741211,93.83999633789062,93.19999694824219,93.33000183105469,252143
2024-09-25 09:15:00,93.3499984741211,94.36000061035156,93.01000213623047,93.4000015258789,571129
2024-09-25 13:15:00,93.38999938964844,93.38999938964844,92.75,92.9000015258789,265850
2024-09-26 09:15:00,92.51000213623047,93.4000015258789,91.8499984741211,91.9000015258789,260309
2024-09-26 13:15:00,91.9000015258789,92.3499984741211,91.5,91.69999694824219,194206
2024-09-27 09:15:00,91.97000122070312,92.87000274658203,91.3499984741211,91.48999786376953,216472
2024-09-27 13:15:00,91.48999786376953,92.5,91.4000015258789,92.0199966430664,173748
2024-09-30 09:15:00,92.43000030517578,92.9800033569336,91.05999755859375,91.48999786376953,220071
2024-09-30 13:15:00,91.48999786376953,91.75,91.1500015258789,91.33000183105469,117307
2024-10-01 09:15:00,91.3499984741211,93.0,91.3499984741211,92.38999938964844,652226
2024-10-01 13:15:00,92.30000305175781,92.9000015258789,92.23999786376953,92.9000015258789,216644
2024-10-03 09:15:00,92.19999694824219,92.19999694824219,90.25,90.4000015258789,303053
2024-10-03 13:15:00,90.43000030517578,90.48999786376953,89.70999908447266,90.05000305175781,406308
2024-10-04 09:15:00,90.9800033569336,90.9800033569336,88.16000366210938,89.08999633789062,184001
2024-10-04 13:15:00,89.08999633789062,89.27999877929688,88.5,88.9800033569336,248323
2024-10-07 09:15:00,89.68000030517578,91.31999969482422,88.0199966430664,89.73999786376953,555120
2024-10-07 13:15:00,89.77999877929688,89.80999755859375,88.55999755859375,88.75,342004
2024-10-08 09:15:00,88.48999786376953,89.56999969482422,87.47000122070312,89.26000213623047,503014
2024-10-08 13:15:00,89.23999786376953,89.30999755859375,88.3499984741211,88.86000061035156,344369
2024-10-09 09:15:00,89.0999984741211,90.0,88.7300033569336,88.93000030517578,322115
2024-10-09 13:15:00,88.93000030517578,89.25,88.5,89.25,98883
2024-10-10 09:15:00,89.79000091552734,89.79000091552734,88.75,88.9000015258789,160666
2024-10-10 13:15:00,88.9800033569336,89.05999755859375,87.70999908447266,88.05999755859375,235607
2024-10-11 09:15:00,88.69999694824219,88.80000305175781,87.80999755859375,88.0,306900
2024-10-11 13:15:00,88.0,88.20999908447266,87.62000274658203,88.12000274658203,137788
2024-10-14 09:15:00,87.83000183105469,88.87999725341797,87.19999694824219,87.5999984741211,210133
2024-10-14 13:15:00,87.55999755859375,88.18000030517578,87.30000305175781,87.68000030517578,290514
2024-10-15 09:15:00,88.4000015258789,88.43000030517578,86.73999786376953,86.75,250571
2024-10-15 13:15:00,86.72000122070312,87.48999786376953,86.72000122070312,87.4000015258789,158628
2024-10-16 09:15:00,87.18000030517578,87.76000213623047,86.77999877929688,87.19000244140625,142251
2024-10-16 13:15:00,87.18000030517578,87.26000213623047,86.5999984741211,86.87999725341797,370239
2024-10-17 09:15:00,87.5,87.98999786376953,85.80000305175781,85.9000015258789,241379
2024-10-17 13:15:00,85.9000015258789,86.1500015258789,85.48999786376953,85.81999969482422,156775
2024-10-18 09:15:00,86.1500015258789,86.1500015258789,83.63999938964844,85.1500015258789,172924
2024-10-18 13:15:00,85.29000091552734,86.47000122070312,85.26000213623047,86.01000213623047,192152
2024-10-21 09:15:00,86.36000061035156,86.72000122070312,84.5,84.91999816894531,228881
2024-10-21 13:15:00,84.91999816894531,85.58999633789062,84.72000122070312,85.0,156891
2024-10-22 09:15:00,85.69999694824219,85.69999694824219,82.0999984741211,82.51000213623047,263555
2024-10-22 13:15:00,82.5199966430664,83.94999694824219,82.1500015258789,82.91000366210938,263943
2024-10-23 09:15:00,83.5999984741211,84.2699966430664,81.41999816894531,83.5999984741211,178371
2024-10-23 13:15:00,83.5999984741211,84.25,83.2300033569336,83.72000122070312,82002
2024-10-24 09:15:00,83.70999908447266,83.95999908447266,82.36000061035156,82.6500015258789,125237
2024-10-24 13:15:00,82.6500015258789,83.0199966430664,82.08999633789062,82.5,135361
2024-10-25 09:15:00,82.83000183105469,96.55000305175781,82.83000183105469,85.22000122070312,5669695
2024-10-25 13:15:00,85.19999694824219,85.2300033569336,82.12000274658203,83.9000015258789,1186717
2024-10-28 09:15:00,84.12999725341797,88.25,83.23999786376953,85.98999786376953,729601
2024-10-28 13:15:00,85.98999786376953,86.04000091552734,84.44999694824219,84.69999694824219,335891
2024-10-29 09:15:00,84.98999786376953,86.86000061035156,84.16999816894531,85.16000366210938,345584
2024-10-29 13:15:00,85.08000183105469,85.7300033569336,84.97000122070312,85.37999725341797,211843
2024-10-30 09:15:00,84.83999633789062,88.91999816894531,84.83000183105469,88.77999877929688,277560
2024-10-30 13:15:00,88.80000305175781,90.05999755859375,88.0,88.23999786376953,575254
2024-10-31 09:15:00,88.1500015258789,90.19999694824219,87.5,88.47000122070312,355263
2024-10-31 13:15:00,88.33999633789062,88.52999877929688,87.7300033569336,88.0,206502
2024-11-04 09:15:00,89.88999938964844,90.5,87.63999938964844,89.19999694824219,388392
2024-11-04 13:15:00,89.19999694824219,89.25,87.44000244140625,87.8499984741211,212711
2024-11-05 09:15:00,87.97000122070312,88.4000015258789,86.0999984741211,86.5999984741211,254797
2024-11-05 13:15:00,86.61000061035156,87.44000244140625,86.31999969482422,86.94999694824219,134860
2024-11-06 09:15:00,87.05000305175781,89.68000030517578,87.05000305175781,88.55999755859375,217709
2024-11-06 13:15:00,88.58999633789062,88.94999694824219,88.23999786376953,88.7300033569336,177400
2024-11-07 09:15:00,89.0,89.5,87.69999694824219,87.93000030517578,119428
2024-11-07 13:15:00,88.05000305175781,88.19999694824219,87.0,87.5,167042
2024-11-08 09:15:00,87.63999938964844,88.47000122070312,87.20999908447266,87.5,173202
2024-11-08 13:15:00,87.5,87.88999938964844,86.75,87.0999984741211,216874
2024-11-11 09:15:00,86.0,88.44999694824219,85.69999694824219,87.75,123831
2024-11-11 13:15:00,87.79000091552734,89.58999633789062,85.33000183105469,88.66999816894531,667132
2024-11-12 09:15:00,88.76000213623047,88.76000213623047,86.29000091552734,86.51000213623047,101306
2024-11-12 13:15:00,86.52999877929688,86.94999694824219,86.0,86.2300033569336,112845
2024-11-13 09:15:00,86.0199966430664,86.26000213623047,83.02999877929688,83.73999786376953,182108
2024-11-13 13:15:00,83.62999725341797,84.12999725341797,83.0,83.69999694824219,187453
2024-11-14 09:15:00,83.75,86.51000213623047,83.72000122070312,84.7300033569336,125804
2024-11-14 13:15:00,84.76000213623047,85.13999938964844,83.4000015258789,84.0999984741211,152456
2024-11-18 09:15:00,83.87000274658203,84.5199966430664,82.25,84.0999984741211,100128
2024-11-18 13:15:00,84.0999984741211,84.48999786376953,83.54000091552734,84.01000213623047,92503
2024-11-19 09:15:00,84.88999938964844,85.48999786376953,84.12000274658203,84.91999816894531,80087
2024-11-19 13:15:00,84.98999786376953,85.19999694824219,83.01000213623047,83.33999633789062,183494
2024-11-21 09:15:00,84.0,84.0,81.19000244140625,81.91000366210938,241764
2024-11-21 13:15:00,81.9000015258789,82.16999816894531,81.5,81.66000366210938,127430
2024-11-22 09:15:00,82.9000015258789,83.45999908447266,81.80000305175781,82.81999969482422,144207
2024-11-22 13:15:00,82.81999969482422,83.48999786376953,82.0,83.22000122070312,182527
2024-11-25 09:15:00,84.0999984741211,84.44000244140625,83.0,83.0,191026
2024-11-25 13:15:00,83.04000091552734,83.54000091552734,82.5,83.12999725341797,570995
2024-11-26 09:15:00,83.4000015258789,83.79000091552734,82.69999694824219,83.3499984741211,273883
2024-11-26 13:15:00,83.3499984741211,83.58000183105469,82.70999908447266,83.11000061035156,243800
2024-11-27 09:15:00,83.30000305175781,84.25,82.83999633789062,83.26000213623047,1002053
2024-11-27 13:15:00,83.29000091552734,83.44000244140625,82.91000366210938,83.0,285457
2024-11-28 09:15:00,83.70999908447266,84.12999725341797,82.91999816894531,82.93000030517578,182227
2024-11-28 13:15:00,82.9800033569336,84.16000366210938,82.9000015258789,83.62000274658203,220782
2024-11-29 09:15:00,83.63999938964844,84.0,82.4000015258789,82.41999816894531,409165
2024-11-29 13:15:00,82.41999816894531,83.25,82.0,82.4000015258789,613759
2024-12-02 09:15:00,83.25,83.25,82.0999984741211,82.52999877929688,296300
2024-12-02 13:15:00,82.52999877929688,83.25,81.77999877929688,82.0199966430664,1444389
2024-12-03 09:15:00,83.3499984741211,83.76000213623047,81.98999786376953,82.33000183105469,888134
2024-12-03 13:15:00,82.33000183105469,82.94999694824219,82.33000183105469,82.69000244140625,524615
2024-12-04 09:15:00,83.29000091552734,83.55000305175781,81.70999908447266,82.05000305175781,857751
2024-12-04 13:15:00,82.05000305175781,82.44999694824219,82.0,82.22000122070312,356236
2024-12-05 09:15:00,83.30000305175781,85.1500015258789,82.0999984741211,82.5999984741211,1077641
2024-12-05 13:15:00,82.5999984741211,82.9000015258789,81.5,81.5,3854460
2024-12-06 09:15:00,82.19999694824219,82.7300033569336,81.80000305175781,82.0,935734
2024-12-06 13:15:00,82.0,82.06999969482422,81.5,81.68000030517578,1209360
2024-12-09 09:15:00,82.47000122070312,85.80000305175781,81.9800033569336,84.66999816894531,1839191
2024-12-09 13:15:00,84.6500015258789,84.80000305175781,84.04000091552734,84.80000305175781,1107106
2024-12-10 09:15:00,85.19999694824219,88.23999786376953,83.9800033569336,87.7300033569336,3355126
2024-12-10 13:15:00,87.75,90.91000366210938,87.18000030517578,90.33999633789062,4127781
2024-12-11 09:15:00,91.23999786376953,92.0999984741211,88.05000305175781,88.5999984741211,595855
2024-12-11 13:15:00,88.5999984741211,90.13999938964844,88.27999877929688,89.5999984741211,1109795
2024-12-12 09:15:00,90.0999984741211,90.0999984741211,87.3499984741211,87.56999969482422,253102
2024-12-12 13:15:00,87.61000061035156,88.4000015258789,87.30000305175781,87.37000274658203,417874
2024-12-13 09:15:00,87.4000015258789,87.94999694824219,85.25,86.75,534472
2024-12-13 13:15:00,86.86000061035156,88.29000091552734,86.4800033569336,87.38999938964844,378043
2024-12-16 09:15:00,87.41999816894531,89.16999816894531,87.11000061035156,88.06999969482422,364162
2024-12-16 13:15:00,88.13999938964844,88.5,87.69999694824219,88.25,310958
2024-12-17 09:15:00,87.94999694824219,88.0199966430664,86.69999694824219,86.73999786376953,247213
2024-12-17 13:15:00,86.73999786376953,86.98999786376953,86.0,86.58999633789062,213152
2024-12-18 09:15:00,85.98999786376953,87.0199966430664,83.5,84.04000091552734,522580
2024-12-18 13:15:00,84.04000091552734,84.30000305175781,83.41000366210938,83.72000122070312,981673
2024-12-19 09:15:00,83.72000122070312,83.8499984741211,82.6500015258789,83.44999694824219,231739
2024-12-19 13:15:00,83.51000213623047,83.72000122070312,82.66999816894531,82.7699966430664,393437
2024-12-20 09:15:00,83.4000015258789,83.5999984741211,80.75,81.0,676790
2024-12-20 13:15:00,81.0,81.55999755859375,80.01000213623047,81.01000213623047,713346
2024-12-23 09:15:00,82.08999633789062,82.0999984741211,80.0,80.30000305175781,523069
2024-12-23 13:15:00,80.38999938964844,80.5,79.91999816894531,80.05000305175781,890792
2024-12-24 09:15:00,80.19000244140625,82.19000244140625,80.08000183105469,81.12000274658203,480753
2024-12-24 13:15:00,81.19000244140625,81.47000122070312,80.76000213623047,81.19000244140625,396028
2024-12-26 09:15:00,81.98999786376953,82.0999984741211,79.66000366210938,80.11000061035156,1264460
2024-12-26 13:15:00,80.13999938964844,80.83999633789062,79.83000183105469,80.48999786376953,486717
2024-12-27 09:15:00,80.9800033569336,81.29000091552734,79.70999908447266,79.9800033569336,779337
2024-12-27 13:15:00,80.0,80.0,79.77999877929688,79.95999908447266,410269
2024-12-30 09:15:00,79.87000274658203,80.8499984741211,79.0199966430664,79.58999633789062,1191055
2024-12-30 13:15:00,79.58999633789062,82.08999633789062,79.0,79.30999755859375,768827
2024-12-31 09:15:00,79.12000274658203,80.7300033569336,78.75,80.0,359857
2024-12-31 13:15:00,80.0,80.4000015258789,79.8499984741211,79.94999694824219,812591
2025-01-01 09:15:00,80.01000213623047,82.37999725341797,80.0,82.02999877929688,313179
2025-01-01 13:15:00,82.11000061035156,83.0,82.0999984741211,82.83000183105469,198828
2025-01-02 09:15:00,83.58999633789062,83.58999633789062,81.9000015258789,82.19999694824219,144770
2025-01-02 13:15:00,82.23999786376953,82.48999786376953,81.77999877929688,82.19999694824219,303228
2025-01-03 09:15:00,82.48999786376953,83.12999725341797,82.22000122070312,82.83999633789062,206752
2025-01-03 13:15:00,82.81999969482422,82.9000015258789,82.0999984741211,82.69999694824219,206990
2025-01-06 09:15:00,82.5999984741211,82.5999984741211,80.51000213623047,81.20999908447266,1382651
2025-01-06 13:15:00,81.26000213623047,81.36000061035156,80.0,80.19999694824219,350827
2025-01-07 09:15:00,80.95999908447266,80.95999908447266,78.91999816894531,79.0,352212
2025-01-07 13:15:00,79.0,80.4000015258789,78.86000061035156,80.01000213623047,331656
2025-01-08 09:15:00,80.26000213623047,80.26000213623047,79.19000244140625,79.37999725341797,138118
2025-01-08 13:15:00,79.37999725341797,80.83999633789062,79.19000244140625,80.51000213623047,227588
2025-01-09 09:15:00,80.19000244140625,80.38999938964844,79.12000274658203,80.01000213623047,165347
2025-01-09 13:15:00,80.0,80.0999984741211,79.0,79.27999877929688,346451
2025-01-10 09:15:00,79.11000061035156,79.61000061035156,77.11000061035156,79.44000244140625,418184
2025-01-10 13:15:00,79.4000015258789,79.94999694824219,79.0,79.80999755859375,521270
2025-01-13 09:15:00,80.29000091552734,80.29000091552734,76.80000305175781,76.94000244140625,221140
2025-01-13 13:15:00,76.94000244140625,77.30000305175781,76.0,76.0999984741211,430246
2025-01-14 09:15:00,76.5999984741211,77.81999969482422,76.22000122070312,76.9000015258789,204850
2025-01-14 13:15:00,77.0,78.19999694824219,76.95999908447266,77.75,257607
2025-01-15 09:15:00,78.4800033569336,78.69000244140625,77.16999816894531,78.29000091552734,109937
2025-01-15 13:15:00,78.0999984741211,78.33999633789062,77.51000213623047,77.94999694824219,142402
2025-01-16 09:15:00,78.98999786376953,79.05000305175781,78.25,78.43000030517578,118776
2025-01-16 13:15:00,78.55000305175781,79.2300033569336,78.4000015258789,78.66000366210938,153038
2025-01-17 09:15:00,78.7699966430664,79.98999786376953,78.43000030517578,78.79000091552734,148478
2025-01-17 13:15:00,78.79000091552734,79.75,78.66999816894531,79.33000183105469,204156
2025-01-20 09:15:00,79.94000244140625,81.12000274658203,79.30000305175781,80.9800033569336,114048
2025-01-20 13:15:00,80.76000213623047,81.19999694824219,80.5199966430664,80.97000122070312,119698
2025-01-21 09:15:00,81.01000213623047,81.73999786376953,79.86000061035156,80.16999816894531,138780
2025-01-21 13:15:00,80.08999633789062,80.25,79.12999725341797,79.48999786376953,105939
2025-01-22 09:15:00,79.80000305175781,79.97000122070312,77.19999694824219,77.5999984741211,150944
2025-01-22 13:15:00,77.69000244140625,79.19999694824219,77.23999786376953,78.98999786376953,258540
2025-01-23 09:15:00,77.69999694824219,78.9800033569336,77.66999816894531,78.05000305175781,108062
2025-01-23 13:15:00,78.05000305175781,78.51000213623047,77.69999694824219,78.19999694824219,111780
2025-01-24 09:15:00,78.5,78.79000091552734,77.5199966430664,77.8499984741211,117469
2025-01-24 13:15:00,77.8499984741211,77.98999786376953,77.4000015258789,77.4800033569336,203904
2025-01-27 09:15:00,76.98999786376953,77.01000213623047,75.0,75.38999938964844,262970
2025-01-27 13:15:00,75.45999908447266,75.88999938964844,75.01000213623047,75.06999969482422,162376
2025-01-28 09:15:00,76.05000305175781,76.44999694824219,73.5,74.94999694824219,466037
2025-01-28 13:15:00,74.94999694824219,75.29000091552734,73.9000015258789,74.0,260234
2025-01-29 09:15:00,73.95999908447266,76.94999694824219,73.95999908447266,76.16000366210938,93989
2025-01-29 13:15:00,76.20999908447266,77.58999633789062,76.19999694824219,77.0,116683
2025-01-30 09:15:00,77.16000366210938,77.16000366210938,75.33999633789062,76.05999755859375,425788
2025-01-30 13:15:00,76.05000305175781,76.19000244140625,75.25,75.66999816894531,278422
2025-01-31 09:15:00,76.11000061035156,76.33000183105469,74.80000305175781,75.75,270262
2025-01-31 13:15:00,75.75,76.5999984741211,75.44999694824219,76.12999725341797,272926
2025-02-03 09:15:00,75.0199966430664,76.94999694824219,74.51000213623047,74.81999969482422,176221
2025-02-03 13:15:00,74.75,74.87999725341797,74.0,74.33000183105469,223044
2025-02-04 09:15:00,79.0199966430664,79.16000366210938,75.0,75.25,1100783
2025-02-04 13:15:00,75.29000091552734,75.80000305175781,75.0,75.44000244140625,477947
2025-02-05 09:15:00,76.3499984741211,76.66000366210938,75.6500015258789,76.13999938964844,533650
2025-02-05 13:15:00,76.0999984741211,76.36000061035156,75.70999908447266,75.98999786376953,257400
2025-02-06 09:15:00,76.9800033569336,76.9800033569336,75.8499984741211,76.16999816894531,396322
2025-02-06 13:15:00,76.16000366210938,76.29000091552734,75.83999633789062,76.01000213623047,344861
2025-02-07 09:15:00,76.5999984741211,76.5999984741211,74.55999755859375,74.9000015258789,170694
2025-02-07 13:15:00,74.81999969482422,75.0,74.5999984741211,75.0,145013
2025-02-10 09:15:00,75.94000244140625,75.94000244140625,73.80000305175781,73.9000015258789,103959
2025-02-10 13:15:00,73.94999694824219,75.0,73.87999725341797,75.0,154264
2025-02-11 09:15:00,74.80000305175781,74.80000305175781,72.25,72.26000213623047,309306
2025-02-11 13:15:00,72.33000183105469,74.3499984741211,72.01000213623047,73.52999877929688,274642
2025-02-12 09:15:00,73.88999938964844,73.88999938964844,69.41000366210938,70.93000030517578,393542
2025-02-12 13:15:00,70.9000015258789,71.30000305175781,70.19999694824219,71.30000305175781,284694
2025-02-13 09:15:00,70.87999725341797,72.22000122070312,70.01000213623047,72.0199966430664,304605
2025-02-13 13:15:00,72.0,72.19000244140625,71.75,71.98999786376953,350948
2025-02-14 09:15:00,71.98999786376953,72.19000244140625,69.5999984741211,70.2300033569336,409350
2025-02-14 13:15:00,70.19999694824219,72.94999694824219,69.5,70.97000122070312,201201
2025-02-17 09:15:00,71.27999877929688,71.27999877929688,68.4000015258789,68.81999969482422,179242
2025-02-17 13:15:00,68.88999938964844,70.12000274658203,68.61000061035156,69.75,138271
2025-02-18 09:15:00,69.80999755859375,69.80999755859375,68.4000015258789,68.48999786376953,219188
2025-02-18 13:15:00,68.48999786376953,70.9000015258789,68.48999786376953,69.95999908447266,297097
2025-02-19 09:15:00,69.7300033569336,71.9000015258789,68.43000030517578,70.0,282331
2025-02-19 13:15:00,69.9000015258789,70.0,69.47000122070312,69.80000305175781,129854
2025-02-20 09:15:00,69.19999694824219,69.76000213623047,68.5999984741211,68.95999908447266,406221
2025-02-20 13:15:00,68.97000122070312,69.44999694824219,68.79000091552734,69.44999694824219,302263
2025-02-21 09:15:00,68.9800033569336,70.0999984741211,67.93000030517578,68.30999755859375,205511
2025-02-21 13:15:00,68.27999877929688,68.33000183105469,67.76000213623047,68.05999755859375,235050
2025-02-24 09:15:00,68.75,68.75,65.83999633789062,67.94999694824219,303627
2025-02-24 13:15:00,67.9800033569336,68.4800033569336,67.5999984741211,67.61000061035156,441332
2025-02-25 09:15:00,67.55999755859375,67.55999755859375,65.80999755859375,65.93000030517578,1378683
2025-02-25 13:15:00,65.91999816894531,65.98999786376953,64.5999984741211,64.98999786376953,546767
2025-02-27 09:15:00,64.93000030517578,64.93000030517578,60.970001220703125,61.849998474121094,1153418
2025-02-27 13:15:00,61.849998474121094,62.4900016784668,61.849998474121094,62.349998474121094,465803
2025-02-28 09:15:00,62.220001220703125,62.220001220703125,58.900001525878906,59.4900016784668,930149
2025-02-28 13:15:00,59.52000045776367,60.400001525878906,59.20000076293945,60.11000061035156,1057235
2025-03-03 09:15:00,60.400001525878906,60.779998779296875,56.900001525878906,58.790000915527344,992273
2025-03-03 13:15:00,58.880001068115234,59.81999969482422,58.459999084472656,58.849998474121094,575050
2025-03-04 09:15:00,58.849998474121094,59.2599983215332,57.779998779296875,57.93000030517578,517058
2025-03-04 13:15:00,57.93000030517578,59.310001373291016,57.90999984741211,58.86000061035156,534846
2025-03-05 09:15:00,59.20000076293945,60.650001525878906,58.29999923706055,60.310001373291016,940134
2025-03-05 13:15:00,60.2599983215332,60.84000015258789,60.130001068115234,60.5099983215332,736025
2025-03-06 09:15:00,61.290000915527344,63.95000076293945,60.9900016784668,63.70000076293945,394358
2025-03-06 13:15:00,63.70000076293945,63.91999816894531,63.18000030517578,63.599998474121094,414701
2025-03-07 09:15:00,63.79999923706055,65.05000305175781,63.11000061035156,63.900001525878906,527509
2025-03-07 13:15:00,63.93000030517578,64.0999984741211,63.130001068115234,63.290000915527344,659987
2025-03-10 09:15:00,63.7400016784668,63.779998779296875,61.52000045776367,61.68000030517578,289528
2025-03-10 13:15:00,61.68000030517578,61.68000030517578,60.7400016784668,61.08000183105469,338725
2025-03-11 09:15:00,61.0,61.0,58.849998474121094,59.59000015258789,855671
2025-03-11 13:15:00,59.59000015258789,60.540000915527344,59.33000183105469,60.09000015258789,658531
2025-03-12 09:15:00,60.099998474121094,61.31999969482422,60.0,60.119998931884766,480788
2025-03-12 13:15:00,60.22999954223633,60.29999923706055,59.290000915527344,59.869998931884766,882249
2025-03-13 09:15:00,59.880001068115234,60.099998474121094,58.79999923706055,59.119998931884766,344679
2025-03-13 13:15:00,59.18000030517578,59.22999954223633,58.04999923706055,58.29999923706055,507873
2025-03-17 09:15:00,58.88999938964844,59.36000061035156,58.16999816894531,58.689998626708984,395390
2025-03-17 13:15:00,58.59000015258789,58.90999984741211,57.88999938964844,58.18000030517578,428066
2025-03-18 09:15:00,58.540000915527344,60.529998779296875,58.540000915527344,60.18000030517578,410620
2025-03-18 13:15:00,60.18000030517578,60.779998779296875,60.0,60.45000076293945,403283
2025-03-19 09:15:00,60.79999923706055,62.279998779296875,60.52000045776367,61.2400016784668,489681
2025-03-19 13:15:00,61.20000076293945,61.63999938964844,60.650001525878906,61.27000045776367,326365
2025-03-20 09:15:00,61.83000183105469,62.779998779296875,60.939998626708984,61.0,319756
2025-03-20 13:15:00,61.06999969482422,61.70000076293945,61.029998779296875,61.459999084472656,348521
2025-03-21 09:15:00,61.790000915527344,62.599998474121094,61.119998931884766,61.119998931884766,687925
2025-03-21 13:15:00,61.119998931884766,61.95000076293945,61.0099983215332,61.5,846082
2025-03-24 09:15:00,63.060001373291016,66.44999694824219,63.060001373291016,63.630001068115234,1110988
2025-03-24 13:15:00,63.63999938964844,63.88999938964844,62.54999923706055,62.900001525878906,639174
2025-03-25 09:15:00,63.5,63.5,61.63999938964844,61.880001068115234,339276
2025-03-25 13:15:00,61.83000183105469,62.029998779296875,61.349998474121094,61.81999969482422,495891
2025-03-26 09:15:00,61.95000076293945,61.95000076293945,60.369998931884766,60.40999984741211,426037
2025-03-26 13:15:00,60.40999984741211,60.70000076293945,60.15999984741211,60.25,377158
2025-03-27 09:15:00,60.61000061035156,62.5,59.56999969482422,62.22999954223633,972901
2025-03-27 13:15:00,62.290000915527344,62.79999923706055,61.5,62.2400016784668,889494
2025-03-28 09:15:00,62.060001373291016,62.52000045776367,60.5099983215332,60.70000076293945,386468
2025-03-28 13:15:00,60.689998626708984,60.75,59.70000076293945,59.900001525878906,583077
2025-04-01 09:15:00,61.470001220703125,62.70000076293945,60.40999984741211,62.59000015258789,246761
2025-04-01 13:15:00,62.599998474121094,63.0,62.29999923706055,62.81999969482422,261466
2025-04-02 09:15:00,62.470001220703125,62.90999984741211,61.36000061035156,62.0,478508
2025-04-02 13:15:00,62.0,62.790000915527344,61.970001220703125,62.5,286775
2025-04-03 09:15:00,62.47999954223633,64.0999984741211,62.040000915527344,63.66999816894531,190124
2025-04-03 13:15:00,63.689998626708984,63.810001373291016,61.0,62.84000015258789,916086
2025-04-04 09:15:00,62.880001068115234,63.060001373291016,61.040000915527344,61.56999969482422,332206
2025-04-04 13:15:00,61.56999969482422,61.77000045776367,61.0099983215332,61.41999816894531,212944
2025-04-07 09:15:00,58.43000030517578,59.040000915527344,57.189998626708984,58.22999954223633,326358
2025-04-07 13:15:00,58.279998779296875,59.84000015258789,58.11000061035156,59.310001373291016,341477
2025-04-08 09:15:00,60.959999084472656,61.20000076293945,59.380001068115234,60.47999954223633,169754
2025-04-08 13:15:00,60.47999954223633,61.0,60.13999938964844,61.0,149089
2025-04-09 09:15:00,60.13999938964844,60.7400016784668,59.45000076293945,60.560001373291016,128152
2025-04-09 13:15:00,60.540000915527344,61.0,60.189998626708984,60.900001525878906,169823
2025-04-11 09:15:00,61.20000076293945,62.150001525878906,61.02000045776367,62.0,252728
2025-04-11 13:15:00,62.0,62.08000183105469,60.7400016784668,61.40999984741211,573796
2025-04-15 09:15:00,61.97999954223633,63.119998931884766,61.619998931884766,62.95000076293945,245037
2025-04-15 13:15:00,62.95000076293945,63.40999984741211,61.68000030517578,62.97999954223633,573293
2025-04-16 09:15:00,62.900001525878906,64.2699966430664,62.900001525878906,63.849998474121094,411331
2025-04-16 13:15:00,63.849998474121094,63.86000061035156,61.900001525878906,62.33000183105469,455995
2025-04-17 09:15:00,62.900001525878906,64.0,62.279998779296875,63.75,170596
2025-04-17 13:15:00,63.77000045776367,63.97999954223633,62.709999084472656,63.099998474121094,409650
2025-04-21 09:15:00,63.2599983215332,64.86000061035156,62.439998626708984,64.3499984741211,474011
2025-04-21 13:15:00,64.37999725341797,64.5,64.0,64.01000213623047,179060
2025-04-22 09:15:00,64.16999816894531,65.4800033569336,63.68000030517578,64.88999938964844,326011
2025-04-22 13:15:00,64.88999938964844,65.25,64.5999984741211,64.88999938964844,243537
2025-04-23 09:15:00,65.19000244140625,65.4000015258789,63.70000076293945,64.48999786376953,157423
2025-04-23 13:15:00,64.48999786376953,64.9800033569336,64.43000030517578,64.81999969482422,74316
2025-04-24 09:15:00,64.6500015258789,65.88999938964844,64.30999755859375,65.18000030517578,461378
2025-04-24 13:15:00,65.19999694824219,65.22000122070312,64.6500015258789,64.93000030517578,128785
2025-04-25 09:15:00,65.58000183105469,65.58000183105469,61.709999084472656,62.33000183105469,385192
2025-04-25 13:15:00,62.349998474121094,63.470001220703125,61.81999969482422,62.38999938964844,412441
2025-04-28 09:15:00,61.95000076293945,62.5,61.56999969482422,61.869998931884766,214404
2025-04-28 13:15:00,61.83000183105469,61.9900016784668,61.70000076293945,61.81999969482422,173099
2025-04-29 09:15:00,62.08000183105469,62.79999923706055,61.459999084472656,61.72999954223633,127866
2025-04-29 13:15:00,61.72999954223633,62.0,61.369998931884766,61.630001068115234,228383
2025-04-30 09:15:00,62.06999969482422,62.20000076293945,60.0,60.0099983215332,197545
2025-04-30 13:15:00,60.0,60.25,59.5,59.79999923706055,631310
2025-05-02 09:15:00,60.84000015258789,60.84000015258789,58.900001525878906,59.41999816894531,371189
2025-05-02 13:15:00,59.43000030517578,59.91999816894531,59.31999969482422,59.61000061035156,253784
2025-05-05 09:15:00,60.45000076293945,61.68000030517578,59.38999938964844,61.15999984741211,359318
2025-05-05 13:15:00,61.15999984741211,61.540000915527344,61.130001068115234,61.2400016784668,245086
2025-05-06 09:15:00,61.68000030517578,61.84000015258789,59.900001525878906,60.560001373291016,314406
2025-05-06 13:15:00,60.56999969482422,60.689998626708984,60.349998474121094,60.5,444842
2025-05-07 09:15:00,59.29999923706055,60.02000045776367,58.75,59.36000061035156,227826
2025-05-07 13:15:00,59.29999923706055,59.70000076293945,58.869998931884766,59.45000076293945,232505
2025-05-08 09:15:00,59.68000030517578,60.290000915527344,59.5,59.529998779296875,147442
2025-05-08 13:15:00,59.58000183105469,59.58000183105469,58.75,58.86000061035156,504273
2025-05-09 09:15:00,57.810001373291016,59.189998626708984,57.7599983215332,58.88999938964844,161625
2025-05-09 13:15:00,58.83000183105469,59.720001220703125,58.61000061035156,59.720001220703125,162513
2025-05-12 09:15:00,61.060001373291016,62.40999984741211,60.560001373291016,62.040000915527344,321867
2025-05-12 13:15:00,62.040000915527344,62.20000076293945,61.77000045776367,61.93000030517578,191352
2025-05-13 09:15:00,61.83000183105469,63.54999923706055,61.279998779296875,63.2599983215332,311620
2025-05-13 13:15:00,63.27000045776367,63.290000915527344,62.5,62.84000015258789,286021
2025-05-14 09:15:00,63.41999816894531,65.02999877929688,63.060001373291016,64.33999633789062,601746
2025-05-14 13:15:00,64.30999755859375,64.83000183105469,64.0,64.26000213623047,335220
2025-05-15 09:15:00,64.55000305175781,64.77999877929688,63.90999984741211,64.12000274658203,234195
2025-05-15 13:15:00,64.22000122070312,64.22000122070312,63.93000030517578,64.0,225034
2025-05-16 09:15:00,64.0,64.83000183105469,63.869998931884766,64.5199966430664,381212
2025-05-16 13:15:00,64.52999877929688,65.63999938964844,64.41999816894531,65.20999908447266,396636
2025-05-19 09:15:00,65.23999786376953,66.66999816894531,64.69000244140625,64.9000015258789,622003
2025-05-19 13:15:00,64.91000366210938,65.79000091552734,64.5,65.11000061035156,562394
2025-05-20 09:15:00,65.41999816894531,65.5,63.7599983215332,64.12000274658203,353015
2025-05-20 13:15:00,64.05999755859375,64.16999816894531,63.25,63.47999954223633,393367
2025-05-21 09:15:00,63.52000045776367,63.52000045776367,61.83000183105469,62.560001373291016,261630
2025-05-21 13:15:00,62.58000183105469,62.689998626708984,62.099998474121094,62.38999938964844,361282
2025-05-22 09:15:00,62.75,62.75,61.70000076293945,62.099998474121094,437315
2025-05-22 13:15:00,62.099998474121094,62.36000061035156,61.34000015258789,61.83000183105469,724305
2025-05-23 09:15:00,61.79999923706055,62.31999969482422,60.65999984741211,61.900001525878906,686585
2025-05-23 13:15:00,61.90999984741211,62.08000183105469,61.52000045776367,61.599998474121094,562191
2025-05-26 09:15:00,62.720001220703125,64.25,62.040000915527344,63.9900016784668,318305
2025-05-26 13:15:00,63.959999084472656,64.75,63.959999084472656,64.4000015258789,350178
2025-05-27 09:15:00,64.98999786376953,64.98999786376953,63.4900016784668,64.75,348454
2025-05-27 13:15:00,64.75,65.0,64.58000183105469,64.80000305175781,369823
2025-05-28 09:15:00,65.0,70.88999938964844,64.0999984741211,67.37000274658203,7547378
2025-05-28 13:15:00,67.3499984741211,68.5,66.95999908447266,67.44999694824219,1860825
2025-05-29 09:15:00,68.0,68.18000030517578,66.2300033569336,66.5,598359
2025-05-29 13:15:00,66.5,66.54000091552734,65.48999786376953,65.69000244140625,796080
2025-05-30 09:15:00,65.81999969482422,66.30999755859375,62.709999084472656,62.869998931884766,2907716
2025-05-30 13:15:00,62.79999923706055,64.80000305175781,62.25,63.630001068115234,6760954
2025-06-02 09:15:00,64.44000244140625,66.6500015258789,63.959999084472656,66.31999969482422,505089
2025-06-02 13:15:00,66.30999755859375,66.58000183105469,65.87000274658203,65.87999725341797,427145
2025-06-03 09:15:00,66.08000183105469,66.76000213623047,64.7699966430664,65.01000213623047,261739
2025-06-03 13:15:00,65.04000091552734,65.61000061035156,64.79000091552734,65.61000061035156,263988
2025-06-04 09:15:00,65.93000030517578,65.9800033569336,64.5999984741211,65.80000305175781,226159
2025-06-04 13:15:00,65.77999877929688,66.5999984741211,65.19999694824219,65.55999755859375,834309
2025-06-05 09:15:00,66.0199966430664,66.62000274658203,65.88999938964844,65.94999694824219,520279
2025-06-05 13:15:00,65.91999816894531,65.97000122070312,65.11000061035156,65.48999786376953,297085
2025-06-06 09:15:00,65.45999908447266,67.9000015258789,65.2699966430664,66.97000122070312,742211
2025-06-06 13:15:00,66.9800033569336,67.37999725341797,66.62999725341797,66.73999786376953,378944
2025-06-09 09:15:00,67.48999786376953,67.8499984741211,66.87000274658203,67.52999877929688,359000
2025-06-09 13:15:00,67.52999877929688,67.62000274658203,67.30999755859375,67.5,331188
2025-06-10 09:15:00,67.8499984741211,67.94000244140625,66.75,66.91999816894531,1560445
2025-06-10 13:15:00,66.91000366210938,68.2300033569336,66.9000015258789,67.94999694824219,874420
2025-06-11 09:15:00,68.08999633789062,69.3499984741211,67.56999969482422,67.8499984741211,864059
2025-06-11 13:15:00,67.79000091552734,67.8499984741211,66.62999725341797,67.4000015258789,509025
2025-06-12 09:15:00,67.47000122070312,67.83999633789062,66.30000305175781,66.80000305175781,674335
2025-06-12 13:15:00,66.79000091552734,66.87000274658203,65.4000015258789,65.5999984741211,547643
2025-06-13 09:15:00,65.0,66.0,63.880001068115234,65.12999725341797,417260
2025-06-13 13:15:00,65.12999725341797,65.80999755859375,64.87999725341797,65.5,382737
2025-06-16 09:15:00,65.19999694824219,65.56999969482422,63.439998626708984,64.30000305175781,469587
2025-06-16 13:15:00,64.30000305175781,64.63999938964844,64.01000213623047,64.4000015258789,340086
2025-06-17 09:15:00,64.26000213623047,65.19000244140625,63.63999938964844,63.7599983215332,601471
2025-06-17 13:15:00,63.7599983215332,64.51000213623047,63.150001525878906,63.4900016784668,450666
2025-06-18 09:15:00,63.5099983215332,64.12000274658203,63.09000015258789,63.2599983215332,347929
2025-06-18 13:15:00,63.27000045776367,63.75,62.81999969482422,63.11000061035156,287093
2025-06-19 09:15:00,63.220001220703125,63.529998779296875,61.439998626708984,61.599998474121094,910692
2025-06-19 13:15:00,61.5,62.0,61.209999084472656,61.599998474121094,309655
2025-06-20 09:15:00,61.91999816894531,62.81999969482422,61.09000015258789,61.58000183105469,284459
2025-06-20 13:15:00,61.58000183105469,62.310001373291016,61.540000915527344,62.119998931884766,370309
2025-06-23 09:15:00,62.630001068115234,65.94999694824219,62.630001068115234,63.2400016784668,6321650
2025-06-23 13:15:00,63.2400016784668,63.279998779296875,62.720001220703125,62.939998626708984,1005331
2025-06-24 09:15:00,63.099998474121094,64.43000030517578,63.099998474121094,64.41999816894531,1007061
2025-06-24 13:15:00,64.37999725341797,64.4000015258789,63.709999084472656,63.79999923706055,327782
2025-06-25 09:15:00,64.12999725341797,65.81999969482422,64.0,65.69999694824219,531687
2025-06-25 13:15:00,65.70999908447266,66.2699966430664,65.5199966430664,65.98999786376953,261058
2025-06-26 09:15:00,66.63999938964844,66.81999969482422,65.52999877929688,65.62999725341797,808326
2025-06-26 13:15:00,65.62999725341797,65.86000061035156,65.4000015258789,65.54000091552734,398878
2025-06-27 09:15:00,65.69999694824219,66.5199966430664,65.5999984741211,65.80000305175781,920695
2025-06-27 13:15:00,65.80000305175781,65.9800033569336,65.55000305175781,65.66000366210938,329165
2025-06-30 09:15:00,66.01000213623047,67.83999633789062,66.0,66.20999908447266,599256
2025-06-30 13:15:00,66.20999908447266,66.33000183105469,65.86000061035156,65.98999786376953,671127
2025-07-01 09:15:00,66.1500015258789,66.98999786376953,66.0999984741211,66.37999725341797,478267
2025-07-01 13:15:00,66.44000244140625,66.91000366210938,66.19999694824219,66.7699966430664,281603
2025-07-02 09:15:00,66.93000030517578,66.93000030517578,65.69999694824219,65.83000183105469,199031
2025-07-02 13:15:00,65.80000305175781,65.80999755859375,65.45999908447266,65.62999725341797,283712
2025-07-03 09:15:00,65.86000061035156,66.13999938964844,65.44999694824219,65.55999755859375,222099
2025-07-03 13:15:00,65.52999877929688,65.69999694824219,65.30000305175781,65.30000305175781,254754
2025-07-04 09:15:00,65.5999984741211,66.44999694824219,65.41999816894531,66.16999816894531,293525
2025-07-04 13:15:00,66.19000244140625,66.44999694824219,65.77999877929688,66.1500015258789,246713
2025-07-07 09:15:00,66.44999694824219,66.8499984741211,65.55000305175781,65.58999633789062,209341
2025-07-07 13:15:00,65.55000305175781,65.93000030517578,65.25,65.4000015258789,277095
2025-07-08 09:15:00,65.63999938964844,65.98999786376953,64.6500015258789,65.04000091552734,351048
2025-07-08 13:15:00,65.08999633789062,65.66999816894531,65.0,65.44000244140625,143154
2025-07-09 09:15:00,66.5199966430664,66.5199966430664,65.41000366210938,65.69000244140625,251059
2025-07-09 13:15:00,65.69000244140625,65.76000213623047,65.19999694824219,65.43000030517578,136523
2025-07-10 09:15:00,66.0,68.72000122070312,65.80000305175781,66.9800033569336,1701469
2025-07-10 13:15:00,67.0,67.23999786376953,66.77999877929688,66.98999786376953,667851
2025-07-11 09:15:00,66.94000244140625,66.94000244140625,64.88999938964844,65.05999755859375,673049
2025-07-11 13:15:00,65.05000305175781,65.80000305175781,65.05000305175781,65.37999725341797,394741
2025-07-14 09:15:00,65.75,66.18000030517578,64.68000030517578,66.0,505155
2025-07-14 13:15:00,66.01000213623047,66.26000213623047,65.62999725341797,65.69999694824219,294884
2025-07-15 09:15:00,65.93000030517578,66.94000244140625,65.93000030517578,66.22000122070312,145239
2025-07-15 13:15:00,66.23999786376953,66.30000305175781,65.75,65.94999694824219,201782
2025-07-16 09:15:00,65.91000366210938,66.66999816894531,65.45999908447266,66.37000274658203,668296
2025-07-16 13:15:00,66.37000274658203,66.83999633789062,66.20999908447266,66.47000122070312,323860
2025-07-17 09:15:00,66.94000244140625,67.08999633789062,66.0999984741211,66.30999755859375,642195
2025-07-17 13:15:00,66.30000305175781,66.58999633789062,66.0999984741211,66.2300033569336,212994
2025-07-18 09:15:00,66.48999786376953,66.58000183105469,65.25,65.75,147464
2025-07-18 13:15:00,65.75,66.08000183105469,65.5999984741211,65.83000183105469,150454
2025-07-21 09:15:00,65.69000244140625,65.93000030517578,65.30000305175781,65.54000091552734,213573
2025-07-21 13:15:00,65.62000274658203,65.69999694824219,65.0,65.69999694824219,302462
2025-07-22 09:15:00,65.61000061035156,66.01000213623047,64.5999984741211,64.6500015258789,456212
2025-07-22 13:15:00,64.62000274658203,64.79000091552734,64.04000091552734,64.51000213623047,586746
2025-07-23 09:15:00,64.55999755859375,65.5199966430664,64.55999755859375,65.37000274658203,383897
2025-07-23 13:15:00,65.37999725341797,65.68000030517578,65.1500015258789,65.5,161506
2025-07-24 09:15:00,65.83999633789062,65.83999633789062,64.83000183105469,65.04000091552734,240792
2025-07-24 13:15:00,65.08000183105469,65.19999694824219,64.72000122070312,65.02999877929688,306661
2025-07-25 09:15:00,65.0,65.58999633789062,64.30999755859375,64.77999877929688,338070
2025-07-25 13:15:00,64.75,65.0,64.0999984741211,64.1500015258789,366048
2025-07-28 09:15:00,64.5999984741211,65.3499984741211,64.04000091552734,64.16999816894531,285048
2025-07-28 13:15:00,64.12000274658203,64.2300033569336,63.709999084472656,63.939998626708984,439073
2025-07-29 09:15:00,64.01000213623047,64.7699966430664,62.91999816894531,63.66999816894531,352863
2025-07-29 13:15:00,63.61000061035156,69.0999984741211,63.52000045776367,68.27999877929688,7329740
2025-07-30 09:15:00,70.30999755859375,76.5,70.30000305175781,72.75,16917931
2025-07-30 13:15:00,72.76000213623047,73.19999694824219,70.62999725341797,70.8499984741211,6428545
2025-07-31 09:15:00,70.5999984741211,73.91999816894531,70.0,71.31999969482422,1185527
2025-07-31 13:15:00,71.38999938964844,71.38999938964844,70.55000305175781,70.8499984741211,805583
2025-08-01 09:15:00,70.8499984741211,70.8499984741211,68.6500015258789,69.36000061035156,635080
2025-08-01 13:15:00,69.37000274658203,69.52999877929688,67.80000305175781,68.25,606723
2025-08-04 09:15:00,68.13999938964844,69.25,67.6500015258789,69.06999969482422,435998
2025-08-04 13:15:00,69.0,69.41000366210938,68.62999725341797,69.1500015258789,423648
2025-08-05 09:15:00,69.29000091552734,69.69999694824219,67.5,67.56999969482422,731869
2025-08-05 13:15:00,67.5999984741211,67.68000030517578,67.16999816894531,67.33000183105469,378514
2025-08-06 09:15:00,67.79000091552734,67.79000091552734,66.0,66.18000030517578,788131
2025-08-06 13:15:00,66.1500015258789,66.41000366210938,65.5,65.9000015258789,424564
2025-08-07 09:15:00,65.87000274658203,66.02999877929688,64.12000274658203,64.25,554250
2025-08-07 13:15:00,64.25,66.02999877929688,64.0199966430664,65.66999816894531,531383
2025-08-08 09:15:00,65.97000122070312,66.75,65.1500015258789,66.51000213623047,262469
2025-08-08 13:15:00,66.51000213623047,67.29000091552734,65.80000305175781,66.01000213623047,598204
2025-08-11 09:15:00,66.69999694824219,66.7699966430664,65.5,66.58999633789062,177367
2025-08-11 13:15:00,66.58999633789062,66.9800033569336,65.61000061035156,66.4000015258789,357296
2025-08-12 09:15:00,66.12000274658203,67.4000015258789,66.12000274658203,67.16000366210938,195528
2025-08-12 13:15:00,67.16000366210938,68.27999877929688,67.0999984741211,67.95999908447266,580545
2025-08-13 09:15:00,68.0,68.29000091552734,67.0,67.25,429349
2025-08-13 13:15:00,67.25,67.55000305175781,67.08999633789062,67.27999877929688,250679
2025-08-14 09:15:00,67.25,69.29000091552734,66.72000122070312,66.83000183105469,439319
2025-08-14 13:15:00,66.83000183105469,67.19999694824219,66.37999725341797,66.91999816894531,366863
2025-08-18 09:15:00,67.5999984741211,68.12999725341797,67.16000366210938,67.94000244140625,193711
2025-08-18 13:15:00,67.88999938964844,68.5999984741211,67.81999969482422,68.08000183105469,239719
2025-08-19 09:15:00,68.48999786376953,68.69999694824219,67.6500015258789,68.62000274658203,473528
2025-08-19 13:15:00,68.62000274658203,69.0,68.05000305175781,68.80000305175781,305313
2025-08-20 09:15:00,68.80000305175781,69.43000030517578,68.16999816894531,68.76000213623047,354339
2025-08-20 13:15:00,68.75,69.06999969482422,68.6500015258789,68.80000305175781,170616
2025-08-21 09:15:00,69.29000091552734,70.36000061035156,68.4000015258789,69.76000213623047,680249
2025-08-21 13:15:00,69.77999877929688,70.5,68.94999694824219,69.0,1146713
2025-08-22 09:15:00,69.23999786376953,69.25,68.12000274658203,68.2300033569336,251253
2025-08-22 13:15:00,68.2300033569336,69.5,68.20999908447266,68.6500015258789,258777
2025-08-25 09:15:00,69.38999938964844,69.5,67.70999908447266,67.81999969482422,128647
2025-08-25 13:15:00,67.77999877929688,68.0,67.51000213623047,67.55000305175781,155950
2025-08-26 09:15:00,67.5,67.55999755859375,66.55000305175781,66.9000015258789,219647
2025-08-26 13:15:00,66.8499984741211,66.98999786376953,66.0999984741211,66.44999694824219,213114
2025-08-28 09:15:00,66.43000030517578,66.4800033569336,65.5,65.76000213623047,132651
2025-08-28 13:15:00,65.75,65.87999725341797,65.27999877929688,65.48999786376953,100148
2025-08-29 09:15:00,65.66000366210938,65.73999786376953,64.66999816894531,64.69999694824219,536297
2025-08-29 13:15:00,64.69999694824219,64.88999938964844,64.19000244140625,64.30000305175781,249630
2025-09-01 09:15:00,64.4800033569336,65.48999786376953,64.38999938964844,64.98999786376953,217263
2025-09-01 13:15:00,64.9800033569336,65.73999786376953,64.80000305175781,65.0,182939
2025-09-02 09:15:00,65.37999725341797,65.94000244140625,64.91999816894531,64.9800033569336,977222
2025-09-02 13:15:00,64.9800033569336,64.9800033569336,63.91999816894531,63.9900016784668,1237922
2025-09-03 09:15:00,64.23999786376953,65.5,64.23999786376953,65.08999633789062,1154724
2025-09-03 13:15:00,65.11000061035156,65.38999938964844,64.66000366210938,64.75,1334405
2025-09-04 09:15:00,67.4000015258789,67.4000015258789,65.30999755859375,65.63999938964844,1020738
2025-09-04 13:15:00,65.63999938964844,66.01000213623047,65.18000030517578,65.18000030517578,507473
2025-09-05 09:15:00,65.27999877929688,65.55999755859375,64.30000305175781,64.45999908447266,438052
2025-09-05 13:15:00,64.45999908447266,64.88999938964844,64.30000305175781,64.38999938964844,289694
2025-09-08 09:15:00,65.48999786376953,65.68000030517578,64.30999755859375,64.7300033569336,177165
2025-09-08 13:15:00,64.73999786376953,65.0199966430664,64.4000015258789,64.69999694824219,156883
2025-09-09 09:15:00,64.7300033569336,65.05000305175781,63.66999816894531,63.810001373291016,551133
2025-09-09 13:15:00,63.81999969482422,64.0,63.61000061035156,63.86000061035156,176596
2025-09-10 09:15:00,64.3499984741211,64.69000244140625,63.70000076293945,63.869998931884766,689776
2025-09-10 13:15:00,63.84000015258789,64.0,63.5,63.84000015258789,364323
2025-09-11 09:15:00,64.30000305175781,64.69000244140625,63.619998931884766,63.88999938964844,1003549
2025-09-11 13:15:00,63.88999938964844,63.900001525878906,63.41999816894531,63.47999954223633,480678
2025-09-12 09:15:00,64.23999786376953,64.33000183105469,63.47999954223633,64.06999969482422,1229630
2025-09-12 13:15:00,64.13999938964844,64.19999694824219,63.900001525878906,64.01000213623047,302452
2025-09-15 09:15:00,64.33999633789062,64.83999633789062,63.849998474121094,64.30000305175781,293338
2025-09-15 13:15:00,64.36000061035156,64.4000015258789,64.0999984741211,64.12000274658203,532524
2025-09-16 09:15:00,64.55000305175781,65.25,64.18000030517578,64.69999694824219,1545273
2025-09-16 13:15:00,64.70999908447266,65.19999694824219,64.47000122070312,65.16999816894531,397679
2025-09-17 09:15:00,65.02999877929688,66.0999984741211,65.02999877929688,65.87000274658203,756943
2025-09-17 13:15:00,65.9000015258789,66.25,65.68000030517578,65.8499984741211,494288
2025-09-18 09:15:00,65.98999786376953,65.98999786376953,64.55999755859375,64.66000366210938,470341
2025-09-18 13:15:00,64.62000274658203,64.94000244140625,64.51000213623047,64.66000366210938,273594
2025-09-19 09:15:00,64.98999786376953,65.0,64.3499984741211,64.86000061035156,134066
2025-09-19 13:15:00,64.80000305175781,65.38999938964844,64.66000366210938,64.81999969482422,440186
2025-09-22 09:15:00,65.30000305175781,65.36000061035156,63.90999984741211,64.41999816894531,653833
2025-09-22 13:15:00,64.36000061035156,64.37000274658203,63.88999938964844,63.970001220703125,219159
2025-09-23 09:15:00,64.30000305175781,64.30000305175781,63.5,63.790000915527344,246456
2025-09-23 13:15:00,63.84000015258789,64.0,63.72999954223633,63.810001373291016,166314
2025-09-24 09:15:00,64.0,64.05999755859375,63.400001525878906,63.72999954223633,138358
2025-09-24 13:15:00,63.720001220703125,63.720001220703125,63.2599983215332,63.349998474121094,282552
2025-09-25 09:15:00,63.310001373291016,63.81999969482422,63.040000915527344,63.18000030517578,185909
2025-09-25 13:15:00,63.18000030517578,63.2599983215332,62.65999984741211,62.72999954223633,311790
2025-09-26 09:15:00,63.0,63.0,61.84000015258789,61.900001525878906,214571
2025-09-26 13:15:00,61.900001525878906,61.9900016784668,61.5,61.66999816894531,370133
2025-09-29 09:15:00,62.29999923706055,62.29999923706055,61.20000076293945,61.849998474121094,265478
2025-09-29 13:15:00,61.849998474121094,62.29999923706055,61.5099983215332,61.900001525878906,325074
2025-09-30 09:15:00,61.939998626708984,62.15999984741211,61.5099983215332,61.650001525878906,184448
2025-09-30 13:15:00,61.650001525878906,61.70000076293945,61.13999938964844,61.279998779296875,263111
2025-10-01 09:15:00,61.720001220703125,62.45000076293945,61.06999969482422,62.02000045776367,252348
2025-10-01 13:15:00,62.029998779296875,62.33000183105469,61.88999938964844,62.13999938964844,167637
2025-10-03 09:15:00,62.599998474121094,63.20000076293945,62.099998474121094,62.95000076293945,231257
2025-10-03 13:15:00,62.95000076293945,63.189998626708984,62.630001068115234,62.959999084472656,208819
2025-10-06 09:15:00,63.47999954223633,63.5,62.599998474121094,63.040000915527344,132081
2025-10-06 13:15:00,63.04999923706055,63.290000915527344,62.779998779296875,63.040000915527344,126260
2025-10-07 09:15:00,63.189998626708984,63.47999954223633,62.61000061035156,62.939998626708984,309145
2025-10-07 13:15:00,62.939998626708984,63.0099983215332,62.70000076293945,62.7400016784668,104582
2025-10-08 09:15:00,63.290000915527344,63.290000915527344,62.400001525878906,63.0,233661
2025-10-08 13:15:00,63.0,63.13999938964844,62.5,62.720001220703125,168068
2025-10-09 09:15:00,62.810001373291016,62.91999816894531,62.02000045776367,62.38999938964844,146893
2025-10-09 13:15:00,62.380001068115234,62.70000076293945,62.27000045776367,62.5,197694
2025-10-10 09:15:00,62.5,63.5099983215332,62.36000061035156,62.75,199253
2025-10-10 13:15:00,62.790000915527344,62.88999938964844,62.25,62.5,270887
2025-10-13 09:15:00,62.310001373291016,62.54999923706055,61.65999984741211,61.70000076293945,308188
2025-10-13 13:15:00,61.72999954223633,61.75,61.56999969482422,61.720001220703125,207810
2025-10-14 09:15:00,61.939998626708984,61.970001220703125,60.540000915527344,60.630001068115234,303775
2025-10-14 13:15:00,60.65999984741211,61.029998779296875,60.29999923706055,60.47999954223633,329040
2025-10-15 09:15:00,60.47999954223633,62.11000061035156,60.47999954223633,61.72999954223633,490194
2025-10-15 13:15:00,61.720001220703125,62.25,61.5099983215332,62.20000076293945,320966
2025-10-16 09:15:00,62.25,62.25,61.25,61.40999984741211,422317
2025-10-16 13:15:00,61.529998779296875,62.31999969482422,61.47999954223633,61.790000915527344,251733
2025-10-17 09:15:00,62.06999969482422,63.459999084472656,61.79999923706055,62.43000030517578,444735
2025-10-17 13:15:00,62.41999816894531,62.66999816894531,62.220001220703125,62.470001220703125,196032
2025-10-20 09:15:00,62.790000915527344,64.11000061035156,61.08000183105469,62.779998779296875,629221
2025-10-20 13:15:00,62.779998779296875,62.900001525878906,62.0099983215332,62.150001525878906,214680
2025-10-21 13:15:00,62.43000030517578,63.88999938964844,62.43000030517578,63.5,364384
2025-10-23 09:15:00,63.849998474121094,63.849998474121094,63.02000045776367,63.209999084472656,166139
2025-10-23 13:15:00,63.16999816894531,63.79999923706055,62.95000076293945,63.0,217901
2025-10-24 09:15:00,63.34000015258789,63.34000015258789,62.5,62.68000030517578,112256
2025-10-24 13:15:00,62.68000030517578,63.380001068115234,62.59000015258789,63.09000015258789,224415
2025-10-27 09:15:00,63.15999984741211,63.380001068115234,62.54999923706055,62.779998779296875,134835
2025-10-27 13:15:00,62.83000183105469,63.09000015258789,62.70000076293945,62.790000915527344,192501
2025-10-28 09:15:00,62.79999923706055,62.939998626708984,62.040000915527344,62.40999984741211,339568
2025-10-28 13:15:00,62.439998626708984,62.439998626708984,61.849998474121094,62.349998474121094,308955
2025-10-29 09:15:00,62.47999954223633,63.33000183105469,61.959999084472656,63.0099983215332,306600
2025-10-29 13:15:00,63.02000045776367,63.380001068115234,62.91999816894531,63.29999923706055,194350
2025-10-30 09:15:00,63.22999954223633,64.5999984741211,62.81999969482422,64.12000274658203,292360
2025-10-30 13:15:00,64.12000274658203,64.38999938964844,63.70000076293945,64.13999938964844,284740
2025-10-31 09:15:00,63.81999969482422,65.27999877929688,63.5099983215332,64.5,369794
2025-10-31 13:15:00,64.30000305175781,64.43000030517578,63.81999969482422,64.16999816894531,207202
2025-11-03 09:15:00,64.1500015258789,64.69999694824219,63.810001373291016,64.30000305175781,177537
2025-11-03 13:15:00,64.30000305175781,64.87000274658203,64.18000030517578,64.54000091552734,243093
2025-11-04 09:15:00,64.5,64.69000244140625,63.47999954223633,63.61000061035156,259548
2025-11-04 13:15:00,63.66999816894531,65.29000091552734,63.20000076293945,63.310001373291016,1010062
2025-11-06 09:15:00,63.849998474121094,63.849998474121094,61.810001373291016,62.18000030517578,306222
2025-11-06 13:15:00,62.18000030517578,62.34000015258789,61.40999984741211,61.709999084472656,317792
2025-11-07 09:15:00,61.7400016784668,61.849998474121094,60.810001373291016,61.709999084472656,186115
2025-11-07 13:15:00,61.70000076293945,62.02000045776367,61.41999816894531,61.79999923706055,185536
2025-11-10 09:15:00,61.68000030517578,61.68000030517578,60.709999084472656,61.04999923706055,255206
2025-11-10 13:15:00,61.04999923706055,61.2599983215332,60.79999923706055,60.900001525878906,309253
2025-11-11 09:15:00,61.290000915527344,61.290000915527344,60.20000076293945,60.79999923706055,185065
2025-11-11 13:15:00,60.810001373291016,61.22999954223633,60.630001068115234,60.88999938964844,218113
2025-11-12 09:15:00,61.15999984741211,61.54999923706055,60.810001373291016,61.130001068115234,199156
2025-11-12 13:15:00,61.130001068115234,61.29999923706055,60.97999954223633,61.11000061035156,195135
2025-11-13 09:15:00,61.099998474121094,61.400001525878906,60.900001525878906,61.13999938964844,243334
2025-11-13 13:15:00,61.13999938964844,61.20000076293945,60.61000061035156,60.75,251923
2025-11-14 09:15:00,61.0,61.0,60.209999084472656,60.2400016784668,217433
2025-11-14 13:15:00,60.25,60.900001525878906,60.20000076293945,60.5099983215332,354313
2025-11-17 09:15:00,60.59000015258789,60.9900016784668,60.0099983215332,60.15999984741211,344526
2025-11-17 13:15:00,60.15999984741211,60.59000015258789,60.119998931884766,60.47999954223633,351756
2025-11-18 09:15:00,60.38999938964844,60.72999954223633,59.529998779296875,60.40999984741211,417139
2025-11-18 13:15:00,60.5,60.68000030517578,60.08000183105469,60.29999923706055,337679
2025-11-19 09:15:00,60.0,60.25,59.619998931884766,59.900001525878906,180860
2025-11-19 13:15:00,59.9900016784668,60.0,59.68000030517578,59.81999969482422,232642
2025-11-20 09:15:00,59.84000015258789,61.5,59.84000015258789,60.209999084472656,492099
2025-11-20 13:15:00,60.209999084472656,60.56999969482422,60.189998626708984,60.5,194076
2025-11-21 09:15:00,60.66999816894531,60.66999816894531,59.900001525878906,60.25,190000
2025-11-21 13:15:00,60.470001220703125,60.470001220703125,59.54999923706055,59.59000015258789,307654
2025-11-24 09:15:00,60.11000061035156,60.13999938964844,57.900001525878906,58.0,530212
2025-11-24 13:15:00,58.0,58.150001525878906,57.5099983215332,57.72999954223633,525721
2025-11-25 09:15:00,58.9900016784668,58.9900016784668,57.63999938964844,58.5,201344
2025-11-25 13:15:00,58.5,58.95000076293945,58.25,58.900001525878906,187427
2025-11-26 09:15:00,58.7400016784668,59.54999923706055,58.560001373291016,59.38999938964844,149051
2025-11-26 13:15:00,59.380001068115234,60.0,59.150001525878906,59.720001220703125,188236
2025-11-27 09:15:00,59.9900016784668,59.9900016784668,58.59000015258789,58.709999084472656,276282
2025-11-27 13:15:00,58.720001220703125,59.099998474121094,58.61000061035156,58.75,201712
2025-11-28 09:15:00,58.25,58.970001220703125,58.11000061035156,58.630001068115234,149104
2025-11-28 13:15:00,58.650001525878906,59.5,58.5099983215332,58.84000015258789,130319
2025-12-01 09:15:00,59.11000061035156,59.34000015258789,57.7599983215332,57.810001373291016,249496
2025-12-01 13:15:00,57.84000015258789,57.88999938964844,57.220001220703125,57.40999984741211,289724
2025-12-02 09:15:00,57.68000030517578,57.97999954223633,57.0,57.22999954223633,217365
2025-12-02 13:15:00,57.22999954223633,57.5,57.15999984741211,57.25,165713
2025-12-03 09:15:00,57.349998474121094,57.63999938964844,56.95000076293945,57.150001525878906,120683
2025-12-03 13:15:00,57.130001068115234,57.31999969482422,57.0099983215332,57.18000030517578,127207
2025-12-04 09:15:00,57.18000030517578,58.290000915527344,56.599998474121094,58.15999984741211,1442353
2025-12-04 13:15:00,58.189998626708984,63.0,58.189998626708984,63.0,1727036
2025-12-05 09:15:00,61.02000045776367,61.52000045776367,59.65999984741211,59.9900016784668,219205
2025-12-05 13:15:00,59.91999816894531,60.11000061035156,59.720001220703125,59.91999816894531,292262
2025-12-08 09:15:00,60.11000061035156,60.11000061035156,57.650001525878906,57.75,241770
2025-12-08 13:15:00,57.7599983215332,57.86000061035156,57.2599983215332,57.38999938964844,358589
2025-12-09 09:15:00,57.810001373291016,60.209999084472656,57.02000045776367,60.060001373291016,1689717
2025-12-09 13:15:00,60.060001373291016,61.91999816894531,57.36000061035156,61.56999969482422,1361498
2025-12-10 09:15:00,61.060001373291016,61.060001373291016,60.0,60.209999084472656,199386
2025-12-10 13:15:00,60.20000076293945,60.22999954223633,59.5099983215332,59.790000915527344,226988
2025-12-11 09:15:00,59.790000915527344,60.220001220703125,59.310001373291016,59.90999984741211,132635
2025-12-11 13:15:00,59.900001525878906,60.4900016784668,59.75,60.22999954223633,112451
2025-12-12 09:15:00,60.63999938964844,61.02000045776367,60.09000015258789,60.38999938964844,94841
2025-12-12 13:15:00,60.38999938964844,60.54999923706055,60.02000045776367,60.290000915527344,135505
2025-12-15 09:15:00,60.0,60.380001068115234,59.619998931884766,59.84000015258789,132824
2025-12-15 13:15:00,59.86000061035156,60.22999954223633,59.79999923706055,60.119998931884766,119454
2025-12-16 09:15:00,60.119998931884766,61.84000015258789,59.560001373291016,60.9900016784668,437983
2025-12-16 13:15:00,61.0,61.34000015258789,60.02000045776367,60.90999984741211,261857
2025-12-17 09:15:00,61.029998779296875,61.029998779296875,59.56999969482422,59.75,189673
2025-12-17 13:15:00,59.7400016784668,59.81999969482422,59.279998779296875,59.45000076293945,120496
2025-12-18 09:15:00,59.150001525878906,59.5099983215332,58.7599983215332,59.470001220703125,296819
2025-12-18 13:15:00,59.380001068115234,59.47999954223633,58.599998474121094,59.15999984741211,175294
2025-12-19 09:15:00,59.15999984741211,59.47999954223633,58.810001373291016,58.90999984741211,82252
2025-12-19 13:15:00,58.90999984741211,59.790000915527344,58.849998474121094,59.58000183105469,212793
2025-12-22 09:15:00,60.20000076293945,60.650001525878906,59.61000061035156,60.45000076293945,120415
2025-12-22 13:15:00,60.52000045776367,62.29999923706055,60.47999954223633,62.06999969482422,687559
2025-12-23 09:15:00,63.349998474121094,63.349998474121094,62.25,62.29999923706055,202942
2025-12-23 13:15:00,62.380001068115234,64.55000305175781,62.2400016784668,63.75,522829
2025-12-24 09:15:00,63.220001220703125,64.6500015258789,62.70000076293945,62.75,495403
2025-12-24 13:15:00,62.70000076293945,62.84000015258789,62.40999984741211,62.7400016784668,204234
2025-12-26 09:15:00,62.349998474121094,63.88999938964844,62.209999084472656,62.220001220703125,338590
2025-12-26 13:15:00,62.22999954223633,62.279998779296875,60.720001220703125,61.08000183105469,618287
2025-12-29 09:15:00,61.27000045776367,61.27000045776367,59.709999084472656,59.90999984741211,313139
2025-12-29 13:15:00,59.9900016784668,60.25,59.599998474121094,59.65999984741211,257435
2025-12-30 09:15:00,60.0,60.0,59.0,59.04999923706055,197780
2025-12-30 13:15:00,59.119998931884766,59.38999938964844,58.900001525878906,59.189998626708984,288595
2025-12-31 09:15:00,59.34000015258789,60.31999969482422,59.11000061035156,60.040000915527344,196335
2025-12-31 13:15:00,60.040000915527344,60.150001525878906,59.400001525878906,59.65999984741211,298658
2026-01-01 09:15:00,59.599998474121094,60.52000045776367,59.599998474121094,60.040000915527344,171431
2026-01-01 13:15:00,60.040000915527344,60.560001373291016,59.86000061035156,60.150001525878906,156999
2026-01-02 09:15:00,60.20000076293945,60.9900016784668,59.66999816894531,60.7599983215332,192905
2026-01-02 13:15:00,60.75,60.79999923706055,60.2400016784668,60.5,184213
2026-01-05 09:15:00,61.0,61.060001373291016,60.0099983215332,60.20000076293945,165427
2026-01-05 13:15:00,60.119998931884766,60.290000915527344,59.849998474121094,60.06999969482422,185083
2026-01-06 09:15:00,60.43000030517578,60.43000030517578,59.810001373291016,60.13999938964844,174890
2026-01-06 13:15:00,60.13999938964844,60.150001525878906,59.15999984741211,59.5,350243
2026-01-07 09:15:00,59.29999923706055,59.93000030517578,59.209999084472656,59.439998626708984,119131
2026-01-07 13:15:00,59.380001068115234,59.63999938964844,59.25,59.5,113667
2026-01-08 09:15:00,59.400001525878906,59.58000183105469,58.619998931884766,58.7599983215332,203296
2026-01-08 13:15:00,58.79999923706055,58.900001525878906,58.209999084472656,58.45000076293945,251903
2026-01-09 09:15:00,58.25,58.27000045776367,57.689998626708984,57.709999084472656,155516
2026-01-09 13:15:00,57.720001220703125,58.0,57.29999923706055,57.650001525878906,228520
2026-01-12 09:15:00,58.290000915527344,58.290000915527344,56.02000045776367,56.59000015258789,401373
2026-01-12 13:15:00,56.65999984741211,57.20000076293945,56.38999938964844,57.20000076293945,308251
2026-01-13 09:15:00,56.880001068115234,57.4900016784668,56.099998474121094,56.209999084472656,391528
2026-01-13 13:15:00,56.2400016784668,56.400001525878906,56.0099983215332,56.279998779296875,343143
2026-01-14 09:15:00,56.41999816894531,56.939998626708984,56.400001525878906,56.709999084472656,101784
2026-01-14 13:15:00,56.689998626708984,56.720001220703125,56.29999923706055,56.4900016784668,121348
2026-01-16 09:15:00,56.40999984741211,57.0,56.40999984741211,56.40999984741211,135938
2026-01-16 13:15:00,56.40999984741211,56.59000015258789,56.2599983215332,56.290000915527344,164941
2026-01-19 09:15:00,56.66999816894531,56.900001525878906,55.79999923706055,56.33000183105469,139394
2026-01-19 13:15:00,56.29999923706055,57.47999954223633,56.29999923706055,57.150001525878906,274497
2026-01-20 09:15:00,56.900001525878906,57.650001525878906,56.25,57.18000030517578,280284
2026-01-20 13:15:00,57.18000030517578,57.29999923706055,56.0,56.099998474121094,508225
2026-01-21 09:15:00,55.95000076293945,56.790000915527344,55.45000076293945,56.43000030517578,526473
2026-01-21 13:15:00,56.400001525878906,56.619998931884766,55.810001373291016,56.34000015258789,242310
2026-01-22 09:15:00,56.2599983215332,57.119998931884766,56.0,56.33000183105469,87463
2026-01-22 13:15:00,56.33000183105469,57.119998931884766,56.22999954223633,56.9900016784668,124095
2026-01-23 09:15:00,57.0,57.369998931884766,56.68000030517578,56.84000015258789,80137
2026-01-23 13:15:00,56.70000076293945,56.79999923706055,56.130001068115234,56.790000915527344,203345
2026-01-27 09:15:00,56.47999954223633,58.29999923706055,55.900001525878906,57.02000045776367,293447
2026-01-27 13:15:00,57.08000183105469,57.33000183105469,56.70000076293945,57.33000183105469,140009
2026-01-28 09:15:00,57.41999816894531,57.79999923706055,57.279998779296875,57.599998474121094,270062
2026-01-28 13:15:00,57.61000061035156,58.22999954223633,57.41999816894531,58.0099983215332,136791
2026-01-29 09:15:00,58.20000076293945,58.599998474121094,57.119998931884766,57.459999084472656,202395
2026-01-29 13:15:00,57.599998474121094,58.25,57.400001525878906,58.0099983215332,108554
2026-01-30 09:15:00,57.9900016784668,58.369998931884766,57.31999969482422,58.029998779296875,241078
2026-01-30 13:15:00,57.970001220703125,58.869998931884766,57.970001220703125,58.5,208514
2026-02-03 09:15:00,62.33000183105469,62.400001525878906,60.13999938964844,60.29999923706055,779119
2026-02-03 13:15:00,60.369998931884766,60.619998931884766,59.91999816894531,59.91999816894531,317098
2026-02-04 09:15:00,60.599998474121094,60.599998474121094,59.810001373291016,59.97999954223633,141642
2026-02-04 13:15:00,59.97999954223633,60.41999816894531,59.599998474121094,59.84000015258789,284075
2026-02-05 09:15:00,59.720001220703125,61.0,59.599998474121094,60.150001525878906,136280
2026-02-05 13:15:00,60.20000076293945,60.36000061035156,59.95000076293945,60.290000915527344,142496
2026-02-06 09:15:00,59.95000076293945,60.88999938964844,59.56999969482422,60.029998779296875,133773
2026-02-06 13:15:00,60.029998779296875,61.5,59.5,61.400001525878906,1058449
2026-02-09 09:15:00,63.0,64.4800033569336,63.0,63.79999923706055,669916
2026-02-09 13:15:00,63.70000076293945,64.16999816894531,63.5,63.90999984741211,882682
2026-02-10 09:15:00,64.30999755859375,65.16000366210938,63.72999954223633,64.80000305175781,854204
2026-02-10 13:15:00,64.80000305175781,64.94999694824219,64.5,64.72000122070312,456215
2026-02-11 09:15:00,64.75,65.08999633789062,64.0999984741211,64.5,513260
2026-02-11 13:15:00,64.5,64.58000183105469,63.79999923706055,64.06999969482422,555971
2026-02-12 09:15:00,63.09000015258789,63.09000015258789,59.869998931884766,59.95000076293945,574715
2026-02-12 13:15:00,59.95000076293945,60.810001373291016,59.95000076293945,60.56999969482422,453637
2026-02-13 09:15:00,59.900001525878906,59.900001525878906,58.4900016784668,59.0,314405
2026-02-13 13:15:00,59.09000015258789,59.099998474121094,58.70000076293945,58.75,228967
2026-02-16 09:15:00,58.54999923706055,58.70000076293945,57.5099983215332,58.209999084472656,483267
2026-02-16 13:15:00,58.189998626708984,58.66999816894531,58.099998474121094,58.45000076293945,272925
2026-02-17 09:15:00,58.20000076293945,59.29999923706055,58.0099983215332,58.650001525878906,286319
2026-02-17 13:15:00,58.70000076293945,59.27000045776367,58.5,58.79999923706055,288804
2026-02-18 09:15:00,58.40999984741211,58.77000045776367,58.04999923706055,58.27000045776367,100009
2026-02-18 13:15:00,58.290000915527344,59.9900016784668,58.2599983215332,59.77000045776367,820621
2026-02-19 09:15:00,59.84000015258789,61.709999084472656,59.54999923706055,60.75,668348
2026-02-19 13:15:00,60.75,61.0,59.61000061035156,59.849998474121094,298768
2026-02-20 09:15:00,59.83000183105469,60.58000183105469,59.119998931884766,59.81999969482422,228812
2026-02-20 13:15:00,59.81999969482422,60.2599983215332,59.45000076293945,59.459999084472656,170922
2026-02-23 09:15:00,59.88999938964844,63.0,59.56999969482422,61.43000030517578,1095081
2026-02-23 13:15:00,61.400001525878906,61.5,59.869998931884766,60.45000076293945,639096
2026-02-24 09:15:00,60.0,60.09000015258789,59.0,59.25,363006
2026-02-24 13:15:00,59.15999984741211,59.439998626708984,58.79999923706055,59.31999969482422,250889
2026-02-25 09:15:00,58.970001220703125,59.380001068115234,58.709999084472656,58.72999954223633,200743
2026-02-25 13:15:00,58.75,59.099998474121094,58.54999923706055,59.099998474121094,216441
2026-02-26 09:15:00,58.099998474121094,59.099998474121094,58.099998474121094,58.849998474121094,133737
2026-02-26 13:15:00,58.86000061035156,58.880001068115234,58.38999938964844,58.5,236132
2026-02-27 09:15:00,58.2400016784668,58.9900016784668,57.810001373291016,58.5,381965
2026-02-27 13:15:00,58.5,59.400001525878906,58.4900016784668,58.79999923706055,294066
2026-03-02 09:15:00,57.650001525878906,58.54999923706055,56.58000183105469,56.959999084472656,227381
2026-03-02 13:15:00,56.900001525878906,57.22999954223633,56.5,57.119998931884766,377042
2026-03-04 09:15:00,56.630001068115234,56.689998626708984,55.5,56.20000076293945,266081
2026-03-04 13:15:00,56.189998626708984,56.33000183105469,55.720001220703125,55.86000061035156,260376
2026-03-05 09:15:00,56.13999938964844,57.25,55.79999923706055,56.84000015258789,242893
2026-03-05 13:15:00,56.84000015258789,57.2400016784668,56.599998474121094,57.09000015258789,183220
2026-03-06 09:15:00,57.099998474121094,57.65999984741211,56.689998626708984,57.41999816894531,102351
2026-03-06 13:15:00,57.41999816894531,57.41999816894531,56.52000045776367,57.040000915527344,159589
2026-03-09 09:15:00,56.099998474121094,56.63999938964844,55.54999923706055,56.0,264229
2026-03-09 13:15:00,56.0099983215332,56.58000183105469,55.86000061035156,56.58000183105469,264633
2026-03-10 09:15:00,56.81999969482422,57.0,56.25,56.70000076293945,327808
2026-03-10 13:15:00,56.7400016784668,57.380001068115234,56.599998474121094,57.29999923706055,214226
2026-03-11 09:15:00,57.2400016784668,57.880001068115234,56.36000061035156,56.40999984741211,596214
2026-03-11 13:15:00,56.36000061035156,56.5,55.650001525878906,55.939998626708984,328849
2026-03-12 09:15:00,55.709999084472656,56.20000076293945,54.900001525878906,56.130001068115234,498065
2026-03-12 13:15:00,56.130001068115234,56.38999938964844,55.29999923706055,55.459999084472656,175897
2026-03-13 09:15:00,55.45000076293945,55.779998779296875,54.38999938964844,54.459999084472656,286620
2026-03-13 13:15:00,54.38999938964844,54.7599983215332,53.560001373291016,53.75,640239
2026-03-16 09:15:00,53.619998931884766,53.90999984741211,51.599998474121094,51.95000076293945,700690
2026-03-16 13:15:00,51.97999954223633,52.650001525878906,51.38999938964844,52.09000015258789,422606
2026-03-17 09:15:00,52.56999969482422,52.779998779296875,51.56999969482422,52.400001525878906,420391
2026-03-17 13:15:00,52.29999923706055,52.7400016784668,52.20000076293945,52.470001220703125,217944
2026-03-18 09:15:00,52.29999923706055,54.20000076293945,52.29999923706055,53.9900016784668,387883
2026-03-18 13:15:00,54.060001373291016,54.06999969482422,53.040000915527344,53.220001220703125,316973
2026-03-19 09:15:00,52.79999923706055,52.90999984741211,51.709999084472656,51.83000183105469,314624
2026-03-19 13:15:00,51.84000015258789,51.91999816894531,51.369998931884766,51.70000076293945,302288
2026-03-20 09:15:00,51.91999816894531,52.70000076293945,51.25,51.27000045776367,412326
2026-03-20 13:15:00,51.279998779296875,51.470001220703125,50.849998474121094,51.06999969482422,500671
2026-03-23 09:15:00,51.0,51.0,48.61000061035156,48.77000045776367,513357
2026-03-23 13:15:00,48.880001068115234,49.310001373291016,48.099998474121094,48.099998474121094,412598
2026-03-24 09:15:00,49.90999984741211,51.34000015258789,48.25,51.02000045776367,1331383
2026-03-24 13:15:00,51.119998931884766,51.900001525878906,50.65999984741211,51.27000045776367,553863
2026-03-25 09:15:00,52.0,55.5,52.0,54.0,1461374
2026-03-25 13:15:00,54.11000061035156,55.38999938964844,53.83000183105469,55.08000183105469,2567046
2026-03-27 09:15:00,54.9900016784668,54.9900016784668,51.970001220703125,53.77000045776367,1047406
2026-03-27 13:15:00,53.77000045776367,56.13999938964844,52.790000915527344,54.0,2167686
2026-03-30 09:15:00,52.900001525878906,53.689998626708984,51.150001525878906,51.29999923706055,415152
2026-03-30 13:15:00,51.349998474121094,51.59000015258789,50.2599983215332,50.849998474121094,559338
2026-04-01 09:15:00,51.880001068115234,53.79999923706055,51.619998931884766,53.470001220703125,215330
2026-04-01 13:15:00,53.540000915527344,53.619998931884766,52.40999984741211,52.86000061035156,288381
2026-04-02 09:15:00,52.099998474121094,52.869998931884766,50.900001525878906,52.810001373291016,290421
2026-04-02 13:15:00,52.81999969482422,54.72999954223633,52.7599983215332,54.4900016784668,500159
2026-04-06 09:15:00,55.880001068115234,55.880001068115234,53.25,54.43000030517578,170630
2026-04-06 13:15:00,54.29999923706055,54.849998474121094,53.939998626708984,54.720001220703125,263307
2026-04-07 09:15:00,54.630001068115234,55.04999923706055,53.810001373291016,54.939998626708984,125458
2026-04-07 13:15:00,54.91999816894531,55.439998626708984,54.70000076293945,55.060001373291016,119683
2026-04-08 09:15:00,56.18000030517578,56.97999954223633,55.72999954223633,56.20000076293945,369587
2026-04-08 13:15:00,56.20000076293945,56.88999938964844,56.20000076293945,56.5,317775
2026-04-09 09:15:00,56.0,57.79999923706055,55.599998474121094,57.470001220703125,330015
2026-04-09 13:15:00,57.470001220703125,57.5,56.4900016784668,56.5,410563
2026-04-10 09:15:00,56.63999938964844,57.790000915527344,56.63999938964844,57.47999954223633,189017
2026-04-10 13:15:00,57.47999954223633,57.5,56.86000061035156,57.130001068115234,126944
2026-04-13 09:15:00,56.0,57.400001525878906,55.20000076293945,56.81999969482422,129970
2026-04-13 13:15:00,56.81999969482422,57.060001373291016,55.970001220703125,56.5,205354
2026-04-15 09:15:00,57.0,58.790000915527344,57.0,58.20000076293945,367402
2026-04-15 13:15:00,58.2599983215332,58.380001068115234,57.400001525878906,57.47999954223633,317511
2026-04-16 09:15:00,58.58000183105469,58.65999984741211,57.5,57.81999969482422,390517
2026-04-16 13:15:00,57.880001068115234,58.5,57.81999969482422,58.310001373291016,320249
2026-04-17 09:15:00,58.650001525878906,59.4900016784668,58.310001373291016,59.040000915527344,248064
2026-04-17 13:15:00,59.040000915527344,59.68000030517578,58.869998931884766,59.310001373291016,423681
2026-04-20 09:15:00,59.310001373291016,59.40999984741211,58.220001220703125,59.0,0
2026-04-20 13:15:00,59.310001373291016,59.310001373291016,58.04999923706055,58.25,407533
2026-04-21 09:15:00,58.36000061035156,59.09000015258789,58.04999923706055,58.5,126477
2026-04-21 13:15:00,58.529998779296875,59.0,58.11000061035156,58.22999954223633,329042
2026-04-22 09:15:00,58.369998931884766,59.150001525878906,58.060001373291016,58.459999084472656,199387
2026-04-22 13:15:00,58.459999084472656,58.880001068115234,58.40999984741211,58.599998474121094,130045
2026-04-23 09:15:00,58.400001525878906,58.689998626708984,58.11000061035156,58.2599983215332,173330
2026-04-23 13:15:00,58.2599983215332,58.33000183105469,57.5,57.779998779296875,115642
2026-04-24 09:15:00,58.52000045776367,58.52000045776367,56.33000183105469,56.54999923706055,270287
2026-04-24 13:15:00,56.54999923706055,57.470001220703125,56.0,57.290000915527344,195351
2026-04-27 09:15:00,57.9900016784668,58.540000915527344,56.65999984741211,57.75,190162
2026-04-27 13:15:00,57.720001220703125,58.130001068115234,57.4900016784668,57.900001525878906,216416
2026-04-28 09:15:00,58.18000030517578,58.88999938964844,57.720001220703125,58.5,185394
2026-04-28 13:15:00,58.5,58.56999969482422,57.75,58.0,303434
2026-04-29 09:15:00,57.95000076293945,58.5099983215332,57.540000915527344,58.209999084472656,261853
2026-04-29 13:15:00,58.150001525878906,58.380001068115234,57.599998474121094,57.709999084472656,159862
2026-04-30 09:15:00,57.70000076293945,57.70000076293945,56.7599983215332,57.189998626708984,110924
2026-04-30 13:15:00,57.20000076293945,57.70000076293945,57.099998474121094,57.68000030517578,150965
2026-05-04 09:15:00,58.9900016784668,60.25,58.099998474121094,58.959999084472656,513473
2026-05-04 13:15:00,59.0,59.5,58.599998474121094,59.33000183105469,239599
2026-05-05 09:15:00,59.0,59.9900016784668,58.880001068115234,59.689998626708984,171936
2026-05-05 13:15:00,59.04999923706055,59.63999938964844,59.04999923706055,59.45000076293945,214516
2026-05-06 09:15:00,59.97999954223633,61.0,59.279998779296875,59.56999969482422,365562
2026-05-06 13:15:00,59.56999969482422,60.779998779296875,59.56999969482422,60.380001068115234,346755
2026-05-07 09:15:00,60.70000076293945,61.939998626708984,60.36000061035156,61.060001373291016,598129
2026-05-07 13:15:00,61.060001373291016,62.7599983215332,59.310001373291016,60.279998779296875,6211746
2026-05-08 09:15:00,60.0,61.68000030517578,59.86000061035156,60.4900016784668,568773
2026-05-08 13:15:00,60.439998626708984,60.68000030517578,59.61000061035156,59.650001525878906,383264
2026-05-11 09:15:00,58.099998474121094,58.939998626708984,58.099998474121094,58.63999938964844,339165
2026-05-11 13:15:00,58.630001068115234,58.7599983215332,58.0,58.4900016784668,260829
2026-05-12 09:15:00,58.0,58.060001373291016,56.900001525878906,56.9900016784668,231741
2026-05-12 13:15:00,56.97999954223633,57.41999816894531,56.5,56.68000030517578,333760
2026-05-13 09:15:00,57.38999938964844,57.38999938964844,56.20000076293945,56.79999923706055,256493
2026-05-13 13:15:00,56.79999923706055,56.900001525878906,56.29999923706055,56.900001525878906,204736
2026-05-14 09:15:00,56.43000030517578,57.279998779296875,56.18000030517578,57.20000076293945,479359
2026-05-14 13:15:00,57.08000183105469,57.20000076293945,56.79999923706055,56.9900016784668,128468
2026-05-15 09:15:00,56.79999923706055,57.439998626708984,56.70000076293945,57.060001373291016,156693
2026-05-15 13:15:00,57.04999923706055,57.22999954223633,56.400001525878906,56.58000183105469,174160
2026-05-18 09:15:00,56.5,56.5,55.16999816894531,55.47999954223633,227346
2026-05-18 13:15:00,55.47999954223633,55.88999938964844,55.380001068115234,55.65999984741211,113169
2026-05-19 09:15:00,55.880001068115234,56.75,55.810001373291016,56.25,99263
2026-05-19 13:15:00,56.25,56.470001220703125,56.0,56.13999938964844,79436
2026-05-20 09:15:00,56.4900016784668,56.4900016784668,55.59000015258789,55.970001220703125,133512
2026-05-20 13:15:00,55.90999984741211,55.970001220703125,54.7400016784668,54.81999969482422,699457
2026-05-21 09:15:00,55.880001068115234,56.040000915527344,55.27000045776367,55.400001525878906,101038
2026-05-21 13:15:00,55.400001525878906,55.63999938964844,55.310001373291016,55.529998779296875,96467
2026-05-22 09:15:00,56.0,56.0,55.099998474121094,55.650001525878906,170250
2026-05-22 13:15:00,55.529998779296875,55.790000915527344,55.130001068115234,55.310001373291016,118367
2026-05-25 09:15:00,55.849998474121094,56.439998626708984,55.72999954223633,55.970001220703125,147048
2026-05-25 13:15:00,55.9900016784668,56.0,55.70000076293945,55.709999084472656,75609
2026-05-26 09:15:00,56.380001068115234,56.63999938964844,55.7400016784668,55.939998626708984,177999
2026-05-26 13:15:00,55.88999938964844,55.91999816894531,55.5099983215332,55.72999954223633,106540
2026-05-27 09:15:00,55.9900016784668,57.75,55.779998779296875,57.209999084472656,253661
2026-05-27 13:15:00,57.150001525878906,57.439998626708984,56.220001220703125,56.220001220703125,177979
2026-05-29 09:15:00,56.95000076293945,57.0,56.279998779296875,56.310001373291016,158315
2026-05-29 13:15:00,56.29999923706055,56.369998931884766,55.900001525878906,56.0,133561
2026-06-01 09:15:00,56.83000183105469,56.95000076293945,55.349998474121094,55.959999084472656,148118
2026-06-01 13:15:00,55.939998626708984,56.290000915527344,55.54999923706055,55.77000045776367,102202
2026-06-02 09:15:00,56.5099983215332,56.5099983215332,55.279998779296875,55.7599983215332,138679
2026-06-02 13:15:00,55.7599983215332,56.0,55.45000076293945,55.630001068115234,171313
2026-06-03 09:15:00,56.34000015258789,56.34000015258789,55.209999084472656,55.65999984741211,102114
2026-06-03 13:15:00,55.650001525878906,56.099998474121094,55.650001525878906,55.939998626708984,90108
2026-06-04 09:15:00,56.0,56.349998474121094,55.720001220703125,56.099998474121094,86737
2026-06-04 13:15:00,56.0099983215332,56.099998474121094,55.720001220703125,55.88999938964844,91430
2026-06-05 09:15:00,55.9900016784668,56.5,55.70000076293945,56.16999816894531,125329
2026-06-05 13:15:00,56.22999954223633,56.279998779296875,55.68000030517578,56.25,81117
2026-06-08 09:15:00,55.31999969482422,56.7400016784668,55.18000030517578,56.599998474121094,153012
2026-06-08 13:15:00,56.5099983215332,56.63999938964844,56.34000015258789,56.5099983215332,223271
2026-06-09 09:15:00,56.97999954223633,59.20000076293945,56.61000061035156,58.029998779296875,426482
2026-06-09 13:15:00,58.029998779296875,58.119998931884766,57.790000915527344,58.099998474121094,278974
2026-06-10 09:15:00,58.5,58.75,57.84000015258789,58.099998474121094,331237
2026-06-10 13:15:00,58.119998931884766,58.2400016784668,57.5099983215332,57.70000076293945,170610
2026-06-11 09:15:00,57.40999984741211,57.869998931884766,56.5099983215332,56.650001525878906,112140
2026-06-11 13:15:00,56.63999938964844,57.599998474121094,56.5099983215332,57.599998474121094,146878
2026-06-12 09:15:00,58.0,58.380001068115234,57.599998474121094,58.15999984741211,160069
2026-06-12 13:15:00,58.189998626708984,58.97999954223633,57.91999816894531,58.09000015258789,590582
2026-06-15 09:15:00,59.0,61.029998779296875,57.959999084472656,60.0,1197413
2026-06-15 13:15:00,60.0,60.599998474121094,59.79999923706055,59.86000061035156,371083
2026-06-16 09:15:00,60.29999923706055,60.38999938964844,58.70000076293945,58.849998474121094,285130
2026-06-16 13:15:00,58.939998626708984,59.18000030517578,58.540000915527344,58.77000045776367,354297
2026-06-17 09:15:00,58.779998779296875,59.09000015258789,58.11000061035156,58.869998931884766,377393
2026-06-17 13:15:00,58.81999969482422,61.0,58.7599983215332,60.36000061035156,1393156
2026-06-18 09:15:00,60.4900016784668,61.52000045776367,60.150001525878906,60.38999938964844,571025
2026-06-18 13:15:00,60.400001525878906,60.61000061035156,60.029998779296875,60.27000045776367,353888
2026-06-19 09:15:00,60.0,61.900001525878906,59.43000030517578,60.58000183105469,1581281
2026-06-19 13:15:00,60.56999969482422,61.0,60.41999816894531,61.0,442917
2026-06-22 09:15:00,61.099998474121094,62.849998474121094,60.97999954223633,62.709999084472656,1275556
2026-06-22 13:15:00,62.709999084472656,62.79999923706055,62.29999923706055,62.59000015258789,503601
2026-06-23 09:15:00,62.939998626708984,63.20000076293945,61.18000030517578,61.33000183105469,464474
2026-06-23 13:15:00,61.31999969482422,61.61000061035156,60.91999816894531,61.16999816894531,327781
2026-06-24 09:15:00,61.47999954223633,61.869998931884766,60.70000076293945,61.68000030517578,212325
2026-06-24 13:15:00,61.68000030517578,62.0,61.40999984741211,61.84000015258789,284672
2026-06-25 09:15:00,62.20000076293945,62.38999938964844,58.599998474121094,59.33000183105469,2508309
2026-06-25 13:15:00,59.33000183105469,59.380001068115234,58.439998626708984,58.650001525878906,923692
2026-06-29 09:15:00,58.650001525878906,58.869998931884766,56.869998931884766,57.20000076293945,556089
2026-06-29 13:15:00,57.20000076293945,57.2400016784668,56.70000076293945,56.869998931884766,647997
2026-06-30 09:15:00,57.0099983215332,59.36000061035156,57.0099983215332,57.810001373291016,515301
2026-06-30 13:15:00,57.7599983215332,58.0,57.720001220703125,57.79999923706055,245113
2026-07-01 09:15:00,58.29999923706055,59.650001525878906,57.95000076293945,59.619998931884766,447295
2026-07-01 13:15:00,59.61000061035156,59.75,59.220001220703125,59.470001220703125,359152
2026-07-02 09:15:00,59.790000915527344,60.529998779296875,59.02000045776367,60.529998779296875,320509
2026-07-02 13:15:00,60.529998779296875,61.72999954223633,60.36000061035156,61.40999984741211,780218
2026-07-03 09:15:00,61.54999923706055,63.20000076293945,61.220001220703125,62.11000061035156,742082
2026-07-03 13:15:00,62.18000030517578,62.400001525878906,61.720001220703125,61.86000061035156,222116
2026-07-06 09:15:00,61.810001373291016,62.65999984741211,61.09000015258789,61.650001525878906,288527
2026-07-06 13:15:00,61.56999969482422,62.189998626708984,61.20000076293945,61.400001525878906,234036
2026-07-07 09:15:00,61.43000030517578,61.5,60.650001525878906,60.7400016784668,205920
2026-07-07 13:15:00,60.7400016784668,60.95000076293945,60.150001525878906,60.459999084472656,206890
2026-07-08 09:15:00,59.45000076293945,59.939998626708984,58.959999084472656,59.33000183105469,513331
2026-07-08 13:15:00,59.369998931884766,59.4900016784668,57.79999923706055,58.029998779296875,374121
2026-07-09 09:15:00,58.2400016784668,59.59000015258789,57.810001373291016,59.43000030517578,286457
2026-07-09 13:15:00,59.43000030517578,59.4900016784668,57.72999954223633,57.93000030517578,694666
2026-07-10 09:15:00,58.0,58.91999816894531,58.0,58.79999923706055,142271
2026-07-10 13:15:00,58.79999923706055,58.970001220703125,58.599998474121094,58.709999084472656,187422
2026-07-13 09:15:00,58.5,60.2400016784668,58.099998474121094,59.810001373291016,257003
2026-07-13 13:15:00,59.880001068115234,60.09000015258789,59.79999923706055,60.09000015258789,182181
2026-07-14 09:15:00,59.790000915527344,60.380001068115234,59.31999969482422,60.060001373291016,319266
2026-07-14 13:15:00,60.15999984741211,60.15999984741211,59.650001525878906,59.650001525878906,203206
2026-07-15 09:15:00,60.0,60.130001068115234,59.5099983215332,59.619998931884766,368302
2026-07-15 13:15:00,59.70000076293945,59.70000076293945,59.099998474121094,59.13999938964844,250484
2026-07-16 09:15:00,59.2599983215332,59.970001220703125,59.18000030517578,59.470001220703125,238442
2026-07-16 13:15:00,59.380001068115234,59.45000076293945,58.58000183105469,59.0099983215332,169553
2026-07-17 09:15:00,59.0,59.0,57.7599983215332,57.88999938964844,151198
2026-07-17 13:15:00,57.88999938964844,58.209999084472656,57.849998474121094,58.06999969482422,241137
2026-07-20 09:15:00,59.189998626708984,59.189998626708984,57.599998474121094,58.06999969482422,276486
2026-07-20 13:15:00,58.06999969482422,58.4900016784668,57.95000076293945,58.2599983215332,147332
2026-07-21 09:15:00,58.2599983215332,58.650001525878906,58.0099983215332,58.400001525878906,241729
2026-07-21 13:15:00,58.45000076293945,58.5,58.08000183105469,58.29999923706055,223682
2026-07-22 09:15:00,58.0099983215332,59.38999938964844,57.5099983215332,57.79999923706055,1131430
2026-07-22 13:15:00,57.79999923706055,58.0,57.22999954223633,57.790000915527344,344411
2026-07-23 09:15:00,57.79999923706055,57.939998626708984,56.72999954223633,57.29999923706055,157265
2026-07-23 13:15:00,57.290000915527344,57.439998626708984,56.90999984741211,57.09000015258789,117614
2026-07-24 09:15:00,56.66999816894531,56.83000183105469,56.099998474121094,56.38999938964844,283065
2026-07-24 13:15:00,56.38999938964844,56.52000045776367,56.20000076293945,56.369998931884766,306887
2026-07-27 09:15:00,57.04999923706055,58.939998626708984,56.709999084472656,58.290000915527344,532090
2026-07-27 13:15:00,58.290000915527344,58.91999816894531,58.2400016784668,58.5,458562
2026-07-28 09:15:00,58.619998931884766,58.63999938964844,57.91999816894531,58.22999954223633,172797
2026-07-28 13:15:00,58.20000076293945,58.72999954223633,58.119998931884766,58.459999084472656,223012
2026-07-29 09:15:00,58.27000045776367,58.5099983215332,58.0,58.310001373291016,98354
2026-07-29 13:15:00,58.38999938964844,58.5099983215332,58.02000045776367,58.11000061035156,251621
2026-07-30 09:15:00,58.209999084472656,58.77000045776367,57.900001525878906,58.150001525878906,99697
2026-07-30 13:15:00,58.150001525878906,58.33000183105469,57.70000076293945,57.97999954223633,292650
2026-07-31 09:15:00,57.86000061035156,59.560001373291016,57.70000076293945,59.36000061035156,398693
2026-07-31 13:15:00,59.36000061035156,59.36000061035156,57.880001068115234,58.22999954223633,465727
2026-08-03 09:15:00,58.099998474121094,59.47999954223633,58.099998474121094,58.41999816894531,668344
2026-08-03 13:15:00,58.41999816894531,58.4900016784668,58.0,58.13999938964844,385885
2026-08-04 09:15:00,58.29999923706055,59.61000061035156,58.15999984741211,59.5,908093
2026-08-04 13:15:00,59.470001220703125,59.97999954223633,59.0,59.70000076293945,816881
2026-08-05 09:15:00,60.0,60.599998474121094,59.650001525878906,59.86000061035156,420257
2026-08-05 13:15:00,59.95000076293945,60.0,55.79999923706055,55.97999954223633,4404806
2026-08-06 09:15:00,56.060001373291016,58.0,55.849998474121094,56.97999954223633,2452601
2026-08-06 13:15:00,56.900001525878906,57.20000076293945,56.5099983215332,56.790000915527344,947164
2026-08-07 09:15:00,56.70000076293945,57.04999923706055,56.70000076293945,56.939998626708984,422837
2026-08-07 13:15:00,56.939998626708984,57.0,56.150001525878906,56.4900016784668,592287
