Datetime,Open,High,Low,Close,Volume
2023-08-28 09:15:00,41.0,41.0,41.0,41.0,22236
2023-08-28 13:15:00,41.025001525878906,41.25,41.025001525878906,41.25,12606
2023-08-29 09:15:00,41.25,41.75,41.25,41.75,50103
2023-08-29 13:15:00,41.849998474121094,41.849998474121094,41.75,41.75,16029
2023-08-30 09:15:00,41.75,41.75,41.75,41.75,75547
2023-08-30 13:15:00,41.75,41.75,41.0,41.0,32740
2023-08-31 09:15:00,40.20000076293945,40.32500076293945,40.20000076293945,40.25,18263
2023-08-31 13:15:00,40.5,40.5,40.5,40.5,5292
2023-09-01 09:15:00,40.525001525878906,41.29999923706055,40.525001525878906,41.29999923706055,39003
2023-09-01 13:15:00,41.29999923706055,41.29999923706055,41.29999923706055,41.29999923706055,2797
2023-09-04 09:15:00,42.125,42.125,42.125,42.125,11234
2023-09-04 13:15:00,42.125,42.125,41.625,41.625,55558
2023-09-05 09:15:00,42.45000076293945,42.45000076293945,42.45000076293945,42.45000076293945,70319
2023-09-05 13:15:00,42.45000076293945,42.45000076293945,41.75,41.75,98458
2023-09-06 09:15:00,42.57500076293945,42.57500076293945,42.57500076293945,42.57500076293945,5091
2023-09-06 13:15:00,42.57500076293945,42.57500076293945,42.57500076293945,42.57500076293945,3894
2023-09-07 09:15:00,43.42499923706055,43.42499923706055,43.42499923706055,43.42499923706055,882
2023-09-07 13:15:00,43.42499923706055,43.42499923706055,43.42499923706055,43.42499923706055,4939
2023-09-08 09:15:00,44.275001525878906,44.275001525878906,44.275001525878906,44.275001525878906,736
2023-09-08 13:15:00,44.275001525878906,44.275001525878906,44.275001525878906,44.275001525878906,2768
2023-09-11 09:15:00,45.150001525878906,45.150001525878906,45.150001525878906,45.150001525878906,14144
2023-09-11 13:15:00,45.150001525878906,45.150001525878906,45.150001525878906,45.150001525878906,2411
2023-09-12 09:15:00,44.5,44.5,44.25,44.25,8375
2023-09-12 13:15:00,44.25,44.25,44.25,44.25,27
2023-09-13 09:15:00,43.400001525878906,43.5,43.375,43.5,21213
2023-09-13 13:15:00,44.0,44.25,44.0,44.25,2760
2023-09-14 09:15:00,44.900001525878906,45.125,44.900001525878906,45.125,19417
2023-09-14 13:15:00,45.125,45.125,44.75,44.75,529
2023-09-15 09:15:00,44.75,45.625,44.75,45.625,8151
2023-09-15 13:15:00,45.625,45.625,45.625,45.625,22313
2023-09-18 09:15:00,45.5,46.400001525878906,45.5,46.400001525878906,6246
2023-09-18 13:15:00,46.25,46.25,46.25,46.25,21140
2023-09-20 09:15:00,47.17499923706055,47.17499923706055,45.525001525878906,45.525001525878906,13176
2023-09-20 13:15:00,45.54999923706055,45.54999923706055,45.54999923706055,45.54999923706055,1762
2023-09-21 09:15:00,44.650001525878906,44.650001525878906,44.650001525878906,44.650001525878906,7483
2023-09-21 13:15:00,45.04999923706055,46.25,45.04999923706055,46.25,80560
2023-09-22 09:15:00,46.349998474121094,46.349998474121094,45.5,45.57500076293945,6566
2023-09-22 13:15:00,46.0,46.25,46.0,46.25,12409
2023-09-25 09:15:00,46.25,46.25,46.0,46.0,58050
2023-09-25 13:15:00,46.25,46.25,46.25,46.25,40911
2023-09-26 09:15:00,46.525001525878906,46.525001525878906,46.0,46.0,21912
2023-09-26 13:15:00,45.95000076293945,45.95000076293945,45.95000076293945,45.95000076293945,15301
2023-09-27 09:15:00,46.25,46.45000076293945,46.25,46.45000076293945,24957
2023-09-27 13:15:00,46.474998474121094,46.474998474121094,46.474998474121094,46.474998474121094,15756
2023-09-28 09:15:00,47.400001525878906,47.400001525878906,47.400001525878906,47.400001525878906,7811
2023-09-28 13:15:00,47.400001525878906,47.400001525878906,47.099998474121094,47.099998474121094,15916
2023-09-29 09:15:00,48.025001525878906,48.025001525878906,46.375,46.375,423137
2023-09-29 13:15:00,46.375,48.0,46.375,48.0,84661
2023-10-03 09:15:00,48.95000076293945,48.95000076293945,47.125,47.25,407793
2023-10-03 13:15:00,47.29999923706055,47.54999923706055,47.29999923706055,47.54999923706055,4830
2023-10-04 09:15:00,47.5,48.474998474121094,47.5,48.474998474121094,78892
2023-10-04 13:15:00,48.5,48.5,48.5,48.5,45364
2023-10-05 09:15:00,49.45000076293945,49.45000076293945,49.45000076293945,49.45000076293945,7327
2023-10-05 13:15:00,49.45000076293945,49.45000076293945,49.45000076293945,49.45000076293945,2489
2023-10-06 09:15:00,50.42499923706055,50.42499923706055,50.42499923706055,50.42499923706055,29536
2023-10-06 13:15:00,50.42499923706055,50.42499923706055,50.42499923706055,50.42499923706055,1921
2023-10-09 09:15:00,51.42499923706055,51.42499923706055,51.125,51.125,55070
2023-10-09 13:15:00,51.125,51.125,50.0,50.0,33070
2023-10-10 09:15:00,50.974998474121094,51.0,49.974998474121094,49.974998474121094,60518
2023-10-10 13:15:00,49.0,49.0,49.0,49.0,20850
2023-10-11 09:15:00,48.025001525878906,48.5,48.025001525878906,48.5,18107
2023-10-11 13:15:00,49.974998474121094,49.974998474121094,49.974998474121094,49.974998474121094,12844
2023-10-12 09:15:00,50.95000076293945,50.95000076293945,50.95000076293945,50.95000076293945,301
2023-10-12 13:15:00,50.95000076293945,50.95000076293945,50.95000076293945,50.95000076293945,3986
2023-10-13 09:15:00,51.95000076293945,51.95000076293945,51.95000076293945,51.95000076293945,6259
2023-10-13 13:15:00,51.95000076293945,51.95000076293945,51.95000076293945,51.95000076293945,487
2023-10-16 09:15:00,52.974998474121094,52.974998474121094,52.974998474121094,52.974998474121094,1481
2023-10-16 13:15:00,52.974998474121094,52.974998474121094,52.974998474121094,52.974998474121094,134
2023-10-17 09:15:00,54.025001525878906,54.025001525878906,54.025001525878906,54.025001525878906,1486
2023-10-17 13:15:00,54.025001525878906,54.025001525878906,54.025001525878906,54.025001525878906,487
2023-10-18 09:15:00,55.099998474121094,55.099998474121094,55.099998474121094,55.099998474121094,4691
2023-10-18 13:15:00,55.099998474121094,55.099998474121094,55.099998474121094,55.099998474121094,385
2023-10-19 09:15:00,56.20000076293945,56.20000076293945,56.20000076293945,56.20000076293945,607
2023-10-19 13:15:00,56.20000076293945,56.20000076293945,56.20000076293945,56.20000076293945,10134
2023-10-20 09:15:00,57.29999923706055,57.29999923706055,57.29999923706055,57.29999923706055,857
2023-10-20 13:15:00,57.29999923706055,57.29999923706055,57.29999923706055,57.29999923706055,390
2023-10-23 09:15:00,58.42499923706055,58.42499923706055,56.20000076293945,56.20000076293945,116640
2023-10-23 13:15:00,56.150001525878906,56.150001525878906,56.150001525878906,56.150001525878906,10961
2023-10-25 09:15:00,55.025001525878906,55.025001525878906,55.025001525878906,55.025001525878906,8092
2023-10-25 13:15:00,55.025001525878906,55.025001525878906,55.025001525878906,55.025001525878906,943
2023-10-26 09:15:00,53.92499923706055,53.92499923706055,53.92499923706055,53.92499923706055,1017
2023-10-26 13:15:00,53.92499923706055,53.92499923706055,53.92499923706055,53.92499923706055,379
2023-10-27 09:15:00,55.0,55.0,55.0,55.0,69967
2023-10-27 13:15:00,55.0,55.0,54.95000076293945,54.95000076293945,16671
2023-10-30 09:15:00,54.04999923706055,55.0,54.04999923706055,55.0,8997
2023-10-30 13:15:00,56.0,56.025001525878906,56.0,56.025001525878906,9881
2023-10-31 09:15:00,56.75,56.75,55.07500076293945,55.07500076293945,3145
2023-10-31 13:15:00,55.07500076293945,56.5,55.07500076293945,56.5,2353
2023-11-01 09:15:00,56.5,56.54999923706055,56.5,56.54999923706055,58048
2023-11-01 13:15:00,57.349998474121094,57.349998474121094,56.75,56.75,10855
2023-11-02 09:15:00,56.474998474121094,56.650001525878906,56.25,56.25,10583
2023-11-02 13:15:00,55.75,55.75,55.75,55.75,8776
2023-11-03 09:15:00,55.79999923706055,56.5,55.79999923706055,56.25,440
2023-11-03 13:15:00,56.0,56.099998474121094,56.0,56.099998474121094,1967
2023-11-06 09:15:00,56.20000076293945,57.20000076293945,56.20000076293945,57.20000076293945,13318
2023-11-06 13:15:00,57.20000076293945,57.20000076293945,57.20000076293945,57.20000076293945,1364
2023-11-07 09:15:00,58.32500076293945,58.32500076293945,58.32500076293945,58.32500076293945,6627
2023-11-07 13:15:00,58.32500076293945,58.32500076293945,58.29999923706055,58.29999923706055,16811
2023-11-08 09:15:00,59.45000076293945,59.45000076293945,59.400001525878906,59.45000076293945,17344
2023-11-08 13:15:00,59.45000076293945,59.45000076293945,59.45000076293945,59.45000076293945,310
2023-11-09 09:15:00,60.625,60.625,60.625,60.625,47700
2023-11-09 13:15:00,60.625,60.625,60.625,60.625,1223
2023-11-10 09:15:00,61.82500076293945,61.82500076293945,61.82500076293945,61.82500076293945,225
2023-11-10 13:15:00,61.82500076293945,61.82500076293945,61.82500076293945,61.82500076293945,30900
2023-11-13 09:15:00,64.30000305175781,64.30000305175781,64.30000305175781,64.30000305175781,30888
2023-11-13 13:15:00,64.30000305175781,64.30000305175781,64.30000305175781,64.30000305175781,711
2023-11-15 09:15:00,65.55000305175781,65.55000305175781,65.25,65.25,17964
2023-11-15 13:15:00,65.25,65.57499694824219,65.25,65.57499694824219,15835
2023-11-16 09:15:00,66.875,66.875,66.875,66.875,10490
2023-11-16 13:15:00,66.875,66.875,66.875,66.875,138
2023-11-17 09:15:00,68.19999694824219,68.19999694824219,68.19999694824219,68.19999694824219,7451
2023-11-17 13:15:00,68.19999694824219,68.19999694824219,68.19999694824219,68.19999694824219,491
2023-11-20 09:15:00,69.5,69.55000305175781,69.5,69.55000305175781,13083
2023-11-20 13:15:00,69.55000305175781,69.55000305175781,69.55000305175781,69.55000305175781,505
2023-11-21 09:15:00,70.875,70.875,68.17500305175781,68.17500305175781,10027
2023-11-21 13:15:00,68.17500305175781,68.17500305175781,68.17500305175781,68.17500305175781,1790
2023-11-22 09:15:00,66.82499694824219,67.2750015258789,66.82499694824219,66.82499694824219,10667
2023-11-22 13:15:00,66.82499694824219,66.82499694824219,66.82499694824219,66.82499694824219,1482
2023-11-23 09:15:00,65.5,66.5,65.5,66.5,16494
2023-11-23 13:15:00,66.55000305175781,66.55000305175781,66.55000305175781,66.55000305175781,6605
2023-11-24 09:15:00,67.3499984741211,67.3499984741211,67.3499984741211,67.3499984741211,18871
2023-11-24 13:15:00,67.3499984741211,67.3499984741211,67.3499984741211,67.3499984741211,12905
2023-11-28 09:15:00,67.0,68.67500305175781,67.0,68.67500305175781,140386
2023-11-28 13:15:00,68.67500305175781,68.67500305175781,68.67500305175781,68.67500305175781,7455
2023-11-29 09:15:00,70.0250015258789,70.0250015258789,70.0250015258789,70.0250015258789,35071
2023-11-29 13:15:00,70.0250015258789,70.0250015258789,70.0250015258789,70.0250015258789,75037
2023-11-30 09:15:00,71.3499984741211,71.3499984741211,70.19999694824219,70.75,31758
2023-11-30 13:15:00,70.75,70.75,70.75,70.75,21900
2023-12-01 09:15:00,69.3499984741211,70.0,69.3499984741211,70.0,28869
2023-12-01 13:15:00,70.0,70.0,70.0,70.0,16580
2023-12-04 09:15:00,70.0,71.0,70.0,71.0,6889
2023-12-04 13:15:00,71.0,71.0,71.0,71.0,13208
2023-12-05 09:15:00,71.0,71.0,70.5,70.5,16540
2023-12-05 13:15:00,70.0,70.44999694824219,70.0,70.44999694824219,9370
2023-12-06 09:15:00,69.05000305175781,70.5,69.05000305175781,70.5,30076
2023-12-06 13:15:00,70.5,71.8499984741211,70.5,71.8499984741211,14717
2023-12-07 09:15:00,72.44999694824219,72.8499984741211,72.44999694824219,72.8499984741211,8210
2023-12-07 13:15:00,73.2750015258789,73.2750015258789,72.5999984741211,72.5999984741211,18195
2023-12-08 09:15:00,74.05000305175781,74.05000305175781,74.05000305175781,74.05000305175781,4389
2023-12-08 13:15:00,74.05000305175781,74.05000305175781,74.05000305175781,74.05000305175781,92633
2023-12-11 09:15:00,75.5,75.5,75.30000305175781,75.44999694824219,27752
2023-12-11 13:15:00,74.1500015258789,74.1500015258789,74.0250015258789,74.0250015258789,178932
2023-12-12 09:15:00,75.44999694824219,75.44999694824219,74.4749984741211,74.875,45971
2023-12-12 13:15:00,74.94999694824219,75.5,74.94999694824219,75.5,27015
2023-12-13 09:15:00,76.07499694824219,77.0,76.07499694824219,76.94999694824219,76398
2023-12-13 13:15:00,77.0,77.0,77.0,77.0,17454
2023-12-14 09:15:00,78.42500305175781,78.42500305175781,78.4000015258789,78.4000015258789,11589
2023-12-14 13:15:00,78.4000015258789,78.4000015258789,78.4000015258789,78.4000015258789,9299
2023-12-15 09:15:00,79.0,79.75,78.94999694824219,78.94999694824219,9706
2023-12-15 13:15:00,79.625,79.625,79.5,79.5,14830
2023-12-18 09:15:00,79.5,80.0,79.4749984741211,79.4749984741211,12143
2023-12-18 13:15:00,79.0,79.0,79.0,79.0,3792
2023-12-19 09:15:00,78.94999694824219,80.0,78.94999694824219,79.5,55650
2023-12-19 13:15:00,79.8499984741211,80.55000305175781,79.8499984741211,80.55000305175781,29389
2023-12-20 09:15:00,82.0,82.0,81.8499984741211,82.0,31633
2023-12-20 13:15:00,79.5,79.5,78.94999694824219,78.94999694824219,10069
2023-12-21 09:15:00,77.375,79.05000305175781,77.375,79.05000305175781,18476
2023-12-21 13:15:00,80.5,80.5,80.5,80.5,9541
2023-12-22 09:15:00,81.5,81.5,80.5,81.5,8208
2023-12-22 13:15:00,81.5,81.5,81.5,81.5,4007
2023-12-26 09:15:00,81.5,81.5,81.0,81.25,13425
2023-12-26 13:15:00,81.0,81.0,81.0,81.0,992
2023-12-27 09:15:00,80.05000305175781,81.0,80.05000305175781,80.4749984741211,119355
2023-12-27 13:15:00,80.5,80.75,80.5,80.75,11475
2023-12-28 09:15:00,81.4749984741211,82.25,81.4749984741211,81.75,540555
2023-12-28 13:15:00,82.0250015258789,82.0250015258789,82.0250015258789,82.0250015258789,5817
2023-12-29 09:15:00,82.0250015258789,82.5,82.0250015258789,82.5,276168
2023-12-29 13:15:00,82.5,82.5,82.5,82.5,6943
2024-01-01 09:15:00,84.0,84.0,83.25,83.25,10754
2024-01-01 13:15:00,83.25,83.4749984741211,83.25,83.4749984741211,11701
2024-01-02 09:15:00,84.875,84.875,81.82499694824219,81.82499694824219,25774
2024-01-02 13:15:00,81.82499694824219,81.82499694824219,81.82499694824219,81.82499694824219,41687
2024-01-03 09:15:00,82.0,82.0,80.55000305175781,81.0,151530
2024-01-03 13:15:00,80.5,80.5,80.19999694824219,80.19999694824219,50871
2024-01-04 09:15:00,78.6500015258789,79.25,78.6500015258789,79.25,10750
2024-01-04 13:15:00,79.9749984741211,80.0,79.9749984741211,80.0,15512
2024-01-05 09:15:00,79.55000305175781,79.9749984741211,79.55000305175781,79.9749984741211,10773
2024-01-05 13:15:00,78.4000015258789,78.5,78.4000015258789,78.5,21428
2024-01-08 09:15:00,77.55000305175781,77.5999984741211,77.55000305175781,77.5999984741211,26328
2024-01-08 13:15:00,77.5999984741211,77.5999984741211,77.0,77.0,23894
2024-01-09 09:15:00,77.5,77.5,77.0,77.0,8358
2024-01-09 13:15:00,77.0,77.4749984741211,77.0,77.4749984741211,6795
2024-01-10 09:15:00,77.4749984741211,78.55000305175781,77.4749984741211,78.55000305175781,32005
2024-01-10 13:15:00,79.0,79.0,79.0,79.0,8118
2024-01-11 09:15:00,80.5,80.5,79.25,79.2750015258789,22231
2024-01-11 13:15:00,80.5,80.5,80.5,80.5,12622
2024-01-12 09:15:00,82.0250015258789,82.0250015258789,82.0,82.0,39565
2024-01-12 13:15:00,82.0999984741211,82.0999984741211,82.0999984741211,82.0999984741211,11997
2024-01-15 09:15:00,83.5,83.5,82.5,82.5,25453
2024-01-15 13:15:00,82.5,83.0,82.5,83.0,3316
2024-01-16 09:15:00,84.30000305175781,84.30000305175781,83.5,83.5,7055
2024-01-16 13:15:00,83.5,83.5,83.5,83.5,1397
2024-01-17 09:15:00,84.4000015258789,84.4000015258789,81.8499984741211,82.5,182554
2024-01-17 13:15:00,84.9000015258789,84.9000015258789,84.5,84.5,12215
2024-01-18 09:15:00,86.17500305175781,86.17500305175781,86.17500305175781,86.17500305175781,14991
2024-01-18 13:15:00,86.17500305175781,86.17500305175781,86.17500305175781,86.17500305175781,955
2024-01-19 09:15:00,87.875,87.875,87.875,87.875,3071
2024-01-19 13:15:00,87.875,87.875,87.875,87.875,948
2024-01-23 09:15:00,91.0,91.0,90.9749984741211,90.9749984741211,28378
2024-01-23 13:15:00,91.0,91.0,90.94999694824219,90.94999694824219,11447
2024-01-24 09:15:00,89.1500015258789,90.75,89.1500015258789,90.75,13582
2024-01-24 13:15:00,91.0,92.0,91.0,92.0,6232
2024-01-25 09:15:00,93.5,93.82499694824219,93.5,93.55000305175781,7988
2024-01-25 13:15:00,93.55000305175781,93.82499694824219,93.55000305175781,93.82499694824219,2073
2024-01-29 09:15:00,95.44999694824219,95.69999694824219,95.44999694824219,95.69999694824219,38682
2024-01-29 13:15:00,95.69999694824219,95.69999694824219,95.69999694824219,95.69999694824219,23070
2024-01-30 09:15:00,97.5999984741211,97.5999984741211,97.5999984741211,97.5999984741211,57696
2024-01-30 13:15:00,97.5999984741211,97.5999984741211,97.5999984741211,97.5999984741211,41753
2024-01-31 09:15:00,99.375,99.375,98.0,98.44999694824219,66027
2024-01-31 13:15:00,98.44999694824219,98.44999694824219,97.5999984741211,97.5999984741211,31545
2024-02-01 09:15:00,97.42500305175781,97.42500305175781,97.07499694824219,97.07499694824219,30606
2024-02-01 13:15:00,97.0,97.0,96.5,96.5,16560
2024-02-02 09:15:00,94.57499694824219,94.57499694824219,94.57499694824219,94.57499694824219,6767
2024-02-02 13:15:00,94.57499694824219,94.57499694824219,94.57499694824219,94.57499694824219,3646
2024-02-05 09:15:00,94.625,94.625,92.69999694824219,92.69999694824219,12218
2024-02-05 13:15:00,92.69999694824219,92.69999694824219,92.69999694824219,92.69999694824219,6166
2024-02-06 09:15:00,90.8499984741211,90.8499984741211,90.8499984741211,90.8499984741211,4652
2024-02-06 13:15:00,90.8499984741211,90.8499984741211,90.8499984741211,90.8499984741211,71
2024-02-07 09:15:00,89.05000305175781,90.5,89.05000305175781,90.0,59490
2024-02-07 13:15:00,90.0,92.6500015258789,90.0,92.6500015258789,30214
2024-02-08 09:15:00,93.9000015258789,93.9000015258789,93.4749984741211,93.4749984741211,12975
2024-02-08 13:15:00,92.5,92.5,92.44999694824219,92.44999694824219,5227
2024-02-09 09:15:00,91.9749984741211,91.9749984741211,91.67500305175781,91.67500305175781,3024
2024-02-09 13:15:00,91.67500305175781,91.67500305175781,91.4749984741211,91.4749984741211,2519
2024-02-12 09:15:00,89.82499694824219,89.82499694824219,89.6500015258789,89.6500015258789,22718
2024-02-12 13:15:00,89.6500015258789,89.6500015258789,89.6500015258789,89.6500015258789,585
2024-02-13 09:15:00,87.875,87.875,87.875,87.875,18983
2024-02-13 13:15:00,87.875,87.875,87.875,87.875,2321
2024-02-14 09:15:00,86.125,86.125,86.125,86.125,5337
2024-02-14 13:15:00,86.125,86.125,86.125,86.125,1056
2024-02-15 09:15:00,86.17500305175781,86.17500305175781,86.125,86.125,20026
2024-02-15 13:15:00,85.0,85.0,85.0,85.0,7044
2024-02-16 09:15:00,85.0250015258789,86.69999694824219,85.0250015258789,86.69999694824219,13426
2024-02-16 13:15:00,86.69999694824219,86.69999694824219,86.69999694824219,86.69999694824219,685
2024-02-19 09:15:00,90.92500305175781,91.0250015258789,89.5,91.0250015258789,26182
2024-02-19 13:15:00,91.0250015258789,91.0250015258789,91.0250015258789,91.0250015258789,2285
2024-02-20 09:15:00,92.8499984741211,95.57499694824219,92.8499984741211,95.0,134767
2024-02-20 13:15:00,95.57499694824219,95.57499694824219,95.0,95.55000305175781,11885
2024-02-21 09:15:00,97.4749984741211,98.0,92.625,94.5,20226
2024-02-21 13:15:00,95.0,95.0,92.5,93.5999984741211,8976
2024-02-22 09:15:00,93.0,96.44999694824219,90.6500015258789,94.94999694824219,20567
2024-02-22 13:15:00,94.5,96.25,93.0,94.0999984741211,32114
2024-02-23 09:15:00,94.0999984741211,94.0999984741211,89.5,92.0,5516
2024-02-23 13:15:00,92.0,94.5,90.6500015258789,92.5,17565
2024-02-26 09:15:00,92.5,93.42500305175781,90.125,92.19999694824219,13463
2024-02-26 13:15:00,92.0,94.69999694824219,91.0,93.25,26959
2024-02-27 09:15:00,94.75,95.0,90.625,92.9749984741211,10041
2024-02-27 13:15:00,93.0,93.75,91.5,92.57499694824219,13348
2024-02-28 09:15:00,92.57499694824219,94.5,88.30000305175781,88.30000305175781,15522
2024-02-28 13:15:00,88.4000015258789,91.0,87.94999694824219,90.05000305175781,22733
2024-02-29 09:15:00,86.75,94.55000305175781,86.75,93.4749984741211,13086
2024-02-29 13:15:00,93.5,94.44999694824219,92.0,93.625,20518
2024-03-01 09:15:00,97.0,98.30000305175781,95.05000305175781,96.05000305175781,143945
2024-03-01 13:15:00,97.5,98.30000305175781,96.9749984741211,98.30000305175781,52391
2024-03-04 09:15:00,103.5,103.5,91.0,93.375,115959
2024-03-04 13:15:00,93.4000015258789,97.75,93.375,96.42500305175781,85873
2024-03-05 09:15:00,95.0,95.5,91.5250015258789,95.5,28840
2024-03-05 13:15:00,95.25,95.375,92.5250015258789,93.3499984741211,19332
2024-03-06 09:15:00,93.0,93.0,79.0,86.0,207610
2024-03-06 13:15:00,85.94999694824219,87.25,84.5,87.0,57375
2024-03-07 09:15:00,92.42500305175781,92.42500305175781,88.55000305175781,90.4000015258789,65743
2024-03-07 13:15:00,90.44999694824219,91.69999694824219,88.25,89.2249984741211,49105
2024-03-11 09:15:00,91.44999694824219,92.0,84.2750015258789,87.19999694824219,57241
2024-03-11 13:15:00,87.0,87.25,84.5250015258789,85.55000305175781,19990
2024-03-12 09:15:00,85.55000305175781,85.55000305175781,73.5999984741211,79.30000305175781,201899
2024-03-12 13:15:00,79.2249984741211,79.8499984741211,78.5,78.80000305175781,34046
2024-03-13 09:15:00,77.2249984741211,78.2249984741211,68.55000305175781,71.0,137628
2024-03-13 13:15:00,70.80000305175781,73.32499694824219,68.94999694824219,72.5999984741211,105814
2024-03-14 09:15:00,68.5,84.8499984741211,68.5,80.75,147729
2024-03-14 13:15:00,80.67500305175781,83.0,79.0250015258789,82.42500305175781,69322
2024-03-15 09:15:00,82.4749984741211,83.9749984741211,77.5999984741211,80.0,56662
2024-03-15 13:15:00,80.05000305175781,83.0,79.7249984741211,81.5250015258789,34944
2024-03-18 09:15:00,82.5,82.5,73.19999694824219,75.2249984741211,106115
2024-03-18 13:15:00,75.7249984741211,77.19999694824219,73.9000015258789,74.44999694824219,112428
2024-03-19 09:15:00,74.9749984741211,79.82499694824219,74.4749984741211,77.125,57695
2024-03-19 13:15:00,77.30000305175781,78.75,75.30000305175781,76.0250015258789,40163
2024-03-20 09:15:00,76.5,78.4000015258789,75.30000305175781,76.8499984741211,50430
2024-03-20 13:15:00,76.75,77.0,74.3499984741211,75.05000305175781,13594
2024-03-21 09:15:00,76.55000305175781,79.25,75.5,77.25,116918
2024-03-21 13:15:00,77.2750015258789,78.1500015258789,76.94999694824219,77.625,19705
2024-03-22 09:15:00,78.4749984741211,81.0,78.25,80.1500015258789,32497
2024-03-22 13:15:00,80.2249984741211,81.0,79.1500015258789,79.44999694824219,35735
2024-03-26 09:15:00,77.5999984741211,80.7249984741211,77.5999984741211,79.05000305175781,17665
2024-03-26 13:15:00,79.2249984741211,79.94999694824219,76.5,79.17500305175781,40067
2024-03-27 09:15:00,79.9749984741211,80.32499694824219,77.5,77.5,39969
2024-03-27 13:15:00,77.5,78.8499984741211,76.0,76.82499694824219,27846
2024-03-28 09:15:00,77.25,80.0999984741211,77.25,79.0999984741211,13041
2024-03-28 13:15:00,79.0999984741211,79.0999984741211,77.30000305175781,78.1500015258789,13531
2024-04-01 09:15:00,79.9000015258789,84.0999984741211,78.1500015258789,82.44999694824219,65730
2024-04-01 13:15:00,82.25,85.0,82.0250015258789,84.0999984741211,19678
2024-04-02 09:15:00,84.5,91.8499984741211,84.5,89.0,52771
2024-04-02 13:15:00,89.05000305175781,90.80000305175781,88.7750015258789,90.125,33471
2024-04-03 09:15:00,93.5,93.5,90.0250015258789,92.4000015258789,30357
2024-04-03 13:15:00,92.4749984741211,92.5,91.30000305175781,92.30000305175781,23143
2024-04-04 09:15:00,94.9749984741211,94.9749984741211,90.125,92.0,36560
2024-04-04 13:15:00,91.9000015258789,92.42500305175781,90.0999984741211,90.42500305175781,13529
2024-04-05 09:15:00,90.0250015258789,91.82499694824219,87.82499694824219,88.07499694824219,50014
2024-04-05 13:15:00,88.05000305175781,88.0999984741211,85.19999694824219,86.30000305175781,51590
2024-04-08 09:15:00,88.875,90.9749984741211,87.7249984741211,90.67500305175781,31912
2024-04-08 13:15:00,90.67500305175781,90.9749984741211,89.6500015258789,90.9749984741211,28451
2024-04-09 09:15:00,92.3499984741211,92.4749984741211,89.57499694824219,90.6500015258789,56473
2024-04-09 13:15:00,90.7750015258789,91.25,87.32499694824219,88.1500015258789,38071
2024-04-10 09:15:00,89.69999694824219,89.69999694824219,86.2249984741211,86.25,41203
2024-04-10 13:15:00,86.30000305175781,87.17500305175781,85.05000305175781,85.9000015258789,37827
2024-04-12 09:15:00,86.25,87.5999984741211,83.9000015258789,85.82499694824219,21386
2024-04-12 13:15:00,86.44999694824219,87.0,84.67500305175781,86.0999984741211,11643
2024-04-15 09:15:00,86.5250015258789,87.5999984741211,81.25,84.17500305175781,52395
2024-04-15 13:15:00,83.8499984741211,86.1500015258789,82.875,85.44999694824219,17242
2024-04-16 09:15:00,84.32499694824219,87.25,83.7249984741211,84.2750015258789,23832
2024-04-16 13:15:00,84.2750015258789,87.44999694824219,82.7750015258789,86.375,40792
2024-04-18 09:15:00,88.0,89.2249984741211,86.5,87.75,20241
2024-04-18 13:15:00,88.0,89.5,87.57499694824219,88.5,25344
2024-04-19 09:15:00,88.5,88.5,84.5,86.80000305175781,17232
2024-04-19 13:15:00,87.0,87.0250015258789,86.0,86.1500015258789,7497
2024-04-22 09:15:00,87.5,89.5,85.0,86.2750015258789,32760
2024-04-22 13:15:00,86.57499694824219,86.92500305175781,85.5250015258789,86.30000305175781,13716
2024-04-23 09:15:00,86.30000305175781,88.05000305175781,86.30000305175781,87.17500305175781,3785
2024-04-23 13:15:00,87.1500015258789,87.44999694824219,84.5250015258789,86.5250015258789,20082
2024-04-24 09:15:00,86.4000015258789,99.44999694824219,84.5,93.0999984741211,440546
2024-04-24 13:15:00,93.0999984741211,94.9000015258789,92.92500305175781,94.9000015258789,85233
2024-04-25 09:15:00,95.19999694824219,112.5,95.19999694824219,109.0,987377
2024-04-25 13:15:00,108.9749984741211,109.125,104.0999984741211,107.44999694824219,282685
2024-04-26 09:15:00,110.0250015258789,111.75,103.82499694824219,106.5250015258789,199726
2024-04-26 13:15:00,106.80000305175781,107.25,104.9749984741211,106.30000305175781,96520
2024-04-29 09:15:00,109.94999694824219,113.5,109.4749984741211,109.57499694824219,120284
2024-04-29 13:15:00,109.57499694824219,111.0999984741211,108.1500015258789,110.30000305175781,75014
2024-04-30 09:15:00,111.0,112.5,108.4749984741211,110.44999694824219,48565
2024-04-30 13:15:00,110.44999694824219,110.9749984741211,107.5,108.2249984741211,53720
2024-05-02 09:15:00,118.80000305175781,118.80000305175781,113.4749984741211,114.44999694824219,252988
2024-05-02 13:15:00,114.44999694824219,114.7249984741211,109.5,114.0999984741211,246147
2024-05-03 09:15:00,115.9749984741211,115.9749984741211,111.1500015258789,113.9000015258789,67326
2024-05-03 13:15:00,113.8499984741211,114.0,112.69999694824219,113.5,40269
2024-05-06 09:15:00,114.4000015258789,114.4000015258789,108.07499694824219,111.5250015258789,64868
2024-05-06 13:15:00,111.80000305175781,111.80000305175781,109.0,109.5,27306
2024-05-07 09:15:00,109.5,112.0,104.9000015258789,105.0,32435
2024-05-07 13:15:00,105.0,107.5,104.0250015258789,104.7249984741211,38324
2024-05-08 09:15:00,104.7249984741211,108.75,104.5,108.69999694824219,9815
2024-05-08 13:15:00,108.69999694824219,108.69999694824219,105.30000305175781,107.0,10463
2024-05-09 09:15:00,105.0,107.94999694824219,103.2750015258789,104.0,8510
2024-05-09 13:15:00,104.0250015258789,106.42500305175781,102.5,103.5,15846
2024-05-10 09:15:00,108.0,108.25,105.0,105.5,11862
2024-05-10 13:15:00,105.5,107.5,105.0,107.32499694824219,13360
2024-05-13 09:15:00,107.32499694824219,107.32499694824219,102.875,106.9000015258789,27645
2024-05-13 13:15:00,106.9000015258789,109.5,105.0,108.05000305175781,15436
2024-05-14 09:15:00,109.5,113.25,106.0,112.55000305175781,46979
2024-05-14 13:15:00,112.55000305175781,113.0,112.5,112.69999694824219,26616
2024-05-15 09:15:00,112.69999694824219,116.44999694824219,112.5,112.57499694824219,18874
2024-05-15 13:15:00,112.69999694824219,116.0,112.5,115.0,19595
2024-05-16 09:15:00,115.92500305175781,118.0999984741211,112.5,114.1500015258789,35258
2024-05-16 13:15:00,116.4749984741211,117.4000015258789,112.5,116.7249984741211,26473
2024-05-17 09:15:00,115.9749984741211,120.5,112.5,120.5,54720
2024-05-17 13:15:00,120.5,122.57499694824219,115.0,122.57499694824219,245869
2024-05-21 09:15:00,129.4499969482422,129.9499969482422,122.5,125.55000305175781,21539
2024-05-21 13:15:00,126.44999694824219,126.44999694824219,120.92500305175781,121.0,44186
2024-05-22 09:15:00,122.5,123.125,120.0,122.3499984741211,31306
2024-05-22 13:15:00,122.0,122.5,120.0,122.30000305175781,20023
2024-05-23 09:15:00,123.875,123.875,119.0,120.9000015258789,20252
2024-05-23 13:15:00,119.2750015258789,128.39999389648438,117.625,128.39999389648438,90611
2024-05-24 09:15:00,128.97500610351562,129.4499969482422,122.5,125.0,26479
2024-05-24 13:15:00,125.0,126.0,123.4000015258789,123.75,17868
2024-05-27 09:15:00,125.8499984741211,125.8499984741211,120.5,124.25,16242
2024-05-27 13:15:00,121.5999984741211,124.2249984741211,121.0,123.07499694824219,12078
2024-05-28 09:15:00,123.0,124.9749984741211,119.75,120.0,25218
2024-05-28 13:15:00,120.0,120.0,117.25,120.0,26082
2024-05-29 09:15:00,116.92500305175781,121.5,115.0250015258789,118.75,9855
2024-05-29 13:15:00,118.75,122.0,118.0,121.75,13243
2024-05-30 09:15:00,121.94999694824219,121.94999694824219,116.4000015258789,118.0,12498
2024-05-30 13:15:00,118.0,118.25,116.55000305175781,117.0250015258789,14390
2024-05-31 09:15:00,117.19999694824219,119.0,114.69999694824219,117.05000305175781,19774
2024-05-31 13:15:00,117.05000305175781,117.625,113.5250015258789,115.6500015258789,11479
2024-06-03 09:15:00,120.0,121.42500305175781,119.0999984741211,121.42500305175781,28071
2024-06-03 13:15:00,121.42500305175781,121.42500305175781,121.42500305175781,121.42500305175781,6528
2024-06-04 09:15:00,122.8499984741211,122.8499984741211,115.3499984741211,115.3499984741211,32508
2024-06-04 13:15:00,115.3499984741211,119.0,115.3499984741211,115.42500305175781,39361
2024-06-05 09:15:00,118.94999694824219,121.1500015258789,109.67500305175781,118.4749984741211,46071
2024-06-05 13:15:00,118.4749984741211,121.17500305175781,116.9000015258789,119.92500305175781,42510
2024-06-06 09:15:00,125.0,125.9000015258789,122.57499694824219,125.0,30262
2024-06-06 13:15:00,125.0,125.9000015258789,124.0250015258789,125.9000015258789,21486
2024-06-07 09:15:00,127.44999694824219,129.89999389648438,123.6500015258789,127.0,27266
2024-06-07 13:15:00,127.0,127.5,122.5,126.5,16091
2024-06-10 09:15:00,127.4749984741211,127.49500274658203,122.5,125.07499694824219,19816
2024-06-10 13:15:00,125.07499694824219,125.07499694824219,121.0,121.59500122070312,35876
2024-06-11 09:15:00,123.75,127.4749984741211,120.92500305175781,124.26000213623047,30808
2024-06-11 13:15:00,125.69999694824219,126.69999694824219,123.69999694824219,126.37999725341797,25427
2024-06-12 09:15:00,126.37999725341797,127.0,124.0,126.0,24161
2024-06-12 13:15:00,125.94999694824219,126.0,125.0,125.18499755859375,23528
2024-06-13 09:15:00,127.5,127.5,125.18499755859375,125.51000213623047,22037
2024-06-13 13:15:00,125.9749984741211,126.5,125.45500183105469,126.04499816894531,7841
2024-06-14 09:15:00,126.72000122070312,132.34500122070312,126.5,132.34500122070312,113403
2024-06-14 13:15:00,132.34500122070312,132.34500122070312,132.34500122070312,132.34500122070312,11383
2024-06-18 09:15:00,138.9600067138672,138.9600067138672,134.9949951171875,136.5,61783
2024-06-18 13:15:00,135.52499389648438,137.375,133.50999450683594,134.97500610351562,28225
2024-06-19 09:15:00,134.88499450683594,135.0,129.0,133.97500610351562,27946
2024-06-19 13:15:00,133.97500610351562,134.5,131.5500030517578,132.8699951171875,15934
2024-06-20 09:15:00,132.5,133.9250030517578,127.5,129.75,37902
2024-06-20 13:15:00,131.0,131.375,128.5,129.14500427246094,24465
2024-06-21 09:15:00,129.5,134.0,127.5999984741211,132.47500610351562,15935
2024-06-21 13:15:00,132.5,135.0,132.47500610351562,133.93499755859375,37767
2024-06-24 09:15:00,139.9600067138672,140.6300048828125,138.0050048828125,139.875,191355
2024-06-24 13:15:00,139.875,140.375,138.4499969482422,138.9250030517578,81850
2024-06-25 09:15:00,142.5,142.5,139.2050018310547,142.4499969482422,38406
2024-06-25 13:15:00,142.0,142.0,140.0,140.97500610351562,17626
2024-06-26 09:15:00,142.5,143.5,133.9250030517578,136.5,46208
2024-06-26 13:15:00,136.5,137.5,133.9250030517578,134.97500610351562,64346
2024-06-27 09:15:00,135.94500732421875,137.4949951171875,132.0500030517578,134.75,24011
2024-06-27 13:15:00,134.75,134.75,132.1750030517578,133.30499267578125,21725
2024-06-28 09:15:00,134.5,136.0,133.5,134.39999389648438,24397
2024-06-28 13:15:00,134.97500610351562,136.38999938964844,133.75,136.0,15561
2024-07-01 09:15:00,136.0,141.9499969482422,136.0,140.875,94718
2024-07-01 13:15:00,141.85000610351562,142.875,140.875,141.97500610351562,62021
2024-07-02 09:15:00,145.0,147.5,142.5749969482422,143.0,67163
2024-07-02 13:15:00,144.97500610351562,145.5,142.5,144.1750030517578,75160
2024-07-03 09:15:00,150.0,150.0,144.0,145.0,120685
2024-07-03 13:15:00,144.0,149.89999389648438,143.0,147.4499969482422,78211
2024-07-04 09:15:00,147.4499969482422,147.5,144.10000610351562,147.5,44124
2024-07-04 13:15:00,147.5,149.89999389648438,147.0,149.0500030517578,35034
2024-07-05 09:15:00,149.39999389648438,156.9499969482422,145.64999389648438,156.9499969482422,90853
2024-07-05 13:15:00,156.9499969482422,156.9499969482422,156.9499969482422,156.9499969482422,20302
2024-07-08 09:15:00,164.75,164.75,164.0,164.75,14423
2024-07-08 13:15:00,164.75,164.75,164.75,164.75,4591
2024-07-09 09:15:00,172.8000030517578,172.9499969482422,170.0,172.9499969482422,197656
2024-07-09 13:15:00,172.9499969482422,172.9499969482422,172.9499969482422,172.9499969482422,5866
2024-07-10 09:15:00,178.35000610351562,181.5500030517578,164.3000030517578,181.5500030517578,157166
2024-07-10 13:15:00,181.5500030517578,181.5500030517578,181.5500030517578,181.5500030517578,8962
2024-07-11 09:15:00,190.60000610351562,190.60000610351562,190.5500030517578,190.60000610351562,35742
2024-07-11 13:15:00,190.60000610351562,190.60000610351562,190.60000610351562,190.60000610351562,10782
2024-07-12 09:15:00,200.10000610351562,200.10000610351562,199.8000030517578,200.10000610351562,41078
2024-07-12 13:15:00,200.10000610351562,200.10000610351562,200.10000610351562,200.10000610351562,10944
2024-07-15 09:15:00,190.10000610351562,190.10000610351562,190.10000610351562,190.10000610351562,22497
2024-07-15 13:15:00,190.10000610351562,190.10000610351562,190.10000610351562,190.10000610351562,11162
2024-07-16 09:15:00,180.60000610351562,180.60000610351562,180.60000610351562,180.60000610351562,10000
2024-07-16 13:15:00,180.60000610351562,180.60000610351562,180.60000610351562,180.60000610351562,4843
2024-07-18 09:15:00,171.60000610351562,171.60000610351562,171.60000610351562,171.60000610351562,10244
2024-07-18 13:15:00,171.60000610351562,171.60000610351562,171.60000610351562,171.60000610351562,7199
2024-07-19 09:15:00,168.0,168.1999969482422,163.0500030517578,163.0500030517578,428044
2024-07-19 13:15:00,163.0500030517578,168.6999969482422,163.0500030517578,163.0500030517578,271151
2024-07-22 09:15:00,157.0,169.75,154.89999389648438,161.14999389648438,126035
2024-07-22 13:15:00,161.14999389648438,164.39999389648438,158.0,161.0,72462
2024-07-23 09:15:00,156.1999969482422,158.6999969482422,151.39999389648438,153.8000030517578,157946
2024-07-23 13:15:00,152.0,155.89999389648438,151.39999389648438,154.6999969482422,55714
2024-07-24 09:15:00,150.60000610351562,162.39999389648438,149.64999389648438,162.39999389648438,167944
2024-07-24 13:15:00,162.39999389648438,162.39999389648438,162.39999389648438,162.39999389648438,8919
2024-07-25 09:15:00,164.0,165.0,156.1999969482422,162.0,79175
2024-07-25 13:15:00,161.0,165.0,159.0500030517578,162.1999969482422,80075
2024-07-26 09:15:00,162.1999969482422,170.0,162.0,170.0,251470
2024-07-26 13:15:00,169.89999389648438,170.3000030517578,169.60000610351562,170.3000030517578,86901
2024-07-29 09:15:00,173.75,176.89999389648438,168.10000610351562,169.6999969482422,99001
2024-07-29 13:15:00,168.6999969482422,172.0,168.0,168.0,57359
2024-07-30 09:15:00,169.75,173.0,166.75,169.25,85111
2024-07-30 13:15:00,170.0,171.89999389648438,167.0,167.10000610351562,35018
2024-07-31 09:15:00,170.60000610351562,171.5,162.5,163.10000610351562,80935
2024-07-31 13:15:00,163.10000610351562,175.0,163.10000610351562,167.0,107427
2024-08-01 09:15:00,166.0,171.0,165.0,167.8000030517578,141127
2024-08-01 13:15:00,165.14999389648438,167.8000030517578,165.00999450683594,165.4199981689453,33474
2024-08-02 09:15:00,164.99000549316406,168.35000610351562,158.5,167.0500030517578,47922
2024-08-02 13:15:00,167.10000610351562,171.0,167.10000610351562,168.3000030517578,57684
2024-08-05 09:15:00,160.0,164.6999969482422,159.8800048828125,160.85000610351562,128363
2024-08-05 13:15:00,160.5,161.0,159.8800048828125,159.8800048828125,43194
2024-08-06 09:15:00,156.0,164.83999633789062,155.17999267578125,164.0,119471
2024-08-06 13:15:00,164.0,166.13999938964844,162.02000427246094,164.61000061035156,215605
2024-08-07 09:15:00,168.0,168.0,165.41000366210938,166.85000610351562,340299
2024-08-07 13:15:00,166.89999389648438,168.0,165.0,166.8000030517578,176139
2024-08-08 09:15:00,168.0,173.4499969482422,167.0,171.64999389648438,239549
2024-08-08 13:15:00,171.99000549316406,172.0,170.0500030517578,170.92999267578125,64939
2024-08-09 09:15:00,175.85000610351562,179.47000122070312,173.35000610351562,179.47000122070312,262829
2024-08-09 13:15:00,179.47000122070312,179.47000122070312,179.47000122070312,179.47000122070312,14441
2024-08-12 09:15:00,180.0,184.0,175.1999969482422,180.0,96717
2024-08-12 13:15:00,180.00999450683594,180.4600067138672,175.60000610351562,177.5800018310547,92862
2024-08-13 09:15:00,178.02999877929688,178.7899932861328,170.10000610351562,172.5500030517578,204256
2024-08-13 13:15:00,173.17999267578125,179.0,172.36000061035156,177.67999267578125,106285
2024-08-14 09:15:00,182.0,182.0,171.0,173.5,362376
2024-08-14 13:15:00,173.25,182.00999450683594,169.14999389648438,178.6199951171875,206010
2024-08-16 09:15:00,179.05999755859375,180.99000549316406,176.39999389648438,177.75,107284
2024-08-16 13:15:00,177.75,184.97999572753906,176.60000610351562,184.5,196172
2024-08-19 09:15:00,185.0,189.99000549316406,184.10000610351562,189.0,147563
2024-08-19 13:15:00,188.10000610351562,189.1999969482422,185.00999450683594,189.1999969482422,138460
2024-08-20 09:15:00,191.4600067138672,191.52000427246094,184.5,185.72999572753906,129893
2024-08-20 13:15:00,185.72000122070312,188.89999389648438,183.5,185.61000061035156,63012
2024-08-21 09:15:00,186.1199951171875,187.89999389648438,177.52999877929688,185.0,24321
2024-08-21 13:15:00,185.0,190.38999938964844,185.0,187.1199951171875,96358
2024-08-22 09:15:00,190.13999938964844,193.0,186.25,189.8699951171875,38236
2024-08-22 13:15:00,188.0,191.0,186.89999389648438,189.47999572753906,37609
2024-08-23 09:15:00,186.0500030517578,189.0,182.5,185.92999267578125,81203
2024-08-23 13:15:00,185.0,191.0,183.66000366210938,189.7899932861328,88390
2024-08-26 09:15:00,190.0,190.0,181.0,185.0,94264
2024-08-26 13:15:00,182.6999969482422,188.5,182.0,186.75,57555
2024-08-27 09:15:00,186.75,193.0,182.3000030517578,184.99000549316406,163745
2024-08-27 13:15:00,184.8000030517578,185.89999389648438,182.0,182.9499969482422,30985
2024-08-28 09:15:00,184.7899932861328,192.0,184.7899932861328,187.8699951171875,212144
2024-08-28 13:15:00,187.8699951171875,188.0,185.0,186.5,40285
2024-08-29 09:15:00,187.42999267578125,187.42999267578125,178.2100067138672,179.0,90771
2024-08-29 13:15:00,179.0,181.6199951171875,178.27999877929688,179.05999755859375,25513
2024-08-30 09:15:00,179.74000549316406,181.85000610351562,174.30999755859375,178.97999572753906,75397
2024-08-30 13:15:00,178.75,179.0,175.5500030517578,177.10000610351562,30723
2024-09-02 09:15:00,183.94000244140625,184.0,172.7100067138672,172.7100067138672,229673
2024-09-02 13:15:00,172.97999572753906,174.0,171.0,171.88999938964844,68927
2024-09-03 09:15:00,171.88999938964844,172.0,166.0,167.02000427246094,73601
2024-09-03 13:15:00,167.02000427246094,172.0,167.0,169.89999389648438,164530
2024-09-04 09:15:00,167.5,172.4499969482422,166.0,167.0,122778
2024-09-04 13:15:00,166.6999969482422,167.69000244140625,165.0,166.0,97976
2024-09-05 09:15:00,166.58999633789062,169.4499969482422,166.0,166.85000610351562,84982
2024-09-05 13:15:00,166.85000610351562,167.89999389648438,166.0,166.89999389648438,53270
2024-09-06 09:15:00,166.33999633789062,168.33999633789062,160.5500030517578,163.1999969482422,57318
2024-09-06 13:15:00,163.1999969482422,163.2100067138672,158.02000427246094,158.91000366210938,82592
2024-09-09 09:15:00,155.0500030517578,158.91000366210938,150.9600067138672,156.0500030517578,78091
2024-09-09 13:15:00,156.00999450683594,160.0,155.5,158.14999389648438,56773
2024-09-10 09:15:00,158.0,158.0,153.97000122070312,154.39999389648438,106622
2024-09-10 13:15:00,154.41000366210938,155.0,150.5,152.0,128303
2024-09-11 09:15:00,153.5800018310547,153.5800018310547,148.00999450683594,150.8800048828125,145802
2024-09-11 13:15:00,150.1999969482422,152.77000427246094,149.0,152.10000610351562,47962
2024-09-12 09:15:00,152.97999572753906,153.0,151.0,151.97999572753906,25465
2024-09-12 13:15:00,151.5500030517578,153.0,151.0399932861328,152.0,26550
2024-09-13 09:15:00,153.39999389648438,159.75,151.25,159.75,190053
2024-09-13 13:15:00,159.75,159.75,159.75,159.75,17024
2024-09-16 09:15:00,160.64999389648438,163.5,151.75999450683594,156.0,108344
2024-09-16 13:15:00,156.0,160.55999755859375,156.0,159.86000061035156,41371
2024-09-17 09:15:00,157.5,159.0,156.5,156.5,47585
2024-09-17 13:15:00,157.0,165.14999389648438,154.10000610351562,161.9499969482422,146290
2024-09-18 09:15:00,162.4499969482422,164.8000030517578,157.5,157.60000610351562,45405
2024-09-18 13:15:00,157.61000061035156,159.89999389648438,155.22000122070312,158.0,46068
2024-09-19 09:15:00,155.3000030517578,157.85000610351562,150.36000061035156,152.52999877929688,99703
2024-09-19 13:15:00,152.52999877929688,155.0,150.36000061035156,152.8300018310547,23627
2024-09-20 09:15:00,151.25,155.77999877929688,150.00999450683594,150.5,54584
2024-09-20 13:15:00,150.5,151.5,150.0,150.00999450683594,39975
2024-09-23 09:15:00,150.32000732421875,154.6999969482422,150.00999450683594,154.0,30992
2024-09-23 13:15:00,154.0,156.97999572753906,153.9499969482422,156.7899932861328,39490
2024-09-24 09:15:00,156.00999450683594,158.66000366210938,154.0,158.0,82487
2024-09-24 13:15:00,158.0,161.0,158.0,160.07000732421875,272533
2024-09-25 09:15:00,161.0,161.0,155.86000061035156,157.0,52861
2024-09-25 13:15:00,156.50999450683594,158.97999572753906,156.50999450683594,157.97000122070312,19810
2024-09-26 09:15:00,157.8000030517578,159.89999389648438,155.0,155.0,79505
2024-09-26 13:15:00,156.60000610351562,160.6999969482422,155.5,159.7100067138672,71049
2024-09-27 09:15:00,160.0,160.8000030517578,155.0,157.10000610351562,62377
2024-09-27 13:15:00,157.10000610351562,159.88999938964844,156.50999450683594,157.6199951171875,14506
2024-09-30 09:15:00,157.10000610351562,157.99000549316406,154.5,156.88999938964844,28778
2024-09-30 13:15:00,156.88999938964844,159.00999450683594,154.0,158.92999267578125,172824
2024-10-01 09:15:00,157.00999450683594,157.89999389648438,153.10000610351562,153.2100067138672,55018
2024-10-01 13:15:00,154.5,155.0,153.1699981689453,153.72999572753906,17609
2024-10-03 09:15:00,150.00999450683594,153.89999389648438,149.60000610351562,150.91000366210938,74424
2024-10-03 13:15:00,150.86000061035156,151.0,149.0,149.75,30038
2024-10-04 09:15:00,150.0,153.10000610351562,148.14999389648438,152.22999572753906,31855
2024-10-04 13:15:00,150.2899932861328,150.2899932861328,143.75,143.97999572753906,54807
2024-10-07 09:15:00,145.25,148.0,137.75,138.8699951171875,87262
2024-10-07 13:15:00,138.1999969482422,139.9499969482422,137.75,137.75,30347
2024-10-08 09:15:00,138.0500030517578,143.61000061035156,131.14999389648438,141.16000366210938,26369
2024-10-08 13:15:00,141.16000366210938,144.49000549316406,141.16000366210938,143.86000061035156,17702
2024-10-09 09:15:00,144.64999389648438,150.89999389648438,144.36000061035156,150.64999389648438,48110
2024-10-09 13:15:00,150.0,151.0500030517578,150.0,150.1699981689453,40608
2024-10-10 09:15:00,150.64999389648438,156.0,149.10000610351562,153.0,55320
2024-10-10 13:15:00,152.97000122070312,155.5399932861328,151.1999969482422,152.5399932861328,48420
2024-10-11 09:15:00,153.5,154.38999938964844,148.02000427246094,149.47000122070312,31578
2024-10-11 13:15:00,149.00999450683594,149.5,146.50999450683594,148.47999572753906,28184
2024-10-14 09:15:00,148.5,152.0800018310547,144.8800048828125,146.89999389648438,141646
2024-10-14 13:15:00,146.7899932861328,148.57000732421875,145.3699951171875,146.11000061035156,33206
2024-10-15 09:15:00,147.6300048828125,147.6300048828125,143.50999450683594,145.25,116731
2024-10-15 13:15:00,145.2899932861328,145.2899932861328,141.5,142.0,129067
2024-10-16 09:15:00,142.05999755859375,143.6999969482422,141.60000610351562,142.99000549316406,18042
2024-10-16 13:15:00,142.99000549316406,146.0,141.41000366210938,145.89999389648438,72063
2024-10-17 09:15:00,143.0,145.75999450683594,141.86000061035156,142.91000366210938,9314
2024-10-17 13:15:00,143.3000030517578,143.60000610351562,140.8300018310547,141.72999572753906,42053
2024-10-18 09:15:00,140.39999389648438,142.9499969482422,138.0,141.7100067138672,44426
2024-10-18 13:15:00,141.1699981689453,143.74000549316406,140.52000427246094,141.99000549316406,31825
2024-10-21 09:15:00,143.05999755859375,143.05999755859375,135.8000030517578,136.22000122070312,45955
2024-10-21 13:15:00,136.22000122070312,136.22000122070312,135.6999969482422,135.6999969482422,40794
2024-10-22 09:15:00,136.1999969482422,136.1999969482422,128.91000366210938,128.91000366210938,112421
2024-10-22 13:15:00,128.91000366210938,128.91000366210938,128.91000366210938,128.91000366210938,8731
2024-10-23 09:15:00,127.94999694824219,129.47000122070312,122.45999908447266,128.10000610351562,145481
2024-10-23 13:15:00,128.10000610351562,130.8800048828125,128.0,128.77999877929688,59304
2024-10-24 09:15:00,131.0,131.0,126.26000213623047,130.2100067138672,26922
2024-10-24 13:15:00,130.2100067138672,130.5,129.0,129.2899932861328,60254
2024-10-25 09:15:00,129.35000610351562,129.94000244140625,122.81999969482422,123.43000030517578,44298
2024-10-25 13:15:00,122.81999969482422,123.4000015258789,122.81999969482422,122.81999969482422,13328
2024-10-28 09:15:00,122.0,127.76000213623047,120.30000305175781,126.98999786376953,42945
2024-10-28 13:15:00,126.5199966430664,128.0,126.5199966430664,127.0,24956
2024-10-29 09:15:00,127.12999725341797,129.9199981689453,122.80000305175781,125.31999969482422,51868
2024-10-29 13:15:00,125.27999877929688,126.98999786376953,124.41000366210938,125.98999786376953,73593
2024-10-30 09:15:00,128.41000366210938,130.5,126.86000061035156,130.5,39098
2024-10-30 13:15:00,130.5,130.5,128.92999267578125,129.69000244140625,20657
2024-10-31 09:15:00,132.27999877929688,136.1699981689453,129.41000366210938,136.1699981689453,37695
2024-10-31 13:15:00,136.1699981689453,136.1699981689453,136.1699981689453,136.1699981689453,13824
2024-11-04 09:15:00,145.8000030517578,145.8000030517578,138.3000030517578,143.0399932861328,43198
2024-11-04 13:15:00,143.0800018310547,143.33999633789062,132.75999450683594,138.5,75698
2024-11-05 09:15:00,138.0,142.0,136.64999389648438,137.9499969482422,28650
2024-11-05 13:15:00,137.75999450683594,139.0,136.35000610351562,137.33999633789062,38490
2024-11-06 09:15:00,139.10000610351562,142.47999572753906,137.0,140.0,22761
2024-11-06 13:15:00,139.30999755859375,142.72999572753906,138.02000427246094,138.8800048828125,57643
2024-11-07 09:15:00,137.30999755859375,142.74000549316406,137.30999755859375,138.82000732421875,58379
2024-11-07 13:15:00,138.5800018310547,139.2899932861328,137.0,137.22000122070312,38815
2024-11-08 09:15:00,138.97999572753906,142.99000549316406,135.57000732421875,138.3300018310547,60829
2024-11-08 13:15:00,137.97000122070312,138.25999450683594,134.0,135.16000366210938,40380
2024-11-11 09:15:00,134.99000549316406,135.97999572753906,129.10000610351562,133.6300048828125,36900
2024-11-11 13:15:00,133.6300048828125,133.89999389648438,131.0,132.58999633789062,52146
2024-11-12 09:15:00,134.63999938964844,134.63999938964844,124.30000305175781,128.0,189310
2024-11-12 13:15:00,128.27999877929688,128.75,125.0,125.0999984741211,47764
2024-11-13 09:15:00,122.77999877929688,130.0,121.81999969482422,127.54000091552734,159478
2024-11-13 13:15:00,127.05999755859375,136.75999450683594,120.30999755859375,121.02999877929688,361459
2024-11-14 09:15:00,124.0,127.55000305175781,116.0999984741211,120.5,75458
2024-11-14 13:15:00,120.30000305175781,124.9800033569336,118.06999969482422,118.86000061035156,61264
2024-11-18 09:15:00,118.86000061035156,121.97000122070312,115.0999984741211,120.87000274658203,66563
2024-11-18 13:15:00,121.16999816894531,126.08999633789062,120.0,125.0,97136
2024-11-19 09:15:00,125.63999938964844,141.74000549316406,125.4000015258789,139.1999969482422,580647
2024-11-19 13:15:00,139.02000427246094,140.5,132.0,133.52999877929688,271876
2024-11-21 09:15:00,131.6999969482422,133.7899932861328,126.0999984741211,132.1199951171875,93939
2024-11-21 13:15:00,132.1199951171875,135.39999389648438,132.0,133.4600067138672,76074
2024-11-22 09:15:00,134.11000061035156,136.4499969482422,132.0,134.1999969482422,37799
2024-11-22 13:15:00,134.22000122070312,135.99000549316406,133.0,135.99000549316406,64149
2024-11-25 09:15:00,138.35000610351562,144.7100067138672,135.02000427246094,140.82000732421875,188224
2024-11-25 13:15:00,140.8000030517578,141.6999969482422,139.0,140.33999633789062,95395
2024-11-26 09:15:00,141.99000549316406,144.75,137.36000061035156,137.97999572753906,51542
2024-11-26 13:15:00,137.9499969482422,139.6999969482422,135.97000122070312,138.60000610351562,64351
2024-11-27 09:15:00,138.17999267578125,139.69000244140625,137.0,138.47999572753906,46348
2024-11-27 13:15:00,137.97999572753906,138.35000610351562,134.4199981689453,138.0,114345
2024-11-28 09:15:00,138.0,149.89999389648438,138.0,146.5399932861328,277851
2024-11-28 13:15:00,146.7100067138672,147.0,145.5,146.89999389648438,115464
2024-11-29 09:15:00,149.8000030517578,153.0,147.00999450683594,151.1699981689453,193447
2024-11-29 13:15:00,151.1199951171875,152.61000061035156,148.00999450683594,148.72999572753906,165149
2024-12-02 09:15:00,148.72000122070312,148.92999267578125,144.1999969482422,144.52999877929688,57398
2024-12-02 13:15:00,144.72999572753906,146.7899932861328,144.16000366210938,145.5,50622
2024-12-03 09:15:00,146.64999389648438,147.77000427246094,144.0,146.1999969482422,55585
2024-12-03 13:15:00,146.1999969482422,146.77999877929688,145.10000610351562,145.8800048828125,31469
2024-12-04 09:15:00,145.75,145.75,141.60000610351562,143.86000061035156,51144
2024-12-04 13:15:00,144.08999633789062,144.9499969482422,143.0,144.25999450683594,25082
2024-12-05 09:15:00,146.9600067138672,149.5,144.07000732421875,147.17999267578125,114393
2024-12-05 13:15:00,147.13999938964844,149.52000427246094,145.67999267578125,148.5,75681
2024-12-06 09:15:00,149.8000030517578,149.8000030517578,146.25,148.3699951171875,35684
2024-12-06 13:15:00,148.39999389648438,149.0,146.60000610351562,147.33999633789062,38305
2024-12-09 09:15:00,148.99000549316406,152.0,147.30999755859375,149.7899932861328,58005
2024-12-09 13:15:00,149.52000427246094,150.0,148.00999450683594,148.97000122070312,48467
2024-12-10 09:15:00,151.24000549316406,151.24000549316406,147.00999450683594,149.02999877929688,55063
2024-12-10 13:15:00,149.3800048828125,149.99000549316406,147.5,149.1199951171875,20597
2024-12-11 09:15:00,150.2100067138672,151.0399932861328,146.66000366210938,146.7100067138672,19726
2024-12-11 13:15:00,146.7100067138672,146.7100067138672,144.0,144.5,56033
2024-12-12 09:15:00,144.75,145.7899932861328,142.10000610351562,142.22000122070312,25298
2024-12-12 13:15:00,142.17999267578125,146.5,140.39999389648438,145.1199951171875,63537
2024-12-13 09:15:00,145.89999389648438,146.0,139.02000427246094,141.94000244140625,98253
2024-12-13 13:15:00,141.89999389648438,145.64999389648438,141.22999572753906,144.22999572753906,35953
2024-12-16 09:15:00,146.0,149.4199981689453,146.0,147.35000610351562,64775
2024-12-16 13:15:00,147.38999938964844,147.38999938964844,142.50999450683594,143.77999877929688,45702
2024-12-17 09:15:00,145.0,145.0,139.8699951171875,140.5,74744
2024-12-17 13:15:00,140.52999877929688,148.39999389648438,140.5,146.02999877929688,95055
2024-12-18 09:15:00,146.0,146.0,140.0,142.0500030517578,48606
2024-12-18 13:15:00,142.0500030517578,146.0,141.00999450683594,144.16000366210938,98856
2024-12-19 09:15:00,140.0,146.14999389648438,139.60000610351562,143.30999755859375,75614
2024-12-19 13:15:00,143.32000732421875,143.9499969482422,142.02999877929688,143.16000366210938,22533
2024-12-20 09:15:00,142.3000030517578,144.41000366210938,140.44000244140625,140.6199951171875,45226
2024-12-20 13:15:00,140.6199951171875,142.47000122070312,137.0,138.5500030517578,69006
2024-12-23 09:15:00,139.5500030517578,142.97999572753906,137.25999450683594,141.69000244140625,189128
2024-12-23 13:15:00,141.7899932861328,142.8699951171875,137.67999267578125,140.24000549316406,304398
2024-12-24 09:15:00,143.0399932861328,143.3699951171875,132.2100067138672,132.85000610351562,129528
2024-12-24 13:15:00,132.85000610351562,134.60000610351562,130.22999572753906,133.39999389648438,191284
2024-12-26 09:15:00,135.47999572753906,136.88999938964844,131.1999969482422,134.91000366210938,68332
2024-12-26 13:15:00,134.7899932861328,141.99000549316406,133.38999938964844,138.0,165177
2024-12-27 09:15:00,141.5500030517578,144.44000244140625,140.16000366210938,140.9499969482422,31999
2024-12-27 13:15:00,140.9199981689453,141.0,140.0,140.91000366210938,28458
2024-12-30 09:15:00,139.00999450683594,146.60000610351562,137.0,143.35000610351562,200700
2024-12-30 13:15:00,143.14999389648438,146.0,142.02999877929688,143.3000030517578,102107
2024-12-31 09:15:00,143.35000610351562,143.86000061035156,140.30999755859375,141.8800048828125,82022
2024-12-31 13:15:00,142.17999267578125,142.99000549316406,140.0500030517578,142.99000549316406,71823
2025-01-01 09:15:00,143.0,144.5,141.5500030517578,141.9499969482422,17599
2025-01-01 13:15:00,141.9499969482422,142.5,141.83999633789062,142.10000610351562,8562
2025-01-02 09:15:00,143.82000732421875,144.0,141.91000366210938,143.17999267578125,21130
2025-01-02 13:15:00,143.0,143.82000732421875,143.0,143.0,30165
2025-01-03 09:15:00,144.60000610351562,147.5,143.1999969482422,145.33999633789062,98701
2025-01-03 13:15:00,145.33999633789062,145.8000030517578,144.0,144.0,49589
2025-01-06 09:15:00,145.0,145.5,133.52000427246094,134.77999877929688,171669
2025-01-06 13:15:00,134.39999389648438,138.8000030517578,132.5,135.86000061035156,266112
2025-01-07 09:15:00,138.47999572753906,142.0800018310547,135.0500030517578,141.11000061035156,113612
2025-01-07 13:15:00,140.91000366210938,142.8699951171875,140.0,140.4499969482422,40472
2025-01-08 09:15:00,141.08999633789062,141.17999267578125,138.0,139.41000366210938,50662
2025-01-08 13:15:00,139.0,143.99000549316406,139.0,142.11000061035156,94282
2025-01-09 09:15:00,142.0,142.27999877929688,137.52000427246094,137.69000244140625,32730
2025-01-09 13:15:00,137.69000244140625,138.75,136.30999755859375,137.67999267578125,75063
2025-01-10 09:15:00,137.67999267578125,139.85000610351562,131.33999633789062,131.7100067138672,77995
2025-01-10 13:15:00,131.86000061035156,132.75,130.10000610351562,130.89999389648438,50210
2025-01-13 09:15:00,126.70999908447266,129.89999389648438,125.18000030517578,126.5,132177
2025-01-13 13:15:00,126.5,130.69000244140625,125.19999694824219,128.42999267578125,59813
2025-01-14 09:15:00,131.0,133.33999633789062,126.0,133.0,79230
2025-01-14 13:15:00,132.44000244140625,136.89999389648438,132.3699951171875,135.30999755859375,46110
2025-01-15 09:15:00,138.44000244140625,138.44000244140625,132.0,135.88999938964844,38491
2025-01-15 13:15:00,135.88999938964844,136.24000549316406,133.64999389648438,135.00999450683594,40883
2025-01-16 09:15:00,135.02000427246094,137.58999633789062,134.19000244140625,134.8800048828125,29550
2025-01-16 13:15:00,134.91000366210938,135.49000549316406,134.02000427246094,134.5800018310547,25478
2025-01-17 09:15:00,134.5800018310547,135.7899932861328,132.2100067138672,133.97000122070312,20633
2025-01-17 13:15:00,133.5,135.35000610351562,133.13999938964844,134.14999389648438,31139
2025-01-20 09:15:00,135.33999633789062,136.5,134.0,136.5,21991
2025-01-20 13:15:00,136.5,136.97000122070312,135.27000427246094,135.60000610351562,19551
2025-01-21 09:15:00,136.99000549316406,138.58999633789062,133.0,134.1699981689453,36575
2025-01-21 13:15:00,134.3699951171875,134.3699951171875,131.10000610351562,132.42999267578125,26659
2025-01-22 09:15:00,135.0,135.0,125.0999984741211,126.20999908447266,34483
2025-01-22 13:15:00,126.05000305175781,127.80000305175781,124.16999816894531,127.19000244140625,25047
2025-01-23 09:15:00,127.0,127.95999908447266,120.0,121.45999908447266,146613
2025-01-23 13:15:00,121.2699966430664,121.83000183105469,120.1500015258789,120.45999908447266,49274
2025-01-24 09:15:00,120.55999755859375,124.4000015258789,119.41000366210938,120.61000061035156,45052
2025-01-24 13:15:00,120.95999908447266,122.52999877929688,120.0,120.02999877929688,62786
2025-01-27 09:15:00,120.0,120.0,110.55999755859375,113.61000061035156,415208
2025-01-27 13:15:00,113.61000061035156,115.13999938964844,110.01000213623047,112.88999938964844,623426
2025-01-28 09:15:00,115.83999633789062,115.83999633789062,99.36000061035156,106.0999984741211,240048
2025-01-28 13:15:00,106.1500015258789,107.5,103.30999755859375,106.54000091552734,174971
2025-01-29 09:15:00,110.19999694824219,112.30999755859375,108.19000244140625,109.11000061035156,40574
2025-01-29 13:15:00,109.06999969482422,111.23999786376953,108.80999755859375,109.91000366210938,41210
2025-01-30 09:15:00,112.77999877929688,114.43000030517578,110.11000061035156,111.58999633789062,43197
2025-01-30 13:15:00,111.51000213623047,112.02999877929688,108.41000366210938,109.68000030517578,86155
2025-01-31 09:15:00,109.30000305175781,113.55999755859375,109.01000213623047,111.58000183105469,31132
2025-01-31 13:15:00,111.7699966430664,112.69000244140625,110.0,110.0,66866
2025-02-03 09:15:00,117.98999786376953,117.98999786376953,107.83999633789062,109.72000122070312,25122
2025-02-03 13:15:00,109.73999786376953,111.0,109.33999633789062,110.18000030517578,23967
2025-02-04 09:15:00,112.0,116.0,111.0199966430664,112.0,42731
2025-02-04 13:15:00,112.61000061035156,124.3499984741211,112.13999938964844,119.5,575523
2025-02-05 09:15:00,119.6500015258789,120.0,113.05000305175781,114.0,170269
2025-02-05 13:15:00,114.0999984741211,114.20999908447266,111.44999694824219,111.97000122070312,163658
2025-02-06 09:15:00,111.97000122070312,115.3499984741211,110.30000305175781,113.58999633789062,146721
2025-02-06 13:15:00,113.58999633789062,115.0,112.31999969482422,112.80000305175781,32712
2025-02-07 09:15:00,114.69000244140625,114.69000244140625,108.0,110.0,68104
2025-02-07 13:15:00,110.05000305175781,117.79000091552734,109.12999725341797,113.93000030517578,115765
2025-02-10 09:15:00,113.98999786376953,113.98999786376953,108.80000305175781,110.43000030517578,113720
2025-02-10 13:15:00,110.55000305175781,110.72000122070312,107.75,108.9000015258789,96069
2025-02-11 09:15:00,110.5,110.5,105.30999755859375,106.79000091552734,64676
2025-02-11 13:15:00,106.91999816894531,110.0,105.61000061035156,108.16999816894531,38389
2025-02-12 09:15:00,108.62000274658203,110.05000305175781,104.54000091552734,109.8499984741211,51673
2025-02-12 13:15:00,109.95999908447266,110.77999877929688,105.0,107.47000122070312,50200
2025-02-13 09:15:00,107.9800033569336,111.94999694824219,107.30999755859375,110.06999969482422,39815
2025-02-13 13:15:00,110.41000366210938,111.0,108.0999984741211,109.26000213623047,20705
2025-02-14 09:15:00,109.27999877929688,109.9800033569336,102.6500015258789,103.01000213623047,46285
2025-02-14 13:15:00,103.19999694824219,103.80000305175781,102.0,102.77999877929688,30579
2025-02-17 09:15:00,102.0,102.0,96.30999755859375,98.69000244140625,95647
2025-02-17 13:15:00,98.3499984741211,104.83000183105469,98.3499984741211,102.81999969482422,89502
2025-02-18 09:15:00,102.0999984741211,103.08999633789062,96.0999984741211,96.20999908447266,69089
2025-02-18 13:15:00,96.26000213623047,98.23999786376953,95.25,96.5999984741211,92503
2025-02-19 09:15:00,96.7300033569336,103.52999877929688,96.56999969482422,101.94999694824219,31868
2025-02-19 13:15:00,101.68000030517578,101.9800033569336,101.22000122070312,101.72000122070312,22163
2025-02-20 09:15:00,101.25,104.01000213623047,99.05000305175781,103.11000061035156,37063
2025-02-20 13:15:00,103.0999984741211,104.30000305175781,102.5,102.91000366210938,29729
2025-02-21 09:15:00,102.0,105.19999694824219,101.5,103.75,23985
2025-02-21 13:15:00,103.75,104.0,102.26000213623047,103.44999694824219,30063
2025-02-24 09:15:00,102.80000305175781,102.80000305175781,99.0,100.88999938964844,17916
2025-02-24 13:15:00,100.88999938964844,103.88999938964844,100.41000366210938,102.5999984741211,18061
2025-02-25 09:15:00,102.0,103.36000061035156,100.75,101.88999938964844,24453
2025-02-25 13:15:00,101.87000274658203,102.41000366210938,101.58999633789062,102.0199966430664,8679
2025-02-27 09:15:00,102.0199966430664,102.51000213623047,97.1500015258789,98.0,36104
2025-02-27 13:15:00,97.98999786376953,98.37999725341797,96.12999725341797,97.80000305175781,20807
2025-02-28 09:15:00,99.0,99.0,92.0,92.58999633789062,34772
2025-02-28 13:15:00,92.58999633789062,94.38999938964844,91.5,92.8499984741211,44766
2025-03-03 09:15:00,92.0,94.04000091552734,86.0,90.01000213623047,95808
2025-03-03 13:15:00,90.22000122070312,90.6500015258789,87.5999984741211,88.87000274658203,95588
2025-03-04 09:15:00,88.48999786376953,90.88999938964844,86.91000366210938,87.08000183105469,100284
2025-03-04 13:15:00,87.2300033569336,87.94999694824219,86.0999984741211,86.63999938964844,82154
2025-03-05 09:15:00,88.0,89.29000091552734,84.5,86.51000213623047,127245
2025-03-05 13:15:00,86.51000213623047,88.88999938964844,86.11000061035156,87.93000030517578,71806
2025-03-06 09:15:00,88.9000015258789,96.94999694824219,88.88999938964844,93.8499984741211,106730
2025-03-06 13:15:00,94.0,94.61000061035156,91.94000244140625,92.5999984741211,102664
2025-03-07 09:15:00,92.9000015258789,96.0,91.3499984741211,95.04000091552734,99644
2025-03-07 13:15:00,95.05999755859375,96.43000030517578,94.69000244140625,95.68000030517578,70121
2025-03-10 09:15:00,97.0,99.58000183105469,95.51000213623047,97.31999969482422,51962
2025-03-10 13:15:00,97.36000061035156,98.23999786376953,96.94999694824219,97.26000213623047,148808
2025-03-11 09:15:00,96.0,96.75,93.0,93.47000122070312,51109
2025-03-11 13:15:00,93.4000015258789,93.52999877929688,90.55000305175781,92.5999984741211,73866
2025-03-12 09:15:00,94.9000015258789,96.66000366210938,90.66999816894531,95.16000366210938,146551
2025-03-12 13:15:00,95.16999816894531,99.5,95.0,97.38999938964844,174898
2025-03-13 09:15:00,97.80999755859375,97.80999755859375,93.61000061035156,94.1500015258789,54815
2025-03-13 13:15:00,94.19999694824219,94.51000213623047,90.62000274658203,93.0999984741211,103127
2025-03-17 09:15:00,94.5199966430664,97.69999694824219,92.5999984741211,94.41000366210938,106827
2025-03-17 13:15:00,94.62000274658203,95.5,94.0,94.5999984741211,66037
2025-03-18 09:15:00,93.3499984741211,95.6500015258789,92.80000305175781,93.36000061035156,104979
2025-03-18 13:15:00,93.36000061035156,94.94999694824219,92.80000305175781,93.0,97043
2025-03-19 09:15:00,94.68000030517578,97.77999877929688,94.66999816894531,97.0199966430664,98084
2025-03-19 13:15:00,96.97000122070312,97.98999786376953,94.16999816894531,96.83999633789062,122750
2025-03-20 09:15:00,98.0,108.80999755859375,96.0,104.12999725341797,1040647
2025-03-20 13:15:00,104.5999984741211,106.0,100.19999694824219,100.76000213623047,361957
2025-03-21 09:15:00,102.01000213623047,115.72000122070312,102.01000213623047,111.22000122070312,447447
2025-03-21 13:15:00,111.25,113.47000122070312,111.0999984741211,111.5,181111
2025-03-24 09:15:00,113.9800033569336,117.6500015258789,113.41000366210938,114.38999938964844,101279
2025-03-24 13:15:00,114.18000030517578,116.52999877929688,114.0,116.19000244140625,120546
2025-03-25 09:15:00,119.48999786376953,119.48999786376953,109.5999984741211,110.2699966430664,164240
2025-03-25 13:15:00,110.2699966430664,110.80000305175781,106.8499984741211,110.0,103975
2025-03-26 09:15:00,110.9000015258789,111.95999908447266,107.97000122070312,110.4000015258789,113916
2025-03-26 13:15:00,110.29000091552734,110.3499984741211,106.0,107.37000274658203,122933
2025-03-27 09:15:00,107.36000061035156,126.0,105.08999633789062,120.26000213623047,910244
2025-03-27 13:15:00,120.19999694824219,123.0,116.62000274658203,117.0,503513
2025-03-28 09:15:00,119.5,125.0,116.01000213623047,121.06999969482422,218755
2025-03-28 13:15:00,121.06999969482422,123.01000213623047,117.0999984741211,119.45999908447266,206665
2025-04-01 09:15:00,118.98999786376953,122.1500015258789,117.18000030517578,122.1500015258789,98513
2025-04-01 13:15:00,121.83999633789062,121.83999633789062,119.75,120.22000122070312,60182
2025-04-02 09:15:00,120.98999786376953,133.27999877929688,118.87000274658203,124.98999786376953,914660
2025-04-02 13:15:00,125.2699966430664,129.83999633789062,123.69000244140625,128.25,505029
2025-04-03 09:15:00,125.5,134.8300018310547,125.5,133.0,295934
2025-04-03 13:15:00,133.0,134.47000122070312,132.50999450683594,133.32000732421875,107139
2025-04-04 09:15:00,134.6999969482422,136.39999389648438,126.26000213623047,128.85000610351562,269782
2025-04-04 13:15:00,128.6300048828125,132.0,128.2100067138672,129.49000549316406,151361
2025-04-07 09:15:00,110.27999877929688,128.25,110.25,123.0,99043
2025-04-07 13:15:00,123.13999938964844,125.5,123.0,125.0999984741211,79731
2025-04-08 09:15:00,130.4499969482422,135.0,128.5,131.6999969482422,80177
2025-04-08 13:15:00,131.6699981689453,132.0800018310547,130.0,130.86000061035156,49199
2025-04-09 09:15:00,130.1999969482422,131.0,126.66000366210938,127.63999938964844,29583
2025-04-09 13:15:00,127.81999969482422,128.25,126.0999984741211,127.01000213623047,22900
2025-04-11 09:15:00,129.7899932861328,133.44000244140625,129.0,130.25999450683594,58317
2025-04-11 13:15:00,130.5,131.5500030517578,127.5,128.39999389648438,64329
2025-04-15 09:15:00,131.47000122070312,133.5,129.10000610351562,133.5,73982
2025-04-15 13:15:00,133.61000061035156,135.0,132.5,133.0500030517578,70224
2025-04-16 09:15:00,133.13999938964844,133.9199981689453,129.8300018310547,131.6699981689453,53446
2025-04-16 13:15:00,131.39999389648438,132.0,130.0,130.39999389648438,38230
2025-04-17 09:15:00,130.39999389648438,136.0,130.39999389648438,134.6699981689453,76778
2025-04-17 13:15:00,134.6300048828125,143.5,133.5,138.14999389648438,397536
2025-04-21 09:15:00,139.5399932861328,144.50999450683594,137.16000366210938,141.9499969482422,53838
2025-04-21 13:15:00,141.94000244140625,142.72000122070312,140.92999267578125,141.77999877929688,53704
2025-04-22 09:15:00,141.88999938964844,144.2899932861328,140.0,141.7899932861328,41410
2025-04-22 13:15:00,141.4600067138672,142.0,140.5,140.99000549316406,33179
2025-04-23 09:15:00,141.89999389648438,142.0399932861328,137.94000244140625,138.89999389648438,38068
2025-04-23 13:15:00,139.0,140.72000122070312,138.0,140.13999938964844,37037
2025-04-24 09:15:00,139.89999389648438,142.5,136.0500030517578,139.00999450683594,185147
2025-04-24 13:15:00,139.55999755859375,139.55999755859375,135.8000030517578,136.75,56497
2025-04-25 09:15:00,138.0,138.2899932861328,126.3499984741211,130.58999633789062,155498
2025-04-25 13:15:00,130.5,131.0500030517578,126.3499984741211,127.18000030517578,73215
2025-04-28 09:15:00,126.18000030517578,133.0,126.18000030517578,130.8000030517578,47858
2025-04-28 13:15:00,130.8000030517578,130.99000549316406,129.0,130.0399932861328,25912
2025-04-29 09:15:00,130.72999572753906,130.82000732421875,127.80999755859375,128.50999450683594,22678
2025-04-29 13:15:00,128.5,131.2899932861328,126.1500015258789,130.2100067138672,52130
2025-04-30 09:15:00,129.99000549316406,131.88999938964844,127.4800033569336,128.47000122070312,35512
2025-04-30 13:15:00,128.42999267578125,128.47000122070312,123.3499984741211,123.98999786376953,41837
2025-05-02 09:15:00,125.52999877929688,128.5,124.4000015258789,127.16999816894531,28266
2025-05-02 13:15:00,127.16999816894531,128.3000030517578,125.1500015258789,126.05000305175781,26464
2025-05-05 09:15:00,129.85000610351562,129.85000610351562,127.08999633789062,127.98999786376953,29474
2025-05-05 13:15:00,127.95999908447266,128.77000427246094,126.5,126.76000213623047,28422
2025-05-06 09:15:00,129.4499969482422,129.4499969482422,121.48999786376953,121.93000030517578,56612
2025-05-06 13:15:00,121.8499984741211,122.30000305175781,120.0,120.19999694824219,45164
2025-05-07 09:15:00,120.0,122.88999938964844,117.61000061035156,121.68000030517578,43358
2025-05-07 13:15:00,122.0999984741211,125.0,121.22000122070312,123.05000305175781,34363
2025-05-08 09:15:00,122.5,124.98999786376953,120.9000015258789,120.94000244140625,34462
2025-05-08 13:15:00,121.0,121.58999633789062,117.5,119.16000366210938,38519
2025-05-09 09:15:00,113.1500015258789,119.01000213623047,112.0,116.12999725341797,159215
2025-05-09 13:15:00,116.33999633789062,118.0,115.0199966430664,117.0999984741211,56942
2025-05-12 09:15:00,127.0,129.0,121.98999786376953,126.1500015258789,49879
2025-05-12 13:15:00,126.45999908447266,127.61000061035156,126.22000122070312,126.91000366210938,27810
2025-05-13 09:15:00,128.0,129.0,125.75,127.98999786376953,55993
2025-05-13 13:15:00,127.98999786376953,130.60000610351562,127.98999786376953,130.0,46981
2025-05-14 09:15:00,132.5,137.88999938964844,131.19000244140625,136.75999450683594,124462
2025-05-14 13:15:00,136.82000732421875,139.89999389648438,135.1300048828125,137.9499969482422,61653
2025-05-15 09:15:00,138.19000244140625,145.0,138.17999267578125,142.5500030517578,221427
2025-05-15 13:15:00,142.4499969482422,143.75,140.60000610351562,141.97999572753906,93930
2025-05-16 09:15:00,144.0,144.99000549316406,141.39999389648438,142.19000244140625,75035
2025-05-16 13:15:00,142.42999267578125,142.99000549316406,128.55999755859375,138.66000366210938,364061
2025-05-19 09:15:00,140.9499969482422,144.67999267578125,138.66000366210938,141.72999572753906,151208
2025-05-19 13:15:00,141.8000030517578,143.0,141.8000030517578,142.75999450683594,73659
2025-05-20 09:15:00,143.8800048828125,143.88999938964844,139.3000030517578,143.0,127303
2025-05-20 13:15:00,143.0,143.25,140.2100067138672,142.5,63112
2025-05-21 09:15:00,141.99000549316406,145.58999633789062,140.05999755859375,142.5399932861328,187179
2025-05-21 13:15:00,142.47000122070312,143.1999969482422,141.11000061035156,142.0,48533
2025-05-22 09:15:00,142.47999572753906,142.75999450683594,141.0,141.3699951171875,20353
2025-05-22 13:15:00,141.3000030517578,141.3000030517578,138.5,140.0,56532
2025-05-23 09:15:00,140.0,143.1999969482422,138.63999938964844,142.02999877929688,166022
2025-05-23 13:15:00,141.7100067138672,142.3800048828125,141.0,141.74000549316406,61785
2025-05-26 09:15:00,142.0,142.92999267578125,139.36000061035156,140.08999633789062,41563
2025-05-26 13:15:00,140.10000610351562,141.25,139.0500030517578,139.47000122070312,31862
2025-05-27 09:15:00,140.99000549316406,145.89999389648438,138.0800018310547,144.49000549316406,217948
2025-05-27 13:15:00,144.82000732421875,145.5800018310547,144.1699981689453,144.86000061035156,160992
2025-05-28 09:15:00,146.9199981689453,149.8000030517578,143.41000366210938,145.4499969482422,157024
2025-05-28 13:15:00,145.35000610351562,147.49000549316406,144.74000549316406,145.1999969482422,135440
2025-05-29 09:15:00,146.89999389648438,148.6999969482422,144.9199981689453,147.1999969482422,91940
2025-05-29 13:15:00,147.10000610351562,147.89999389648438,145.02999877929688,145.49000549316406,46884
2025-05-30 09:15:00,145.75999450683594,149.75,143.5800018310547,149.00999450683594,87031
2025-05-30 13:15:00,149.00999450683594,149.69000244140625,138.5,140.3000030517578,221543
2025-06-02 09:15:00,140.4600067138672,145.0,139.3300018310547,141.07000732421875,63180
2025-06-02 13:15:00,141.07000732421875,142.4600067138672,140.91000366210938,141.24000549316406,30026
2025-06-03 09:15:00,142.0500030517578,143.7899932861328,139.83999633789062,139.99000549316406,28385
2025-06-03 13:15:00,139.99000549316406,141.0,139.5500030517578,141.0,37894
2025-06-04 09:15:00,141.05999755859375,141.3000030517578,139.47000122070312,139.85000610351562,47377
2025-06-04 13:15:00,139.80999755859375,141.38999938964844,139.0500030517578,140.44000244140625,25669
2025-06-05 09:15:00,141.08999633789062,142.77000427246094,139.4199981689453,139.61000061035156,33517
2025-06-05 13:15:00,139.61000061035156,141.16000366210938,139.30999755859375,139.8699951171875,111315
2025-06-06 09:15:00,141.39999389648438,142.22000122070312,139.9199981689453,140.8000030517578,36730
2025-06-06 13:15:00,140.6699981689453,140.8699951171875,139.47999572753906,139.6300048828125,26958
2025-06-09 09:15:00,140.7899932861328,142.00999450683594,140.02000427246094,141.0,43068
2025-06-09 13:15:00,141.0,141.47999572753906,140.02000427246094,140.16000366210938,57465
2025-06-10 09:15:00,141.77999877929688,141.77999877929688,139.14999389648438,139.83999633789062,100799
2025-06-10 13:15:00,139.7899932861328,140.39999389648438,139.25,139.72000122070312,18337
2025-06-11 09:15:00,140.0,144.25,139.5,143.14999389648438,115218
2025-06-11 13:15:00,143.14999389648438,143.3000030517578,140.60000610351562,141.5,75491
2025-06-12 09:15:00,142.0,142.0,138.22000122070312,139.47999572753906,69286
2025-06-12 13:15:00,139.30999755859375,139.89999389648438,136.0,137.17999267578125,62982
2025-06-13 09:15:00,132.91000366210938,135.58999633789062,131.83999633789062,133.27000427246094,48913
2025-06-13 13:15:00,133.27000427246094,133.74000549316406,132.39999389648438,132.9600067138672,30034
2025-06-16 09:15:00,135.0,135.0,130.49000549316406,131.5399932861328,45862
2025-06-16 13:15:00,131.74000549316406,133.60000610351562,131.60000610351562,132.8000030517578,23724
2025-06-17 09:15:00,136.0,136.0,129.5399932861328,130.41000366210938,36697
2025-06-17 13:15:00,130.41000366210938,131.75,129.72999572753906,131.02999877929688,24522
2025-06-18 09:15:00,131.99000549316406,131.99000549316406,125.86000061035156,127.08999633789062,114003
2025-06-18 13:15:00,127.29000091552734,127.48999786376953,126.0,126.63999938964844,69247
2025-06-19 09:15:00,128.49000549316406,128.49000549316406,122.1500015258789,122.5,32722
2025-06-19 13:15:00,122.5,124.69000244140625,121.91000366210938,122.51000213623047,42633
2025-06-20 09:15:00,122.5199966430664,126.4800033569336,122.5199966430664,123.70999908447266,76446
2025-06-20 13:15:00,123.7300033569336,124.01000213623047,123.0,123.5999984741211,59350
2025-06-23 09:15:00,121.06999969482422,125.29000091552734,121.06999969482422,123.4800033569336,56148
2025-06-23 13:15:00,123.4000015258789,124.06999969482422,122.5999984741211,123.98999786376953,25105
2025-06-24 09:15:00,126.5,130.99000549316406,126.5,128.74000549316406,122065
2025-06-24 13:15:00,128.60000610351562,128.77000427246094,127.5199966430664,127.58000183105469,35491
2025-06-25 09:15:00,130.88999938964844,130.88999938964844,128.50999450683594,129.14999389648438,15758
2025-06-25 13:15:00,129.08999633789062,129.2899932861328,128.0,129.10000610351562,34107
2025-06-26 09:15:00,130.9199981689453,132.5,129.10000610351562,129.10000610351562,109281
2025-06-26 13:15:00,129.1199951171875,129.5,128.11000061035156,128.83999633789062,32014
2025-06-27 09:15:00,130.0,130.61000061035156,128.10000610351562,128.5,42586
2025-06-27 13:15:00,128.63999938964844,128.72999572753906,127.0,127.94999694824219,27267
2025-06-30 09:15:00,128.0,129.80999755859375,126.83999633789062,128.3800048828125,26160
2025-06-30 13:15:00,128.30999755859375,128.67999267578125,128.1199951171875,128.4499969482422,50684
2025-07-01 09:15:00,127.30999755859375,129.60000610351562,127.30999755859375,128.1300048828125,57226
2025-07-01 13:15:00,128.11000061035156,128.33999633789062,127.19999694824219,127.75,13562
2025-07-02 09:15:00,128.63999938964844,128.63999938964844,125.12000274658203,125.43000030517578,61454
2025-07-02 13:15:00,125.26000213623047,125.83000183105469,125.0,125.3499984741211,41723
2025-07-03 09:15:00,126.0999984741211,126.31999969482422,124.51000213623047,125.0,17283
2025-07-03 13:15:00,125.0,125.36000061035156,124.51000213623047,125.36000061035156,50492
2025-07-04 09:15:00,125.0,130.58999633789062,124.87999725341797,128.05999755859375,127385
2025-07-04 13:15:00,128.05999755859375,131.0,127.55000305175781,127.6500015258789,122159
2025-07-07 09:15:00,130.30999755859375,130.39999389648438,126.87000274658203,127.25,29234
2025-07-07 13:15:00,127.19000244140625,127.9800033569336,126.5,127.12999725341797,23936
2025-07-08 09:15:00,128.94000244140625,128.9600067138672,125.66999816894531,126.05000305175781,29373
2025-07-08 13:15:00,126.05000305175781,126.33000183105469,125.51000213623047,126.33000183105469,20630
2025-07-09 09:15:00,126.0,126.77999877929688,125.01000213623047,125.26000213623047,24424
2025-07-09 13:15:00,125.4000015258789,125.6500015258789,124.83000183105469,125.04000091552734,30719
2025-07-10 09:15:00,125.04000091552734,126.69000244140625,124.79000091552734,125.30999755859375,31982
2025-07-10 13:15:00,125.3499984741211,125.80000305175781,124.83000183105469,125.55999755859375,16560
2025-07-11 09:15:00,125.55000305175781,125.95999908447266,122.75,123.1500015258789,87238
2025-07-11 13:15:00,123.0999984741211,125.31999969482422,122.5,125.01000213623047,62936
2025-07-14 09:15:00,125.51000213623047,125.51000213623047,123.0,123.16000366210938,25678
2025-07-14 13:15:00,123.16000366210938,124.06999969482422,122.9000015258789,123.30999755859375,17466
2025-07-15 09:15:00,123.37999725341797,127.37999725341797,123.37999725341797,124.19999694824219,94157
2025-07-15 13:15:00,124.04000091552734,124.73999786376953,123.13999938964844,123.19000244140625,52613
2025-07-16 09:15:00,124.45999908447266,127.05000305175781,124.01000213623047,124.91999816894531,33881
2025-07-16 13:15:00,124.7699966430664,125.16000366210938,124.0199966430664,124.0999984741211,63937
2025-07-17 09:15:00,125.5999984741211,129.19000244140625,125.0,125.54000091552734,176460
2025-07-17 13:15:00,125.7300033569336,125.9800033569336,125.0,125.30000305175781,32804
2025-07-18 09:15:00,125.5,125.91999816894531,122.9000015258789,124.5999984741211,58513
2025-07-18 13:15:00,124.55999755859375,124.75,122.91999816894531,123.11000061035156,45841
2025-07-21 09:15:00,123.98999786376953,132.99000549316406,121.5999984741211,130.99000549316406,637487
2025-07-21 13:15:00,131.0,139.5,130.3000030517578,133.00999450683594,2827366
2025-07-22 09:15:00,133.6999969482422,135.86000061035156,131.6699981689453,135.2100067138672,400549
2025-07-22 13:15:00,135.02000427246094,137.7899932861328,134.8000030517578,135.0,332387
2025-07-23 09:15:00,135.4600067138672,136.0800018310547,133.3000030517578,134.9499969482422,187713
2025-07-23 13:15:00,134.74000549316406,135.14999389648438,134.02000427246094,134.99000549316406,65630
2025-07-24 09:15:00,134.5,135.39999389648438,132.47999572753906,134.74000549316406,129185
2025-07-24 13:15:00,134.52000427246094,134.6999969482422,132.0,132.0500030517578,45528
2025-07-25 09:15:00,131.00999450683594,133.32000732421875,130.4199981689453,130.9600067138672,81757
2025-07-25 13:15:00,131.0,131.38999938964844,125.91000366210938,128.00999450683594,128735
2025-07-28 09:15:00,128.00999450683594,129.3300018310547,125.47000122070312,125.47000122070312,20012
2025-07-28 13:15:00,125.62999725341797,126.30999755859375,125.0,125.6500015258789,27182
2025-07-29 09:15:00,127.98999786376953,128.47000122070312,125.30000305175781,126.83000183105469,85594
2025-07-29 13:15:00,126.83999633789062,128.52000427246094,126.23999786376953,128.0,63709
2025-07-30 09:15:00,129.0,131.38999938964844,128.2100067138672,130.47000122070312,63963
2025-07-30 13:15:00,130.72000122070312,130.8000030517578,130.0,130.42999267578125,45927
2025-07-31 09:15:00,126.33000183105469,130.5,126.33000183105469,130.1300048828125,30087
2025-07-31 13:15:00,130.3699951171875,130.60000610351562,127.0,128.5,39064
2025-08-01 09:15:00,128.6199951171875,129.50999450683594,127.5,128.8800048828125,58999
2025-08-01 13:15:00,128.88999938964844,128.94000244140625,126.5,128.5,37392
2025-08-04 09:15:00,130.24000549316406,130.24000549316406,126.61000061035156,129.5,33327
2025-08-04 13:15:00,129.0800018310547,130.5,128.0,129.22999572753906,21171
2025-08-05 09:15:00,138.25,140.49000549316406,135.22000122070312,136.25999450683594,1803759
2025-08-05 13:15:00,136.25999450683594,136.3699951171875,129.99000549316406,132.3300018310547,309879
2025-08-06 09:15:00,134.99000549316406,134.99000549316406,130.10000610351562,130.9199981689453,93129
2025-08-06 13:15:00,131.08999633789062,131.39999389648438,130.00999450683594,130.00999450683594,40081
2025-08-07 09:15:00,130.0,130.0,124.16999816894531,124.19000244140625,85974
2025-08-07 13:15:00,124.19000244140625,126.9800033569336,124.0,126.29000091552734,66701
2025-08-08 09:15:00,128.22999572753906,128.22999572753906,124.5,124.72000122070312,51325
2025-08-08 13:15:00,124.83999633789062,125.25,123.5,125.23999786376953,43277
2025-08-11 09:15:00,124.0,124.0,118.91000366210938,119.91999816894531,78786
2025-08-11 13:15:00,120.0,120.80000305175781,119.30000305175781,120.08000183105469,35899
2025-08-12 09:15:00,119.06999969482422,122.4000015258789,118.94000244140625,119.79000091552734,59708
2025-08-12 13:15:00,119.79000091552734,120.08999633789062,117.69999694824219,118.0,54057
2025-08-13 09:15:00,118.5,118.8499984741211,116.5999984741211,118.0,78588
2025-08-13 13:15:00,118.0,118.05000305175781,117.0,117.30999755859375,46426
2025-08-14 09:15:00,117.55999755859375,118.26000213623047,115.04000091552734,115.45999908447266,73694
2025-08-14 13:15:00,115.4000015258789,116.01000213623047,114.75,115.27999877929688,46012
2025-08-18 09:15:00,115.0999984741211,117.97000122070312,114.4000015258789,117.2300033569336,30836
2025-08-18 13:15:00,117.2300033569336,117.51000213623047,116.27999877929688,116.6500015258789,13335
2025-08-19 09:15:00,116.48999786376953,121.98999786376953,116.30999755859375,120.55000305175781,116389
2025-08-19 13:15:00,120.55000305175781,121.25,120.01000213623047,121.19999694824219,42687
2025-08-20 09:15:00,121.01000213623047,123.0,120.5199966430664,120.9000015258789,86036
2025-08-20 13:15:00,120.9000015258789,122.0,120.4800033569336,121.69999694824219,29774
2025-08-21 09:15:00,121.37000274658203,121.5199966430664,119.5199966430664,120.29000091552734,39169
2025-08-21 13:15:00,120.08000183105469,120.41000366210938,119.0,119.55999755859375,25365
2025-08-22 09:15:00,119.80999755859375,119.8499984741211,117.30000305175781,117.63999938964844,22256
2025-08-22 13:15:00,117.63999938964844,117.80000305175781,116.11000061035156,117.0,39191
2025-08-25 09:15:00,117.87000274658203,119.5,117.30999755859375,118.44999694824219,8753
2025-08-25 13:15:00,118.44999694824219,119.27999877929688,118.0,118.0999984741211,24859
2025-08-26 09:15:00,117.5,118.0,117.0,117.18000030517578,39801
2025-08-26 13:15:00,117.12000274658203,118.98999786376953,114.77999877929688,117.55999755859375,50192
2025-08-28 09:15:00,114.5,116.20999908447266,114.5,115.0,25004
2025-08-28 13:15:00,115.0,115.3499984741211,114.52999877929688,114.8499984741211,18937
2025-08-29 09:15:00,114.88999938964844,115.02999877929688,112.9000015258789,113.98999786376953,56264
2025-08-29 13:15:00,113.80000305175781,114.0,110.37000274658203,111.4800033569336,82140
2025-09-01 09:15:00,112.01000213623047,113.88999938964844,108.80000305175781,110.4800033569336,83719
2025-09-01 13:15:00,110.30000305175781,115.48999786376953,110.16000366210938,113.44000244140625,78148
2025-09-02 09:15:00,114.19999694824219,118.75,113.44000244140625,118.38999938964844,43462
2025-09-02 13:15:00,118.4000015258789,118.4000015258789,116.0999984741211,116.9000015258789,49253
2025-09-03 09:15:00,116.9000015258789,119.75,116.16000366210938,117.44999694824219,91419
2025-09-03 13:15:00,117.44999694824219,119.5,117.0,117.1500015258789,72899
2025-09-04 09:15:00,119.0,119.56999969482422,116.16999816894531,116.55000305175781,35364
2025-09-04 13:15:00,116.55000305175781,116.6500015258789,115.25,116.4000015258789,22733
2025-09-05 09:15:00,116.43000030517578,116.91000366210938,115.08000183105469,115.48999786376953,22357
2025-09-05 13:15:00,115.55999755859375,116.0,115.0,115.27999877929688,23746
2025-09-08 09:15:00,116.31999969482422,116.69000244140625,114.19999694824219,114.79000091552734,33360
2025-09-08 13:15:00,114.66000366210938,114.9800033569336,112.91999816894531,113.81999969482422,67035
2025-09-09 09:15:00,114.80000305175781,114.83999633789062,112.62999725341797,113.18000030517578,51642
2025-09-09 13:15:00,113.19999694824219,113.19999694824219,111.3499984741211,112.9000015258789,43935
2025-09-10 09:15:00,112.9000015258789,120.0,112.9000015258789,117.36000061035156,128533
2025-09-10 13:15:00,117.37000274658203,124.9000015258789,116.91999816894531,122.4000015258789,488563
2025-09-11 09:15:00,122.7300033569336,123.33999633789062,117.30000305175781,117.83999633789062,98542
2025-09-11 13:15:00,117.87000274658203,119.02999877929688,116.05999755859375,116.7699966430664,480478
2025-09-12 09:15:00,117.16999816894531,118.98999786376953,115.63999938964844,116.19000244140625,57818
2025-09-12 13:15:00,116.16999816894531,116.5,115.3499984741211,115.9800033569336,26643
2025-09-15 09:15:00,116.44000244140625,119.5,115.70999908447266,118.61000061035156,49762
2025-09-15 13:15:00,118.91000366210938,121.33999633789062,118.55999755859375,119.30999755859375,30399
2025-09-16 09:15:00,119.30000305175781,121.4000015258789,118.25,121.4000015258789,74476
2025-09-16 13:15:00,121.73999786376953,123.1500015258789,121.37999725341797,122.48999786376953,59090
2025-09-17 09:15:00,122.05000305175781,123.91000366210938,120.30000305175781,123.37000274658203,177051
2025-09-17 13:15:00,122.98999786376953,123.37000274658203,120.5,121.12999725341797,40488
2025-09-18 09:15:00,122.56999969482422,124.38999938964844,120.5,121.0,78132
2025-09-18 13:15:00,120.98999786376953,121.0199966430664,119.56999969482422,119.88999938964844,33940
2025-09-19 09:15:00,119.88999938964844,122.01000213623047,119.2699966430664,121.0,35630
2025-09-19 13:15:00,121.0,122.58000183105469,120.73999786376953,122.0,62798
2025-09-22 09:15:00,122.38999938964844,122.93000030517578,120.23999786376953,122.0,44865
2025-09-22 13:15:00,122.13999938964844,122.44999694824219,121.98999786376953,122.05000305175781,36741
2025-09-23 09:15:00,122.05000305175781,122.45999908447266,119.37999725341797,121.19999694824219,46378
2025-09-23 13:15:00,121.1500015258789,121.4000015258789,119.0,120.02999877929688,46837
2025-09-24 09:15:00,121.0,121.0,117.22000122070312,118.11000061035156,45527
2025-09-24 13:15:00,118.44999694824219,119.72000122070312,118.0,119.69999694824219,30660
2025-09-25 09:15:00,119.80000305175781,124.48999786376953,116.81999969482422,117.12000274658203,24702
2025-09-25 13:15:00,117.0199966430664,117.52999877929688,115.80000305175781,116.18000030517578,51075
2025-09-26 09:15:00,117.01000213623047,117.37000274658203,114.0,114.33999633789062,33582
2025-09-26 13:15:00,114.12000274658203,116.9000015258789,113.30000305175781,115.80000305175781,26151
2025-09-29 09:15:00,117.9000015258789,117.9000015258789,113.54000091552734,114.11000061035156,32342
2025-09-29 13:15:00,114.37000274658203,115.61000061035156,113.06999969482422,114.0999984741211,25819
2025-09-30 09:15:00,115.0,115.0,112.56999969482422,113.2300033569336,16656
2025-09-30 13:15:00,113.2300033569336,113.72000122070312,112.0,112.7699966430664,42974
2025-10-01 09:15:00,113.43000030517578,114.94000244140625,112.5999984741211,113.06999969482422,20709
2025-10-01 13:15:00,113.06999969482422,114.0,112.6500015258789,114.0,21462
2025-10-03 09:15:00,114.01000213623047,115.48999786376953,114.0,114.62999725341797,24997
2025-10-03 13:15:00,114.62999725341797,116.0,113.55000305175781,115.25,45218
2025-10-06 09:15:00,116.16999816894531,116.16999816894531,113.63999938964844,114.0,22338
2025-10-06 13:15:00,114.0,114.27999877929688,113.01000213623047,113.38999938964844,25445
2025-10-07 09:15:00,114.0199966430664,115.9000015258789,112.5,113.16999816894531,33237
2025-10-07 13:15:00,113.06999969482422,113.66000366210938,112.80000305175781,113.18000030517578,37454
2025-10-08 09:15:00,113.19999694824219,114.36000061035156,111.86000061035156,112.58000183105469,45439
2025-10-08 13:15:00,112.58000183105469,113.0,112.30000305175781,112.61000061035156,39175
2025-10-09 09:15:00,113.23999786376953,113.23999786376953,110.23999786376953,111.0999984741211,30616
2025-10-09 13:15:00,111.25,112.0,111.0999984741211,111.87000274658203,66945
2025-10-10 09:15:00,110.5999984741211,113.97000122070312,110.5999984741211,111.19999694824219,29203
2025-10-10 13:15:00,111.38999938964844,112.80000305175781,111.0,111.91000366210938,44086
2025-10-13 09:15:00,111.9000015258789,111.9000015258789,108.16000366210938,109.16999816894531,44384
2025-10-13 13:15:00,109.19999694824219,110.0,109.0,109.58999633789062,39149
2025-10-14 09:15:00,109.69999694824219,109.95999908447266,105.63999938964844,106.4000015258789,80604
2025-10-14 13:15:00,106.4000015258789,107.19999694824219,106.0999984741211,106.54000091552734,34256
2025-10-15 09:15:00,106.41000366210938,108.94999694824219,106.41000366210938,107.66000366210938,60261
2025-10-15 13:15:00,107.47000122070312,107.5,106.61000061035156,106.80000305175781,42010
2025-10-16 09:15:00,107.58000183105469,108.02999877929688,106.20999908447266,106.26000213623047,14330
2025-10-16 13:15:00,106.41999816894531,106.41999816894531,105.6500015258789,105.94999694824219,42031
2025-10-17 09:15:00,106.37000274658203,106.88999938964844,105.25,105.61000061035156,16938
2025-10-17 13:15:00,105.73999786376953,105.75,104.4800033569336,105.02999877929688,47748
2025-10-20 09:15:00,105.0,105.48999786376953,103.36000061035156,104.30999755859375,35440
2025-10-20 13:15:00,104.48999786376953,105.5,104.0,105.5,34176
2025-10-21 13:15:00,103.5999984741211,107.47000122070312,103.5999984741211,106.87000274658203,32544
2025-10-23 09:15:00,108.0999984741211,108.0999984741211,104.93000030517578,105.36000061035156,79887
2025-10-23 13:15:00,105.3499984741211,105.5,104.30000305175781,104.37000274658203,58544
2025-10-24 09:15:00,104.61000061035156,104.95999908447266,103.7300033569336,104.36000061035156,27770
2025-10-24 13:15:00,103.91999816894531,104.19999694824219,103.0999984741211,103.38999938964844,30441
2025-10-27 09:15:00,108.20999908447266,117.88999938964844,107.9000015258789,114.6500015258789,5192549
2025-10-27 13:15:00,114.5999984741211,114.62000274658203,107.54000091552734,110.0,2761663
2025-10-28 09:15:00,110.87000274658203,112.8499984741211,108.5999984741211,110.58999633789062,78579
2025-10-28 13:15:00,110.5,110.9000015258789,108.52999877929688,109.0199966430664,95856
2025-10-29 09:15:00,109.06999969482422,109.98999786376953,108.30000305175781,108.63999938964844,30717
2025-10-29 13:15:00,108.72000122070312,109.0,108.55000305175781,108.83000183105469,42530
2025-10-30 09:15:00,108.5,109.61000061035156,108.20999908447266,108.5,29957
2025-10-30 13:15:00,108.69999694824219,109.19999694824219,108.41000366210938,109.11000061035156,35071
2025-10-31 09:15:00,109.0999984741211,109.33999633789062,107.0199966430664,107.33000183105469,29783
2025-10-31 13:15:00,107.19999694824219,107.80000305175781,106.26000213623047,107.12999725341797,115972
2025-11-03 09:15:00,110.0,110.0,105.80000305175781,106.5,50753
2025-11-03 13:15:00,106.5,107.56999969482422,105.86000061035156,106.01000213623047,64206
2025-11-04 09:15:00,107.1500015258789,107.33000183105469,106.19999694824219,106.4000015258789,21682
2025-11-04 13:15:00,106.4000015258789,110.5,106.4000015258789,109.75,113013
2025-11-06 09:15:00,109.75,109.8499984741211,106.5,108.54000091552734,45459
2025-11-06 13:15:00,108.44999694824219,109.4800033569336,106.0,106.58000183105469,94186
2025-11-07 09:15:00,106.5,107.5999984741211,103.0999984741211,106.27999877929688,47985
2025-11-07 13:15:00,105.93000030517578,109.5,105.93000030517578,109.25,90633
2025-11-10 09:15:00,105.30000305175781,108.80000305175781,105.30000305175781,108.5,80208
2025-11-10 13:15:00,108.5,108.55999755859375,106.01000213623047,106.3499984741211,45464
2025-11-11 09:15:00,107.2699966430664,107.95999908447266,106.08999633789062,106.66999816894531,32432
2025-11-11 13:15:00,106.70999908447266,107.0,105.01000213623047,106.05000305175781,43976
2025-11-12 09:15:00,107.80000305175781,107.80000305175781,105.5,106.80000305175781,30995
2025-11-12 13:15:00,107.0199966430664,107.37999725341797,106.11000061035156,106.7699966430664,26048
2025-11-13 09:15:00,106.83999633789062,107.58999633789062,105.94999694824219,106.12999725341797,25255
2025-11-13 13:15:00,105.9000015258789,106.5999984741211,105.12999725341797,105.58000183105469,24982
2025-11-14 09:15:00,105.13999938964844,107.26000213623047,105.13999938964844,106.69000244140625,25781
2025-11-14 13:15:00,106.51000213623047,107.2300033569336,106.0999984741211,107.19999694824219,13785
2025-11-17 09:15:00,108.0,108.0,105.80000305175781,106.0,10213
2025-11-17 13:15:00,106.19999694824219,106.30000305175781,105.80000305175781,106.05999755859375,18141
2025-11-18 09:15:00,105.30000305175781,106.16000366210938,105.01000213623047,105.41999816894531,11951
2025-11-18 13:15:00,105.30000305175781,105.69999694824219,105.01000213623047,105.01000213623047,19297
2025-11-19 09:15:00,105.86000061035156,107.0,104.94000244140625,105.80000305175781,15480
2025-11-19 13:15:00,106.08000183105469,106.08000183105469,104.19000244140625,104.6500015258789,19260
2025-11-20 09:15:00,104.5,104.98999786376953,104.05000305175781,104.4000015258789,12270
2025-11-20 13:15:00,104.45999908447266,104.5199966430664,103.30999755859375,103.55999755859375,19597
2025-11-21 09:15:00,103.5,103.81999969482422,101.41000366210938,102.37000274658203,22451
2025-11-21 13:15:00,102.44999694824219,103.0,101.69999694824219,102.0,19517
2025-11-24 09:15:00,101.11000061035156,101.75,99.0,99.29000091552734,47873
2025-11-24 13:15:00,99.19999694824219,110.23999786376953,99.0,108.19999694824219,423638
2025-11-25 09:15:00,109.47000122070312,113.0199966430664,106.08999633789062,111.93000030517578,272087
2025-11-25 13:15:00,111.87999725341797,113.0,108.66000366210938,109.9000015258789,178160
2025-11-26 09:15:00,109.9000015258789,110.23999786376953,108.69999694824219,109.5,228052
2025-11-26 13:15:00,109.52999877929688,109.72000122070312,108.80000305175781,109.19000244140625,30292
2025-11-27 09:15:00,109.05999755859375,110.04000091552734,108.0,108.0,14714
2025-11-27 13:15:00,108.05000305175781,108.16000366210938,107.30999755859375,107.87999725341797,25019
2025-11-28 09:15:00,108.01000213623047,108.69000244140625,107.30000305175781,107.41000366210938,9610
2025-11-28 13:15:00,107.38999938964844,107.55000305175781,107.19999694824219,107.41000366210938,12605
2025-12-01 09:15:00,109.38999938964844,111.36000061035156,107.54000091552734,111.02999877929688,85829
2025-12-01 13:15:00,111.0,111.5999984741211,110.19000244140625,110.93000030517578,85398
2025-12-02 09:15:00,112.0,112.4000015258789,108.16000366210938,108.36000061035156,203526
2025-12-02 13:15:00,108.5,109.83000183105469,106.0999984741211,108.68000030517578,88090
2025-12-03 09:15:00,109.4000015258789,109.4000015258789,106.18000030517578,109.04000091552734,23854
2025-12-03 13:15:00,109.0199966430664,109.47000122070312,108.87000274658203,109.0999984741211,19158
2025-12-04 09:15:00,108.69999694824219,109.43000030517578,108.0,108.98999786376953,12007
2025-12-04 13:15:00,109.05000305175781,110.3499984741211,108.87999725341797,110.0,43841
2025-12-05 09:15:00,109.87000274658203,110.4800033569336,108.0,110.0,28771
2025-12-05 13:15:00,110.0,111.25,109.25,109.8499984741211,52892
2025-12-08 09:15:00,108.0,108.62000274658203,106.5199966430664,106.91000366210938,23632
2025-12-08 13:15:00,106.80000305175781,107.37000274658203,105.69999694824219,106.37999725341797,7493
2025-12-09 09:15:00,105.30000305175781,107.4000015258789,102.05000305175781,107.04000091552734,29083
2025-12-09 13:15:00,106.87000274658203,107.0,104.5,104.93000030517578,25996
2025-12-10 09:15:00,108.4000015258789,117.26000213623047,108.4000015258789,112.2300033569336,6623353
2025-12-10 13:15:00,112.0999984741211,112.44999694824219,101.73999786376953,106.51000213623047,1713791
2025-12-11 09:15:00,105.08999633789062,106.13999938964844,100.0999984741211,103.80999755859375,365846
2025-12-11 13:15:00,103.9800033569336,104.44999694824219,103.5,104.44999694824219,172749
2025-12-12 09:15:00,104.5,105.48999786376953,100.79000091552734,101.30999755859375,154078
2025-12-12 13:15:00,101.33000183105469,104.69000244140625,100.9000015258789,104.0,258447
2025-12-15 09:15:00,110.8499984741211,110.9000015258789,106.2300033569336,106.88999938964844,259270
2025-12-15 13:15:00,106.6500015258789,108.08999633789062,105.5,106.77999877929688,322970
2025-12-16 09:15:00,106.0,106.7699966430664,104.11000061035156,106.22000122070312,28010
2025-12-16 13:15:00,106.0999984741211,106.5,104.5,105.08999633789062,73892
2025-12-17 09:15:00,105.9000015258789,106.88999938964844,103.55999755859375,104.13999938964844,28112
2025-12-17 13:15:00,104.01000213623047,105.0,103.7300033569336,104.44999694824219,23768
2025-12-18 09:15:00,103.2300033569336,108.5,102.30999755859375,108.0,186059
2025-12-18 13:15:00,108.31999969482422,109.79000091552734,106.5,107.02999877929688,270603
2025-12-19 09:15:00,117.0,121.26000213623047,107.87000274658203,109.25,4868167
2025-12-19 13:15:00,109.27999877929688,111.8499984741211,106.36000061035156,107.94999694824219,1299826
2025-12-22 09:15:00,109.69999694824219,111.48999786376953,108.0,108.4000015258789,107550
2025-12-22 13:15:00,108.4000015258789,110.05999755859375,107.1500015258789,107.45999908447266,228326
2025-12-23 09:15:00,113.3499984741211,116.5,110.5,111.73999786376953,994738
2025-12-23 13:15:00,111.73999786376953,112.0,110.43000030517578,111.01000213623047,340468
2025-12-24 09:15:00,114.5,114.91999816894531,112.05999755859375,112.55000305175781,266869
2025-12-24 13:15:00,112.54000091552734,113.13999938964844,112.30999755859375,112.80999755859375,342114
2025-12-26 09:15:00,112.19999694824219,112.19999694824219,110.01000213623047,110.0199966430664,95487
2025-12-26 13:15:00,110.16000366210938,111.98999786376953,109.20999908447266,110.12000274658203,125010
2025-12-29 09:15:00,109.80000305175781,109.94999694824219,107.0,107.33000183105469,57447
2025-12-29 13:15:00,107.4800033569336,108.94000244140625,107.12000274658203,108.36000061035156,92215
2025-12-30 09:15:00,107.69999694824219,107.93000030517578,105.61000061035156,106.31999969482422,55727
2025-12-30 13:15:00,106.31999969482422,107.51000213623047,105.69999694824219,106.08999633789062,98266
2025-12-31 09:15:00,105.97000122070312,110.0,105.97000122070312,108.54000091552734,42674
2025-12-31 13:15:00,108.7699966430664,113.5999984741211,108.5199966430664,110.80000305175781,731745
2026-01-01 09:15:00,110.88999938964844,111.79000091552734,109.08000183105469,110.27999877929688,84999
2026-01-01 13:15:00,110.4000015258789,110.5,109.19000244140625,109.5,61544
2026-01-02 09:15:00,109.91999816894531,109.98999786376953,108.44999694824219,109.69000244140625,46978
2026-01-02 13:15:00,109.68000030517578,109.91000366210938,108.2300033569336,108.55000305175781,91376
2026-01-05 09:15:00,108.05000305175781,111.51000213623047,108.05000305175781,110.31999969482422,106312
2026-01-05 13:15:00,110.11000061035156,111.94999694824219,109.5,111.9000015258789,122854
2026-01-06 09:15:00,110.51000213623047,112.19999694824219,110.0,110.7699966430664,25597
2026-01-06 13:15:00,110.75,110.75,109.0999984741211,109.0999984741211,73813
2026-01-07 09:15:00,109.93000030517578,110.0199966430664,108.51000213623047,108.87999725341797,54494
2026-01-07 13:15:00,108.87999725341797,111.0,108.1500015258789,109.83000183105469,105929
2026-01-08 09:15:00,110.94000244140625,113.5,109.41999816894531,109.79000091552734,210740
2026-01-08 13:15:00,109.79000091552734,110.01000213623047,107.0,107.56999969482422,250605
2026-01-09 09:15:00,108.43000030517578,108.43000030517578,106.12000274658203,106.31999969482422,53011
2026-01-09 13:15:00,106.30000305175781,107.18000030517578,105.55000305175781,105.94999694824219,83627
2026-01-12 09:15:00,105.94999694824219,106.23999786376953,102.16999816894531,103.5999984741211,106523
2026-01-12 13:15:00,103.5999984741211,104.43000030517578,103.0999984741211,103.87999725341797,34590
2026-01-13 09:15:00,105.0,105.0,103.19999694824219,103.7300033569336,26751
2026-01-13 13:15:00,103.55000305175781,108.9800033569336,103.01000213623047,108.44999694824219,37132
2026-01-14 09:15:00,104.30000305175781,107.1500015258789,104.0999984741211,106.58000183105469,68462
2026-01-14 13:15:00,106.58000183105469,108.31999969482422,106.58000183105469,107.5999984741211,74969
2026-01-16 09:15:00,107.87999725341797,108.7699966430664,106.5,106.54000091552734,26955
2026-01-16 13:15:00,106.5,107.0,105.3499984741211,106.52999877929688,45213
2026-01-19 09:15:00,105.38999938964844,106.77999877929688,103.5199966430664,104.12999725341797,67546
2026-01-19 13:15:00,104.18000030517578,104.48999786376953,102.95999908447266,103.56999969482422,92613
2026-01-20 09:15:00,103.5,103.7300033569336,102.0,102.37000274658203,42219
2026-01-20 13:15:00,102.2699966430664,103.01000213623047,101.69000244140625,102.12000274658203,48432
2026-01-21 09:15:00,102.01000213623047,102.01000213623047,98.19999694824219,99.58999633789062,103372
2026-01-21 13:15:00,99.7699966430664,100.30000305175781,99.0,100.0,47649
2026-01-22 09:15:00,100.9000015258789,101.80000305175781,100.5,100.83000183105469,25874
2026-01-22 13:15:00,100.83999633789062,102.52999877929688,100.0999984741211,101.25,52180
2026-01-23 09:15:00,101.5999984741211,102.08999633789062,99.31999969482422,99.94999694824219,58730
2026-01-23 13:15:00,99.72000122070312,102.55000305175781,98.12999725341797,102.5,135778
2026-01-27 09:15:00,101.5,102.72000122070312,100.5,101.29000091552734,93427
2026-01-27 13:15:00,101.31999969482422,102.75,100.80000305175781,102.3499984741211,48529
2026-01-28 09:15:00,101.61000061035156,103.51000213623047,101.61000061035156,102.94999694824219,40053
2026-01-28 13:15:00,103.0,107.19999694824219,102.95999908447266,105.87999725341797,175041
2026-01-29 09:15:00,106.0,108.6500015258789,103.5999984741211,103.9000015258789,76954
2026-01-29 13:15:00,103.5999984741211,103.9800033569336,101.19999694824219,102.0199966430664,99056
2026-01-30 09:15:00,102.70999908447266,104.47000122070312,102.05000305175781,102.80999755859375,153607
2026-01-30 13:15:00,102.83000183105469,105.37000274658203,102.0199966430664,104.0999984741211,127959
2026-02-03 09:15:00,103.5,104.8499984741211,100.4800033569336,101.87999725341797,209045
2026-02-03 13:15:00,101.97000122070312,103.6500015258789,101.56999969482422,103.23999786376953,88972
2026-02-04 09:15:00,103.23999786376953,103.79000091552734,101.5,102.12000274658203,67907
2026-02-04 13:15:00,102.0199966430664,103.5199966430664,101.91000366210938,102.76000213623047,24171
2026-02-05 09:15:00,102.7699966430664,103.5,101.5199966430664,101.8499984741211,15849
2026-02-05 13:15:00,101.75,106.2300033569336,101.75,104.5,104521
2026-02-06 09:15:00,104.20999908447266,104.26000213623047,102.5,102.98999786376953,35698
2026-02-06 13:15:00,102.98999786376953,103.0,102.5,102.55000305175781,32352
2026-02-09 09:15:00,103.5,103.5,102.16000366210938,103.08000183105469,45047
2026-02-09 13:15:00,103.05000305175781,104.48999786376953,102.93000030517578,103.79000091552734,37837
2026-02-10 09:15:00,103.79000091552734,113.4000015258789,103.51000213623047,112.83999633789062,770468
2026-02-10 13:15:00,112.80000305175781,114.80000305175781,112.0999984741211,114.0,398238
2026-02-11 09:15:00,113.44000244140625,118.83999633789062,112.72000122070312,117.33000183105469,106267
2026-02-11 13:15:00,117.33000183105469,119.0,116.5,117.5199966430664,184787
2026-02-12 09:15:00,119.52999877929688,128.27999877929688,115.5,128.27999877929688,694649
2026-02-12 13:15:00,128.0,129.0,126.05000305175781,126.0999984741211,513826
2026-02-13 09:15:00,125.69000244140625,128.00999450683594,121.70999908447266,127.5,225333
2026-02-13 13:15:00,127.6500015258789,128.1999969482422,122.62999725341797,123.0,157769
2026-02-16 09:15:00,123.5999984741211,126.0,121.62000274658203,124.41999816894531,94261
2026-02-16 13:15:00,124.41000366210938,125.0,121.5999984741211,122.19999694824219,59568
2026-02-17 09:15:00,122.0,124.83999633789062,121.8499984741211,121.8499984741211,28112
2026-02-17 13:15:00,122.02999877929688,131.25,120.80000305175781,124.30000305175781,839423
2026-02-18 09:15:00,125.0,126.4000015258789,121.05000305175781,122.44999694824219,146532
2026-02-18 13:15:00,122.44999694824219,122.94999694824219,120.4000015258789,121.9800033569336,244260
2026-02-19 09:15:00,121.9000015258789,126.80999755859375,121.62999725341797,124.44999694824219,81692
2026-02-19 13:15:00,124.33000183105469,124.83999633789062,122.0,123.0,77339
2026-02-20 09:15:00,121.62999725341797,122.61000061035156,120.41999816894531,120.9000015258789,47250
2026-02-20 13:15:00,121.01000213623047,122.44000244140625,120.33000183105469,121.94999694824219,52218
2026-02-23 09:15:00,122.01000213623047,128.0,121.55999755859375,126.5,297702
2026-02-23 13:15:00,126.5199966430664,126.52999877929688,124.0,124.0,155591
2026-02-24 09:15:00,124.5,125.36000061035156,122.4000015258789,123.1500015258789,50443
2026-02-24 13:15:00,123.0,124.0,123.0,123.69999694824219,49191
2026-02-25 09:15:00,123.66999816894531,125.0999984741211,122.5199966430664,123.30999755859375,36743
2026-02-25 13:15:00,123.30999755859375,124.69999694824219,122.98999786376953,124.01000213623047,73550
2026-02-26 09:15:00,124.08000183105469,129.8800048828125,124.08000183105469,124.61000061035156,125462
2026-02-26 13:15:00,124.8499984741211,126.81999969482422,123.44999694824219,124.0,116376
2026-02-27 09:15:00,124.0,126.26000213623047,122.25,125.52999877929688,61594
2026-02-27 13:15:00,125.66000366210938,125.80000305175781,123.26000213623047,124.0199966430664,64281
2026-03-02 09:15:00,116.66000366210938,123.94000244140625,116.66000366210938,119.19999694824219,177235
2026-03-02 13:15:00,119.25,120.80000305175781,118.20999908447266,119.9800033569336,99930
2026-03-04 09:15:00,117.19999694824219,118.06999969482422,114.56999969482422,115.47000122070312,74618
2026-03-04 13:15:00,115.47000122070312,119.37000274658203,114.5999984741211,118.05000305175781,101861
2026-03-05 09:15:00,117.2300033569336,120.2300033569336,116.5,116.5,34064
2026-03-05 13:15:00,116.4000015258789,118.08999633789062,115.0,116.69999694824219,64142
2026-03-06 09:15:00,117.01000213623047,118.0199966430664,115.80000305175781,116.58000183105469,17305
2026-03-06 13:15:00,116.52999877929688,116.52999877929688,112.30999755859375,113.44000244140625,50288
2026-03-09 09:15:00,111.0,111.0,104.0,104.66000366210938,155288
2026-03-09 13:15:00,104.66000366210938,106.55999755859375,104.29000091552734,106.55999755859375,61336
2026-03-10 09:15:00,107.62000274658203,108.69000244140625,106.5,107.48999786376953,53141
2026-03-10 13:15:00,107.5,109.0,106.30999755859375,108.29000091552734,81996
2026-03-11 09:15:00,108.29000091552734,112.16999816894531,108.29000091552734,108.80000305175781,69285
2026-03-11 13:15:00,108.7699966430664,109.12000274658203,107.61000061035156,108.1500015258789,82307
2026-03-12 09:15:00,108.3499984741211,108.3499984741211,105.27999877929688,106.76000213623047,81827
2026-03-12 13:15:00,107.08000183105469,108.98999786376953,106.5,106.9000015258789,48275
2026-03-13 09:15:00,106.9000015258789,107.05999755859375,102.0,103.16999816894531,111652
2026-03-13 13:15:00,103.19000244140625,104.72000122070312,102.19999694824219,103.37999725341797,73360
2026-03-16 09:15:00,103.0,103.0,97.91000366210938,98.05000305175781,122494
2026-03-16 13:15:00,98.06999969482422,100.69000244140625,97.76000213623047,99.80000305175781,110454
2026-03-17 09:15:00,103.87000274658203,105.94999694824219,100.30999755859375,103.75,178935
2026-03-17 13:15:00,104.06999969482422,105.13999938964844,103.69999694824219,104.58999633789062,66329
2026-03-18 09:15:00,104.38999938964844,108.44000244140625,104.38999938964844,107.62999725341797,36016
2026-03-18 13:15:00,107.79000091552734,108.25,106.25,106.25,56604
2026-03-19 09:15:00,104.0999984741211,105.38999938964844,103.72000122070312,104.37999725341797,40984
2026-03-19 13:15:00,103.9800033569336,104.98999786376953,101.5999984741211,103.0,64865
2026-03-20 09:15:00,103.5999984741211,104.63999938964844,102.88999938964844,103.36000061035156,32886
2026-03-20 13:15:00,103.41999816894531,104.73999786376953,102.31999969482422,104.0,27863
2026-03-23 09:15:00,106.0,106.0,100.44000244140625,100.75,106489
2026-03-23 13:15:00,100.56999969482422,101.68000030517578,100.0,100.5,81012
2026-03-24 09:15:00,106.0,106.0,100.41000366210938,104.94999694824219,119410
2026-03-24 13:15:00,104.94999694824219,104.94999694824219,103.0,103.62000274658203,58738
2026-03-25 09:15:00,105.0,107.0,104.95999908447266,105.83999633789062,49781
2026-03-25 13:15:00,106.0,106.30000305175781,103.80000305175781,104.48999786376953,83776
2026-03-27 09:15:00,103.44999694824219,104.19999694824219,100.4000015258789,101.68000030517578,184124
2026-03-27 13:15:00,101.79000091552734,102.62000274658203,99.1500015258789,100.83999633789062,143619
2026-03-30 09:15:00,99.30000305175781,100.29000091552734,97.12000274658203,97.93000030517578,96100
2026-03-30 13:15:00,98.13999938964844,98.83000183105469,96.22000122070312,96.6500015258789,66755
2026-04-01 09:15:00,101.69999694824219,104.6500015258789,100.44999694824219,104.0,123536
2026-04-01 13:15:00,104.0,104.25,102.69999694824219,103.47000122070312,40250
2026-04-02 09:15:00,102.48999786376953,103.87000274658203,99.5,103.5999984741211,66953
2026-04-02 13:15:00,103.75,104.94999694824219,102.55999755859375,104.45999908447266,92633
2026-04-06 09:15:00,105.80000305175781,105.80000305175781,102.20999908447266,104.56999969482422,53087
2026-04-06 13:15:00,104.8499984741211,105.36000061035156,104.5,104.83000183105469,33041
2026-04-07 09:15:00,104.48999786376953,105.94999694824219,103.5,105.38999938964844,22020
2026-04-07 13:15:00,105.44999694824219,106.43000030517578,104.1500015258789,104.87999725341797,38609
2026-04-08 09:15:00,109.9000015258789,111.9000015258789,106.88999938964844,110.31999969482422,215959
2026-04-08 13:15:00,110.43000030517578,113.51000213623047,110.23999786376953,112.62000274658203,132171
2026-04-09 09:15:00,112.05999755859375,114.18000030517578,110.5,110.9800033569336,86948
2026-04-09 13:15:00,110.91000366210938,111.0,109.37999725341797,110.58000183105469,42598
2026-04-10 09:15:00,111.88999938964844,113.0,110.83000183105469,112.08000183105469,28023
2026-04-10 13:15:00,112.11000061035156,112.9000015258789,110.72000122070312,111.27999877929688,47395
2026-04-13 09:15:00,106.80000305175781,112.5999984741211,106.0999984741211,111.69000244140625,30382
2026-04-13 13:15:00,111.44999694824219,113.0,111.05000305175781,111.44000244140625,50676
2026-04-15 09:15:00,113.66999816894531,115.5999984741211,113.44999694824219,115.0,70921
2026-04-15 13:15:00,114.98999786376953,116.30000305175781,114.3499984741211,115.2300033569336,55360
2026-04-16 09:15:00,116.05999755859375,117.23999786376953,114.38999938964844,115.9800033569336,61472
2026-04-16 13:15:00,115.66000366210938,117.0999984741211,115.11000061035156,116.45999908447266,28537
2026-04-17 09:15:00,117.0,119.0,115.52999877929688,116.0,46357
2026-04-17 13:15:00,116.0,116.54000091552734,115.70999908447266,116.12999725341797,27486
2026-04-20 09:15:00,118.0,118.0,113.13999938964844,115.55999755859375,0
2026-04-20 13:15:00,116.12999725341797,116.12999725341797,113.5,114.23999786376953,53536
2026-04-21 09:15:00,114.0999984741211,118.0,114.0199966430664,116.11000061035156,68273
2026-04-21 13:15:00,116.0,117.30000305175781,114.5999984741211,115.55999755859375,45913
2026-04-22 09:15:00,113.88999938964844,117.5,113.88999938964844,117.22000122070312,34489
2026-04-22 13:15:00,117.22000122070312,121.58000183105469,116.91000366210938,119.62999725341797,195746
2026-04-23 09:15:00,119.0,119.0,116.73999786376953,117.77999877929688,42997
2026-04-23 13:15:00,117.45999908447266,118.0,116.19000244140625,116.77999877929688,15305
2026-04-24 09:15:00,118.0,118.0,113.0,113.19999694824219,24085
2026-04-24 13:15:00,113.0,114.20999908447266,112.5999984741211,113.9000015258789,35924
2026-04-27 09:15:00,114.0,116.66999816894531,114.0,115.55999755859375,23891
2026-04-27 13:15:00,115.87999725341797,115.87999725341797,113.91999816894531,114.8499984741211,37038
2026-04-28 09:15:00,114.98999786376953,116.0,113.26000213623047,113.7699966430664,38671
2026-04-28 13:15:00,114.02999877929688,114.4800033569336,113.01000213623047,113.5999984741211,18025
2026-04-29 09:15:00,114.9000015258789,115.08000183105469,113.62000274658203,114.58999633789062,30551
2026-04-29 13:15:00,114.7300033569336,116.0,113.76000213623047,116.0,26951
2026-04-30 09:15:00,115.9000015258789,115.9000015258789,112.41000366210938,113.33999633789062,18335
2026-04-30 13:15:00,113.56999969482422,114.88999938964844,113.0,113.4800033569336,36440
2026-05-04 09:15:00,113.4800033569336,122.0999984741211,113.4800033569336,119.83000183105469,408035
2026-05-04 13:15:00,119.63999938964844,120.44999694824219,116.54000091552734,119.29000091552734,124327
2026-05-05 09:15:00,120.0,123.5,117.86000061035156,119.62000274658203,36389
2026-05-05 13:15:00,119.5,121.9000015258789,119.16000366210938,121.9000015258789,63587
2026-05-06 09:15:00,120.0,121.16999816894531,117.4000015258789,117.6500015258789,39604
2026-05-06 13:15:00,117.62000274658203,119.5,117.2300033569336,118.70999908447266,47260
2026-05-07 09:15:00,118.70999908447266,119.51000213623047,117.23999786376953,118.01000213623047,40167
2026-05-07 13:15:00,117.91999816894531,118.37999725341797,117.0,117.6500015258789,48899
2026-05-08 09:15:00,117.1500015258789,121.0,116.22000122070312,120.0,138909
2026-05-08 13:15:00,120.0,120.0,116.20999908447266,117.62000274658203,87087
2026-05-11 09:15:00,117.5,117.9000015258789,115.27999877929688,117.08999633789062,28232
2026-05-11 13:15:00,117.01000213623047,119.06999969482422,115.55000305175781,116.62999725341797,86464
2026-05-12 09:15:00,115.87999725341797,116.02999877929688,113.20999908447266,113.51000213623047,30177
2026-05-12 13:15:00,113.6500015258789,114.08999633789062,112.0,112.80999755859375,31557
2026-05-13 09:15:00,113.44999694824219,115.8499984741211,111.8499984741211,114.26000213623047,32643
2026-05-13 13:15:00,114.1500015258789,114.6500015258789,113.01000213623047,113.9000015258789,15655
2026-05-14 09:15:00,113.9000015258789,116.3499984741211,112.0,113.16999816894531,16725
2026-05-14 13:15:00,112.55000305175781,117.0,112.55000305175781,115.72000122070312,74927
2026-05-15 09:15:00,115.72000122070312,118.0,113.94000244140625,116.62999725341797,54168
2026-05-15 13:15:00,116.5,117.0,115.51000213623047,116.44999694824219,34273
2026-05-18 09:15:00,116.20999908447266,116.20999908447266,112.51000213623047,115.43000030517578,35255
2026-05-18 13:15:00,115.31999969482422,118.9800033569336,115.01000213623047,117.41999816894531,99343
2026-05-19 09:15:00,122.20999908447266,126.98999786376953,119.05000305175781,119.23999786376953,1197591
2026-05-19 13:15:00,119.0,119.4800033569336,116.26000213623047,117.20999908447266,178522
2026-05-20 09:15:00,115.41999816894531,122.0,114.31999969482422,119.41999816894531,128935
2026-05-20 13:15:00,119.9000015258789,121.0,119.13999938964844,120.80000305175781,93248
2026-05-21 09:15:00,125.0,128.77999877929688,120.94999694824219,121.95999908447266,784408
2026-05-21 13:15:00,121.8499984741211,122.23999786376953,117.51000213623047,119.22000122070312,323858
2026-05-22 09:15:00,119.86000061035156,119.87999725341797,116.70999908447266,117.37999725341797,55712
2026-05-22 13:15:00,117.4000015258789,117.69999694824219,115.3499984741211,116.56999969482422,84157
2026-05-25 09:15:00,117.5,120.48999786376953,117.5,118.29000091552734,53044
2026-05-25 13:15:00,118.29000091552734,118.8499984741211,117.98999786376953,118.8499984741211,43088
2026-05-26 09:15:00,118.93000030517578,120.02999877929688,115.77999877929688,117.94999694824219,86166
2026-05-26 13:15:00,117.62999725341797,118.5,117.06999969482422,117.55999755859375,33940
2026-05-27 09:15:00,118.5,119.5,116.91999816894531,118.3499984741211,94549
2026-05-27 13:15:00,118.33000183105469,119.0,117.83000183105469,118.5,57659
2026-05-29 09:15:00,118.31999969482422,119.4000015258789,115.26000213623047,115.86000061035156,47444
2026-05-29 13:15:00,115.66000366210938,116.05999755859375,115.0,115.51000213623047,25437
2026-06-01 09:15:00,116.0,119.4000015258789,115.3499984741211,116.29000091552734,143473
2026-06-01 13:15:00,116.0,116.5,115.30000305175781,115.72000122070312,42360
2026-06-02 09:15:00,114.0,116.7699966430664,114.0,115.80000305175781,21506
2026-06-02 13:15:00,115.70999908447266,116.91000366210938,115.45999908447266,116.5999984741211,23164
2026-06-03 09:15:00,116.25,116.25,114.3499984741211,115.12000274658203,34819
2026-06-03 13:15:00,115.86000061035156,116.0999984741211,115.0,115.62999725341797,20676
2026-06-04 09:15:00,115.98999786376953,118.2699966430664,115.01000213623047,116.72000122070312,22374
2026-06-04 13:15:00,116.69999694824219,117.88999938964844,116.0,116.43000030517578,39920
2026-06-05 09:15:00,116.43000030517578,117.69000244140625,115.0,115.0199966430664,50772
2026-06-05 13:15:00,115.37000274658203,115.9800033569336,115.02999877929688,115.19000244140625,16897
2026-06-08 09:15:00,114.0,117.0,113.62999725341797,113.80000305175781,97414
2026-06-08 13:15:00,114.4800033569336,114.4800033569336,113.0,113.12000274658203,41417
2026-06-09 09:15:00,113.69999694824219,115.9000015258789,113.30999755859375,113.55999755859375,32449
2026-06-09 13:15:00,113.81999969482422,114.6500015258789,113.41999816894531,114.20999908447266,16456
2026-06-10 09:15:00,114.20999908447266,115.38999938964844,113.4000015258789,113.79000091552734,43435
2026-06-10 13:15:00,113.5999984741211,113.95999908447266,111.2300033569336,112.3499984741211,51536
2026-06-11 09:15:00,111.94000244140625,114.19999694824219,110.30000305175781,112.6500015258789,33570
2026-06-11 13:15:00,112.43000030517578,114.0,111.44000244140625,112.58999633789062,20141
2026-06-12 09:15:00,114.4800033569336,115.05999755859375,112.83999633789062,113.76000213623047,21425
2026-06-12 13:15:00,113.62000274658203,114.83000183105469,113.05000305175781,114.16000366210938,36621
2026-06-15 09:15:00,115.5999984741211,117.0,115.0,116.0,64454
2026-06-15 13:15:00,116.0,116.27999877929688,115.25,115.5,37072
2026-06-16 09:15:00,115.72000122070312,116.8499984741211,114.61000061035156,115.0999984741211,27993
2026-06-16 13:15:00,115.12999725341797,116.5,114.44999694824219,116.0,54107
2026-06-17 09:15:00,115.62999725341797,116.29000091552734,115.2300033569336,115.88999938964844,19184
2026-06-17 13:15:00,116.05999755859375,116.3499984741211,115.66999816894531,116.05000305175781,26666
2026-06-18 09:15:00,116.05000305175781,120.0,115.5999984741211,119.55000305175781,229559
2026-06-18 13:15:00,119.5,122.87000274658203,119.5,122.66999816894531,263931
2026-06-19 09:15:00,122.30000305175781,123.87000274658203,120.41000366210938,121.38999938964844,89075
2026-06-19 13:15:00,121.30999755859375,122.12999725341797,120.48999786376953,121.38999938964844,55743
2026-06-22 09:15:00,124.0,138.44000244140625,123.30999755859375,136.66000366210938,3302360
2026-06-22 13:15:00,136.91000366210938,139.00999450683594,133.69000244140625,135.0500030517578,2357532
2026-06-23 09:15:00,136.00999450683594,150.0,135.55999755859375,136.0,729520
2026-06-23 13:15:00,135.91000366210938,137.1699981689453,133.5,134.2100067138672,566210
2026-06-24 09:15:00,134.4600067138672,135.27999877929688,132.10000610351562,134.13999938964844,57433
2026-06-24 13:15:00,134.13999938964844,134.13999938964844,133.08999633789062,133.6300048828125,62507
2026-06-25 09:15:00,132.63999938964844,133.9499969482422,128.02999877929688,128.3000030517578,78598
2026-06-25 13:15:00,128.41000366210938,132.38999938964844,128.13999938964844,131.3699951171875,130387
2026-06-29 09:15:00,132.5,134.5,130.35000610351562,131.0,98303
2026-06-29 13:15:00,131.0,133.89999389648438,131.0,132.75999450683594,65238
2026-06-30 09:15:00,132.42999267578125,136.99000549316406,130.91000366210938,135.02999877929688,138837
2026-06-30 13:15:00,135.02000427246094,135.69000244140625,132.64999389648438,133.3800048828125,89929
2026-07-01 09:15:00,133.0,135.99000549316406,130.00999450683594,133.5,137758
2026-07-01 13:15:00,133.72000122070312,135.88999938964844,132.61000061035156,134.27999877929688,92902
2026-07-02 09:15:00,134.0,134.63999938964844,130.10000610351562,130.60000610351562,104117
2026-07-02 13:15:00,130.74000549316406,131.5,130.10000610351562,130.77999877929688,53078
2026-07-03 09:15:00,131.13999938964844,133.0,129.33999633789062,130.1699981689453,27013
2026-07-03 13:15:00,130.1699981689453,130.44000244140625,129.0,129.36000061035156,31776
2026-07-06 09:15:00,129.8800048828125,129.8800048828125,125.81999969482422,127.80000305175781,56962
2026-07-06 13:15:00,126.94000244140625,127.0999984741211,126.5,126.52999877929688,33864
2026-07-07 09:15:00,127.45999908447266,127.45999908447266,124.0999984741211,124.11000061035156,34236
2026-07-07 13:15:00,124.0999984741211,125.86000061035156,124.0999984741211,125.86000061035156,22378
2026-07-08 09:15:00,125.44999694824219,129.0,124.98999786376953,126.83000183105469,16485
2026-07-08 13:15:00,126.55000305175781,127.5,121.62999725341797,122.30000305175781,78167
2026-07-09 09:15:00,122.0,125.98999786376953,122.0,124.41999816894531,32418
2026-07-09 13:15:00,124.41999816894531,126.0,123.54000091552734,126.0,39831
2026-07-10 09:15:00,124.56999969482422,126.41000366210938,124.41999816894531,125.69000244140625,17778
2026-07-10 13:15:00,125.69000244140625,126.93000030517578,122.69999694824219,123.0,71878
2026-07-13 09:15:00,122.98999786376953,124.0,122.94000244140625,123.6500015258789,15866
2026-07-13 13:15:00,123.80000305175781,123.88999938964844,121.81999969482422,122.7699966430664,48059
2026-07-14 09:15:00,121.23999786376953,122.37999725341797,119.23999786376953,120.05000305175781,28862
2026-07-14 13:15:00,120.05000305175781,120.19999694824219,119.01000213623047,119.88999938964844,20694
2026-07-15 09:15:00,119.19999694824219,121.5999984741211,119.11000061035156,119.41999816894531,29132
2026-07-15 13:15:00,119.41999816894531,121.69999694824219,119.0,120.55999755859375,42958
2026-07-16 09:15:00,120.55999755859375,121.94000244140625,119.11000061035156,119.12000274658203,27817
2026-07-16 13:15:00,119.0,119.87000274658203,118.5,118.5,33577
2026-07-17 09:15:00,119.0,119.0,114.80000305175781,115.0,95665
2026-07-17 13:15:00,115.0,117.0999984741211,112.69999694824219,115.5,142889
2026-07-20 09:15:00,115.5,117.97000122070312,115.06999969482422,116.43000030517578,35158
2026-07-20 13:15:00,116.88999938964844,119.0,116.20999908447266,116.86000061035156,16633
2026-07-21 09:15:00,117.44999694824219,118.56999969482422,116.51000213623047,118.4000015258789,24679
2026-07-21 13:15:00,118.61000061035156,120.0,117.61000061035156,119.08000183105469,26873
2026-07-22 09:15:00,118.1500015258789,118.1500015258789,115.83000183105469,117.51000213623047,19926
2026-07-22 13:15:00,117.33000183105469,118.19999694824219,117.0,117.5199966430664,11580
2026-07-23 09:15:00,116.80000305175781,118.80000305175781,114.80999755859375,115.19000244140625,95431
2026-07-23 13:15:00,114.97000122070312,115.11000061035156,112.51000213623047,114.23999786376953,41651
2026-07-24 09:15:00,114.25,115.4000015258789,112.63999938964844,115.01000213623047,10143
2026-07-24 13:15:00,115.12000274658203,117.80000305175781,115.05000305175781,117.80000305175781,9044
2026-07-27 09:15:00,117.80000305175781,123.93000030517578,117.30999755859375,120.33000183105469,223814
2026-07-27 13:15:00,120.33000183105469,123.0,119.20999908447266,120.9000015258789,96093
2026-07-28 09:15:00,120.91000366210938,122.73999786376953,119.18000030517578,120.55999755859375,53429
2026-07-28 13:15:00,120.83999633789062,123.1500015258789,119.55000305175781,122.44000244140625,130621
2026-07-29 09:15:00,122.0,123.5,121.0,121.6500015258789,23365
2026-07-29 13:15:00,121.6500015258789,123.0,121.6500015258789,122.37999725341797,30944
2026-07-30 09:15:00,119.51000213623047,122.66000366210938,119.30000305175781,119.75,15686
2026-07-30 13:15:00,119.69999694824219,120.0,119.30999755859375,119.36000061035156,15445
2026-07-31 09:15:00,120.19999694824219,120.61000061035156,118.0,118.1500015258789,44500
2026-07-31 13:15:00,118.0999984741211,119.16999816894531,117.25,119.1500015258789,37290
2026-08-03 09:15:00,117.0,117.98999786376953,113.5,113.97000122070312,106498
2026-08-03 13:15:00,113.91999816894531,114.5,113.55999755859375,114.0199966430664,68317
2026-08-04 09:15:00,114.98999786376953,114.98999786376953,110.01000213623047,111.19999694824219,182155
2026-08-04 13:15:00,111.19999694824219,113.54000091552734,110.5999984741211,112.83000183105469,80102
2026-08-05 09:15:00,113.38999938964844,114.4000015258789,112.86000061035156,114.4000015258789,40671
2026-08-05 13:15:00,114.5,117.98999786376953,114.22000122070312,116.1500015258789,133320
2026-08-06 09:15:00,117.25,117.58999633789062,116.0,117.06999969482422,31141
2026-08-06 13:15:00,116.98999786376953,118.80000305175781,116.80000305175781,117.0999984741211,40557
2026-08-07 09:15:00,117.5999984741211,117.9800033569336,115.51000213623047,116.55000305175781,33884
2026-08-07 13:15:00,116.31999969482422,116.55000305175781,115.33000183105469,115.79000091552734,30311
