Datetime,Open,High,Low,Close,Volume
2023-08-28 09:15:00,1779.0999755859375,1790.0,1768.5,1769.0999755859375,380489
2023-08-28 13:15:00,1769.1500244140625,1787.050048828125,1768.300048828125,1784.6500244140625,284120
2023-08-29 09:15:00,1787.0,1802.800048828125,1779.550048828125,1793.050048828125,463840
2023-08-29 13:15:00,1793.0,1806.949951171875,1793.0,1800.050048828125,176859
2023-08-30 09:15:00,1805.0999755859375,1821.1500244140625,1800.050048828125,1819.75,193889
2023-08-30 13:15:00,1819.0999755859375,1824.9000244140625,1804.1500244140625,1806.6500244140625,279383
2023-08-31 09:15:00,1806.6500244140625,1819.0,1790.449951171875,1791.0999755859375,233732
2023-08-31 13:15:00,1791.300048828125,1800.0,1782.0,1790.949951171875,901628
2023-09-01 09:15:00,1790.949951171875,1805.25,1787.9000244140625,1803.0999755859375,254703
2023-09-01 13:15:00,1803.0999755859375,1825.0,1800.949951171875,1824.949951171875,124747
2023-09-04 09:15:00,1818.1500244140625,1850.4000244140625,1817.5,1834.3499755859375,387860
2023-09-04 13:15:00,1834.3499755859375,1845.0,1833.199951171875,1842.5999755859375,391932
2023-09-05 09:15:00,1849.9000244140625,1872.0,1844.5,1849.949951171875,454614
2023-09-05 13:15:00,1849.949951171875,1856.4000244140625,1846.0,1853.800048828125,178457
2023-09-06 09:15:00,1853.800048828125,1858.9000244140625,1822.3499755859375,1823.800048828125,143287
2023-09-06 13:15:00,1824.199951171875,1841.9000244140625,1817.0,1838.5,350838
2023-09-07 09:15:00,1830.0999755859375,1837.0,1825.550048828125,1830.949951171875,109023
2023-09-07 13:15:00,1830.1500244140625,1851.050048828125,1830.0,1847.4000244140625,224689
2023-09-08 09:15:00,1849.9000244140625,1856.0,1840.25,1850.199951171875,160474
2023-09-08 13:15:00,1850.199951171875,1852.0,1843.5,1849.75,142539
2023-09-11 09:15:00,1848.0,1869.0,1848.0,1862.800048828125,141103
2023-09-11 13:15:00,1862.800048828125,1866.1500244140625,1854.0,1862.3499755859375,180570
2023-09-12 09:15:00,1854.5,1920.0,1836.0,1889.949951171875,1204729
2023-09-12 13:15:00,1889.5999755859375,1891.0,1866.300048828125,1870.949951171875,438617
2023-09-13 09:15:00,1869.949951171875,1942.0,1857.300048828125,1931.0,1281396
2023-09-13 13:15:00,1931.0,1946.4000244140625,1920.199951171875,1929.5,722242
2023-09-14 09:15:00,1936.5999755859375,1954.0,1920.550048828125,1934.300048828125,644063
2023-09-14 13:15:00,1934.300048828125,1935.4000244140625,1919.449951171875,1931.5999755859375,337067
2023-09-15 09:15:00,1942.6500244140625,1984.3499755859375,1932.75,1982.5999755859375,817904
2023-09-15 13:15:00,1982.449951171875,1987.949951171875,1965.9000244140625,1970.0,736535
2023-09-18 09:15:00,1980.0,1987.5,1955.0999755859375,1962.050048828125,223698
2023-09-18 13:15:00,1962.0999755859375,1962.8499755859375,1953.0999755859375,1953.0999755859375,239981
2023-09-20 09:15:00,1957.449951171875,1959.8499755859375,1937.449951171875,1945.0,228140
2023-09-20 13:15:00,1944.050048828125,1948.050048828125,1931.050048828125,1941.25,240454
2023-09-21 09:15:00,1927.3499755859375,1937.800048828125,1896.300048828125,1904.8499755859375,340126
2023-09-21 13:15:00,1904.8499755859375,1916.0,1904.3499755859375,1911.5,438014
2023-09-22 09:15:00,1911.0,1928.949951171875,1889.4000244140625,1909.8499755859375,292000
2023-09-22 13:15:00,1909.8499755859375,1916.699951171875,1905.25,1911.949951171875,288680
2023-09-25 09:15:00,1910.0,1930.0,1902.300048828125,1924.949951171875,385704
2023-09-25 13:15:00,1926.300048828125,1945.949951171875,1924.0999755859375,1939.8499755859375,239050
2023-09-26 09:15:00,1947.0,1957.0,1936.550048828125,1946.949951171875,288239
2023-09-26 13:15:00,1947.1500244140625,1959.8499755859375,1946.449951171875,1958.0,222215
2023-09-27 09:15:00,1961.0,1961.0,1930.0999755859375,1934.949951171875,170526
2023-09-27 13:15:00,1934.050048828125,1935.0999755859375,1924.1500244140625,1931.0999755859375,230684
2023-09-28 09:15:00,1931.0999755859375,1931.0999755859375,1911.9000244140625,1918.699951171875,234344
2023-09-28 13:15:00,1918.0,1925.9000244140625,1896.800048828125,1906.5,417262
2023-09-29 09:15:00,1913.75,1943.550048828125,1912.0,1941.0,251272
2023-09-29 13:15:00,1940.3499755859375,1951.0,1937.550048828125,1944.5999755859375,499521
2023-10-03 09:15:00,1930.3499755859375,1935.75,1906.6500244140625,1913.75,253006
2023-10-03 13:15:00,1912.699951171875,1926.0,1910.949951171875,1921.449951171875,221133
2023-10-04 09:15:00,1906.0,1906.75,1877.0999755859375,1884.5,298601
2023-10-04 13:15:00,1883.8499755859375,1899.300048828125,1878.5,1895.8499755859375,265908
2023-10-05 09:15:00,1904.0,1909.0,1884.050048828125,1885.6500244140625,201316
2023-10-05 13:15:00,1885.6500244140625,1892.0,1881.0,1890.699951171875,272544
2023-10-06 09:15:00,1891.300048828125,1905.9000244140625,1890.050048828125,1902.75,235954
2023-10-06 13:15:00,1902.9000244140625,1905.5,1897.9000244140625,1903.300048828125,93879
2023-10-09 09:15:00,1891.8499755859375,1896.9000244140625,1875.0999755859375,1884.9000244140625,161474
2023-10-09 13:15:00,1884.3499755859375,1892.0,1881.0,1889.0,116522
2023-10-10 09:15:00,1895.949951171875,1912.1500244140625,1886.5,1907.0999755859375,99934
2023-10-10 13:15:00,1907.0999755859375,1922.5,1906.0,1918.9000244140625,211465
2023-10-11 09:15:00,1925.5,1971.949951171875,1923.5999755859375,1966.1500244140625,320400
2023-10-11 13:15:00,1966.8499755859375,1982.4000244140625,1961.949951171875,1982.4000244140625,411573
2023-10-12 09:15:00,1987.199951171875,2021.8499755859375,1966.8499755859375,1995.0,713178
2023-10-12 13:15:00,1996.0,2006.0,1992.3499755859375,2001.800048828125,498562
2023-10-13 09:15:00,1989.949951171875,2000.5999755859375,1974.3499755859375,1977.0,133223
2023-10-13 13:15:00,1977.0,1988.0,1975.6500244140625,1982.5999755859375,115389
2023-10-16 09:15:00,1983.5,1994.800048828125,1958.0,1978.0999755859375,392998
2023-10-16 13:15:00,1978.300048828125,1979.9000244140625,1967.4000244140625,1973.699951171875,150716
2023-10-17 09:15:00,2001.1500244140625,2018.949951171875,1958.050048828125,1960.550048828125,421807
2023-10-17 13:15:00,1960.199951171875,1976.0999755859375,1958.550048828125,1975.5,529105
2023-10-18 09:15:00,1970.1500244140625,1990.949951171875,1953.1500244140625,1967.6500244140625,244826
2023-10-18 13:15:00,1968.5999755859375,1969.550048828125,1951.0,1955.699951171875,259314
2023-10-19 09:15:00,1950.550048828125,1963.949951171875,1929.8499755859375,1936.199951171875,256432
2023-10-19 13:15:00,1936.199951171875,1978.699951171875,1928.550048828125,1970.800048828125,337288
2023-10-20 09:15:00,1972.4000244140625,1976.75,1943.0,1943.9000244140625,178685
2023-10-20 13:15:00,1943.6500244140625,1947.75,1939.449951171875,1947.0,244357
2023-10-23 09:15:00,1936.0,1936.0,1907.25,1907.550048828125,262873
2023-10-23 13:15:00,1907.800048828125,1923.699951171875,1885.0,1904.0,404654
2023-10-25 09:15:00,1904.0,1919.949951171875,1870.0,1870.0,452504
2023-10-25 13:15:00,1870.6500244140625,1889.6500244140625,1869.800048828125,1877.449951171875,282850
2023-10-26 09:15:00,1871.949951171875,1873.75,1847.449951171875,1856.550048828125,412492
2023-10-26 13:15:00,1856.699951171875,1859.25,1839.699951171875,1849.550048828125,517513
2023-10-27 09:15:00,1859.0,1869.9000244140625,1850.0999755859375,1851.800048828125,99681
2023-10-27 13:15:00,1851.800048828125,1860.550048828125,1850.25,1852.550048828125,97309
2023-10-30 09:15:00,1856.050048828125,1871.800048828125,1828.050048828125,1871.3499755859375,172615
2023-10-30 13:15:00,1871.300048828125,1882.300048828125,1868.6500244140625,1879.199951171875,262868
2023-10-31 09:15:00,1883.699951171875,1891.949951171875,1865.0,1882.5,61069
2023-10-31 13:15:00,1882.5,1891.5999755859375,1876.050048828125,1886.699951171875,165310
2023-11-01 09:15:00,1896.9000244140625,1896.9000244140625,1881.050048828125,1884.5999755859375,140463
2023-11-01 13:15:00,1884.5999755859375,1895.5999755859375,1864.800048828125,1868.550048828125,118153
2023-11-02 09:15:00,1881.0999755859375,1896.800048828125,1879.0,1896.75,164228
2023-11-02 13:15:00,1896.75,1900.9000244140625,1890.0999755859375,1897.75,156380
2023-11-03 09:15:00,1909.25,1914.449951171875,1896.0,1902.25,79523
2023-11-03 13:15:00,1902.25,1903.5,1890.3499755859375,1896.199951171875,111899
2023-11-06 09:15:00,1904.800048828125,1936.550048828125,1904.800048828125,1923.75,113778
2023-11-06 13:15:00,1922.699951171875,1925.449951171875,1911.199951171875,1918.699951171875,104211
2023-11-07 09:15:00,1921.0,1925.949951171875,1912.4000244140625,1921.0,72162
2023-11-07 13:15:00,1920.4000244140625,1928.800048828125,1917.050048828125,1921.550048828125,125801
2023-11-08 09:15:00,1932.5,1943.0,1920.0,1927.550048828125,118383
2023-11-08 13:15:00,1927.949951171875,1939.949951171875,1924.9000244140625,1932.5,182972
2023-11-09 09:15:00,1937.4000244140625,1944.550048828125,1930.0,1939.449951171875,115443
2023-11-09 13:15:00,1940.0,1944.4000244140625,1931.300048828125,1935.0,136807
2023-11-10 09:15:00,1931.9000244140625,1936.0,1921.3499755859375,1935.0,40779
2023-11-10 13:15:00,1935.0,1945.949951171875,1935.0,1943.0,117055
2023-11-13 09:15:00,1945.0999755859375,1945.75,1926.050048828125,1930.0999755859375,46058
2023-11-13 13:15:00,1929.199951171875,1938.6500244140625,1922.550048828125,1927.800048828125,116050
2023-11-15 09:15:00,1937.449951171875,1964.300048828125,1936.050048828125,1942.4000244140625,388684
2023-11-15 13:15:00,1942.75,1946.449951171875,1937.4000244140625,1943.949951171875,366234
2023-11-16 09:15:00,1946.25,1946.949951171875,1913.8499755859375,1937.3499755859375,322720
2023-11-16 13:15:00,1937.300048828125,1954.3499755859375,1934.25,1942.5999755859375,457194
2023-11-17 09:15:00,1942.550048828125,1983.5999755859375,1942.550048828125,1972.5,285246
2023-11-17 13:15:00,1973.199951171875,1981.5,1964.0,1966.0,473072
2023-11-20 09:15:00,1971.5999755859375,1977.75,1954.0,1970.8499755859375,134165
2023-11-20 13:15:00,1970.0,1977.6500244140625,1966.449951171875,1972.300048828125,126718
2023-11-21 09:15:00,1972.8499755859375,1988.0,1969.0,1978.5,143205
2023-11-21 13:15:00,1977.75,1981.699951171875,1975.0,1977.449951171875,120490
2023-11-22 09:15:00,1977.0,1984.9000244140625,1963.550048828125,1970.0,145360
2023-11-22 13:15:00,1970.0,1977.1500244140625,1958.75,1974.0999755859375,139669
2023-11-23 09:15:00,1974.5999755859375,1981.25,1962.8499755859375,1970.699951171875,231836
2023-11-23 13:15:00,1970.449951171875,1973.699951171875,1951.449951171875,1956.9000244140625,166795
2023-11-24 09:15:00,1963.9000244140625,1969.449951171875,1949.699951171875,1951.449951171875,63141
2023-11-24 13:15:00,1951.449951171875,1954.050048828125,1945.449951171875,1945.949951171875,73087
2023-11-28 09:15:00,1963.25,1967.800048828125,1954.4000244140625,1959.75,277019
2023-11-28 13:15:00,1959.949951171875,1987.0,1956.8499755859375,1975.9000244140625,314084
2023-11-29 09:15:00,1987.0,1999.0,1981.050048828125,1988.050048828125,577053
2023-11-29 13:15:00,1988.050048828125,2009.0,1982.300048828125,2003.25,243752
2023-11-30 09:15:00,2009.6500244140625,2031.0,1991.050048828125,1995.199951171875,363255
2023-11-30 13:15:00,1995.199951171875,2010.5999755859375,1993.8499755859375,2005.449951171875,1072437
2023-12-01 09:15:00,2018.949951171875,2039.0,2010.5,2021.300048828125,475203
2023-12-01 13:15:00,2021.050048828125,2032.0,2008.0,2016.050048828125,245413
2023-12-04 09:15:00,2075.0,2075.0,2028.800048828125,2040.0,373771
2023-12-04 13:15:00,2040.0,2059.89990234375,2038.4000244140625,2052.949951171875,373649
2023-12-05 09:15:00,2047.4000244140625,2072.0,2039.300048828125,2065.85009765625,139887
2023-12-05 13:15:00,2066.949951171875,2078.0,2055.949951171875,2072.35009765625,312326
2023-12-06 09:15:00,2075.0,2085.0,2045.550048828125,2048.10009765625,139568
2023-12-06 13:15:00,2048.10009765625,2063.949951171875,2045.800048828125,2059.949951171875,135747
2023-12-07 09:15:00,2056.550048828125,2066.949951171875,2045.5999755859375,2065.35009765625,69880
2023-12-07 13:15:00,2065.35009765625,2089.0,2063.35009765625,2081.75,314246
2023-12-08 09:15:00,2080.949951171875,2099.300048828125,2053.35009765625,2057.699951171875,151120
2023-12-08 13:15:00,2057.449951171875,2074.949951171875,2044.5,2070.050048828125,221190
2023-12-11 09:15:00,2074.5,2084.39990234375,2068.35009765625,2073.39990234375,81966
2023-12-11 13:15:00,2072.85009765625,2087.0,2070.25,2087.0,137115
2023-12-12 09:15:00,2089.949951171875,2128.89990234375,2081.699951171875,2090.0,249828
2023-12-12 13:15:00,2089.949951171875,2090.949951171875,2076.199951171875,2079.949951171875,298997
2023-12-13 09:15:00,2086.89990234375,2092.949951171875,2037.5999755859375,2064.699951171875,272632
2023-12-13 13:15:00,2064.14990234375,2088.0,2063.699951171875,2083.949951171875,419122
2023-12-14 09:15:00,2092.0,2099.199951171875,2082.89990234375,2090.449951171875,219991
2023-12-14 13:15:00,2090.5,2111.89990234375,2090.449951171875,2103.89990234375,297620
2023-12-15 09:15:00,2119.0,2124.0,2102.0,2110.050048828125,212206
2023-12-15 13:15:00,2109.949951171875,2132.75,2107.050048828125,2127.699951171875,420801
2023-12-18 09:15:00,2121.0,2124.449951171875,2104.25,2105.949951171875,193117
2023-12-18 13:15:00,2104.5,2113.0,2102.0,2109.75,56230
2023-12-19 09:15:00,2105.0,2137.800048828125,2089.800048828125,2126.0,165660
2023-12-19 13:15:00,2124.64990234375,2130.300048828125,2110.0,2118.25,151044
2023-12-20 09:15:00,2130.0,2135.0,2098.60009765625,2104.0,225175
2023-12-20 13:15:00,2102.64990234375,2103.39990234375,2053.550048828125,2070.0,402626
2023-12-21 09:15:00,2060.0,2086.10009765625,2052.0,2085.050048828125,197335
2023-12-21 13:15:00,2085.050048828125,2090.699951171875,2071.39990234375,2089.0,131580
2023-12-22 09:15:00,2090.0,2096.60009765625,2061.550048828125,2063.5,409282
2023-12-22 13:15:00,2063.449951171875,2067.0,2036.0,2046.199951171875,592722
2023-12-26 09:15:00,2055.89990234375,2079.89990234375,2049.75,2063.75,208143
2023-12-26 13:15:00,2063.949951171875,2083.0,2061.300048828125,2069.550048828125,365280
2023-12-27 09:15:00,2081.14990234375,2104.85009765625,2074.800048828125,2104.25,424084
2023-12-27 13:15:00,2103.949951171875,2130.85009765625,2099.64990234375,2130.0,474155
2023-12-28 09:15:00,2127.0,2135.25,2106.300048828125,2113.39990234375,254794
2023-12-28 13:15:00,2112.89990234375,2148.25,2108.0,2142.800048828125,648309
2023-12-29 09:15:00,2145.0,2145.0,2115.10009765625,2119.14990234375,188949
2023-12-29 13:15:00,2118.75,2143.699951171875,2115.0,2139.800048828125,382543
2024-01-01 09:15:00,2145.0,2175.0,2142.949951171875,2148.64990234375,247934
2024-01-01 13:15:00,2148.89990234375,2161.0,2112.0,2127.300048828125,318298
2024-01-02 09:15:00,2121.25,2130.39990234375,2088.0,2101.199951171875,387304
2024-01-02 13:15:00,2101.199951171875,2112.0,2098.699951171875,2102.0,305670
2024-01-03 09:15:00,2120.0,2120.0,2066.300048828125,2087.800048828125,559592
2024-01-03 13:15:00,2087.800048828125,2091.89990234375,2067.64990234375,2072.199951171875,324085
2024-01-04 09:15:00,2092.0,2095.0,2073.550048828125,2078.199951171875,165778
2024-01-04 13:15:00,2079.14990234375,2081.75,2060.60009765625,2060.60009765625,709146
2024-01-05 09:15:00,2084.0,2085.64990234375,2056.199951171875,2065.5,335627
2024-01-05 13:15:00,2065.5,2081.89990234375,2053.60009765625,2079.0,496493
2024-01-08 09:15:00,2075.0,2083.699951171875,2058.699951171875,2067.25,206741
2024-01-08 13:15:00,2068.25,2076.0,2064.0,2076.0,234780
2024-01-09 09:15:00,2073.5,2092.60009765625,2071.14990234375,2081.300048828125,466100
2024-01-09 13:15:00,2080.89990234375,2088.800048828125,2059.25,2065.5,613572
2024-01-10 09:15:00,2055.75,2063.39990234375,2044.5999755859375,2057.300048828125,101974
2024-01-10 13:15:00,2057.199951171875,2074.0,2054.0,2068.14990234375,119711
2024-01-11 09:15:00,2072.0,2084.0,2051.0,2082.300048828125,368962
2024-01-11 13:15:00,2082.5,2096.199951171875,2078.25,2083.699951171875,351711
2024-01-12 09:15:00,2086.050048828125,2095.0,2077.39990234375,2090.89990234375,73394
2024-01-12 13:15:00,2090.89990234375,2120.89990234375,2090.0,2114.550048828125,364649
2024-01-15 09:15:00,2115.0,2122.949951171875,2093.699951171875,2106.699951171875,72580
2024-01-15 13:15:00,2106.699951171875,2106.949951171875,2096.699951171875,2097.050048828125,74215
2024-01-16 09:15:00,2095.25,2115.0,2092.050048828125,2094.550048828125,75380
2024-01-16 13:15:00,2094.75,2119.800048828125,2090.199951171875,2115.199951171875,350785
2024-01-17 09:15:00,2108.5,2115.10009765625,2056.89990234375,2068.800048828125,207295
2024-01-17 13:15:00,2068.800048828125,2073.39990234375,2064.10009765625,2070.89990234375,294164
2024-01-18 09:15:00,2067.0,2069.0,2036.199951171875,2065.199951171875,213741
2024-01-18 13:15:00,2065.050048828125,2066.64990234375,2046.949951171875,2053.64990234375,435162
2024-01-19 09:15:00,2060.0,2082.699951171875,2052.550048828125,2082.5,160149
2024-01-19 13:15:00,2082.60009765625,2094.0,2073.89990234375,2094.0,238157
2024-01-23 09:15:00,2078.10009765625,2086.10009765625,2048.800048828125,2056.550048828125,365892
2024-01-23 13:15:00,2056.550048828125,2061.10009765625,2032.5,2049.60009765625,335267
2024-01-24 09:15:00,2069.0,2073.949951171875,2017.0,2062.0,379856
2024-01-24 13:15:00,2062.0,2080.699951171875,2058.64990234375,2080.0,224252
2024-01-25 09:15:00,2079.0,2086.85009765625,2060.0,2070.39990234375,59423
2024-01-25 13:15:00,2069.35009765625,2087.35009765625,2052.35009765625,2076.5,360813
2024-01-29 09:15:00,2099.85009765625,2125.0,2087.300048828125,2092.0,337446
2024-01-29 13:15:00,2092.35009765625,2113.550048828125,2085.85009765625,2104.5,361703
2024-01-30 09:15:00,2113.800048828125,2139.0,2108.199951171875,2132.800048828125,323431
2024-01-30 13:15:00,2131.75,2139.0,2108.60009765625,2126.14990234375,404338
2024-01-31 09:15:00,2128.0,2151.0,2116.949951171875,2148.60009765625,387919
2024-01-31 13:15:00,2148.14990234375,2182.050048828125,2148.0,2160.0,522412
2024-02-01 09:15:00,2175.0,2177.449951171875,2130.64990234375,2139.800048828125,158118
2024-02-01 13:15:00,2139.85009765625,2140.64990234375,2113.0,2118.35009765625,354956
2024-02-02 09:15:00,2140.25,2169.89990234375,2136.25,2140.0,198141
2024-02-02 13:15:00,2139.449951171875,2145.89990234375,2130.5,2139.449951171875,83434
2024-02-05 09:15:00,2138.949951171875,2147.300048828125,2106.14990234375,2112.10009765625,541970
2024-02-05 13:15:00,2111.300048828125,2115.0,2081.0,2084.75,355479
2024-02-06 09:15:00,2086.699951171875,2096.89990234375,2072.300048828125,2086.60009765625,142845
2024-02-06 13:15:00,2086.64990234375,2089.0,2061.14990234375,2066.0,304974
2024-02-07 09:15:00,2079.75,2109.85009765625,2078.5,2100.10009765625,611019
2024-02-07 13:15:00,2100.10009765625,2116.800048828125,2093.050048828125,2115.199951171875,424410
2024-02-08 09:15:00,2124.949951171875,2124.949951171875,2067.800048828125,2085.60009765625,521431
2024-02-08 13:15:00,2086.5,2103.5,2049.050048828125,2057.300048828125,717328
2024-02-09 09:15:00,2050.10009765625,2166.85009765625,2047.3499755859375,2152.89990234375,1159837
2024-02-09 13:15:00,2153.949951171875,2180.949951171875,2145.0,2178.0,578879
2024-02-12 09:15:00,2175.0,2196.75,2150.699951171875,2153.64990234375,386540
2024-02-12 13:15:00,2154.0,2159.0,2138.10009765625,2147.35009765625,332915
2024-02-13 09:15:00,2173.85009765625,2173.85009765625,2053.949951171875,2063.25,461866
2024-02-13 13:15:00,2063.5,2078.550048828125,2058.14990234375,2068.550048828125,291787
2024-02-14 09:15:00,2057.800048828125,2063.449951171875,2027.5,2060.199951171875,178183
2024-02-14 13:15:00,2061.050048828125,2083.35009765625,2054.85009765625,2081.0,236246
2024-02-15 09:15:00,2085.699951171875,2095.949951171875,2072.800048828125,2095.0,231850
2024-02-15 13:15:00,2094.199951171875,2103.64990234375,2076.0,2084.800048828125,166733
2024-02-16 09:15:00,2091.39990234375,2119.0,2086.85009765625,2107.550048828125,206132
2024-02-16 13:15:00,2107.949951171875,2113.0,2095.949951171875,2105.64990234375,197407
2024-02-19 09:15:00,2107.5,2171.800048828125,2102.25,2171.0,543081
2024-02-19 13:15:00,2170.25,2190.0,2161.050048828125,2162.10009765625,498303
2024-02-20 09:15:00,2168.60009765625,2222.0,2161.300048828125,2190.699951171875,615561
2024-02-20 13:15:00,2190.75,2199.60009765625,2176.0,2195.0,307761
2024-02-21 09:15:00,2208.449951171875,2222.0,2190.0,2206.550048828125,258279
2024-02-21 13:15:00,2206.300048828125,2210.0,2180.050048828125,2194.0,301272
2024-02-22 09:15:00,2224.25,2244.0,2113.199951171875,2143.75,1306378
2024-02-22 13:15:00,2142.5,2206.89990234375,2141.75,2195.0,1356136
2024-02-23 09:15:00,2231.75,2231.75,2182.60009765625,2189.949951171875,1181647
2024-02-23 13:15:00,2189.949951171875,2198.300048828125,2184.10009765625,2194.39990234375,464837
2024-02-26 09:15:00,2207.39990234375,2210.5,2175.0,2193.199951171875,250032
2024-02-26 13:15:00,2193.5,2205.0,2183.449951171875,2186.89990234375,436260
2024-02-27 09:15:00,2194.10009765625,2213.89990234375,2194.10009765625,2200.85009765625,183171
2024-02-27 13:15:00,2200.85009765625,2209.89990234375,2191.050048828125,2207.300048828125,286087
2024-02-28 09:15:00,2202.0,2218.89990234375,2180.10009765625,2184.5,698539
2024-02-28 13:15:00,2186.25,2198.699951171875,2175.0,2175.0,308532
2024-02-29 09:15:00,2190.0,2201.5,2157.800048828125,2188.39990234375,408994
2024-02-29 13:15:00,2187.25,2206.0,2177.050048828125,2191.39990234375,1004068
2024-03-01 09:15:00,2206.949951171875,2256.0,2202.35009765625,2253.25,404347
2024-03-01 13:15:00,2253.89990234375,2259.39990234375,2247.64990234375,2254.89990234375,267559
2024-03-04 09:15:00,2245.64990234375,2254.050048828125,2226.64990234375,2231.449951171875,221018
2024-03-04 13:15:00,2231.300048828125,2238.25,2227.25,2236.800048828125,164488
2024-03-05 09:15:00,2227.050048828125,2251.60009765625,2221.0,2248.0,157734
2024-03-05 13:15:00,2247.25,2250.0,2225.300048828125,2231.5,188362
2024-03-06 09:15:00,2237.89990234375,2246.949951171875,2196.60009765625,2210.550048828125,240984
2024-03-06 13:15:00,2210.35009765625,2244.550048828125,2210.0,2236.5,353444
2024-03-07 09:15:00,2244.949951171875,2248.0,2208.0,2242.25,190643
2024-03-07 13:15:00,2242.5,2243.60009765625,2221.050048828125,2223.300048828125,264638
2024-03-11 09:15:00,2230.050048828125,2270.050048828125,2227.64990234375,2240.64990234375,239117
2024-03-11 13:15:00,2240.64990234375,2249.0,2230.35009765625,2236.800048828125,264258
2024-03-12 09:15:00,2238.0,2245.60009765625,2186.800048828125,2192.0,451914
2024-03-12 13:15:00,2191.64990234375,2202.85009765625,2174.0,2183.75,362803
2024-03-13 09:15:00,2187.85009765625,2203.050048828125,2160.050048828125,2163.10009765625,407905
2024-03-13 13:15:00,2163.60009765625,2165.949951171875,2137.300048828125,2149.10009765625,330293
2024-03-14 09:15:00,2137.199951171875,2196.0,2132.35009765625,2191.0,483772
2024-03-14 13:15:00,2191.10009765625,2204.75,2179.949951171875,2196.5,429360
2024-03-15 09:15:00,2177.699951171875,2195.300048828125,2165.050048828125,2191.89990234375,187729
2024-03-15 13:15:00,2191.89990234375,2207.10009765625,2169.60009765625,2197.10009765625,2348590
2024-03-18 09:15:00,2183.0,2214.0,2170.0,2206.10009765625,224081
2024-03-18 13:15:00,2206.10009765625,2209.25,2199.10009765625,2203.10009765625,221269
2024-03-19 09:15:00,2198.949951171875,2206.10009765625,2163.89990234375,2189.050048828125,194925
2024-03-19 13:15:00,2189.050048828125,2189.050048828125,2169.0,2173.800048828125,328222
2024-03-20 09:15:00,2176.0,2187.89990234375,2133.10009765625,2186.300048828125,353909
2024-03-20 13:15:00,2185.64990234375,2196.0,2146.699951171875,2167.5,301729
2024-03-21 09:15:00,2188.0,2207.14990234375,2175.300048828125,2197.050048828125,353557
2024-03-21 13:15:00,2197.050048828125,2210.85009765625,2188.39990234375,2205.550048828125,467342
2024-03-22 09:15:00,2194.949951171875,2213.75,2194.949951171875,2209.35009765625,227056
2024-03-22 13:15:00,2209.35009765625,2234.0,2209.35009765625,2223.550048828125,285575
2024-03-26 09:15:00,2219.550048828125,2241.300048828125,2201.64990234375,2236.5,293482
2024-03-26 13:15:00,2237.35009765625,2242.0,2233.0,2237.550048828125,367803
2024-03-27 09:15:00,2240.39990234375,2251.75,2232.0,2236.550048828125,549304
2024-03-27 13:15:00,2236.550048828125,2240.050048828125,2198.699951171875,2214.699951171875,319786
2024-03-28 09:15:00,2211.800048828125,2285.949951171875,2211.300048828125,2277.800048828125,537931
2024-03-28 13:15:00,2277.39990234375,2308.949951171875,2276.949951171875,2281.10009765625,1050888
2024-04-01 09:15:00,2299.85009765625,2318.39990234375,2297.5,2303.64990234375,85395
2024-04-01 13:15:00,2303.75,2307.75,2289.050048828125,2295.0,77243
2024-04-02 09:15:00,2300.14990234375,2311.949951171875,2275.0,2293.199951171875,130031
2024-04-02 13:15:00,2293.0,2315.75,2290.60009765625,2305.0,163499
2024-04-03 09:15:00,2296.10009765625,2316.14990234375,2288.550048828125,2307.64990234375,106694
2024-04-03 13:15:00,2306.300048828125,2312.39990234375,2300.300048828125,2302.10009765625,121554
2024-04-04 09:15:00,2304.5,2313.14990234375,2249.60009765625,2261.300048828125,352757
2024-04-04 13:15:00,2261.800048828125,2285.0,2256.25,2277.85009765625,280177
2024-04-05 09:15:00,2273.35009765625,2275.5,2235.300048828125,2241.14990234375,153904
2024-04-05 13:15:00,2241.0,2249.699951171875,2234.449951171875,2235.0,193969
2024-04-08 09:15:00,2245.85009765625,2276.5,2236.550048828125,2263.14990234375,99944
2024-04-08 13:15:00,2263.60009765625,2287.89990234375,2257.75,2280.800048828125,132104
2024-04-09 09:15:00,2288.64990234375,2312.35009765625,2282.5,2305.0,184239
2024-04-09 13:15:00,2306.0,2308.89990234375,2294.35009765625,2301.300048828125,152813
2024-04-10 09:15:00,2307.699951171875,2314.89990234375,2292.5,2304.199951171875,163185
2024-04-10 13:15:00,2304.199951171875,2313.25,2297.550048828125,2306.35009765625,257401
2024-04-12 09:15:00,2294.050048828125,2307.0,2270.0,2282.64990234375,168844
2024-04-12 13:15:00,2282.14990234375,2285.85009765625,2249.60009765625,2260.449951171875,350116
2024-04-15 09:15:00,2240.10009765625,2252.35009765625,2226.35009765625,2232.449951171875,119880
2024-04-15 13:15:00,2231.5,2244.75,2224.800048828125,2237.39990234375,198519
2024-04-16 09:15:00,2234.35009765625,2249.25,2222.050048828125,2240.699951171875,325343
2024-04-16 13:15:00,2241.10009765625,2248.5,2237.60009765625,2247.800048828125,158292
2024-04-18 09:15:00,2245.10009765625,2300.800048828125,2240.85009765625,2285.199951171875,255850
2024-04-18 13:15:00,2284.60009765625,2288.0,2220.35009765625,2239.89990234375,581512
2024-04-19 09:15:00,2219.89990234375,2276.0,2203.60009765625,2269.25,509044
2024-04-19 13:15:00,2268.39990234375,2290.75,2254.0,2273.14990234375,400391
2024-04-22 09:15:00,2274.800048828125,2286.25,2266.050048828125,2283.14990234375,117943
2024-04-22 13:15:00,2283.60009765625,2286.5,2275.0,2280.0,230626
2024-04-23 09:15:00,2278.449951171875,2368.5,2278.449951171875,2352.699951171875,771526
2024-04-23 13:15:00,2351.550048828125,2376.0,2347.35009765625,2370.14990234375,872826
2024-04-24 09:15:00,2378.0,2383.949951171875,2345.800048828125,2354.0,425013
2024-04-24 13:15:00,2354.0,2355.0,2333.0,2337.75,298157
2024-04-25 09:15:00,2345.449951171875,2375.0,2334.5,2359.199951171875,639792
2024-04-25 13:15:00,2359.199951171875,2376.050048828125,2350.449951171875,2370.0,698165
2024-04-26 09:15:00,2364.949951171875,2378.75,2335.0,2345.5,115499
2024-04-26 13:15:00,2346.5,2350.0,2330.050048828125,2338.0,208402
2024-04-29 09:15:00,2355.300048828125,2379.75,2309.60009765625,2376.300048828125,177236
2024-04-29 13:15:00,2376.300048828125,2392.0,2360.0,2385.5,291705
2024-04-30 09:15:00,2405.199951171875,2416.949951171875,2374.35009765625,2407.89990234375,232978
2024-04-30 13:15:00,2407.89990234375,2435.0,2402.199951171875,2411.64990234375,614622
2024-05-02 09:15:00,2410.5,2452.0,2410.5,2440.0,349544
2024-05-02 13:15:00,2440.0,2449.0,2431.60009765625,2437.35009765625,682216
2024-05-03 09:15:00,2450.0,2484.39990234375,2438.800048828125,2468.64990234375,321084
2024-05-03 13:15:00,2468.60009765625,2486.949951171875,2463.550048828125,2479.75,667679
2024-05-06 09:15:00,2486.949951171875,2487.0,2441.199951171875,2454.39990234375,122795
2024-05-06 13:15:00,2453.300048828125,2469.85009765625,2442.0,2454.0,353763
2024-05-07 09:15:00,2461.050048828125,2468.14990234375,2410.800048828125,2410.800048828125,239757
2024-05-07 13:15:00,2410.89990234375,2434.14990234375,2404.0,2404.0,198700
2024-05-08 09:15:00,2405.89990234375,2423.60009765625,2376.10009765625,2390.39990234375,131132
2024-05-08 13:15:00,2390.39990234375,2401.699951171875,2371.0,2372.60009765625,255075
2024-05-09 09:15:00,2383.5,2390.949951171875,2347.60009765625,2357.699951171875,167131
2024-05-09 13:15:00,2356.800048828125,2364.25,2345.449951171875,2349.10009765625,256674
2024-05-10 09:15:00,2365.89990234375,2365.89990234375,2322.39990234375,2340.949951171875,285003
2024-05-10 13:15:00,2342.14990234375,2382.699951171875,2341.0,2362.0,509506
2024-05-13 09:15:00,2384.0,2384.0,2347.14990234375,2382.050048828125,203950
2024-05-13 13:15:00,2382.699951171875,2391.949951171875,2367.5,2381.10009765625,251486
2024-05-14 09:15:00,2383.5,2396.550048828125,2362.10009765625,2377.89990234375,191391
2024-05-14 13:15:00,2377.699951171875,2382.0,2367.449951171875,2382.0,190237
2024-05-15 09:15:00,2385.0,2403.39990234375,2366.39990234375,2379.39990234375,141863
2024-05-15 13:15:00,2378.85009765625,2381.85009765625,2366.699951171875,2369.699951171875,158422
2024-05-16 09:15:00,2375.39990234375,2386.0,2328.64990234375,2341.35009765625,373319
2024-05-16 13:15:00,2341.35009765625,2382.949951171875,2310.199951171875,2382.0,636854
2024-05-17 09:15:00,2379.0,2425.550048828125,2376.89990234375,2404.949951171875,454677
2024-05-17 13:15:00,2405.0,2433.64990234375,2404.199951171875,2423.64990234375,480995
2024-05-21 09:15:00,2430.14990234375,2444.35009765625,2407.0,2437.75,220633
2024-05-21 13:15:00,2438.449951171875,2449.89990234375,2428.39990234375,2449.0,287330
2024-05-22 09:15:00,2452.60009765625,2461.89990234375,2418.449951171875,2427.5,378250
2024-05-22 13:15:00,2427.449951171875,2443.949951171875,2427.10009765625,2432.300048828125,205499
2024-05-23 09:15:00,2447.050048828125,2448.85009765625,2396.0,2434.550048828125,326105
2024-05-23 13:15:00,2433.75,2461.75,2422.0,2435.14990234375,451559
2024-05-24 09:15:00,2446.10009765625,2474.75,2436.25,2462.39990234375,284406
2024-05-24 13:15:00,2462.0,2463.60009765625,2431.60009765625,2441.0,198574
2024-05-27 09:15:00,2447.60009765625,2454.35009765625,2390.39990234375,2392.10009765625,423071
2024-05-27 13:15:00,2392.0,2398.199951171875,2386.699951171875,2391.89990234375,331827
2024-05-28 09:15:00,2395.550048828125,2429.0,2395.550048828125,2428.449951171875,353528
2024-05-28 13:15:00,2428.449951171875,2449.449951171875,2427.64990234375,2437.0,417723
2024-05-29 09:15:00,2431.89990234375,2459.949951171875,2417.14990234375,2458.64990234375,446369
2024-05-29 13:15:00,2458.64990234375,2459.89990234375,2393.300048828125,2400.60009765625,514710
2024-05-30 09:15:00,2400.64990234375,2400.64990234375,2347.60009765625,2351.0,209706
2024-05-30 13:15:00,2352.0,2354.050048828125,2328.0,2345.199951171875,493263
2024-05-31 09:15:00,2341.0,2362.0,2333.199951171875,2338.0,130078
2024-05-31 13:15:00,2337.550048828125,2346.35009765625,2296.5,2324.60009765625,1271032
2024-06-03 09:15:00,2376.800048828125,2405.199951171875,2363.199951171875,2380.0,275956
2024-06-03 13:15:00,2380.0,2386.0,2365.699951171875,2375.0,338366
2024-06-04 09:15:00,2364.85009765625,2364.85009765625,2174.050048828125,2259.10009765625,719571
2024-06-04 13:15:00,2259.0,2287.5,2231.39990234375,2256.39990234375,606386
2024-06-05 09:15:00,2244.39990234375,2264.0,2182.14990234375,2262.199951171875,878169
2024-06-05 13:15:00,2261.0,2313.75,2249.300048828125,2304.85009765625,733936
2024-06-06 09:15:00,2305.0,2353.0,2293.10009765625,2310.64990234375,259381
2024-06-06 13:15:00,2310.60009765625,2340.0,2309.35009765625,2334.75,394950
2024-06-07 09:15:00,2325.64990234375,2367.0,2321.050048828125,2358.64990234375,112583
2024-06-07 13:15:00,2357.300048828125,2383.449951171875,2350.64990234375,2375.0,255466
2024-06-10 09:15:00,2387.949951171875,2470.0,2378.14990234375,2460.14990234375,452971
2024-06-10 13:15:00,2460.14990234375,2472.0,2435.64990234375,2446.800048828125,324246
2024-06-11 09:15:00,2446.5,2467.0,2426.39990234375,2462.0,146604
2024-06-11 13:15:00,2462.64990234375,2482.0,2442.14990234375,2456.89990234375,275550
2024-06-12 09:15:00,2430.10009765625,2476.5,2430.10009765625,2465.89990234375,143524
2024-06-12 13:15:00,2465.949951171875,2471.39990234375,2446.0,2450.14990234375,215923
2024-06-13 09:15:00,2444.89990234375,2474.10009765625,2430.0,2446.0,85855
2024-06-13 13:15:00,2446.0,2462.0,2439.35009765625,2458.050048828125,248796
2024-06-14 09:15:00,2454.5,2523.64990234375,2454.5,2480.25,698764
2024-06-14 13:15:00,2480.050048828125,2484.0,2463.39990234375,2467.050048828125,331193
2024-06-18 09:15:00,2469.800048828125,2486.39990234375,2454.0,2457.449951171875,108322
2024-06-18 13:15:00,2457.39990234375,2462.5,2445.0,2457.0,265716
2024-06-19 09:15:00,2458.0,2458.0,2412.199951171875,2440.25,171425
2024-06-19 13:15:00,2441.199951171875,2458.0,2438.0,2447.14990234375,424766
2024-06-20 09:15:00,2449.949951171875,2472.0,2432.5,2467.0,299076
2024-06-20 13:15:00,2466.949951171875,2504.0,2465.0,2502.0,591339
2024-06-21 09:15:00,2499.050048828125,2515.60009765625,2458.0,2464.0,216740
2024-06-21 13:15:00,2463.75,2487.0,2451.10009765625,2469.699951171875,2503669
2024-06-24 09:15:00,2452.199951171875,2498.0,2448.199951171875,2496.10009765625,211996
2024-06-24 13:15:00,2496.10009765625,2521.75,2493.199951171875,2513.60009765625,411303
2024-06-25 09:15:00,2522.85009765625,2529.85009765625,2495.0,2515.10009765625,298471
2024-06-25 13:15:00,2515.14990234375,2522.0,2511.0,2512.60009765625,250584
2024-06-26 09:15:00,2518.800048828125,2564.0,2509.800048828125,2535.0,469808
2024-06-26 13:15:00,2535.050048828125,2559.0,2531.64990234375,2557.89990234375,524458
2024-06-27 09:15:00,2564.89990234375,2646.64990234375,2564.89990234375,2625.75,2118035
2024-06-27 13:15:00,2625.050048828125,2654.5,2621.14990234375,2637.60009765625,1345178
2024-06-28 09:15:00,2633.949951171875,2662.449951171875,2587.60009765625,2660.0,406292
2024-06-28 13:15:00,2660.050048828125,2678.35009765625,2655.0,2670.449951171875,818810
2024-07-01 09:15:00,2668.949951171875,2722.64990234375,2667.300048828125,2705.64990234375,261208
2024-07-01 13:15:00,2706.25,2743.199951171875,2703.60009765625,2725.0,633645
2024-07-02 09:15:00,2726.10009765625,2761.550048828125,2726.10009765625,2737.949951171875,520930
2024-07-02 13:15:00,2737.5,2754.949951171875,2731.10009765625,2745.800048828125,207532
2024-07-03 09:15:00,2749.949951171875,2761.10009765625,2733.10009765625,2755.0,245641
2024-07-03 13:15:00,2755.14990234375,2755.89990234375,2735.0,2742.35009765625,82502
2024-07-04 09:15:00,2744.949951171875,2752.75,2717.10009765625,2734.300048828125,240694
2024-07-04 13:15:00,2734.64990234375,2743.0,2725.0,2734.85009765625,205818
2024-07-05 09:15:00,2730.0,2754.800048828125,2720.5,2754.800048828125,109775
2024-07-05 13:15:00,2753.800048828125,2755.5,2732.050048828125,2752.0,203757
2024-07-08 09:15:00,2749.800048828125,2754.0,2718.0,2725.5,83980
2024-07-08 13:15:00,2728.050048828125,2748.0,2716.050048828125,2738.300048828125,198094
2024-07-09 09:15:00,2739.949951171875,2747.300048828125,2719.0,2726.35009765625,105428
2024-07-09 13:15:00,2725.64990234375,2785.949951171875,2725.39990234375,2785.0,275108
2024-07-10 09:15:00,2788.449951171875,2811.0,2741.60009765625,2793.35009765625,786952
2024-07-10 13:15:00,2793.39990234375,2807.60009765625,2780.199951171875,2799.0,340768
2024-07-11 09:15:00,2819.10009765625,2836.14990234375,2791.60009765625,2793.75,1126262
2024-07-11 13:15:00,2793.699951171875,2809.89990234375,2792.0,2807.89990234375,552719
2024-07-12 09:15:00,2805.800048828125,2847.0,2805.800048828125,2834.5,967857
2024-07-12 13:15:00,2834.5,2850.0,2833.550048828125,2843.75,489744
2024-07-15 09:15:00,2843.25,2850.550048828125,2788.800048828125,2814.050048828125,392162
2024-07-15 13:15:00,2814.0,2814.60009765625,2797.300048828125,2800.5,242116
2024-07-16 09:15:00,2813.39990234375,2839.0,2813.39990234375,2832.699951171875,301105
2024-07-16 13:15:00,2832.64990234375,2844.75,2822.39990234375,2824.64990234375,316727
2024-07-18 09:15:00,2818.800048828125,2845.800048828125,2777.5,2793.0,553726
2024-07-18 13:15:00,2793.0,2809.10009765625,2778.949951171875,2791.800048828125,528268
2024-07-19 09:15:00,2784.050048828125,2785.699951171875,2750.0,2753.0,210937
2024-07-19 13:15:00,2753.0,2760.0,2735.0,2743.0,213389
2024-07-22 09:15:00,2718.699951171875,2811.89990234375,2718.699951171875,2775.10009765625,332604
2024-07-22 13:15:00,2776.199951171875,2820.0,2775.800048828125,2811.550048828125,461389
2024-07-23 09:15:00,2815.64990234375,2850.39990234375,2774.85009765625,2814.550048828125,725028
2024-07-23 13:15:00,2812.14990234375,2836.0,2799.64990234375,2823.050048828125,226033
2024-07-24 09:15:00,2824.35009765625,2824.35009765625,2775.050048828125,2802.75,269861
2024-07-24 13:15:00,2802.85009765625,2823.949951171875,2780.0,2812.949951171875,2610802
2024-07-25 09:15:00,2791.449951171875,2822.10009765625,2771.550048828125,2797.10009765625,222098
2024-07-25 13:15:00,2798.050048828125,2809.550048828125,2790.199951171875,2797.550048828125,170936
2024-07-26 09:15:00,2820.0,2865.5,2808.5,2852.14990234375,298428
2024-07-26 13:15:00,2852.25,2877.75,2834.64990234375,2849.0,402780
2024-07-29 09:15:00,2856.5,2859.949951171875,2824.800048828125,2830.5,217138
2024-07-29 13:15:00,2830.89990234375,2841.449951171875,2820.050048828125,2828.199951171875,163649
2024-07-30 09:15:00,2822.449951171875,2826.35009765625,2795.75,2796.550048828125,416642
2024-07-30 13:15:00,2796.550048828125,2809.949951171875,2784.64990234375,2789.39990234375,304623
2024-07-31 09:15:00,2798.64990234375,2798.64990234375,2770.550048828125,2777.14990234375,272549
2024-07-31 13:15:00,2776.60009765625,2791.699951171875,2763.800048828125,2777.0,389357
2024-08-01 09:15:00,2784.949951171875,2787.75,2762.300048828125,2769.89990234375,85496
2024-08-01 13:15:00,2768.64990234375,2773.14990234375,2753.64990234375,2760.0,214474
2024-08-02 09:15:00,2744.699951171875,2756.14990234375,2723.75,2725.300048828125,237604
2024-08-02 13:15:00,2726.0,2734.14990234375,2702.0,2702.0,163433
2024-08-05 09:15:00,2670.14990234375,2675.0,2587.75,2603.35009765625,667318
2024-08-05 13:15:00,2604.699951171875,2634.800048828125,2604.699951171875,2615.0,240237
2024-08-06 09:15:00,2630.0,2679.0,2628.89990234375,2644.300048828125,357302
2024-08-06 13:15:00,2644.199951171875,2650.89990234375,2610.199951171875,2620.5,303904
2024-08-07 09:15:00,2642.050048828125,2659.39990234375,2632.449951171875,2649.699951171875,161114
2024-08-07 13:15:00,2650.050048828125,2652.60009765625,2633.75,2637.050048828125,211303
2024-08-08 09:15:00,2625.39990234375,2629.050048828125,2559.300048828125,2561.300048828125,694585
2024-08-08 13:15:00,2561.89990234375,2565.800048828125,2531.10009765625,2544.64990234375,504329
2024-08-09 09:15:00,2558.10009765625,2638.949951171875,2546.699951171875,2623.449951171875,391402
2024-08-09 13:15:00,2623.550048828125,2638.5,2540.300048828125,2571.0,1897921
2024-08-12 09:15:00,2569.949951171875,2620.0,2569.949951171875,2591.89990234375,507802
2024-08-12 13:15:00,2591.85009765625,2595.25,2565.14990234375,2571.10009765625,416230
2024-08-13 09:15:00,2572.0,2576.35009765625,2517.75,2532.10009765625,519270
2024-08-13 13:15:00,2531.0,2536.0,2512.39990234375,2522.0,265507
2024-08-14 09:15:00,2521.5,2534.35009765625,2507.10009765625,2513.5,163900
2024-08-14 13:15:00,2514.050048828125,2519.85009765625,2505.449951171875,2515.0,122447
2024-08-16 09:15:00,2524.0,2575.0,2524.0,2562.949951171875,357183
2024-08-16 13:15:00,2563.0,2607.449951171875,2560.800048828125,2603.949951171875,236410
2024-08-19 09:15:00,2625.75,2625.75,2557.050048828125,2576.949951171875,259680
2024-08-19 13:15:00,2576.75,2602.0,2570.25,2598.39990234375,252294
2024-08-20 09:15:00,2601.5,2630.5,2590.14990234375,2627.199951171875,211414
2024-08-20 13:15:00,2627.25,2647.699951171875,2626.699951171875,2635.949951171875,351673
2024-08-21 09:15:00,2630.85009765625,2659.5,2626.199951171875,2651.25,309840
2024-08-21 13:15:00,2652.35009765625,2692.0,2649.75,2689.89990234375,547574
2024-08-22 09:15:00,2700.699951171875,2772.949951171875,2698.449951171875,2750.949951171875,727627
2024-08-22 13:15:00,2750.89990234375,2761.0,2748.35009765625,2755.14990234375,596891
2024-08-23 09:15:00,2769.0,2780.0,2706.949951171875,2745.60009765625,420738
2024-08-23 13:15:00,2745.0,2752.64990234375,2732.050048828125,2747.699951171875,403759
2024-08-26 09:15:00,2758.39990234375,2758.39990234375,2713.89990234375,2738.800048828125,214281
2024-08-26 13:15:00,2738.75,2741.949951171875,2725.550048828125,2730.0,164417
2024-08-27 09:15:00,2737.050048828125,2741.449951171875,2700.0,2715.0,158099
2024-08-27 13:15:00,2715.0,2721.75,2697.35009765625,2699.89990234375,242955
2024-08-28 09:15:00,2696.10009765625,2719.949951171875,2684.050048828125,2705.800048828125,322292
2024-08-28 13:15:00,2705.050048828125,2722.25,2698.199951171875,2715.550048828125,569024
2024-08-29 09:15:00,2713.199951171875,2713.199951171875,2663.0,2668.0,334091
2024-08-29 13:15:00,2668.0,2686.0,2640.25,2675.0,607675
2024-08-30 09:15:00,2684.300048828125,2706.0,2680.0,2701.0,207668
2024-08-30 13:15:00,2701.050048828125,2707.5,2689.60009765625,2694.0,786937
2024-09-02 09:15:00,2713.699951171875,2729.449951171875,2675.550048828125,2686.050048828125,457592
2024-09-02 13:15:00,2686.050048828125,2694.85009765625,2680.0,2690.800048828125,161821
2024-09-03 09:15:00,2693.64990234375,2703.85009765625,2683.5,2693.449951171875,167851
2024-09-03 13:15:00,2693.199951171875,2709.949951171875,2693.14990234375,2702.39990234375,256597
2024-09-04 09:15:00,2689.550048828125,2746.949951171875,2689.550048828125,2740.89990234375,419080
2024-09-04 13:15:00,2740.0,2763.949951171875,2738.39990234375,2757.64990234375,487190
2024-09-05 09:15:00,2769.89990234375,2773.300048828125,2735.300048828125,2756.75,276903
2024-09-05 13:15:00,2756.75,2757.60009765625,2736.0,2741.60009765625,139652
2024-09-06 09:15:00,2740.0,2744.60009765625,2680.5,2681.64990234375,261495
2024-09-06 13:15:00,2681.5,2700.0,2675.0,2692.85009765625,226634
2024-09-09 09:15:00,2680.0,2707.75,2674.050048828125,2704.199951171875,51566
2024-09-09 13:15:00,2703.35009765625,2714.199951171875,2693.050048828125,2710.35009765625,104855
2024-09-10 09:15:00,2700.0,2715.14990234375,2677.300048828125,2702.60009765625,204573
2024-09-10 13:15:00,2702.60009765625,2714.449951171875,2694.550048828125,2702.550048828125,177859
2024-09-11 09:15:00,2707.800048828125,2729.5,2687.35009765625,2727.60009765625,197833
2024-09-11 13:15:00,2726.5,2728.25,2674.199951171875,2681.14990234375,150004
2024-09-12 09:15:00,2687.25,2713.800048828125,2678.75,2710.39990234375,201316
2024-09-12 13:15:00,2710.0,2765.0,2706.89990234375,2757.10009765625,689243
2024-09-13 09:15:00,2760.10009765625,2790.0,2748.39990234375,2774.300048828125,288962
2024-09-13 13:15:00,2775.0,2795.0,2772.39990234375,2780.0,237662
2024-09-16 09:15:00,2799.0,2819.050048828125,2779.699951171875,2781.0,160296
2024-09-16 13:15:00,2781.199951171875,2783.0,2757.300048828125,2765.300048828125,127477
2024-09-17 09:15:00,2769.0,2777.300048828125,2730.0,2755.25,121778
2024-09-17 13:15:00,2755.39990234375,2767.10009765625,2745.0,2745.0,130977
2024-09-18 09:15:00,2728.14990234375,2776.050048828125,2728.14990234375,2730.85009765625,108563
2024-09-18 13:15:00,2729.75,2740.199951171875,2715.0,2729.10009765625,151311
2024-09-19 09:15:00,2749.64990234375,2775.0,2723.0,2727.14990234375,119672
2024-09-19 13:15:00,2727.14990234375,2754.699951171875,2722.300048828125,2738.949951171875,253997
2024-09-20 09:15:00,2754.0,2755.300048828125,2696.199951171875,2725.550048828125,486560
2024-09-20 13:15:00,2725.550048828125,2725.64990234375,2666.0,2674.949951171875,2197338
2024-09-23 09:15:00,2703.949951171875,2703.949951171875,2670.0,2671.0,202711
2024-09-23 13:15:00,2671.800048828125,2677.14990234375,2665.0,2670.0,394975
2024-09-24 09:15:00,2672.449951171875,2694.699951171875,2620.0,2621.449951171875,729508
2024-09-24 13:15:00,2621.10009765625,2632.5,2610.60009765625,2619.300048828125,596579
2024-09-25 09:15:00,2623.0,2651.550048828125,2583.949951171875,2651.14990234375,579827
2024-09-25 13:15:00,2650.050048828125,2666.0,2639.10009765625,2662.0,303379
2024-09-26 09:15:00,2673.800048828125,2703.10009765625,2656.25,2700.85009765625,383017
2024-09-26 13:15:00,2700.14990234375,2750.0,2700.0,2745.85009765625,652859
2024-09-27 09:15:00,2745.89990234375,2807.0,2745.89990234375,2782.10009765625,677643
2024-09-27 13:15:00,2782.10009765625,2805.800048828125,2765.949951171875,2783.14990234375,448734
2024-09-30 09:15:00,2783.14990234375,2824.0,2766.449951171875,2811.89990234375,369417
2024-09-30 13:15:00,2811.85009765625,2817.89990234375,2789.64990234375,2795.550048828125,297067
2024-10-01 09:15:00,2794.949951171875,2812.050048828125,2755.0,2779.89990234375,207059
2024-10-01 13:15:00,2779.85009765625,2808.0,2777.050048828125,2805.14990234375,235638
2024-10-03 09:15:00,2779.85009765625,2832.89990234375,2769.0,2773.0,459434
2024-10-03 13:15:00,2773.89990234375,2777.550048828125,2752.10009765625,2766.14990234375,317016
2024-10-04 09:15:00,2774.89990234375,2788.800048828125,2738.050048828125,2761.75,252166
2024-10-04 13:15:00,2760.10009765625,2771.85009765625,2731.050048828125,2745.10009765625,386228
2024-10-07 09:15:00,2769.949951171875,2769.949951171875,2720.25,2741.050048828125,328696
2024-10-07 13:15:00,2741.050048828125,2743.85009765625,2700.0,2720.5,325712
2024-10-08 09:15:00,2715.25,2745.14990234375,2707.550048828125,2735.35009765625,228906
2024-10-08 13:15:00,2735.35009765625,2745.0,2721.5,2738.199951171875,273891
2024-10-09 09:15:00,2750.0,2750.0,2713.0,2736.949951171875,258275
2024-10-09 13:15:00,2736.949951171875,2740.0,2710.0,2715.75,231673
2024-10-10 09:15:00,2718.050048828125,2738.10009765625,2711.10009765625,2721.699951171875,144950
2024-10-10 13:15:00,2721.699951171875,2729.75,2711.25,2722.449951171875,177918
2024-10-11 09:15:00,2729.949951171875,2730.60009765625,2686.050048828125,2705.5,95102
2024-10-11 13:15:00,2705.0,2731.699951171875,2704.89990234375,2725.550048828125,89230
2024-10-14 09:15:00,2737.449951171875,2737.449951171875,2702.89990234375,2709.699951171875,75585
2024-10-14 13:15:00,2709.699951171875,2730.949951171875,2708.60009765625,2723.60009765625,95468
2024-10-15 09:15:00,2718.10009765625,2747.39990234375,2701.550048828125,2709.39990234375,221708
2024-10-15 13:15:00,2709.39990234375,2740.699951171875,2708.0,2735.800048828125,227806
2024-10-16 09:15:00,2732.199951171875,2778.949951171875,2727.75,2765.800048828125,390364
2024-10-16 13:15:00,2765.89990234375,2784.0,2754.449951171875,2764.10009765625,263831
2024-10-17 09:15:00,2780.14990234375,2788.85009765625,2719.14990234375,2720.75,190325
2024-10-17 13:15:00,2720.75,2722.75,2686.050048828125,2705.85009765625,187538
2024-10-18 09:15:00,2704.89990234375,2748.25,2678.800048828125,2736.39990234375,131636
2024-10-18 13:15:00,2738.300048828125,2765.949951171875,2736.699951171875,2760.949951171875,146268
2024-10-21 09:15:00,2753.699951171875,2756.10009765625,2714.75,2732.14990234375,110639
2024-10-21 13:15:00,2732.64990234375,2750.0,2712.0,2718.25,164246
2024-10-22 09:15:00,2718.10009765625,2744.5,2676.0,2683.60009765625,155471
2024-10-22 13:15:00,2683.199951171875,2683.25,2646.35009765625,2650.0,168280
2024-10-23 09:15:00,2654.050048828125,2676.699951171875,2625.949951171875,2652.300048828125,505391
2024-10-23 13:15:00,2652.35009765625,2659.949951171875,2627.550048828125,2633.199951171875,279905
2024-10-24 09:15:00,2644.89990234375,2695.60009765625,2617.5,2663.0,297877
2024-10-24 13:15:00,2663.89990234375,2676.5,2661.050048828125,2666.699951171875,387845
2024-10-25 09:15:00,2665.0,2675.0,2603.75,2610.0,352301
2024-10-25 13:15:00,2610.0,2627.699951171875,2600.800048828125,2620.050048828125,261938
2024-10-28 09:15:00,2610.800048828125,2664.449951171875,2594.300048828125,2659.35009765625,360360
2024-10-28 13:15:00,2659.699951171875,2664.050048828125,2635.10009765625,2642.800048828125,298313
2024-10-29 09:15:00,2667.60009765625,2682.5,2650.050048828125,2670.199951171875,366267
2024-10-29 13:15:00,2670.0,2689.10009765625,2663.0,2683.0,245570
2024-10-30 09:15:00,2693.949951171875,2708.60009765625,2668.10009765625,2691.25,143530
2024-10-30 13:15:00,2692.39990234375,2703.85009765625,2666.199951171875,2672.550048828125,277168
2024-10-31 09:15:00,2655.0,2698.0,2645.0,2674.85009765625,89960
2024-10-31 13:15:00,2674.35009765625,2703.949951171875,2672.550048828125,2695.85009765625,172454
2024-11-04 09:15:00,2691.75,2695.449951171875,2578.550048828125,2592.60009765625,179948
2024-11-04 13:15:00,2592.75,2600.0,2583.0,2596.949951171875,245264
2024-11-05 09:15:00,2590.0,2634.050048828125,2589.60009765625,2612.449951171875,134582
2024-11-05 13:15:00,2612.5,2661.39990234375,2611.10009765625,2650.949951171875,674767
2024-11-06 09:15:00,2655.64990234375,2666.0,2620.699951171875,2648.39990234375,174351
2024-11-06 13:15:00,2648.550048828125,2655.25,2635.0,2645.949951171875,197719
2024-11-07 09:15:00,2632.050048828125,2646.300048828125,2552.64990234375,2576.64990234375,211290
2024-11-07 13:15:00,2576.800048828125,2582.949951171875,2554.199951171875,2565.0,161790
2024-11-08 09:15:00,2564.75,2581.199951171875,2545.35009765625,2575.14990234375,149485
2024-11-08 13:15:00,2575.550048828125,2575.550048828125,2541.14990234375,2544.85009765625,351063
2024-11-11 09:15:00,2528.0,2553.85009765625,2512.199951171875,2519.14990234375,167638
2024-11-11 13:15:00,2518.449951171875,2529.0,2506.75,2519.5,119286
2024-11-12 09:15:00,2525.0,2546.25,2514.800048828125,2518.199951171875,224005
2024-11-12 13:15:00,2518.0,2529.0,2511.0,2521.199951171875,219976
2024-11-13 09:15:00,2520.050048828125,2533.0,2472.050048828125,2511.85009765625,441774
2024-11-13 13:15:00,2511.699951171875,2532.699951171875,2490.10009765625,2502.89990234375,915294
2024-11-14 09:15:00,2502.949951171875,2529.0,2492.0,2515.60009765625,227136
2024-11-14 13:15:00,2514.64990234375,2538.0,2508.60009765625,2523.949951171875,283024
2024-11-18 09:15:00,2500.0,2552.449951171875,2479.64990234375,2530.0,574257
2024-11-18 13:15:00,2530.0,2535.64990234375,2506.10009765625,2517.14990234375,522490
2024-11-19 09:15:00,2517.89990234375,2550.0,2513.75,2548.5,159044
2024-11-19 13:15:00,2548.0,2552.0,2500.0,2507.0,212140
2024-11-21 09:15:00,2491.14990234375,2555.64990234375,2482.199951171875,2553.64990234375,225307
2024-11-21 13:15:00,2554.0,2555.0,2527.10009765625,2531.85009765625,356123
2024-11-22 09:15:00,2541.0,2609.89990234375,2538.0,2600.0,311761
2024-11-22 13:15:00,2599.60009765625,2609.449951171875,2590.449951171875,2598.64990234375,304288
2024-11-25 09:15:00,2615.050048828125,2635.39990234375,2600.35009765625,2614.89990234375,163226
2024-11-25 13:15:00,2614.199951171875,2639.89990234375,2610.35009765625,2639.0,678432
2024-11-26 09:15:00,2632.0,2639.550048828125,2603.050048828125,2612.800048828125,130691
2024-11-26 13:15:00,2611.60009765625,2623.35009765625,2608.60009765625,2610.0,58468
2024-11-27 09:15:00,2617.050048828125,2629.0,2595.0,2627.85009765625,142713
2024-11-27 13:15:00,2627.949951171875,2633.800048828125,2615.0,2621.89990234375,153723
2024-11-28 09:15:00,2628.0,2635.10009765625,2568.550048828125,2586.0,409131
2024-11-28 13:15:00,2586.0,2587.949951171875,2554.39990234375,2570.449951171875,582246
2024-11-29 09:15:00,2564.85009765625,2621.60009765625,2559.60009765625,2611.14990234375,239498
2024-11-29 13:15:00,2611.14990234375,2630.449951171875,2601.25,2604.60009765625,327894
2024-12-02 09:15:00,2597.10009765625,2707.0,2597.10009765625,2692.949951171875,653234
2024-12-02 13:15:00,2692.949951171875,2709.0,2679.64990234375,2693.550048828125,333760
2024-12-03 09:15:00,2690.0,2726.949951171875,2683.199951171875,2722.85009765625,225532
2024-12-03 13:15:00,2722.85009765625,2728.89990234375,2705.0,2714.0,225798
2024-12-04 09:15:00,2701.0,2724.25,2695.10009765625,2721.89990234375,241456
2024-12-04 13:15:00,2721.10009765625,2724.449951171875,2710.5,2717.300048828125,261851
2024-12-05 09:15:00,2732.75,2732.75,2669.39990234375,2715.0,173859
2024-12-05 13:15:00,2715.0,2733.5,2672.14990234375,2706.800048828125,468288
2024-12-06 09:15:00,2710.050048828125,2717.5,2693.64990234375,2710.35009765625,66815
2024-12-06 13:15:00,2711.39990234375,2720.0,2697.699951171875,2701.89990234375,256926
2024-12-09 09:15:00,2700.0,2711.300048828125,2669.0,2684.800048828125,186521
2024-12-09 13:15:00,2683.550048828125,2689.0,2673.050048828125,2682.699951171875,141201
2024-12-10 09:15:00,2685.949951171875,2685.949951171875,2641.10009765625,2644.85009765625,212151
2024-12-10 13:15:00,2645.10009765625,2659.25,2642.89990234375,2655.300048828125,309509
2024-12-11 09:15:00,2665.0,2699.89990234375,2665.0,2680.0,115508
2024-12-11 13:15:00,2680.0,2684.199951171875,2664.25,2670.75,104413
2024-12-12 09:15:00,2680.0,2680.0,2640.0,2652.25,114719
2024-12-12 13:15:00,2652.5,2666.699951171875,2648.050048828125,2656.949951171875,201668
2024-12-13 09:15:00,2641.0,2687.949951171875,2620.5,2687.10009765625,142703
2024-12-13 13:15:00,2686.550048828125,2700.0,2680.14990234375,2699.0,215432
2024-12-16 09:15:00,2700.800048828125,2708.949951171875,2672.25,2682.050048828125,98530
2024-12-16 13:15:00,2682.550048828125,2688.64990234375,2677.35009765625,2685.14990234375,156989
2024-12-17 09:15:00,2677.0,2678.550048828125,2617.85009765625,2623.300048828125,385657
2024-12-17 13:15:00,2622.949951171875,2629.75,2595.800048828125,2599.0,396578
2024-12-18 09:15:00,2606.949951171875,2615.699951171875,2576.25,2599.64990234375,201432
2024-12-18 13:15:00,2599.64990234375,2599.699951171875,2581.60009765625,2594.14990234375,168168
2024-12-19 09:15:00,2577.89990234375,2593.89990234375,2533.89990234375,2538.25,164429
2024-12-19 13:15:00,2538.25,2545.449951171875,2527.25,2538.89990234375,204366
2024-12-20 09:15:00,2536.39990234375,2544.39990234375,2512.85009765625,2515.85009765625,121213
2024-12-20 13:15:00,2515.85009765625,2527.85009765625,2479.75,2488.699951171875,561202
2024-12-23 09:15:00,2504.14990234375,2553.699951171875,2502.64990234375,2509.39990234375,169867
2024-12-23 13:15:00,2509.60009765625,2535.0,2498.89990234375,2526.199951171875,141145
2024-12-24 09:15:00,2519.64990234375,2538.5,2514.550048828125,2519.35009765625,125350
2024-12-24 13:15:00,2519.300048828125,2530.0,2495.050048828125,2529.300048828125,208202
2024-12-26 09:15:00,2501.800048828125,2518.14990234375,2481.949951171875,2484.60009765625,212717
2024-12-26 13:15:00,2484.699951171875,2495.75,2473.25,2485.0,284394
2024-12-27 09:15:00,2489.949951171875,2520.35009765625,2475.300048828125,2485.85009765625,281200
2024-12-27 13:15:00,2483.0,2490.85009765625,2476.199951171875,2480.300048828125,81718
2024-12-30 09:15:00,2489.0,2489.0,2453.39990234375,2474.0,518771
2024-12-30 13:15:00,2474.0,2479.199951171875,2436.050048828125,2445.0,201437
2024-12-31 09:15:00,2435.25,2441.85009765625,2413.10009765625,2414.89990234375,170922
2024-12-31 13:15:00,2414.0,2447.0,2414.0,2442.699951171875,289819
2025-01-01 09:15:00,2441.949951171875,2471.89990234375,2426.0,2462.89990234375,248126
2025-01-01 13:15:00,2462.89990234375,2473.75,2438.5,2446.75,220638
2025-01-02 09:15:00,2447.050048828125,2546.449951171875,2447.050048828125,2542.050048828125,394435
2025-01-02 13:15:00,2542.39990234375,2559.39990234375,2538.0,2543.949951171875,488068
2025-01-03 09:15:00,2541.199951171875,2553.89990234375,2516.0,2518.5,326675
2025-01-03 13:15:00,2519.64990234375,2520.699951171875,2501.10009765625,2510.0,204322
2025-01-06 09:15:00,2517.0,2527.949951171875,2452.39990234375,2485.5,132926
2025-01-06 13:15:00,2485.0,2485.699951171875,2445.75,2460.550048828125,209329
2025-01-07 09:15:00,2468.949951171875,2497.0,2460.64990234375,2471.85009765625,204843
2025-01-07 13:15:00,2472.89990234375,2479.10009765625,2460.300048828125,2471.0,246621
2025-01-08 09:15:00,2467.300048828125,2472.60009765625,2433.14990234375,2434.449951171875,164789
2025-01-08 13:15:00,2434.35009765625,2448.75,2433.14990234375,2434.5,329196
2025-01-09 09:15:00,2433.5,2433.5,2396.85009765625,2419.949951171875,262041
2025-01-09 13:15:00,2419.949951171875,2423.5,2406.35009765625,2410.39990234375,429558
2025-01-10 09:15:00,2414.85009765625,2414.85009765625,2358.449951171875,2372.64990234375,142059
2025-01-10 13:15:00,2373.550048828125,2382.0,2353.25,2364.10009765625,198281
2025-01-13 09:15:00,2340.0,2340.0,2301.25,2307.85009765625,168471
2025-01-13 13:15:00,2307.89990234375,2308.800048828125,2276.949951171875,2290.0,183253
2025-01-14 09:15:00,2306.25,2330.449951171875,2294.14990234375,2303.0,570421
2025-01-14 13:15:00,2301.949951171875,2317.300048828125,2294.949951171875,2310.60009765625,210593
2025-01-15 09:15:00,2330.0,2349.75,2296.800048828125,2331.050048828125,395639
2025-01-15 13:15:00,2331.050048828125,2331.050048828125,2308.0,2317.550048828125,187626
2025-01-16 09:15:00,2330.0,2357.0,2313.35009765625,2350.64990234375,462726
2025-01-16 13:15:00,2350.89990234375,2359.75,2345.050048828125,2350.699951171875,809104
2025-01-17 09:15:00,2360.0,2386.75,2349.699951171875,2370.300048828125,163955
2025-01-17 13:15:00,2370.949951171875,2380.550048828125,2359.85009765625,2375.699951171875,192315
2025-01-20 09:15:00,2384.75,2405.949951171875,2373.0,2405.0,313109
2025-01-20 13:15:00,2405.050048828125,2410.64990234375,2397.64990234375,2398.050048828125,209774
2025-01-21 09:15:00,2405.64990234375,2426.5,2374.050048828125,2386.449951171875,112546
2025-01-21 13:15:00,2386.199951171875,2391.25,2361.64990234375,2376.0,118614
2025-01-22 09:15:00,2387.949951171875,2393.85009765625,2370.75,2381.0,147441
2025-01-22 13:15:00,2382.0,2395.64990234375,2371.050048828125,2386.0,145439
2025-01-23 09:15:00,2398.949951171875,2434.949951171875,2383.5,2430.0,108286
2025-01-23 13:15:00,2430.0,2475.75,2427.300048828125,2461.14990234375,426958
2025-01-24 09:15:00,2466.300048828125,2514.050048828125,2454.199951171875,2497.449951171875,647672
2025-01-24 13:15:00,2497.199951171875,2497.199951171875,2473.050048828125,2490.75,684097
2025-01-27 09:15:00,2480.10009765625,2484.39990234375,2430.39990234375,2461.050048828125,221703
2025-01-27 13:15:00,2460.949951171875,2466.14990234375,2441.800048828125,2458.050048828125,186889
2025-01-28 09:15:00,2450.0,2459.75,2431.0,2436.0,267994
2025-01-28 13:15:00,2434.64990234375,2438.949951171875,2399.85009765625,2411.300048828125,412630
2025-01-29 09:15:00,2403.0,2455.0,2399.199951171875,2449.14990234375,61769
2025-01-29 13:15:00,2449.449951171875,2464.0,2448.39990234375,2453.64990234375,76169
2025-01-30 09:15:00,2458.699951171875,2495.39990234375,2446.60009765625,2488.60009765625,155218
2025-01-30 13:15:00,2489.199951171875,2507.949951171875,2473.85009765625,2491.699951171875,178566
2025-01-31 09:15:00,2491.699951171875,2510.0,2475.800048828125,2496.35009765625,154281
2025-01-31 13:15:00,2497.39990234375,2516.0,2487.699951171875,2508.85009765625,216070
2025-02-03 09:15:00,2433.10009765625,2464.60009765625,2433.10009765625,2453.60009765625,195325
2025-02-03 13:15:00,2454.800048828125,2479.75,2448.0,2473.64990234375,140610
2025-02-04 09:15:00,2468.300048828125,2479.0,2446.5,2476.35009765625,111264
2025-02-04 13:15:00,2476.35009765625,2491.800048828125,2473.25,2484.699951171875,144340
2025-02-05 09:15:00,2491.949951171875,2499.0,2474.89990234375,2486.5,252713
2025-02-05 13:15:00,2487.550048828125,2498.0,2482.050048828125,2490.0,211451
2025-02-06 09:15:00,2475.89990234375,2504.75,2475.89990234375,2500.0,234863
2025-02-06 13:15:00,2500.949951171875,2507.64990234375,2489.25,2499.0,278370
2025-02-07 09:15:00,2508.949951171875,2522.699951171875,2467.050048828125,2500.5,282230
2025-02-07 13:15:00,2500.35009765625,2517.0,2470.75,2487.60009765625,320626
2025-02-10 09:15:00,2475.050048828125,2490.949951171875,2440.0,2480.60009765625,289791
2025-02-10 13:15:00,2482.0,2485.0,2447.64990234375,2473.25,334002
2025-02-11 09:15:00,2465.0,2540.199951171875,2465.0,2491.10009765625,657656
2025-02-11 13:15:00,2492.0,2500.0,2475.550048828125,2491.449951171875,362014
2025-02-12 09:15:00,2480.14990234375,2497.39990234375,2434.25,2485.85009765625,137349
2025-02-12 13:15:00,2486.050048828125,2490.300048828125,2469.800048828125,2484.949951171875,212094
2025-02-13 09:15:00,2481.0,2532.85009765625,2481.0,2506.800048828125,305973
2025-02-13 13:15:00,2507.199951171875,2507.199951171875,2477.050048828125,2490.10009765625,265051
2025-02-14 09:15:00,2498.949951171875,2507.75,2411.64990234375,2415.35009765625,303945
2025-02-14 13:15:00,2417.300048828125,2440.800048828125,2405.5,2431.300048828125,311656
2025-02-17 09:15:00,2426.25,2467.050048828125,2408.75,2452.10009765625,206856
2025-02-17 13:15:00,2451.300048828125,2470.949951171875,2448.550048828125,2457.10009765625,355081
2025-02-18 09:15:00,2462.050048828125,2468.5,2412.800048828125,2446.39990234375,291347
2025-02-18 13:15:00,2446.550048828125,2478.449951171875,2445.050048828125,2463.199951171875,209836
2025-02-19 09:15:00,2462.800048828125,2480.699951171875,2449.35009765625,2458.550048828125,111550
2025-02-19 13:15:00,2457.64990234375,2467.75,2450.85009765625,2461.300048828125,116217
2025-02-20 09:15:00,2475.0,2475.0,2445.550048828125,2447.10009765625,165147
2025-02-20 13:15:00,2447.10009765625,2455.14990234375,2443.25,2449.64990234375,213632
2025-02-21 09:15:00,2440.0,2452.89990234375,2401.050048828125,2435.0,254131
2025-02-21 13:15:00,2435.0,2435.050048828125,2417.14990234375,2431.050048828125,189182
2025-02-24 09:15:00,2412.0,2418.89990234375,2392.050048828125,2398.85009765625,323898
2025-02-24 13:15:00,2398.050048828125,2400.0,2381.0,2393.699951171875,118924
2025-02-25 09:15:00,2399.89990234375,2402.64990234375,2367.10009765625,2381.800048828125,220018
2025-02-25 13:15:00,2382.199951171875,2383.85009765625,2368.800048828125,2370.699951171875,277042
2025-02-27 09:15:00,2377.949951171875,2377.949951171875,2317.10009765625,2330.050048828125,396573
2025-02-27 13:15:00,2330.64990234375,2348.0,2325.75,2340.949951171875,407525
2025-02-28 09:15:00,2349.10009765625,2361.75,2314.14990234375,2318.64990234375,259702
2025-02-28 13:15:00,2317.75,2328.89990234375,2302.64990234375,2306.64990234375,702953
2025-03-03 09:15:00,2324.89990234375,2377.699951171875,2324.89990234375,2363.449951171875,359822
2025-03-03 13:15:00,2363.449951171875,2382.449951171875,2363.39990234375,2378.0,262659
2025-03-04 09:15:00,2362.0,2387.0,2353.050048828125,2386.5,191561
2025-03-04 13:15:00,2386.64990234375,2404.199951171875,2381.949951171875,2395.85009765625,255249
2025-03-05 09:15:00,2403.300048828125,2403.300048828125,2376.5,2381.949951171875,298629
2025-03-05 13:15:00,2382.89990234375,2396.89990234375,2378.199951171875,2392.050048828125,336201
2025-03-06 09:15:00,2400.0,2415.0,2353.85009765625,2392.300048828125,166004
2025-03-06 13:15:00,2392.199951171875,2397.35009765625,2387.5,2393.64990234375,387386
2025-03-07 09:15:00,2381.699951171875,2414.85009765625,2381.699951171875,2404.050048828125,105588
2025-03-07 13:15:00,2405.10009765625,2414.0,2400.64990234375,2407.25,164837
2025-03-10 09:15:00,2408.949951171875,2423.949951171875,2388.699951171875,2401.64990234375,314776
2025-03-10 13:15:00,2401.85009765625,2403.949951171875,2379.300048828125,2386.14990234375,192678
2025-03-11 09:15:00,2371.0,2412.449951171875,2371.0,2403.949951171875,157786
2025-03-11 13:15:00,2404.85009765625,2422.89990234375,2400.050048828125,2413.550048828125,212825
2025-03-12 09:15:00,2417.0,2438.85009765625,2367.60009765625,2401.0,290724
2025-03-12 13:15:00,2401.0,2411.0,2395.0,2398.89990234375,232479
2025-03-13 09:15:00,2401.60009765625,2402.699951171875,2363.300048828125,2384.75,147090
2025-03-13 13:15:00,2384.949951171875,2385.0,2363.39990234375,2368.0,272751
2025-03-17 09:15:00,2388.39990234375,2403.449951171875,2370.85009765625,2386.949951171875,93340
2025-03-17 13:15:00,2386.949951171875,2404.5,2384.89990234375,2399.35009765625,330571
2025-03-18 09:15:00,2402.75,2425.14990234375,2397.0,2423.0,175287
2025-03-18 13:15:00,2423.85009765625,2425.0,2415.5,2421.64990234375,115549
2025-03-19 09:15:00,2437.0,2452.89990234375,2431.60009765625,2448.199951171875,99249
2025-03-19 13:15:00,2448.5,2464.60009765625,2446.35009765625,2458.199951171875,238281
2025-03-20 09:15:00,2470.0,2476.949951171875,2448.949951171875,2473.25,101317
2025-03-20 13:15:00,2473.949951171875,2476.199951171875,2461.14990234375,2461.85009765625,150266
2025-03-21 09:15:00,2470.0,2514.699951171875,2460.0,2503.14990234375,229668
2025-03-21 13:15:00,2503.25,2510.0,2459.449951171875,2469.39990234375,1052265
2025-03-24 09:15:00,2492.949951171875,2544.0,2475.0,2514.35009765625,217836
2025-03-24 13:15:00,2513.199951171875,2530.0,2509.85009765625,2514.050048828125,217492
2025-03-25 09:15:00,2532.449951171875,2583.5,2521.25,2573.949951171875,398846
2025-03-25 13:15:00,2574.0,2595.89990234375,2561.050048828125,2569.449951171875,368362
2025-03-26 09:15:00,2589.39990234375,2602.050048828125,2561.550048828125,2581.949951171875,220701
2025-03-26 13:15:00,2581.0,2587.449951171875,2576.14990234375,2581.60009765625,180599
2025-03-27 09:15:00,2583.949951171875,2625.0,2578.25,2608.0,235093
2025-03-27 13:15:00,2607.800048828125,2627.64990234375,2596.10009765625,2618.699951171875,850070
2025-03-28 09:15:00,2610.60009765625,2637.64990234375,2600.050048828125,2629.0,140163
2025-03-28 13:15:00,2629.0,2635.89990234375,2601.050048828125,2611.14990234375,231316
2025-04-01 09:15:00,2611.39990234375,2632.0,2596.199951171875,2604.89990234375,90760
2025-04-01 13:15:00,2605.449951171875,2622.699951171875,2597.300048828125,2619.0,166051
2025-04-02 09:15:00,2624.85009765625,2633.39990234375,2601.050048828125,2613.85009765625,175232
2025-04-02 13:15:00,2613.89990234375,2619.949951171875,2606.10009765625,2616.5,153902
2025-04-03 09:15:00,2609.949951171875,2664.0,2605.85009765625,2653.60009765625,145364
2025-04-03 13:15:00,2652.449951171875,2661.949951171875,2646.14990234375,2651.89990234375,93654
2025-04-04 09:15:00,2635.10009765625,2651.89990234375,2623.35009765625,2625.949951171875,92313
2025-04-04 13:15:00,2625.60009765625,2628.89990234375,2610.10009765625,2614.449951171875,124826
2025-04-07 09:15:00,2540.050048828125,2558.85009765625,2465.5,2477.550048828125,325480
2025-04-07 13:15:00,2477.85009765625,2520.0,2475.0,2509.10009765625,384438
2025-04-08 09:15:00,2545.0,2593.199951171875,2542.64990234375,2590.75,470344
2025-04-08 13:15:00,2589.75,2600.0,2580.0,2590.050048828125,501500
2025-04-09 09:15:00,2562.5,2586.699951171875,2530.050048828125,2556.5,148093
2025-04-09 13:15:00,2556.5,2571.5,2553.60009765625,2557.75,266179
2025-04-11 09:15:00,2634.75,2653.5,2614.0,2650.800048828125,235843
2025-04-11 13:15:00,2650.800048828125,2660.0,2639.10009765625,2651.25,293661
2025-04-15 09:15:00,2675.300048828125,2722.699951171875,2673.800048828125,2716.0,185317
2025-04-15 13:15:00,2716.0,2726.10009765625,2704.300048828125,2718.60009765625,221833
2025-04-16 09:15:00,2699.300048828125,2719.10009765625,2682.800048828125,2704.39990234375,220375
2025-04-16 13:15:00,2704.60009765625,2713.60009765625,2689.0,2709.39990234375,241105
2025-04-17 09:15:00,2706.89990234375,2769.89990234375,2687.0,2758.5,533610
2025-04-17 13:15:00,2758.5,2772.0,2748.39990234375,2760.699951171875,295573
2025-04-21 09:15:00,2751.199951171875,2786.89990234375,2736.0,2773.199951171875,126849
2025-04-21 13:15:00,2772.89990234375,2784.199951171875,2750.699951171875,2754.0,119058
2025-04-22 09:15:00,2750.300048828125,2772.0,2743.0,2752.800048828125,70017
2025-04-22 13:15:00,2752.89990234375,2758.800048828125,2740.0,2740.0,99876
2025-04-23 09:15:00,2750.199951171875,2751.10009765625,2680.10009765625,2693.5,277689
2025-04-23 13:15:00,2693.199951171875,2696.10009765625,2675.10009765625,2695.0,250465
2025-04-24 09:15:00,2693.89990234375,2735.699951171875,2674.800048828125,2728.60009765625,335171
2025-04-24 13:15:00,2728.39990234375,2733.0,2721.0,2730.5,226805
2025-04-25 09:15:00,2720.0,2735.800048828125,2677.0,2716.199951171875,345670
2025-04-25 13:15:00,2715.699951171875,2739.800048828125,2714.39990234375,2729.199951171875,218750
2025-04-28 09:15:00,2725.0,2773.5,2723.300048828125,2765.60009765625,169304
2025-04-28 13:15:00,2765.0,2767.0,2748.0,2748.0,136713
2025-04-29 09:15:00,2753.0,2753.199951171875,2719.300048828125,2729.0,362020
2025-04-29 13:15:00,2729.60009765625,2755.60009765625,2724.5,2745.699951171875,359353
2025-04-30 09:15:00,2742.5,2750.5,2724.699951171875,2737.699951171875,109848
2025-04-30 13:15:00,2737.699951171875,2747.89990234375,2721.800048828125,2737.5,522395
2025-05-02 09:15:00,2725.699951171875,2771.10009765625,2697.10009765625,2713.10009765625,510308
2025-05-02 13:15:00,2713.199951171875,2732.699951171875,2712.199951171875,2718.300048828125,435431
2025-05-05 09:15:00,2730.0,2771.89990234375,2727.199951171875,2759.0,119963
2025-05-05 13:15:00,2759.0,2773.0,2742.300048828125,2742.39990234375,471195
2025-05-06 09:15:00,2742.199951171875,2763.0,2730.199951171875,2739.5,95018
2025-05-06 13:15:00,2739.5,2740.89990234375,2721.0,2722.0,148580
2025-05-07 09:15:00,2705.39990234375,2727.300048828125,2682.39990234375,2698.800048828125,145703
2025-05-07 13:15:00,2698.60009765625,2711.60009765625,2693.10009765625,2699.89990234375,208639
2025-05-08 09:15:00,2682.800048828125,2704.0,2678.300048828125,2685.89990234375,248668
2025-05-08 13:15:00,2685.300048828125,2709.60009765625,2679.5,2698.699951171875,606507
2025-05-09 09:15:00,2676.89990234375,2682.300048828125,2630.0,2642.0,154349
2025-05-09 13:15:00,2641.89990234375,2642.10009765625,2626.60009765625,2634.800048828125,206203
2025-05-12 09:15:00,2675.0,2761.800048828125,2675.0,2735.0,251378
2025-05-12 13:15:00,2734.10009765625,2745.0,2727.199951171875,2742.0,158896
2025-05-13 09:15:00,2736.10009765625,2746.89990234375,2702.699951171875,2724.39990234375,194301
2025-05-13 13:15:00,2724.39990234375,2724.89990234375,2703.300048828125,2708.699951171875,119622
2025-05-14 09:15:00,2730.0,2742.0,2706.5,2718.0,109776
2025-05-14 13:15:00,2718.0,2741.0,2716.199951171875,2737.199951171875,175269
2025-05-15 09:15:00,2729.60009765625,2784.199951171875,2720.0,2775.0,330263
2025-05-15 13:15:00,2775.0,2829.5,2763.60009765625,2829.39990234375,883840
2025-05-16 09:15:00,2834.800048828125,2839.10009765625,2775.10009765625,2797.0,294461
2025-05-16 13:15:00,2796.89990234375,2814.800048828125,2791.60009765625,2804.199951171875,233609
2025-05-19 09:15:00,2820.0,2820.0,2766.699951171875,2768.699951171875,117712
2025-05-19 13:15:00,2769.5,2772.699951171875,2721.0,2722.199951171875,376423
2025-05-20 09:15:00,2736.699951171875,2751.0,2721.5,2722.5,127877
2025-05-20 13:15:00,2722.0,2731.199951171875,2710.199951171875,2720.800048828125,280707
2025-05-21 09:15:00,2717.89990234375,2749.0,2716.0,2720.10009765625,83728
2025-05-21 13:15:00,2717.800048828125,2725.0,2692.199951171875,2706.0,174941
2025-05-22 09:15:00,2702.300048828125,2702.300048828125,2662.0,2674.800048828125,117221
2025-05-22 13:15:00,2673.800048828125,2684.0,2648.89990234375,2684.0,330685
2025-05-23 09:15:00,2690.10009765625,2746.800048828125,2682.10009765625,2699.199951171875,225047
2025-05-23 13:15:00,2700.0,2700.0,2651.0,2659.39990234375,322176
2025-05-26 09:15:00,2672.0,2695.300048828125,2640.10009765625,2650.699951171875,191235
2025-05-26 13:15:00,2650.60009765625,2662.0,2646.0,2653.800048828125,115910
2025-05-27 09:15:00,2655.10009765625,2655.10009765625,2595.0,2617.89990234375,348587
2025-05-27 13:15:00,2616.89990234375,2620.5,2605.0,2613.0,278124
2025-05-28 09:15:00,2620.0,2620.0,2579.0,2588.89990234375,280192
2025-05-28 13:15:00,2588.89990234375,2590.199951171875,2570.300048828125,2574.0,503985
2025-05-29 09:15:00,2579.0,2593.800048828125,2552.5,2576.199951171875,230397
2025-05-29 13:15:00,2576.5,2580.0,2563.5,2580.0,319090
2025-05-30 09:15:00,2579.0,2604.89990234375,2558.0,2563.89990234375,237443
2025-05-30 13:15:00,2564.10009765625,2566.0,2536.0,2545.800048828125,966068
2025-06-02 09:15:00,2546.0,2546.0,2511.0,2523.5,316394
2025-06-02 13:15:00,2523.10009765625,2532.0,2516.5,2524.10009765625,759939
2025-06-03 09:15:00,2542.89990234375,2563.0,2512.10009765625,2549.89990234375,890236
2025-06-03 13:15:00,2549.89990234375,2560.800048828125,2541.0,2552.39990234375,317428
2025-06-04 09:15:00,2556.300048828125,2572.5,2542.0,2551.39990234375,289907
2025-06-04 13:15:00,2551.39990234375,2555.0,2546.199951171875,2550.0,239069
2025-06-05 09:15:00,2545.199951171875,2599.0,2540.699951171875,2580.800048828125,569099
2025-06-05 13:15:00,2578.60009765625,2580.0,2550.300048828125,2556.0,381116
2025-06-06 09:15:00,2565.89990234375,2577.0,2537.0,2568.800048828125,332805
2025-06-06 13:15:00,2568.800048828125,2578.0,2568.5,2570.0,81650
2025-06-09 09:15:00,2575.699951171875,2614.39990234375,2575.699951171875,2602.39990234375,291321
2025-06-09 13:15:00,2601.199951171875,2614.89990234375,2596.39990234375,2606.199951171875,165099
2025-06-10 09:15:00,2701.0,2734.800048828125,2670.0,2714.0,1772135
2025-06-10 13:15:00,2714.0,2715.89990234375,2702.0,2708.0,560723
2025-06-11 09:15:00,2705.0,2732.699951171875,2678.199951171875,2725.699951171875,353748
2025-06-11 13:15:00,2725.699951171875,2727.699951171875,2712.0,2713.0,263709
2025-06-12 09:15:00,2711.699951171875,2729.0,2700.89990234375,2714.0,190357
2025-06-12 13:15:00,2714.0,2714.0,2676.199951171875,2688.800048828125,355214
2025-06-13 09:15:00,2651.60009765625,2687.699951171875,2636.39990234375,2667.800048828125,212096
2025-06-13 13:15:00,2668.0,2675.0,2656.5,2663.800048828125,149547
2025-06-16 09:15:00,2665.0,2709.800048828125,2652.10009765625,2704.0,185725
2025-06-16 13:15:00,2704.10009765625,2714.0,2695.0,2704.89990234375,266562
2025-06-17 09:15:00,2701.300048828125,2705.60009765625,2680.300048828125,2683.699951171875,74501
2025-06-17 13:15:00,2683.5,2685.0,2665.39990234375,2674.89990234375,132018
2025-06-18 09:15:00,2672.0,2696.300048828125,2667.300048828125,2679.300048828125,188135
2025-06-18 13:15:00,2678.300048828125,2681.0,2668.5,2675.39990234375,154154
2025-06-19 09:15:00,2672.699951171875,2707.0,2670.0,2691.800048828125,236908
2025-06-19 13:15:00,2691.60009765625,2712.0,2680.5,2693.199951171875,286081
2025-06-20 09:15:00,2684.39990234375,2732.89990234375,2684.39990234375,2705.89990234375,229904
2025-06-20 13:15:00,2706.10009765625,2719.89990234375,2702.699951171875,2712.60009765625,514253
2025-06-23 09:15:00,2698.699951171875,2731.0,2678.10009765625,2726.199951171875,291802
2025-06-23 13:15:00,2726.199951171875,2737.5,2718.800048828125,2723.699951171875,258480
2025-06-24 09:15:00,2742.10009765625,2801.5,2741.0,2790.699951171875,526729
2025-06-24 13:15:00,2790.800048828125,2792.5,2774.5,2780.89990234375,818622
2025-06-25 09:15:00,2794.5,2807.60009765625,2786.5,2803.60009765625,458000
2025-06-25 13:15:00,2804.0,2843.0,2803.0,2831.800048828125,340373
2025-06-26 09:15:00,2840.0,2889.60009765625,2840.0,2861.0,830863
2025-06-26 13:15:00,2861.0,2894.89990234375,2856.60009765625,2883.300048828125,429629
2025-06-27 09:15:00,2895.60009765625,2895.89990234375,2844.39990234375,2850.300048828125,230879
2025-06-27 13:15:00,2850.39990234375,2880.0,2847.699951171875,2856.5,447854
2025-06-30 09:15:00,2865.60009765625,2889.699951171875,2842.10009765625,2844.60009765625,119337
2025-06-30 13:15:00,2843.5,2851.800048828125,2836.699951171875,2844.5,222394
2025-07-01 09:15:00,2842.5,2869.89990234375,2842.5,2853.10009765625,98196
2025-07-01 13:15:00,2854.0,2864.699951171875,2843.39990234375,2864.699951171875,347509
2025-07-02 09:15:00,2864.0,2878.800048828125,2835.0,2858.0,596082
2025-07-02 13:15:00,2858.0,2862.0,2845.199951171875,2849.800048828125,272169
2025-07-03 09:15:00,2848.39990234375,2848.39990234375,2824.5,2830.199951171875,193243
2025-07-03 13:15:00,2831.60009765625,2839.0,2811.10009765625,2817.60009765625,174979
2025-07-04 09:15:00,2820.0,2820.0,2786.0,2794.0,151247
2025-07-04 13:15:00,2791.800048828125,2808.89990234375,2788.800048828125,2805.89990234375,122529
2025-07-07 09:15:00,2812.89990234375,2819.89990234375,2785.0,2788.0,69966
2025-07-07 13:15:00,2788.0,2792.60009765625,2775.0,2779.0,171836
2025-07-08 09:15:00,2786.89990234375,2840.39990234375,2778.800048828125,2832.10009765625,586166
2025-07-08 13:15:00,2833.0,2834.800048828125,2809.60009765625,2820.800048828125,198524
2025-07-09 09:15:00,2812.89990234375,2830.0,2806.89990234375,2811.199951171875,346851
2025-07-09 13:15:00,2811.199951171875,2814.39990234375,2793.89990234375,2800.0,312002
2025-07-10 09:15:00,2804.89990234375,2809.0,2794.0,2799.800048828125,279911
2025-07-10 13:15:00,2799.10009765625,2801.0,2769.0,2771.5,383854
2025-07-11 09:15:00,2776.60009765625,2806.89990234375,2767.199951171875,2769.0,177028
2025-07-11 13:15:00,2768.800048828125,2770.0,2757.10009765625,2762.0,148046
2025-07-14 09:15:00,2774.0,2800.89990234375,2755.60009765625,2762.5,1760318
2025-07-14 13:15:00,2762.39990234375,2809.0,2762.39990234375,2784.39990234375,676743
2025-07-15 09:15:00,2791.39990234375,2812.0,2780.199951171875,2787.89990234375,81654
2025-07-15 13:15:00,2787.89990234375,2788.0,2765.0,2778.60009765625,298169
2025-07-16 09:15:00,2780.10009765625,2780.10009765625,2761.0,2767.0,86818
2025-07-16 13:15:00,2767.0,2771.300048828125,2758.0,2762.39990234375,251479
2025-07-17 09:15:00,2762.39990234375,2772.300048828125,2742.300048828125,2764.10009765625,363176
2025-07-17 13:15:00,2763.199951171875,2777.39990234375,2760.0,2766.300048828125,170683
2025-07-18 09:15:00,2766.39990234375,2772.0,2716.60009765625,2722.0,465784
2025-07-18 13:15:00,2722.0,2743.199951171875,2718.10009765625,2724.5,331594
2025-07-21 09:15:00,2725.10009765625,2750.0,2713.39990234375,2729.5,191672
2025-07-21 13:15:00,2730.10009765625,2751.5,2722.5,2741.89990234375,316243
2025-07-22 09:15:00,2752.699951171875,2757.300048828125,2717.60009765625,2729.60009765625,401114
2025-07-22 13:15:00,2729.60009765625,2731.199951171875,2719.0,2724.0,263209
2025-07-23 09:15:00,2723.39990234375,2726.89990234375,2701.699951171875,2716.5,159874
2025-07-23 13:15:00,2716.5,2717.0,2702.699951171875,2705.0,214158
2025-07-24 09:15:00,2711.800048828125,2725.39990234375,2667.300048828125,2723.39990234375,604528
2025-07-24 13:15:00,2722.699951171875,2743.0,2710.0,2735.89990234375,348117
2025-07-25 09:15:00,2723.10009765625,2731.699951171875,2694.699951171875,2704.0,218715
2025-07-25 13:15:00,2704.0,2717.0,2697.39990234375,2701.0,141946
2025-07-28 09:15:00,2701.0,2754.5,2697.699951171875,2739.89990234375,320493
2025-07-28 13:15:00,2739.5,2742.0,2719.800048828125,2727.199951171875,98523
2025-07-29 09:15:00,2735.699951171875,2739.199951171875,2705.0,2714.800048828125,199612
2025-07-29 13:15:00,2714.39990234375,2750.0,2711.89990234375,2745.300048828125,543885
2025-07-30 09:15:00,2740.0,2793.89990234375,2736.89990234375,2784.10009765625,318615
2025-07-30 13:15:00,2784.300048828125,2784.5,2752.699951171875,2759.0,296256
2025-07-31 09:15:00,2735.0,2763.199951171875,2728.10009765625,2759.60009765625,408693
2025-07-31 13:15:00,2759.60009765625,2771.800048828125,2741.5,2748.0,172241
2025-08-01 09:15:00,2749.89990234375,2766.199951171875,2726.10009765625,2740.5,211831
2025-08-01 13:15:00,2740.5,2742.300048828125,2716.10009765625,2722.199951171875,94359
2025-08-04 09:15:00,2730.0,2769.10009765625,2724.10009765625,2760.10009765625,169356
2025-08-04 13:15:00,2760.10009765625,2792.199951171875,2753.800048828125,2790.0,348274
2025-08-05 09:15:00,2797.300048828125,2824.0,2785.39990234375,2798.10009765625,600084
2025-08-05 13:15:00,2799.300048828125,2802.0,2788.0,2797.199951171875,123301
2025-08-06 09:15:00,2800.0,2800.0,2760.0,2770.199951171875,215909
2025-08-06 13:15:00,2770.199951171875,2778.89990234375,2760.300048828125,2764.0,177987
2025-08-07 09:15:00,2763.89990234375,2772.0,2723.699951171875,2729.0,263464
2025-08-07 13:15:00,2729.0,2752.0,2718.89990234375,2743.699951171875,218054
2025-08-08 09:15:00,2743.699951171875,2747.0,2672.60009765625,2690.0,337006
2025-08-08 13:15:00,2690.800048828125,2716.5,2681.60009765625,2692.0,825851
2025-08-11 09:15:00,2729.199951171875,2782.0,2729.199951171875,2741.0,353779
2025-08-11 13:15:00,2740.0,2767.0,2732.0,2758.89990234375,416247
2025-08-12 09:15:00,2758.89990234375,2761.0,2705.199951171875,2730.0,225310
2025-08-12 13:15:00,2730.39990234375,2744.0,2725.5,2740.39990234375,328019
2025-08-13 09:15:00,2750.0,2766.0,2726.0,2744.800048828125,187984
2025-08-13 13:15:00,2744.800048828125,2751.89990234375,2736.800048828125,2745.89990234375,135497
2025-08-14 09:15:00,2745.89990234375,2756.699951171875,2731.10009765625,2752.699951171875,230237
2025-08-14 13:15:00,2753.60009765625,2769.0,2743.699951171875,2764.89990234375,388595
2025-08-18 09:15:00,2802.800048828125,2865.300048828125,2796.800048828125,2852.39990234375,550188
2025-08-18 13:15:00,2852.39990234375,2858.60009765625,2840.0,2845.89990234375,336325
2025-08-19 09:15:00,2850.0,2850.0,2803.60009765625,2809.39990234375,152585
2025-08-19 13:15:00,2809.60009765625,2831.0,2806.89990234375,2831.0,180269
2025-08-20 09:15:00,2820.0,2857.0,2807.39990234375,2851.699951171875,519491
2025-08-20 13:15:00,2851.39990234375,2883.60009765625,2849.10009765625,2864.89990234375,411448
2025-08-21 09:15:00,2877.800048828125,2898.10009765625,2856.0,2889.800048828125,496532
2025-08-21 13:15:00,2889.89990234375,2889.89990234375,2872.10009765625,2881.199951171875,272265
2025-08-22 09:15:00,2881.0,2881.0,2817.0,2818.60009765625,425741
2025-08-22 13:15:00,2818.60009765625,2824.39990234375,2801.89990234375,2808.0,246040
2025-08-25 09:15:00,2825.699951171875,2829.800048828125,2791.60009765625,2809.800048828125,216482
2025-08-25 13:15:00,2810.0,2823.300048828125,2805.199951171875,2811.39990234375,240108
2025-08-26 09:15:00,2807.800048828125,2818.300048828125,2780.39990234375,2805.89990234375,179374
2025-08-26 13:15:00,2805.800048828125,2816.39990234375,2790.89990234375,2800.0,245900
2025-08-28 09:15:00,2783.800048828125,2806.0,2775.699951171875,2803.0,248552
2025-08-28 13:15:00,2803.0,2805.5,2777.5,2778.10009765625,233206
2025-08-29 09:15:00,2784.800048828125,2797.800048828125,2775.39990234375,2776.800048828125,179313
2025-08-29 13:15:00,2776.800048828125,2792.39990234375,2762.699951171875,2775.60009765625,276322
2025-09-01 09:15:00,2785.60009765625,2794.89990234375,2774.0,2785.89990234375,187076
2025-09-01 13:15:00,2784.39990234375,2816.800048828125,2783.89990234375,2803.89990234375,258897
2025-09-02 09:15:00,2814.0,2816.39990234375,2798.60009765625,2805.199951171875,184593
2025-09-02 13:15:00,2804.89990234375,2805.300048828125,2775.800048828125,2782.0,213657
2025-09-03 09:15:00,2780.39990234375,2808.5,2774.5,2779.5,218457
2025-09-03 13:15:00,2779.5,2796.89990234375,2770.5,2785.39990234375,281706
2025-09-04 09:15:00,2829.0,2864.39990234375,2818.60009765625,2818.699951171875,821071
2025-09-04 13:15:00,2819.800048828125,2821.199951171875,2802.199951171875,2809.800048828125,277668
2025-09-05 09:15:00,2811.199951171875,2837.300048828125,2788.5,2798.699951171875,143897
2025-09-05 13:15:00,2799.199951171875,2811.39990234375,2795.0,2804.0,351303
2025-09-08 09:15:00,2800.0,2822.89990234375,2800.0,2819.699951171875,59894
2025-09-08 13:15:00,2819.699951171875,2823.89990234375,2799.0,2800.10009765625,133233
2025-09-09 09:15:00,2804.0,2822.199951171875,2803.39990234375,2804.0,160093
2025-09-09 13:15:00,2804.0,2808.0,2786.5,2791.199951171875,228560
2025-09-10 09:15:00,2796.0,2817.5,2778.800048828125,2797.10009765625,306894
2025-09-10 13:15:00,2796.699951171875,2797.5,2775.89990234375,2785.800048828125,80051
2025-09-11 09:15:00,2784.300048828125,2794.699951171875,2771.0,2781.300048828125,96592
2025-09-11 13:15:00,2780.300048828125,2806.300048828125,2779.0,2796.10009765625,121322
2025-09-12 09:15:00,2797.5,2818.0,2789.60009765625,2804.39990234375,82223
2025-09-12 13:15:00,2805.0,2806.0,2793.89990234375,2802.0,65645
2025-09-15 09:15:00,2802.0,2819.800048828125,2785.0,2818.60009765625,109944
2025-09-15 13:15:00,2818.89990234375,2819.199951171875,2800.39990234375,2801.39990234375,153191
2025-09-16 09:15:00,2811.89990234375,2819.800048828125,2807.0,2808.0,98881
2025-09-16 13:15:00,2822.300048828125,2848.0,2821.300048828125,2844.0,450924
2025-09-17 09:15:00,2857.800048828125,2880.39990234375,2852.5,2869.60009765625,594457
2025-09-17 13:15:00,2869.60009765625,2872.0,2860.199951171875,2865.39990234375,190650
2025-09-18 09:15:00,2878.0,2878.0,2852.0,2863.300048828125,225680
2025-09-18 13:15:00,2863.300048828125,2883.0,2861.800048828125,2876.199951171875,232354
2025-09-19 09:15:00,2876.10009765625,2876.10009765625,2848.800048828125,2863.800048828125,132242
2025-09-19 13:15:00,2864.5,2891.300048828125,2863.199951171875,2877.89990234375,603227
2025-09-22 09:15:00,2870.5,2911.0,2866.300048828125,2881.5,440358
2025-09-22 13:15:00,2881.89990234375,2890.0,2848.800048828125,2860.699951171875,269110
2025-09-23 09:15:00,2870.89990234375,2870.89990234375,2808.300048828125,2833.60009765625,256060
2025-09-23 13:15:00,2833.800048828125,2842.0,2809.0,2813.5,358775
2025-09-24 09:15:00,2815.10009765625,2838.699951171875,2800.89990234375,2836.199951171875,112518
2025-09-24 13:15:00,2836.199951171875,2836.199951171875,2797.89990234375,2807.39990234375,174877
2025-09-25 09:15:00,2808.800048828125,2833.199951171875,2788.89990234375,2788.89990234375,102364
2025-09-25 13:15:00,2788.89990234375,2793.10009765625,2771.699951171875,2778.60009765625,557057
2025-09-26 09:15:00,2787.5,2796.60009765625,2736.199951171875,2758.10009765625,274978
2025-09-26 13:15:00,2758.0,2758.89990234375,2739.300048828125,2746.800048828125,195034
2025-09-29 09:15:00,2735.60009765625,2765.699951171875,2735.60009765625,2762.300048828125,127031
2025-09-29 13:15:00,2762.300048828125,2762.89990234375,2737.199951171875,2750.0,380144
2025-09-30 09:15:00,2746.89990234375,2768.89990234375,2746.89990234375,2759.699951171875,81746
2025-09-30 13:15:00,2759.699951171875,2769.0,2751.10009765625,2756.89990234375,284424
2025-10-01 09:15:00,2767.89990234375,2767.89990234375,2732.0,2763.300048828125,118388
2025-10-01 13:15:00,2762.800048828125,2796.199951171875,2761.39990234375,2789.699951171875,199950
2025-10-03 09:15:00,2799.89990234375,2806.800048828125,2766.10009765625,2778.60009765625,185172
2025-10-03 13:15:00,2778.5,2799.300048828125,2767.800048828125,2791.39990234375,314888
2025-10-06 09:15:00,2778.199951171875,2813.0,2778.199951171875,2805.199951171875,83755
2025-10-06 13:15:00,2805.199951171875,2812.10009765625,2800.0,2807.39990234375,175940
2025-10-07 09:15:00,2806.0,2825.0,2790.300048828125,2814.89990234375,82446
2025-10-07 13:15:00,2814.89990234375,2817.0,2801.60009765625,2814.0,125017
2025-10-08 09:15:00,2820.10009765625,2820.10009765625,2765.199951171875,2776.60009765625,133194
2025-10-08 13:15:00,2777.0,2786.699951171875,2773.300048828125,2778.199951171875,126664
2025-10-09 09:15:00,2792.0,2802.800048828125,2780.199951171875,2801.0,169962
2025-10-09 13:15:00,2801.0,2817.0,2794.800048828125,2810.60009765625,190191
2025-10-10 09:15:00,2813.89990234375,2832.699951171875,2798.39990234375,2801.39990234375,274532
2025-10-10 13:15:00,2801.699951171875,2818.60009765625,2797.60009765625,2809.699951171875,214760
2025-10-13 09:15:00,2798.800048828125,2810.60009765625,2778.5,2792.800048828125,133357
2025-10-13 13:15:00,2792.800048828125,2802.0,2787.800048828125,2796.0,123489
2025-10-14 09:15:00,2798.0,2808.0,2758.199951171875,2775.39990234375,100771
2025-10-14 13:15:00,2775.0,2787.0,2764.5,2776.0,190395
2025-10-15 09:15:00,2780.0,2823.800048828125,2780.0,2820.0,168576
2025-10-15 13:15:00,2820.0,2821.699951171875,2812.800048828125,2816.800048828125,266890
2025-10-16 09:15:00,2825.699951171875,2854.89990234375,2819.699951171875,2841.199951171875,210075
2025-10-16 13:15:00,2842.300048828125,2870.0,2840.800048828125,2865.10009765625,262860
2025-10-17 09:15:00,2859.800048828125,2886.0,2848.199951171875,2848.800048828125,103415
2025-10-17 13:15:00,2848.800048828125,2849.60009765625,2826.300048828125,2836.199951171875,152687
2025-10-20 09:15:00,2861.800048828125,2874.0,2838.0,2861.199951171875,115283
2025-10-20 13:15:00,2860.10009765625,2866.0,2841.39990234375,2854.0,221081
2025-10-21 13:15:00,2875.89990234375,2875.89990234375,2863.10009765625,2870.699951171875,48369
2025-10-23 09:15:00,2878.5,2914.5,2872.5,2880.300048828125,264571
2025-10-23 13:15:00,2880.5,2887.800048828125,2856.0,2864.60009765625,198219
2025-10-24 09:15:00,2864.60009765625,2876.800048828125,2827.0,2842.300048828125,109699
2025-10-24 13:15:00,2845.10009765625,2856.39990234375,2823.0,2841.300048828125,314748
2025-10-27 09:15:00,2858.89990234375,2924.0,2849.5,2923.199951171875,275119
2025-10-27 13:15:00,2922.5,2934.0,2901.0,2923.89990234375,431543
2025-10-28 09:15:00,2932.800048828125,2957.5,2914.10009765625,2951.0,299137
2025-10-28 13:15:00,2951.0,2959.0,2915.0,2932.89990234375,547834
2025-10-29 09:15:00,2949.0,2977.800048828125,2940.0,2956.199951171875,316112
2025-10-29 13:15:00,2956.300048828125,2965.0,2952.0,2958.699951171875,181764
2025-10-30 09:15:00,2960.0,2960.0,2922.60009765625,2958.60009765625,80017
2025-10-30 13:15:00,2958.800048828125,2965.89990234375,2944.800048828125,2950.39990234375,331076
2025-10-31 09:15:00,2950.300048828125,2953.39990234375,2907.60009765625,2925.800048828125,188697
2025-10-31 13:15:00,2925.800048828125,2937.199951171875,2880.0,2891.699951171875,337065
2025-11-03 09:15:00,2896.5,2919.800048828125,2873.60009765625,2896.699951171875,94648
2025-11-03 13:15:00,2896.10009765625,2910.0,2892.0,2899.89990234375,119607
2025-11-04 09:15:00,2908.800048828125,2908.800048828125,2879.89990234375,2898.10009765625,41906
2025-11-04 13:15:00,2898.699951171875,2899.800048828125,2872.0,2882.0,172856
2025-11-06 09:15:00,2797.5,2797.5,2695.699951171875,2712.0,1170635
2025-11-06 13:15:00,2712.89990234375,2722.39990234375,2692.60009765625,2700.10009765625,586000
2025-11-07 09:15:00,2697.199951171875,2732.89990234375,2676.10009765625,2722.89990234375,446271
2025-11-07 13:15:00,2722.0,2738.0,2720.10009765625,2724.0,587990
2025-11-10 09:15:00,2730.0,2789.0,2730.0,2777.5,173763
2025-11-10 13:15:00,2778.5,2781.10009765625,2758.300048828125,2762.89990234375,223816
2025-11-11 09:15:00,2771.0,2780.10009765625,2737.5,2763.10009765625,156699
2025-11-11 13:15:00,2763.199951171875,2778.60009765625,2761.89990234375,2775.800048828125,189886
2025-11-12 09:15:00,2784.89990234375,2789.699951171875,2764.60009765625,2777.39990234375,70729
2025-11-12 13:15:00,2776.5,2779.89990234375,2755.0,2767.39990234375,190363
2025-11-13 09:15:00,2757.300048828125,2783.10009765625,2747.60009765625,2780.60009765625,240301
2025-11-13 13:15:00,2780.60009765625,2783.800048828125,2770.300048828125,2777.800048828125,416866
2025-11-14 09:15:00,2770.10009765625,2789.5,2761.0,2780.39990234375,146561
2025-11-14 13:15:00,2780.0,2786.300048828125,2771.800048828125,2783.300048828125,325617
2025-11-17 09:15:00,2774.60009765625,2797.39990234375,2772.800048828125,2784.0,85286
2025-11-17 13:15:00,2784.0,2798.89990234375,2783.39990234375,2790.300048828125,302250
2025-11-18 09:15:00,2785.60009765625,2785.60009765625,2758.199951171875,2767.800048828125,99693
2025-11-18 13:15:00,2767.800048828125,2779.89990234375,2755.0,2755.0,295148
2025-11-19 09:15:00,2755.199951171875,2771.300048828125,2743.5,2760.300048828125,122331
2025-11-19 13:15:00,2760.300048828125,2763.0,2739.10009765625,2744.699951171875,320256
2025-11-20 09:15:00,2757.699951171875,2763.699951171875,2747.89990234375,2756.5,131275
2025-11-20 13:15:00,2756.60009765625,2763.800048828125,2745.0,2750.0,313036
2025-11-21 09:15:00,2750.10009765625,2755.0,2733.300048828125,2748.0,150114
2025-11-21 13:15:00,2748.10009765625,2748.5,2723.0,2734.800048828125,239628
2025-11-24 09:15:00,2737.199951171875,2738.5,2703.10009765625,2714.5,146223
2025-11-24 13:15:00,2714.5,2715.199951171875,2680.0,2688.699951171875,644080
2025-11-25 09:15:00,2695.0,2709.0,2682.0,2696.89990234375,262009
2025-11-25 13:15:00,2697.199951171875,2711.800048828125,2682.5,2683.10009765625,220731
2025-11-26 09:15:00,2699.0,2741.699951171875,2689.60009765625,2737.699951171875,157720
2025-11-26 13:15:00,2737.5,2746.60009765625,2733.0,2739.0,201106
2025-11-27 09:15:00,2745.0,2747.699951171875,2712.10009765625,2727.0,185411
2025-11-27 13:15:00,2727.0,2745.10009765625,2719.5,2740.0,159618
2025-11-28 09:15:00,2746.800048828125,2747.10009765625,2727.5,2737.300048828125,137942
2025-11-28 13:15:00,2737.800048828125,2741.89990234375,2735.199951171875,2739.10009765625,127449
2025-12-01 09:15:00,2748.0,2752.0,2718.0,2727.60009765625,75481
2025-12-01 13:15:00,2727.5,2736.5,2717.699951171875,2731.5,180312
2025-12-02 09:15:00,2718.0,2740.39990234375,2718.0,2732.0,133066
2025-12-02 13:15:00,2731.800048828125,2739.60009765625,2725.0,2727.0,190746
2025-12-03 09:15:00,2740.5,2740.5,2707.300048828125,2725.0,237075
2025-12-03 13:15:00,2725.10009765625,2731.39990234375,2713.699951171875,2717.39990234375,148071
2025-12-04 09:15:00,2720.60009765625,2742.5,2710.0,2727.39990234375,101540
2025-12-04 13:15:00,2727.300048828125,2733.39990234375,2719.39990234375,2725.699951171875,148333
2025-12-05 09:15:00,2720.60009765625,2750.39990234375,2720.39990234375,2745.60009765625,41987
2025-12-05 13:15:00,2745.199951171875,2750.0,2738.199951171875,2747.0,85353
2025-12-08 09:15:00,2740.300048828125,2769.89990234375,2737.699951171875,2759.60009765625,332464
2025-12-08 13:15:00,2759.5,2759.5,2730.0,2731.0,311465
2025-12-09 09:15:00,2734.5,2779.39990234375,2727.5,2769.60009765625,237426
2025-12-09 13:15:00,2770.10009765625,2772.0,2740.39990234375,2748.800048828125,182293
2025-12-10 09:15:00,2770.199951171875,2777.800048828125,2748.199951171875,2748.199951171875,139010
2025-12-10 13:15:00,2748.199951171875,2756.60009765625,2741.5,2746.800048828125,125804
2025-12-11 09:15:00,2755.0,2782.89990234375,2743.5,2776.39990234375,144029
2025-12-11 13:15:00,2776.5,2802.699951171875,2775.0,2797.800048828125,268386
2025-12-12 09:15:00,2814.0,2842.0,2796.60009765625,2838.0,224053
2025-12-12 13:15:00,2838.699951171875,2843.89990234375,2825.0,2830.0,594343
2025-12-15 09:15:00,2828.800048828125,2849.39990234375,2820.5,2824.5,307164
2025-12-15 13:15:00,2825.0,2836.39990234375,2817.800048828125,2832.0,376303
2025-12-16 09:15:00,2822.0,2832.699951171875,2802.0,2804.0,287327
2025-12-16 13:15:00,2804.0,2807.800048828125,2786.199951171875,2799.10009765625,215665
2025-12-17 09:15:00,2789.199951171875,2803.0,2780.0,2792.60009765625,276729
2025-12-17 13:15:00,2792.60009765625,2813.300048828125,2788.10009765625,2806.60009765625,89459
2025-12-18 09:15:00,2798.800048828125,2820.0,2786.89990234375,2819.0,131910
2025-12-18 13:15:00,2819.300048828125,2819.300048828125,2798.800048828125,2807.60009765625,120853
2025-12-19 09:15:00,2791.10009765625,2830.800048828125,2791.10009765625,2809.0,201893
2025-12-19 13:15:00,2809.0,2819.5,2805.5,2812.5,311953
2025-12-22 09:15:00,2838.699951171875,2858.0,2810.0,2814.0,308050
2025-12-22 13:15:00,2813.800048828125,2816.5,2798.10009765625,2816.5,430207
2025-12-23 09:15:00,2814.89990234375,2842.699951171875,2813.199951171875,2828.300048828125,99121
2025-12-23 13:15:00,2829.0,2837.5,2822.699951171875,2823.10009765625,239690
2025-12-24 09:15:00,2830.89990234375,2862.5,2824.699951171875,2834.300048828125,229153
2025-12-24 13:15:00,2834.300048828125,2835.699951171875,2822.0,2830.10009765625,182938
2025-12-26 09:15:00,2830.89990234375,2840.39990234375,2811.60009765625,2821.60009765625,387042
2025-12-26 13:15:00,2820.39990234375,2824.89990234375,2809.300048828125,2817.699951171875,96447
2025-12-29 09:15:00,2822.0,2849.10009765625,2813.39990234375,2846.0,100033
2025-12-29 13:15:00,2845.5,2850.0,2834.699951171875,2842.39990234375,350924
2025-12-30 09:15:00,2846.89990234375,2857.10009765625,2827.199951171875,2838.800048828125,99119
2025-12-30 13:15:00,2840.0,2852.0,2833.89990234375,2844.10009765625,561875
2025-12-31 09:15:00,2849.10009765625,2863.5,2841.699951171875,2842.0,85106
2025-12-31 13:15:00,2841.10009765625,2850.0,2804.89990234375,2829.0,216192
2026-01-01 09:15:00,2834.0,2843.89990234375,2824.10009765625,2829.60009765625,151159
2026-01-01 13:15:00,2829.60009765625,2854.89990234375,2826.5,2851.699951171875,271050
2026-01-02 09:15:00,2855.800048828125,2882.0,2855.800048828125,2868.5,130904
2026-01-02 13:15:00,2868.699951171875,2870.0,2845.10009765625,2856.39990234375,463637
2026-01-05 09:15:00,2867.199951171875,2893.0,2867.0,2867.0,401197
2026-01-05 13:15:00,2866.800048828125,2866.89990234375,2842.5,2848.89990234375,359763
2026-01-06 09:15:00,2867.10009765625,2873.39990234375,2845.60009765625,2869.10009765625,343428
2026-01-06 13:15:00,2869.0,2880.0,2861.39990234375,2865.300048828125,304692
2026-01-07 09:15:00,2869.800048828125,2869.800048828125,2835.699951171875,2840.10009765625,82946
2026-01-07 13:15:00,2840.10009765625,2847.0,2830.0,2830.0,172953
2026-01-08 09:15:00,2821.0,2831.0,2789.89990234375,2798.699951171875,124577
2026-01-08 13:15:00,2799.199951171875,2804.39990234375,2787.10009765625,2792.0,248738
2026-01-09 09:15:00,2797.0,2807.5,2766.699951171875,2769.800048828125,209831
2026-01-09 13:15:00,2769.300048828125,2784.5,2768.60009765625,2772.60009765625,297970
2026-01-12 09:15:00,2767.0,2784.0,2738.89990234375,2780.5,198927
2026-01-12 13:15:00,2780.5,2821.60009765625,2779.5,2806.699951171875,243243
2026-01-13 09:15:00,2808.10009765625,2814.5,2772.39990234375,2781.10009765625,453200
2026-01-13 13:15:00,2780.89990234375,2781.800048828125,2759.10009765625,2771.0,375332
2026-01-14 09:15:00,2772.10009765625,2821.0,2755.10009765625,2809.300048828125,158303
2026-01-14 13:15:00,2809.300048828125,2810.800048828125,2789.699951171875,2793.0,214483
2026-01-16 09:15:00,2810.800048828125,2826.0,2791.0,2802.699951171875,331699
2026-01-16 13:15:00,2803.199951171875,2812.199951171875,2799.199951171875,2803.39990234375,300884
2026-01-19 09:15:00,2796.60009765625,2819.699951171875,2793.10009765625,2799.60009765625,321267
2026-01-19 13:15:00,2799.60009765625,2803.5,2768.89990234375,2780.0,227363
2026-01-20 09:15:00,2778.699951171875,2790.800048828125,2758.300048828125,2760.699951171875,119130
2026-01-20 13:15:00,2760.699951171875,2760.800048828125,2706.0,2711.39990234375,247548
2026-01-21 09:15:00,2730.39990234375,2751.199951171875,2708.800048828125,2733.89990234375,426653
2026-01-21 13:15:00,2733.89990234375,2743.5,2724.300048828125,2739.800048828125,397914
2026-01-22 09:15:00,2752.0,2799.0,2747.10009765625,2771.60009765625,286160
2026-01-22 13:15:00,2770.39990234375,2796.0,2763.60009765625,2787.699951171875,442236
2026-01-23 09:15:00,2779.699951171875,2805.0,2765.0,2772.800048828125,448877
2026-01-23 13:15:00,2773.10009765625,2773.10009765625,2752.5,2759.0,134851
2026-01-27 09:15:00,2784.39990234375,2849.800048828125,2784.39990234375,2846.89990234375,732424
2026-01-27 13:15:00,2847.0,2866.199951171875,2837.10009765625,2866.199951171875,570644
2026-01-28 09:15:00,2867.5,2889.800048828125,2841.0,2846.0,337245
2026-01-28 13:15:00,2845.89990234375,2850.800048828125,2831.199951171875,2840.0,171528
2026-01-29 09:15:00,2832.0,2835.300048828125,2809.10009765625,2819.39990234375,138339
2026-01-29 13:15:00,2819.5,2852.89990234375,2817.199951171875,2831.699951171875,542206
2026-01-30 09:15:00,2833.10009765625,2839.5,2816.0,2821.5,440303
2026-01-30 13:15:00,2820.89990234375,2831.699951171875,2808.0,2819.0,614433
2026-02-03 09:15:00,2860.0,2860.0,2809.60009765625,2811.60009765625,695359
2026-02-03 13:15:00,2811.5,2820.0,2801.60009765625,2808.89990234375,537536
2026-02-04 09:15:00,2808.89990234375,2863.699951171875,2808.89990234375,2850.0,185762
2026-02-04 13:15:00,2850.0,2855.0,2841.0,2842.699951171875,311054
2026-02-05 09:15:00,2840.89990234375,2862.89990234375,2825.199951171875,2842.0,375924
2026-02-05 13:15:00,2842.0,2877.199951171875,2838.300048828125,2874.800048828125,315554
2026-02-06 09:15:00,2866.10009765625,2878.89990234375,2826.0,2828.89990234375,130973
2026-02-06 13:15:00,2829.0,2845.0,2821.10009765625,2845.0,158035
2026-02-09 09:15:00,2856.10009765625,2919.0,2846.60009765625,2919.0,312722
2026-02-09 13:15:00,2919.0,2939.800048828125,2914.0,2926.300048828125,284901
2026-02-10 09:15:00,2929.0,2949.199951171875,2919.199951171875,2928.800048828125,177634
2026-02-10 13:15:00,2929.10009765625,2962.0,2921.39990234375,2953.39990234375,311059
2026-02-11 09:15:00,2968.0,2972.199951171875,2897.5,2931.699951171875,384740
2026-02-11 13:15:00,2931.5,2948.89990234375,2925.0,2932.60009765625,269251
2026-02-12 09:15:00,2918.199951171875,2931.0,2907.699951171875,2924.199951171875,151100
2026-02-12 13:15:00,2924.699951171875,2932.199951171875,2917.300048828125,2932.0,205003
2026-02-13 09:15:00,2924.39990234375,2934.0,2905.89990234375,2914.89990234375,171590
2026-02-13 13:15:00,2914.699951171875,2919.300048828125,2877.699951171875,2890.0,191489
2026-02-16 09:15:00,2870.0,2911.10009765625,2861.300048828125,2910.39990234375,111968
2026-02-16 13:15:00,2909.300048828125,2917.60009765625,2894.39990234375,2912.699951171875,125658
2026-02-17 09:15:00,2907.199951171875,2917.0,2880.199951171875,2913.10009765625,204779
2026-02-17 13:15:00,2913.0,2913.199951171875,2891.0,2900.39990234375,191412
2026-02-18 09:15:00,2909.5,2938.199951171875,2901.0,2931.10009765625,181490
2026-02-18 13:15:00,2931.10009765625,2937.300048828125,2921.89990234375,2932.0,132020
2026-02-19 09:15:00,2936.60009765625,2960.0,2871.199951171875,2891.199951171875,104624
2026-02-19 13:15:00,2889.10009765625,2900.199951171875,2846.89990234375,2860.300048828125,232447
2026-02-20 09:15:00,2861.39990234375,2867.800048828125,2840.10009765625,2851.800048828125,345565
2026-02-20 13:15:00,2852.0,2856.300048828125,2823.60009765625,2832.800048828125,199551
2026-02-23 09:15:00,2845.300048828125,2868.699951171875,2843.199951171875,2862.0,189243
2026-02-23 13:15:00,2861.199951171875,2883.699951171875,2859.0,2865.0,360500
2026-02-24 09:15:00,2863.60009765625,2883.800048828125,2847.39990234375,2867.5,331795
2026-02-24 13:15:00,2864.199951171875,2886.60009765625,2854.89990234375,2879.300048828125,233717
2026-02-25 09:15:00,2888.60009765625,2910.699951171875,2871.0,2878.199951171875,119730
2026-02-25 13:15:00,2878.10009765625,2894.89990234375,2868.0,2878.39990234375,445819
2026-02-26 09:15:00,2885.0,2889.89990234375,2856.0,2862.0,255687
2026-02-26 13:15:00,2862.0,2870.800048828125,2847.300048828125,2863.5,375560
2026-02-27 09:15:00,2856.10009765625,2860.39990234375,2784.5,2796.89990234375,593972
2026-02-27 13:15:00,2796.89990234375,2823.10009765625,2791.5,2799.800048828125,508465
2026-03-02 09:15:00,2755.199951171875,2773.5,2732.199951171875,2763.300048828125,297511
2026-03-02 13:15:00,2762.0,2786.300048828125,2756.199951171875,2777.300048828125,436406
2026-03-04 09:15:00,2730.199951171875,2730.199951171875,2645.0,2676.89990234375,373576
2026-03-04 13:15:00,2677.10009765625,2702.39990234375,2668.5,2683.199951171875,454002
2026-03-05 09:15:00,2685.0,2694.60009765625,2656.800048828125,2683.0,355937
2026-03-05 13:15:00,2682.699951171875,2731.800048828125,2672.800048828125,2706.699951171875,679539
2026-03-06 09:15:00,2700.0,2758.10009765625,2687.39990234375,2753.5,603877
2026-03-06 13:15:00,2754.300048828125,2755.10009765625,2709.300048828125,2718.39990234375,621227
2026-03-09 09:15:00,2658.39990234375,2681.60009765625,2632.800048828125,2663.60009765625,361742
2026-03-09 13:15:00,2663.699951171875,2687.5,2655.89990234375,2669.39990234375,358794
2026-03-10 09:15:00,2709.199951171875,2743.199951171875,2694.199951171875,2743.10009765625,481344
2026-03-10 13:15:00,2743.10009765625,2753.0,2729.5,2753.0,432879
2026-03-11 09:15:00,2731.10009765625,2759.800048828125,2731.0,2740.300048828125,826541
2026-03-11 13:15:00,2739.89990234375,2762.800048828125,2717.10009765625,2725.300048828125,594113
2026-03-12 09:15:00,2706.300048828125,2709.800048828125,2674.10009765625,2689.5,466219
2026-03-12 13:15:00,2689.5,2701.699951171875,2660.60009765625,2673.10009765625,354970
2026-03-13 09:15:00,2655.800048828125,2662.800048828125,2603.0,2603.800048828125,636932
2026-03-13 13:15:00,2604.60009765625,2608.5,2563.199951171875,2568.60009765625,588580
2026-03-16 09:15:00,2573.5,2653.5,2573.5,2621.5,713207
2026-03-16 13:15:00,2621.0,2661.199951171875,2621.0,2645.5,547051
2026-03-17 09:15:00,2656.89990234375,2693.800048828125,2650.0,2686.60009765625,206740
2026-03-17 13:15:00,2686.699951171875,2699.0,2677.0,2683.300048828125,330811
2026-03-18 09:15:00,2691.89990234375,2726.199951171875,2686.89990234375,2717.699951171875,323075
2026-03-18 13:15:00,2716.300048828125,2732.89990234375,2708.60009765625,2723.10009765625,412464
2026-03-19 09:15:00,2689.89990234375,2689.89990234375,2621.0,2622.199951171875,409307
2026-03-19 13:15:00,2622.0,2629.89990234375,2600.300048828125,2607.89990234375,453460
2026-03-20 09:15:00,2622.10009765625,2659.699951171875,2622.10009765625,2653.5,520001
2026-03-20 13:15:00,2653.60009765625,2661.89990234375,2608.300048828125,2626.0,829253
2026-03-23 09:15:00,2586.699951171875,2586.699951171875,2502.60009765625,2505.10009765625,648451
2026-03-23 13:15:00,2505.0,2550.0,2505.0,2531.10009765625,815983
2026-03-24 09:15:00,2574.800048828125,2596.60009765625,2523.199951171875,2585.39990234375,683372
2026-03-24 13:15:00,2586.699951171875,2600.699951171875,2529.39990234375,2549.39990234375,1446138
2026-03-25 09:15:00,2576.0,2654.5,2576.0,2650.800048828125,604432
2026-03-25 13:15:00,2651.39990234375,2668.39990234375,2640.800048828125,2655.10009765625,712447
2026-03-27 09:15:00,2637.699951171875,2637.699951171875,2604.60009765625,2623.699951171875,779379
2026-03-27 13:15:00,2623.699951171875,2651.0,2610.39990234375,2628.199951171875,1262122
2026-03-30 09:15:00,2608.699951171875,2608.699951171875,2544.300048828125,2573.0,803055
2026-03-30 13:15:00,2573.89990234375,2583.199951171875,2540.0,2557.699951171875,996559
2026-04-01 09:15:00,2585.199951171875,2612.699951171875,2577.199951171875,2605.60009765625,270609
2026-04-01 13:15:00,2605.300048828125,2606.89990234375,2576.0,2592.800048828125,257992
2026-04-02 09:15:00,2550.0,2552.89990234375,2514.199951171875,2537.300048828125,202221
2026-04-02 13:15:00,2537.10009765625,2572.60009765625,2533.699951171875,2564.10009765625,226839
2026-04-06 09:15:00,2546.0,2587.699951171875,2534.0,2586.300048828125,332215
2026-04-06 13:15:00,2586.10009765625,2624.89990234375,2581.60009765625,2612.0,307379
2026-04-07 09:15:00,2597.39990234375,2617.699951171875,2580.300048828125,2614.60009765625,127479
2026-04-07 13:15:00,2614.60009765625,2632.699951171875,2605.0,2621.0,440167
2026-04-08 09:15:00,2717.699951171875,2794.89990234375,2705.800048828125,2776.0,420317
2026-04-08 13:15:00,2775.60009765625,2780.60009765625,2750.89990234375,2761.10009765625,245140
2026-04-09 09:15:00,2740.0,2772.5,2726.800048828125,2745.699951171875,204599
2026-04-09 13:15:00,2745.699951171875,2750.60009765625,2723.0,2741.300048828125,489475
2026-04-10 09:15:00,2749.0,2779.0,2729.10009765625,2734.39990234375,201128
2026-04-10 13:15:00,2734.39990234375,2759.0,2728.5,2759.0,325877
2026-04-13 09:15:00,2692.300048828125,2738.5,2683.39990234375,2723.5,356384
2026-04-13 13:15:00,2722.5,2727.10009765625,2705.5,2716.0,554579
2026-04-15 09:15:00,2762.60009765625,2790.0,2743.0,2750.0,186693
2026-04-15 13:15:00,2750.0,2753.89990234375,2733.10009765625,2741.39990234375,290016
2026-04-16 09:15:00,2745.89990234375,2754.39990234375,2696.5,2699.89990234375,387481
2026-04-16 13:15:00,2699.89990234375,2727.300048828125,2698.60009765625,2717.300048828125,309353
2026-04-17 09:15:00,2712.10009765625,2736.60009765625,2693.5,2715.199951171875,176384
2026-04-17 13:15:00,2715.199951171875,2726.0,2712.5,2723.0,181141
2026-04-20 09:15:00,2728.39990234375,2736.0,2699.0,2715.0,0
2026-04-20 13:15:00,2720.5,2765.89990234375,2720.5,2760.10009765625,440886
2026-04-21 09:15:00,2759.5,2791.89990234375,2759.5,2774.800048828125,366648
2026-04-21 13:15:00,2775.0,2786.60009765625,2771.39990234375,2771.39990234375,166546
2026-04-22 09:15:00,2765.0,2809.89990234375,2755.60009765625,2775.10009765625,556286
2026-04-22 13:15:00,2775.10009765625,2789.5,2766.39990234375,2776.60009765625,291863
2026-04-23 09:15:00,2755.0,2767.300048828125,2735.10009765625,2758.699951171875,255897
2026-04-23 13:15:00,2760.0,2766.89990234375,2727.0,2735.0,513178
2026-04-24 09:15:00,2752.199951171875,2768.199951171875,2743.699951171875,2747.199951171875,700182
2026-04-24 13:15:00,2747.39990234375,2750.0,2733.0,2739.300048828125,305170
2026-04-27 09:15:00,2765.699951171875,2792.0,2754.300048828125,2792.0,238628
2026-04-27 13:15:00,2793.0,2810.10009765625,2772.0,2778.199951171875,614235
2026-04-28 09:15:00,2790.0,2846.300048828125,2790.0,2816.0,634394
2026-04-28 13:15:00,2817.300048828125,2817.5,2772.199951171875,2783.0,494293
2026-04-29 09:15:00,2793.199951171875,2838.60009765625,2778.0,2820.0,561103
2026-04-29 13:15:00,2820.300048828125,2821.39990234375,2796.5,2803.199951171875,336430
2026-04-30 09:15:00,2758.0,2779.199951171875,2741.10009765625,2773.5,583771
2026-04-30 13:15:00,2773.5,2801.300048828125,2770.10009765625,2787.10009765625,474690
2026-05-04 09:15:00,2819.800048828125,2857.800048828125,2814.699951171875,2844.300048828125,360847
2026-05-04 13:15:00,2844.300048828125,2865.39990234375,2826.699951171875,2850.0,510750
2026-05-05 09:15:00,2840.89990234375,2877.39990234375,2827.39990234375,2874.699951171875,335867
2026-05-05 13:15:00,2874.800048828125,2879.699951171875,2863.699951171875,2871.5,511436
2026-05-06 09:15:00,2890.699951171875,2902.89990234375,2872.60009765625,2882.10009765625,49556
2026-05-06 13:15:00,2881.60009765625,2923.300048828125,2881.10009765625,2914.800048828125,254714
2026-05-07 09:15:00,2909.699951171875,2974.89990234375,2909.699951171875,2961.699951171875,198646
2026-05-07 13:15:00,2961.60009765625,2965.0,2952.199951171875,2965.0,218975
2026-05-08 09:15:00,2956.0,2980.0,2932.10009765625,2962.10009765625,245754
2026-05-08 13:15:00,2962.699951171875,2976.89990234375,2958.5,2960.199951171875,185907
2026-05-11 09:15:00,2948.60009765625,3007.300048828125,2929.60009765625,3004.699951171875,287341
2026-05-11 13:15:00,3004.699951171875,3004.800048828125,2973.0,2984.199951171875,214083
2026-05-12 09:15:00,2979.699951171875,2981.699951171875,2921.199951171875,2936.199951171875,197875
2026-05-12 13:15:00,2935.199951171875,2941.5,2895.5,2905.0,221559
2026-05-13 09:15:00,2912.0,2957.199951171875,2910.0,2943.800048828125,588515
2026-05-13 13:15:00,2943.800048828125,2968.699951171875,2936.5,2945.60009765625,439638
2026-05-14 09:15:00,2965.699951171875,2982.10009765625,2943.0,2951.699951171875,951504
2026-05-14 13:15:00,2950.0,2954.0,2933.199951171875,2938.699951171875,489794
2026-05-15 09:15:00,2937.699951171875,2968.39990234375,2933.89990234375,2957.39990234375,303541
2026-05-15 13:15:00,2957.39990234375,2959.5,2924.300048828125,2933.800048828125,665647
2026-05-18 09:15:00,2906.0,2948.89990234375,2900.5,2936.10009765625,265956
2026-05-18 13:15:00,2936.199951171875,2955.5,2925.10009765625,2943.800048828125,426085
2026-05-19 09:15:00,2955.60009765625,2970.0,2924.199951171875,2945.800048828125,200170
2026-05-19 13:15:00,2946.300048828125,2951.699951171875,2920.39990234375,2925.0,354848
2026-05-20 09:15:00,2893.5,2922.0,2880.60009765625,2916.0,200927
2026-05-20 13:15:00,2915.300048828125,2986.60009765625,2888.199951171875,2971.10009765625,919287
2026-05-21 09:15:00,3035.800048828125,3137.39990234375,3035.800048828125,3133.10009765625,1284817
2026-05-21 13:15:00,3134.39990234375,3178.5,3133.199951171875,3162.0,2002550
2026-05-22 09:15:00,3177.800048828125,3187.60009765625,3142.60009765625,3165.39990234375,305166
2026-05-22 13:15:00,3165.39990234375,3171.39990234375,3148.0,3155.300048828125,310961
2026-05-25 09:15:00,3187.89990234375,3192.0,3128.5,3172.800048828125,196193
2026-05-25 13:15:00,3172.800048828125,3180.5,3164.699951171875,3171.60009765625,272027
2026-05-26 09:15:00,3165.0,3196.0,3159.60009765625,3167.60009765625,399000
2026-05-26 13:15:00,3167.800048828125,3178.0,3158.0,3164.89990234375,425052
2026-05-27 09:15:00,3168.0,3197.5,3158.0,3167.5,107977
2026-05-27 13:15:00,3167.10009765625,3175.0,3164.39990234375,3170.0,119285
2026-05-29 09:15:00,3175.199951171875,3184.0,3132.39990234375,3136.800048828125,437395
2026-05-29 13:15:00,3137.5,3151.10009765625,3112.0,3124.60009765625,1075726
2026-06-01 09:15:00,3151.699951171875,3151.699951171875,3084.300048828125,3103.0,225648
2026-06-01 13:15:00,3102.699951171875,3111.39990234375,3091.5,3092.300048828125,347543
2026-06-02 09:15:00,3069.0,3094.39990234375,3062.5,3088.699951171875,145759
2026-06-02 13:15:00,3089.89990234375,3104.300048828125,3082.0,3097.60009765625,255658
2026-06-03 09:15:00,3110.699951171875,3110.699951171875,3060.0,3087.60009765625,162802
2026-06-03 13:15:00,3088.89990234375,3113.60009765625,3087.60009765625,3101.60009765625,248698
2026-06-04 09:15:00,3092.5,3124.699951171875,3092.5,3114.89990234375,226465
2026-06-04 13:15:00,3114.300048828125,3138.300048828125,3088.39990234375,3103.5,635558
2026-06-05 09:15:00,3115.0,3124.5,3070.300048828125,3072.5,262456
2026-06-05 13:15:00,3072.199951171875,3096.699951171875,3067.699951171875,3076.199951171875,360700
2026-06-08 09:15:00,3059.39990234375,3099.800048828125,3039.0,3095.300048828125,186301
2026-06-08 13:15:00,3095.300048828125,3095.699951171875,3043.699951171875,3050.10009765625,342824
2026-06-09 09:15:00,3070.199951171875,3108.800048828125,3070.199951171875,3104.699951171875,366439
2026-06-09 13:15:00,3105.199951171875,3109.5,3092.0,3095.5,326162
2026-06-10 09:15:00,3090.0,3132.0,3083.0,3115.5,385744
2026-06-10 13:15:00,3115.5,3117.5,3066.0,3078.10009765625,300621
2026-06-11 09:15:00,3059.89990234375,3108.89990234375,3045.800048828125,3093.60009765625,262058
2026-06-11 13:15:00,3091.800048828125,3106.800048828125,3083.699951171875,3089.5,307805
2026-06-12 09:15:00,3111.0,3111.0,3075.0,3082.199951171875,237055
2026-06-12 13:15:00,3081.800048828125,3110.5,3078.89990234375,3105.5,238723
2026-06-15 09:15:00,3159.5,3165.89990234375,3131.10009765625,3162.199951171875,473372
2026-06-15 13:15:00,3162.0,3174.300048828125,3157.300048828125,3164.5,351188
2026-06-16 09:15:00,3179.89990234375,3179.89990234375,3142.199951171875,3153.5,100268
2026-06-16 13:15:00,3153.699951171875,3155.800048828125,3135.0,3142.800048828125,144957
2026-06-17 09:15:00,3145.39990234375,3152.300048828125,3119.39990234375,3121.300048828125,114169
2026-06-17 13:15:00,3120.89990234375,3157.60009765625,3115.89990234375,3150.89990234375,251175
2026-06-18 09:15:00,3159.0,3165.0,3109.800048828125,3133.199951171875,286368
2026-06-18 13:15:00,3133.10009765625,3151.800048828125,3125.199951171875,3145.10009765625,241205
2026-06-19 09:15:00,3142.0,3167.0,3130.0,3138.60009765625,68017
2026-06-19 13:15:00,3138.60009765625,3159.10009765625,3130.0,3149.5,409012
2026-06-22 09:15:00,3156.5,3173.800048828125,3130.0,3173.10009765625,128275
2026-06-22 13:15:00,3173.10009765625,3180.0,3165.199951171875,3175.199951171875,195044
2026-06-23 09:15:00,3185.89990234375,3185.89990234375,3131.199951171875,3145.699951171875,140501
2026-06-23 13:15:00,3145.699951171875,3158.300048828125,3126.10009765625,3144.300048828125,500284
2026-06-24 09:15:00,3103.10009765625,3142.5,3097.5,3134.199951171875,316979
2026-06-24 13:15:00,3134.5,3138.39990234375,3120.0,3127.89990234375,319611
2026-06-25 09:15:00,3132.0,3155.800048828125,3115.10009765625,3152.89990234375,257169
2026-06-25 13:15:00,3153.300048828125,3155.10009765625,3118.5,3126.60009765625,487700
2026-06-29 09:15:00,3142.39990234375,3142.39990234375,3073.89990234375,3087.0,448700
2026-06-29 13:15:00,3086.800048828125,3110.0,3072.300048828125,3080.199951171875,787732
2026-06-30 09:15:00,3085.0,3128.5,3081.300048828125,3108.800048828125,344206
2026-06-30 13:15:00,3108.199951171875,3121.300048828125,3093.5,3100.0,478061
2026-07-01 09:15:00,3100.10009765625,3143.699951171875,3086.0,3141.0,194584
2026-07-01 13:15:00,3141.5,3144.39990234375,3128.0,3139.0,195581
2026-07-02 09:15:00,3153.0,3166.39990234375,3134.39990234375,3161.39990234375,99720
2026-07-02 13:15:00,3161.10009765625,3173.800048828125,3154.5,3169.199951171875,276928
2026-07-03 09:15:00,3175.0,3218.60009765625,3166.0,3189.0,129566
2026-07-03 13:15:00,3188.39990234375,3194.39990234375,3176.0,3184.0,119067
2026-07-06 09:15:00,3187.0,3215.0,3172.199951171875,3206.5,158444
2026-07-06 13:15:00,3206.300048828125,3218.0,3191.699951171875,3217.300048828125,177323
2026-07-07 09:15:00,3201.10009765625,3220.0,3180.0,3203.89990234375,186794
2026-07-07 13:15:00,3203.60009765625,3208.300048828125,3177.10009765625,3178.89990234375,311955
2026-07-08 09:15:00,3174.0,3188.39990234375,3162.0,3177.39990234375,81803
2026-07-08 13:15:00,3177.39990234375,3179.60009765625,3121.39990234375,3134.800048828125,335177
2026-07-09 09:15:00,3142.10009765625,3222.0,3142.10009765625,3212.5,234478
2026-07-09 13:15:00,3212.5,3213.5,3187.199951171875,3191.89990234375,581079
2026-07-10 09:15:00,3208.800048828125,3246.0,3202.0,3226.199951171875,152742
2026-07-10 13:15:00,3226.199951171875,3227.39990234375,3208.0,3216.0,209162
2026-07-13 09:15:00,3191.10009765625,3216.300048828125,3147.10009765625,3160.0,212415
2026-07-13 13:15:00,3158.199951171875,3161.89990234375,3125.199951171875,3135.0,364871
2026-07-14 09:15:00,3131.0,3150.800048828125,3093.60009765625,3111.800048828125,200868
2026-07-14 13:15:00,3111.699951171875,3127.800048828125,3107.199951171875,3113.0,416097
2026-07-15 09:15:00,3124.0,3147.89990234375,3090.199951171875,3095.199951171875,446752
2026-07-15 13:15:00,3095.0,3100.0,3080.0,3086.10009765625,233663
2026-07-16 09:15:00,3105.0,3105.0,3066.300048828125,3073.800048828125,208373
2026-07-16 13:15:00,3073.89990234375,3075.199951171875,3060.0,3072.89990234375,328538
2026-07-17 09:15:00,3075.300048828125,3103.5,3066.0,3083.699951171875,138442
2026-07-17 13:15:00,3083.699951171875,3118.0,3078.800048828125,3109.699951171875,388539
2026-07-20 09:15:00,3100.0,3139.800048828125,3092.699951171875,3132.89990234375,76380
2026-07-20 13:15:00,3133.300048828125,3153.89990234375,3123.300048828125,3143.800048828125,217290
2026-07-21 09:15:00,3146.60009765625,3163.699951171875,3143.800048828125,3163.0,160428
2026-07-21 13:15:00,3163.199951171875,3194.89990234375,3159.60009765625,3179.800048828125,453999
2026-07-22 09:15:00,3169.0,3172.800048828125,3149.39990234375,3162.10009765625,114301
2026-07-22 13:15:00,3165.0,3174.89990234375,3146.60009765625,3166.300048828125,257651
2026-07-23 09:15:00,3168.300048828125,3179.5,3100.10009765625,3101.5,94535
2026-07-23 13:15:00,3101.39990234375,3120.0,3096.0,3113.0,189353
2026-07-24 09:15:00,3086.0,3098.89990234375,3067.0,3084.699951171875,147740
2026-07-24 13:15:00,3084.699951171875,3097.300048828125,3080.0,3093.10009765625,143700
2026-07-27 09:15:00,3104.699951171875,3106.10009765625,3086.10009765625,3093.89990234375,107943
2026-07-27 13:15:00,3094.800048828125,3120.0,3089.5,3112.39990234375,130160
2026-07-28 09:15:00,3119.5,3126.60009765625,3103.0,3104.300048828125,94181
2026-07-28 13:15:00,3104.300048828125,3120.0,3102.300048828125,3120.0,243194
2026-07-29 09:15:00,3111.5,3148.0,3107.800048828125,3112.699951171875,127863
2026-07-29 13:15:00,3112.5,3124.0,3105.300048828125,3110.0,131727
2026-07-30 09:15:00,3115.39990234375,3115.39990234375,3086.300048828125,3086.89990234375,118424
2026-07-30 13:15:00,3086.199951171875,3112.89990234375,3085.5,3104.800048828125,158430
2026-07-31 09:15:00,3117.39990234375,3135.0,3107.10009765625,3110.89990234375,65196
2026-07-31 13:15:00,3112.300048828125,3116.300048828125,3092.60009765625,3092.60009765625,201082
2026-08-03 09:15:00,3120.0,3161.0,3104.10009765625,3153.699951171875,172447
2026-08-03 13:15:00,3153.699951171875,3260.0,3148.10009765625,3260.0,121710
2026-08-04 09:15:00,3187.800048828125,3187.800048828125,3128.39990234375,3128.60009765625,245032
2026-08-04 13:15:00,3129.89990234375,3138.0,3117.10009765625,3138.0,313838
2026-08-05 09:15:00,3145.0,3227.89990234375,3136.699951171875,3199.199951171875,343413
2026-08-05 13:15:00,3198.39990234375,3224.0,3195.60009765625,3224.0,257892
2026-08-06 09:15:00,3213.10009765625,3232.800048828125,3183.60009765625,3188.699951171875,100582
2026-08-06 13:15:00,3188.0,3220.0,3184.699951171875,3220.0,195250
2026-08-07 09:15:00,3213.199951171875,3277.800048828125,3183.0,3276.199951171875,383621
2026-08-07 13:15:00,3272.60009765625,3349.10009765625,3271.0,3323.0,628081
