Datetime,Open,High,Low,Close,Volume
2023-08-28 09:15:00,1313.0,1317.0,1305.1500244140625,1314.0999755859375,120851
2023-08-28 13:15:00,1314.0999755859375,1322.5,1311.25,1315.9000244140625,162040
2023-08-29 09:15:00,1316.699951171875,1322.5,1311.300048828125,1321.3499755859375,422251
2023-08-29 13:15:00,1320.5999755859375,1342.800048828125,1320.199951171875,1338.9000244140625,229002
2023-08-30 09:15:00,1343.0,1364.4000244140625,1336.0,1361.949951171875,974244
2023-08-30 13:15:00,1361.949951171875,1364.4000244140625,1349.0999755859375,1353.949951171875,383564
2023-08-31 09:15:00,1362.449951171875,1369.0999755859375,1350.0,1367.75,394270
2023-08-31 13:15:00,1367.25,1397.0,1366.050048828125,1384.550048828125,1334147
2023-09-01 09:15:00,1384.0,1389.0,1369.1500244140625,1370.5,504791
2023-09-01 13:15:00,1370.5,1379.6500244140625,1369.9000244140625,1379.0,218421
2023-09-04 09:15:00,1379.800048828125,1381.050048828125,1360.800048828125,1362.0,273949
2023-09-04 13:15:00,1361.6500244140625,1362.0,1356.050048828125,1359.199951171875,198048
2023-09-05 09:15:00,1364.25,1377.449951171875,1352.0999755859375,1354.0,254230
2023-09-05 13:15:00,1353.449951171875,1370.0,1352.0,1359.4000244140625,228483
2023-09-06 09:15:00,1359.9000244140625,1375.0,1348.4000244140625,1350.199951171875,557788
2023-09-06 13:15:00,1350.800048828125,1356.050048828125,1349.0,1353.300048828125,263625
2023-09-07 09:15:00,1355.0,1372.25,1352.050048828125,1359.0999755859375,185565
2023-09-07 13:15:00,1359.699951171875,1372.0,1359.0,1370.4000244140625,334472
2023-09-08 09:15:00,1378.050048828125,1453.550048828125,1376.699951171875,1442.949951171875,2836248
2023-09-08 13:15:00,1443.0999755859375,1453.300048828125,1437.25,1450.25,775091
2023-09-11 09:15:00,1464.9000244140625,1464.9000244140625,1436.300048828125,1443.0,198801
2023-09-11 13:15:00,1443.25,1447.949951171875,1440.0,1446.050048828125,308594
2023-09-12 09:15:00,1453.0,1453.0,1413.4000244140625,1426.0,197865
2023-09-12 13:15:00,1426.050048828125,1426.5999755859375,1410.6500244140625,1416.5999755859375,231263
2023-09-13 09:15:00,1416.6500244140625,1416.699951171875,1373.550048828125,1398.800048828125,407832
2023-09-13 13:15:00,1398.9000244140625,1410.449951171875,1388.0,1400.25,618321
2023-09-14 09:15:00,1406.0999755859375,1410.8499755859375,1388.0,1390.0,262651
2023-09-14 13:15:00,1390.0,1400.0,1386.8499755859375,1391.9000244140625,250767
2023-09-15 09:15:00,1395.4000244140625,1431.5999755859375,1384.5,1426.0999755859375,697472
2023-09-15 13:15:00,1426.199951171875,1438.0,1424.8499755859375,1431.050048828125,742621
2023-09-18 09:15:00,1434.300048828125,1440.3499755859375,1423.4000244140625,1428.0,468208
2023-09-18 13:15:00,1427.300048828125,1428.0999755859375,1415.0999755859375,1425.25,248527
2023-09-20 09:15:00,1420.5999755859375,1427.699951171875,1403.8499755859375,1416.699951171875,298597
2023-09-20 13:15:00,1416.699951171875,1421.199951171875,1409.6500244140625,1415.0,225711
2023-09-21 09:15:00,1413.699951171875,1419.75,1400.5,1402.5999755859375,148489
2023-09-21 13:15:00,1402.5999755859375,1416.699951171875,1397.4000244140625,1414.800048828125,171397
2023-09-22 09:15:00,1413.3499755859375,1417.0,1388.4000244140625,1406.199951171875,79397
2023-09-22 13:15:00,1405.699951171875,1405.8499755859375,1390.0,1392.5999755859375,195650
2023-09-25 09:15:00,1392.5999755859375,1413.1500244140625,1377.5,1412.4000244140625,115759
2023-09-25 13:15:00,1412.4000244140625,1414.0999755859375,1393.5,1399.25,254151
2023-09-26 09:15:00,1396.800048828125,1406.8499755859375,1395.300048828125,1400.6500244140625,106742
2023-09-26 13:15:00,1400.5999755859375,1409.8499755859375,1397.050048828125,1399.800048828125,147431
2023-09-27 09:15:00,1396.0,1400.0,1388.300048828125,1396.949951171875,57235
2023-09-27 13:15:00,1396.949951171875,1409.949951171875,1389.050048828125,1406.6500244140625,233301
2023-09-28 09:15:00,1413.3499755859375,1416.3499755859375,1385.5,1385.949951171875,179922
2023-09-28 13:15:00,1386.1500244140625,1386.949951171875,1368.050048828125,1375.1500244140625,683061
2023-09-29 09:15:00,1376.050048828125,1394.949951171875,1376.050048828125,1393.0,90578
2023-09-29 13:15:00,1393.0,1395.6500244140625,1385.550048828125,1388.949951171875,228491
2023-10-03 09:15:00,1385.0,1400.449951171875,1370.0,1400.0,217623
2023-10-03 13:15:00,1399.949951171875,1401.6500244140625,1381.0,1387.699951171875,395384
2023-10-04 09:15:00,1385.949951171875,1409.4000244140625,1375.8499755859375,1379.8499755859375,255473
2023-10-04 13:15:00,1380.449951171875,1396.8499755859375,1377.699951171875,1393.5999755859375,251427
2023-10-05 09:15:00,1397.9000244140625,1425.0,1393.050048828125,1412.8499755859375,266754
2023-10-05 13:15:00,1412.9000244140625,1414.0,1409.0,1411.3499755859375,125046
2023-10-06 09:15:00,1411.0,1419.0,1397.449951171875,1399.3499755859375,104635
2023-10-06 13:15:00,1399.3499755859375,1403.199951171875,1395.0,1399.449951171875,97643
2023-10-09 09:15:00,1390.0,1397.9000244140625,1380.3499755859375,1385.5,187849
2023-10-09 13:15:00,1386.0,1390.0,1381.0,1383.550048828125,104579
2023-10-10 09:15:00,1390.0,1405.0,1386.300048828125,1403.949951171875,148170
2023-10-10 13:15:00,1403.300048828125,1405.6500244140625,1394.550048828125,1399.4000244140625,333768
2023-10-11 09:15:00,1406.0,1419.5999755859375,1386.050048828125,1388.550048828125,192963
2023-10-11 13:15:00,1389.25,1397.1500244140625,1387.5,1389.949951171875,219696
2023-10-12 09:15:00,1399.949951171875,1399.949951171875,1389.0999755859375,1393.3499755859375,72523
2023-10-12 13:15:00,1393.0,1394.9000244140625,1384.6500244140625,1388.0999755859375,267768
2023-10-13 09:15:00,1387.0,1400.0,1380.0,1394.0,151286
2023-10-13 13:15:00,1394.25,1394.6500244140625,1387.5,1391.0,89951
2023-10-16 09:15:00,1391.0,1410.0,1384.949951171875,1402.1500244140625,271059
2023-10-16 13:15:00,1401.949951171875,1419.300048828125,1400.4000244140625,1414.25,286707
2023-10-17 09:15:00,1421.9000244140625,1424.8499755859375,1390.0,1392.25,316497
2023-10-17 13:15:00,1391.800048828125,1395.300048828125,1379.0999755859375,1382.5,489983
2023-10-18 09:15:00,1369.8499755859375,1372.800048828125,1340.5,1350.550048828125,728432
2023-10-18 13:15:00,1349.25,1354.1500244140625,1336.0999755859375,1340.3499755859375,773652
2023-10-19 09:15:00,1359.0999755859375,1379.0,1344.199951171875,1360.449951171875,520976
2023-10-19 13:15:00,1360.0,1374.949951171875,1352.0,1362.699951171875,570316
2023-10-20 09:15:00,1338.199951171875,1374.050048828125,1296.0999755859375,1297.300048828125,1325521
2023-10-20 13:15:00,1297.4000244140625,1305.699951171875,1290.0,1292.949951171875,956769
2023-10-23 09:15:00,1292.449951171875,1297.0999755859375,1277.5999755859375,1293.5,389750
2023-10-23 13:15:00,1293.449951171875,1300.0,1282.0999755859375,1283.0,513921
2023-10-25 09:15:00,1286.0999755859375,1301.25,1265.050048828125,1266.699951171875,615165
2023-10-25 13:15:00,1266.6500244140625,1272.800048828125,1263.4000244140625,1267.1500244140625,410180
2023-10-26 09:15:00,1264.0999755859375,1267.5,1240.25,1266.1500244140625,331849
2023-10-26 13:15:00,1266.1500244140625,1273.25,1261.949951171875,1266.9000244140625,282695
2023-10-27 09:15:00,1275.0,1282.699951171875,1261.25,1261.5,135162
2023-10-27 13:15:00,1261.5,1266.0,1257.0,1259.9000244140625,366184
2023-10-30 09:15:00,1263.699951171875,1271.5,1250.550048828125,1268.0,169097
2023-10-30 13:15:00,1268.0,1272.699951171875,1263.25,1269.050048828125,211704
2023-10-31 09:15:00,1278.0999755859375,1278.0999755859375,1257.0,1257.800048828125,162711
2023-10-31 13:15:00,1257.8499755859375,1260.9000244140625,1243.699951171875,1246.1500244140625,897860
2023-11-01 09:15:00,1248.8499755859375,1254.3499755859375,1233.25,1249.3499755859375,205971
2023-11-01 13:15:00,1249.449951171875,1249.949951171875,1238.8499755859375,1240.75,365868
2023-11-02 09:15:00,1251.0,1261.699951171875,1242.8499755859375,1259.75,167595
2023-11-02 13:15:00,1259.300048828125,1268.5999755859375,1257.6500244140625,1267.4000244140625,241747
2023-11-03 09:15:00,1273.5999755859375,1275.75,1266.5,1272.25,169924
2023-11-03 13:15:00,1272.449951171875,1273.550048828125,1266.0,1271.0,163320
2023-11-06 09:15:00,1261.949951171875,1268.0,1252.9000244140625,1267.4000244140625,745941
2023-11-06 13:15:00,1267.4000244140625,1270.0,1259.0,1265.0,659386
2023-11-07 09:15:00,1264.4000244140625,1264.4000244140625,1248.0,1249.4000244140625,151328
2023-11-07 13:15:00,1249.4000244140625,1255.5,1245.0999755859375,1255.5,346650
2023-11-08 09:15:00,1256.25,1263.050048828125,1251.0,1258.949951171875,197234
2023-11-08 13:15:00,1258.6500244140625,1259.949951171875,1249.25,1255.25,713555
2023-11-09 09:15:00,1256.449951171875,1260.25,1247.0,1253.5999755859375,187371
2023-11-09 13:15:00,1253.5999755859375,1257.699951171875,1250.4000244140625,1253.1500244140625,173663
2023-11-10 09:15:00,1253.949951171875,1260.75,1244.300048828125,1258.0,160836
2023-11-10 13:15:00,1258.8499755859375,1261.3499755859375,1251.25,1257.4000244140625,138351
2023-11-13 09:15:00,1262.0,1263.5999755859375,1249.5999755859375,1251.0,86443
2023-11-13 13:15:00,1250.1500244140625,1256.300048828125,1247.25,1252.0,357226
2023-11-15 09:15:00,1260.949951171875,1270.0,1253.75,1268.800048828125,111054
2023-11-15 13:15:00,1268.6500244140625,1270.0,1259.699951171875,1262.050048828125,348378
2023-11-16 09:15:00,1267.6500244140625,1275.949951171875,1262.050048828125,1275.0,209706
2023-11-16 13:15:00,1275.9000244140625,1282.699951171875,1274.050048828125,1279.1500244140625,339347
2023-11-17 09:15:00,1277.9000244140625,1286.300048828125,1273.6500244140625,1282.3499755859375,226229
2023-11-17 13:15:00,1282.3499755859375,1282.9000244140625,1277.4000244140625,1280.75,169777
2023-11-20 09:15:00,1284.5999755859375,1284.5999755859375,1273.0,1276.050048828125,110915
2023-11-20 13:15:00,1276.050048828125,1279.5999755859375,1273.050048828125,1275.75,143141
2023-11-21 09:15:00,1276.4000244140625,1307.550048828125,1275.949951171875,1299.75,500133
2023-11-21 13:15:00,1299.75,1301.0999755859375,1296.449951171875,1298.9000244140625,246199
2023-11-22 09:15:00,1304.0,1309.5999755859375,1298.0,1305.5,341735
2023-11-22 13:15:00,1305.3499755859375,1308.5,1302.0,1306.0,170067
2023-11-23 09:15:00,1309.75,1315.0,1297.050048828125,1300.5,95260
2023-11-23 13:15:00,1300.449951171875,1303.1500244140625,1299.550048828125,1301.050048828125,86971
2023-11-24 09:15:00,1302.25,1303.3499755859375,1285.699951171875,1296.0999755859375,141745
2023-11-24 13:15:00,1295.949951171875,1299.0999755859375,1290.949951171875,1294.300048828125,223841
2023-11-28 09:15:00,1294.050048828125,1294.3499755859375,1284.0,1290.1500244140625,139434
2023-11-28 13:15:00,1290.050048828125,1290.3499755859375,1278.0,1281.25,179022
2023-11-29 09:15:00,1291.0,1295.050048828125,1284.199951171875,1290.449951171875,164300
2023-11-29 13:15:00,1290.050048828125,1293.0,1286.0,1288.050048828125,259705
2023-11-30 09:15:00,1292.699951171875,1297.949951171875,1282.300048828125,1291.9000244140625,150291
2023-11-30 13:15:00,1291.800048828125,1308.0999755859375,1289.800048828125,1306.0,762801
2023-12-01 09:15:00,1312.5,1319.949951171875,1306.0,1314.949951171875,125345
2023-12-01 13:15:00,1314.25,1315.6500244140625,1308.3499755859375,1312.449951171875,151789
2023-12-04 09:15:00,1320.75,1324.449951171875,1308.8499755859375,1311.0,196373
2023-12-04 13:15:00,1311.050048828125,1316.5999755859375,1309.050048828125,1313.699951171875,242802
2023-12-05 09:15:00,1317.0999755859375,1321.0,1305.0,1313.8499755859375,169023
2023-12-05 13:15:00,1313.5999755859375,1319.949951171875,1311.949951171875,1317.550048828125,150738
2023-12-06 09:15:00,1320.800048828125,1339.9000244140625,1320.800048828125,1334.0,234563
2023-12-06 13:15:00,1334.6500244140625,1335.5,1323.050048828125,1326.3499755859375,251334
2023-12-07 09:15:00,1328.0,1346.949951171875,1315.449951171875,1345.699951171875,175388
2023-12-07 13:15:00,1345.699951171875,1351.0,1341.550048828125,1349.5,260205
2023-12-08 09:15:00,1354.449951171875,1356.9000244140625,1332.0,1336.300048828125,188290
2023-12-08 13:15:00,1336.699951171875,1346.9000244140625,1333.199951171875,1340.0,245165
2023-12-11 09:15:00,1346.800048828125,1348.699951171875,1338.4000244140625,1346.8499755859375,174277
2023-12-11 13:15:00,1346.8499755859375,1348.5,1340.300048828125,1340.300048828125,251512
2023-12-12 09:15:00,1348.9000244140625,1363.3499755859375,1335.1500244140625,1338.550048828125,228281
2023-12-12 13:15:00,1338.199951171875,1344.75,1329.1500244140625,1332.5,358272
2023-12-13 09:15:00,1341.0,1341.0,1310.5,1318.1500244140625,202674
2023-12-13 13:15:00,1318.1500244140625,1328.0,1316.550048828125,1327.300048828125,266410
2023-12-14 09:15:00,1336.8499755859375,1336.8499755859375,1328.0999755859375,1332.550048828125,127283
2023-12-14 13:15:00,1333.0,1337.0,1330.0,1331.199951171875,198799
2023-12-15 09:15:00,1335.550048828125,1344.949951171875,1331.449951171875,1339.300048828125,107039
2023-12-15 13:15:00,1339.0999755859375,1340.199951171875,1327.5,1331.199951171875,317768
2023-12-18 09:15:00,1330.300048828125,1355.8499755859375,1325.199951171875,1345.3499755859375,248453
2023-12-18 13:15:00,1346.0,1349.0,1343.0,1345.8499755859375,141725
2023-12-19 09:15:00,1346.0,1358.449951171875,1332.4000244140625,1355.0,297711
2023-12-19 13:15:00,1355.0,1375.0,1353.550048828125,1373.0,493347
2023-12-20 09:15:00,1383.0,1395.0,1369.25,1370.050048828125,280275
2023-12-20 13:15:00,1370.050048828125,1370.1500244140625,1329.199951171875,1335.5999755859375,688130
2023-12-21 09:15:00,1330.0,1351.75,1312.9000244140625,1351.1500244140625,366505
2023-12-21 13:15:00,1351.1500244140625,1351.699951171875,1335.8499755859375,1341.0999755859375,141207
2023-12-22 09:15:00,1345.550048828125,1355.0,1338.800048828125,1350.050048828125,225537
2023-12-22 13:15:00,1350.5,1355.949951171875,1343.050048828125,1351.800048828125,288462
2023-12-26 09:15:00,1350.0,1364.6500244140625,1350.0,1362.25,111782
2023-12-26 13:15:00,1362.25,1363.800048828125,1356.449951171875,1361.550048828125,189187
2023-12-27 09:15:00,1363.550048828125,1379.9000244140625,1357.0,1358.949951171875,184398
2023-12-27 13:15:00,1359.0,1364.4000244140625,1352.949951171875,1361.550048828125,303782
2023-12-28 09:15:00,1368.75,1378.5,1363.199951171875,1378.0,149797
2023-12-28 13:15:00,1377.0999755859375,1377.8499755859375,1364.0,1367.5,371364
2023-12-29 09:15:00,1373.0,1383.8499755859375,1362.1500244140625,1367.5,309392
2023-12-29 13:15:00,1368.4000244140625,1370.0,1364.550048828125,1367.949951171875,178785
2024-01-01 09:15:00,1374.0,1374.5999755859375,1362.0,1368.75,63405
2024-01-01 13:15:00,1368.25,1369.699951171875,1356.0,1362.199951171875,91318
2024-01-02 09:15:00,1365.449951171875,1372.550048828125,1346.0999755859375,1370.699951171875,448767
2024-01-02 13:15:00,1370.449951171875,1383.0,1369.5999755859375,1378.550048828125,190985
2024-01-03 09:15:00,1385.0999755859375,1420.949951171875,1382.300048828125,1413.199951171875,579942
2024-01-03 13:15:00,1413.199951171875,1415.75,1395.0,1397.0999755859375,292111
2024-01-04 09:15:00,1402.949951171875,1412.3499755859375,1387.1500244140625,1405.0,334998
2024-01-04 13:15:00,1405.0,1405.1500244140625,1395.800048828125,1400.0,252716
2024-01-05 09:15:00,1402.5999755859375,1416.0,1398.3499755859375,1406.8499755859375,180254
2024-01-05 13:15:00,1406.4000244140625,1408.75,1396.4000244140625,1400.199951171875,208451
2024-01-08 09:15:00,1404.300048828125,1404.449951171875,1379.300048828125,1387.25,234247
2024-01-08 13:15:00,1387.050048828125,1390.75,1372.6500244140625,1376.0,118010
2024-01-09 09:15:00,1380.0,1395.449951171875,1380.0,1383.050048828125,120466
2024-01-09 13:15:00,1383.050048828125,1385.5999755859375,1375.5999755859375,1379.6500244140625,205968
2024-01-10 09:15:00,1376.25,1386.1500244140625,1365.4000244140625,1378.8499755859375,195363
2024-01-10 13:15:00,1378.8499755859375,1394.0,1370.449951171875,1390.699951171875,869448
2024-01-11 09:15:00,1410.0,1472.0,1405.6500244140625,1430.050048828125,1990229
2024-01-11 13:15:00,1430.0,1436.949951171875,1421.050048828125,1430.949951171875,542436
2024-01-12 09:15:00,1434.300048828125,1443.949951171875,1420.0999755859375,1431.4000244140625,228631
2024-01-12 13:15:00,1431.8499755859375,1436.5999755859375,1428.050048828125,1432.050048828125,176427
2024-01-15 09:15:00,1435.0,1446.0,1423.0,1443.8499755859375,240463
2024-01-15 13:15:00,1443.8499755859375,1446.8499755859375,1438.300048828125,1440.550048828125,206257
2024-01-16 09:15:00,1440.800048828125,1443.0,1426.0,1430.5,288227
2024-01-16 13:15:00,1430.0,1435.0,1428.5,1430.199951171875,291403
2024-01-17 09:15:00,1427.199951171875,1444.050048828125,1414.75,1430.050048828125,485731
2024-01-17 13:15:00,1430.050048828125,1437.4000244140625,1428.75,1431.3499755859375,263752
2024-01-18 09:15:00,1424.050048828125,1433.949951171875,1398.5,1402.9000244140625,211831
2024-01-18 13:15:00,1403.550048828125,1407.800048828125,1394.050048828125,1398.0,240722
2024-01-19 09:15:00,1410.0,1411.6500244140625,1382.550048828125,1387.1500244140625,181838
2024-01-19 13:15:00,1387.0,1388.4000244140625,1370.8499755859375,1386.0,339271
2024-01-23 09:15:00,1342.5,1364.050048828125,1318.0,1322.949951171875,641521
2024-01-23 13:15:00,1322.949951171875,1323.3499755859375,1301.0,1313.1500244140625,494039
2024-01-24 09:15:00,1287.0,1322.0,1280.0999755859375,1297.25,483443
2024-01-24 13:15:00,1296.3499755859375,1309.0,1292.4000244140625,1305.5999755859375,225068
2024-01-25 09:15:00,1307.75,1310.800048828125,1285.25,1286.0,125506
2024-01-25 13:15:00,1286.550048828125,1293.8499755859375,1283.25,1291.199951171875,255965
2024-01-29 09:15:00,1292.699951171875,1310.050048828125,1290.300048828125,1308.800048828125,316125
2024-01-29 13:15:00,1309.0999755859375,1322.75,1306.5,1317.9000244140625,478237
2024-01-30 09:15:00,1318.25,1318.25,1299.199951171875,1304.3499755859375,206877
2024-01-30 13:15:00,1303.75,1310.050048828125,1290.4000244140625,1295.0999755859375,356114
2024-01-31 09:15:00,1300.0,1302.25,1287.449951171875,1292.9000244140625,456855
2024-01-31 13:15:00,1292.4000244140625,1296.550048828125,1289.050048828125,1294.4000244140625,319606
2024-02-01 09:15:00,1301.75,1312.0,1293.25,1307.050048828125,296906
2024-02-01 13:15:00,1307.050048828125,1317.8499755859375,1305.050048828125,1310.800048828125,282578
2024-02-02 09:15:00,1319.6500244140625,1334.949951171875,1308.550048828125,1331.8499755859375,720137
2024-02-02 13:15:00,1331.800048828125,1343.25,1328.949951171875,1342.0,377692
2024-02-05 09:15:00,1348.550048828125,1357.800048828125,1340.9000244140625,1349.8499755859375,803274
2024-02-05 13:15:00,1350.4000244140625,1353.0,1335.050048828125,1336.25,718011
2024-02-06 09:15:00,1344.5999755859375,1349.800048828125,1334.0999755859375,1344.0,104245
2024-02-06 13:15:00,1344.0,1347.9000244140625,1343.0999755859375,1347.0,210496
2024-02-07 09:15:00,1352.4000244140625,1355.699951171875,1338.1500244140625,1346.0,97924
2024-02-07 13:15:00,1345.550048828125,1355.9000244140625,1344.0,1351.0,268432
2024-02-08 09:15:00,1351.9000244140625,1353.6500244140625,1343.0999755859375,1351.449951171875,303972
2024-02-08 13:15:00,1351.449951171875,1353.0,1334.0999755859375,1352.0,401717
2024-02-09 09:15:00,1342.5999755859375,1354.6500244140625,1326.6500244140625,1333.449951171875,613594
2024-02-09 13:15:00,1333.449951171875,1348.949951171875,1330.0,1348.8499755859375,173328
2024-02-12 09:15:00,1345.0,1354.0,1328.699951171875,1334.0,454932
2024-02-12 13:15:00,1333.75,1337.550048828125,1328.199951171875,1334.25,181908
2024-02-13 09:15:00,1333.0999755859375,1338.3499755859375,1315.050048828125,1336.0,390719
2024-02-13 13:15:00,1336.050048828125,1366.1500244140625,1335.1500244140625,1362.949951171875,353396
2024-02-14 09:15:00,1361.75,1388.949951171875,1357.050048828125,1377.0,342534
2024-02-14 13:15:00,1376.25,1385.0,1374.0999755859375,1380.75,227649
2024-02-15 09:15:00,1384.449951171875,1391.0999755859375,1379.949951171875,1383.1500244140625,101693
2024-02-15 13:15:00,1383.199951171875,1386.5,1376.0,1379.4000244140625,95889
2024-02-16 09:15:00,1386.949951171875,1397.0,1378.949951171875,1394.0,237090
2024-02-16 13:15:00,1393.949951171875,1401.0,1393.6500244140625,1399.8499755859375,220851
2024-02-19 09:15:00,1403.5,1422.5,1394.0,1411.75,1149005
2024-02-19 13:15:00,1411.550048828125,1421.5,1407.550048828125,1410.550048828125,191052
2024-02-20 09:15:00,1409.3499755859375,1413.949951171875,1401.0,1404.0,159047
2024-02-20 13:15:00,1403.8499755859375,1405.5,1392.5,1395.199951171875,215713
2024-02-21 09:15:00,1398.449951171875,1412.75,1398.0,1411.1500244140625,91663
2024-02-21 13:15:00,1411.0999755859375,1419.699951171875,1405.75,1415.0,323063
2024-02-22 09:15:00,1423.8499755859375,1434.8499755859375,1415.0999755859375,1430.1500244140625,824183
2024-02-22 13:15:00,1430.050048828125,1438.0,1427.1500244140625,1428.0,438601
2024-02-23 09:15:00,1431.4000244140625,1437.699951171875,1424.050048828125,1434.0,169520
2024-02-23 13:15:00,1434.949951171875,1438.800048828125,1423.6500244140625,1425.0,322636
2024-02-26 09:15:00,1424.9000244140625,1428.1500244140625,1414.0999755859375,1420.8499755859375,118130
2024-02-26 13:15:00,1421.550048828125,1429.699951171875,1420.0,1420.0,148614
2024-02-27 09:15:00,1438.0,1482.0,1438.0,1464.4000244140625,1823979
2024-02-27 13:15:00,1464.449951171875,1474.0,1462.0,1471.199951171875,679838
2024-02-28 09:15:00,1474.0999755859375,1533.0,1474.0999755859375,1525.5,2160789
2024-02-28 13:15:00,1524.6500244140625,1550.0,1524.1500244140625,1527.0,2423065
2024-02-29 09:15:00,1526.25,1530.0,1511.1500244140625,1520.0,314850
2024-02-29 13:15:00,1519.199951171875,1539.949951171875,1516.3499755859375,1530.3499755859375,629228
2024-03-01 09:15:00,1527.75,1535.9000244140625,1507.050048828125,1513.9000244140625,322539
2024-03-01 13:15:00,1514.199951171875,1519.4000244140625,1506.300048828125,1519.0,297015
2024-03-04 09:15:00,1580.699951171875,1580.699951171875,1532.0,1554.0,688173
2024-03-04 13:15:00,1553.699951171875,1560.0,1550.699951171875,1553.300048828125,342677
2024-03-05 09:15:00,1558.0,1558.0,1526.0,1537.300048828125,318661
2024-03-05 13:15:00,1537.199951171875,1546.4000244140625,1533.550048828125,1542.0,523476
2024-03-06 09:15:00,1568.199951171875,1568.199951171875,1508.0,1515.0,450129
2024-03-06 13:15:00,1515.0,1521.9000244140625,1513.0,1517.0999755859375,542488
2024-03-07 09:15:00,1525.199951171875,1562.800048828125,1515.050048828125,1556.0,739100
2024-03-07 13:15:00,1555.4000244140625,1557.300048828125,1540.449951171875,1541.1500244140625,494042
2024-03-11 09:15:00,1542.0,1560.25,1533.1500244140625,1535.550048828125,291031
2024-03-11 13:15:00,1535.800048828125,1546.550048828125,1535.800048828125,1542.449951171875,327001
2024-03-12 09:15:00,1536.800048828125,1550.0,1511.0,1515.25,206148
2024-03-12 13:15:00,1514.5999755859375,1519.050048828125,1499.0,1502.0,232187
2024-03-13 09:15:00,1504.4000244140625,1540.699951171875,1486.050048828125,1493.8499755859375,630240
2024-03-13 13:15:00,1493.3499755859375,1497.949951171875,1465.0,1474.050048828125,416656
2024-03-14 09:15:00,1472.300048828125,1506.699951171875,1458.800048828125,1490.5,269832
2024-03-14 13:15:00,1490.550048828125,1524.699951171875,1488.0,1516.949951171875,417979
2024-03-15 09:15:00,1514.0,1519.550048828125,1476.5999755859375,1488.0,199889
2024-03-15 13:15:00,1487.800048828125,1504.199951171875,1476.050048828125,1479.0,670649
2024-03-18 09:15:00,1485.0,1496.4000244140625,1471.0,1493.25,143216
2024-03-18 13:15:00,1494.75,1505.5999755859375,1491.5,1501.6500244140625,163912
2024-03-19 09:15:00,1496.800048828125,1496.800048828125,1455.050048828125,1467.0,146890
2024-03-19 13:15:00,1467.0,1469.9000244140625,1450.0,1453.75,217391
2024-03-20 09:15:00,1459.25,1464.5999755859375,1435.050048828125,1455.5,160537
2024-03-20 13:15:00,1455.5,1465.949951171875,1455.0,1461.75,152581
2024-03-21 09:15:00,1469.550048828125,1484.6500244140625,1465.949951171875,1472.699951171875,142750
2024-03-21 13:15:00,1472.5,1491.550048828125,1469.0,1485.050048828125,210324
2024-03-22 09:15:00,1475.25,1494.699951171875,1472.0999755859375,1486.0999755859375,139529
2024-03-22 13:15:00,1486.0999755859375,1487.0,1465.050048828125,1470.800048828125,205839
2024-03-26 09:15:00,1455.300048828125,1474.949951171875,1449.9000244140625,1472.5,205787
2024-03-26 13:15:00,1472.5,1495.949951171875,1472.4000244140625,1495.6500244140625,421819
2024-03-27 09:15:00,1488.3499755859375,1504.1500244140625,1479.4000244140625,1503.050048828125,245753
2024-03-27 13:15:00,1502.800048828125,1505.0,1484.5,1492.5,607248
2024-03-28 09:15:00,1494.6500244140625,1510.0,1481.25,1504.0,301229
2024-03-28 13:15:00,1503.949951171875,1525.0,1503.4000244140625,1515.0,529113
2024-04-01 09:15:00,1532.4000244140625,1538.949951171875,1515.0,1518.800048828125,353154
2024-04-01 13:15:00,1519.6500244140625,1522.6500244140625,1510.949951171875,1514.449951171875,395613
2024-04-02 09:15:00,1523.4000244140625,1557.1500244140625,1516.800048828125,1542.4000244140625,1078389
2024-04-02 13:15:00,1542.6500244140625,1551.6500244140625,1540.3499755859375,1544.1500244140625,945809
2024-04-03 09:15:00,1547.949951171875,1561.9000244140625,1522.0,1548.6500244140625,409724
2024-04-03 13:15:00,1548.6500244140625,1556.5,1547.0,1551.5,487717
2024-04-04 09:15:00,1559.949951171875,1559.949951171875,1534.1500244140625,1545.050048828125,391643
2024-04-04 13:15:00,1545.050048828125,1547.6500244140625,1533.0,1538.75,275869
2024-04-05 09:15:00,1542.9000244140625,1548.550048828125,1532.3499755859375,1542.5,267863
2024-04-05 13:15:00,1542.5,1553.0,1542.0,1550.0999755859375,287955
2024-04-08 09:15:00,1562.0,1581.949951171875,1534.550048828125,1546.0,562613
2024-04-08 13:15:00,1546.0,1546.699951171875,1526.0,1533.9000244140625,501731
2024-04-09 09:15:00,1534.0,1536.5999755859375,1515.0,1521.050048828125,382139
2024-04-09 13:15:00,1521.050048828125,1522.6500244140625,1506.9000244140625,1512.699951171875,265510
2024-04-10 09:15:00,1513.6500244140625,1520.0,1495.6500244140625,1509.0999755859375,843553
2024-04-10 13:15:00,1509.1500244140625,1510.0,1496.5999755859375,1501.300048828125,305496
2024-04-12 09:15:00,1501.0999755859375,1536.300048828125,1489.550048828125,1515.9000244140625,764747
2024-04-12 13:15:00,1515.300048828125,1519.75,1501.050048828125,1510.6500244140625,493538
2024-04-15 09:15:00,1488.699951171875,1518.8499755859375,1476.0,1504.0,349277
2024-04-15 13:15:00,1503.4000244140625,1513.949951171875,1498.050048828125,1500.050048828125,317260
2024-04-16 09:15:00,1492.1500244140625,1506.0,1488.0999755859375,1491.949951171875,334059
2024-04-16 13:15:00,1491.3499755859375,1492.6500244140625,1473.449951171875,1485.449951171875,970118
2024-04-18 09:15:00,1495.0,1530.0,1494.199951171875,1525.0,420009
2024-04-18 13:15:00,1524.5999755859375,1525.0,1485.949951171875,1495.0,546842
2024-04-19 09:15:00,1474.949951171875,1499.699951171875,1454.1500244140625,1497.4000244140625,144818
2024-04-19 13:15:00,1497.5,1515.550048828125,1494.1500244140625,1498.949951171875,293994
2024-04-22 09:15:00,1515.8499755859375,1562.0,1507.0,1558.6500244140625,900387
2024-04-22 13:15:00,1559.1500244140625,1563.300048828125,1545.3499755859375,1550.75,528891
2024-04-23 09:15:00,1546.449951171875,1561.800048828125,1540.1500244140625,1549.3499755859375,512906
2024-04-23 13:15:00,1549.4000244140625,1555.949951171875,1546.0,1547.949951171875,315397
2024-04-24 09:15:00,1550.0,1578.9000244140625,1550.0,1560.949951171875,562223
2024-04-24 13:15:00,1560.949951171875,1569.9000244140625,1558.9000244140625,1567.5,267670
2024-04-25 09:15:00,1568.6500244140625,1574.9000244140625,1553.5,1559.0,521547
2024-04-25 13:15:00,1559.0,1572.0,1555.449951171875,1571.1500244140625,549582
2024-04-26 09:15:00,1585.0,1652.699951171875,1578.6500244140625,1630.0,2359406
2024-04-26 13:15:00,1630.0,1645.3499755859375,1628.0999755859375,1641.050048828125,735027
2024-04-29 09:15:00,1656.5,1660.5,1634.300048828125,1646.9000244140625,370070
2024-04-29 13:15:00,1646.9000244140625,1649.0,1631.449951171875,1644.449951171875,462499
2024-04-30 09:15:00,1641.449951171875,1688.0,1641.449951171875,1677.949951171875,805557
2024-04-30 13:15:00,1677.949951171875,1677.949951171875,1657.0,1664.0,687422
2024-05-02 09:15:00,1688.0,1705.0,1650.0999755859375,1667.8499755859375,841389
2024-05-02 13:15:00,1667.800048828125,1672.050048828125,1659.1500244140625,1667.6500244140625,628477
2024-05-03 09:15:00,1678.199951171875,1699.699951171875,1656.75,1660.0,847670
2024-05-03 13:15:00,1660.3499755859375,1668.75,1648.550048828125,1668.75,611799
2024-05-06 09:15:00,1671.550048828125,1693.3499755859375,1668.0,1682.300048828125,820134
2024-05-06 13:15:00,1682.300048828125,1682.949951171875,1672.300048828125,1675.0,292957
2024-05-07 09:15:00,1679.0,1702.949951171875,1662.449951171875,1666.550048828125,1173716
2024-05-07 13:15:00,1666.550048828125,1680.0,1665.050048828125,1672.949951171875,528335
2024-05-08 09:15:00,1668.9000244140625,1699.0,1657.800048828125,1696.5,425194
2024-05-08 13:15:00,1696.75,1698.4000244140625,1689.0,1689.0,654732
2024-05-09 09:15:00,1691.1500244140625,1704.8499755859375,1677.5999755859375,1687.9000244140625,476781
2024-05-09 13:15:00,1687.9000244140625,1692.300048828125,1666.75,1673.550048828125,626997
2024-05-10 09:15:00,1665.800048828125,1695.0,1663.5,1680.949951171875,327685
2024-05-10 13:15:00,1681.0,1692.4000244140625,1680.699951171875,1686.75,371100
2024-05-13 09:15:00,1689.8499755859375,1714.9000244140625,1676.25,1701.3499755859375,658978
2024-05-13 13:15:00,1702.0,1709.949951171875,1693.3499755859375,1706.4000244140625,681213
2024-05-14 09:15:00,1708.1500244140625,1743.300048828125,1708.1500244140625,1741.0999755859375,717470
2024-05-14 13:15:00,1741.0999755859375,1741.8499755859375,1724.449951171875,1730.0,700666
2024-05-15 09:15:00,1734.1500244140625,1749.9000244140625,1730.050048828125,1744.199951171875,262298
2024-05-15 13:15:00,1744.199951171875,1757.199951171875,1741.300048828125,1751.3499755859375,323284
2024-05-16 09:15:00,1753.9000244140625,1770.0,1753.8499755859375,1762.1500244140625,594838
2024-05-16 13:15:00,1762.050048828125,1785.0,1754.949951171875,1777.699951171875,539679
2024-05-17 09:15:00,1779.449951171875,1804.6500244140625,1779.449951171875,1800.1500244140625,401361
2024-05-17 13:15:00,1800.1500244140625,1819.949951171875,1796.0,1817.0,609090
2024-05-21 09:15:00,1824.949951171875,1874.4000244140625,1824.949951171875,1857.0,1175647
2024-05-21 13:15:00,1856.550048828125,1871.3499755859375,1852.0,1866.8499755859375,815769
2024-05-22 09:15:00,1869.5999755859375,1870.4000244140625,1833.550048828125,1843.550048828125,314337
2024-05-22 13:15:00,1843.199951171875,1849.0,1840.199951171875,1846.4000244140625,387243
2024-05-23 09:15:00,1835.5999755859375,1856.550048828125,1824.75,1842.699951171875,219631
2024-05-23 13:15:00,1842.300048828125,1856.949951171875,1833.0,1849.1500244140625,809037
2024-05-24 09:15:00,1852.0,1924.5999755859375,1843.75,1900.0,1442954
2024-05-24 13:15:00,1899.949951171875,1902.0,1883.1500244140625,1889.8499755859375,421332
2024-05-27 09:15:00,1897.949951171875,1919.5,1870.0999755859375,1898.6500244140625,520197
2024-05-27 13:15:00,1898.5999755859375,1900.0,1882.0,1887.300048828125,251512
2024-05-28 09:15:00,1890.699951171875,1906.3499755859375,1876.1500244140625,1877.550048828125,528406
2024-05-28 13:15:00,1877.550048828125,1891.5999755859375,1877.0,1885.75,504944
2024-05-29 09:15:00,1889.0,1909.5,1869.949951171875,1897.800048828125,244637
2024-05-29 13:15:00,1897.550048828125,1899.949951171875,1891.4000244140625,1894.0,320523
2024-05-30 09:15:00,1890.0,1904.0,1879.800048828125,1886.0,307112
2024-05-30 13:15:00,1887.050048828125,1888.0,1855.5999755859375,1860.0,516631
2024-05-31 09:15:00,1869.800048828125,1880.9000244140625,1856.0999755859375,1870.0,184505
2024-05-31 13:15:00,1870.0,1949.0,1865.0,1907.300048828125,1357960
2024-06-03 09:15:00,1975.050048828125,1979.25,1877.0999755859375,1880.550048828125,297325
2024-06-03 13:15:00,1880.25,1889.1500244140625,1866.800048828125,1879.300048828125,666281
2024-06-04 09:15:00,1870.0,1870.5,1711.449951171875,1780.3499755859375,687060
2024-06-04 13:15:00,1782.5,1799.949951171875,1758.5,1765.949951171875,608365
2024-06-05 09:15:00,1775.550048828125,1816.949951171875,1750.25,1781.050048828125,779670
2024-06-05 13:15:00,1781.199951171875,1803.3499755859375,1779.4000244140625,1792.800048828125,861991
2024-06-06 09:15:00,1814.449951171875,1875.0,1814.449951171875,1829.300048828125,1025765
2024-06-06 13:15:00,1830.0,1845.0,1828.0,1839.699951171875,709971
2024-06-07 09:15:00,1845.5,1861.1500244140625,1824.5,1850.5999755859375,435825
2024-06-07 13:15:00,1850.449951171875,1861.800048828125,1848.0,1854.949951171875,508789
2024-06-10 09:15:00,1859.9000244140625,1885.5999755859375,1853.449951171875,1861.0,457783
2024-06-10 13:15:00,1860.949951171875,1865.0,1847.0,1856.8499755859375,244574
2024-06-11 09:15:00,1867.0999755859375,1868.5,1826.050048828125,1833.25,474782
2024-06-11 13:15:00,1833.9000244140625,1842.699951171875,1830.25,1835.0,474358
2024-06-12 09:15:00,1840.0,1840.0,1820.0,1827.300048828125,206373
2024-06-12 13:15:00,1827.300048828125,1835.5,1822.9000244140625,1830.25,309659
2024-06-13 09:15:00,1845.0,1849.800048828125,1832.3499755859375,1839.75,591476
2024-06-13 13:15:00,1839.75,1842.449951171875,1835.5999755859375,1838.5,846890
2024-06-14 09:15:00,1860.0,1872.75,1835.5999755859375,1841.0999755859375,1226216
2024-06-14 13:15:00,1841.300048828125,1842.050048828125,1836.9000244140625,1838.550048828125,632341
2024-06-18 09:15:00,1836.949951171875,1853.550048828125,1824.0,1829.9000244140625,637956
2024-06-18 13:15:00,1829.75,1843.5999755859375,1824.050048828125,1828.199951171875,2097365
2024-06-19 09:15:00,1838.0,1838.0,1808.550048828125,1823.199951171875,481965
2024-06-19 13:15:00,1823.949951171875,1824.949951171875,1809.3499755859375,1812.8499755859375,522932
2024-06-20 09:15:00,1810.699951171875,1825.0,1809.300048828125,1820.25,317454
2024-06-20 13:15:00,1820.300048828125,1821.3499755859375,1813.3499755859375,1818.300048828125,541560
2024-06-21 09:15:00,1832.550048828125,1924.550048828125,1818.3499755859375,1894.3499755859375,1987211
2024-06-21 13:15:00,1893.75,1913.25,1880.9000244140625,1887.050048828125,1127012
2024-06-24 09:15:00,1891.0,1935.0,1885.0,1900.4000244140625,709277
2024-06-24 13:15:00,1900.4000244140625,1920.5999755859375,1896.1500244140625,1910.0,750402
2024-06-25 09:15:00,1918.4000244140625,1968.949951171875,1918.4000244140625,1935.550048828125,787730
2024-06-25 13:15:00,1935.699951171875,1937.0,1911.550048828125,1916.8499755859375,382732
2024-06-26 09:15:00,1913.3499755859375,1945.0,1911.0999755859375,1911.0999755859375,429799
2024-06-26 13:15:00,1911.75,1922.3499755859375,1911.1500244140625,1918.300048828125,343286
2024-06-27 09:15:00,1915.3499755859375,1915.3499755859375,1854.199951171875,1855.199951171875,516738
2024-06-27 13:15:00,1855.199951171875,1860.0,1844.5,1853.0,722042
2024-06-28 09:15:00,1857.0,1868.949951171875,1821.550048828125,1829.3499755859375,676097
2024-06-28 13:15:00,1829.3499755859375,1844.050048828125,1812.75,1820.0,845532
2024-07-01 09:15:00,1825.4000244140625,1874.0,1824.550048828125,1827.050048828125,443457
2024-07-01 13:15:00,1827.300048828125,1829.5,1821.1500244140625,1825.0,419902
2024-07-02 09:15:00,1826.5,1830.5,1808.0,1813.0,385796
2024-07-02 13:15:00,1812.699951171875,1825.0,1809.0,1814.699951171875,680230
2024-07-03 09:15:00,1814.949951171875,1864.9000244140625,1814.949951171875,1859.0,887125
2024-07-03 13:15:00,1858.9000244140625,1884.0,1858.5,1884.0,543026
2024-07-04 09:15:00,1884.0,1908.9000244140625,1875.0999755859375,1891.300048828125,534622
2024-07-04 13:15:00,1891.0999755859375,1894.0,1880.050048828125,1882.5999755859375,203988
2024-07-05 09:15:00,1881.6500244140625,1904.25,1875.25,1892.699951171875,176395
2024-07-05 13:15:00,1892.75,1897.5,1888.800048828125,1893.6500244140625,159571
2024-07-08 09:15:00,1904.699951171875,1904.699951171875,1868.5,1870.0,177935
2024-07-08 13:15:00,1869.9000244140625,1893.25,1866.75,1886.199951171875,288664
2024-07-09 09:15:00,1899.800048828125,1938.1500244140625,1866.0,1915.1500244140625,889883
2024-07-09 13:15:00,1914.800048828125,1926.0,1904.6500244140625,1926.0,215889
2024-07-10 09:15:00,1935.050048828125,1944.0,1898.4000244140625,1923.199951171875,460910
2024-07-10 13:15:00,1923.699951171875,1932.949951171875,1917.8499755859375,1929.449951171875,176193
2024-07-11 09:15:00,1945.5,1947.5,1915.4000244140625,1922.0,371784
2024-07-11 13:15:00,1921.4000244140625,1925.949951171875,1917.300048828125,1920.0,212641
2024-07-12 09:15:00,1929.0,1929.0,1898.0,1911.300048828125,288895
2024-07-12 13:15:00,1910.9000244140625,1915.0,1905.3499755859375,1908.449951171875,117696
2024-07-15 09:15:00,1917.9000244140625,1937.25,1885.699951171875,1888.5999755859375,340522
2024-07-15 13:15:00,1887.800048828125,1897.550048828125,1883.0999755859375,1891.699951171875,93782
2024-07-16 09:15:00,1900.550048828125,1909.0,1876.5999755859375,1880.3499755859375,893212
2024-07-16 13:15:00,1880.8499755859375,1883.8499755859375,1870.800048828125,1875.4000244140625,246569
2024-07-18 09:15:00,1880.050048828125,1885.3499755859375,1834.199951171875,1861.449951171875,1209118
2024-07-18 13:15:00,1861.5,1915.5,1821.050048828125,1862.6500244140625,2037126
2024-07-19 09:15:00,1883.5999755859375,1883.5999755859375,1774.0,1777.0,1425816
2024-07-19 13:15:00,1777.0,1790.8499755859375,1765.0,1765.8499755859375,566720
2024-07-22 09:15:00,1758.4000244140625,1784.1500244140625,1740.550048828125,1759.0,671540
2024-07-22 13:15:00,1758.699951171875,1775.300048828125,1756.4000244140625,1768.699951171875,280783
2024-07-23 09:15:00,1772.8499755859375,1772.8499755859375,1688.050048828125,1725.0,1140763
2024-07-23 13:15:00,1724.3499755859375,1768.0,1724.25,1757.0,463730
2024-07-24 09:15:00,1762.0,1791.1500244140625,1753.550048828125,1785.0999755859375,494579
2024-07-24 13:15:00,1785.449951171875,1799.449951171875,1785.0,1795.0,357928
2024-07-25 09:15:00,1785.5,1824.25,1775.0,1821.3499755859375,600157
2024-07-25 13:15:00,1821.4000244140625,1837.0,1819.3499755859375,1835.5999755859375,711684
2024-07-26 09:15:00,1842.699951171875,1856.0,1831.9000244140625,1832.75,466647
2024-07-26 13:15:00,1832.75,1840.550048828125,1826.050048828125,1838.0,348234
2024-07-29 09:15:00,1845.5,1862.300048828125,1835.550048828125,1839.800048828125,344402
2024-07-29 13:15:00,1839.8499755859375,1842.8499755859375,1832.3499755859375,1837.5999755859375,253083
2024-07-30 09:15:00,1838.800048828125,1843.949951171875,1813.550048828125,1823.0,502181
2024-07-30 13:15:00,1823.0,1825.800048828125,1812.0,1815.800048828125,263612
2024-07-31 09:15:00,1825.0,1850.0,1819.0999755859375,1847.5999755859375,436264
2024-07-31 13:15:00,1848.4000244140625,1856.8499755859375,1842.8499755859375,1849.8499755859375,284804
2024-08-01 09:15:00,1858.75,1865.0,1834.0,1841.0999755859375,273868
2024-08-01 13:15:00,1841.0,1843.199951171875,1822.449951171875,1832.0,230878
2024-08-02 09:15:00,1825.0,1833.8499755859375,1807.4000244140625,1823.0,167624
2024-08-02 13:15:00,1823.0,1839.0,1814.0999755859375,1816.75,371735
2024-08-05 09:15:00,1790.0,1803.25,1768.5999755859375,1786.9000244140625,657569
2024-08-05 13:15:00,1787.300048828125,1798.9000244140625,1773.0,1784.300048828125,190273
2024-08-06 09:15:00,1787.050048828125,1809.4000244140625,1786.0,1805.9000244140625,124358
2024-08-06 13:15:00,1805.949951171875,1811.0,1781.550048828125,1787.0,468173
2024-08-07 09:15:00,1804.949951171875,1824.9000244140625,1793.449951171875,1818.25,189098
2024-08-07 13:15:00,1818.0,1829.0,1816.0,1824.3499755859375,163153
2024-08-08 09:15:00,1829.699951171875,1832.25,1798.300048828125,1802.9000244140625,464868
2024-08-08 13:15:00,1802.75,1808.4000244140625,1782.0,1785.550048828125,214305
2024-08-09 09:15:00,1802.199951171875,1807.300048828125,1792.4000244140625,1797.699951171875,556927
2024-08-09 13:15:00,1797.699951171875,1800.5,1793.199951171875,1794.8499755859375,232289
2024-08-12 09:15:00,1794.9000244140625,1820.949951171875,1790.800048828125,1807.25,213115
2024-08-12 13:15:00,1807.25,1814.75,1804.5999755859375,1810.050048828125,244250
2024-08-13 09:15:00,1814.050048828125,1844.949951171875,1804.050048828125,1835.4000244140625,413442
2024-08-13 13:15:00,1835.4000244140625,1838.3499755859375,1818.949951171875,1827.8499755859375,397512
2024-08-14 09:15:00,1834.0,1841.0,1808.0,1839.0,316109
2024-08-14 13:15:00,1839.0,1851.1500244140625,1835.9000244140625,1845.3499755859375,332344
2024-08-16 09:15:00,1862.0999755859375,1890.75,1852.9000244140625,1885.9000244140625,1164305
2024-08-16 13:15:00,1886.0,1888.25,1872.050048828125,1874.25,456513
2024-08-19 09:15:00,1895.050048828125,1895.050048828125,1870.0,1884.0,274173
2024-08-19 13:15:00,1884.0,1886.9000244140625,1876.9000244140625,1880.8499755859375,210836
2024-08-20 09:15:00,1879.699951171875,1902.0,1866.0,1893.0,667137
2024-08-20 13:15:00,1893.0,1895.5,1887.0,1889.75,297048
2024-08-21 09:15:00,1894.0,1904.5,1883.0,1900.4000244140625,287367
2024-08-21 13:15:00,1900.4000244140625,1924.75,1898.199951171875,1924.75,469867
2024-08-22 09:15:00,1921.8499755859375,1921.8499755859375,1895.699951171875,1901.4000244140625,215143
2024-08-22 13:15:00,1901.4000244140625,1902.1500244140625,1893.6500244140625,1900.0,301655
2024-08-23 09:15:00,1898.0,1906.800048828125,1877.0,1891.1500244140625,304213
2024-08-23 13:15:00,1891.1500244140625,1895.5999755859375,1881.3499755859375,1888.0,239580
2024-08-26 09:15:00,1885.550048828125,1915.0,1880.3499755859375,1910.949951171875,200163
2024-08-26 13:15:00,1910.1500244140625,1916.3499755859375,1905.0999755859375,1910.0,238613
2024-08-27 09:15:00,1916.800048828125,1957.449951171875,1904.550048828125,1904.6500244140625,806944
2024-08-27 13:15:00,1904.5999755859375,1912.0,1891.9000244140625,1895.199951171875,225319
2024-08-28 09:15:00,1899.0,1905.800048828125,1878.050048828125,1891.4000244140625,246876
2024-08-28 13:15:00,1890.699951171875,1898.949951171875,1884.199951171875,1890.5999755859375,402875
2024-08-29 09:15:00,1889.8499755859375,1889.8499755859375,1863.800048828125,1879.0,231991
2024-08-29 13:15:00,1879.0,1902.0,1870.050048828125,1893.25,249569
2024-08-30 09:15:00,1895.800048828125,1920.449951171875,1888.550048828125,1914.5,309001
2024-08-30 13:15:00,1914.6500244140625,1915.949951171875,1892.9000244140625,1899.0,1077127
2024-09-02 09:15:00,1914.5,1914.5,1885.8499755859375,1891.699951171875,292404
2024-09-02 13:15:00,1891.0,1893.1500244140625,1880.0999755859375,1885.4000244140625,202380
2024-09-03 09:15:00,1894.6500244140625,1909.0,1882.4000244140625,1902.9000244140625,198688
2024-09-03 13:15:00,1903.199951171875,1910.0,1898.0,1901.949951171875,225851
2024-09-04 09:15:00,1889.9000244140625,1916.0,1880.4000244140625,1901.8499755859375,312135
2024-09-04 13:15:00,1901.3499755859375,1904.449951171875,1897.949951171875,1901.300048828125,169073
2024-09-05 09:15:00,1915.8499755859375,1915.8499755859375,1860.0,1883.3499755859375,323898
2024-09-05 13:15:00,1883.3499755859375,1884.699951171875,1874.25,1879.449951171875,220784
2024-09-06 09:15:00,1877.0999755859375,1888.0999755859375,1861.199951171875,1871.3499755859375,315811
2024-09-06 13:15:00,1872.050048828125,1880.0,1865.699951171875,1872.3499755859375,377307
2024-09-09 09:15:00,1875.0,1889.3499755859375,1867.050048828125,1877.4000244140625,112479
2024-09-09 13:15:00,1878.0,1900.0,1877.0999755859375,1893.949951171875,179352
2024-09-10 09:15:00,1900.3499755859375,1942.0,1899.0,1932.0999755859375,975590
2024-09-10 13:15:00,1932.0999755859375,1935.0,1918.699951171875,1922.449951171875,264521
2024-09-11 09:15:00,1925.050048828125,1954.9000244140625,1925.050048828125,1950.0,595949
2024-09-11 13:15:00,1950.5,1968.0,1941.6500244140625,1957.5999755859375,579364
2024-09-12 09:15:00,1980.9000244140625,1988.9000244140625,1971.199951171875,1985.75,557558
2024-09-12 13:15:00,1985.0,2000.949951171875,1984.550048828125,1996.4000244140625,588297
2024-09-13 09:15:00,2001.0,2023.0,1974.699951171875,1977.949951171875,788840
2024-09-13 13:15:00,1978.5,2005.0,1974.5999755859375,1988.050048828125,286551
2024-09-16 09:15:00,1994.8499755859375,2008.6500244140625,1985.0999755859375,1996.1500244140625,69741
2024-09-16 13:15:00,1995.0,1998.0,1987.5,1992.0999755859375,125566
2024-09-17 09:15:00,2000.0,2000.0,1973.0,1996.5,318132
2024-09-17 13:15:00,1996.699951171875,2009.949951171875,1993.8499755859375,2008.8499755859375,277262
2024-09-18 09:15:00,2008.699951171875,2008.699951171875,1982.0999755859375,1988.3499755859375,119512
2024-09-18 13:15:00,1988.75,1992.75,1977.0999755859375,1987.800048828125,178807
2024-09-19 09:15:00,1988.5999755859375,2001.800048828125,1968.0999755859375,1987.199951171875,494868
2024-09-19 13:15:00,1987.25,2001.8499755859375,1984.0,1998.5999755859375,209909
2024-09-20 09:15:00,2000.0,2035.699951171875,1990.6500244140625,2029.449951171875,469039
2024-09-20 13:15:00,2029.449951171875,2057.949951171875,2020.0,2057.949951171875,890234
2024-09-23 09:15:00,2058.0,2105.699951171875,2051.0,2100.10009765625,654158
2024-09-23 13:15:00,2101.0,2103.75,2075.0,2082.39990234375,260509
2024-09-24 09:15:00,2085.800048828125,2085.800048828125,2054.050048828125,2069.300048828125,707326
2024-09-24 13:15:00,2069.449951171875,2082.75,2063.14990234375,2068.14990234375,390486
2024-09-25 09:15:00,2065.64990234375,2068.89990234375,2035.6500244140625,2040.75,175785
2024-09-25 13:15:00,2040.75,2070.0,2040.0,2070.0,382653
2024-09-26 09:15:00,2059.699951171875,2060.89990234375,2000.0,2000.5,417941
2024-09-26 13:15:00,2000.5,2028.75,1992.6500244140625,2027.9000244140625,618820
2024-09-27 09:15:00,2025.0,2031.9000244140625,2000.550048828125,2019.1500244140625,306667
2024-09-27 13:15:00,2020.050048828125,2036.050048828125,2006.25,2031.300048828125,514675
2024-09-30 09:15:00,2035.0,2060.0,2013.050048828125,2046.1500244140625,194769
2024-09-30 13:15:00,2046.0999755859375,2047.699951171875,2009.5999755859375,2012.9000244140625,288068
2024-10-01 09:15:00,2026.699951171875,2026.699951171875,1970.5999755859375,2001.75,433640
2024-10-01 13:15:00,2001.75,2008.0,1986.0,1999.800048828125,308199
2024-10-03 09:15:00,1968.699951171875,2009.8499755859375,1962.300048828125,1990.75,919822
2024-10-03 13:15:00,1989.5,1992.0,1956.050048828125,1982.4000244140625,402878
2024-10-04 09:15:00,1971.0,1983.550048828125,1958.1500244140625,1960.0,820059
2024-10-04 13:15:00,1960.0,1961.949951171875,1930.949951171875,1934.449951171875,456351
2024-10-07 09:15:00,1936.699951171875,1949.8499755859375,1909.0999755859375,1917.5999755859375,304731
2024-10-07 13:15:00,1917.550048828125,1921.3499755859375,1901.1500244140625,1918.5,275661
2024-10-08 09:15:00,1912.5999755859375,1945.0,1910.0,1943.449951171875,560421
2024-10-08 13:15:00,1943.4000244140625,1954.0,1934.0999755859375,1948.449951171875,526327
2024-10-09 09:15:00,1933.5999755859375,1971.75,1930.5,1950.949951171875,362546
2024-10-09 13:15:00,1950.949951171875,1951.8499755859375,1920.75,1938.9000244140625,631746
2024-10-10 09:15:00,1941.0,1959.3499755859375,1936.199951171875,1943.1500244140625,262751
2024-10-10 13:15:00,1943.050048828125,1946.949951171875,1932.050048828125,1934.050048828125,131236
2024-10-11 09:15:00,1944.449951171875,1945.75,1928.800048828125,1941.949951171875,119161
2024-10-11 13:15:00,1942.449951171875,1947.0,1934.25,1939.0,138123
2024-10-14 09:15:00,1940.699951171875,1960.0,1940.699951171875,1944.9000244140625,122171
2024-10-14 13:15:00,1945.050048828125,1949.5,1933.3499755859375,1940.25,248896
2024-10-15 09:15:00,1951.9000244140625,1951.9000244140625,1921.5999755859375,1925.949951171875,140569
2024-10-15 13:15:00,1926.0,1938.8499755859375,1925.550048828125,1933.75,275487
2024-10-16 09:15:00,1934.0,1953.25,1915.0999755859375,1924.300048828125,272488
2024-10-16 13:15:00,1924.5,1944.949951171875,1921.5,1939.300048828125,267568
2024-10-17 09:15:00,1945.75,1945.75,1892.4000244140625,1902.9000244140625,288026
2024-10-17 13:15:00,1902.0,1911.8499755859375,1786.0,1789.1500244140625,2680974
2024-10-18 09:15:00,1808.0,1855.449951171875,1765.0999755859375,1846.5999755859375,986130
2024-10-18 13:15:00,1847.449951171875,1865.0,1845.050048828125,1849.699951171875,651484
2024-10-21 09:15:00,1855.6500244140625,1855.6500244140625,1804.199951171875,1808.4000244140625,291464
2024-10-21 13:15:00,1808.300048828125,1819.0999755859375,1802.550048828125,1812.699951171875,403936
2024-10-22 09:15:00,1812.050048828125,1819.449951171875,1783.699951171875,1786.4000244140625,461101
2024-10-22 13:15:00,1786.199951171875,1788.800048828125,1761.5,1770.800048828125,531101
2024-10-23 09:15:00,1760.1500244140625,1776.75,1746.800048828125,1758.75,709853
2024-10-23 13:15:00,1758.75,1774.800048828125,1746.5,1750.199951171875,497450
2024-10-24 09:15:00,1752.75,1752.75,1707.75,1708.4000244140625,770272
2024-10-24 13:15:00,1708.449951171875,1729.800048828125,1705.050048828125,1723.300048828125,458922
2024-10-25 09:15:00,1724.699951171875,1730.0999755859375,1677.949951171875,1690.75,298569
2024-10-25 13:15:00,1691.0,1698.4000244140625,1681.9000244140625,1696.300048828125,252035
2024-10-28 09:15:00,1697.050048828125,1698.550048828125,1670.0,1676.3499755859375,301748
2024-10-28 13:15:00,1676.1500244140625,1677.449951171875,1661.0999755859375,1675.300048828125,276341
2024-10-29 09:15:00,1671.0,1677.9000244140625,1647.199951171875,1667.050048828125,476489
2024-10-29 13:15:00,1667.050048828125,1678.0,1659.1500244140625,1672.199951171875,560410
2024-10-30 09:15:00,1672.5,1684.8499755859375,1652.0999755859375,1674.9000244140625,396017
2024-10-30 13:15:00,1674.5999755859375,1675.3499755859375,1651.5999755859375,1662.5,489749
2024-10-31 09:15:00,1666.1500244140625,1666.1500244140625,1632.5999755859375,1641.199951171875,496067
2024-10-31 13:15:00,1641.1500244140625,1645.050048828125,1635.0,1638.4000244140625,1107227
2024-11-04 09:15:00,1652.5,1652.5,1606.5,1615.449951171875,441238
2024-11-04 13:15:00,1615.449951171875,1632.449951171875,1612.699951171875,1627.0,348827
2024-11-05 09:15:00,1625.0,1636.3499755859375,1590.5,1597.75,404989
2024-11-05 13:15:00,1597.75,1640.800048828125,1596.6500244140625,1633.550048828125,540134
2024-11-06 09:15:00,1648.0,1683.25,1638.699951171875,1680.5,360337
2024-11-06 13:15:00,1680.5,1684.9000244140625,1670.949951171875,1675.1500244140625,391711
2024-11-07 09:15:00,1697.8499755859375,1697.8499755859375,1645.550048828125,1661.449951171875,316604
2024-11-07 13:15:00,1661.050048828125,1670.699951171875,1656.800048828125,1666.050048828125,498130
2024-11-08 09:15:00,1661.4000244140625,1666.449951171875,1645.199951171875,1664.949951171875,231638
2024-11-08 13:15:00,1664.25,1671.449951171875,1657.050048828125,1660.0,358071
2024-11-11 09:15:00,1648.050048828125,1665.550048828125,1634.050048828125,1659.0999755859375,193172
2024-11-11 13:15:00,1659.0999755859375,1659.449951171875,1639.6500244140625,1642.0,213898
2024-11-12 09:15:00,1643.0999755859375,1653.9000244140625,1619.5,1619.949951171875,183036
2024-11-12 13:15:00,1619.75,1620.300048828125,1600.0,1601.5999755859375,290325
2024-11-13 09:15:00,1599.0,1612.300048828125,1589.199951171875,1609.449951171875,209525
2024-11-13 13:15:00,1609.5,1621.050048828125,1605.699951171875,1614.0999755859375,357157
2024-11-14 09:15:00,1615.050048828125,1637.0,1597.6500244140625,1628.5999755859375,277445
2024-11-14 13:15:00,1628.4000244140625,1637.25,1614.1500244140625,1618.8499755859375,199157
2024-11-18 09:15:00,1620.0999755859375,1633.8499755859375,1602.0,1625.5,153250
2024-11-18 13:15:00,1625.5,1629.949951171875,1612.1500244140625,1619.050048828125,216216
2024-11-19 09:15:00,1623.949951171875,1663.949951171875,1618.4000244140625,1647.5999755859375,241344
2024-11-19 13:15:00,1647.5999755859375,1652.4000244140625,1628.25,1632.699951171875,169091
2024-11-21 09:15:00,1622.1500244140625,1637.949951171875,1612.300048828125,1633.949951171875,342051
2024-11-21 13:15:00,1634.0,1639.449951171875,1626.050048828125,1639.449951171875,239072
2024-11-22 09:15:00,1640.0,1668.0,1632.449951171875,1663.25,269800
2024-11-22 13:15:00,1662.5999755859375,1676.0,1662.4000244140625,1665.800048828125,324033
2024-11-25 09:15:00,1689.550048828125,1727.9000244140625,1689.550048828125,1703.9000244140625,387811
2024-11-25 13:15:00,1703.4000244140625,1716.75,1698.300048828125,1708.1500244140625,1688109
2024-11-26 09:15:00,1703.050048828125,1726.550048828125,1686.9000244140625,1713.949951171875,353638
2024-11-26 13:15:00,1714.0,1718.949951171875,1707.0999755859375,1712.0,449277
2024-11-27 09:15:00,1715.949951171875,1723.3499755859375,1694.3499755859375,1721.5,322596
2024-11-27 13:15:00,1721.0999755859375,1733.25,1719.4000244140625,1730.0,469132
2024-11-28 09:15:00,1736.550048828125,1742.3499755859375,1707.949951171875,1720.300048828125,326023
2024-11-28 13:15:00,1720.1500244140625,1730.9000244140625,1711.4000244140625,1717.5999755859375,349696
2024-11-29 09:15:00,1722.949951171875,1722.949951171875,1702.699951171875,1716.25,171126
2024-11-29 13:15:00,1716.25,1727.949951171875,1712.949951171875,1718.0,351427
2024-12-02 09:15:00,1726.8499755859375,1738.6500244140625,1712.0,1733.800048828125,125977
2024-12-02 13:15:00,1733.800048828125,1741.25,1730.0999755859375,1739.3499755859375,220447
2024-12-03 09:15:00,1739.3499755859375,1758.800048828125,1739.3499755859375,1758.800048828125,202507
2024-12-03 13:15:00,1758.5999755859375,1760.699951171875,1751.8499755859375,1755.0,475617
2024-12-04 09:15:00,1763.8499755859375,1763.8499755859375,1720.0,1729.8499755859375,224898
2024-12-04 13:15:00,1729.8499755859375,1736.199951171875,1723.5999755859375,1732.6500244140625,313913
2024-12-05 09:15:00,1734.0,1746.6500244140625,1715.0,1733.1500244140625,292268
2024-12-05 13:15:00,1733.300048828125,1749.949951171875,1733.0,1746.699951171875,521580
2024-12-06 09:15:00,1752.300048828125,1757.6500244140625,1743.0,1751.050048828125,245295
2024-12-06 13:15:00,1751.449951171875,1751.449951171875,1735.699951171875,1738.75,240762
2024-12-09 09:15:00,1737.949951171875,1737.949951171875,1724.1500244140625,1729.6500244140625,113665
2024-12-09 13:15:00,1729.6500244140625,1730.949951171875,1701.5,1704.949951171875,618286
2024-12-10 09:15:00,1703.0,1718.949951171875,1701.699951171875,1716.199951171875,231852
2024-12-10 13:15:00,1716.0999755859375,1716.25,1700.1500244140625,1709.0,787237
2024-12-11 09:15:00,1711.949951171875,1753.0,1706.25,1745.550048828125,223364
2024-12-11 13:15:00,1745.199951171875,1759.9000244140625,1740.25,1752.25,248300
2024-12-12 09:15:00,1761.0,1763.9000244140625,1737.6500244140625,1759.8499755859375,262462
2024-12-12 13:15:00,1760.0,1764.550048828125,1755.199951171875,1757.949951171875,314991
2024-12-13 09:15:00,1764.800048828125,1780.949951171875,1740.4000244140625,1757.9000244140625,262939
2024-12-13 13:15:00,1757.1500244140625,1763.949951171875,1751.3499755859375,1757.8499755859375,283064
2024-12-16 09:15:00,1758.0,1773.550048828125,1756.6500244140625,1768.0999755859375,193936
2024-12-16 13:15:00,1768.0999755859375,1774.949951171875,1763.050048828125,1768.800048828125,340307
2024-12-17 09:15:00,1768.699951171875,1771.0,1736.5999755859375,1736.800048828125,253467
2024-12-17 13:15:00,1736.949951171875,1737.3499755859375,1721.0,1721.050048828125,384345
2024-12-18 09:15:00,1729.0,1731.4000244140625,1693.199951171875,1700.699951171875,304238
2024-12-18 13:15:00,1700.4000244140625,1705.0,1691.0,1697.800048828125,399825
2024-12-19 09:15:00,1682.4000244140625,1715.0999755859375,1678.550048828125,1699.0999755859375,362518
2024-12-19 13:15:00,1698.9000244140625,1700.0,1684.550048828125,1693.1500244140625,339975
2024-12-20 09:15:00,1693.1500244140625,1712.9000244140625,1686.550048828125,1688.699951171875,279104
2024-12-20 13:15:00,1688.5999755859375,1694.3499755859375,1651.9000244140625,1657.4000244140625,402968
2024-12-23 09:15:00,1665.050048828125,1681.5,1653.550048828125,1665.300048828125,77978
2024-12-23 13:15:00,1664.699951171875,1674.800048828125,1657.0,1660.8499755859375,138850
2024-12-24 09:15:00,1662.4000244140625,1691.0,1658.949951171875,1676.199951171875,96235
2024-12-24 13:15:00,1675.949951171875,1677.050048828125,1669.0,1669.0,178052
2024-12-26 09:15:00,1673.050048828125,1680.949951171875,1656.699951171875,1669.1500244140625,76802
2024-12-26 13:15:00,1669.449951171875,1681.8499755859375,1662.449951171875,1675.0,148044
2024-12-27 09:15:00,1670.0,1689.300048828125,1653.0,1659.800048828125,110089
2024-12-27 13:15:00,1659.0,1663.699951171875,1646.1500244140625,1650.0,336720
2024-12-30 09:15:00,1647.5,1651.300048828125,1637.199951171875,1645.449951171875,357204
2024-12-30 13:15:00,1645.0999755859375,1663.0,1633.449951171875,1649.9000244140625,1706145
2024-12-31 09:15:00,1648.949951171875,1682.949951171875,1648.949951171875,1673.1500244140625,197187
2024-12-31 13:15:00,1673.1500244140625,1686.449951171875,1669.550048828125,1675.0,260209
2025-01-01 09:15:00,1684.8499755859375,1686.0,1666.550048828125,1682.449951171875,253286
2025-01-01 13:15:00,1683.300048828125,1685.9000244140625,1676.5,1680.0,73177
2025-01-02 09:15:00,1683.9000244140625,1694.25,1670.0,1690.3499755859375,311803
2025-01-02 13:15:00,1690.25,1705.0,1688.449951171875,1701.4000244140625,303522
2025-01-03 09:15:00,1715.050048828125,1718.699951171875,1694.75,1697.449951171875,124039
2025-01-03 13:15:00,1697.5,1703.949951171875,1690.3499755859375,1694.5,203827
2025-01-06 09:15:00,1704.5999755859375,1704.5999755859375,1648.449951171875,1650.5999755859375,132083
2025-01-06 13:15:00,1649.9000244140625,1657.3499755859375,1640.0,1643.9000244140625,237245
2025-01-07 09:15:00,1647.6500244140625,1662.699951171875,1631.5999755859375,1635.449951171875,184999
2025-01-07 13:15:00,1636.0,1657.4000244140625,1626.949951171875,1631.0,289247
2025-01-08 09:15:00,1637.0,1638.199951171875,1613.75,1618.0,399834
2025-01-08 13:15:00,1619.300048828125,1649.0,1618.0,1636.0,198410
2025-01-09 09:15:00,1643.699951171875,1648.5,1616.300048828125,1637.0,591981
2025-01-09 13:15:00,1637.3499755859375,1637.5999755859375,1620.5999755859375,1620.5999755859375,173289
2025-01-10 09:15:00,1620.0,1624.3499755859375,1594.300048828125,1605.300048828125,481964
2025-01-10 13:15:00,1604.1500244140625,1607.449951171875,1591.699951171875,1600.0,224194
2025-01-13 09:15:00,1585.050048828125,1585.050048828125,1533.449951171875,1537.300048828125,721632
2025-01-13 13:15:00,1538.0999755859375,1538.0999755859375,1521.800048828125,1534.9000244140625,394802
2025-01-14 09:15:00,1536.0,1553.699951171875,1508.0,1534.5999755859375,839338
2025-01-14 13:15:00,1535.449951171875,1547.25,1509.9000244140625,1526.3499755859375,1157829
2025-01-15 09:15:00,1529.0,1539.0999755859375,1511.949951171875,1533.1500244140625,695837
2025-01-15 13:15:00,1532.4000244140625,1534.800048828125,1506.800048828125,1526.949951171875,972486
2025-01-16 09:15:00,1535.75,1557.5,1525.25,1553.800048828125,795698
2025-01-16 13:15:00,1552.6500244140625,1571.25,1552.0,1558.25,589324
2025-01-17 09:15:00,1559.0,1616.199951171875,1548.050048828125,1586.8499755859375,1818015
2025-01-17 13:15:00,1586.050048828125,1588.550048828125,1570.25,1574.199951171875,726949
2025-01-20 09:15:00,1604.8499755859375,1624.949951171875,1576.0,1589.8499755859375,394967
2025-01-20 13:15:00,1590.300048828125,1609.9000244140625,1589.9000244140625,1600.050048828125,638487
2025-01-21 09:15:00,1613.300048828125,1613.300048828125,1581.0999755859375,1593.75,625907
2025-01-21 13:15:00,1593.25,1594.25,1571.050048828125,1576.550048828125,480884
2025-01-22 09:15:00,1576.300048828125,1576.300048828125,1548.050048828125,1560.0999755859375,298997
2025-01-22 13:15:00,1561.550048828125,1562.800048828125,1535.699951171875,1553.0,383617
2025-01-23 09:15:00,1548.0999755859375,1591.3499755859375,1539.0999755859375,1584.8499755859375,183123
2025-01-23 13:15:00,1584.8499755859375,1605.0,1583.5,1594.0,566828
2025-01-24 09:15:00,1594.800048828125,1605.75,1541.5,1547.0,332988
2025-01-24 13:15:00,1547.0,1552.550048828125,1517.550048828125,1523.199951171875,605883
2025-01-27 09:15:00,1522.949951171875,1522.949951171875,1491.699951171875,1507.5,282416
2025-01-27 13:15:00,1507.449951171875,1508.699951171875,1492.0,1505.800048828125,542088
2025-01-28 09:15:00,1509.0,1517.9000244140625,1481.449951171875,1504.9000244140625,322323
2025-01-28 13:15:00,1505.0,1511.1500244140625,1490.25,1492.75,207677
2025-01-29 09:15:00,1493.8499755859375,1515.949951171875,1483.9000244140625,1511.0,216797
2025-01-29 13:15:00,1510.4000244140625,1530.9000244140625,1510.3499755859375,1528.199951171875,253966
2025-01-30 09:15:00,1535.0,1550.25,1525.5,1544.25,151682
2025-01-30 13:15:00,1544.5999755859375,1547.199951171875,1521.949951171875,1540.0,350518
2025-01-31 09:15:00,1544.4000244140625,1561.949951171875,1528.1500244140625,1557.8499755859375,230486
2025-01-31 13:15:00,1557.9000244140625,1568.8499755859375,1555.300048828125,1566.199951171875,273641
2025-02-03 09:15:00,1643.1500244140625,1712.699951171875,1637.5999755859375,1672.699951171875,784888
2025-02-03 13:15:00,1673.5,1673.5,1651.300048828125,1660.1500244140625,416207
2025-02-04 09:15:00,1673.300048828125,1673.300048828125,1622.5999755859375,1627.0999755859375,181841
2025-02-04 13:15:00,1627.25,1630.449951171875,1619.449951171875,1626.3499755859375,237436
2025-02-05 09:15:00,1641.300048828125,1644.1500244140625,1613.699951171875,1633.6500244140625,140903
2025-02-05 13:15:00,1632.550048828125,1632.550048828125,1605.25,1607.9000244140625,198531
2025-02-06 09:15:00,1613.25,1614.800048828125,1596.3499755859375,1600.8499755859375,157654
2025-02-06 13:15:00,1600.3499755859375,1606.050048828125,1599.5999755859375,1603.0,129965
2025-02-07 09:15:00,1607.699951171875,1625.0,1600.0,1604.5,176361
2025-02-07 13:15:00,1605.300048828125,1617.6500244140625,1599.3499755859375,1612.9000244140625,182131
2025-02-10 09:15:00,1620.0,1624.699951171875,1586.050048828125,1595.050048828125,269184
2025-02-10 13:15:00,1594.949951171875,1601.3499755859375,1588.0,1596.0999755859375,224651
2025-02-11 09:15:00,1598.0,1598.0,1542.699951171875,1543.199951171875,74776
2025-02-11 13:15:00,1543.050048828125,1552.3499755859375,1535.050048828125,1548.550048828125,418856
2025-02-12 09:15:00,1539.8499755859375,1545.3499755859375,1510.050048828125,1535.5999755859375,124475
2025-02-12 13:15:00,1535.9000244140625,1535.9000244140625,1519.25,1528.949951171875,105558
2025-02-13 09:15:00,1530.3499755859375,1533.0,1509.0,1526.9000244140625,237762
2025-02-13 13:15:00,1526.199951171875,1531.9000244140625,1515.199951171875,1518.800048828125,242112
2025-02-14 09:15:00,1522.449951171875,1557.0999755859375,1496.550048828125,1497.9000244140625,360305
2025-02-14 13:15:00,1497.699951171875,1504.699951171875,1490.050048828125,1498.25,249897
2025-02-17 09:15:00,1496.25,1519.050048828125,1476.9000244140625,1513.6500244140625,249140
2025-02-17 13:15:00,1513.9000244140625,1535.3499755859375,1512.0,1532.550048828125,145962
2025-02-18 09:15:00,1529.949951171875,1531.5,1494.3499755859375,1496.0,157027
2025-02-18 13:15:00,1496.550048828125,1517.199951171875,1493.9000244140625,1510.949951171875,549299
2025-02-19 09:15:00,1505.0,1521.0,1496.9000244140625,1516.4000244140625,262163
2025-02-19 13:15:00,1516.699951171875,1519.4000244140625,1508.550048828125,1515.6500244140625,443949
2025-02-20 09:15:00,1508.0,1519.449951171875,1490.0,1508.75,334431
2025-02-20 13:15:00,1508.75,1533.050048828125,1506.25,1531.949951171875,483033
2025-02-21 09:15:00,1527.050048828125,1544.949951171875,1498.5,1521.449951171875,151983
2025-02-21 13:15:00,1521.5,1528.949951171875,1509.9000244140625,1515.5999755859375,157864
2025-02-24 09:15:00,1505.050048828125,1525.3499755859375,1493.0,1521.6500244140625,276352
2025-02-24 13:15:00,1521.699951171875,1527.25,1510.550048828125,1522.8499755859375,212893
2025-02-25 09:15:00,1529.0999755859375,1546.050048828125,1510.0,1535.0,195703
2025-02-25 13:15:00,1535.3499755859375,1552.6500244140625,1534.300048828125,1540.0,179279
2025-02-27 09:15:00,1462.0,1475.300048828125,1402.699951171875,1459.75,3910188
2025-02-27 13:15:00,1459.800048828125,1466.9000244140625,1440.0,1443.050048828125,1576828
2025-02-28 09:15:00,1443.949951171875,1463.8499755859375,1410.0,1410.75,655092
2025-02-28 13:15:00,1410.699951171875,1424.8499755859375,1403.4000244140625,1421.800048828125,763759
2025-03-03 09:15:00,1439.949951171875,1439.949951171875,1381.300048828125,1436.800048828125,382113
2025-03-03 13:15:00,1437.5999755859375,1443.0,1422.1500244140625,1432.949951171875,424441
2025-03-04 09:15:00,1405.050048828125,1428.4000244140625,1394.3499755859375,1404.0,247089
2025-03-04 13:15:00,1404.0,1416.699951171875,1403.550048828125,1407.0999755859375,278768
2025-03-05 09:15:00,1409.949951171875,1457.75,1408.1500244140625,1449.949951171875,282086
2025-03-05 13:15:00,1449.199951171875,1455.5,1440.300048828125,1443.199951171875,331120
2025-03-06 09:15:00,1450.0,1478.0,1450.0,1464.4000244140625,323474
2025-03-06 13:15:00,1463.25,1465.0999755859375,1446.1500244140625,1450.0,423684
2025-03-07 09:15:00,1453.800048828125,1462.0,1441.050048828125,1456.300048828125,246827
2025-03-07 13:15:00,1456.949951171875,1469.5,1456.1500244140625,1460.050048828125,204225
2025-03-10 09:15:00,1474.699951171875,1498.1500244140625,1470.9000244140625,1485.8499755859375,344751
2025-03-10 13:15:00,1485.5999755859375,1487.449951171875,1463.949951171875,1469.0999755859375,398420
2025-03-11 09:15:00,1458.0,1477.0,1448.3499755859375,1464.050048828125,201358
2025-03-11 13:15:00,1463.9000244140625,1476.6500244140625,1462.550048828125,1470.050048828125,201416
2025-03-12 09:15:00,1475.0,1478.0,1452.8499755859375,1458.449951171875,224186
2025-03-12 13:15:00,1459.0,1486.4000244140625,1458.0,1484.0,432545
2025-03-13 09:15:00,1490.050048828125,1493.0999755859375,1472.550048828125,1472.550048828125,274375
2025-03-13 13:15:00,1472.550048828125,1472.8499755859375,1449.550048828125,1452.25,596156
2025-03-17 09:15:00,1450.0,1466.1500244140625,1435.0,1458.949951171875,283252
2025-03-17 13:15:00,1458.949951171875,1466.0,1453.5999755859375,1462.1500244140625,275981
2025-03-18 09:15:00,1464.9000244140625,1518.6500244140625,1464.300048828125,1511.1500244140625,463023
2025-03-18 13:15:00,1511.1500244140625,1525.0,1509.550048828125,1519.949951171875,329948
2025-03-19 09:15:00,1518.550048828125,1559.0,1513.5999755859375,1552.6500244140625,399335
2025-03-19 13:15:00,1552.300048828125,1566.949951171875,1552.300048828125,1557.949951171875,483960
2025-03-20 09:15:00,1510.300048828125,1510.9000244140625,1471.050048828125,1494.800048828125,1643013
2025-03-20 13:15:00,1495.1500244140625,1510.4000244140625,1491.300048828125,1500.0,1205491
2025-03-21 09:15:00,1504.1500244140625,1510.300048828125,1487.300048828125,1487.300048828125,675251
2025-03-21 13:15:00,1487.4000244140625,1489.9000244140625,1476.1500244140625,1483.5,1044964
2025-03-24 09:15:00,1490.1500244140625,1494.9000244140625,1474.550048828125,1484.5999755859375,742323
2025-03-24 13:15:00,1485.0,1485.699951171875,1482.0,1483.4000244140625,434846
2025-03-25 09:15:00,1485.9000244140625,1495.300048828125,1470.300048828125,1475.0,587614
2025-03-25 13:15:00,1474.949951171875,1482.5999755859375,1472.199951171875,1472.199951171875,489917
2025-03-26 09:15:00,1476.4000244140625,1501.300048828125,1471.050048828125,1492.949951171875,456740
2025-03-26 13:15:00,1492.5,1504.5,1491.0,1491.449951171875,458662
2025-03-27 09:15:00,1484.75,1510.75,1481.199951171875,1507.25,332234
2025-03-27 13:15:00,1507.0,1524.3499755859375,1504.0,1515.3499755859375,443681
2025-03-28 09:15:00,1520.9000244140625,1543.5999755859375,1520.4000244140625,1525.050048828125,228042
2025-03-28 13:15:00,1524.949951171875,1540.0,1513.699951171875,1528.9000244140625,393766
2025-04-01 09:15:00,1514.699951171875,1517.449951171875,1488.8499755859375,1501.0,301481
2025-04-01 13:15:00,1500.800048828125,1507.5999755859375,1499.0,1500.0,256530
2025-04-02 09:15:00,1504.75,1510.9000244140625,1484.1500244140625,1509.300048828125,336545
2025-04-02 13:15:00,1509.1500244140625,1515.0,1503.8499755859375,1513.5999755859375,371711
2025-04-03 09:15:00,1485.0999755859375,1527.949951171875,1485.0999755859375,1521.3499755859375,150236
2025-04-03 13:15:00,1521.300048828125,1524.949951171875,1514.9000244140625,1517.9000244140625,173073
2025-04-04 09:15:00,1505.0,1510.5,1456.050048828125,1467.1500244140625,241607
2025-04-04 13:15:00,1467.5999755859375,1472.8499755859375,1459.300048828125,1467.0,287039
2025-04-07 09:15:00,1389.75,1445.699951171875,1389.75,1424.300048828125,369874
2025-04-07 13:15:00,1424.300048828125,1461.0,1421.0999755859375,1461.0,299759
2025-04-08 09:15:00,1466.75,1474.0,1447.550048828125,1464.4000244140625,544041
2025-04-08 13:15:00,1464.4000244140625,1473.300048828125,1459.0,1463.1500244140625,522239
2025-04-09 09:15:00,1466.0,1476.8499755859375,1451.0,1468.4000244140625,129918
2025-04-09 13:15:00,1469.0,1478.8499755859375,1464.5,1465.0999755859375,234131
2025-04-11 09:15:00,1479.9000244140625,1533.699951171875,1476.9000244140625,1526.25,379887
2025-04-11 13:15:00,1526.449951171875,1537.5,1512.050048828125,1530.550048828125,422373
2025-04-15 09:15:00,1523.699951171875,1562.199951171875,1503.0999755859375,1560.0999755859375,564826
2025-04-15 13:15:00,1560.0999755859375,1574.199951171875,1553.9000244140625,1571.699951171875,653293
2025-04-16 09:15:00,1576.0,1625.9000244140625,1563.699951171875,1616.300048828125,748636
2025-04-16 13:15:00,1616.4000244140625,1623.300048828125,1606.5999755859375,1612.9000244140625,353752
2025-04-17 09:15:00,1614.800048828125,1646.699951171875,1612.199951171875,1639.5,548799
2025-04-17 13:15:00,1640.300048828125,1643.699951171875,1630.9000244140625,1632.800048828125,676230
2025-04-21 09:15:00,1640.0,1659.5999755859375,1631.0,1658.300048828125,389384
2025-04-21 13:15:00,1658.4000244140625,1662.199951171875,1643.300048828125,1653.0,426582
2025-04-22 09:15:00,1655.4000244140625,1665.0,1644.699951171875,1658.4000244140625,296885
2025-04-22 13:15:00,1658.699951171875,1673.800048828125,1657.300048828125,1668.0,459757
2025-04-23 09:15:00,1635.800048828125,1635.800048828125,1585.300048828125,1615.0,3159917
2025-04-23 13:15:00,1615.0999755859375,1619.0,1609.4000244140625,1612.0,824684
2025-04-24 09:15:00,1621.9000244140625,1621.9000244140625,1586.0999755859375,1590.9000244140625,322839
2025-04-24 13:15:00,1590.800048828125,1608.699951171875,1590.4000244140625,1604.5999755859375,789046
2025-04-25 09:15:00,1608.9000244140625,1611.0,1573.699951171875,1600.199951171875,874701
2025-04-25 13:15:00,1600.0999755859375,1603.800048828125,1593.699951171875,1596.0,749939
2025-04-28 09:15:00,1599.800048828125,1615.0,1599.0,1606.199951171875,331390
2025-04-28 13:15:00,1606.0,1613.0,1591.0,1608.0,318451
2025-04-29 09:15:00,1616.0,1632.9000244140625,1611.300048828125,1629.5999755859375,387601
2025-04-29 13:15:00,1629.699951171875,1632.0,1619.699951171875,1622.800048828125,339667
2025-04-30 09:15:00,1618.800048828125,1621.0999755859375,1594.0,1596.0999755859375,222870
2025-04-30 13:15:00,1595.9000244140625,1605.699951171875,1595.0999755859375,1601.0,573098
2025-05-02 09:15:00,1585.9000244140625,1595.4000244140625,1556.800048828125,1565.199951171875,693850
2025-05-02 13:15:00,1565.800048828125,1575.300048828125,1558.0999755859375,1562.800048828125,550573
2025-05-05 09:15:00,1571.4000244140625,1589.0999755859375,1571.0,1583.199951171875,311126
2025-05-05 13:15:00,1583.300048828125,1585.699951171875,1579.300048828125,1580.0,244225
2025-05-06 09:15:00,1585.0,1592.0,1576.0999755859375,1587.5,248881
2025-05-06 13:15:00,1587.0,1592.0,1577.0,1580.4000244140625,411560
2025-05-07 09:15:00,1561.5,1589.0,1561.5,1580.699951171875,87958
2025-05-07 13:15:00,1580.800048828125,1584.0,1575.0999755859375,1579.0,173489
2025-05-08 09:15:00,1579.0999755859375,1582.9000244140625,1550.0,1550.0,177316
2025-05-08 13:15:00,1550.5,1550.800048828125,1528.0,1529.0,567987
2025-05-09 09:15:00,1517.0,1550.5999755859375,1514.4000244140625,1547.199951171875,301334
2025-05-09 13:15:00,1547.4000244140625,1551.5999755859375,1541.0999755859375,1548.300048828125,315881
2025-05-12 09:15:00,1570.0999755859375,1581.0,1565.199951171875,1577.800048828125,227172
2025-05-12 13:15:00,1577.800048828125,1585.0,1574.4000244140625,1583.0999755859375,210315
2025-05-13 09:15:00,1581.0,1589.699951171875,1575.0,1587.5,176747
2025-05-13 13:15:00,1587.5,1599.699951171875,1583.699951171875,1598.0,411388
2025-05-14 09:15:00,1604.300048828125,1604.300048828125,1588.0999755859375,1598.800048828125,382048
2025-05-14 13:15:00,1598.0999755859375,1601.5999755859375,1590.0,1595.0999755859375,341452
2025-05-15 09:15:00,1605.0,1623.699951171875,1579.0999755859375,1587.300048828125,353360
2025-05-15 13:15:00,1587.5999755859375,1595.9000244140625,1585.0,1592.4000244140625,454041
2025-05-16 09:15:00,1595.300048828125,1598.0,1570.0,1577.5999755859375,1282340
2025-05-16 13:15:00,1577.4000244140625,1580.0,1574.0999755859375,1574.0999755859375,340385
2025-05-19 09:15:00,1585.0,1599.800048828125,1576.0999755859375,1584.5999755859375,669818
2025-05-19 13:15:00,1584.699951171875,1590.0,1579.199951171875,1583.199951171875,495241
2025-05-20 09:15:00,1592.9000244140625,1592.9000244140625,1565.0,1570.0,1023616
2025-05-20 13:15:00,1570.0999755859375,1576.5,1555.4000244140625,1559.800048828125,482475
2025-05-21 09:15:00,1567.4000244140625,1590.0999755859375,1559.0,1578.5999755859375,348827
2025-05-21 13:15:00,1579.199951171875,1581.4000244140625,1574.0999755859375,1577.199951171875,198989
2025-05-22 09:15:00,1578.0,1582.9000244140625,1562.0,1564.5,315011
2025-05-22 13:15:00,1565.0999755859375,1570.199951171875,1556.4000244140625,1568.800048828125,241478
2025-05-23 09:15:00,1571.5,1585.0,1558.9000244140625,1582.4000244140625,382683
2025-05-23 13:15:00,1583.4000244140625,1583.800048828125,1571.300048828125,1573.5999755859375,243988
2025-05-26 09:15:00,1588.800048828125,1588.800048828125,1570.5,1574.5,256398
2025-05-26 13:15:00,1574.5,1575.5,1565.4000244140625,1567.4000244140625,221599
2025-05-27 09:15:00,1571.0,1575.5999755859375,1558.4000244140625,1570.199951171875,207098
2025-05-27 13:15:00,1570.0,1576.0999755859375,1566.0999755859375,1572.800048828125,509375
2025-05-28 09:15:00,1570.0,1575.0,1543.0,1549.4000244140625,666695
2025-05-28 13:15:00,1550.0999755859375,1552.699951171875,1542.0,1548.800048828125,647801
2025-05-29 09:15:00,1554.5,1558.5,1545.0999755859375,1548.199951171875,96811
2025-05-29 13:15:00,1548.9000244140625,1554.0999755859375,1545.0,1552.0,130770
2025-05-30 09:15:00,1550.9000244140625,1554.0999755859375,1540.5,1542.300048828125,279547
2025-05-30 13:15:00,1541.9000244140625,1542.9000244140625,1523.0999755859375,1528.0,787916
2025-06-02 09:15:00,1529.5,1533.4000244140625,1511.199951171875,1514.0,166791
2025-06-02 13:15:00,1513.4000244140625,1518.0,1512.0,1514.0,287449
2025-06-03 09:15:00,1520.0,1524.699951171875,1502.0999755859375,1502.9000244140625,722597
2025-06-03 13:15:00,1504.0999755859375,1505.800048828125,1499.199951171875,1500.0,290585
2025-06-04 09:15:00,1502.300048828125,1504.9000244140625,1492.5,1501.4000244140625,366356
2025-06-04 13:15:00,1501.4000244140625,1504.699951171875,1495.0999755859375,1500.0,196670
2025-06-05 09:15:00,1502.0,1506.0,1487.9000244140625,1491.0,1057393
2025-06-05 13:15:00,1490.0,1492.0,1483.0999755859375,1489.9000244140625,876539
2025-06-06 09:15:00,1495.0,1513.0,1491.0999755859375,1513.0,332834
2025-06-06 13:15:00,1513.0,1526.0,1511.699951171875,1525.0,307469
2025-06-09 09:15:00,1535.0,1548.0,1527.0,1543.300048828125,285634
2025-06-09 13:15:00,1543.300048828125,1545.4000244140625,1540.699951171875,1543.0,195448
2025-06-10 09:15:00,1548.0,1582.199951171875,1531.199951171875,1579.0,611358
2025-06-10 13:15:00,1578.5999755859375,1583.699951171875,1564.4000244140625,1570.699951171875,410161
2025-06-11 09:15:00,1575.199951171875,1582.0,1572.199951171875,1580.5999755859375,208813
2025-06-11 13:15:00,1580.0999755859375,1582.0,1573.5999755859375,1579.0999755859375,376582
2025-06-12 09:15:00,1578.800048828125,1582.800048828125,1569.5,1576.199951171875,364168
2025-06-12 13:15:00,1576.199951171875,1576.5999755859375,1553.0,1556.800048828125,336009
2025-06-13 09:15:00,1486.800048828125,1545.699951171875,1486.800048828125,1534.9000244140625,259775
2025-06-13 13:15:00,1534.699951171875,1545.5,1532.300048828125,1541.5,451165
2025-06-16 09:15:00,1540.0,1555.0999755859375,1526.199951171875,1554.199951171875,99407
2025-06-16 13:15:00,1554.0,1560.0,1546.0999755859375,1558.0,270491
2025-06-17 09:15:00,1560.4000244140625,1569.300048828125,1541.0,1547.5999755859375,299014
2025-06-17 13:15:00,1547.0999755859375,1552.9000244140625,1524.4000244140625,1528.5999755859375,493794
2025-06-18 09:15:00,1534.4000244140625,1546.5999755859375,1529.5,1531.699951171875,81475
2025-06-18 13:15:00,1531.699951171875,1538.800048828125,1528.699951171875,1535.699951171875,84365
2025-06-19 09:15:00,1543.0,1544.0,1518.0,1522.300048828125,240026
2025-06-19 13:15:00,1521.5999755859375,1528.300048828125,1515.699951171875,1520.0,89508
2025-06-20 09:15:00,1520.9000244140625,1533.9000244140625,1511.0,1526.800048828125,196869
2025-06-20 13:15:00,1526.5,1538.9000244140625,1525.5999755859375,1535.0,835217
2025-06-23 09:15:00,1530.0,1563.0,1530.0,1563.0,319464
2025-06-23 13:15:00,1562.5999755859375,1570.5999755859375,1560.699951171875,1562.0,230006
2025-06-24 09:15:00,1567.800048828125,1589.0,1552.0999755859375,1581.5999755859375,473194
2025-06-24 13:15:00,1581.0999755859375,1582.0,1565.5999755859375,1573.300048828125,562437
2025-06-25 09:15:00,1576.699951171875,1598.5999755859375,1573.5999755859375,1581.800048828125,562273
2025-06-25 13:15:00,1581.300048828125,1581.800048828125,1566.5999755859375,1569.300048828125,348612
2025-06-26 09:15:00,1572.0999755859375,1586.0,1552.0,1565.4000244140625,712880
2025-06-26 13:15:00,1565.5999755859375,1578.5999755859375,1565.300048828125,1570.0,663521
2025-06-27 09:15:00,1572.4000244140625,1594.0,1567.0,1567.5999755859375,518405
2025-06-27 13:15:00,1567.199951171875,1571.9000244140625,1560.5999755859375,1566.800048828125,653587
2025-06-30 09:15:00,1574.9000244140625,1574.9000244140625,1536.5,1544.5999755859375,800025
2025-06-30 13:15:00,1544.800048828125,1557.0,1543.0999755859375,1552.0999755859375,617239
2025-07-01 09:15:00,1552.0,1564.0,1541.0,1545.5999755859375,303473
2025-07-01 13:15:00,1545.5999755859375,1550.0,1540.9000244140625,1547.9000244140625,298277
2025-07-02 09:15:00,1548.0,1550.0,1535.9000244140625,1545.5999755859375,278646
2025-07-02 13:15:00,1545.5999755859375,1552.0,1540.0,1551.0,301411
2025-07-03 09:15:00,1554.0,1591.0999755859375,1545.5999755859375,1580.800048828125,669395
2025-07-03 13:15:00,1581.199951171875,1584.0,1570.0,1570.0,417438
2025-07-04 09:15:00,1575.9000244140625,1591.9000244140625,1565.300048828125,1580.0,490983
2025-07-04 13:15:00,1580.0,1581.300048828125,1575.5,1578.0,148672
2025-07-07 09:15:00,1585.5,1593.5,1538.300048828125,1546.699951171875,430065
2025-07-07 13:15:00,1546.699951171875,1548.800048828125,1526.699951171875,1537.5999755859375,590293
2025-07-08 09:15:00,1541.0,1541.0,1514.0999755859375,1527.4000244140625,333911
2025-07-08 13:15:00,1527.4000244140625,1534.5,1520.699951171875,1532.0999755859375,382468
2025-07-09 09:15:00,1532.699951171875,1537.800048828125,1511.0999755859375,1520.199951171875,379225
2025-07-09 13:15:00,1520.0999755859375,1526.0,1517.5,1523.699951171875,290387
2025-07-10 09:15:00,1521.0,1526.4000244140625,1513.0,1525.0,496260
2025-07-10 13:15:00,1525.0,1531.0999755859375,1522.4000244140625,1531.0,239736
2025-07-11 09:15:00,1534.0,1534.0,1519.800048828125,1526.5,1110743
2025-07-11 13:15:00,1526.0,1530.9000244140625,1522.4000244140625,1527.800048828125,322314
2025-07-14 09:15:00,1521.199951171875,1534.699951171875,1513.0999755859375,1514.5999755859375,593163
2025-07-14 13:15:00,1514.5999755859375,1527.5999755859375,1514.0,1526.4000244140625,154422
2025-07-15 09:15:00,1526.300048828125,1538.5999755859375,1522.9000244140625,1536.199951171875,413896
2025-07-15 13:15:00,1536.0999755859375,1541.0,1534.4000244140625,1538.0,291505
2025-07-16 09:15:00,1538.5,1538.5,1520.0999755859375,1526.4000244140625,358144
2025-07-16 13:15:00,1526.4000244140625,1527.699951171875,1521.0,1525.0,204271
2025-07-17 09:15:00,1526.0,1535.800048828125,1522.300048828125,1531.0999755859375,868401
2025-07-17 13:15:00,1531.4000244140625,1534.0999755859375,1525.5,1532.0999755859375,633654
2025-07-18 09:15:00,1536.0,1547.4000244140625,1518.0999755859375,1519.5999755859375,1053469
2025-07-18 13:15:00,1519.0,1523.300048828125,1515.0,1518.5,208153
2025-07-21 09:15:00,1514.300048828125,1529.5999755859375,1512.0,1523.4000244140625,380680
2025-07-21 13:15:00,1523.0,1536.0,1520.5,1531.5999755859375,235356
2025-07-22 09:15:00,1555.0,1567.0,1515.800048828125,1554.0999755859375,3317680
2025-07-22 13:15:00,1554.0999755859375,1583.0,1545.5999755859375,1578.5999755859375,1767844
2025-07-23 09:15:00,1583.0,1583.0,1548.0,1561.699951171875,429217
2025-07-23 13:15:00,1561.699951171875,1575.300048828125,1560.0,1572.699951171875,570120
2025-07-24 09:15:00,1569.699951171875,1573.800048828125,1551.199951171875,1557.800048828125,620663
2025-07-24 13:15:00,1557.5999755859375,1558.4000244140625,1546.0999755859375,1552.199951171875,212976
2025-07-25 09:15:00,1545.4000244140625,1552.0,1526.0,1527.9000244140625,537672
2025-07-25 13:15:00,1527.9000244140625,1530.199951171875,1518.4000244140625,1526.5999755859375,404469
2025-07-28 09:15:00,1522.300048828125,1533.9000244140625,1514.199951171875,1517.0,311617
2025-07-28 13:15:00,1517.0,1517.5999755859375,1501.0,1507.800048828125,331973
2025-07-29 09:15:00,1507.5,1512.5,1491.300048828125,1510.800048828125,244746
2025-07-29 13:15:00,1510.800048828125,1517.0,1507.5999755859375,1510.300048828125,267881
2025-07-30 09:15:00,1514.0,1526.9000244140625,1506.800048828125,1525.800048828125,472291
2025-07-30 13:15:00,1524.800048828125,1530.0,1522.0,1527.699951171875,232368
2025-07-31 09:15:00,1510.9000244140625,1535.0,1507.5,1511.5999755859375,187835
2025-07-31 13:15:00,1511.5999755859375,1512.5999755859375,1497.0,1502.300048828125,308231
2025-08-01 09:15:00,1498.0,1501.199951171875,1483.199951171875,1499.4000244140625,414905
2025-08-01 13:15:00,1499.5,1499.5,1478.300048828125,1479.0,199747
2025-08-04 09:15:00,1482.4000244140625,1500.699951171875,1473.0999755859375,1498.9000244140625,236490
2025-08-04 13:15:00,1498.800048828125,1511.699951171875,1496.5,1508.5999755859375,75630
2025-08-05 09:15:00,1506.4000244140625,1516.4000244140625,1500.5999755859375,1504.4000244140625,308589
2025-08-05 13:15:00,1504.5,1506.4000244140625,1495.199951171875,1501.0,185701
2025-08-06 09:15:00,1501.300048828125,1506.4000244140625,1477.4000244140625,1490.0999755859375,612011
2025-08-06 13:15:00,1490.9000244140625,1496.0,1484.4000244140625,1491.0,269746
2025-08-07 09:15:00,1479.9000244140625,1487.0,1475.0,1477.199951171875,399814
2025-08-07 13:15:00,1477.0,1503.699951171875,1472.800048828125,1494.699951171875,297568
2025-08-08 09:15:00,1504.5999755859375,1506.800048828125,1484.4000244140625,1498.300048828125,171384
2025-08-08 13:15:00,1497.5,1500.0,1488.199951171875,1491.9000244140625,545402
2025-08-11 09:15:00,1490.0,1490.0,1451.5999755859375,1473.0,730816
2025-08-11 13:15:00,1473.0,1482.699951171875,1467.9000244140625,1470.4000244140625,485374
2025-08-12 09:15:00,1481.5,1481.5,1452.5,1464.0,630315
2025-08-12 13:15:00,1464.0,1470.5,1459.0,1459.0,445836
2025-08-13 09:15:00,1468.0,1477.4000244140625,1459.199951171875,1466.5,252105
2025-08-13 13:15:00,1465.9000244140625,1471.800048828125,1464.0,1465.9000244140625,240987
2025-08-14 09:15:00,1467.5,1494.800048828125,1463.300048828125,1491.5,659561
2025-08-14 13:15:00,1491.0999755859375,1493.0,1474.0999755859375,1474.0999755859375,202281
2025-08-18 09:15:00,1555.0999755859375,1570.5999755859375,1532.5,1551.0,436374
2025-08-18 13:15:00,1550.4000244140625,1563.9000244140625,1547.699951171875,1550.9000244140625,417033
2025-08-19 09:15:00,1552.300048828125,1571.699951171875,1542.5,1567.199951171875,199502
2025-08-19 13:15:00,1567.199951171875,1573.0,1562.300048828125,1570.0,234759
2025-08-20 09:15:00,1571.9000244140625,1573.699951171875,1561.0,1566.0999755859375,257866
2025-08-20 13:15:00,1565.800048828125,1570.5999755859375,1564.0,1567.9000244140625,314018
2025-08-21 09:15:00,1573.0,1573.0,1553.0,1560.9000244140625,181708
2025-08-21 13:15:00,1561.300048828125,1567.9000244140625,1550.5999755859375,1554.0,260952
2025-08-22 09:15:00,1555.0,1561.4000244140625,1546.0,1555.0999755859375,216974
2025-08-22 13:15:00,1555.699951171875,1561.5,1553.0,1555.0,240484
2025-08-25 09:15:00,1560.0,1571.0999755859375,1551.4000244140625,1562.5,180984
2025-08-25 13:15:00,1563.0999755859375,1563.5,1556.0,1562.0,339425
2025-08-26 09:15:00,1547.4000244140625,1555.4000244140625,1530.4000244140625,1533.9000244140625,202106
2025-08-26 13:15:00,1534.699951171875,1539.4000244140625,1508.9000244140625,1534.800048828125,4415909
2025-08-28 09:15:00,1514.199951171875,1528.0,1513.300048828125,1521.199951171875,143812
2025-08-28 13:15:00,1521.199951171875,1526.0999755859375,1515.0,1519.4000244140625,240409
2025-08-29 09:15:00,1519.9000244140625,1538.0999755859375,1516.0999755859375,1527.699951171875,522019
2025-08-29 13:15:00,1530.0,1533.300048828125,1520.0999755859375,1522.0,590640
2025-09-01 09:15:00,1526.199951171875,1562.5999755859375,1526.199951171875,1561.300048828125,292959
2025-09-01 13:15:00,1561.4000244140625,1577.0,1560.199951171875,1574.199951171875,449292
2025-09-02 09:15:00,1576.9000244140625,1604.800048828125,1576.9000244140625,1587.800048828125,409603
2025-09-02 13:15:00,1587.699951171875,1591.0999755859375,1580.199951171875,1582.0,644182
2025-09-03 09:15:00,1582.699951171875,1597.4000244140625,1570.800048828125,1571.9000244140625,409124
2025-09-03 13:15:00,1571.9000244140625,1572.4000244140625,1562.800048828125,1572.0,386232
2025-09-04 09:15:00,1592.9000244140625,1597.199951171875,1573.9000244140625,1595.9000244140625,444532
2025-09-04 13:15:00,1595.800048828125,1597.0,1581.4000244140625,1584.699951171875,493127
2025-09-05 09:15:00,1585.0,1585.0,1564.199951171875,1576.0999755859375,212040
2025-09-05 13:15:00,1577.4000244140625,1586.9000244140625,1575.800048828125,1580.0,164152
2025-09-08 09:15:00,1582.0,1596.300048828125,1573.4000244140625,1593.300048828125,220033
2025-09-08 13:15:00,1593.300048828125,1593.9000244140625,1577.199951171875,1579.199951171875,230026
2025-09-09 09:15:00,1583.9000244140625,1585.800048828125,1564.199951171875,1580.699951171875,192052
2025-09-09 13:15:00,1580.699951171875,1590.800048828125,1580.300048828125,1586.9000244140625,224845
2025-09-10 09:15:00,1589.9000244140625,1598.699951171875,1576.9000244140625,1577.5999755859375,305647
2025-09-10 13:15:00,1577.300048828125,1578.5999755859375,1571.0,1577.0,152603
2025-09-11 09:15:00,1580.0,1580.0,1568.0,1575.0,337067
2025-09-11 13:15:00,1575.0,1579.199951171875,1565.0,1575.9000244140625,243201
2025-09-12 09:15:00,1569.5999755859375,1576.9000244140625,1567.4000244140625,1569.9000244140625,140468
2025-09-12 13:15:00,1569.9000244140625,1577.0,1568.0,1572.5999755859375,287697
2025-09-15 09:15:00,1580.0,1596.9000244140625,1578.199951171875,1595.300048828125,262879
2025-09-15 13:15:00,1595.0999755859375,1601.0,1591.5,1595.199951171875,124057
2025-09-16 09:15:00,1600.0,1617.0,1595.0,1608.5,437270
2025-09-16 13:15:00,1609.300048828125,1617.199951171875,1607.5,1615.0,389430
2025-09-17 09:15:00,1617.0,1618.4000244140625,1595.4000244140625,1604.300048828125,404580
2025-09-17 13:15:00,1604.300048828125,1607.199951171875,1592.0,1593.5,315203
2025-09-18 09:15:00,1595.0,1596.5,1584.5999755859375,1586.800048828125,641938
2025-09-18 13:15:00,1587.300048828125,1597.0999755859375,1586.199951171875,1594.300048828125,200504
2025-09-19 09:15:00,1600.0,1609.800048828125,1593.0,1594.699951171875,87244
2025-09-19 13:15:00,1594.699951171875,1600.0,1587.5999755859375,1590.800048828125,356120
2025-09-22 09:15:00,1588.9000244140625,1598.800048828125,1583.0,1596.9000244140625,117140
2025-09-22 13:15:00,1597.0,1599.5,1578.0,1580.0,219094
2025-09-23 09:15:00,1581.300048828125,1584.0,1565.0,1573.199951171875,185196
2025-09-23 13:15:00,1573.199951171875,1578.0,1566.5999755859375,1572.300048828125,178219
2025-09-24 09:15:00,1569.5999755859375,1571.4000244140625,1541.0,1551.9000244140625,257246
2025-09-24 13:15:00,1551.9000244140625,1554.5,1540.800048828125,1544.5,276522
2025-09-25 09:15:00,1538.0,1558.5,1536.300048828125,1556.5,254874
2025-09-25 13:15:00,1556.0,1558.0,1536.5999755859375,1537.800048828125,358886
2025-09-26 09:15:00,1534.300048828125,1538.699951171875,1507.199951171875,1518.4000244140625,510985
2025-09-26 13:15:00,1518.5,1520.9000244140625,1502.5,1507.4000244140625,390117
2025-09-29 09:15:00,1506.699951171875,1520.5999755859375,1496.0,1498.800048828125,343133
2025-09-29 13:15:00,1498.699951171875,1512.4000244140625,1496.800048828125,1505.199951171875,382030
2025-09-30 09:15:00,1505.199951171875,1511.699951171875,1499.199951171875,1507.5,300332
2025-09-30 13:15:00,1507.300048828125,1508.300048828125,1495.199951171875,1502.0,405827
2025-10-01 09:15:00,1503.5999755859375,1510.300048828125,1483.300048828125,1488.0,503305
2025-10-01 13:15:00,1488.0,1488.199951171875,1483.699951171875,1485.199951171875,238404
2025-10-03 09:15:00,1481.0,1491.0999755859375,1474.699951171875,1478.300048828125,209917
2025-10-03 13:15:00,1478.0999755859375,1491.0,1472.0,1490.0,526508
2025-10-06 09:15:00,1490.5,1500.800048828125,1485.199951171875,1493.9000244140625,276798
2025-10-06 13:15:00,1493.800048828125,1499.9000244140625,1492.300048828125,1499.9000244140625,161636
2025-10-07 09:15:00,1502.800048828125,1507.800048828125,1497.800048828125,1507.0,281881
2025-10-07 13:15:00,1507.0,1507.800048828125,1498.199951171875,1498.199951171875,333577
2025-10-08 09:15:00,1497.0999755859375,1509.0,1491.0,1503.4000244140625,137736
2025-10-08 13:15:00,1503.4000244140625,1505.4000244140625,1500.0,1503.5,170324
2025-10-09 09:15:00,1505.699951171875,1509.0,1490.4000244140625,1492.4000244140625,82037
2025-10-09 13:15:00,1492.699951171875,1492.800048828125,1481.4000244140625,1486.0,417682
2025-10-10 09:15:00,1482.0,1519.9000244140625,1480.4000244140625,1518.199951171875,350062
2025-10-10 13:15:00,1518.300048828125,1518.300048828125,1494.0999755859375,1495.9000244140625,343366
2025-10-13 09:15:00,1494.0999755859375,1495.0999755859375,1459.5,1473.5,436277
2025-10-13 13:15:00,1473.300048828125,1476.4000244140625,1469.699951171875,1472.0,187874
2025-10-14 09:15:00,1478.0,1478.199951171875,1440.800048828125,1445.5999755859375,1014301
2025-10-14 13:15:00,1445.800048828125,1451.800048828125,1443.0,1445.800048828125,281756
2025-10-15 09:15:00,1455.0,1466.5999755859375,1449.0,1462.5,284305
2025-10-15 13:15:00,1463.199951171875,1468.300048828125,1462.5,1462.5,428467
2025-10-16 09:15:00,1466.199951171875,1470.0,1454.5999755859375,1467.199951171875,504869
2025-10-16 13:15:00,1467.199951171875,1479.0,1465.0,1474.9000244140625,628872
2025-10-17 09:15:00,1480.300048828125,1485.0,1469.0,1483.4000244140625,255891
2025-10-17 13:15:00,1483.5,1496.300048828125,1479.5,1491.5,555823
2025-10-20 09:15:00,1460.5,1476.5999755859375,1453.5999755859375,1468.199951171875,254208
2025-10-20 13:15:00,1468.4000244140625,1494.0,1468.199951171875,1483.9000244140625,521037
2025-10-21 13:15:00,1485.9000244140625,1491.0999755859375,1482.0,1484.0999755859375,72144
2025-10-23 09:15:00,1480.0,1513.0,1474.9000244140625,1500.300048828125,587527
2025-10-23 13:15:00,1500.300048828125,1503.9000244140625,1489.699951171875,1496.4000244140625,390018
2025-10-24 09:15:00,1501.800048828125,1511.9000244140625,1496.800048828125,1505.0999755859375,304714
2025-10-24 13:15:00,1505.300048828125,1506.5,1491.4000244140625,1494.9000244140625,324824
2025-10-27 09:15:00,1493.0,1493.0,1483.199951171875,1486.9000244140625,173658
2025-10-27 13:15:00,1487.4000244140625,1494.0,1486.4000244140625,1492.5999755859375,249358
2025-10-28 09:15:00,1487.800048828125,1487.800048828125,1471.199951171875,1480.199951171875,204103
2025-10-28 13:15:00,1480.199951171875,1481.800048828125,1476.9000244140625,1481.0,477157
2025-10-29 09:15:00,1487.0,1507.5999755859375,1485.0,1504.199951171875,293764
2025-10-29 13:15:00,1504.699951171875,1513.0,1504.199951171875,1513.0,245244
2025-10-30 09:15:00,1513.9000244140625,1516.5999755859375,1502.5,1513.5999755859375,210300
2025-10-30 13:15:00,1514.300048828125,1515.199951171875,1500.5999755859375,1506.300048828125,390781
2025-10-31 09:15:00,1508.0999755859375,1509.0,1487.5999755859375,1500.0999755859375,713928
2025-10-31 13:15:00,1500.0999755859375,1501.5,1490.0,1493.9000244140625,380416
2025-11-03 09:15:00,1482.0999755859375,1495.800048828125,1482.0999755859375,1495.199951171875,170376
2025-11-03 13:15:00,1495.199951171875,1499.9000244140625,1491.300048828125,1497.300048828125,137679
2025-11-04 09:15:00,1493.0,1496.5,1484.9000244140625,1489.5,138216
2025-11-04 13:15:00,1489.0999755859375,1492.300048828125,1479.0,1483.0,547360
2025-11-06 09:15:00,1477.699951171875,1482.0999755859375,1452.0,1459.0,539663
2025-11-06 13:15:00,1458.800048828125,1459.699951171875,1439.699951171875,1444.0,517084
2025-11-07 09:15:00,1442.5,1466.5,1431.300048828125,1458.699951171875,193139
2025-11-07 13:15:00,1458.9000244140625,1459.0,1444.0,1450.0,316590
2025-11-10 09:15:00,1454.199951171875,1467.199951171875,1433.199951171875,1460.5999755859375,172801
2025-11-10 13:15:00,1460.5,1465.5,1449.0999755859375,1457.699951171875,563333
2025-11-11 09:15:00,1455.4000244140625,1455.4000244140625,1429.5,1442.800048828125,99714
2025-11-11 13:15:00,1443.5,1446.9000244140625,1439.4000244140625,1445.5,219124
2025-11-12 09:15:00,1449.199951171875,1458.699951171875,1445.5,1455.0,100296
2025-11-12 13:15:00,1455.0,1460.9000244140625,1448.199951171875,1458.0,275895
2025-11-13 09:15:00,1458.0,1470.5,1455.199951171875,1469.300048828125,124616
2025-11-13 13:15:00,1469.300048828125,1471.5,1462.5,1465.9000244140625,199492
2025-11-14 09:15:00,1462.9000244140625,1468.699951171875,1454.5,1466.4000244140625,118065
2025-11-14 13:15:00,1466.5999755859375,1473.0,1464.4000244140625,1473.0,92007
2025-11-17 09:15:00,1470.0,1484.199951171875,1466.5999755859375,1480.5,234457
2025-11-17 13:15:00,1480.5,1484.5,1477.300048828125,1480.199951171875,254323
2025-11-18 09:15:00,1475.0,1476.0,1456.199951171875,1475.0999755859375,238098
2025-11-18 13:15:00,1475.199951171875,1477.300048828125,1461.699951171875,1468.0,400306
2025-11-19 09:15:00,1466.0,1466.0,1450.800048828125,1453.5,347256
2025-11-19 13:15:00,1453.9000244140625,1454.199951171875,1438.5999755859375,1441.0,490708
2025-11-20 09:15:00,1445.0999755859375,1452.199951171875,1439.0,1450.0999755859375,272302
2025-11-20 13:15:00,1450.199951171875,1453.199951171875,1444.0,1448.5,268558
2025-11-21 09:15:00,1447.0,1447.0,1430.0,1437.5,376062
2025-11-21 13:15:00,1437.300048828125,1445.0,1435.0,1440.800048828125,506763
2025-11-24 09:15:00,1439.0999755859375,1446.4000244140625,1432.9000244140625,1433.5999755859375,744102
2025-11-24 13:15:00,1433.5999755859375,1434.5,1416.0,1424.5999755859375,957743
2025-11-25 09:15:00,1424.699951171875,1429.0,1416.0999755859375,1423.699951171875,462671
2025-11-25 13:15:00,1423.5,1423.5,1413.0,1419.4000244140625,247778
2025-11-26 09:15:00,1424.0,1443.0,1419.699951171875,1439.0,241430
2025-11-26 13:15:00,1439.0,1440.9000244140625,1436.800048828125,1436.800048828125,170262
2025-11-27 09:15:00,1444.0,1444.0,1428.5,1428.800048828125,261876
2025-11-27 13:15:00,1428.800048828125,1437.4000244140625,1427.0999755859375,1434.5999755859375,217862
2025-11-28 09:15:00,1436.699951171875,1436.699951171875,1425.0,1435.5999755859375,234134
2025-11-28 13:15:00,1435.5,1444.199951171875,1435.0,1441.9000244140625,285128
2025-12-01 09:15:00,1448.0,1452.0999755859375,1432.0,1436.199951171875,77830
2025-12-01 13:15:00,1436.0999755859375,1441.5999755859375,1431.199951171875,1431.800048828125,262558
2025-12-02 09:15:00,1435.5999755859375,1437.199951171875,1422.199951171875,1422.800048828125,148702
2025-12-02 13:15:00,1423.300048828125,1427.0,1418.199951171875,1422.5,251744
2025-12-03 09:15:00,1424.9000244140625,1424.9000244140625,1411.0999755859375,1420.5,119721
2025-12-03 13:15:00,1420.300048828125,1426.0,1417.699951171875,1419.0,272101
2025-12-04 09:15:00,1416.0,1433.5999755859375,1416.0,1431.0,197173
2025-12-04 13:15:00,1431.0999755859375,1435.5,1428.0999755859375,1433.0,136979
2025-12-05 09:15:00,1431.0999755859375,1433.0,1420.0,1427.800048828125,219412
2025-12-05 13:15:00,1427.800048828125,1438.800048828125,1426.699951171875,1436.5,170729
2025-12-08 09:15:00,1435.4000244140625,1436.800048828125,1402.699951171875,1404.0,183749
2025-12-08 13:15:00,1403.5,1410.4000244140625,1400.0999755859375,1407.300048828125,311930
2025-12-09 09:15:00,1400.0,1418.9000244140625,1391.0999755859375,1416.5,419247
2025-12-09 13:15:00,1416.800048828125,1422.699951171875,1407.300048828125,1419.800048828125,311223
2025-12-10 09:15:00,1419.800048828125,1423.800048828125,1407.0,1408.4000244140625,380659
2025-12-10 13:15:00,1407.9000244140625,1410.5,1381.0999755859375,1389.9000244140625,345406
2025-12-11 09:15:00,1389.800048828125,1402.699951171875,1385.4000244140625,1395.0,269801
2025-12-11 13:15:00,1395.9000244140625,1406.0,1393.0,1405.9000244140625,343594
2025-12-12 09:15:00,1405.0,1411.699951171875,1400.199951171875,1404.9000244140625,106078
2025-12-12 13:15:00,1405.0,1412.300048828125,1404.5999755859375,1409.9000244140625,252049
2025-12-15 09:15:00,1409.5999755859375,1415.9000244140625,1398.5999755859375,1414.9000244140625,349976
2025-12-15 13:15:00,1415.0,1415.300048828125,1408.699951171875,1412.0,281805
2025-12-16 09:15:00,1410.0,1425.0,1405.800048828125,1418.300048828125,69672
2025-12-16 13:15:00,1418.0999755859375,1419.5999755859375,1406.699951171875,1411.0999755859375,163610
2025-12-17 09:15:00,1410.300048828125,1410.300048828125,1395.0999755859375,1396.5999755859375,95297
2025-12-17 13:15:00,1396.5999755859375,1400.0,1393.0,1394.0,187085
2025-12-18 09:15:00,1394.5999755859375,1411.9000244140625,1389.199951171875,1407.0,112092
2025-12-18 13:15:00,1407.300048828125,1408.0999755859375,1396.5,1401.199951171875,111474
2025-12-19 09:15:00,1402.800048828125,1415.800048828125,1399.0,1404.199951171875,119571
2025-12-19 13:15:00,1404.4000244140625,1418.9000244140625,1404.0,1417.800048828125,524916
2025-12-22 09:15:00,1423.4000244140625,1445.5,1420.5999755859375,1434.0,152819
2025-12-22 13:15:00,1434.5999755859375,1435.300048828125,1429.0,1431.199951171875,132409
2025-12-23 09:15:00,1431.0,1436.5999755859375,1423.0999755859375,1423.699951171875,54640
2025-12-23 13:15:00,1423.699951171875,1430.199951171875,1423.0999755859375,1425.9000244140625,185562
2025-12-24 09:15:00,1425.699951171875,1436.4000244140625,1420.300048828125,1427.0999755859375,179646
2025-12-24 13:15:00,1426.300048828125,1427.0999755859375,1421.0,1424.4000244140625,207459
2025-12-26 09:15:00,1429.9000244140625,1435.800048828125,1424.5999755859375,1427.0,62683
2025-12-26 13:15:00,1427.0,1427.5,1415.0999755859375,1417.5999755859375,62161
2025-12-29 09:15:00,1418.0,1427.9000244140625,1412.800048828125,1414.300048828125,72646
2025-12-29 13:15:00,1414.0,1417.699951171875,1410.5,1415.199951171875,104007
2025-12-30 09:15:00,1412.0,1413.5999755859375,1405.0999755859375,1407.9000244140625,131939
2025-12-30 13:15:00,1407.4000244140625,1420.0,1406.699951171875,1413.0,277254
2025-12-31 09:15:00,1415.0,1427.0,1410.800048828125,1423.699951171875,66968
2025-12-31 13:15:00,1423.800048828125,1429.300048828125,1421.5999755859375,1424.800048828125,124871
2026-01-01 09:15:00,1426.5999755859375,1431.0,1415.4000244140625,1416.300048828125,232687
2026-01-01 13:15:00,1416.800048828125,1419.5,1414.0999755859375,1419.5,69255
2026-01-02 09:15:00,1423.9000244140625,1445.0,1418.800048828125,1439.5999755859375,129613
2026-01-02 13:15:00,1440.199951171875,1443.199951171875,1438.0,1440.9000244140625,66466
2026-01-05 09:15:00,1443.800048828125,1460.0,1431.199951171875,1456.699951171875,138790
2026-01-05 13:15:00,1456.699951171875,1462.199951171875,1447.300048828125,1455.0,233453
2026-01-06 09:15:00,1453.5,1477.9000244140625,1448.199951171875,1474.800048828125,208695
2026-01-06 13:15:00,1475.0999755859375,1505.9000244140625,1474.300048828125,1501.0,1038719
2026-01-07 09:15:00,1500.0999755859375,1512.800048828125,1486.5999755859375,1489.699951171875,125556
2026-01-07 13:15:00,1489.300048828125,1499.5999755859375,1485.5999755859375,1496.199951171875,136318
2026-01-08 09:15:00,1499.0,1499.0,1471.0,1482.5,288485
2026-01-08 13:15:00,1482.800048828125,1495.9000244140625,1478.0999755859375,1483.699951171875,339952
2026-01-09 09:15:00,1482.5999755859375,1514.0999755859375,1475.800048828125,1478.5,764050
2026-01-09 13:15:00,1478.5999755859375,1482.199951171875,1461.800048828125,1477.9000244140625,342456
2026-01-12 09:15:00,1461.0,1461.0,1438.800048828125,1446.5999755859375,369218
2026-01-12 13:15:00,1446.5999755859375,1462.0,1443.4000244140625,1450.4000244140625,1237811
2026-01-13 09:15:00,1453.0,1456.5,1425.0,1428.5999755859375,234966
2026-01-13 13:15:00,1428.5999755859375,1435.0,1421.0,1435.0,330230
2026-01-14 09:15:00,1420.0,1448.300048828125,1418.4000244140625,1435.199951171875,316602
2026-01-14 13:15:00,1435.5999755859375,1439.5,1430.0,1437.0999755859375,284582
2026-01-16 09:15:00,1437.5,1447.4000244140625,1426.0999755859375,1426.199951171875,105915
2026-01-16 13:15:00,1426.5,1430.0,1420.0,1426.0999755859375,222888
2026-01-19 09:15:00,1425.199951171875,1443.699951171875,1420.4000244140625,1441.800048828125,793913
2026-01-19 13:15:00,1441.800048828125,1453.5999755859375,1435.5999755859375,1436.0,432052
2026-01-20 09:15:00,1413.5999755859375,1454.5,1357.0999755859375,1357.800048828125,1841741
2026-01-20 13:15:00,1357.199951171875,1363.5,1337.4000244140625,1344.800048828125,1457886
2026-01-21 09:15:00,1339.5999755859375,1348.5999755859375,1294.300048828125,1335.5999755859375,999666
2026-01-21 13:15:00,1335.9000244140625,1338.5999755859375,1312.199951171875,1316.0,575832
2026-01-22 09:15:00,1337.300048828125,1338.199951171875,1313.0999755859375,1313.4000244140625,216546
2026-01-22 13:15:00,1313.4000244140625,1317.0999755859375,1306.5999755859375,1311.800048828125,396949
2026-01-23 09:15:00,1320.199951171875,1320.199951171875,1292.0,1295.4000244140625,204127
2026-01-23 13:15:00,1295.4000244140625,1295.4000244140625,1281.199951171875,1285.0,343424
2026-01-27 09:15:00,1290.5999755859375,1292.0999755859375,1263.5999755859375,1281.0,308862
2026-01-27 13:15:00,1281.300048828125,1293.0,1271.9000244140625,1290.0,440802
2026-01-28 09:15:00,1288.9000244140625,1296.0999755859375,1284.4000244140625,1285.699951171875,339263
2026-01-28 13:15:00,1286.300048828125,1292.0,1281.0,1286.800048828125,137390
2026-01-29 09:15:00,1284.0,1285.0,1258.0,1275.0,676753
2026-01-29 13:15:00,1275.0,1281.9000244140625,1270.5999755859375,1273.9000244140625,382401
2026-01-30 09:15:00,1266.0999755859375,1287.0,1258.5999755859375,1280.699951171875,1077555
2026-01-30 13:15:00,1280.699951171875,1289.5999755859375,1273.9000244140625,1282.0,924417
2026-02-03 09:15:00,1309.0,1335.0999755859375,1309.0,1318.4000244140625,804077
2026-02-03 13:15:00,1318.4000244140625,1321.4000244140625,1312.300048828125,1318.0,275909
2026-02-04 09:15:00,1319.699951171875,1358.9000244140625,1309.699951171875,1344.9000244140625,107959
2026-02-04 13:15:00,1344.9000244140625,1348.0,1338.800048828125,1344.199951171875,140389
2026-02-05 09:15:00,1344.4000244140625,1349.0,1332.199951171875,1348.800048828125,70331
2026-02-05 13:15:00,1348.9000244140625,1352.800048828125,1344.0,1351.0999755859375,257740
2026-02-06 09:15:00,1351.0,1351.5,1329.199951171875,1347.4000244140625,201877
2026-02-06 13:15:00,1347.5,1357.5,1346.0,1349.5999755859375,175241
2026-02-09 09:15:00,1355.0,1377.699951171875,1346.0999755859375,1372.0,229192
2026-02-09 13:15:00,1372.0,1380.0999755859375,1368.5999755859375,1371.699951171875,206222
2026-02-10 09:15:00,1378.800048828125,1390.0,1369.9000244140625,1372.800048828125,167173
2026-02-10 13:15:00,1372.699951171875,1376.0,1367.199951171875,1371.0,191621
2026-02-11 09:15:00,1374.0999755859375,1387.0999755859375,1365.199951171875,1382.0,155901
2026-02-11 13:15:00,1382.0999755859375,1388.5,1378.4000244140625,1380.0,235975
2026-02-12 09:15:00,1378.0,1398.0,1372.5999755859375,1396.300048828125,179169
2026-02-12 13:15:00,1396.300048828125,1404.699951171875,1393.5999755859375,1399.5999755859375,291784
2026-02-13 09:15:00,1391.0999755859375,1419.0,1378.4000244140625,1405.5,254219
2026-02-13 13:15:00,1405.5,1411.800048828125,1399.5,1400.0,262571
2026-02-16 09:15:00,1396.199951171875,1424.0,1396.199951171875,1423.4000244140625,147556
2026-02-16 13:15:00,1423.4000244140625,1428.199951171875,1416.5,1420.699951171875,164924
2026-02-17 09:15:00,1418.0999755859375,1438.5999755859375,1414.0,1430.800048828125,93374
2026-02-17 13:15:00,1432.199951171875,1437.5999755859375,1429.0,1436.0,135170
2026-02-18 09:15:00,1434.5999755859375,1441.199951171875,1425.0,1435.199951171875,179315
2026-02-18 13:15:00,1434.699951171875,1437.300048828125,1431.0,1431.0,154872
2026-02-19 09:15:00,1434.699951171875,1438.800048828125,1404.300048828125,1408.4000244140625,97518
2026-02-19 13:15:00,1408.300048828125,1410.0,1392.699951171875,1396.0999755859375,136152
2026-02-20 09:15:00,1402.5999755859375,1415.300048828125,1396.300048828125,1407.9000244140625,227782
2026-02-20 13:15:00,1407.800048828125,1416.4000244140625,1405.199951171875,1413.5,256260
2026-02-23 09:15:00,1417.0999755859375,1421.5999755859375,1402.0,1408.699951171875,49907
2026-02-23 13:15:00,1408.800048828125,1416.0,1403.5,1412.0999755859375,104494
2026-02-24 09:15:00,1406.199951171875,1417.800048828125,1397.0999755859375,1399.5,88237
2026-02-24 13:15:00,1399.800048828125,1408.5999755859375,1392.9000244140625,1408.0,145924
2026-02-25 09:15:00,1411.4000244140625,1415.699951171875,1395.5,1405.199951171875,281752
2026-02-25 13:15:00,1405.4000244140625,1420.5999755859375,1401.5,1417.5999755859375,555615
2026-02-26 09:15:00,1417.0,1425.800048828125,1406.0999755859375,1408.800048828125,159299
2026-02-26 13:15:00,1408.300048828125,1416.199951171875,1403.0999755859375,1413.699951171875,94432
2026-02-27 09:15:00,1414.9000244140625,1414.9000244140625,1393.0999755859375,1403.199951171875,174846
2026-02-27 13:15:00,1403.4000244140625,1416.5999755859375,1391.800048828125,1397.0999755859375,1244360
2026-03-02 09:15:00,1368.0999755859375,1382.5999755859375,1333.699951171875,1338.300048828125,235126
2026-03-02 13:15:00,1339.0,1360.0,1337.4000244140625,1354.0,464499
2026-03-04 09:15:00,1331.0999755859375,1332.199951171875,1315.300048828125,1322.699951171875,368028
2026-03-04 13:15:00,1322.9000244140625,1327.5,1314.4000244140625,1319.0,434698
2026-03-05 09:15:00,1332.5,1346.5,1327.300048828125,1344.800048828125,110047
2026-03-05 13:15:00,1345.199951171875,1359.0,1339.800048828125,1352.5,165482
2026-03-06 09:15:00,1350.199951171875,1365.0,1340.300048828125,1360.4000244140625,271606
2026-03-06 13:15:00,1361.0,1363.800048828125,1346.300048828125,1349.199951171875,180859
2026-03-09 09:15:00,1328.9000244140625,1333.9000244140625,1301.4000244140625,1322.0999755859375,482849
2026-03-09 13:15:00,1321.800048828125,1334.0999755859375,1315.5,1331.5999755859375,277418
2026-03-10 09:15:00,1348.0,1382.0,1340.0999755859375,1372.300048828125,612881
2026-03-10 13:15:00,1372.5999755859375,1373.0999755859375,1343.199951171875,1358.0,778713
2026-03-11 09:15:00,1364.5,1403.9000244140625,1364.5,1368.800048828125,270401
2026-03-11 13:15:00,1368.5999755859375,1374.800048828125,1361.0,1365.5,161003
2026-03-12 09:15:00,1355.199951171875,1359.699951171875,1334.5,1352.9000244140625,260583
2026-03-12 13:15:00,1353.0,1364.4000244140625,1347.5999755859375,1347.5999755859375,463346
2026-03-13 09:15:00,1345.4000244140625,1351.199951171875,1303.5,1310.4000244140625,454388
2026-03-13 13:15:00,1310.4000244140625,1321.0,1304.199951171875,1310.199951171875,568947
2026-03-16 09:15:00,1309.5999755859375,1314.800048828125,1273.0,1273.0,499814
2026-03-16 13:15:00,1273.699951171875,1309.800048828125,1273.199951171875,1294.0999755859375,310996
2026-03-17 09:15:00,1294.4000244140625,1311.0,1291.5999755859375,1308.800048828125,352386
2026-03-17 13:15:00,1308.300048828125,1321.800048828125,1306.9000244140625,1307.9000244140625,343053
2026-03-18 09:15:00,1317.0,1334.0999755859375,1312.5,1324.0,276592
2026-03-18 13:15:00,1324.699951171875,1349.199951171875,1324.4000244140625,1343.9000244140625,565471
2026-03-19 09:15:00,1326.0,1326.0,1297.0,1299.800048828125,126299
2026-03-19 13:15:00,1300.300048828125,1300.800048828125,1290.300048828125,1294.300048828125,288456
2026-03-20 09:15:00,1299.4000244140625,1314.300048828125,1286.0,1296.5999755859375,259049
2026-03-20 13:15:00,1296.5999755859375,1299.9000244140625,1278.0,1278.0999755859375,429941
2026-03-23 09:15:00,1269.699951171875,1269.699951171875,1217.199951171875,1222.0,237730
2026-03-23 13:15:00,1221.9000244140625,1237.5999755859375,1219.0,1226.0,476188
2026-03-24 09:15:00,1249.4000244140625,1259.4000244140625,1221.0,1249.800048828125,192963
2026-03-24 13:15:00,1249.0999755859375,1256.800048828125,1232.199951171875,1234.199951171875,271491
2026-03-25 09:15:00,1249.9000244140625,1286.9000244140625,1248.199951171875,1280.699951171875,212862
2026-03-25 13:15:00,1279.699951171875,1291.5,1260.5,1272.0,893967
2026-03-27 09:15:00,1273.5999755859375,1273.5999755859375,1232.0999755859375,1233.5,175987
2026-03-27 13:15:00,1233.5,1236.699951171875,1226.5999755859375,1231.5999755859375,5335758
2026-03-30 09:15:00,1220.0,1224.300048828125,1184.0999755859375,1187.5999755859375,409289
2026-03-30 13:15:00,1188.300048828125,1196.699951171875,1185.199951171875,1192.0,865328
2026-04-01 09:15:00,1212.0999755859375,1227.4000244140625,1180.199951171875,1198.0,455680
2026-04-01 13:15:00,1198.5,1198.699951171875,1177.5,1185.9000244140625,329673
2026-04-02 09:15:00,1171.699951171875,1171.699951171875,1143.300048828125,1161.199951171875,313103
2026-04-02 13:15:00,1161.9000244140625,1186.0,1159.9000244140625,1186.0,456941
2026-04-06 09:15:00,1187.4000244140625,1195.0999755859375,1164.699951171875,1191.5,252550
2026-04-06 13:15:00,1191.5999755859375,1209.0,1190.4000244140625,1206.5999755859375,248707
2026-04-07 09:15:00,1200.300048828125,1230.9000244140625,1187.300048828125,1229.5,480064
2026-04-07 13:15:00,1229.5,1236.5999755859375,1223.4000244140625,1233.800048828125,408053
2026-04-08 09:15:00,1260.800048828125,1275.699951171875,1253.199951171875,1260.5999755859375,235155
2026-04-08 13:15:00,1260.699951171875,1261.5,1240.0999755859375,1245.0,325092
2026-04-09 09:15:00,1249.9000244140625,1266.699951171875,1236.0,1253.9000244140625,393822
2026-04-09 13:15:00,1254.0999755859375,1259.699951171875,1250.0999755859375,1253.0,429837
2026-04-10 09:15:00,1265.0,1283.0,1258.4000244140625,1279.800048828125,246740
2026-04-10 13:15:00,1279.800048828125,1284.0,1270.0,1282.0,303166
2026-04-13 09:15:00,1259.5,1280.5999755859375,1237.0,1279.4000244140625,367369
2026-04-13 13:15:00,1279.4000244140625,1281.699951171875,1272.0,1272.0,292096
2026-04-15 09:15:00,1295.9000244140625,1300.300048828125,1259.4000244140625,1265.0,430830
2026-04-15 13:15:00,1265.0,1290.0,1263.0999755859375,1285.199951171875,498923
2026-04-16 09:15:00,1297.0,1307.699951171875,1273.0,1274.199951171875,219766
2026-04-16 13:15:00,1274.199951171875,1294.5999755859375,1272.0999755859375,1292.5,514247
2026-04-17 09:15:00,1292.0,1314.199951171875,1285.5999755859375,1302.0,270772
2026-04-17 13:15:00,1302.0,1310.0999755859375,1301.199951171875,1306.0,295159
2026-04-20 09:15:00,1312.0,1317.800048828125,1291.5,1310.4000244140625,0
2026-04-20 13:15:00,1306.4000244140625,1306.4000244140625,1297.9000244140625,1300.0,513078
2026-04-21 09:15:00,1313.300048828125,1337.4000244140625,1302.0999755859375,1323.5,302237
2026-04-21 13:15:00,1323.5,1332.800048828125,1318.800048828125,1328.800048828125,379254
2026-04-22 09:15:00,1336.5999755859375,1339.300048828125,1327.0,1335.5,193622
2026-04-22 13:15:00,1335.5,1409.5999755859375,1323.0,1325.0,4401480
2026-04-23 09:15:00,1294.0,1295.699951171875,1260.800048828125,1263.0999755859375,1559687
2026-04-23 13:15:00,1263.4000244140625,1267.0999755859375,1256.0,1258.0,1715679
2026-04-24 09:15:00,1247.4000244140625,1265.0,1233.4000244140625,1240.0,577529
2026-04-24 13:15:00,1240.199951171875,1245.699951171875,1235.5,1236.5,837034
2026-04-27 09:15:00,1248.0,1281.0,1246.199951171875,1280.199951171875,1000310
2026-04-27 13:15:00,1280.5999755859375,1281.5,1272.0,1274.0999755859375,767404
2026-04-28 09:15:00,1271.4000244140625,1280.0,1263.4000244140625,1272.300048828125,437546
2026-04-28 13:15:00,1272.0,1280.199951171875,1268.0,1272.199951171875,731238
2026-04-29 09:15:00,1275.199951171875,1289.5999755859375,1264.199951171875,1264.4000244140625,558536
2026-04-29 13:15:00,1264.4000244140625,1265.9000244140625,1249.800048828125,1252.800048828125,480938
2026-04-30 09:15:00,1250.4000244140625,1250.4000244140625,1233.0,1244.5999755859375,472869
2026-04-30 13:15:00,1245.0,1246.199951171875,1237.5,1243.0,725088
2026-05-04 09:15:00,1241.0999755859375,1264.0,1238.699951171875,1260.699951171875,248908
2026-05-04 13:15:00,1260.199951171875,1260.699951171875,1253.199951171875,1255.0,329641
2026-05-05 09:15:00,1250.0,1250.0,1231.5,1244.800048828125,389211
2026-05-05 13:15:00,1245.0,1245.0,1237.9000244140625,1241.9000244140625,335095
2026-05-06 09:15:00,1253.5999755859375,1254.4000244140625,1241.4000244140625,1243.300048828125,186720
2026-05-06 13:15:00,1243.300048828125,1259.0,1243.0999755859375,1257.300048828125,490174
2026-05-07 09:15:00,1260.0,1276.699951171875,1254.199951171875,1267.800048828125,436066
2026-05-07 13:15:00,1268.0,1272.5999755859375,1262.4000244140625,1270.0,378121
2026-05-08 09:15:00,1268.9000244140625,1274.199951171875,1257.5999755859375,1262.800048828125,198341
2026-05-08 13:15:00,1262.300048828125,1265.9000244140625,1252.4000244140625,1253.0,280240
2026-05-11 09:15:00,1247.0,1248.5,1231.4000244140625,1242.0,156282
2026-05-11 13:15:00,1243.300048828125,1244.699951171875,1227.0,1232.0,331203
2026-05-12 09:15:00,1224.699951171875,1229.9000244140625,1207.5,1208.9000244140625,253514
2026-05-12 13:15:00,1208.9000244140625,1210.5,1187.5,1193.4000244140625,605393
2026-05-13 09:15:00,1190.9000244140625,1202.699951171875,1184.300048828125,1201.9000244140625,268804
2026-05-13 13:15:00,1202.199951171875,1204.0,1196.9000244140625,1200.0,240544
2026-05-14 09:15:00,1206.0,1214.0,1186.0999755859375,1212.9000244140625,265731
2026-05-14 13:15:00,1213.0999755859375,1214.4000244140625,1207.800048828125,1210.800048828125,163665
2026-05-15 09:15:00,1209.300048828125,1215.800048828125,1202.699951171875,1212.699951171875,326850
2026-05-15 13:15:00,1212.5,1217.800048828125,1204.5,1211.4000244140625,191665
2026-05-18 09:15:00,1200.0,1200.4000244140625,1176.699951171875,1191.199951171875,273365
2026-05-18 13:15:00,1191.0,1200.5999755859375,1186.9000244140625,1196.699951171875,551939
2026-05-19 09:15:00,1199.0,1218.199951171875,1196.0,1214.199951171875,167039
2026-05-19 13:15:00,1214.0,1217.5,1205.300048828125,1206.800048828125,231402
2026-05-20 09:15:00,1200.0,1203.800048828125,1190.5,1203.0,210860
2026-05-20 13:15:00,1202.699951171875,1213.0,1201.199951171875,1206.199951171875,314784
2026-05-21 09:15:00,1211.699951171875,1216.199951171875,1200.300048828125,1205.9000244140625,260699
2026-05-21 13:15:00,1205.800048828125,1212.300048828125,1204.5,1212.199951171875,434847
2026-05-22 09:15:00,1212.9000244140625,1212.9000244140625,1198.800048828125,1202.0,187955
2026-05-22 13:15:00,1202.5,1203.9000244140625,1198.0,1201.0,314932
2026-05-25 09:15:00,1211.9000244140625,1213.699951171875,1202.0,1204.199951171875,176144
2026-05-25 13:15:00,1204.5999755859375,1206.9000244140625,1201.0999755859375,1206.0999755859375,151459
2026-05-26 09:15:00,1201.0,1205.699951171875,1199.199951171875,1201.0,160087
2026-05-26 13:15:00,1201.0,1205.199951171875,1193.9000244140625,1201.0,255081
2026-05-27 09:15:00,1208.9000244140625,1219.0999755859375,1201.5999755859375,1208.0,137852
2026-05-27 13:15:00,1208.199951171875,1218.4000244140625,1205.0,1205.5,972542
2026-05-29 09:15:00,1214.4000244140625,1214.4000244140625,1187.5,1187.5,370271
2026-05-29 13:15:00,1187.5,1197.5,1166.0,1176.800048828125,3829908
2026-06-01 09:15:00,1186.199951171875,1186.199951171875,1157.199951171875,1159.0,235706
2026-06-01 13:15:00,1158.5999755859375,1160.800048828125,1138.5,1142.5,559335
2026-06-02 09:15:00,1137.0,1175.699951171875,1124.0,1173.300048828125,561886
2026-06-02 13:15:00,1173.4000244140625,1177.5,1167.5999755859375,1174.5999755859375,428713
2026-06-03 09:15:00,1178.4000244140625,1178.4000244140625,1157.5999755859375,1166.800048828125,310950
2026-06-03 13:15:00,1166.800048828125,1170.4000244140625,1154.199951171875,1156.4000244140625,420381
2026-06-04 09:15:00,1148.0999755859375,1176.800048828125,1138.0,1162.5999755859375,236066
2026-06-04 13:15:00,1162.5999755859375,1169.800048828125,1162.199951171875,1166.4000244140625,244829
2026-06-05 09:15:00,1168.0999755859375,1171.5,1152.5999755859375,1153.5999755859375,349671
2026-06-05 13:15:00,1153.5,1156.800048828125,1148.0,1150.5,341907
2026-06-08 09:15:00,1141.0,1153.0,1131.300048828125,1141.9000244140625,366871
2026-06-08 13:15:00,1141.699951171875,1148.699951171875,1134.0999755859375,1135.0,394248
2026-06-09 09:15:00,1140.300048828125,1152.4000244140625,1138.199951171875,1143.5,205783
2026-06-09 13:15:00,1144.300048828125,1153.4000244140625,1142.0999755859375,1150.0999755859375,378231
2026-06-10 09:15:00,1150.0,1164.800048828125,1147.800048828125,1164.4000244140625,139489
2026-06-10 13:15:00,1164.4000244140625,1165.9000244140625,1153.0999755859375,1156.0999755859375,450995
2026-06-11 09:15:00,1150.0,1153.5999755859375,1141.199951171875,1145.5,121323
2026-06-11 13:15:00,1145.5,1148.0,1125.9000244140625,1135.5999755859375,381553
2026-06-12 09:15:00,1147.0,1154.0999755859375,1134.5999755859375,1135.0999755859375,118794
2026-06-12 13:15:00,1135.0999755859375,1156.4000244140625,1135.0999755859375,1154.0999755859375,237004
2026-06-15 09:15:00,1172.0,1189.4000244140625,1172.0,1178.699951171875,311242
2026-06-15 13:15:00,1178.800048828125,1180.4000244140625,1166.800048828125,1171.0999755859375,362453
2026-06-16 09:15:00,1174.300048828125,1187.5999755859375,1168.300048828125,1180.4000244140625,207395
2026-06-16 13:15:00,1180.4000244140625,1185.5,1178.300048828125,1180.199951171875,275764
2026-06-17 09:15:00,1187.5999755859375,1207.300048828125,1183.4000244140625,1195.5999755859375,310560
2026-06-17 13:15:00,1195.300048828125,1199.199951171875,1187.4000244140625,1196.800048828125,271547
2026-06-18 09:15:00,1198.199951171875,1209.0,1190.0,1191.199951171875,200288
2026-06-18 13:15:00,1191.300048828125,1197.0999755859375,1184.199951171875,1194.5,436170
2026-06-19 09:15:00,1194.0,1194.0,1178.199951171875,1179.5999755859375,136263
2026-06-19 13:15:00,1179.699951171875,1180.800048828125,1168.5,1179.800048828125,462374
2026-06-22 09:15:00,1187.0999755859375,1195.5,1178.0,1178.800048828125,147366
2026-06-22 13:15:00,1178.9000244140625,1183.5999755859375,1177.4000244140625,1183.0,158641
2026-06-23 09:15:00,1187.0,1193.0999755859375,1172.199951171875,1175.199951171875,197472
2026-06-23 13:15:00,1175.0,1182.4000244140625,1171.0,1174.800048828125,243329
2026-06-24 09:15:00,1175.0999755859375,1187.699951171875,1163.300048828125,1184.300048828125,148270
2026-06-24 13:15:00,1184.4000244140625,1189.0,1183.9000244140625,1186.199951171875,206786
2026-06-25 09:15:00,1190.0,1196.0,1183.5,1184.5999755859375,387247
2026-06-25 13:15:00,1184.800048828125,1188.5999755859375,1175.699951171875,1180.0,426147
2026-06-29 09:15:00,1182.5,1185.5999755859375,1160.4000244140625,1162.5999755859375,290249
2026-06-29 13:15:00,1162.0,1162.5999755859375,1152.5,1153.0999755859375,582094
2026-06-30 09:15:00,1162.199951171875,1162.199951171875,1140.5,1151.699951171875,302498
2026-06-30 13:15:00,1152.199951171875,1164.300048828125,1151.699951171875,1155.0,575746
2026-07-01 09:15:00,1178.4000244140625,1200.800048828125,1178.0,1180.5,388955
2026-07-01 13:15:00,1180.0,1195.5,1176.699951171875,1188.5,614940
2026-07-02 09:15:00,1193.9000244140625,1197.9000244140625,1183.5999755859375,1185.199951171875,148757
2026-07-02 13:15:00,1185.199951171875,1188.5,1182.5,1186.699951171875,314880
2026-07-03 09:15:00,1191.4000244140625,1191.4000244140625,1176.4000244140625,1178.0,156454
2026-07-03 13:15:00,1177.5999755859375,1184.4000244140625,1176.4000244140625,1180.4000244140625,233886
2026-07-06 09:15:00,1185.800048828125,1190.4000244140625,1176.800048828125,1181.9000244140625,132863
2026-07-06 13:15:00,1182.0,1184.4000244140625,1180.0,1181.5,155783
2026-07-07 09:15:00,1182.5,1214.5999755859375,1177.0999755859375,1211.9000244140625,544346
2026-07-07 13:15:00,1211.699951171875,1228.800048828125,1211.4000244140625,1225.9000244140625,709921
2026-07-08 09:15:00,1222.5999755859375,1234.0,1209.199951171875,1227.800048828125,511833
2026-07-08 13:15:00,1227.9000244140625,1229.0999755859375,1199.0999755859375,1207.800048828125,1532634
2026-07-09 09:15:00,1212.0,1223.0,1183.0999755859375,1188.0,1546757
2026-07-09 13:15:00,1188.0,1197.800048828125,1186.699951171875,1193.0,656924
2026-07-10 09:15:00,1210.5,1210.5,1177.0999755859375,1183.4000244140625,1156938
2026-07-10 13:15:00,1183.300048828125,1191.0,1183.300048828125,1190.5,700946
2026-07-13 09:15:00,1173.5999755859375,1185.800048828125,1167.0,1183.800048828125,320166
2026-07-13 13:15:00,1183.5,1187.0,1176.0,1180.0,574850
2026-07-14 09:15:00,1177.0,1187.5999755859375,1167.5,1178.5999755859375,273603
2026-07-14 13:15:00,1178.5,1189.4000244140625,1177.0999755859375,1188.9000244140625,352633
2026-07-15 09:15:00,1190.0999755859375,1195.5,1180.5999755859375,1181.4000244140625,482471
2026-07-15 13:15:00,1181.4000244140625,1183.699951171875,1172.300048828125,1177.4000244140625,438317
2026-07-16 09:15:00,1181.699951171875,1187.800048828125,1171.5,1171.800048828125,452103
2026-07-16 13:15:00,1171.699951171875,1181.9000244140625,1165.0999755859375,1169.0,977453
2026-07-17 09:15:00,1173.0,1186.5999755859375,1162.9000244140625,1181.5,482917
2026-07-17 13:15:00,1181.699951171875,1194.0999755859375,1142.0,1187.300048828125,3529773
2026-07-20 09:15:00,1181.199951171875,1208.699951171875,1178.4000244140625,1195.9000244140625,458880
2026-07-20 13:15:00,1196.0,1205.0,1196.0,1202.699951171875,735415
2026-07-21 09:15:00,1206.800048828125,1223.5999755859375,1201.0,1210.800048828125,684041
2026-07-21 13:15:00,1210.9000244140625,1221.5,1208.199951171875,1221.0,569638
2026-07-22 09:15:00,1214.0,1217.0999755859375,1191.699951171875,1206.5,168139
2026-07-22 13:15:00,1206.199951171875,1209.9000244140625,1199.199951171875,1207.0999755859375,298038
2026-07-23 09:15:00,1201.0,1219.9000244140625,1198.199951171875,1210.699951171875,407985
2026-07-23 13:15:00,1210.699951171875,1212.300048828125,1202.300048828125,1209.9000244140625,461354
2026-07-24 09:15:00,1199.0,1239.5,1198.800048828125,1235.5,468572
2026-07-24 13:15:00,1235.5999755859375,1238.9000244140625,1225.0,1230.0,437444
2026-07-27 09:15:00,1233.0999755859375,1246.9000244140625,1231.0,1232.0999755859375,427483
2026-07-27 13:15:00,1232.5,1239.9000244140625,1230.0999755859375,1237.4000244140625,199710
2026-07-28 09:15:00,1236.800048828125,1240.0,1225.0,1228.0999755859375,226064
2026-07-28 13:15:00,1228.0,1230.0,1224.5,1228.199951171875,322565
2026-07-29 09:15:00,1232.9000244140625,1243.699951171875,1228.0999755859375,1241.5999755859375,200158
2026-07-29 13:15:00,1240.4000244140625,1244.0999755859375,1235.5,1239.0,321120
2026-07-30 09:15:00,1238.9000244140625,1262.5,1227.9000244140625,1255.9000244140625,1102978
2026-07-30 13:15:00,1255.800048828125,1264.199951171875,1253.0,1263.0,388002
2026-07-31 09:15:00,1267.9000244140625,1268.0,1258.5999755859375,1260.0,304735
2026-07-31 13:15:00,1260.0,1263.300048828125,1257.300048828125,1260.4000244140625,611356
2026-08-03 09:15:00,1262.0,1272.800048828125,1260.0,1268.699951171875,209985
2026-08-03 13:15:00,1269.5,1287.300048828125,1269.5,1285.0,681594
2026-08-04 09:15:00,1285.0,1301.5,1280.5,1281.9000244140625,528574
2026-08-04 13:15:00,1281.199951171875,1295.0,1280.0,1295.0,596807
2026-08-05 09:15:00,1288.0999755859375,1292.699951171875,1284.4000244140625,1287.199951171875,623125
2026-08-05 13:15:00,1287.199951171875,1292.9000244140625,1282.0,1290.0,797716
2026-08-06 09:15:00,1289.0,1289.0,1277.0999755859375,1280.5,510184
2026-08-06 13:15:00,1280.5,1289.199951171875,1280.199951171875,1285.5,471332
2026-08-07 09:15:00,1281.699951171875,1293.5999755859375,1278.800048828125,1286.0,615283
2026-08-07 13:15:00,1286.0,1288.0,1277.300048828125,1288.0,792667
