Datetime,Open,High,Low,Close,Volume
2023-08-28 09:15:00,377.9249877929688,384.6499938964844,377.9249877929688,381.75,45307
2023-08-28 13:15:00,381.5499877929688,382.0750122070313,376.5750122070313,378.9500122070313,43317
2023-08-29 09:15:00,381.2250061035156,391.9500122070313,381.2250061035156,386.8500061035156,139819
2023-08-29 13:15:00,387.2999877929688,387.5,384.5,385.25,52395
2023-08-30 09:15:00,388.7999877929688,392.9750061035156,384.625,387.1000061035156,79780
2023-08-30 13:15:00,387.1000061035156,387.7000122070313,382.0,384.7250061035156,49179
2023-08-31 09:15:00,386.9500122070313,386.9500122070313,378.375,378.5,35868
2023-08-31 13:15:00,378.75,380.0,376.0249938964844,379.5,47650
2023-09-01 09:15:00,378.0,391.3999938964844,376.5,384.5750122070313,91854
2023-09-01 13:15:00,385.0,389.0,383.0249938964844,384.0,50586
2023-09-04 09:15:00,386.0,389.8250122070313,381.2749938964844,381.9750061035156,45648
2023-09-04 13:15:00,381.7749938964844,384.25,380.0,380.0,40458
2023-09-05 09:15:00,379.0,384.0,373.0,375.1000061035156,111899
2023-09-05 13:15:00,375.4500122070313,377.3999938964844,373.7999877929688,377.0,40176
2023-09-06 09:15:00,377.4500122070313,380.2000122070313,373.4750061035156,374.2999877929688,46564
2023-09-06 13:15:00,375.4750061035156,378.7250061035156,374.0499877929688,376.4750061035156,28973
2023-09-07 09:15:00,377.1749877929688,384.25,374.75,374.8250122070313,46974
2023-09-07 13:15:00,374.625,379.5750122070313,374.0,376.6749877929688,60225
2023-09-08 09:15:00,378.25,379.8250122070313,374.2250061035156,374.4750061035156,42078
2023-09-08 13:15:00,374.5,375.8500061035156,372.3999938964844,374.4249877929688,79317
2023-09-11 09:15:00,377.4750061035156,401.0499877929688,377.4750061035156,389.4750061035156,375347
2023-09-11 13:15:00,389.4750061035156,390.0,369.625,376.0,295226
2023-09-12 09:15:00,378.8999938964844,380.375,351.5,352.4750061035156,141450
2023-09-12 13:15:00,352.4750061035156,353.92498779296875,348.42498779296875,349.8999938964844,101151
2023-09-13 09:15:00,350.5,353.9750061035156,342.2749938964844,351.0,64714
2023-09-13 13:15:00,350.625,357.3999938964844,345.5,354.9750061035156,48646
2023-09-14 09:15:00,357.5,362.125,353.5249938964844,356.75,204363
2023-09-14 13:15:00,356.5,357.45001220703125,352.75,354.0,47955
2023-09-15 09:15:00,357.0,358.57501220703125,351.125,352.25,28955
2023-09-15 13:15:00,352.32501220703125,354.9750061035156,352.1000061035156,353.6000061035156,22935
2023-09-18 09:15:00,354.07501220703125,357.95001220703125,350.7749938964844,355.07501220703125,50817
2023-09-18 13:15:00,355.04998779296875,358.82501220703125,354.25,358.0249938964844,30189
2023-09-20 09:15:00,355.0,357.54998779296875,350.875,353.17498779296875,48118
2023-09-20 13:15:00,352.7749938964844,354.82501220703125,349.17498779296875,353.875,53906
2023-09-21 09:15:00,350.5249938964844,354.3500061035156,348.0,348.95001220703125,20007
2023-09-21 13:15:00,348.8999938964844,350.5,347.0,347.875,20140
2023-09-22 09:15:00,346.5,348.7749938964844,342.1499938964844,345.04998779296875,21107
2023-09-22 13:15:00,345.5,346.0,343.5249938964844,345.5,28369
2023-09-25 09:15:00,346.9750061035156,357.42498779296875,345.6499938964844,354.5,56609
2023-09-25 13:15:00,354.5,355.45001220703125,350.04998779296875,351.42498779296875,21444
2023-09-26 09:15:00,353.20001220703125,356.125,350.625,351.82501220703125,32248
2023-09-26 13:15:00,352.0,353.5,349.45001220703125,350.70001220703125,25082
2023-09-27 09:15:00,351.17498779296875,351.7749938964844,348.5,350.75,9025
2023-09-27 13:15:00,350.7250061035156,352.04998779296875,349.0,350.79998779296875,16248
2023-09-28 09:15:00,352.54998779296875,353.0,349.04998779296875,349.625,13802
2023-09-28 13:15:00,349.6499938964844,350.8500061035156,346.54998779296875,348.42498779296875,18992
2023-09-29 09:15:00,350.0,354.0,347.6000061035156,353.54998779296875,16069
2023-09-29 13:15:00,353.82501220703125,353.82501220703125,349.125,349.82501220703125,15814
2023-10-03 09:15:00,351.4750061035156,358.1499938964844,345.7749938964844,353.625,31776
2023-10-03 13:15:00,353.625,357.0,352.04998779296875,355.3500061035156,24865
2023-10-04 09:15:00,354.9750061035156,355.125,347.5,349.29998779296875,30081
2023-10-04 13:15:00,349.0249938964844,350.875,348.5,349.4750061035156,15883
2023-10-05 09:15:00,355.0,355.0,349.4750061035156,352.95001220703125,19408
2023-10-05 13:15:00,353.2250061035156,353.67498779296875,349.54998779296875,350.0,19858
2023-10-06 09:15:00,352.67498779296875,361.7999877929688,351.0,352.32501220703125,69568
2023-10-06 13:15:00,352.32501220703125,353.17498779296875,348.0,349.45001220703125,78108
2023-10-09 09:15:00,355.95001220703125,355.95001220703125,347.6499938964844,347.82501220703125,23851
2023-10-09 13:15:00,347.9750061035156,348.5249938964844,346.125,347.5,26182
2023-10-10 09:15:00,348.0,353.67498779296875,348.0,352.0,18285
2023-10-10 13:15:00,352.5,356.375,351.7749938964844,353.8999938964844,64410
2023-10-11 09:15:00,355.79998779296875,361.4500122070313,353.54998779296875,354.0,33835
2023-10-11 13:15:00,354.0,354.3500061035156,350.17498779296875,350.92498779296875,31555
2023-10-12 09:15:00,351.4750061035156,356.82501220703125,351.4750061035156,353.5,31600
2023-10-12 13:15:00,353.45001220703125,354.70001220703125,350.45001220703125,352.79998779296875,42076
2023-10-13 09:15:00,352.5249938964844,355.0,351.375,352.4750061035156,9921
2023-10-13 13:15:00,352.125,352.5,348.75,349.82501220703125,19836
2023-10-16 09:15:00,347.7250061035156,352.125,347.7250061035156,350.75,13351
2023-10-16 13:15:00,351.0,354.4750061035156,350.5,351.6499938964844,34307
2023-10-17 09:15:00,356.0,357.92498779296875,351.42498779296875,352.45001220703125,14577
2023-10-17 13:15:00,352.4750061035156,352.5,350.75,351.5,20431
2023-10-18 09:15:00,353.0,353.125,348.5,349.92498779296875,12415
2023-10-18 13:15:00,349.67498779296875,350.45001220703125,348.0,348.82501220703125,13770
2023-10-19 09:15:00,348.82501220703125,349.45001220703125,346.82501220703125,347.4750061035156,13191
2023-10-19 13:15:00,347.4750061035156,348.0,345.8999938964844,346.70001220703125,13169
2023-10-20 09:15:00,347.0,348.7250061035156,342.8999938964844,343.0,15904
2023-10-20 13:15:00,342.8999938964844,343.5,340.75,342.79998779296875,28141
2023-10-23 09:15:00,342.67498779296875,344.3999938964844,328.5,328.54998779296875,29767
2023-10-23 13:15:00,328.54998779296875,330.4750061035156,325.0,326.92498779296875,22546
2023-10-25 09:15:00,328.57501220703125,331.0249938964844,316.6000061035156,316.6000061035156,17060
2023-10-25 13:15:00,316.5,323.625,316.1000061035156,320.79998779296875,27442
2023-10-26 09:15:00,319.8500061035156,323.54998779296875,310.7250061035156,321.54998779296875,31619
2023-10-26 13:15:00,321.5,333.0,317.54998779296875,330.04998779296875,45217
2023-10-27 09:15:00,336.5,338.0,330.2749938964844,337.95001220703125,13435
2023-10-27 13:15:00,337.5,343.5,336.20001220703125,341.5,23619
2023-10-30 09:15:00,343.2250061035156,343.2250061035156,336.04998779296875,339.20001220703125,7031
2023-10-30 13:15:00,339.25,340.75,337.0,338.2250061035156,8100
2023-10-31 09:15:00,339.92498779296875,340.7749938964844,336.0,337.57501220703125,4904
2023-10-31 13:15:00,336.2749938964844,339.75,332.5,333.8500061035156,15078
2023-11-01 09:15:00,335.67498779296875,337.8999938964844,331.54998779296875,332.04998779296875,10337
2023-11-01 13:15:00,331.5,338.9750061035156,331.04998779296875,337.7250061035156,18227
2023-11-02 09:15:00,339.32501220703125,342.5,336.7749938964844,340.45001220703125,17728
2023-11-02 13:15:00,340.4750061035156,351.8999938964844,340.04998779296875,351.5,32054
2023-11-03 09:15:00,349.95001220703125,357.0,346.25,354.5,33319
2023-11-03 13:15:00,354.5,356.5,352.75,355.04998779296875,32543
2023-11-06 09:15:00,353.0,361.1000061035156,344.9750061035156,360.0,75429
2023-11-06 13:15:00,359.9750061035156,361.25,350.125,352.25,87910
2023-11-07 09:15:00,350.0,361.0,349.8999938964844,353.4750061035156,64217
2023-11-07 13:15:00,354.2250061035156,354.5,352.25,354.5,17844
2023-11-08 09:15:00,355.0,360.0,351.75,357.5,33729
2023-11-08 13:15:00,357.5249938964844,358.4750061035156,355.25,356.2749938964844,27377
2023-11-09 09:15:00,357.0,357.3500061035156,348.5,355.0,30155
2023-11-09 13:15:00,355.0,355.9750061035156,351.5,352.7749938964844,23951
2023-11-10 09:15:00,352.5,353.125,349.17498779296875,351.17498779296875,7816
2023-11-10 13:15:00,350.29998779296875,354.125,350.0,352.54998779296875,18192
2023-11-13 09:15:00,352.75,354.2250061035156,350.3999938964844,352.07501220703125,9455
2023-11-13 13:15:00,352.1000061035156,352.5,349.79998779296875,350.32501220703125,11564
2023-11-15 09:15:00,351.5,353.5,347.92498779296875,349.92498779296875,22679
2023-11-15 13:15:00,349.92498779296875,349.92498779296875,346.70001220703125,347.70001220703125,12469
2023-11-16 09:15:00,347.9750061035156,352.5,347.2749938964844,350.25,25789
2023-11-16 13:15:00,350.0,351.0,349.0249938964844,349.8999938964844,9014
2023-11-17 09:15:00,350.875,352.95001220703125,349.25,350.17498779296875,10241
2023-11-17 13:15:00,350.3500061035156,352.2250061035156,348.75,351.25,21407
2023-11-20 09:15:00,352.0,369.9249877929688,350.70001220703125,362.3999938964844,238908
2023-11-20 13:15:00,362.3999938964844,362.9249877929688,357.5,359.54998779296875,44405
2023-11-21 09:15:00,363.0,367.5,358.79998779296875,360.1000061035156,25554
2023-11-21 13:15:00,360.75,362.2000122070313,358.20001220703125,359.92498779296875,48930
2023-11-22 09:15:00,362.5,362.5,352.625,355.45001220703125,26686
2023-11-22 13:15:00,355.1499938964844,357.45001220703125,353.07501220703125,354.25,19670
2023-11-23 09:15:00,357.0,363.3250122070313,355.0,362.7000122070313,55328
2023-11-23 13:15:00,362.2000122070313,368.0,361.3999938964844,364.0,67317
2023-11-24 09:15:00,362.4750061035156,368.9750061035156,361.0,361.9249877929688,30204
2023-11-24 13:15:00,362.125,365.9750061035156,361.2999877929688,362.75,26560
2023-11-28 09:15:00,363.5,364.6499938964844,359.2749938964844,361.5499877929688,14365
2023-11-28 13:15:00,361.0750122070313,367.7000122070313,360.2250061035156,365.6749877929688,29319
2023-11-29 09:15:00,366.5,372.5,361.6000061035156,362.3500061035156,48496
2023-11-29 13:15:00,362.3500061035156,365.0,361.0,363.1499938964844,44760
2023-11-30 09:15:00,365.1000061035156,367.0,356.25,360.125,15961
2023-11-30 13:15:00,360.4249877929688,361.0,356.8999938964844,358.7250061035156,18472
2023-12-01 09:15:00,357.0249938964844,362.3500061035156,357.0249938964844,359.5,11806
2023-12-01 13:15:00,359.75,360.5249938964844,352.54998779296875,356.8999938964844,35393
2023-12-04 09:15:00,357.9750061035156,361.4750061035156,354.29998779296875,360.07501220703125,27566
2023-12-04 13:15:00,359.8500061035156,365.5,359.75,363.3250122070313,50044
2023-12-05 09:15:00,362.5,364.6499938964844,357.95001220703125,358.3999938964844,19591
2023-12-05 13:15:00,358.45001220703125,359.29998779296875,356.6499938964844,357.6000061035156,20300
2023-12-06 09:15:00,357.4750061035156,366.5,356.375,361.1749877929688,49166
2023-12-06 13:15:00,360.7999877929688,365.4750061035156,360.7000122070313,363.5,16667
2023-12-07 09:15:00,367.5,367.5,358.5,359.9750061035156,19835
2023-12-07 13:15:00,359.04998779296875,365.5,358.0,359.0,57180
2023-12-08 09:15:00,363.0,365.7749938964844,359.125,360.2250061035156,71970
2023-12-08 13:15:00,359.9750061035156,361.5,354.8999938964844,357.75,37642
2023-12-11 09:15:00,356.67498779296875,362.4249877929688,356.2749938964844,357.57501220703125,18901
2023-12-11 13:15:00,357.92498779296875,357.92498779296875,351.54998779296875,352.7749938964844,43442
2023-12-12 09:15:00,353.0,356.0,349.1000061035156,351.20001220703125,34721
2023-12-12 13:15:00,351.20001220703125,354.0,344.0249938964844,348.45001220703125,60932
2023-12-13 09:15:00,349.0,352.1499938964844,346.875,347.4750061035156,43251
2023-12-13 13:15:00,347.4750061035156,348.5,343.3500061035156,345.7749938964844,46548
2023-12-14 09:15:00,347.0,350.875,346.4750061035156,347.1000061035156,42072
2023-12-14 13:15:00,347.2749938964844,348.75,345.0,347.79998779296875,43245
2023-12-15 09:15:00,348.1499938964844,350.2250061035156,345.07501220703125,346.9750061035156,17572
2023-12-15 13:15:00,346.7250061035156,351.25,346.70001220703125,348.79998779296875,37131
2023-12-18 09:15:00,353.9750061035156,357.5,349.29998779296875,352.9750061035156,36464
2023-12-18 13:15:00,352.75,352.9750061035156,349.7250061035156,351.125,21669
2023-12-19 09:15:00,389.4750061035156,389.4750061035156,376.7250061035156,383.8500061035156,1822151
2023-12-19 13:15:00,384.2000122070313,386.3500061035156,377.5,381.0,438724
2023-12-20 09:15:00,381.7000122070313,389.625,377.5,377.6000061035156,72827
2023-12-20 13:15:00,377.4500122070313,377.5750122070313,361.7749938964844,365.9500122070313,144802
2023-12-21 09:15:00,361.5,371.5,358.0,368.125,55716
2023-12-21 13:15:00,367.6000061035156,370.1749877929688,363.6749877929688,367.5,43017
2023-12-22 09:15:00,371.4249877929688,374.9750061035156,366.2749938964844,367.7749938964844,32028
2023-12-22 13:15:00,367.6499938964844,372.5,367.4249877929688,370.1749877929688,67334
2023-12-26 09:15:00,369.4750061035156,379.9500122070313,365.9750061035156,375.2250061035156,72957
2023-12-26 13:15:00,375.2000122070313,379.9500122070313,373.0,378.1000061035156,70280
2023-12-27 09:15:00,386.2749938964844,388.5,373.0249938964844,375.8999938964844,74689
2023-12-27 13:15:00,375.5,379.0,372.5750122070313,376.4750061035156,56486
2023-12-28 09:15:00,374.3999938964844,377.9249877929688,371.25,372.375,30641
2023-12-28 13:15:00,372.6749877929688,375.9249877929688,369.4750061035156,375.0249938964844,56540
2023-12-29 09:15:00,374.3250122070313,392.75,370.7250061035156,390.9750061035156,277018
2023-12-29 13:15:00,391.0,392.3999938964844,382.0499877929688,383.5,124144
2024-01-01 09:15:00,383.9750061035156,422.125,383.0,415.0,1102744
2024-01-01 13:15:00,414.75,419.625,411.375,414.8250122070313,322303
2024-01-02 09:15:00,418.8999938964844,425.75,415.0,420.5,188976
2024-01-02 13:15:00,420.5,424.4750061035156,420.0,423.1000061035156,158730
2024-01-03 09:15:00,425.9500122070313,433.5,423.1000061035156,424.3250122070313,134306
2024-01-03 13:15:00,424.375,428.6749877929688,423.2000122070313,426.5,105070
2024-01-04 09:15:00,429.0,465.0,429.0,456.125,800816
2024-01-04 13:15:00,456.0,457.7999877929688,450.8500061035156,452.2999877929688,221327
2024-01-05 09:15:00,468.5,483.5,468.5,471.6000061035156,192681
2024-01-05 13:15:00,471.6000061035156,474.8999938964844,462.5499877929688,471.6749877929688,299767
2024-01-08 09:15:00,475.7999877929688,475.9249877929688,459.4750061035156,461.9750061035156,92402
2024-01-08 13:15:00,461.5499877929688,463.0,456.6000061035156,462.0,113571
2024-01-09 09:15:00,466.2999877929688,471.6000061035156,460.0,461.8999938964844,114229
2024-01-09 13:15:00,461.8999938964844,462.5,458.1499938964844,461.25,56878
2024-01-10 09:15:00,460.0,462.2000122070313,453.8999938964844,455.8999938964844,47647
2024-01-10 13:15:00,455.6499938964844,458.0,455.0,457.375,46417
2024-01-11 09:15:00,460.25,462.7999877929688,454.0499877929688,454.2749938964844,41634
2024-01-11 13:15:00,454.6749877929688,455.5,452.1000061035156,453.375,36313
2024-01-12 09:15:00,455.0,457.2000122070313,451.0499877929688,452.2250061035156,30148
2024-01-12 13:15:00,452.25,452.9750061035156,450.75,451.8250122070313,34023
2024-01-15 09:15:00,453.2999877929688,455.4750061035156,440.5499877929688,443.5750122070313,62582
2024-01-15 13:15:00,443.9750061035156,446.5,442.8999938964844,446.4500122070313,47347
2024-01-16 09:15:00,447.0,457.3999938964844,442.5249938964844,442.5249938964844,40423
2024-01-16 13:15:00,442.3999938964844,449.5499877929688,441.0,448.25,50280
2024-01-17 09:15:00,441.5249938964844,446.5,439.2749938964844,441.6000061035156,36965
2024-01-17 13:15:00,441.5750122070313,443.5,439.6000061035156,441.9750061035156,36404
2024-01-18 09:15:00,442.0,453.8500061035156,428.2000122070313,449.8250122070313,157292
2024-01-18 13:15:00,449.375,450.8500061035156,445.0,448.4249877929688,55109
2024-01-19 09:15:00,451.5,455.0,448.2749938964844,449.25,22724
2024-01-19 13:15:00,449.25,454.8500061035156,448.5499877929688,453.1499938964844,56044
2024-01-23 09:15:00,453.7999877929688,453.7999877929688,435.5,438.3500061035156,85278
2024-01-23 13:15:00,438.3500061035156,439.125,431.1000061035156,434.25,40748
2024-01-24 09:15:00,435.0,448.0,428.8250122070313,440.625,108404
2024-01-24 13:15:00,440.875,446.5,439.5,439.5,31835
2024-01-25 09:15:00,443.375,446.9500122070313,440.625,442.1000061035156,12636
2024-01-25 13:15:00,442.0,444.0,441.25,443.4750061035156,15170
2024-01-29 09:15:00,445.0,462.25,444.5,461.5499877929688,141768
2024-01-29 13:15:00,461.625,462.0499877929688,457.5750122070313,459.375,130424
2024-01-30 09:15:00,461.4750061035156,462.5,451.9750061035156,452.75,27226
2024-01-30 13:15:00,452.75,453.3250122070313,448.1749877929688,451.3999938964844,36069
2024-01-31 09:15:00,451.0,458.8999938964844,448.4249877929688,451.3250122070313,48075
2024-01-31 13:15:00,452.0499877929688,456.0,452.0,454.0750122070313,26913
2024-02-01 09:15:00,457.5249938964844,463.9500122070313,449.0,452.875,33195
2024-02-01 13:15:00,452.875,459.0,450.0,452.625,53602
2024-02-02 09:15:00,458.0249938964844,462.0,456.0499877929688,457.7000122070313,100053
2024-02-02 13:15:00,457.7000122070313,473.5750122070313,456.0249938964844,468.75,299923
2024-02-05 09:15:00,485.1000061035156,487.5,456.5249938964844,457.5,206227
2024-02-05 13:15:00,457.5,458.1499938964844,450.5,453.5,208422
2024-02-06 09:15:00,457.2999877929688,457.2999877929688,444.75,448.0249938964844,35004
2024-02-06 13:15:00,448.2250061035156,449.5,446.4500122070313,448.5,41801
2024-02-07 09:15:00,450.0,451.2250061035156,444.0750122070313,446.2250061035156,43056
2024-02-07 13:15:00,446.2749938964844,446.8999938964844,441.6499938964844,442.6000061035156,40306
2024-02-08 09:15:00,446.0,447.5499877929688,439.0,441.25,36638
2024-02-08 13:15:00,441.25,445.4750061035156,441.0,442.5249938964844,26598
2024-02-09 09:15:00,444.5249938964844,447.0,430.1000061035156,439.375,45436
2024-02-09 13:15:00,439.1499938964844,441.5,435.6499938964844,437.0,31244
2024-02-12 09:15:00,439.4750061035156,442.4750061035156,419.0249938964844,420.0249938964844,83018
2024-02-12 13:15:00,420.3500061035156,425.8999938964844,418.3999938964844,421.25,38622
2024-02-13 09:15:00,423.0,436.0499877929688,414.9500122070313,434.7250061035156,44817
2024-02-13 13:15:00,434.625,445.4750061035156,434.3999938964844,443.9500122070313,92491
2024-02-14 09:15:00,440.0,446.75,434.4500122070313,441.0750122070313,28002
2024-02-14 13:15:00,441.4500122070313,444.5,437.5499877929688,442.5,26878
2024-02-15 09:15:00,446.0,448.0,441.5499877929688,443.8250122070313,15409
2024-02-15 13:15:00,443.8250122070313,445.25,441.375,443.0,19081
2024-02-16 09:15:00,443.2250061035156,446.9750061035156,436.3999938964844,437.0499877929688,38669
2024-02-16 13:15:00,437.5,439.0,434.0249938964844,437.5,24361
2024-02-19 09:15:00,435.0,441.9249877929688,435.0,439.1749877929688,26485
2024-02-19 13:15:00,439.25,439.25,435.5249938964844,437.0499877929688,23278
2024-02-20 09:15:00,439.5,441.0,435.0750122070313,437.7250061035156,16948
2024-02-20 13:15:00,437.2999877929688,440.9750061035156,435.5249938964844,439.5,26043
2024-02-21 09:15:00,441.0,450.3500061035156,439.5249938964844,443.25,39421
2024-02-21 13:15:00,443.2000122070313,443.2000122070313,437.0,438.0499877929688,34679
2024-02-22 09:15:00,442.0,442.0,432.0499877929688,435.7250061035156,12013
2024-02-22 13:15:00,435.1499938964844,439.2999877929688,434.9249877929688,437.4750061035156,18680
2024-02-23 09:15:00,441.0,449.9500122070313,437.5499877929688,441.2000122070313,71982
2024-02-23 13:15:00,441.125,443.0,439.0,440.4750061035156,28039
2024-02-26 09:15:00,442.5,444.3999938964844,435.5499877929688,441.0,26927
2024-02-26 13:15:00,441.0499877929688,441.25,435.1000061035156,436.5249938964844,15703
2024-02-27 09:15:00,438.5,440.0,436.5,437.5499877929688,13253
2024-02-27 13:15:00,437.7000122070313,437.7999877929688,430.25,431.1000061035156,21888
2024-02-28 09:15:00,431.7999877929688,436.0,423.0,423.8999938964844,23309
2024-02-28 13:15:00,424.0,428.2999877929688,423.5750122070313,426.0750122070313,27213
2024-02-29 09:15:00,424.2250061035156,427.6000061035156,421.5,426.25,20663
2024-02-29 13:15:00,426.3500061035156,429.7250061035156,423.25,427.7749938964844,11937
2024-03-01 09:15:00,430.375,430.375,423.0,423.7250061035156,30846
2024-03-01 13:15:00,423.7250061035156,424.0,422.25,423.3500061035156,10763
2024-03-04 09:15:00,423.4750061035156,427.8500061035156,419.5,424.75,27857
2024-03-04 13:15:00,424.3999938964844,425.5,423.0249938964844,425.5,19334
2024-03-05 09:15:00,425.0750122070313,427.5750122070313,420.6000061035156,421.8500061035156,15630
2024-03-05 13:15:00,422.0249938964844,422.0499877929688,417.0,419.5,22236
2024-03-06 09:15:00,417.0,420.2749938964844,411.1000061035156,412.5,28436
2024-03-06 13:15:00,412.5,414.9750061035156,411.5249938964844,414.8999938964844,21472
2024-03-07 09:15:00,411.0,416.4750061035156,410.0,413.0,11014
2024-03-07 13:15:00,412.7250061035156,413.5750122070313,410.0499877929688,412.5,18440
2024-03-11 09:15:00,419.5,423.4249877929688,405.5,407.0499877929688,29658
2024-03-11 13:15:00,407.0,407.5,400.7250061035156,402.7999877929688,61145
2024-03-12 09:15:00,407.5,407.5,392.125,397.0249938964844,53143
2024-03-12 13:15:00,397.25,402.5,396.0,397.2250061035156,34135
2024-03-13 09:15:00,400.8999938964844,403.1749877929688,377.6499938964844,386.4500122070313,64342
2024-03-13 13:15:00,386.25,390.25,377.7999877929688,379.8999938964844,69766
2024-03-14 09:15:00,380.0,391.375,375.0,388.5,37558
2024-03-14 13:15:00,388.5,392.125,388.0249938964844,389.4249877929688,18824
2024-03-15 09:15:00,391.375,397.1749877929688,382.3500061035156,386.5750122070313,30540
2024-03-15 13:15:00,386.2000122070313,391.0,386.2000122070313,388.1499938964844,17199
2024-03-18 09:15:00,392.0,397.0499877929688,389.75,393.1000061035156,15795
2024-03-18 13:15:00,393.5,394.5,390.0499877929688,391.4249877929688,12805
2024-03-19 09:15:00,391.4249877929688,394.75,385.6499938964844,387.5249938964844,14298
2024-03-19 13:15:00,386.875,388.125,377.75,381.0,20577
2024-03-20 09:15:00,382.0,390.0249938964844,380.5,382.8250122070313,42977
2024-03-20 13:15:00,383.3250122070313,386.6499938964844,382.6749877929688,385.2749938964844,18431
2024-03-21 09:15:00,389.0,397.0499877929688,388.5,394.0,26545
2024-03-21 13:15:00,394.0,396.75,393.0750122070313,394.875,13916
2024-03-22 09:15:00,394.4750061035156,398.9750061035156,391.0499877929688,396.0750122070313,19358
2024-03-22 13:15:00,396.4249877929688,397.5,389.5499877929688,392.1499938964844,47395
2024-03-26 09:15:00,387.5249938964844,394.0,383.3500061035156,384.7999877929688,44723
2024-03-26 13:15:00,384.7999877929688,385.0,380.5,380.5,78878
2024-03-27 09:15:00,384.0,387.5,381.5249938964844,383.9750061035156,40339
2024-03-27 13:15:00,383.8999938964844,385.6000061035156,375.0,377.5,67388
2024-03-28 09:15:00,382.5,385.3500061035156,380.5499877929688,380.5499877929688,17753
2024-03-28 13:15:00,380.0,382.5,377.0499877929688,378.5249938964844,26584
2024-04-01 09:15:00,384.0,396.2000122070313,382.7250061035156,396.0,22565
2024-04-01 13:15:00,396.0249938964844,405.5,395.75,405.5,46962
2024-04-02 09:15:00,404.0249938964844,410.9500122070313,403.0499877929688,409.0,31937
2024-04-02 13:15:00,409.2999877929688,411.5,407.625,411.5,15905
2024-04-03 09:15:00,407.5,439.0,405.8250122070313,434.8999938964844,155111
2024-04-03 13:15:00,435.375,438.7749938964844,434.0,435.4249877929688,57361
2024-04-04 09:15:00,437.4249877929688,442.2250061035156,427.5,428.625,20267
2024-04-04 13:15:00,428.75,430.0,426.5249938964844,428.2999877929688,22980
2024-04-05 09:15:00,426.6000061035156,432.0,424.4750061035156,430.2000122070313,22537
2024-04-05 13:15:00,430.0249938964844,435.0,430.0249938964844,432.3250122070313,26932
2024-04-08 09:15:00,432.5,437.3999938964844,431.25,432.0499877929688,9916
2024-04-08 13:15:00,432.0750122070313,434.3500061035156,426.0,429.6499938964844,37832
2024-04-09 09:15:00,429.0499877929688,433.0,425.6499938964844,425.6499938964844,25901
2024-04-09 13:15:00,425.8999938964844,426.0,420.6000061035156,423.7749938964844,16744
2024-04-10 09:15:00,420.0,426.3999938964844,415.375,423.3500061035156,21420
2024-04-10 13:15:00,423.3500061035156,429.7000122070313,421.5249938964844,428.7250061035156,24806
2024-04-12 09:15:00,425.0249938964844,429.6749877929688,418.9500122070313,419.3250122070313,12212
2024-04-12 13:15:00,418.9750061035156,421.6499938964844,415.8500061035156,420.5,24905
2024-04-15 09:15:00,408.0499877929688,416.0,401.5499877929688,412.7749938964844,11541
2024-04-15 13:15:00,412.5249938964844,417.7999877929688,408.0,410.3500061035156,19622
2024-04-16 09:15:00,408.0750122070313,421.6499938964844,408.0750122070313,416.3500061035156,18841
2024-04-16 13:15:00,416.3500061035156,421.0,415.875,420.5,20582
2024-04-18 09:15:00,425.0,426.2250061035156,419.0249938964844,421.6000061035156,13406
2024-04-18 13:15:00,421.0499877929688,421.9500122070313,413.0499877929688,415.6749877929688,14945
2024-04-19 09:15:00,409.9750061035156,414.8500061035156,406.0249938964844,413.875,24660
2024-04-19 13:15:00,413.875,419.5,413.875,415.1749877929688,18738
2024-04-22 09:15:00,420.0,423.2250061035156,417.5499877929688,422.1000061035156,11231
2024-04-22 13:15:00,422.2250061035156,423.2250061035156,418.2000122070313,420.625,14530
2024-04-23 09:15:00,422.7250061035156,424.75,417.5249938964844,418.0,14119
2024-04-23 13:15:00,418.3999938964844,419.25,415.7000122070313,416.375,12875
2024-04-24 09:15:00,418.875,427.4500122070313,418.875,423.75,32538
2024-04-24 13:15:00,424.1000061035156,426.5,422.5249938964844,423.0,29079
2024-04-25 09:15:00,425.0249938964844,426.5,416.0499877929688,419.8500061035156,19260
2024-04-25 13:15:00,418.9249877929688,428.7250061035156,418.625,426.2000122070313,35715
2024-04-26 09:15:00,426.2000122070313,429.375,422.5249938964844,425.0249938964844,8615
2024-04-26 13:15:00,424.8999938964844,424.8999938964844,418.0,420.0499877929688,14660
2024-04-29 09:15:00,422.7000122070313,423.7000122070313,417.5,418.5,14096
2024-04-29 13:15:00,418.5,418.5499877929688,415.5499877929688,416.5,11976
2024-04-30 09:15:00,418.4500122070313,419.4500122070313,413.625,415.5,9556
2024-04-30 13:15:00,415.1000061035156,425.2749938964844,415.1000061035156,420.0,29793
2024-05-02 09:15:00,423.2749938964844,423.875,412.2000122070313,413.75,18531
2024-05-02 13:15:00,413.6749877929688,414.25,411.6000061035156,412.25,17968
2024-05-03 09:15:00,419.3999938964844,419.3999938964844,410.0,411.375,25196
2024-05-03 13:15:00,411.3500061035156,413.5750122070313,407.5,410.0,20070
2024-05-06 09:15:00,412.2000122070313,413.3500061035156,400.2250061035156,402.875,15693
2024-05-06 13:15:00,403.0,403.0,400.0,400.8500061035156,6951
2024-05-07 09:15:00,402.7999877929688,402.7999877929688,389.0249938964844,390.5,26672
2024-05-07 13:15:00,390.2999877929688,396.0,389.9249877929688,391.125,10677
2024-05-08 09:15:00,391.4500122070313,399.4750061035156,388.0249938964844,398.2250061035156,14971
2024-05-08 13:15:00,399.0,399.0,390.0,392.9249877929688,23203
2024-05-09 09:15:00,392.5,394.875,384.8250122070313,384.9500122070313,12179
2024-05-09 13:15:00,385.1749877929688,385.9750061035156,381.1000061035156,384.0,20092
2024-05-10 09:15:00,384.8500061035156,388.625,380.2000122070313,381.7999877929688,11037
2024-05-10 13:15:00,381.8250122070313,383.7250061035156,379.8999938964844,382.2250061035156,17868
2024-05-13 09:15:00,382.2999877929688,387.2749938964844,372.7250061035156,385.0249938964844,21571
2024-05-13 13:15:00,384.5249938964844,395.0,383.4249877929688,389.2250061035156,24598
2024-05-14 09:15:00,392.1499938964844,392.3500061035156,388.6499938964844,390.7749938964844,9138
2024-05-14 13:15:00,390.6000061035156,393.0,390.0,391.3500061035156,12109
2024-05-15 09:15:00,391.3500061035156,394.5,390.2749938964844,394.1749877929688,9589
2024-05-15 13:15:00,394.5,394.5,391.0249938964844,391.75,7179
2024-05-16 09:15:00,393.875,395.0249938964844,390.0499877929688,390.0499877929688,20080
2024-05-16 13:15:00,390.375,391.9249877929688,387.7000122070313,391.5,10532
2024-05-17 09:15:00,391.5,399.0,390.2000122070313,397.6749877929688,12931
2024-05-17 13:15:00,397.6749877929688,398.7250061035156,394.7749938964844,395.75,6420
2024-05-21 09:15:00,398.4249877929688,401.4500122070313,394.0,395.75,23493
2024-05-21 13:15:00,395.1749877929688,396.3500061035156,393.3999938964844,395.0,21091
2024-05-22 09:15:00,395.5249938964844,401.5499877929688,395.0249938964844,398.2000122070313,14539
2024-05-22 13:15:00,397.8999938964844,399.9750061035156,396.7250061035156,398.5,30868
2024-05-23 09:15:00,398.5249938964844,400.0,395.5,396.5,17666
2024-05-23 13:15:00,396.625,397.4500122070313,395.0,396.7250061035156,11376
2024-05-24 09:15:00,394.0249938964844,403.5,394.0249938964844,399.2000122070313,34053
2024-05-24 13:15:00,399.3999938964844,399.5,396.5,397.75,17793
2024-05-27 09:15:00,399.75,406.375,395.2000122070313,397.0249938964844,40212
2024-05-27 13:15:00,397.0,398.8500061035156,393.1000061035156,396.5,28129
2024-05-28 09:15:00,397.0,398.1499938964844,393.5499877929688,397.4750061035156,21749
2024-05-28 13:15:00,397.2000122070313,404.625,396.5249938964844,402.5,56057
2024-05-29 09:15:00,397.0,400.5750122070313,385.0750122070313,387.5,49051
2024-05-29 13:15:00,387.4500122070313,389.8250122070313,381.5,385.6000061035156,48929
2024-05-30 09:15:00,385.9249877929688,386.5249938964844,377.3250122070313,379.7250061035156,19576
2024-05-30 13:15:00,379.7250061035156,379.8999938964844,376.5,379.0,21127
2024-05-31 09:15:00,379.5,382.3999938964844,375.0499877929688,379.3999938964844,21711
2024-05-31 13:15:00,379.4249877929688,382.5750122070313,374.5,376.25,21188
2024-06-03 09:15:00,390.0,390.9750061035156,377.1499938964844,379.0750122070313,39435
2024-06-03 13:15:00,379.25,384.7999877929688,378.5750122070313,382.7999877929688,24987
2024-06-04 09:15:00,384.0,384.0,342.82501220703125,357.5249938964844,100308
2024-06-04 13:15:00,358.45001220703125,365.7749938964844,352.4750061035156,354.92498779296875,22889
2024-06-05 09:15:00,356.5,383.1000061035156,342.57501220703125,380.9750061035156,86419
2024-06-05 13:15:00,381.5,382.5,379.6000061035156,382.5,18545
2024-06-06 09:15:00,382.5249938964844,410.0,382.5249938964844,407.375,128108
2024-06-06 13:15:00,407.3250122070313,425.9249877929688,406.0249938964844,422.5,140594
2024-06-07 09:15:00,424.9750061035156,435.1749877929688,422.5,429.4500122070313,220512
2024-06-07 13:15:00,429.3500061035156,436.6499938964844,426.875,435.7250061035156,95186
2024-06-10 09:15:00,437.5,442.0249938964844,425.0499877929688,434.25,60371
2024-06-10 13:15:00,433.6499938964844,435.7000122070313,426.0,430.0249938964844,46545
2024-06-11 09:15:00,431.2999877929688,445.8500061035156,426.7749938964844,444.5499877929688,66899
2024-06-11 13:15:00,444.1000061035156,454.4750061035156,438.0,441.4249877929688,221655
2024-06-12 09:15:00,442.0,454.0,442.0,450.0249938964844,85379
2024-06-12 13:15:00,450.0249938964844,452.7000122070313,446.5,449.5,64327
2024-06-13 09:15:00,450.0,463.9750061035156,449.0249938964844,457.6499938964844,96504
2024-06-13 13:15:00,457.4249877929688,462.5,451.0249938964844,453.7000122070313,80342
2024-06-14 09:15:00,456.3999938964844,459.6749877929688,450.0499877929688,452.6499938964844,36524
2024-06-14 13:15:00,453.0249938964844,453.5,450.0,452.5,36706
2024-06-18 09:15:00,457.5,462.0,450.7749938964844,451.9750061035156,38465
2024-06-18 13:15:00,451.5,453.5750122070313,448.5499877929688,450.5249938964844,55206
2024-06-19 09:15:00,452.5,462.5,437.7749938964844,458.5750122070313,181941
2024-06-19 13:15:00,458.25,459.9500122070313,450.1499938964844,453.0499877929688,48944
2024-06-20 09:15:00,455.5,461.8500061035156,451.7000122070313,454.5499877929688,51661
2024-06-20 13:15:00,454.5499877929688,459.5,452.625,457.5,56698
2024-06-21 09:15:00,459.0,462.0,444.0,446.9249877929688,33977
2024-06-21 13:15:00,446.8999938964844,450.9500122070313,446.1749877929688,449.4750061035156,37356
2024-06-24 09:15:00,448.0249938964844,454.3250122070313,439.8999938964844,450.0,36609
2024-06-24 13:15:00,450.3999938964844,455.6749877929688,449.0,449.7749938964844,44348
2024-06-25 09:15:00,455.0,455.0,445.0499877929688,446.0,19884
2024-06-25 13:15:00,445.2749938964844,446.3250122070313,442.5,443.7000122070313,21225
2024-06-26 09:15:00,445.9249877929688,453.7749938964844,441.1499938964844,448.0750122070313,32546
2024-06-26 13:15:00,448.25,448.5,443.3250122070313,444.875,18966
2024-06-27 09:15:00,447.0249938964844,450.8500061035156,441.0,441.4750061035156,19497
2024-06-27 13:15:00,441.9249877929688,445.1749877929688,433.9500122070313,442.5,44880
2024-06-28 09:15:00,444.875,453.2999877929688,437.5249938964844,441.6749877929688,54995
2024-06-28 13:15:00,442.0,446.75,440.0,442.5499877929688,33915
2024-07-01 09:15:00,460.0,474.5,455.4750061035156,466.5249938964844,504412
2024-07-01 13:15:00,466.5249938964844,469.0249938964844,462.8999938964844,466.0,106656
2024-07-02 09:15:00,473.5499877929688,474.0,452.0249938964844,455.75,62740
2024-07-02 13:15:00,455.75,464.0,455.75,459.7000122070313,60805
2024-07-03 09:15:00,461.0750122070313,462.875,456.875,458.0249938964844,25580
2024-07-03 13:15:00,458.0,459.8250122070313,455.75,458.0,18343
2024-07-04 09:15:00,460.3500061035156,468.5750122070313,453.5,461.0499877929688,78870
2024-07-04 13:15:00,461.5750122070313,462.75,453.7000122070313,457.4500122070313,40029
2024-07-05 09:15:00,460.0,475.0,455.5750122070313,465.0,65682
2024-07-05 13:15:00,465.0,468.0249938964844,462.5,463.2250061035156,51780
2024-07-08 09:15:00,466.0,466.0,453.5,457.375,44643
2024-07-08 13:15:00,457.7250061035156,462.2999877929688,454.9500122070313,457.9249877929688,39788
2024-07-09 09:15:00,459.0,465.0,455.7749938964844,456.6749877929688,63155
2024-07-09 13:15:00,456.7999877929688,467.7250061035156,455.2250061035156,465.0,71681
2024-07-10 09:15:00,469.0,481.0,452.6749877929688,458.6000061035156,186172
2024-07-10 13:15:00,459.4750061035156,462.5,456.25,457.25,41999
2024-07-11 09:15:00,462.9249877929688,471.0,461.25,469.0,49278
2024-07-11 13:15:00,469.0750122070313,492.125,469.0,489.0,1228368
2024-07-12 09:15:00,495.0,504.625,477.5,499.2000122070313,946597
2024-07-12 13:15:00,498.8500061035156,504.5,493.5249938964844,494.625,281903
2024-07-15 09:15:00,504.5,506.6000061035156,490.0499877929688,502.75,302109
2024-07-15 13:15:00,502.75,504.0,496.5499877929688,498.4500122070313,54013
2024-07-16 09:15:00,504.0,510.6749877929688,500.0,500.0249938964844,245772
2024-07-16 13:15:00,500.0,503.4500122070313,496.5,500.5750122070313,103743
2024-07-18 09:15:00,507.0,522.5,492.5,505.0,605251
2024-07-18 13:15:00,504.25,509.6749877929688,501.0,502.5,259787
2024-07-19 09:15:00,508.3500061035156,515.7000122070312,491.0,514.0,406198
2024-07-19 13:15:00,514.0,522.0,507.5,509.5,187907
2024-07-22 09:15:00,516.0250244140625,528.875,509.5,528.0250244140625,391366
2024-07-22 13:15:00,528.0,530.2000122070312,517.5999755859375,522.0,302572
2024-07-23 09:15:00,522.5999755859375,527.9000244140625,488.5,513.1749877929688,347573
2024-07-23 13:15:00,511.25,525.0,511.25,522.4749755859375,99223
2024-07-24 09:15:00,522.5750122070312,549.2000122070312,521.0250244140625,546.9249877929688,367744
2024-07-24 13:15:00,546.125,548.8250122070312,540.5,546.0,84638
2024-07-25 09:15:00,542.5750122070312,574.5,540.4000244140625,569.5,311642
2024-07-25 13:15:00,570.2999877929688,602.9749755859375,570.0,589.5,695097
2024-07-26 09:15:00,597.9749755859375,605.0,580.7000122070312,582.5,438697
2024-07-26 13:15:00,582.0250244140625,583.2750244140625,571.0750122070312,573.3499755859375,143509
2024-07-29 09:15:00,586.125,597.5,580.7999877929688,590.3499755859375,110649
2024-07-29 13:15:00,589.5750122070312,610.4249877929688,588.4749755859375,595.0,167611
2024-07-30 09:15:00,604.4249877929688,604.4249877929688,582.5999755859375,590.9749755859375,915241
2024-07-30 13:15:00,590.4500122070312,595.5,588.1500244140625,591.0,131249
2024-07-31 09:15:00,595.0,637.0,594.8499755859375,614.6500244140625,1386780
2024-07-31 13:15:00,614.6749877929688,615.5,601.0499877929688,607.5,142275
2024-08-01 09:15:00,611.3250122070312,620.4749755859375,602.7999877929688,608.5999755859375,139405
2024-08-01 13:15:00,608.5499877929688,612.5,599.4249877929688,612.3499755859375,95486
2024-08-02 09:15:00,599.0,633.0,595.9500122070312,619.0250244140625,442045
2024-08-02 13:15:00,619.2999877929688,628.0,617.5,625.75,152975
2024-08-05 09:15:00,606.25,608.1500244140625,577.0999755859375,583.9749755859375,214040
2024-08-05 13:15:00,583.9749755859375,595.0,578.9749755859375,582.0,90748
2024-08-06 09:15:00,600.0,608.3250122070312,587.2249755859375,588.0750122070312,248068
2024-08-06 13:15:00,587.5499877929688,587.5999755859375,564.7750244140625,568.25,97509
2024-08-07 09:15:00,582.0,598.0499877929688,574.5250244140625,594.375,73829
2024-08-07 13:15:00,594.5999755859375,598.9249877929688,589.8250122070312,591.0750122070312,81188
2024-08-08 09:15:00,592.0,607.9000244140625,586.5,602.0,157193
2024-08-08 13:15:00,602.2999877929688,605.0,587.5,591.8499755859375,54402
2024-08-09 09:15:00,598.0250244140625,612.0,595.7750244140625,609.5250244140625,66975
2024-08-09 13:15:00,609.5250244140625,610.5,602.9000244140625,602.9000244140625,51799
2024-08-12 09:15:00,599.2999877929688,646.7999877929688,595.0750122070312,635.625,393256
2024-08-12 13:15:00,636.2000122070312,654.5,632.5,642.3250122070312,175780
2024-08-13 09:15:00,650.5999755859375,672.4000244140625,642.8499755859375,652.9749755859375,148346
2024-08-13 13:15:00,653.5999755859375,656.9749755859375,608.9249877929688,628.5250244140625,247378
2024-08-14 09:15:00,628.5,649.0,619.5,641.2249755859375,101119
2024-08-14 13:15:00,642.1500244140625,646.3499755859375,637.3250122070312,643.6749877929688,73321
2024-08-16 09:15:00,652.5,653.4749755859375,633.6749877929688,633.6749877929688,118926
2024-08-16 13:15:00,633.5250244140625,636.125,625.9500122070312,629.1749877929688,50016
2024-08-19 09:15:00,634.5,643.2249755859375,626.5250244140625,638.7999877929688,60526
2024-08-19 13:15:00,639.0999755859375,643.8250122070312,633.2000122070312,638.5,57145
2024-08-20 09:15:00,641.5,646.0750122070312,633.2249755859375,636.5,64451
2024-08-20 13:15:00,636.5,642.0999755859375,628.5250244140625,632.5499877929688,58558
2024-08-21 09:15:00,628.0,659.0,628.0,655.5499877929688,206201
2024-08-21 13:15:00,658.4500122070312,659.0,650.0,651.9500122070312,76169
2024-08-22 09:15:00,651.3499755859375,665.5,643.5,645.2999877929688,85283
2024-08-22 13:15:00,644.4749755859375,653.4500122070312,642.0,646.0750122070312,58212
2024-08-23 09:15:00,642.5,644.3250122070312,633.1749877929688,636.0,66511
2024-08-23 13:15:00,636.0,637.5,630.0,632.4000244140625,29613
2024-08-26 09:15:00,634.9000244140625,648.9749755859375,633.75,640.4500122070312,47908
2024-08-26 13:15:00,641.2249755859375,649.5,640.8499755859375,649.5,38775
2024-08-27 09:15:00,649.0999755859375,658.75,642.6500244140625,654.0,31472
2024-08-27 13:15:00,653.7999877929688,656.6500244140625,653.3250122070312,655.5,37674
2024-08-28 09:15:00,659.75,684.375,659.75,674.1749877929688,226772
2024-08-28 13:15:00,674.75,675.625,650.0,655.9000244140625,102372
2024-08-29 09:15:00,654.875,662.0,641.4000244140625,645.5250244140625,55559
2024-08-29 13:15:00,646.0750122070312,648.7750244140625,642.125,644.0999755859375,36095
2024-08-30 09:15:00,667.5,698.5,667.2249755859375,690.0,858327
2024-08-30 13:15:00,690.4749755859375,697.5,689.1749877929688,694.0,249814
2024-09-02 09:15:00,699.9500122070312,699.9500122070312,673.6749877929688,678.3250122070312,59504
2024-09-02 13:15:00,678.7000122070312,681.625,668.9000244140625,672.1500244140625,61103
2024-09-03 09:15:00,673.9749755859375,683.9249877929688,663.125,682.2999877929688,63846
2024-09-03 13:15:00,682.2249755859375,687.5,673.3499755859375,677.0,54317
2024-09-04 09:15:00,669.625,678.0,668.6749877929688,670.3250122070312,67284
2024-09-04 13:15:00,670.3499755859375,672.0,663.25,667.9500122070312,32419
2024-09-05 09:15:00,670.9749755859375,673.7750244140625,656.9500122070312,661.7999877929688,57909
2024-09-05 13:15:00,661.1500244140625,662.0250244140625,657.75,659.5,22596
2024-09-06 09:15:00,662.4000244140625,663.3499755859375,637.9500122070312,652.125,122198
2024-09-06 13:15:00,652.5,653.9000244140625,642.6500244140625,645.4000244140625,28192
2024-09-09 09:15:00,647.4249877929688,647.4249877929688,621.5,627.1749877929688,101202
2024-09-09 13:15:00,626.9249877929688,638.5,625.5,638.4500122070312,37454
2024-09-10 09:15:00,641.6749877929688,646.4249877929688,630.0499877929688,632.6749877929688,59255
2024-09-10 13:15:00,633.2249755859375,634.5,628.0250244140625,632.8499755859375,24870
2024-09-11 09:15:00,632.5,637.375,621.7999877929688,623.7999877929688,37288
2024-09-11 13:15:00,623.75,624.0,614.9249877929688,619.4749755859375,37078
2024-09-12 09:15:00,622.0,623.9000244140625,613.7999877929688,613.7999877929688,29708
2024-09-12 13:15:00,613.7999877929688,613.9249877929688,609.875,611.3499755859375,20780
2024-09-13 09:15:00,613.5,628.5,611.0250244140625,621.5750122070312,63560
2024-09-13 13:15:00,622.625,624.1500244140625,616.5,619.75,18412
2024-09-16 09:15:00,628.4000244140625,628.9249877929688,617.5250244140625,622.0,26700
2024-09-16 13:15:00,622.0,626.4500122070312,611.9000244140625,617.25,31275
2024-09-17 09:15:00,614.4500122070312,623.0499877929688,611.0750122070312,620.0999755859375,42919
2024-09-17 13:15:00,620.7999877929688,621.4500122070312,608.2000122070312,614.4749755859375,27523
2024-09-18 09:15:00,613.0,622.3250122070312,610.5250244140625,614.25,29783
2024-09-18 13:15:00,615.0750122070312,615.0750122070312,606.4249877929688,610.4500122070312,18159
2024-09-19 09:15:00,616.7249755859375,619.9500122070312,595.6749877929688,604.75,92415
2024-09-19 13:15:00,604.7249755859375,611.2249755859375,600.0,605.5,21581
2024-09-20 09:15:00,612.0499877929688,626.9500122070312,605.3250122070312,617.0750122070312,66611
2024-09-20 13:15:00,617.4749755859375,631.8250122070312,612.8499755859375,628.1749877929688,47528
2024-09-23 09:15:00,642.5750122070312,665.375,642.5750122070312,657.0750122070312,148411
2024-09-23 13:15:00,656.5250244140625,659.25,651.0,655.0,40620
2024-09-24 09:15:00,658.9000244140625,658.9000244140625,637.5,639.4000244140625,57044
2024-09-24 13:15:00,639.0499877929688,639.9500122070312,630.1500244140625,633.5,30040
2024-09-25 09:15:00,634.4749755859375,634.4749755859375,612.5750122070312,614.1500244140625,57815
2024-09-25 13:15:00,614.5499877929688,622.2750244140625,613.0,616.9249877929688,25747
2024-09-26 09:15:00,619.5,621.3499755859375,610.5,611.0250244140625,21880
2024-09-26 13:15:00,611.0250244140625,614.8499755859375,608.1749877929688,612.2249755859375,11663
2024-09-27 09:15:00,619.375,631.0,611.8499755859375,618.0250244140625,78291
2024-09-27 13:15:00,617.5250244140625,621.5999755859375,610.5250244140625,611.25,23836
2024-09-30 09:15:00,613.75,617.9249877929688,601.8499755859375,609.625,28435
2024-09-30 13:15:00,610.0,616.25,605.9000244140625,613.9500122070312,26652
2024-10-01 09:15:00,634.4749755859375,673.0,631.7000122070312,666.9500122070312,1329734
2024-10-01 13:15:00,666.6749877929688,686.5,662.4000244140625,677.4749755859375,586479
2024-10-03 09:15:00,663.1749877929688,712.9500122070312,663.1749877929688,685.0,255264
2024-10-03 13:15:00,685.5750122070312,698.25,681.3250122070312,691.5250244140625,175900
2024-10-04 09:15:00,686.4000244140625,697.5,661.2750244140625,687.6500244140625,101947
2024-10-04 13:15:00,687.5999755859375,687.5999755859375,665.6749877929688,670.0,76580
2024-10-07 09:15:00,675.0499877929688,689.5750122070312,639.25,645.0,120878
2024-10-07 13:15:00,644.1749877929688,646.7249755859375,629.5499877929688,639.5,132542
2024-10-08 09:15:00,633.5499877929688,729.5,631.0750122070312,722.7750244140625,1395869
2024-10-08 13:15:00,722.7000122070312,748.9749755859375,716.1749877929688,738.7249755859375,614749
2024-10-09 09:15:00,729.9749755859375,756.5250244140625,725.6500244140625,738.25,565507
2024-10-09 13:15:00,739.0250244140625,751.0,736.0999755859375,739.5,180220
2024-10-10 09:15:00,741.75,763.0,741.7000122070312,745.0,89925
2024-10-10 13:15:00,745.2249755859375,751.125,740.7750244140625,742.875,62343
2024-10-11 09:15:00,739.7249755859375,745.3250122070312,722.0250244140625,730.3499755859375,71135
2024-10-11 13:15:00,730.0250244140625,737.4249877929688,730.0250244140625,735.25,40904
2024-10-14 09:15:00,739.375,770.0,735.3250122070312,739.0499877929688,92512
2024-10-14 13:15:00,739.1500244140625,742.625,731.875,735.0499877929688,52970
2024-10-15 09:15:00,740.6500244140625,740.6500244140625,711.2249755859375,714.0750122070312,43583
2024-10-15 13:15:00,713.2249755859375,717.0,709.5,713.4000244140625,49122
2024-10-16 09:15:00,714.25,722.2999877929688,709.4500122070312,718.0,19013
2024-10-16 13:15:00,717.9500122070312,719.5999755859375,712.5,715.0250244140625,26172
2024-10-17 09:15:00,710.5,713.9749755859375,691.2000122070312,703.5750122070312,40330
2024-10-17 13:15:00,703.5750122070312,704.375,690.1749877929688,692.2750244140625,33688
2024-10-18 09:15:00,682.6500244140625,692.7999877929688,671.2750244140625,689.5499877929688,34720
2024-10-18 13:15:00,690.3250122070312,697.5,687.5,689.8499755859375,30171
2024-10-21 09:15:00,689.5,692.5,661.0250244140625,666.4249877929688,32333
2024-10-21 13:15:00,666.4249877929688,669.9500122070312,656.5,659.7000122070312,34247
2024-10-22 09:15:00,659.7999877929688,663.625,635.9749755859375,637.0499877929688,57467
2024-10-22 13:15:00,637.0750122070312,645.0250244140625,627.5,633.9000244140625,66248
2024-10-23 09:15:00,636.8499755859375,656.0,631.8250122070312,641.2750244140625,52670
2024-10-23 13:15:00,641.25,644.0,632.0,632.0,29459
2024-10-24 09:15:00,641.25,641.25,622.7000122070312,633.5250244140625,55294
2024-10-24 13:15:00,633.4749755859375,635.0999755859375,620.5499877929688,623.4500122070312,36320
2024-10-25 09:15:00,628.0499877929688,628.0499877929688,582.8499755859375,598.0,75097
2024-10-25 13:15:00,598.0999755859375,599.5,581.5,592.0499877929688,68610
2024-10-28 09:15:00,595.625,603.9749755859375,580.25,601.25,93357
2024-10-28 13:15:00,600.8250122070312,605.9749755859375,598.1500244140625,600.7750244140625,49808
2024-10-29 09:15:00,606.2000122070312,609.4249877929688,590.5,595.6749877929688,17347
2024-10-29 13:15:00,594.0,598.5,591.0,598.5,27916
2024-10-30 09:15:00,597.7000122070312,608.9749755859375,597.7000122070312,603.2999877929688,31069
2024-10-30 13:15:00,603.375,604.9749755859375,596.6749877929688,602.4749755859375,36642
2024-10-31 09:15:00,602.9249877929688,602.9249877929688,592.5750122070312,593.4500122070312,14144
2024-10-31 13:15:00,594.0,601.9749755859375,591.6749877929688,601.9749755859375,33961
2024-11-04 09:15:00,615.0250244140625,615.5999755859375,593.0250244140625,606.0,25521
2024-11-04 13:15:00,605.6749877929688,608.4249877929688,603.8250122070312,606.3499755859375,17759
2024-11-05 09:15:00,602.2750244140625,632.0,599.9749755859375,615.7000122070312,82056
2024-11-05 13:15:00,615.9000244140625,633.7249755859375,615.2249755859375,631.0,62282
2024-11-06 09:15:00,635.1500244140625,662.0,630.2750244140625,657.0750122070312,61424
2024-11-06 13:15:00,657.1500244140625,658.4749755859375,645.9749755859375,650.1749877929688,55107
2024-11-07 09:15:00,653.2999877929688,668.6500244140625,651.0250244140625,660.0999755859375,95038
2024-11-07 13:15:00,659.6749877929688,659.6749877929688,635.7000122070312,652.0,110171
2024-11-08 09:15:00,639.0,641.5750122070312,616.5999755859375,626.0,63939
2024-11-08 13:15:00,626.2249755859375,630.875,616.8250122070312,616.8250122070312,63671
2024-11-11 09:15:00,615.0,616.9500122070312,589.5750122070312,592.5,118045
2024-11-11 13:15:00,593.0250244140625,593.0250244140625,580.0,581.9500122070312,67173
2024-11-12 09:15:00,587.5,595.4749755859375,583.5,584.4000244140625,29935
2024-11-12 13:15:00,584.375,584.9749755859375,571.9000244140625,575.75,55019
2024-11-13 09:15:00,576.375,578.0,552.7750244140625,557.3250122070312,129925
2024-11-13 13:15:00,556.5499877929688,563.9749755859375,546.75,557.5,49080
2024-11-14 09:15:00,561.75,587.2750244140625,560.0,583.8499755859375,79457
2024-11-14 13:15:00,583.0250244140625,590.0,578.0,582.0499877929688,77252
2024-11-18 09:15:00,582.7000122070312,582.7000122070312,561.4249877929688,576.9749755859375,33985
2024-11-18 13:15:00,576.6749877929688,579.7000122070312,569.0,571.4000244140625,22023
2024-11-19 09:15:00,574.25,589.5750122070312,571.5999755859375,583.8499755859375,18750
2024-11-19 13:15:00,584.4249877929688,584.4249877929688,566.9000244140625,566.9000244140625,17532
2024-11-21 09:15:00,568.5250244140625,569.3499755859375,556.0,560.0,27023
2024-11-21 13:15:00,560.0,560.7249755859375,554.2000122070312,555.7999877929688,21019
2024-11-22 09:15:00,557.9000244140625,567.2000122070312,555.7000122070312,560.8499755859375,20286
2024-11-22 13:15:00,561.3499755859375,570.9500122070312,561.3499755859375,567.0,31620
2024-11-25 09:15:00,577.0,585.0,570.0,576.9749755859375,33966
2024-11-25 13:15:00,577.4500122070312,582.125,575.0,577.8250122070312,25777
2024-11-26 09:15:00,580.5,602.5,577.9000244140625,600.0999755859375,61811
2024-11-26 13:15:00,600.6500244140625,601.5750122070312,595.8250122070312,599.7750244140625,42343
2024-11-27 09:15:00,600.3250122070312,609.4000244140625,594.5750122070312,605.75,24450
2024-11-27 13:15:00,605.0999755859375,609.9749755859375,604.25,607.0,30569
2024-11-28 09:15:00,611.0,632.5,607.5750122070312,630.0,74151
2024-11-28 13:15:00,629.0,632.2000122070312,620.5,631.4249877929688,60036
2024-11-29 09:15:00,632.9749755859375,634.5,625.0,632.9500122070312,25339
2024-11-29 13:15:00,633.0,641.8250122070312,632.375,637.9749755859375,43894
2024-12-02 09:15:00,636.2999877929688,679.9749755859375,631.8250122070312,677.0499877929688,145157
2024-12-02 13:15:00,676.9749755859375,684.5999755859375,676.0499877929688,679.4500122070312,88435
2024-12-03 09:15:00,669.125,678.5,663.5499877929688,666.4249877929688,23084
2024-12-03 13:15:00,666.4249877929688,668.8250122070312,653.2750244140625,663.0,65661
2024-12-04 09:15:00,671.625,691.0,665.25,681.0,47892
2024-12-04 13:15:00,680.0250244140625,684.1749877929688,676.5250244140625,679.5,24765
2024-12-05 09:15:00,689.3499755859375,713.0,689.3499755859375,705.1749877929688,120763
2024-12-05 13:15:00,705.9749755859375,707.9749755859375,698.75,701.5,46222
2024-12-06 09:15:00,700.5250244140625,709.5,688.5499877929688,708.5,41447
2024-12-06 13:15:00,709.0999755859375,714.5,706.0,707.5,51644
2024-12-09 09:15:00,705.1749877929688,724.9749755859375,704.0250244140625,721.5,68536
2024-12-09 13:15:00,721.0,721.5999755859375,716.0,718.0,34630
2024-12-10 09:15:00,722.0,757.8499755859375,722.0,731.625,129313
2024-12-10 13:15:00,731.2000122070312,739.9749755859375,723.0999755859375,736.6500244140625,76748
2024-12-11 09:15:00,734.2000122070312,738.9749755859375,715.0250244140625,716.7000122070312,45183
2024-12-11 13:15:00,717.1500244140625,718.7249755859375,708.7999877929688,712.0,47332
2024-12-12 09:15:00,713.125,722.4500122070312,705.5,706.4249877929688,16783
2024-12-12 13:15:00,706.4249877929688,708.4500122070312,695.5750122070312,699.0,43904
2024-12-13 09:15:00,694.9749755859375,722.4249877929688,681.5750122070312,718.7750244140625,101995
2024-12-13 13:15:00,718.7750244140625,727.7249755859375,702.4749755859375,702.4749755859375,94636
2024-12-16 09:15:00,701.5,705.8499755859375,687.0,691.2249755859375,52735
2024-12-16 13:15:00,691.0750122070312,696.4000244140625,690.6749877929688,692.8499755859375,34542
2024-12-17 09:15:00,694.2249755859375,695.3499755859375,680.0250244140625,681.5,17713
2024-12-17 13:15:00,682.0,702.5250244140625,680.5,699.1749877929688,35238
2024-12-18 09:15:00,697.5,704.5,690.0499877929688,696.8499755859375,37088
2024-12-18 13:15:00,696.8499755859375,699.5,690.3250122070312,696.0750122070312,21386
2024-12-19 09:15:00,678.4249877929688,692.5,678.0250244140625,688.7249755859375,14373
2024-12-19 13:15:00,689.2000122070312,689.8499755859375,687.0499877929688,688.3499755859375,15928
2024-12-20 09:15:00,688.5250244140625,704.75,677.5750122070312,678.8250122070312,14789
2024-12-20 13:15:00,678.8250122070312,679.8250122070312,662.5499877929688,666.4500122070312,29515
2024-12-23 09:15:00,669.5750122070312,673.2000122070312,629.7249755859375,630.3499755859375,62920
2024-12-23 13:15:00,631.0499877929688,641.5499877929688,630.1500244140625,636.4749755859375,65708
2024-12-24 09:15:00,640.4749755859375,652.4500122070312,636.7000122070312,642.7000122070312,14961
2024-12-24 13:15:00,642.0499877929688,647.25,639.2750244140625,642.0999755859375,26839
2024-12-26 09:15:00,645.2750244140625,653.1500244140625,632.5,641.1500244140625,44448
2024-12-26 13:15:00,641.1500244140625,642.7999877929688,632.2249755859375,636.5250244140625,38494
2024-12-27 09:15:00,636.5,648.2750244140625,634.6500244140625,646.7999877929688,30495
2024-12-27 13:15:00,646.5250244140625,663.0499877929688,644.5250244140625,649.5750122070312,45225
2024-12-30 09:15:00,650.8250122070312,654.0,640.375,651.6749877929688,19964
2024-12-30 13:15:00,652.0499877929688,657.3499755859375,644.5,647.4249877929688,21876
2024-12-31 09:15:00,644.7750244140625,646.75,621.2999877929688,624.4749755859375,90488
2024-12-31 13:15:00,623.9000244140625,648.4000244140625,623.9000244140625,645.375,86320
2025-01-01 09:15:00,642.5,661.0,639.7999877929688,648.2999877929688,60120
2025-01-01 13:15:00,648.8250122070312,654.5999755859375,643.5,649.9000244140625,38617
2025-01-02 09:15:00,650.6500244140625,660.0,646.25,649.0750122070312,21664
2025-01-02 13:15:00,649.4000244140625,654.7000122070312,646.7999877929688,649.7249755859375,25865
2025-01-03 09:15:00,652.375,678.9749755859375,652.375,660.9500122070312,72514
2025-01-03 13:15:00,660.9500122070312,661.6749877929688,652.5,656.6749877929688,40774
2025-01-06 09:15:00,656.7249755859375,663.4500122070312,634.8250122070312,637.5,49654
2025-01-06 13:15:00,637.5,645.0,619.125,645.0,84670
2025-01-07 09:15:00,645.7999877929688,659.9249877929688,633.0499877929688,653.75,33163
2025-01-07 13:15:00,653.8250122070312,668.9749755859375,652.4500122070312,667.2750244140625,55749
2025-01-08 09:15:00,661.5,663.25,627.0,630.625,112868
2025-01-08 13:15:00,630.5499877929688,633.5,628.75,632.5,49816
2025-01-09 09:15:00,627.0750122070312,633.0,618.3499755859375,623.75,51637
2025-01-09 13:15:00,622.5499877929688,633.0,620.7249755859375,630.7750244140625,43485
2025-01-10 09:15:00,629.2249755859375,659.5,613.5,658.8499755859375,118642
2025-01-10 13:15:00,659.5,661.5499877929688,646.5,653.7999877929688,128831
2025-01-13 09:15:00,646.7999877929688,648.875,627.0999755859375,627.5,49802
2025-01-13 13:15:00,628.4500122070312,629.5,604.1500244140625,611.9749755859375,74186
2025-01-14 09:15:00,622.7750244140625,647.125,620.3499755859375,639.4500122070312,40188
2025-01-14 13:15:00,638.75,649.375,637.5999755859375,642.1500244140625,36492
2025-01-15 09:15:00,652.0750122070312,664.4500122070312,640.0,640.3250122070312,104871
2025-01-15 13:15:00,640.3250122070312,640.4500122070312,629.375,633.4749755859375,39748
2025-01-16 09:15:00,650.0,658.0750122070312,637.5499877929688,639.4749755859375,57843
2025-01-16 13:15:00,639.5999755859375,643.5,637.0250244140625,638.0499877929688,37048
2025-01-17 09:15:00,638.0,657.5,634.375,650.4749755859375,39407
2025-01-17 13:15:00,650.625,674.5999755859375,650.0,665.7750244140625,181068
2025-01-20 09:15:00,680.0499877929688,694.4500122070312,666.0999755859375,683.1749877929688,87466
2025-01-20 13:15:00,684.4500122070312,719.5,682.4749755859375,699.0499877929688,400492
2025-01-21 09:15:00,703.0,705.9000244140625,680.75,685.4000244140625,55017
2025-01-21 13:15:00,686.7750244140625,692.75,673.3250122070312,676.5,56216
2025-01-22 09:15:00,679.9000244140625,683.0,644.5750122070312,652.25,82264
2025-01-22 13:15:00,652.5,663.7000122070312,644.0250244140625,660.2000122070312,54368
2025-01-23 09:15:00,659.9749755859375,669.5750122070312,656.7000122070312,667.2249755859375,12387
2025-01-23 13:15:00,666.6500244140625,668.6749877929688,652.0750122070312,656.25,27847
2025-01-24 09:15:00,656.25,662.7249755859375,636.7999877929688,639.9500122070312,32540
2025-01-24 13:15:00,639.9000244140625,642.4749755859375,627.4249877929688,632.0,36483
2025-01-27 09:15:00,625.0,625.0,596.1500244140625,608.8250122070312,61644
2025-01-27 13:15:00,609.125,609.1749877929688,599.5499877929688,602.75,24341
2025-01-28 09:15:00,612.3250122070312,612.6749877929688,571.0,596.9500122070312,99347
2025-01-28 13:15:00,596.8499755859375,611.1749877929688,588.5250244140625,590.5250244140625,61217
2025-01-29 09:15:00,594.2750244140625,623.0,592.0250244140625,607.875,31096
2025-01-29 13:15:00,608.4500122070312,622.4749755859375,607.2000122070312,617.4749755859375,30777
2025-01-30 09:15:00,620.375,640.4749755859375,618.7249755859375,633.2000122070312,38191
2025-01-30 13:15:00,633.4000244140625,633.7249755859375,625.0,628.125,31141
2025-01-31 09:15:00,633.1500244140625,638.8250122070312,627.5250244140625,633.6749877929688,16510
2025-01-31 13:15:00,632.5250244140625,640.9500122070312,630.0250244140625,638.875,12179
2025-02-03 09:15:00,650.25,677.125,635.5750122070312,671.8499755859375,79545
2025-02-03 13:15:00,671.9000244140625,684.1749877929688,668.5,672.3250122070312,80312
2025-02-04 09:15:00,685.0250244140625,696.8250122070312,671.5,686.3499755859375,73417
2025-02-04 13:15:00,686.8250122070312,714.3499755859375,685.0,707.125,142841
2025-02-05 09:15:00,724.25,730.0,680.2999877929688,690.5499877929688,59150
2025-02-05 13:15:00,690.5499877929688,693.2750244140625,676.5,685.8499755859375,100037
2025-02-06 09:15:00,684.0,706.5,681.5250244140625,690.875,84871
2025-02-06 13:15:00,690.3250122070312,691.5250244140625,682.6500244140625,685.0999755859375,42805
2025-02-07 09:15:00,685.0,685.0,661.0999755859375,667.9749755859375,97698
2025-02-07 13:15:00,667.7249755859375,669.9749755859375,658.125,663.5499877929688,30915
2025-02-10 09:15:00,662.0,665.0250244140625,640.5,643.25,58774
2025-02-10 13:15:00,643.9749755859375,644.0,636.5,639.7750244140625,30040
2025-02-11 09:15:00,642.6500244140625,642.6500244140625,605.9749755859375,606.5250244140625,50907
2025-02-11 13:15:00,607.4249877929688,612.375,601.5,608.5250244140625,44581
2025-02-12 09:15:00,608.4749755859375,618.5750122070312,579.2999877929688,614.6500244140625,84564
2025-02-12 13:15:00,614.125,614.3250122070312,600.0,606.75,27376
2025-02-13 09:15:00,610.0499877929688,617.5,600.3250122070312,607.0,21192
2025-02-13 13:15:00,606.9000244140625,607.0250244140625,597.5499877929688,602.4249877929688,28022
2025-02-14 09:15:00,605.4000244140625,607.75,566.5250244140625,570.4249877929688,48515
2025-02-14 13:15:00,569.9249877929688,581.0499877929688,567.7999877929688,571.8250122070312,40995
2025-02-17 09:15:00,572.4749755859375,574.5,545.875,553.0250244140625,78270
2025-02-17 13:15:00,552.7750244140625,563.6500244140625,551.8499755859375,554.0,53410
2025-02-18 09:15:00,561.6749877929688,561.6749877929688,523.0999755859375,524.1500244140625,98875
2025-02-18 13:15:00,524.7999877929688,546.7999877929688,524.2249755859375,538.2249755859375,88871
2025-02-19 09:15:00,535.7249755859375,573.4249877929688,529.75,567.25,29554
2025-02-19 13:15:00,566.7999877929688,582.1749877929688,565.9500122070312,579.25,60332
2025-02-20 09:15:00,599.75,612.0,582.0,585.7750244140625,249902
2025-02-20 13:15:00,585.7249755859375,592.2000122070312,581.5,584.4749755859375,92069
2025-02-21 09:15:00,580.125,593.5,576.5999755859375,585.3250122070312,37438
2025-02-21 13:15:00,585.7000122070312,585.7000122070312,575.0,577.1749877929688,37349
2025-02-24 09:15:00,570.375,576.5,560.0,569.125,76214
2025-02-24 13:15:00,569.125,569.5750122070312,559.5,569.3499755859375,62312
2025-02-25 09:15:00,562.0750122070312,579.2750244140625,562.0250244140625,567.6500244140625,75144
2025-02-25 13:15:00,568.0,569.0,560.7999877929688,562.5250244140625,40023
2025-02-27 09:15:00,556.8499755859375,560.0,545.5999755859375,547.125,25499
2025-02-27 13:15:00,546.5999755859375,549.5499877929688,545.0,546.2249755859375,17589
2025-02-28 09:15:00,539.125,541.2000122070312,521.1500244140625,523.25,40964
2025-02-28 13:15:00,523.25,530.0,521.5,529.0,31317
2025-03-03 09:15:00,527.9249877929688,531.6749877929688,503.5249938964844,527.625,64878
2025-03-03 13:15:00,529.2750244140625,529.7999877929688,522.0,524.5750122070312,35980
2025-03-04 09:15:00,517.5,546.0,515.0,535.5999755859375,29549
2025-03-04 13:15:00,535.5999755859375,548.2999877929688,533.1749877929688,543.9500122070312,34284
2025-03-05 09:15:00,546.2249755859375,571.375,546.2249755859375,563.375,19430
2025-03-05 13:15:00,562.9500122070312,567.2999877929688,559.9749755859375,564.7750244140625,18107
2025-03-06 09:15:00,574.9249877929688,579.8250122070312,566.7999877929688,574.9249877929688,25563
2025-03-06 13:15:00,574.5,575.0,570.3250122070312,572.0,22672
2025-03-07 09:15:00,562.4749755859375,584.4500122070312,562.4749755859375,570.8499755859375,30181
2025-03-07 13:15:00,571.7249755859375,575.4500122070312,567.0,567.5,31763
2025-03-10 09:15:00,568.875,572.5750122070312,557.5,557.5,24420
2025-03-10 13:15:00,557.5,561.9249877929688,550.5,552.875,41399
2025-03-11 09:15:00,544.0250244140625,563.4249877929688,540.0,559.9500122070312,24190
2025-03-11 13:15:00,559.5,567.0499877929688,553.9249877929688,556.2000122070312,28792
2025-03-12 09:15:00,564.7249755859375,565.2750244140625,550.5999755859375,552.6500244140625,24129
2025-03-12 13:15:00,552.6749877929688,553.7000122070312,550.0,551.7999877929688,22557
2025-03-13 09:15:00,555.375,555.5499877929688,540.6500244140625,540.7000122070312,28968
2025-03-13 13:15:00,540.75,543.25,535.0,536.0,49670
2025-03-17 09:15:00,539.8499755859375,554.5,536.9249877929688,549.0,29842
2025-03-17 13:15:00,549.0,552.4500122070312,547.4500122070312,547.8250122070312,21898
2025-03-18 09:15:00,553.0999755859375,555.9749755859375,546.5999755859375,552.7750244140625,28584
2025-03-18 13:15:00,552.7999877929688,557.5250244140625,551.5499877929688,555.75,51374
2025-03-19 09:15:00,557.4749755859375,576.7999877929688,557.4749755859375,570.9000244140625,30908
2025-03-19 13:15:00,570.375,572.7999877929688,554.0,559.5750122070312,97437
2025-03-20 09:15:00,562.5,569.4749755859375,547.5,554.3499755859375,45590
2025-03-20 13:15:00,554.8499755859375,556.5,550.0,550.5,43994
2025-03-21 09:15:00,553.9500122070312,564.5,544.6500244140625,544.6500244140625,125249
2025-03-21 13:15:00,544.6500244140625,546.0750122070312,535.6500244140625,538.5,118889
2025-03-24 09:15:00,544.1500244140625,553.5499877929688,538.625,542.5,90794
2025-03-24 13:15:00,542.625,547.9249877929688,541.2750244140625,545.25,73759
2025-03-25 09:15:00,551.0,552.5499877929688,537.5,539.4500122070312,29191
2025-03-25 13:15:00,539.4249877929688,543.5250244140625,534.6749877929688,535.875,69908
2025-03-26 09:15:00,536.9000244140625,538.5250244140625,525.5999755859375,531.5,65492
2025-03-26 13:15:00,530.9749755859375,535.1500244140625,529.0,533.0,76049
2025-03-27 09:15:00,529.9749755859375,545.375,529.9749755859375,542.5999755859375,86042
2025-03-27 13:15:00,542.7000122070312,551.25,539.8499755859375,550.9249877929688,96048
2025-03-28 09:15:00,550.25,563.7999877929688,550.25,558.0,33045
2025-03-28 13:15:00,558.0,560.0,551.5499877929688,557.5,52752
2025-04-01 09:15:00,551.5499877929688,578.125,551.5499877929688,576.2750244140625,53976
2025-04-01 13:15:00,576.75,578.5,573.9000244140625,578.4749755859375,38225
2025-04-02 09:15:00,577.3499755859375,581.125,566.5,580.0,17609
2025-04-02 13:15:00,580.0,595.5,579.0250244140625,592.6500244140625,79088
2025-04-03 09:15:00,587.3499755859375,640.5,585.1500244140625,632.6500244140625,323926
2025-04-03 13:15:00,632.6500244140625,635.0,627.5,627.5,54744
2025-04-04 09:15:00,629.5250244140625,632.4749755859375,603.2750244140625,618.0499877929688,61574
2025-04-04 13:15:00,618.0499877929688,618.625,606.0499877929688,612.5,26517
2025-04-07 09:15:00,549.4500122070312,589.3499755859375,540.0750122070312,576.8499755859375,149329
2025-04-07 13:15:00,576.3250122070312,586.7249755859375,576.25,581.5,113565
2025-04-08 09:15:00,592.9249877929688,603.6500244140625,587.5250244140625,597.5,51238
2025-04-08 13:15:00,597.5,602.1500244140625,596.2750244140625,600.5,26262
2025-04-09 09:15:00,595.0250244140625,609.75,581.0499877929688,607.7000122070312,32578
2025-04-09 13:15:00,608.25,611.5250244140625,606.0750122070312,610.3250122070312,28020
2025-04-11 09:15:00,622.5,635.5999755859375,612.5,627.5750122070312,92377
2025-04-11 13:15:00,627.5750122070312,637.5750122070312,626.6500244140625,635.0,38648
2025-04-15 09:15:00,646.0499877929688,671.0,636.4000244140625,666.0499877929688,59643
2025-04-15 13:15:00,665.7999877929688,691.9000244140625,665.5999755859375,688.4500122070312,152665
2025-04-16 09:15:00,692.0499877929688,692.0499877929688,677.3499755859375,681.4500122070312,64888
2025-04-16 13:15:00,680.6500244140625,682.0,674.2000122070312,681.5,39979
2025-04-17 09:15:00,678.0,714.4000244140625,676.75,714.4000244140625,107933
2025-04-17 13:15:00,714.1500244140625,716.7999877929688,701.5499877929688,712.75,127909
2025-04-21 09:15:00,719.2000122070312,724.0,709.75,712.5499877929688,103470
2025-04-21 13:15:00,713.0,716.9500122070312,708.3499755859375,712.8499755859375,31592
2025-04-22 09:15:00,712.8499755859375,728.4000244140625,705.4000244140625,728.4000244140625,41572
2025-04-22 13:15:00,728.3499755859375,732.5,715.0,719.0,60609
2025-04-23 09:15:00,720.75,727.9000244140625,701.3499755859375,711.7999877929688,46095
2025-04-23 13:15:00,711.25,712.25,708.0,710.7000122070312,13094
2025-04-24 09:15:00,705.3499755859375,720.0,705.3499755859375,707.7000122070312,39047
2025-04-24 13:15:00,707.75,710.0,702.5,708.1500244140625,20201
2025-04-25 09:15:00,706.4500122070312,710.0,695.75,703.4500122070312,77510
2025-04-25 13:15:00,703.5999755859375,723.4500122070312,702.9000244140625,710.0,105486
2025-04-28 09:15:00,724.0,730.0,704.8499755859375,709.0,24328
2025-04-28 13:15:00,709.0499877929688,714.2000122070312,701.7999877929688,705.2999877929688,49886
2025-04-29 09:15:00,706.9500122070312,715.5999755859375,701.7999877929688,701.8499755859375,28074
2025-04-29 13:15:00,701.9500122070312,704.9500122070312,692.5499877929688,698.25,29228
2025-04-30 09:15:00,698.0,698.0,680.0,692.6500244140625,15259
2025-04-30 13:15:00,692.5,694.0499877929688,691.1500244140625,692.9000244140625,20808
2025-05-02 09:15:00,689.5999755859375,697.7999877929688,678.0499877929688,685.5,34529
2025-05-02 13:15:00,685.7999877929688,686.9500122070312,681.4500122070312,683.7000122070312,18939
2025-05-05 09:15:00,690.5,691.25,675.75,686.5999755859375,12542
2025-05-05 13:15:00,686.0499877929688,697.5,684.7000122070312,689.8499755859375,32088
2025-05-06 09:15:00,684.0,706.5499877929688,684.0,684.0,28419
2025-05-06 13:15:00,684.0999755859375,689.4500122070312,680.25,683.5,39642
2025-05-07 09:15:00,686.75,694.2000122070312,675.0499877929688,691.4000244140625,47733
2025-05-07 13:15:00,691.0499877929688,693.0,690.0,692.2999877929688,31050
2025-05-08 09:15:00,694.6500244140625,739.4500122070312,694.5,716.0499877929688,186384
2025-05-08 13:15:00,715.0,716.0,700.0,703.6500244140625,102739
2025-05-09 09:15:00,696.5,702.6500244140625,685.5499877929688,695.6500244140625,14722
2025-05-09 13:15:00,695.0499877929688,700.5,694.0,698.2000122070312,15149
2025-05-12 09:15:00,715.0499877929688,757.5,715.0499877929688,754.0,207729
2025-05-12 13:15:00,754.75,781.5999755859375,752.8499755859375,777.4500122070312,371518
2025-05-13 09:15:00,781.2000122070312,823.25,781.2000122070312,817.5,523500
2025-05-13 13:15:00,818.9500122070312,825.0,812.75,820.5,171642
2025-05-14 09:15:00,819.9500122070312,857.2000122070312,817.5499877929688,847.2999877929688,504056
2025-05-14 13:15:00,847.5,865.5,845.9500122070312,865.5,177875
2025-05-15 09:15:00,869.2000122070312,884.3499755859375,850.6500244140625,873.0999755859375,139099
2025-05-15 13:15:00,873.0,883.0,871.0999755859375,878.5,93544
2025-05-16 09:15:00,875.0,889.8499755859375,859.5,872.4500122070312,87004
2025-05-16 13:15:00,872.0,882.0,870.2999877929688,875.9500122070312,66555
2025-05-19 09:15:00,867.5999755859375,899.9500122070312,827.5,856.4000244140625,255947
2025-05-19 13:15:00,857.0999755859375,865.0,850.5499877929688,860.5,101872
2025-05-20 09:15:00,864.25,883.4000244140625,855.0999755859375,881.9000244140625,49488
2025-05-20 13:15:00,881.5999755859375,881.5999755859375,862.5,864.2999877929688,41624
2025-05-21 09:15:00,871.25,887.4500122070312,861.2000122070312,878.7999877929688,37285
2025-05-21 13:15:00,879.2000122070312,885.0,873.9500122070312,879.9500122070312,37017
2025-05-22 09:15:00,881.0499877929688,926.9500122070312,881.0499877929688,923.2000122070312,243468
2025-05-22 13:15:00,923.0,939.0,921.0,934.5,146088
2025-05-23 09:15:00,940.0,960.0,928.0499877929688,933.5,76088
2025-05-23 13:15:00,933.9500122070312,936.0,917.0499877929688,919.9500122070312,124383
2025-05-26 09:15:00,929.5,959.9000244140624,921.1500244140624,925.7999877929688,63885
2025-05-26 13:15:00,925.5,930.3499755859376,904.75,927.0999755859376,92065
2025-05-27 09:15:00,930.1500244140624,960.9000244140624,917.0499877929688,954.0,152194
2025-05-27 13:15:00,954.0,968.5,943.5499877929688,947.5,110159
2025-05-28 09:15:00,963.2999877929688,969.9500122070312,944.5,954.5,57090
2025-05-28 13:15:00,954.7000122070312,955.5,945.0,947.5,39396
2025-05-29 09:15:00,947.6500244140624,967.5,942.4000244140624,958.75,49079
2025-05-29 13:15:00,957.9000244140624,959.9500122070312,947.5499877929688,955.1500244140624,34281
2025-05-30 09:15:00,957.8499755859376,974.25,940.5499877929688,943.0,217054
2025-05-30 13:15:00,943.75,953.0,937.5,943.0,86837
2025-06-02 09:15:00,940.5,964.9500122070312,934.9500122070312,954.5499877929688,77314
2025-06-02 13:15:00,954.2999877929688,962.3499755859376,950.0,952.0499877929688,49244
2025-06-03 09:15:00,955.0499877929688,969.4500122070312,951.6500244140624,953.1500244140624,27210
2025-06-03 13:15:00,953.1500244140624,961.0499877929688,947.1500244140624,957.5999755859376,37200
2025-06-04 09:15:00,957.4500122070312,961.7999877929688,940.5499877929688,944.0999755859376,42102
2025-06-04 13:15:00,944.5,957.3499755859376,943.25,950.0999755859376,26744
2025-06-05 09:15:00,954.6500244140624,969.0,948.9000244140624,950.0,76384
2025-06-05 13:15:00,949.2999877929688,950.0,936.25,940.0,43898
2025-06-06 09:15:00,939.25,939.25,919.7999877929688,924.5499877929688,74904
2025-06-06 13:15:00,923.9500122070312,931.75,916.0,926.5,46502
2025-06-09 09:15:00,928.0999755859376,947.2999877929688,925.5499877929688,946.2000122070312,53034
2025-06-09 13:15:00,946.1500244140624,953.0,943.4500122070312,949.3499755859376,43652
2025-06-10 09:15:00,951.0,953.25,925.5,940.7000122070312,102146
2025-06-10 13:15:00,940.7000122070312,940.7000122070312,933.0,934.5,26781
2025-06-11 09:15:00,932.3499755859376,948.9000244140624,930.5,937.2999877929688,45112
2025-06-11 13:15:00,937.3499755859376,937.5499877929688,910.5999755859376,915.5,67513
2025-06-12 09:15:00,922.9500122070312,931.5999755859376,908.5499877929688,917.5499877929688,57923
2025-06-12 13:15:00,917.2000122070312,917.7999877929688,901.0,903.25,17374
2025-06-13 09:15:00,883.9500122070312,929.0,880.4000244140625,911.5999755859376,36575
2025-06-13 13:15:00,911.1500244140624,955.0,911.1500244140624,942.5,118717
2025-06-16 09:15:00,942.0999755859376,963.4500122070312,925.2000122070312,950.25,73490
2025-06-16 13:15:00,950.0,955.5499877929688,950.0,950.0999755859376,48294
2025-06-17 09:15:00,951.9000244140624,961.8499755859376,945.4500122070312,948.5,40826
2025-06-17 13:15:00,948.1500244140624,954.0499877929688,945.0,950.75,24672
2025-06-18 09:15:00,950.5,960.0,937.6500244140624,940.75,15881
2025-06-18 13:15:00,940.7999877929688,948.4000244140624,937.4000244140624,944.5,16427
2025-06-19 09:15:00,940.1500244140624,959.75,897.7000122070312,905.5999755859376,63981
2025-06-19 13:15:00,905.8499755859376,913.6500244140624,902.5,903.0,26465
2025-06-20 09:15:00,900.5999755859375,931.5,900.5999755859375,910.7000122070312,14414
2025-06-20 13:15:00,909.4000244140624,920.0,908.9000244140624,914.8499755859376,11885
2025-06-23 09:15:00,913.2000122070312,924.9500122070312,903.4000244140624,918.5,18549
2025-06-23 13:15:00,917.75,927.0,916.7999877929688,924.7999877929688,24873
2025-06-24 09:15:00,930.0,974.0,925.4000244140624,958.5,134351
2025-06-24 13:15:00,958.6500244140624,990.0,955.4500122070312,989.9500122070312,226296
2025-06-25 09:15:00,988.2000122070312,1013.5,979.5999755859376,1002.5,381614
2025-06-25 13:15:00,1001.5999755859376,1010.5,1001.5999755859376,1003.5,80311
2025-06-26 09:15:00,1008.0,1026.449951171875,1006.9500122070312,1024.6500244140625,120719
2025-06-26 13:15:00,1024.5999755859375,1029.0,1022.3499755859376,1025.0999755859375,38962
2025-06-27 09:15:00,1024.949951171875,1030.0,997.2999877929688,1022.5999755859376,96212
2025-06-27 13:15:00,1022.5,1034.0,1016.75,1023.2999877929688,51348
2025-06-30 09:15:00,1015.9000244140624,1068.800048828125,1015.0,1036.050048828125,53943
2025-06-30 13:15:00,1036.25,1040.949951171875,1027.5,1028.5,40489
2025-07-01 09:15:00,1030.050048828125,1042.4000244140625,1013.0499877929688,1019.0,65627
2025-07-01 13:15:00,1018.5999755859376,1020.25,1006.75,1019.9500122070312,47747
2025-07-02 09:15:00,1021.2999877929688,1059.4000244140625,1020.4500122070312,1052.5,43420
2025-07-02 13:15:00,1052.5,1054.5,1037.949951171875,1054.5,50551
2025-07-03 09:15:00,1052.449951171875,1056.300048828125,1038.050048828125,1045.0,39174
2025-07-03 13:15:00,1045.800048828125,1047.5,1036.8499755859375,1040.0,19527
2025-07-04 09:15:00,1043.949951171875,1058.4000244140625,1029.1500244140625,1057.949951171875,57749
2025-07-04 13:15:00,1058.0,1060.5,1052.4000244140625,1054.699951171875,59622
2025-07-07 09:15:00,1050.5,1052.6500244140625,1022.0,1022.9500122070312,24568
2025-07-07 13:15:00,1022.9500122070312,1034.5999755859375,1020.0,1026.0,22372
2025-07-08 09:15:00,1034.4000244140625,1041.3499755859375,1002.5499877929688,1009.0,22060
2025-07-08 13:15:00,1009.75,1011.5,1004.0,1007.0,21185
2025-07-09 09:15:00,1015.5,1066.5,1015.0,1038.199951171875,197152
2025-07-09 13:15:00,1037.8499755859375,1044.9000244140625,1024.550048828125,1041.5,40306
2025-07-10 09:15:00,1040.949951171875,1048.300048828125,1025.5,1035.8499755859375,18690
2025-07-10 13:15:00,1035.8499755859375,1037.5,1029.050048828125,1036.3499755859375,21234
2025-07-11 09:15:00,1028.25,1039.5,1013.0,1022.3499755859376,26337
2025-07-11 13:15:00,1022.5499877929688,1035.0,1019.0,1020.5,20649
2025-07-14 09:15:00,1020.0499877929688,1033.949951171875,1009.0499877929688,1017.3499755859376,39290
2025-07-14 13:15:00,1017.2999877929688,1024.949951171875,1015.0999755859376,1017.75,10969
2025-07-15 09:15:00,1019.0499877929688,1027.0,1010.5,1021.5,46582
2025-07-15 13:15:00,1022.0499877929688,1024.5,1012.5999755859376,1017.5,17621
2025-07-16 09:15:00,1017.9500122070312,1022.5499877929688,1001.0,1005.0,29665
2025-07-16 13:15:00,1005.4500122070312,1005.4500122070312,995.5,999.8499755859376,18355
2025-07-17 09:15:00,1002.5,1009.0,957.5499877929688,966.5,117574
2025-07-17 13:15:00,965.8499755859376,971.75,913.3499755859376,960.0499877929688,358356
2025-07-18 09:15:00,964.25,979.5,955.4000244140624,976.2000122070312,61990
2025-07-18 13:15:00,976.2000122070312,976.2000122070312,957.5,958.5,36432
2025-07-21 09:15:00,955.7999877929688,961.0499877929688,933.5,938.5,36658
2025-07-21 13:15:00,938.2999877929688,938.5,908.0,911.25,173029
2025-07-22 09:15:00,911.2999877929688,911.2999877929688,895.0,897.0,39472
2025-07-22 13:15:00,897.0,903.7000122070312,892.5999755859375,892.8499755859375,56226
2025-07-23 09:15:00,895.4000244140625,907.5,877.8499755859375,888.0,111219
2025-07-23 13:15:00,888.0,888.5999755859375,882.5,888.5,40243
2025-07-24 09:15:00,893.3499755859375,899.8499755859375,881.0499877929688,881.9500122070312,65820
2025-07-24 13:15:00,882.5,889.0499877929688,875.5,877.7999877929688,19003
2025-07-25 09:15:00,875.0,886.75,868.4500122070312,871.4000244140625,52529
2025-07-25 13:15:00,871.5499877929688,876.5999755859375,860.7000122070312,866.5,34853
2025-07-28 09:15:00,865.25,871.5,832.2999877929688,840.3499755859375,64709
2025-07-28 13:15:00,840.0,841.7999877929688,830.5999755859375,834.7000122070312,49003
2025-07-29 09:15:00,833.4000244140625,873.7999877929688,831.1500244140625,863.5999755859375,64328
2025-07-29 13:15:00,863.25,870.0,859.0,867.0,29455
2025-07-30 09:15:00,865.7000122070312,870.2000122070312,851.9000244140625,853.5,47322
2025-07-30 13:15:00,853.5,867.9500122070312,852.5,855.0,20975
2025-07-31 09:15:00,850.0,862.5,841.0499877929688,858.2000122070312,28905
2025-07-31 13:15:00,858.2000122070312,873.25,853.6500244140625,853.8499755859375,46287
2025-08-01 09:15:00,856.6500244140625,865.9000244140625,850.1500244140625,857.7999877929688,32552
2025-08-01 13:15:00,857.7999877929688,858.0499877929688,829.1500244140625,832.5,54779
2025-08-04 09:15:00,835.75,865.4500122070312,832.5499877929688,864.6500244140625,35798
2025-08-04 13:15:00,865.2999877929688,877.5,861.4000244140625,877.5,75599
2025-08-05 09:15:00,877.75,903.4000244140624,868.5999755859375,896.0999755859375,140993
2025-08-05 13:15:00,896.0999755859375,913.0999755859376,893.3499755859375,910.5,79652
2025-08-06 09:15:00,907.5499877929688,915.75,888.0499877929688,889.25,25287
2025-08-06 13:15:00,889.25,895.2000122070312,885.5,888.7000122070312,19680
2025-08-07 09:15:00,888.7000122070312,888.9500122070312,858.4500122070312,863.8499755859375,55655
2025-08-07 13:15:00,863.7999877929688,887.1500244140625,862.5,884.0499877929688,41184
2025-08-08 09:15:00,903.5,911.0,880.5499877929688,884.3499755859375,41075
2025-08-08 13:15:00,884.4000244140625,886.8499755859375,867.9500122070312,870.3499755859375,49553
2025-08-11 09:15:00,874.75,912.5,872.0,894.75,69066
2025-08-11 13:15:00,894.8499755859375,912.0999755859376,894.8499755859375,910.0,69838
2025-08-12 09:15:00,908.0,908.7999877929688,849.2000122070312,850.7000122070312,96591
2025-08-12 13:15:00,850.0999755859375,860.2999877929688,847.0,856.5,79141
2025-08-13 09:15:00,854.2999877929688,854.4000244140625,834.2999877929688,837.4000244140625,78622
2025-08-13 13:15:00,838.0999755859375,848.5999755859375,837.0,845.5999755859375,36354
2025-08-14 09:15:00,844.7000122070312,855.0,809.2999877929688,811.4000244140625,100805
2025-08-14 13:15:00,811.4000244140625,813.5999755859375,797.0,810.0,101326
2025-08-18 09:15:00,807.0,892.2000122070312,807.0,883.2999877929688,435538
2025-08-18 13:15:00,883.2000122070312,908.0,878.9000244140625,894.0,414185
2025-08-19 09:15:00,891.5,891.9000244140625,860.2999877929688,861.0,130688
2025-08-19 13:15:00,861.0999755859375,863.0,855.0,861.2999877929688,74641
2025-08-20 09:15:00,862.0,876.4000244140625,855.5999755859375,863.7000122070312,87551
2025-08-20 13:15:00,863.7000122070312,870.0999755859375,858.2000122070312,865.2999877929688,74066
2025-08-21 09:15:00,867.0999755859375,887.9000244140625,860.0,863.7000122070312,68971
2025-08-21 13:15:00,864.0999755859375,866.0999755859375,855.0,857.4000244140625,27219
2025-08-22 09:15:00,853.9000244140625,869.0,851.0,858.2000122070312,50453
2025-08-22 13:15:00,858.2000122070312,864.0,850.0,850.5,44471
2025-08-25 09:15:00,849.0,852.0,821.0,821.2999877929688,32863
2025-08-25 13:15:00,821.5999755859375,829.9000244140625,817.2000122070312,822.2000122070312,43617
2025-08-26 09:15:00,826.0999755859375,841.9000244140625,811.7000122070312,830.0,119442
2025-08-26 13:15:00,830.0,836.2000122070312,810.9000244140625,816.2000122070312,309254
2025-08-28 09:15:00,819.7000122070312,831.0,806.2999877929688,823.0999755859375,43011
2025-08-28 13:15:00,822.7999877929688,827.0999755859375,811.9000244140625,811.9000244140625,59394
2025-08-29 09:15:00,816.2000122070312,829.0999755859375,807.2999877929688,815.0,29298
2025-08-29 13:15:00,815.0999755859375,821.7999877929688,810.0,817.0,50587
2025-09-01 09:15:00,817.0,822.0,810.7999877929688,814.7999877929688,18861
2025-09-01 13:15:00,814.7999877929688,820.0,813.0,814.5,29781
2025-09-02 09:15:00,824.9000244140625,849.75,820.0499877929688,829.8499755859375,62765
2025-09-02 13:15:00,829.75,829.75,820.0999755859375,820.5,40427
2025-09-03 09:15:00,829.3499755859375,857.0,827.0,844.9500122070312,257759
2025-09-03 13:15:00,843.7000122070312,860.4500122070312,840.0,855.5,99448
2025-09-04 09:15:00,858.25,872.0,838.6500244140625,846.25,117372
2025-09-04 13:15:00,844.3499755859375,873.25,839.3499755859375,848.0999755859375,140141
2025-09-05 09:15:00,850.5,853.5999755859375,825.2000122070312,826.0,62410
2025-09-05 13:15:00,826.0,832.9000244140625,819.9500122070312,824.0,41642
2025-09-08 09:15:00,825.0,828.5999755859375,815.75,824.5999755859375,11674
2025-09-08 13:15:00,824.1500244140625,827.4000244140625,818.0,821.4500122070312,22991
2025-09-09 09:15:00,820.0499877929688,829.3499755859375,800.0,820.9500122070312,413774
2025-09-09 13:15:00,821.5999755859375,829.5,814.0,827.0999755859375,54062
2025-09-10 09:15:00,838.5,878.0,836.5499877929688,861.7000122070312,364812
2025-09-10 13:15:00,861.5,863.0,855.0499877929688,858.5,61927
2025-09-11 09:15:00,858.0,858.0,833.0499877929688,833.0499877929688,108559
2025-09-11 13:15:00,834.0,837.3499755859375,828.9000244140625,832.4000244140625,52282
2025-09-12 09:15:00,837.4500122070312,842.4500122070312,830.0,837.2999877929688,67163
2025-09-12 13:15:00,837.4500122070312,847.5999755859375,836.4500122070312,838.75,61871
2025-09-15 09:15:00,839.0,845.2000122070312,827.7999877929688,839.8499755859375,36799
2025-09-15 13:15:00,840.2999877929688,845.25,836.5499877929688,838.25,44886
2025-09-16 09:15:00,840.0,840.6500244140625,829.8499755859375,838.0,66618
2025-09-16 13:15:00,838.0,840.9500122070312,836.0499877929688,838.5,36335
2025-09-17 09:15:00,835.8499755859375,844.25,825.4000244140625,843.5499877929688,162683
2025-09-17 13:15:00,842.7000122070312,844.25,837.4500122070312,841.2000122070312,60624
2025-09-18 09:15:00,840.9500122070312,850.9000244140625,838.0,845.2999877929688,52091
2025-09-18 13:15:00,845.0999755859375,846.7000122070312,839.0,842.0,46416
2025-09-19 09:15:00,842.7999877929688,877.0499877929688,839.0499877929688,872.0,211175
2025-09-19 13:15:00,872.5,876.0,864.0999755859375,870.0999755859375,139561
2025-09-22 09:15:00,871.75,893.7000122070312,865.2000122070312,874.5999755859375,31601
2025-09-22 13:15:00,874.0999755859375,879.9000244140625,868.0,875.9500122070312,58560
2025-09-23 09:15:00,866.0,899.5,864.8499755859375,891.0,167524
2025-09-23 13:15:00,891.0,894.2999877929688,878.0,883.2999877929688,47683
2025-09-24 09:15:00,884.0,888.0499877929688,866.5499877929688,877.0,81485
2025-09-24 13:15:00,877.0,879.0,872.0999755859375,874.0,38168
2025-09-25 09:15:00,869.9500122070312,873.0,861.2000122070312,862.5,28412
2025-09-25 13:15:00,862.0499877929688,866.4000244140625,848.4000244140625,856.0,56693
2025-09-26 09:15:00,847.6500244140625,858.2999877929688,832.0,848.0,38572
2025-09-26 13:15:00,847.0,847.9500122070312,835.0,836.2999877929688,37214
2025-09-29 09:15:00,845.5999755859375,865.1500244140625,832.25,838.0,33989
2025-09-29 13:15:00,837.9000244140625,846.25,828.0,831.5,28722
2025-09-30 09:15:00,837.9000244140625,859.9000244140625,835.0,851.1500244140625,32585
2025-09-30 13:15:00,851.0,860.2000122070312,850.1500244140625,858.2000122070312,42696
2025-10-01 09:15:00,858.7999877929688,873.3499755859375,849.5,871.7999877929688,25899
2025-10-01 13:15:00,872.5499877929688,876.0,864.9500122070312,864.9500122070312,66446
2025-10-03 09:15:00,870.0,915.0,868.0,904.75,289775
2025-10-03 13:15:00,904.0,932.9000244140624,899.6500244140625,926.0,235225
2025-10-06 09:15:00,930.0,933.2999877929688,902.2000122070312,910.2999877929688,105612
2025-10-06 13:15:00,909.9000244140624,917.4000244140624,895.4500122070312,904.0,135065
2025-10-07 09:15:00,911.6500244140624,915.0,891.3499755859375,910.0,88115
2025-10-07 13:15:00,911.2999877929688,925.6500244140624,896.5999755859375,901.25,83069
2025-10-08 09:15:00,902.0,918.0,898.2000122070312,904.5999755859376,51888
2025-10-08 13:15:00,904.25,905.6500244140624,892.5999755859375,896.7999877929688,50148
2025-10-09 09:15:00,899.0,919.7000122070312,896.7999877929688,912.1500244140624,56848
2025-10-09 13:15:00,912.0499877929688,945.0,910.25,929.4000244140624,238414
2025-10-10 09:15:00,932.0499877929688,939.0,918.7999877929688,935.1500244140624,53864
2025-10-10 13:15:00,935.0,939.7999877929688,934.9500122070312,939.7999877929688,70902
2025-10-13 09:15:00,943.2999877929688,1020.0,940.4500122070312,966.1500244140624,1920612
2025-10-13 13:15:00,967.0,969.3499755859376,953.0,960.0,228799
2025-10-14 09:15:00,964.9000244140624,983.0,957.0,960.0499877929688,87320
2025-10-14 13:15:00,960.0999755859376,969.5,944.5499877929688,948.9500122070312,129398
2025-10-15 09:15:00,950.9500122070312,969.6500244140624,940.5999755859376,960.4500122070312,86372
2025-10-15 13:15:00,960.4500122070312,973.5,960.0,966.5,101472
2025-10-16 09:15:00,979.0,1000.0,972.0,995.0,264754
2025-10-16 13:15:00,995.0,999.9500122070312,991.4000244140624,994.7999877929688,119076
2025-10-17 09:15:00,995.9000244140624,997.9000244140624,970.0999755859376,971.0499877929688,95338
2025-10-17 13:15:00,970.5,987.5,966.9000244140624,975.0,72044
2025-10-20 09:15:00,983.0,1002.6500244140624,976.5999755859376,996.5499877929688,76641
2025-10-20 13:15:00,996.3499755859376,1000.1500244140624,991.0,995.4500122070312,60713
2025-10-21 13:15:00,1010.0,1010.0,981.0999755859376,986.8499755859376,53234
2025-10-23 09:15:00,991.0,991.0,956.2000122070312,970.0499877929688,62511
2025-10-23 13:15:00,969.0499877929688,970.0,963.0,963.4000244140624,36251
2025-10-24 09:15:00,970.2999877929688,971.5499877929688,950.2000122070312,966.3499755859376,68555
2025-10-24 13:15:00,965.7999877929688,967.3499755859376,956.8499755859376,959.4500122070312,35019
2025-10-27 09:15:00,961.5999755859376,981.9000244140624,960.5499877929688,971.1500244140624,65984
2025-10-27 13:15:00,970.0999755859376,984.7999877929688,970.0999755859376,978.7000122070312,61546
2025-10-28 09:15:00,976.5999755859376,984.0,970.0999755859376,976.0,25379
2025-10-28 13:15:00,975.5,976.6500244140624,963.0,967.5999755859376,48277
2025-10-29 09:15:00,965.75,975.0,961.5499877929688,963.6500244140624,38426
2025-10-29 13:15:00,963.2000122070312,974.6500244140624,963.2000122070312,963.9500122070312,27943
2025-10-30 09:15:00,973.5,973.5,955.2000122070312,965.0,35500
2025-10-30 13:15:00,965.4000244140624,966.0,956.2999877929688,958.4000244140624,33475
2025-10-31 09:15:00,958.4000244140624,978.0999755859376,958.4000244140624,976.9000244140624,67143
2025-10-31 13:15:00,974.7999877929688,980.5,965.0,966.9000244140624,97608
2025-11-03 09:15:00,975.0,1024.9000244140625,972.3499755859376,1011.6500244140624,421471
2025-11-03 13:15:00,1011.1500244140624,1024.0,1010.0,1016.0,148998
2025-11-04 09:15:00,1027.0,1027.0,993.0999755859376,997.9500122070312,67740
2025-11-04 13:15:00,997.8499755859376,1020.0,996.0499877929688,1003.0,151397
2025-11-06 09:15:00,1016.25,1035.0,994.5,1005.7000122070312,246809
2025-11-06 13:15:00,1005.25,1010.5499877929688,981.0999755859376,987.0499877929688,99544
2025-11-07 09:15:00,986.0,997.6500244140624,977.0,993.7000122070312,68479
2025-11-07 13:15:00,993.75,1005.7999877929688,987.0999755859376,1004.9000244140624,83819
2025-11-10 09:15:00,1012.5499877929688,1029.0,987.4500122070312,996.0499877929688,68143
2025-11-10 13:15:00,997.0,1009.5,990.25,1003.75,67017
2025-11-11 09:15:00,1002.0,1008.0,992.7999877929688,1001.2999877929688,35905
2025-11-11 13:15:00,1001.5999755859376,1005.0,995.0,996.3499755859376,32468
2025-11-12 09:15:00,996.3499755859376,1018.0,994.2000122070312,1016.5499877929688,73602
2025-11-12 13:15:00,1015.9000244140624,1061.550048828125,1013.6500244140624,1048.0,480458
2025-11-13 09:15:00,1041.25,1063.9000244140625,1031.800048828125,1041.0,72107
2025-11-13 13:15:00,1041.050048828125,1065.0999755859375,1036.5,1043.050048828125,181029
2025-11-14 09:15:00,1037.6500244140625,1061.0,1033.0,1044.75,77444
2025-11-14 13:15:00,1043.5,1049.8499755859375,1034.050048828125,1035.0,70163
2025-11-17 09:15:00,1048.4000244140625,1134.0,1021.0,1114.050048828125,1139144
2025-11-17 13:15:00,1114.199951171875,1118.199951171875,1091.199951171875,1102.449951171875,283318
2025-11-18 09:15:00,1100.0,1110.8499755859375,1090.6500244140625,1094.0,48981
2025-11-18 13:15:00,1094.0,1097.75,1087.550048828125,1090.0,86978
2025-11-19 09:15:00,1095.4000244140625,1118.0,1085.0,1113.550048828125,148244
2025-11-19 13:15:00,1113.550048828125,1132.0,1111.75,1127.0,191434
2025-11-20 09:15:00,1128.0,1222.0,1128.0,1152.0,1629584
2025-11-20 13:15:00,1153.449951171875,1163.3499755859375,1145.0,1155.800048828125,267619
2025-11-21 09:15:00,1147.0,1156.0,1120.0999755859375,1136.8499755859375,183415
2025-11-21 13:15:00,1136.800048828125,1140.9000244140625,1120.0,1126.75,108675
2025-11-24 09:15:00,1135.0,1154.050048828125,1107.949951171875,1113.0,86359
2025-11-24 13:15:00,1113.0,1149.75,1098.550048828125,1135.050048828125,255886
2025-11-25 09:15:00,1137.9000244140625,1137.9000244140625,1099.75,1115.0999755859375,39075
2025-11-25 13:15:00,1116.050048828125,1118.449951171875,1100.8499755859375,1106.0999755859375,51279
2025-11-26 09:15:00,1103.199951171875,1113.550048828125,1076.0999755859375,1083.8499755859375,96009
2025-11-26 13:15:00,1083.9000244140625,1109.0,1083.0,1106.4000244140625,71002
2025-11-27 09:15:00,1108.0,1115.949951171875,1081.75,1083.050048828125,34966
2025-11-27 13:15:00,1082.0,1090.0,1076.3499755859375,1081.0,64306
2025-11-28 09:15:00,1078.050048828125,1093.0,1070.550048828125,1090.0,39132
2025-11-28 13:15:00,1091.550048828125,1100.0,1086.75,1089.0,49249
2025-12-01 09:15:00,1095.5,1097.9000244140625,1073.0,1074.0,30364
2025-12-01 13:15:00,1074.0,1089.9000244140625,1070.199951171875,1087.9000244140625,50906
2025-12-02 09:15:00,1080.0,1085.5,1067.0,1071.199951171875,31193
2025-12-02 13:15:00,1071.300048828125,1076.0999755859375,1061.800048828125,1068.4000244140625,47101
2025-12-03 09:15:00,1069.0,1074.5,1056.0,1073.0,45182
2025-12-03 13:15:00,1073.0,1092.5,1071.9000244140625,1084.5,61388
2025-12-04 09:15:00,1084.5,1118.0,1083.0,1096.300048828125,74665
2025-12-04 13:15:00,1096.300048828125,1103.699951171875,1081.199951171875,1090.5999755859375,80232
2025-12-05 09:15:00,1075.5,1089.5999755859375,1068.699951171875,1075.699951171875,109283
2025-12-05 13:15:00,1076.4000244140625,1077.5999755859375,1056.0,1062.4000244140625,65536
2025-12-08 09:15:00,1051.0,1063.699951171875,1036.0999755859375,1041.800048828125,133199
2025-12-08 13:15:00,1039.699951171875,1039.699951171875,1004.5999755859376,1015.0,138279
2025-12-09 09:15:00,1008.0,1040.800048828125,995.0,1038.300048828125,164246
2025-12-09 13:15:00,1038.699951171875,1063.699951171875,1010.2000122070312,1055.5,132750
2025-12-10 09:15:00,1043.0999755859375,1075.0,1035.5999755859375,1063.699951171875,23806
2025-12-10 13:15:00,1063.800048828125,1066.699951171875,1057.0,1060.300048828125,41246
2025-12-11 09:15:00,1060.0,1086.9000244140625,1054.0,1081.800048828125,41953
2025-12-11 13:15:00,1081.5999755859375,1086.5999755859375,1072.0,1077.0999755859375,32728
2025-12-12 09:15:00,1078.0,1088.9000244140625,1065.800048828125,1065.9000244140625,21847
2025-12-12 13:15:00,1067.300048828125,1075.9000244140625,1056.9000244140625,1067.0,37557
2025-12-15 09:15:00,1063.5,1074.5,1060.9000244140625,1066.800048828125,14491
2025-12-15 13:15:00,1067.0999755859375,1078.699951171875,1060.5,1067.800048828125,30372
2025-12-16 09:15:00,1065.0,1083.199951171875,1061.5,1078.800048828125,22688
2025-12-16 13:15:00,1078.0,1079.9000244140625,1063.0,1064.699951171875,27002
2025-12-17 09:15:00,1072.0,1072.0,1055.0,1062.0999755859375,22267
2025-12-17 13:15:00,1060.9000244140625,1064.699951171875,1058.9000244140625,1060.9000244140625,37569
2025-12-18 09:15:00,1057.0,1057.0,1038.9000244140625,1043.800048828125,27974
2025-12-18 13:15:00,1044.300048828125,1045.199951171875,1036.4000244140625,1039.0999755859375,26854
2025-12-19 09:15:00,1036.0,1057.699951171875,1036.0,1051.0,20969
2025-12-19 13:15:00,1051.0,1069.0,1051.0,1068.0,20879
2025-12-22 09:15:00,1063.9000244140625,1077.0,1059.9000244140625,1067.0,9167
2025-12-22 13:15:00,1067.9000244140625,1077.300048828125,1063.199951171875,1070.4000244140625,26580
2025-12-23 09:15:00,1071.0,1075.0,1061.800048828125,1067.4000244140625,13320
2025-12-23 13:15:00,1067.199951171875,1072.199951171875,1063.0,1069.699951171875,21808
2025-12-24 09:15:00,1068.0999755859375,1074.0,1055.199951171875,1056.9000244140625,14267
2025-12-24 13:15:00,1054.9000244140625,1058.300048828125,1045.0,1051.300048828125,26719
2025-12-26 09:15:00,1050.0,1051.199951171875,1036.4000244140625,1040.0999755859375,16505
2025-12-26 13:15:00,1041.0,1041.0,1022.7000122070312,1031.0,49100
2025-12-29 09:15:00,1022.7000122070312,1026.199951171875,998.0,1016.7999877929688,60448
2025-12-29 13:15:00,1017.5,1018.5,1006.5,1008.0999755859376,36995
2025-12-30 09:15:00,1014.0,1014.0,998.0999755859376,1000.0,31412
2025-12-30 13:15:00,1000.0999755859376,1010.9000244140624,999.5999755859376,1006.7999877929688,44046
2025-12-31 09:15:00,1007.5999755859376,1026.800048828125,1003.5,1017.7999877929688,45634
2025-12-31 13:15:00,1018.2000122070312,1033.199951171875,1010.0,1020.0,59614
2026-01-01 09:15:00,1011.2000122070312,1025.0,1000.0,1013.0999755859376,46367
2026-01-01 13:15:00,1013.0999755859376,1014.0,1005.2000122070312,1012.0,32555
2026-01-02 09:15:00,1015.0,1018.2999877929688,996.0,996.2000122070312,56395
2026-01-02 13:15:00,996.2000122070312,1020.0,987.0,1004.0,107441
2026-01-05 09:15:00,1005.0,1020.0,999.7999877929688,1004.5,47325
2026-01-05 13:15:00,1004.2000122070312,1010.0,999.5,1007.0,59306
2026-01-06 09:15:00,1009.2000122070312,1009.2000122070312,989.0,991.0,28490
2026-01-06 13:15:00,991.0,1003.0,985.2000122070312,1000.2999877929688,35575
2026-01-07 09:15:00,1002.5999755859376,1022.0,999.0,1000.5,10547
2026-01-07 13:15:00,1000.7000122070312,1004.4000244140624,997.0999755859376,1001.0,21055
2026-01-08 09:15:00,1001.9000244140624,1002.5999755859376,975.9000244140624,989.0,32568
2026-01-08 13:15:00,989.0,993.5999755859376,978.0,984.0,29882
2026-01-09 09:15:00,983.7000122070312,990.0,961.5,965.7000122070312,34840
2026-01-09 13:15:00,964.7999877929688,967.7000122070312,948.5,953.5,48645
2026-01-12 09:15:00,941.0,980.0,940.4000244140624,973.4000244140624,53789
2026-01-12 13:15:00,973.5999755859376,974.7999877929688,960.0999755859376,963.5999755859376,24948
2026-01-13 09:15:00,969.2999877929688,983.2000122070312,962.5,965.4000244140624,16250
2026-01-13 13:15:00,965.4000244140624,968.5,959.5999755859376,959.5999755859376,40035
2026-01-14 09:15:00,964.9000244140624,967.7000122070312,955.4000244140624,967.4000244140624,17881
2026-01-14 13:15:00,966.7000122070312,969.9000244140624,957.0999755859376,957.0999755859376,33444
2026-01-16 09:15:00,960.0,967.5,936.9000244140624,942.9000244140624,26878
2026-01-16 13:15:00,942.9000244140624,942.9000244140624,931.7999877929688,935.0,22073
2026-01-19 09:15:00,931.0,935.5,901.0,923.7999877929688,55521
2026-01-19 13:15:00,923.7999877929688,924.7999877929688,918.0,919.7000122070312,64950
2026-01-20 09:15:00,919.7000122070312,927.7000122070312,896.4000244140625,896.5999755859375,31697
2026-01-20 13:15:00,897.5,899.7000122070312,868.0,875.5,105463
2026-01-21 09:15:00,874.0,879.9000244140625,829.2999877929688,868.7000122070312,208283
2026-01-21 13:15:00,868.5999755859375,870.0,840.0999755859375,843.7999877929688,88764
2026-01-22 09:15:00,850.0999755859375,872.0999755859375,843.7999877929688,848.5,23848
2026-01-22 13:15:00,848.5999755859375,853.9000244140625,845.0,848.5,25907
2026-01-23 09:15:00,856.2000122070312,856.2000122070312,816.2999877929688,816.2999877929688,35676
2026-01-23 13:15:00,816.7000122070312,820.2000122070312,805.2000122070312,809.9000244140625,63611
2026-01-27 09:15:00,812.7000122070312,818.0,794.0,805.5,33365
2026-01-27 13:15:00,805.5999755859375,819.7999877929688,795.7999877929688,819.7999877929688,29966
2026-01-28 09:15:00,813.5,844.2999877929688,811.5,843.2000122070312,93845
2026-01-28 13:15:00,841.5999755859375,853.5,837.5999755859375,845.0,64162
2026-01-29 09:15:00,849.0,874.0999755859375,838.2999877929688,867.5999755859375,52359
2026-01-29 13:15:00,863.7000122070312,867.7999877929688,853.5999755859375,859.5999755859375,36021
2026-01-30 09:15:00,853.5999755859375,895.0,838.5999755859375,868.9000244140625,105052
2026-01-30 13:15:00,869.4000244140625,882.9000244140625,859.5999755859375,882.9000244140625,45789
2026-02-02 13:15:00,864.5,864.5,864.5,864.5,0
2026-02-03 09:15:00,890.9500122070312,898.25,864.7000122070312,868.0999755859375,75491
2026-02-03 13:15:00,869.5499877929688,880.0,868.7000122070312,875.4500122070312,26125
2026-02-04 09:15:00,869.9000244140625,890.3499755859375,864.75,882.5999755859375,13304
2026-02-04 13:15:00,883.5,910.0,882.5999755859375,905.4000244140624,55715
2026-02-05 09:15:00,910.0,910.5,887.0,892.5999755859375,15787
2026-02-05 13:15:00,893.7999877929688,897.6500244140625,888.4000244140625,890.0499877929688,16988
2026-02-06 09:15:00,885.0,892.0,863.2000122070312,885.0,47727
2026-02-06 13:15:00,885.9500122070312,894.0,884.5499877929688,890.0,25739
2026-02-09 09:15:00,899.0,949.0,891.1500244140625,946.1500244140624,60746
2026-02-09 13:15:00,946.0,972.5,943.3499755859376,964.75,111392
2026-02-10 09:15:00,968.7999877929688,1003.6500244140624,968.0,981.2000122070312,61373
2026-02-10 13:15:00,981.2000122070312,996.0,975.5999755859376,990.6500244140624,68628
2026-02-11 09:15:00,990.0,990.0,955.8499755859376,968.5999755859376,59626
2026-02-11 13:15:00,968.2999877929688,976.0,963.7999877929688,967.2999877929688,20022
2026-02-12 09:15:00,959.4000244140624,963.7999877929688,951.0,956.1500244140624,21508
2026-02-12 13:15:00,957.25,959.7999877929688,950.0999755859376,952.7999877929688,16934
2026-02-13 09:15:00,949.9500122070312,975.2999877929688,942.0,966.8499755859376,38145
2026-02-13 13:15:00,968.0,969.7999877929688,943.7000122070312,952.7000122070312,47818
2026-02-16 09:15:00,950.0,954.7999877929688,938.0,941.6500244140624,16670
2026-02-16 13:15:00,942.2999877929688,942.2999877929688,932.5,935.9500122070312,14068
2026-02-17 09:15:00,936.0999755859376,984.2000122070312,932.5,968.5,71870
2026-02-17 13:15:00,968.4500122070312,970.7000122070312,955.3499755859376,958.0,31655
2026-02-18 09:15:00,963.7999877929688,972.0,953.0,961.0499877929688,13729
2026-02-18 13:15:00,961.6500244140624,965.4500122070312,958.1500244140624,961.0,21125
2026-02-19 09:15:00,959.8499755859376,965.0499877929688,946.7999877929688,950.1500244140624,12632
2026-02-19 13:15:00,950.9000244140624,952.0,931.0,941.1500244140624,32073
2026-02-20 09:15:00,940.9500122070312,948.4500122070312,931.4000244140624,939.8499755859376,11532
2026-02-20 13:15:00,940.7999877929688,950.0,939.0,946.5999755859376,13200
2026-02-23 09:15:00,938.5499877929688,953.7000122070312,937.5999755859376,942.0999755859376,17599
2026-02-23 13:15:00,942.0,944.5499877929688,937.0499877929688,939.8499755859376,18303
2026-02-24 09:15:00,935.0,938.0,921.7999877929688,925.75,11320
2026-02-24 13:15:00,925.5,930.5,921.7999877929688,928.7999877929688,15129
2026-02-25 09:15:00,938.0,942.5499877929688,924.2000122070312,926.2999877929688,11746
2026-02-25 13:15:00,927.0999755859376,932.0,921.5,928.5,16516
2026-02-26 09:15:00,929.0,936.8499755859376,912.0499877929688,918.0,19880
2026-02-26 13:15:00,917.3499755859376,929.0,914.5999755859376,925.1500244140624,19333
2026-02-27 09:15:00,925.1500244140624,959.0,916.25,955.0999755859376,73434
2026-02-27 13:15:00,955.2000122070312,974.0,951.0,957.6500244140624,103326
2026-03-02 09:15:00,930.0499877929688,939.5,908.6500244140624,913.1500244140624,36949
2026-03-02 13:15:00,912.1500244140624,913.7000122070312,890.0,896.8499755859375,58395
2026-03-04 09:15:00,882.2000122070312,896.0,859.75,860.0,47107
2026-03-04 13:15:00,860.0,868.2000122070312,851.0,855.5999755859375,66870
2026-03-05 09:15:00,859.9500122070312,884.0,838.0499877929688,842.5499877929688,61938
2026-03-05 13:15:00,842.5499877929688,865.0,833.5,849.7999877929688,77020
2026-03-06 09:15:00,855.0,869.9500122070312,853.2999877929688,857.1500244140625,26919
2026-03-06 13:15:00,856.4000244140625,864.0499877929688,841.6500244140625,849.0,39103
2026-03-09 09:15:00,820.0,841.4000244140625,813.0,835.0999755859375,47587
2026-03-09 13:15:00,834.2999877929688,857.2999877929688,832.5499877929688,842.0999755859375,44730
2026-03-10 09:15:00,865.9000244140625,867.0,847.2000122070312,858.8499755859375,28201
2026-03-10 13:15:00,858.5,870.0,856.2000122070312,864.1500244140625,28687
2026-03-11 09:15:00,868.0,888.4000244140625,865.0,865.0,16511
2026-03-11 13:15:00,864.9000244140625,872.5499877929688,863.5999755859375,868.2000122070312,20098
2026-03-12 09:15:00,865.0,875.25,847.3499755859375,872.6500244140625,14452
2026-03-12 13:15:00,872.3499755859375,884.7999877929688,872.3499755859375,880.25,38874
2026-03-13 09:15:00,884.6500244140625,884.6500244140625,850.0,856.25,33167
2026-03-13 13:15:00,856.2999877929688,857.6500244140625,850.0,854.5999755859375,34764
2026-03-16 09:15:00,845.0499877929688,883.0,839.0,864.7000122070312,131570
2026-03-16 13:15:00,862.4000244140625,866.9500122070312,850.0,857.9000244140625,32421
2026-03-17 09:15:00,858.5499877929688,866.9500122070312,855.0,856.0999755859375,13576
2026-03-17 13:15:00,856.4500122070312,864.0,850.0,853.0,31832
2026-03-18 09:15:00,860.4000244140625,898.0499877929688,859.4000244140625,893.9000244140625,60800
2026-03-18 13:15:00,893.9000244140625,895.0,874.0,877.2999877929688,47538
2026-03-19 09:15:00,877.2999877929688,889.0,862.0,883.9000244140625,31474
2026-03-19 13:15:00,885.25,906.2000122070312,866.0499877929688,870.0,95958
2026-03-20 09:15:00,878.0,894.4000244140625,871.0,874.9000244140625,60739
2026-03-20 13:15:00,875.75,882.9500122070312,870.6500244140625,882.7999877929688,39331
2026-03-23 09:15:00,876.25,876.25,824.2000122070312,825.5,45662
2026-03-23 13:15:00,825.5499877929688,833.3499755859375,811.0,816.6500244140625,43927
2026-03-24 09:15:00,832.1500244140625,856.9500122070312,819.5499877929688,852.25,87839
2026-03-24 13:15:00,853.0,854.25,845.3499755859375,848.5499877929688,49902
2026-03-25 09:15:00,860.0,909.5,857.0,896.0999755859375,82753
2026-03-25 13:15:00,896.5,897.5,885.0999755859375,889.2999877929688,48703
2026-03-27 09:15:00,899.0,904.1500244140624,870.8499755859375,900.0499877929688,51806
2026-03-27 13:15:00,900.0499877929688,901.3499755859376,877.0999755859375,878.5,118959
2026-03-30 09:15:00,873.0499877929688,882.25,858.2999877929688,877.5,63759
2026-03-30 13:15:00,877.1500244140625,880.4000244140625,840.9000244140625,844.0,72612
2026-04-01 09:15:00,874.4000244140625,890.5,867.9000244140625,886.75,32017
2026-04-01 13:15:00,886.9500122070312,886.9500122070312,876.2000122070312,885.0,16857
2026-04-02 09:15:00,861.0,896.0,851.25,889.9000244140625,47497
2026-04-02 13:15:00,891.25,905.0,887.4000244140625,897.5,71967
2026-04-06 09:15:00,906.9500122070312,909.9500122070312,881.2999877929688,896.2999877929688,28478
2026-04-06 13:15:00,897.0,905.7000122070312,893.6500244140625,901.0,31252
2026-04-07 09:15:00,902.2999877929688,907.5,892.7000122070312,899.6500244140625,42222
2026-04-07 13:15:00,899.5999755859375,903.6500244140624,892.2000122070312,895.6500244140625,54748
2026-04-08 09:15:00,929.9500122070312,929.9500122070312,904.25,919.0,50990
2026-04-08 13:15:00,919.0,922.0499877929688,913.3499755859376,915.0,40270
2026-04-09 09:15:00,916.0,920.0,898.0,911.0999755859376,35765
2026-04-09 13:15:00,911.2000122070312,911.2000122070312,898.0,901.7000122070312,24729
2026-04-10 09:15:00,912.5,934.0,906.25,928.9500122070312,35939
2026-04-10 13:15:00,928.9500122070312,930.0,921.4500122070312,926.1500244140624,43978
2026-04-13 09:15:00,921.5,943.0,901.9000244140624,922.9500122070312,46100
2026-04-13 13:15:00,922.9500122070312,935.0,920.5499877929688,924.6500244140624,37009
2026-04-15 09:15:00,934.5999755859376,940.0,930.0999755859376,938.8499755859376,28399
2026-04-15 13:15:00,939.0,941.9500122070312,932.2000122070312,935.8499755859376,19912
2026-04-16 09:15:00,945.0,949.4000244140624,930.0,936.5499877929688,43044
2026-04-16 13:15:00,937.6500244140624,968.8499755859376,935.7999877929688,964.25,85319
2026-04-17 09:15:00,969.0499877929688,993.75,969.0499877929688,984.0999755859376,59419
2026-04-17 13:15:00,984.1500244140624,985.0,969.75,974.0999755859376,49342
2026-04-20 09:15:00,981.0,989.0,966.1500244140624,976.7000122070312,0
2026-04-20 13:15:00,974.0999755859376,974.0999755859376,952.5499877929688,959.0,57172
2026-04-21 09:15:00,966.0,975.0,959.0,964.25,18844
2026-04-21 13:15:00,965.0,969.0,958.0,965.0,18777
2026-04-22 09:15:00,961.8499755859376,987.0,961.8499755859376,983.0499877929688,24812
2026-04-22 13:15:00,982.75,985.0,972.5999755859376,974.0,44613
2026-04-23 09:15:00,987.0,995.0,977.0,988.6500244140624,36909
2026-04-23 13:15:00,987.5,988.8499755859376,966.0,971.6500244140624,57657
2026-04-24 09:15:00,979.0,981.2999877929688,952.5499877929688,952.5499877929688,14638
2026-04-24 13:15:00,953.2999877929688,970.8499755859376,950.0999755859376,963.25,28096
2026-04-27 09:15:00,962.5999755859376,983.4000244140624,960.0,972.5999755859376,26201
2026-04-27 13:15:00,972.9000244140624,974.5499877929688,967.75,970.0499877929688,21002
2026-04-28 09:15:00,971.0,976.8499755859376,957.0,963.0,26356
2026-04-28 13:15:00,963.3499755859376,965.0,956.5999755859376,964.0,32078
2026-04-29 09:15:00,968.0,988.0,962.1500244140624,986.9500122070312,52235
2026-04-29 13:15:00,986.7999877929688,1039.0,982.4500122070312,1036.050048828125,405769
2026-04-30 09:15:00,1035.949951171875,1058.5,1013.7000122070312,1048.0,139476
2026-04-30 13:15:00,1048.0,1056.0,1040.5,1042.050048828125,97918
2026-05-04 09:15:00,1048.9000244140625,1075.5999755859375,1034.9000244140625,1038.300048828125,61834
2026-05-04 13:15:00,1036.800048828125,1042.0,1031.0,1037.9000244140625,41051
2026-05-05 09:15:00,1040.199951171875,1052.0,1021.7000122070312,1040.199951171875,62610
2026-05-05 13:15:00,1040.0999755859375,1041.0999755859375,1030.199951171875,1035.0,39173
2026-05-06 09:15:00,1035.0999755859375,1112.4000244140625,1031.699951171875,1090.300048828125,306097
2026-05-06 13:15:00,1090.300048828125,1100.800048828125,1080.0,1083.199951171875,142313
2026-05-07 09:15:00,1095.0,1124.9000244140625,1092.9000244140625,1120.800048828125,58982
2026-05-07 13:15:00,1120.0999755859375,1147.699951171875,1117.0,1146.0,131046
2026-05-08 09:15:00,1147.699951171875,1175.0,1134.9000244140625,1139.0999755859375,128354
2026-05-08 13:15:00,1140.199951171875,1160.0,1127.0,1155.9000244140625,66586
2026-05-11 09:15:00,1140.0,1142.0,1116.0,1128.0999755859375,34251
2026-05-11 13:15:00,1129.5999755859375,1131.0,1108.5,1110.800048828125,20753
2026-05-12 09:15:00,1105.0,1122.300048828125,1064.0,1065.5,124665
2026-05-12 13:15:00,1067.0,1071.0,1045.0999755859375,1051.5,65491
2026-05-13 09:15:00,1051.5,1098.5,1051.5,1092.0999755859375,46652
2026-05-13 13:15:00,1092.199951171875,1113.199951171875,1075.699951171875,1097.5999755859375,109552
2026-05-14 09:15:00,1110.0,1122.0,1054.800048828125,1089.0,80021
2026-05-14 13:15:00,1088.699951171875,1095.0,1079.4000244140625,1081.0,40296
2026-05-15 09:15:00,1047.9000244140625,1057.9000244140625,1020.0999755859376,1021.2999877929688,46006
2026-05-15 13:15:00,1021.2999877929688,1023.9000244140624,1007.0,1019.2999877929688,78789
2026-05-18 09:15:00,999.5999755859376,1011.7999877929688,970.5,1001.7999877929688,69761
2026-05-18 13:15:00,1001.0,1011.7999877929688,998.0,1008.7000122070312,38629
2026-05-19 09:15:00,1010.0,1018.0,994.5999755859376,998.7999877929688,17030
2026-05-19 13:15:00,999.9000244140624,1003.5,995.5,998.2000122070312,25102
2026-05-20 09:15:00,998.2000122070312,1003.7999877929688,985.0999755859376,994.0,14873
2026-05-20 13:15:00,994.0,996.0,988.0,993.2000122070312,17206
2026-05-21 09:15:00,1003.0,1038.300048828125,1003.0,1007.9000244140624,20776
2026-05-21 13:15:00,1007.7999877929688,1009.0,991.9000244140624,1000.0,25802
2026-05-22 09:15:00,1006.0,1006.7999877929688,991.5999755859376,996.7999877929688,11857
2026-05-22 13:15:00,1000.0,1004.0,982.2000122070312,985.0,35207
2026-05-25 09:15:00,1000.0,1019.0,991.2000122070312,1009.4000244140624,14019
2026-05-25 13:15:00,1007.7999877929688,1015.0,1004.0,1004.0,14956
2026-05-26 09:15:00,1010.0,1018.5999755859376,1001.2999877929688,1005.5999755859376,19125
2026-05-26 13:15:00,1006.7999877929688,1009.5,1004.0999755859376,1007.2999877929688,13338
2026-05-27 09:15:00,1006.0,1009.0999755859376,994.0999755859376,996.5,14806
2026-05-27 13:15:00,997.5999755859376,1005.0,994.7999877929688,1002.0,18516
2026-05-29 09:15:00,1005.2000122070312,1006.9000244140624,971.5,973.7999877929688,36326
2026-05-29 13:15:00,974.0,979.9000244140624,970.0,975.0,39334
2026-06-01 09:15:00,984.9000244140624,1012.0,972.5,1008.0,43756
2026-06-01 13:15:00,1008.0,1010.2999877929688,990.0999755859376,996.1500244140624,31606
2026-06-02 09:15:00,981.2000122070312,994.4000244140624,964.2000122070312,977.4500122070312,32537
2026-06-02 13:15:00,977.4500122070312,986.3499755859376,974.2000122070312,983.0,30798
2026-06-03 09:15:00,980.0,1003.2000122070312,973.4000244140624,992.75,31258
2026-06-03 13:15:00,992.5499877929688,994.5,981.1500244140624,986.5,14547
2026-06-04 09:15:00,980.0,993.25,980.0,982.0999755859376,12023
2026-06-04 13:15:00,982.0,995.0,976.2000122070312,976.2000122070312,24161
2026-06-05 09:15:00,985.0,992.8499755859376,978.2000122070312,983.2000122070312,45455
2026-06-05 13:15:00,983.5,984.5,976.5,978.4000244140624,9699
2026-06-08 09:15:00,968.5999755859376,981.5,963.3499755859376,981.0,13821
2026-06-08 13:15:00,979.5999755859376,984.0,975.0,975.0499877929688,19246
2026-06-09 09:15:00,992.2999877929688,992.2999877929688,976.5999755859376,981.9000244140624,11069
2026-06-09 13:15:00,980.5,983.0,975.0499877929688,978.0499877929688,23120
2026-06-10 09:15:00,976.0,987.4000244140624,963.4000244140624,971.7999877929688,17901
2026-06-10 13:15:00,971.7999877929688,973.9500122070312,953.0999755859376,961.4000244140624,38653
2026-06-11 09:15:00,960.0,963.9000244140624,945.2000122070312,950.5,17827
2026-06-11 13:15:00,950.75,950.75,940.5,944.7000122070312,15800
2026-06-12 09:15:00,960.0,964.4500122070312,950.7999877929688,958.0999755859376,9367
2026-06-12 13:15:00,957.9500122070312,991.0,956.6500244140624,985.0,52866
2026-06-15 09:15:00,1010.0,1013.7999877929688,990.0,990.0,20267
2026-06-15 13:15:00,991.0,998.0,974.0999755859376,978.9000244140624,40958
2026-06-16 09:15:00,980.0,989.0,966.0,968.0,22008
2026-06-16 13:15:00,968.0,978.9000244140624,967.0,974.4000244140624,22441
2026-06-17 09:15:00,974.4000244140624,979.9500122070312,963.6500244140624,965.0,14482
2026-06-17 13:15:00,964.1500244140624,974.4500122070312,960.0,967.9500122070312,37208
2026-06-18 09:15:00,972.2999877929688,976.7999877929688,958.2000122070312,962.9000244140624,11014
2026-06-18 13:15:00,962.5,968.3499755859376,961.8499755859376,963.7000122070312,17103
2026-06-19 09:15:00,963.7000122070312,970.9000244140624,958.0,958.8499755859376,21978
2026-06-19 13:15:00,959.7000122070312,962.1500244140624,951.7999877929688,957.75,16066
2026-06-22 09:15:00,960.0,974.4000244140624,959.0,960.0,17675
2026-06-22 13:15:00,959.4000244140624,960.4000244140624,955.0,956.0,21581
2026-06-23 09:15:00,972.9000244140624,972.9000244140624,940.2000122070312,941.0,23651
2026-06-23 13:15:00,941.3499755859376,943.5999755859376,932.0,938.0,20005
2026-06-24 09:15:00,934.6500244140624,940.7000122070312,916.3499755859376,938.7999877929688,21581
2026-06-24 13:15:00,940.0,955.0,937.4000244140624,946.0499877929688,26025
2026-06-25 09:15:00,951.0,955.0,944.0,945.0,13530
2026-06-25 13:15:00,944.5999755859376,960.0,944.0,955.4500122070312,26945
2026-06-29 09:15:00,958.3499755859376,1000.9500122070312,950.6500244140624,977.2999877929688,100471
2026-06-29 13:15:00,976.3499755859376,983.7999877929688,973.0499877929688,980.4000244140624,25394
2026-06-30 09:15:00,998.0,1002.0,986.2000122070312,994.5999755859376,21564
2026-06-30 13:15:00,993.25,996.0,984.0,986.3499755859376,23848
2026-07-01 09:15:00,997.0,1008.5999755859376,987.1500244140624,1001.0,80728
2026-07-01 13:15:00,1002.2000122070312,1039.699951171875,1000.0999755859376,1037.0,173511
2026-07-02 09:15:00,1038.550048828125,1054.699951171875,1022.4500122070312,1039.0,92088
2026-07-02 13:15:00,1042.949951171875,1083.3499755859375,1039.199951171875,1073.0,196762
2026-07-03 09:15:00,1076.0,1076.050048828125,1015.1500244140624,1054.0,113681
2026-07-03 13:15:00,1053.6500244140625,1081.9000244140625,1047.0,1081.9000244140625,152132
2026-07-06 09:15:00,1091.9000244140625,1106.3499755859375,1056.0999755859375,1060.6500244140625,51303
2026-07-06 13:15:00,1060.550048828125,1085.0,1057.0,1085.0,62604
2026-07-07 09:15:00,1085.0,1085.0,1063.25,1074.25,33355
2026-07-07 13:15:00,1075.5,1087.0,1062.0,1078.0,40860
2026-07-08 09:15:00,1064.0,1074.949951171875,1054.1500244140625,1067.199951171875,32110
2026-07-08 13:15:00,1067.1500244140625,1068.1500244140625,1031.0,1037.949951171875,54656
2026-07-09 09:15:00,1040.0,1077.699951171875,1037.0,1059.8499755859375,33711
2026-07-09 13:15:00,1059.8499755859375,1062.75,1038.199951171875,1042.699951171875,74905
2026-07-10 09:15:00,1057.0,1076.050048828125,1043.949951171875,1065.0,44425
2026-07-10 13:15:00,1065.949951171875,1072.449951171875,1052.25,1067.75,41301
2026-07-13 09:15:00,1060.0999755859375,1097.949951171875,1060.0999755859375,1084.5999755859375,64079
2026-07-13 13:15:00,1084.5999755859375,1099.949951171875,1080.5999755859375,1088.199951171875,70962
2026-07-14 09:15:00,1088.199951171875,1115.449951171875,1072.0,1099.550048828125,81192
2026-07-14 13:15:00,1099.050048828125,1109.0,1095.0,1100.0,63336
2026-07-15 09:15:00,1112.0,1169.550048828125,1100.0,1148.0,612564
2026-07-15 13:15:00,1148.8499755859375,1153.199951171875,1132.0,1132.199951171875,96047
2026-07-16 09:15:00,1140.0,1169.75,1134.5,1159.5999755859375,140466
2026-07-16 13:15:00,1159.699951171875,1164.5999755859375,1151.0,1155.800048828125,69719
2026-07-17 09:15:00,1162.3499755859375,1188.9000244140625,1132.0,1180.300048828125,254854
2026-07-17 13:15:00,1180.25,1188.0,1153.0999755859375,1155.0,128729
2026-07-20 09:15:00,1175.0,1192.699951171875,1143.699951171875,1149.300048828125,45473
2026-07-20 13:15:00,1150.199951171875,1151.5,1138.9000244140625,1143.199951171875,45745
2026-07-21 09:15:00,1150.0,1172.050048828125,1148.0999755859375,1160.0,54110
2026-07-21 13:15:00,1160.6500244140625,1163.0,1150.699951171875,1151.8499755859375,29366
2026-07-22 09:15:00,1158.0999755859375,1158.5,1130.050048828125,1135.0,27205
2026-07-22 13:15:00,1133.300048828125,1144.0,1132.050048828125,1140.550048828125,39658
2026-07-23 09:15:00,1135.550048828125,1174.0,1134.949951171875,1167.5,88765
2026-07-23 13:15:00,1167.449951171875,1177.0,1163.25,1173.0999755859375,81492
2026-07-24 09:15:00,1162.0999755859375,1175.050048828125,1142.4000244140625,1153.0,27275
2026-07-24 13:15:00,1153.800048828125,1161.0,1151.050048828125,1159.0,28093
2026-07-27 09:15:00,1172.800048828125,1198.800048828125,1160.699951171875,1187.699951171875,101269
2026-07-27 13:15:00,1187.300048828125,1188.699951171875,1182.0,1184.449951171875,37484
2026-07-28 09:15:00,1190.3499755859375,1191.050048828125,1152.0999755859375,1158.0,25611
2026-07-28 13:15:00,1158.199951171875,1162.5,1140.050048828125,1140.050048828125,29012
2026-07-29 09:15:00,1150.0,1159.9000244140625,1141.050048828125,1148.1500244140625,17897
2026-07-29 13:15:00,1146.8499755859375,1150.949951171875,1140.5999755859375,1143.949951171875,30781
2026-07-30 09:15:00,1145.0,1164.4000244140625,1121.3499755859375,1142.550048828125,26997
2026-07-30 13:15:00,1141.300048828125,1142.300048828125,1121.0,1121.0999755859375,44895
2026-07-31 09:15:00,1126.1500244140625,1160.0,1123.0,1149.1500244140625,34143
2026-07-31 13:15:00,1149.1500244140625,1152.0,1142.300048828125,1148.0,20395
2026-08-03 09:15:00,1156.699951171875,1163.5,1147.0,1156.300048828125,53132
2026-08-03 13:15:00,1156.4000244140625,1159.800048828125,1140.0,1140.0,36959
2026-08-04 09:15:00,1140.0,1184.5,1138.4000244140625,1172.9000244140625,116907
2026-08-04 13:15:00,1172.4000244140625,1176.0,1161.0999755859375,1164.0999755859375,36742
2026-08-05 09:15:00,1180.800048828125,1180.800048828125,1145.0999755859375,1148.4000244140625,25688
2026-08-05 13:15:00,1147.5,1160.800048828125,1145.0,1155.300048828125,46867
2026-08-06 09:15:00,1150.0999755859375,1163.199951171875,1150.0999755859375,1151.0999755859375,32631
2026-08-06 13:15:00,1151.199951171875,1154.699951171875,1148.0999755859375,1151.0,13435
2026-08-07 09:15:00,1150.0999755859375,1159.300048828125,1145.5,1146.199951171875,25898
2026-08-07 13:15:00,1146.9000244140625,1150.199951171875,1140.0,1143.5999755859375,19104
