Datetime,Open,High,Low,Close,Volume
2023-08-28 09:15:00,325.0,328.0,324.0,327.3500061035156,157862
2023-08-28 13:15:00,327.45001220703125,327.5,325.5,327.1000061035156,399731
2023-08-29 09:15:00,328.54998779296875,330.45001220703125,327.20001220703125,327.6499938964844,47936
2023-08-29 13:15:00,327.6499938964844,329.8999938964844,327.6499938964844,329.6499938964844,40331
2023-08-30 09:15:00,331.1000061035156,334.3999938964844,329.1000061035156,334.3999938964844,325689
2023-08-30 13:15:00,334.3999938964844,335.5,333.70001220703125,334.95001220703125,172658
2023-08-31 09:15:00,336.45001220703125,337.1000061035156,331.54998779296875,335.8999938964844,163193
2023-08-31 13:15:00,335.8500061035156,336.29998779296875,330.20001220703125,332.6499938964844,101786
2023-09-01 09:15:00,334.5,340.6499938964844,333.1000061035156,339.3999938964844,340913
2023-09-01 13:15:00,339.70001220703125,340.54998779296875,339.0,340.0,250824
2023-09-04 09:15:00,341.8999938964844,344.20001220703125,340.8999938964844,340.95001220703125,60568
2023-09-04 13:15:00,340.95001220703125,341.79998779296875,338.5,340.25,67267
2023-09-05 09:15:00,340.8999938964844,343.6000061035156,337.1000061035156,337.6000061035156,81188
2023-09-05 13:15:00,337.6000061035156,339.3500061035156,336.3500061035156,338.5,60472
2023-09-06 09:15:00,338.1000061035156,338.95001220703125,333.75,334.5,148006
2023-09-06 13:15:00,334.6499938964844,336.8500061035156,333.95001220703125,335.6499938964844,458277
2023-09-07 09:15:00,335.1000061035156,338.95001220703125,335.1000061035156,338.0,479024
2023-09-07 13:15:00,338.0,338.0,333.04998779296875,336.75,73555
2023-09-08 09:15:00,339.5,339.8999938964844,334.79998779296875,337.0,78690
2023-09-08 13:15:00,337.0,338.8999938964844,336.0,337.20001220703125,89537
2023-09-11 09:15:00,340.0,343.54998779296875,333.8999938964844,335.29998779296875,112125
2023-09-11 13:15:00,335.45001220703125,336.6499938964844,334.0,334.6499938964844,107347
2023-09-12 09:15:00,337.0,337.0,325.54998779296875,330.95001220703125,126736
2023-09-12 13:15:00,330.95001220703125,332.8500061035156,327.75,330.3999938964844,96322
2023-09-13 09:15:00,330.3999938964844,334.0,327.75,329.0,64854
2023-09-13 13:15:00,329.0,332.95001220703125,328.1499938964844,330.0,61477
2023-09-14 09:15:00,331.25,333.70001220703125,328.5,329.3500061035156,83333
2023-09-14 13:15:00,329.3500061035156,331.6499938964844,329.3500061035156,331.29998779296875,52911
2023-09-15 09:15:00,332.0,332.75,328.04998779296875,329.0,89044
2023-09-15 13:15:00,329.0,330.0,325.0,326.6499938964844,911121
2023-09-18 09:15:00,328.29998779296875,331.70001220703125,325.75,328.1000061035156,785115
2023-09-18 13:15:00,328.1000061035156,328.5,326.5,328.5,88972
2023-09-20 09:15:00,329.45001220703125,330.95001220703125,324.5,325.45001220703125,148344
2023-09-20 13:15:00,325.3500061035156,329.25,324.3999938964844,326.3500061035156,416858
2023-09-21 09:15:00,324.54998779296875,328.3999938964844,323.79998779296875,326.3500061035156,848709
2023-09-21 13:15:00,326.25,327.6499938964844,325.0,326.04998779296875,306479
2023-09-22 09:15:00,326.54998779296875,326.79998779296875,324.20001220703125,324.75,89946
2023-09-22 13:15:00,324.75,325.3999938964844,320.3999938964844,322.45001220703125,110360
2023-09-25 09:15:00,324.1000061035156,326.75,321.3999938964844,324.45001220703125,303855
2023-09-25 13:15:00,324.0,326.0,322.6000061035156,325.0,231082
2023-09-26 09:15:00,326.6000061035156,330.3500061035156,323.8999938964844,326.25,149353
2023-09-26 13:15:00,326.1499938964844,330.1000061035156,326.0,330.0,158271
2023-09-27 09:15:00,327.95001220703125,330.25,326.6000061035156,328.0,227891
2023-09-27 13:15:00,328.25,328.29998779296875,326.5,327.8500061035156,54018
2023-09-28 09:15:00,326.95001220703125,327.25,323.20001220703125,324.29998779296875,68285
2023-09-28 13:15:00,324.29998779296875,325.0,320.1000061035156,322.0,203172
2023-09-29 09:15:00,323.54998779296875,323.95001220703125,317.3500061035156,318.95001220703125,91217
2023-09-29 13:15:00,318.95001220703125,320.0,316.75,317.45001220703125,108099
2023-10-03 09:15:00,318.6000061035156,324.70001220703125,318.6000061035156,324.1000061035156,382097
2023-10-03 13:15:00,324.1000061035156,325.95001220703125,324.0,325.25,227021
2023-10-04 09:15:00,325.5,325.5,321.6499938964844,321.6499938964844,202943
2023-10-04 13:15:00,321.5,324.54998779296875,321.29998779296875,322.75,53394
2023-10-05 09:15:00,324.54998779296875,325.5,322.0,322.75,106905
2023-10-05 13:15:00,322.54998779296875,325.0,322.0,323.04998779296875,116134
2023-10-06 09:15:00,324.6499938964844,326.79998779296875,322.6499938964844,323.8500061035156,233025
2023-10-06 13:15:00,324.1000061035156,324.79998779296875,323.0,323.6499938964844,66460
2023-10-09 09:15:00,316.70001220703125,319.95001220703125,314.8500061035156,317.29998779296875,148570
2023-10-09 13:15:00,317.6000061035156,318.0,314.04998779296875,316.0,48660
2023-10-10 09:15:00,316.75,320.0,316.1499938964844,320.0,222439
2023-10-10 13:15:00,319.95001220703125,321.3999938964844,317.0,318.6499938964844,101958
2023-10-11 09:15:00,319.3999938964844,323.8500061035156,319.3999938964844,323.0,247899
2023-10-11 13:15:00,322.75,323.0,317.04998779296875,320.54998779296875,79011
2023-10-12 09:15:00,322.3500061035156,322.6499938964844,320.79998779296875,322.54998779296875,115340
2023-10-12 13:15:00,322.54998779296875,323.1000061035156,320.6000061035156,321.04998779296875,50469
2023-10-13 09:15:00,321.25,322.8999938964844,320.5,322.20001220703125,65570
2023-10-13 13:15:00,322.25,323.1000061035156,321.70001220703125,323.0,95596
2023-10-16 09:15:00,322.5,323.75,320.45001220703125,320.75,63072
2023-10-16 13:15:00,320.75,323.0,319.25,320.0,106042
2023-10-17 09:15:00,321.20001220703125,323.75,321.20001220703125,322.5,193753
2023-10-17 13:15:00,322.5,323.0,321.70001220703125,322.20001220703125,38472
2023-10-18 09:15:00,322.6000061035156,324.29998779296875,321.0,321.6499938964844,113226
2023-10-18 13:15:00,321.6499938964844,324.6000061035156,321.04998779296875,323.29998779296875,159552
2023-10-19 09:15:00,323.8500061035156,323.8500061035156,320.8500061035156,321.5,282390
2023-10-19 13:15:00,321.79998779296875,323.8999938964844,318.6000061035156,322.1000061035156,293067
2023-10-20 09:15:00,321.79998779296875,323.6000061035156,320.20001220703125,320.25,51178
2023-10-20 13:15:00,320.75,321.95001220703125,320.1000061035156,320.1000061035156,30296
2023-10-23 09:15:00,321.29998779296875,321.54998779296875,316.29998779296875,318.0,27887
2023-10-23 13:15:00,318.0,319.45001220703125,317.8999938964844,319.04998779296875,77928
2023-10-25 09:15:00,318.95001220703125,321.0,316.04998779296875,317.20001220703125,131044
2023-10-25 13:15:00,317.0,319.75,315.0,318.1000061035156,73291
2023-10-26 09:15:00,318.0,318.0,308.95001220703125,313.8500061035156,45994
2023-10-26 13:15:00,314.0,315.20001220703125,310.1000061035156,312.20001220703125,260229
2023-10-27 09:15:00,313.1499938964844,316.0,312.1000061035156,312.8500061035156,50174
2023-10-27 13:15:00,312.70001220703125,314.8500061035156,312.70001220703125,314.0,125952
2023-10-30 09:15:00,315.0,315.0,311.70001220703125,314.5,26298
2023-10-30 13:15:00,314.5,315.5,312.0,314.04998779296875,31792
2023-10-31 09:15:00,314.8999938964844,315.54998779296875,312.3500061035156,313.8500061035156,32554
2023-10-31 13:15:00,313.75,315.95001220703125,312.95001220703125,315.1000061035156,262076
2023-11-01 09:15:00,316.6499938964844,316.6499938964844,312.8500061035156,313.20001220703125,64561
2023-11-01 13:15:00,313.1000061035156,316.95001220703125,312.1000061035156,314.8999938964844,56411
2023-11-02 09:15:00,321.29998779296875,321.29998779296875,310.6000061035156,311.95001220703125,474361
2023-11-02 13:15:00,311.95001220703125,312.1499938964844,309.70001220703125,311.6000061035156,221541
2023-11-03 09:15:00,312.25,312.5,309.75,310.0,86114
2023-11-03 13:15:00,309.95001220703125,310.1000061035156,304.6499938964844,305.0,200783
2023-11-06 09:15:00,308.8999938964844,308.8999938964844,305.04998779296875,307.1499938964844,78204
2023-11-06 13:15:00,307.1499938964844,307.6499938964844,305.0,305.79998779296875,107125
2023-11-07 09:15:00,307.0,308.20001220703125,304.3999938964844,305.45001220703125,85304
2023-11-07 13:15:00,305.5,305.54998779296875,301.54998779296875,302.0,198808
2023-11-08 09:15:00,305.04998779296875,308.3999938964844,303.70001220703125,307.54998779296875,108033
2023-11-08 13:15:00,307.79998779296875,307.8999938964844,306.6000061035156,307.3999938964844,70489
2023-11-09 09:15:00,308.45001220703125,310.6499938964844,304.0,304.54998779296875,111717
2023-11-09 13:15:00,304.5,305.8999938964844,304.1000061035156,305.8999938964844,75473
2023-11-10 09:15:00,304.95001220703125,305.04998779296875,301.0,304.20001220703125,20576
2023-11-10 13:15:00,304.0,305.6000061035156,303.1000061035156,304.3999938964844,49406
2023-11-13 09:15:00,308.1499938964844,312.8999938964844,306.04998779296875,311.45001220703125,125698
2023-11-13 13:15:00,311.54998779296875,313.5,308.8500061035156,311.3999938964844,115793
2023-11-15 09:15:00,313.04998779296875,314.3999938964844,309.54998779296875,312.0,274581
2023-11-15 13:15:00,312.0,315.25,311.8500061035156,313.5,341915
2023-11-16 09:15:00,315.20001220703125,319.3999938964844,312.0,317.45001220703125,148115
2023-11-16 13:15:00,316.5,318.3999938964844,315.45001220703125,317.8999938964844,109794
2023-11-17 09:15:00,319.29998779296875,325.8500061035156,319.25,323.29998779296875,266009
2023-11-17 13:15:00,323.3500061035156,326.20001220703125,323.0,324.45001220703125,174536
2023-11-20 09:15:00,326.6499938964844,327.20001220703125,320.29998779296875,321.0,62846
2023-11-20 13:15:00,321.0,322.29998779296875,318.1499938964844,320.1499938964844,57302
2023-11-21 09:15:00,321.0,323.8500061035156,318.70001220703125,320.1499938964844,78904
2023-11-21 13:15:00,319.8999938964844,322.79998779296875,317.04998779296875,322.0,61412
2023-11-22 09:15:00,321.1499938964844,321.8999938964844,313.45001220703125,315.95001220703125,96784
2023-11-22 13:15:00,315.79998779296875,317.6499938964844,314.79998779296875,316.29998779296875,63836
2023-11-23 09:15:00,317.8999938964844,321.6000061035156,317.8999938964844,320.0,274120
2023-11-23 13:15:00,320.3999938964844,321.04998779296875,319.6499938964844,320.0,73912
2023-11-24 09:15:00,320.04998779296875,322.25,319.70001220703125,319.79998779296875,34716
2023-11-24 13:15:00,319.79998779296875,321.0,318.5,320.3500061035156,35715
2023-11-28 09:15:00,320.8500061035156,322.3500061035156,317.20001220703125,320.1499938964844,254636
2023-11-28 13:15:00,320.1499938964844,323.8500061035156,320.1499938964844,321.0,76362
2023-11-29 09:15:00,324.0,326.0,319.8999938964844,320.25,120229
2023-11-29 13:15:00,320.25,321.20001220703125,319.1499938964844,320.20001220703125,28833
2023-11-30 09:15:00,321.6499938964844,322.25,316.25,317.5,82561
2023-11-30 13:15:00,317.29998779296875,322.0,316.3999938964844,320.25,141103
2023-12-01 09:15:00,323.29998779296875,324.8999938964844,319.04998779296875,320.3999938964844,84691
2023-12-01 13:15:00,320.70001220703125,321.3999938964844,319.04998779296875,319.04998779296875,48148
2023-12-04 09:15:00,324.79998779296875,324.79998779296875,320.20001220703125,321.20001220703125,129879
2023-12-04 13:15:00,321.25,321.3500061035156,318.3999938964844,319.0,89714
2023-12-05 09:15:00,321.1499938964844,322.25,318.1000061035156,321.95001220703125,121344
2023-12-05 13:15:00,321.8999938964844,323.6000061035156,321.20001220703125,322.95001220703125,101411
2023-12-06 09:15:00,324.95001220703125,333.95001220703125,322.8500061035156,329.54998779296875,764933
2023-12-06 13:15:00,329.95001220703125,330.75,327.70001220703125,329.0,177075
2023-12-07 09:15:00,333.6000061035156,334.79998779296875,330.25,333.0,102826
2023-12-07 13:15:00,333.0,334.5,332.79998779296875,333.8999938964844,132567
2023-12-08 09:15:00,334.5,334.8500061035156,327.29998779296875,327.75,135508
2023-12-08 13:15:00,327.70001220703125,332.25,325.75,330.04998779296875,100890
2023-12-11 09:15:00,330.0,330.29998779296875,326.25,326.5,79451
2023-12-11 13:15:00,326.5,331.5,326.45001220703125,329.95001220703125,204697
2023-12-12 09:15:00,331.04998779296875,331.3500061035156,326.75,327.29998779296875,108346
2023-12-12 13:15:00,327.29998779296875,328.5,325.1000061035156,328.29998779296875,78545
2023-12-13 09:15:00,330.0,330.8999938964844,326.45001220703125,328.20001220703125,62074
2023-12-13 13:15:00,328.1000061035156,329.5,326.0,327.3500061035156,65004
2023-12-14 09:15:00,328.5,330.25,327.20001220703125,327.8500061035156,68711
2023-12-14 13:15:00,327.8500061035156,328.75,326.29998779296875,328.0,102489
2023-12-15 09:15:00,329.29998779296875,334.5,328.6499938964844,333.8500061035156,191424
2023-12-15 13:15:00,334.0,337.25,331.0,332.8999938964844,275581
2023-12-18 09:15:00,334.95001220703125,336.04998779296875,332.0,333.75,75982
2023-12-18 13:15:00,333.8500061035156,334.95001220703125,331.3999938964844,332.5,67175
2023-12-19 09:15:00,333.0,335.5,330.95001220703125,332.70001220703125,45087
2023-12-19 13:15:00,332.8500061035156,333.0,330.25,330.25,62955
2023-12-20 09:15:00,334.20001220703125,335.5,329.5,329.5,87472
2023-12-20 13:15:00,329.5,329.70001220703125,317.0,321.8999938964844,262587
2023-12-21 09:15:00,321.0,323.79998779296875,318.1499938964844,321.8500061035156,39645
2023-12-21 13:15:00,321.29998779296875,323.0,319.8999938964844,319.95001220703125,36771
2023-12-22 09:15:00,325.0,325.0,320.8999938964844,321.8999938964844,39526
2023-12-22 13:15:00,321.54998779296875,323.3999938964844,320.0,322.45001220703125,34218
2023-12-26 09:15:00,321.25,325.0,320.8500061035156,323.1000061035156,32132
2023-12-26 13:15:00,323.1000061035156,326.95001220703125,322.25,324.70001220703125,69512
2023-12-27 09:15:00,350.0,352.45001220703125,337.1499938964844,339.3999938964844,3592946
2023-12-27 13:15:00,339.3999938964844,341.3999938964844,336.04998779296875,336.04998779296875,672952
2023-12-28 09:15:00,337.5,338.95001220703125,331.54998779296875,332.79998779296875,158318
2023-12-28 13:15:00,332.5,334.0,331.95001220703125,333.1000061035156,156840
2023-12-29 09:15:00,335.0,335.8500061035156,332.0,333.70001220703125,102659
2023-12-29 13:15:00,333.8999938964844,334.0,332.5,332.5,78988
2024-01-01 09:15:00,333.79998779296875,334.54998779296875,332.3500061035156,333.3999938964844,71686
2024-01-01 13:15:00,333.3999938964844,333.79998779296875,331.6499938964844,332.5,78175
2024-01-02 09:15:00,333.20001220703125,336.54998779296875,330.6499938964844,336.0,234988
2024-01-02 13:15:00,335.70001220703125,339.1000061035156,335.70001220703125,336.79998779296875,210571
2024-01-03 09:15:00,338.3500061035156,338.3999938964844,334.5,336.1499938964844,74484
2024-01-03 13:15:00,336.1499938964844,336.45001220703125,333.8500061035156,334.1499938964844,62571
2024-01-04 09:15:00,337.0,338.54998779296875,333.0,333.3500061035156,73432
2024-01-04 13:15:00,333.0,334.6000061035156,333.0,333.54998779296875,207370
2024-01-05 09:15:00,337.0,339.54998779296875,335.04998779296875,336.95001220703125,129949
2024-01-05 13:15:00,336.95001220703125,337.6000061035156,334.20001220703125,336.0,84839
2024-01-08 09:15:00,340.0,340.6499938964844,336.20001220703125,337.3500061035156,98272
2024-01-08 13:15:00,337.0,338.0,336.6499938964844,336.8999938964844,81075
2024-01-09 09:15:00,339.04998779296875,339.95001220703125,337.3999938964844,338.75,93016
2024-01-09 13:15:00,338.70001220703125,339.79998779296875,337.1499938964844,337.20001220703125,112182
2024-01-10 09:15:00,338.0,339.8500061035156,336.3999938964844,338.0,69832
2024-01-10 13:15:00,338.0,338.8500061035156,337.20001220703125,338.3500061035156,60031
2024-01-11 09:15:00,338.3500061035156,340.45001220703125,337.79998779296875,338.25,54680
2024-01-11 13:15:00,338.1000061035156,340.0,338.0,338.8999938964844,431460
2024-01-12 09:15:00,340.45001220703125,343.0,338.75,340.25,132234
2024-01-12 13:15:00,340.29998779296875,342.0,340.0,340.5,77635
2024-01-15 09:15:00,340.29998779296875,342.79998779296875,339.8999938964844,340.6000061035156,70418
2024-01-15 13:15:00,340.1000061035156,340.6000061035156,337.45001220703125,338.5,77459
2024-01-16 09:15:00,344.5,347.8999938964844,341.6499938964844,341.6499938964844,275677
2024-01-16 13:15:00,341.6499938964844,345.20001220703125,340.5,343.3500061035156,139995
2024-01-17 09:15:00,340.95001220703125,343.70001220703125,337.70001220703125,340.29998779296875,100459
2024-01-17 13:15:00,340.29998779296875,340.95001220703125,339.0,339.1499938964844,228925
2024-01-18 09:15:00,339.0,345.6000061035156,332.70001220703125,341.45001220703125,191192
2024-01-18 13:15:00,341.20001220703125,342.0,340.0,342.0,72306
2024-01-19 09:15:00,343.6499938964844,344.6000061035156,342.25,343.6000061035156,61194
2024-01-19 13:15:00,343.6000061035156,345.1000061035156,342.6000061035156,344.29998779296875,115224
2024-01-23 09:15:00,340.1000061035156,341.25,333.0,337.45001220703125,73198
2024-01-23 13:15:00,337.5,337.70001220703125,336.54998779296875,337.0,88206
2024-01-24 09:15:00,336.3999938964844,337.79998779296875,331.25,337.29998779296875,47439
2024-01-24 13:15:00,337.6000061035156,341.8999938964844,337.3500061035156,340.1499938964844,262416
2024-01-25 09:15:00,340.1499938964844,340.1499938964844,335.20001220703125,337.45001220703125,1340677
2024-01-25 13:15:00,337.79998779296875,338.95001220703125,331.0,333.0,604023
2024-01-29 09:15:00,334.0,342.0,333.70001220703125,340.75,80827
2024-01-29 13:15:00,340.75,341.75,338.25,339.29998779296875,60292
2024-01-30 09:15:00,342.0,343.5,339.70001220703125,340.70001220703125,81494
2024-01-30 13:15:00,340.1000061035156,342.0,332.29998779296875,335.75,156220
2024-01-31 09:15:00,337.1499938964844,342.8500061035156,337.1000061035156,341.6000061035156,100942
2024-01-31 13:15:00,341.6000061035156,342.5,340.1000061035156,341.75,84413
2024-02-01 09:15:00,341.75,341.75,336.3999938964844,337.8999938964844,350590
2024-02-01 13:15:00,337.6499938964844,339.79998779296875,336.1000061035156,336.75,53051
2024-02-02 09:15:00,338.3999938964844,341.8999938964844,337.75,339.45001220703125,134401
2024-02-02 13:15:00,339.79998779296875,341.0,338.20001220703125,340.3999938964844,69245
2024-02-05 09:15:00,341.95001220703125,341.95001220703125,338.75,340.6499938964844,70874
2024-02-05 13:15:00,340.3500061035156,353.0,339.3999938964844,343.04998779296875,873831
2024-02-06 09:15:00,346.04998779296875,347.20001220703125,334.1000061035156,335.25,182696
2024-02-06 13:15:00,335.29998779296875,335.29998779296875,333.1000061035156,333.54998779296875,182262
2024-02-07 09:15:00,334.54998779296875,337.1499938964844,323.3500061035156,323.75,281521
2024-02-07 13:15:00,323.79998779296875,325.25,316.5,316.5,626167
2024-02-08 09:15:00,320.45001220703125,321.8999938964844,311.0,317.20001220703125,278234
2024-02-08 13:15:00,317.3999938964844,318.3500061035156,313.79998779296875,316.79998779296875,265892
2024-02-09 09:15:00,317.25,319.3999938964844,314.29998779296875,317.3999938964844,127729
2024-02-09 13:15:00,317.3999938964844,318.0,315.54998779296875,315.79998779296875,43229
2024-02-12 09:15:00,321.29998779296875,321.29998779296875,308.1000061035156,308.75,129632
2024-02-12 13:15:00,308.70001220703125,311.1000061035156,303.04998779296875,304.5,190545
2024-02-13 09:15:00,304.70001220703125,312.8999938964844,301.54998779296875,312.3999938964844,102857
2024-02-13 13:15:00,312.3999938964844,315.70001220703125,309.25,314.8999938964844,136408
2024-02-14 09:15:00,312.6499938964844,314.3500061035156,304.79998779296875,305.0,186118
2024-02-14 13:15:00,304.95001220703125,305.20001220703125,304.0,305.0,168921
2024-02-15 09:15:00,307.79998779296875,309.8500061035156,304.6000061035156,305.0,188530
2024-02-15 13:15:00,305.0,306.25,304.5,305.0,155770
2024-02-16 09:15:00,305.54998779296875,311.0,304.54998779296875,305.25,357631
2024-02-16 13:15:00,305.25,305.8999938964844,303.8500061035156,305.0,189956
2024-02-19 09:15:00,307.04998779296875,308.5,304.5,306.5,94441
2024-02-19 13:15:00,306.75,310.6499938964844,306.20001220703125,308.5,110874
2024-02-20 09:15:00,308.95001220703125,312.25,307.5,311.95001220703125,85890
2024-02-20 13:15:00,311.70001220703125,312.0,310.29998779296875,310.8999938964844,51879
2024-02-21 09:15:00,311.8999938964844,312.1000061035156,307.1000061035156,307.6499938964844,65972
2024-02-21 13:15:00,307.6499938964844,309.04998779296875,306.04998779296875,307.79998779296875,72419
2024-02-22 09:15:00,308.1499938964844,309.3500061035156,305.20001220703125,307.45001220703125,91708
2024-02-22 13:15:00,307.6499938964844,310.0,306.3999938964844,307.8999938964844,68269
2024-02-23 09:15:00,309.04998779296875,309.04998779296875,304.0,305.0,107222
2024-02-23 13:15:00,305.0,305.04998779296875,301.54998779296875,301.95001220703125,252482
2024-02-26 09:15:00,304.3999938964844,304.3999938964844,297.45001220703125,298.1000061035156,130743
2024-02-26 13:15:00,298.1000061035156,299.6000061035156,297.8500061035156,299.25,77509
2024-02-27 09:15:00,299.8999938964844,300.95001220703125,294.70001220703125,294.75,171813
2024-02-27 13:15:00,294.6499938964844,296.8999938964844,294.6000061035156,295.95001220703125,99349
2024-02-28 09:15:00,297.3999938964844,297.3999938964844,289.3999938964844,289.79998779296875,138181
2024-02-28 13:15:00,289.8999938964844,292.8999938964844,289.6000061035156,292.0,79173
2024-02-29 09:15:00,290.04998779296875,294.54998779296875,289.04998779296875,290.0,96639
2024-02-29 13:15:00,290.0,292.0,288.6000061035156,291.70001220703125,148076
2024-03-01 09:15:00,293.04998779296875,295.70001220703125,289.70001220703125,290.0,117377
2024-03-01 13:15:00,290.0,290.95001220703125,289.5,290.0,97979
2024-03-04 09:15:00,293.8500061035156,293.8500061035156,287.29998779296875,287.79998779296875,117609
2024-03-04 13:15:00,287.75,289.8999938964844,287.0,289.1499938964844,107170
2024-03-05 09:15:00,289.8500061035156,290.6499938964844,287.1000061035156,287.25,79167
2024-03-05 13:15:00,287.25,288.0,286.5,287.5,59215
2024-03-06 09:15:00,287.54998779296875,287.54998779296875,283.6000061035156,284.29998779296875,66967
2024-03-06 13:15:00,284.0,286.0,283.8999938964844,285.45001220703125,68903
2024-03-07 09:15:00,285.95001220703125,290.5,284.1000061035156,284.5,124845
2024-03-07 13:15:00,284.3999938964844,284.95001220703125,283.20001220703125,283.95001220703125,74612
2024-03-11 09:15:00,284.45001220703125,284.5,278.8500061035156,279.8999938964844,118353
2024-03-11 13:15:00,279.8999938964844,280.95001220703125,278.20001220703125,278.8500061035156,90741
2024-03-12 09:15:00,279.20001220703125,279.45001220703125,270.79998779296875,271.70001220703125,152477
2024-03-12 13:15:00,271.75,272.1000061035156,270.5,271.04998779296875,153113
2024-03-13 09:15:00,272.45001220703125,272.8999938964844,262.6000061035156,264.29998779296875,206692
2024-03-13 13:15:00,264.3500061035156,265.0,257.6499938964844,259.70001220703125,191406
2024-03-14 09:15:00,261.0,266.04998779296875,258.8999938964844,265.0,717320
2024-03-14 13:15:00,265.0,272.79998779296875,264.1000061035156,272.1499938964844,367052
2024-03-15 09:15:00,269.0,271.3500061035156,265.0,266.0,123062
2024-03-15 13:15:00,266.29998779296875,272.0,266.04998779296875,271.8500061035156,142859
2024-03-18 09:15:00,271.3999938964844,275.8500061035156,270.1000061035156,271.25,226139
2024-03-18 13:15:00,271.3500061035156,276.75,271.25,275.04998779296875,94991
2024-03-19 09:15:00,276.3500061035156,276.3500061035156,266.3999938964844,268.8999938964844,110472
2024-03-19 13:15:00,268.8999938964844,269.95001220703125,268.75,269.04998779296875,76127
2024-03-20 09:15:00,270.0,271.45001220703125,265.95001220703125,267.0,149761
2024-03-20 13:15:00,267.04998779296875,267.79998779296875,265.0,266.3999938964844,168667
2024-03-21 09:15:00,268.8500061035156,270.0,262.54998779296875,264.8999938964844,369379
2024-03-21 13:15:00,264.8999938964844,268.95001220703125,264.0,267.6499938964844,190023
2024-03-22 09:15:00,268.95001220703125,272.0,267.3999938964844,269.0,156501
2024-03-22 13:15:00,269.0,269.25,268.0,269.0,114494
2024-03-26 09:15:00,268.6000061035156,270.79998779296875,266.6499938964844,270.25,115033
2024-03-26 13:15:00,270.29998779296875,270.70001220703125,268.29998779296875,269.5,83473
2024-03-27 09:15:00,267.8500061035156,272.25,264.75,264.8999938964844,228453
2024-03-27 13:15:00,264.8999938964844,265.79998779296875,264.0,264.29998779296875,255963
2024-03-28 09:15:00,265.0,268.95001220703125,262.79998779296875,263.75,235741
2024-03-28 13:15:00,263.79998779296875,264.79998779296875,261.8999938964844,261.8999938964844,191779
2024-04-01 09:15:00,264.95001220703125,271.70001220703125,264.95001220703125,268.3999938964844,90855
2024-04-01 13:15:00,268.3500061035156,274.0,267.95001220703125,272.20001220703125,144589
2024-04-02 09:15:00,274.0,278.25,271.70001220703125,276.79998779296875,130703
2024-04-02 13:15:00,276.5,279.1000061035156,275.70001220703125,278.45001220703125,95862
2024-04-03 09:15:00,279.29998779296875,281.29998779296875,276.8500061035156,280.79998779296875,99436
2024-04-03 13:15:00,280.95001220703125,283.0,279.95001220703125,282.95001220703125,109443
2024-04-04 09:15:00,283.0,284.8999938964844,281.95001220703125,283.5,76320
2024-04-04 13:15:00,283.20001220703125,286.95001220703125,282.0,284.25,121869
2024-04-05 09:15:00,286.8999938964844,287.45001220703125,283.0,286.0,69295
2024-04-05 13:15:00,285.95001220703125,287.45001220703125,284.04998779296875,285.1499938964844,81060
2024-04-08 09:15:00,287.0,287.0,283.25,284.0,54505
2024-04-08 13:15:00,284.20001220703125,284.3999938964844,282.0,282.6000061035156,59649
2024-04-09 09:15:00,283.6499938964844,284.1000061035156,281.75,282.0,60845
2024-04-09 13:15:00,281.75,282.5,279.8500061035156,281.04998779296875,115731
2024-04-10 09:15:00,282.0,282.75,278.0,279.25,59679
2024-04-10 13:15:00,279.25,281.1499938964844,279.20001220703125,280.6499938964844,59697
2024-04-12 09:15:00,281.0,284.95001220703125,279.1000061035156,282.8999938964844,1122326
2024-04-12 13:15:00,282.75,283.45001220703125,279.8500061035156,280.3999938964844,108569
2024-04-15 09:15:00,275.79998779296875,277.20001220703125,270.79998779296875,276.29998779296875,50024
2024-04-15 13:15:00,276.5,276.6499938964844,270.0,274.6000061035156,84688
2024-04-16 09:15:00,273.0,274.8500061035156,271.04998779296875,274.45001220703125,85739
2024-04-16 13:15:00,274.45001220703125,275.0,270.79998779296875,273.0,69500
2024-04-18 09:15:00,275.1000061035156,276.1000061035156,273.0,275.75,40705
2024-04-18 13:15:00,275.75,275.79998779296875,271.5,272.79998779296875,398098
2024-04-19 09:15:00,269.95001220703125,272.6000061035156,268.8999938964844,272.5,56163
2024-04-19 13:15:00,272.20001220703125,275.0,271.70001220703125,275.0,77629
2024-04-22 09:15:00,274.29998779296875,278.0,273.0,273.20001220703125,53293
2024-04-22 13:15:00,273.1499938964844,273.5,272.04998779296875,272.54998779296875,80969
2024-04-23 09:15:00,274.95001220703125,276.6000061035156,273.1000061035156,276.29998779296875,120784
2024-04-23 13:15:00,276.0,277.95001220703125,275.1000061035156,277.04998779296875,74815
2024-04-24 09:15:00,280.8999938964844,282.25,278.20001220703125,279.95001220703125,97935
2024-04-24 13:15:00,279.75,280.0,278.04998779296875,278.8999938964844,80664
2024-04-25 09:15:00,281.6499938964844,281.6499938964844,275.79998779296875,277.20001220703125,77495
2024-04-25 13:15:00,277.5,279.79998779296875,276.8999938964844,278.5,80924
2024-04-26 09:15:00,279.0,280.8500061035156,279.0,280.3999938964844,51727
2024-04-26 13:15:00,280.1000061035156,280.5,275.45001220703125,279.8999938964844,102242
2024-04-29 09:15:00,283.0,283.0,279.29998779296875,280.20001220703125,30701
2024-04-29 13:15:00,280.20001220703125,280.5,279.5,280.3500061035156,54491
2024-04-30 09:15:00,281.79998779296875,281.79998779296875,278.79998779296875,280.0,66455
2024-04-30 13:15:00,280.0,280.20001220703125,278.8999938964844,279.75,90574
2024-05-02 09:15:00,282.1499938964844,287.95001220703125,281.5,286.6000061035156,242592
2024-05-02 13:15:00,286.6000061035156,287.0,284.1000061035156,286.04998779296875,127975
2024-05-03 09:15:00,288.5,299.70001220703125,285.25,296.1000061035156,1962865
2024-05-03 13:15:00,296.1000061035156,296.8999938964844,285.70001220703125,286.79998779296875,662894
2024-05-06 09:15:00,294.29998779296875,294.5,284.1499938964844,286.29998779296875,112010
2024-05-06 13:15:00,286.29998779296875,288.6499938964844,285.29998779296875,288.5,156565
2024-05-07 09:15:00,286.5,288.70001220703125,281.25,281.5,199075
2024-05-07 13:15:00,281.5,284.04998779296875,281.25,283.6000061035156,91432
2024-05-08 09:15:00,285.0,285.6000061035156,278.1499938964844,278.54998779296875,128955
2024-05-08 13:15:00,278.54998779296875,279.79998779296875,278.04998779296875,278.79998779296875,104231
2024-05-09 09:15:00,279.95001220703125,283.79998779296875,277.3500061035156,278.95001220703125,126911
2024-05-09 13:15:00,278.75,279.45001220703125,274.75,274.8999938964844,108225
2024-05-10 09:15:00,279.6499938964844,281.95001220703125,276.25,276.25,129700
2024-05-10 13:15:00,276.6499938964844,279.75,276.20001220703125,277.8999938964844,118280
2024-05-13 09:15:00,280.0,280.0,273.25,274.20001220703125,101159
2024-05-13 13:15:00,273.79998779296875,274.25,269.5,270.25,359440
2024-05-14 09:15:00,272.3999938964844,277.1499938964844,271.3999938964844,272.1499938964844,130495
2024-05-14 13:15:00,272.1499938964844,275.0,272.0,274.54998779296875,87582
2024-05-15 09:15:00,276.8500061035156,277.1499938964844,273.0,273.79998779296875,76654
2024-05-15 13:15:00,273.79998779296875,274.70001220703125,273.3500061035156,274.5,36432
2024-05-16 09:15:00,275.95001220703125,275.95001220703125,272.54998779296875,273.70001220703125,195489
2024-05-16 13:15:00,273.70001220703125,273.70001220703125,271.0,272.79998779296875,92112
2024-05-17 09:15:00,274.1000061035156,278.79998779296875,273.6499938964844,276.54998779296875,96225
2024-05-17 13:15:00,276.5,277.29998779296875,276.0,277.04998779296875,66459
2024-05-21 09:15:00,277.8500061035156,277.8500061035156,274.29998779296875,276.6499938964844,88696
2024-05-21 13:15:00,276.6499938964844,277.0,271.79998779296875,272.0,311369
2024-05-22 09:15:00,273.5,274.79998779296875,270.5,271.04998779296875,106230
2024-05-22 13:15:00,271.0,273.6499938964844,270.25,273.04998779296875,97466
2024-05-23 09:15:00,274.45001220703125,274.45001220703125,272.0,272.5,66473
2024-05-23 13:15:00,272.29998779296875,273.8999938964844,272.0,273.3500061035156,42623
2024-05-24 09:15:00,272.8999938964844,274.0,272.54998779296875,272.79998779296875,142029
2024-05-24 13:15:00,272.8999938964844,273.75,272.0,273.25,63050
2024-05-27 09:15:00,275.0,275.0,269.79998779296875,270.04998779296875,220822
2024-05-27 13:15:00,270.1000061035156,270.54998779296875,269.29998779296875,269.70001220703125,178632
2024-05-28 09:15:00,271.0,271.8500061035156,268.8999938964844,271.8500061035156,88982
2024-05-28 13:15:00,271.8999938964844,274.3999938964844,271.79998779296875,274.04998779296875,135610
2024-05-29 09:15:00,274.0,274.8999938964844,272.5,273.0,49429
2024-05-29 13:15:00,273.0,273.5,271.95001220703125,272.45001220703125,86264
2024-05-30 09:15:00,272.95001220703125,272.95001220703125,269.75,269.95001220703125,65139
2024-05-30 13:15:00,270.0,270.1499938964844,268.5,269.20001220703125,73901
2024-05-31 09:15:00,269.3999938964844,270.79998779296875,268.29998779296875,268.3999938964844,74878
2024-05-31 13:15:00,268.5,270.0,266.1000061035156,269.5,414505
2024-06-03 09:15:00,272.79998779296875,274.1499938964844,270.0,270.8999938964844,73410
2024-06-03 13:15:00,270.8999938964844,272.1000061035156,269.6499938964844,270.5,91940
2024-06-04 09:15:00,271.8999938964844,271.8999938964844,254.8999938964844,265.04998779296875,194068
2024-06-04 13:15:00,265.04998779296875,266.0,261.3999938964844,262.29998779296875,195405
2024-06-05 09:15:00,263.70001220703125,273.29998779296875,261.79998779296875,272.29998779296875,367084
2024-06-05 13:15:00,272.0,276.0,271.79998779296875,271.8500061035156,547003
2024-06-06 09:15:00,274.8999938964844,277.0,273.8999938964844,274.95001220703125,330907
2024-06-06 13:15:00,274.95001220703125,275.0,272.8500061035156,273.0,98975
2024-06-07 09:15:00,274.8500061035156,280.8999938964844,273.54998779296875,277.95001220703125,156712
2024-06-07 13:15:00,278.0,278.75,277.45001220703125,278.6000061035156,80688
2024-06-10 09:15:00,280.8999938964844,286.8500061035156,280.5,285.1499938964844,978703
2024-06-10 13:15:00,285.20001220703125,289.25,283.75,284.0,642734
2024-06-11 09:15:00,286.3999938964844,286.45001220703125,283.70001220703125,284.25,174342
2024-06-11 13:15:00,284.29998779296875,284.3500061035156,281.75,282.54998779296875,143970
2024-06-12 09:15:00,283.8999938964844,285.8999938964844,283.04998779296875,284.25,120096
2024-06-12 13:15:00,284.25,284.75,283.29998779296875,283.8999938964844,94643
2024-06-13 09:15:00,284.95001220703125,287.70001220703125,283.0,284.0,101467
2024-06-13 13:15:00,284.0,284.0,282.79998779296875,283.0,108643
2024-06-14 09:15:00,284.70001220703125,284.79998779296875,281.70001220703125,282.8500061035156,101587
2024-06-14 13:15:00,283.0,283.0,282.0,282.95001220703125,105453
2024-06-18 09:15:00,283.6499938964844,284.8999938964844,279.0,281.5,391209
2024-06-18 13:15:00,281.20001220703125,282.25,280.25,281.1499938964844,262515
2024-06-19 09:15:00,282.5,285.04998779296875,281.0,281.8999938964844,104687
2024-06-19 13:15:00,281.8999938964844,281.8999938964844,279.79998779296875,280.0,243435
2024-06-20 09:15:00,281.0,284.3500061035156,280.1000061035156,283.5,166874
2024-06-20 13:15:00,283.5,283.6000061035156,282.70001220703125,283.0,263127
2024-06-21 09:15:00,281.79998779296875,284.20001220703125,274.6000061035156,275.54998779296875,518293
2024-06-21 13:15:00,275.8500061035156,276.1000061035156,273.54998779296875,273.79998779296875,557254
2024-06-24 09:15:00,277.95001220703125,279.3999938964844,275.6499938964844,278.5,145363
2024-06-24 13:15:00,278.5,278.5,277.0,277.0,102116
2024-06-25 09:15:00,277.29998779296875,279.79998779296875,274.5,274.8999938964844,326759
2024-06-25 13:15:00,274.8999938964844,275.0,274.3999938964844,274.8500061035156,109190
2024-06-26 09:15:00,276.29998779296875,279.29998779296875,274.54998779296875,274.54998779296875,342603
2024-06-26 13:15:00,274.79998779296875,275.25,269.70001220703125,270.0,658374
2024-06-27 09:15:00,270.3500061035156,274.3500061035156,270.3500061035156,273.6499938964844,80102
2024-06-27 13:15:00,273.6499938964844,274.0,271.04998779296875,273.5,122790
2024-06-28 09:15:00,274.1499938964844,274.95001220703125,269.3999938964844,270.0,330187
2024-06-28 13:15:00,270.0,271.5,269.6499938964844,270.0,278418
2024-07-01 09:15:00,272.20001220703125,274.29998779296875,269.75,270.0,455776
2024-07-01 13:15:00,270.0,271.0,269.70001220703125,271.0,292397
2024-07-02 09:15:00,273.79998779296875,273.79998779296875,268.8500061035156,269.29998779296875,180036
2024-07-02 13:15:00,269.54998779296875,270.0,269.1499938964844,269.79998779296875,206730
2024-07-03 09:15:00,271.70001220703125,273.3999938964844,269.75,270.0,513274
2024-07-03 13:15:00,270.0,270.0,267.75,268.45001220703125,511445
2024-07-04 09:15:00,270.70001220703125,273.79998779296875,269.1000061035156,269.8999938964844,424274
2024-07-04 13:15:00,270.04998779296875,270.20001220703125,268.79998779296875,269.8999938964844,379813
2024-07-05 09:15:00,270.75,272.0,269.6499938964844,270.0,262564
2024-07-05 13:15:00,270.0,270.70001220703125,265.79998779296875,267.3999938964844,911335
2024-07-08 09:15:00,269.5,272.70001220703125,269.3500061035156,270.5,195167
2024-07-08 13:15:00,270.5,270.79998779296875,270.0,270.79998779296875,175205
2024-07-09 09:15:00,271.75,271.8999938964844,269.70001220703125,271.0,285322
2024-07-09 13:15:00,271.0,274.29998779296875,270.70001220703125,273.5,288256
2024-07-10 09:15:00,274.5,275.5,269.45001220703125,273.1000061035156,165392
2024-07-10 13:15:00,273.04998779296875,285.79998779296875,272.8500061035156,282.04998779296875,2046396
2024-07-11 09:15:00,286.3999938964844,286.3999938964844,279.25,279.75,1186734
2024-07-11 13:15:00,279.5,280.0,277.6000061035156,277.6000061035156,330202
2024-07-12 09:15:00,280.75,281.79998779296875,277.70001220703125,278.0,313488
2024-07-12 13:15:00,278.04998779296875,280.75,277.5,278.0,185902
2024-07-15 09:15:00,279.95001220703125,280.54998779296875,275.5,276.5,174526
2024-07-15 13:15:00,276.5,280.79998779296875,276.3999938964844,279.95001220703125,327712
2024-07-16 09:15:00,280.79998779296875,280.95001220703125,278.5,280.8999938964844,395281
2024-07-16 13:15:00,280.8500061035156,281.45001220703125,279.25,279.8999938964844,235325
2024-07-18 09:15:00,277.0,278.6000061035156,273.79998779296875,274.3500061035156,508070
2024-07-18 13:15:00,274.3999938964844,275.29998779296875,274.1499938964844,274.45001220703125,161500
2024-07-19 09:15:00,275.75,275.75,271.04998779296875,271.25,399131
2024-07-19 13:15:00,271.25,272.25,270.75,271.3999938964844,249532
2024-07-22 09:15:00,271.04998779296875,272.1000061035156,268.75,270.29998779296875,183363
2024-07-22 13:15:00,270.29998779296875,271.6499938964844,269.6499938964844,271.6499938964844,134366
2024-07-23 09:15:00,272.0,274.0,266.70001220703125,270.04998779296875,342894
2024-07-23 13:15:00,270.5,273.3500061035156,270.0,273.04998779296875,114319
2024-07-24 09:15:00,273.3500061035156,275.3999938964844,272.95001220703125,273.6000061035156,181954
2024-07-24 13:15:00,273.79998779296875,274.6000061035156,273.25,273.95001220703125,50439
2024-07-25 09:15:00,272.5,275.0,272.0,274.70001220703125,107905
2024-07-25 13:15:00,274.79998779296875,275.5,274.1000061035156,274.8999938964844,109676
2024-07-26 09:15:00,275.25,275.6000061035156,273.79998779296875,275.0,174102
2024-07-26 13:15:00,275.20001220703125,276.04998779296875,274.6000061035156,274.8500061035156,145810
2024-07-29 09:15:00,278.1000061035156,280.79998779296875,276.54998779296875,280.75,538145
2024-07-29 13:15:00,280.79998779296875,283.8500061035156,279.3500061035156,282.0,1209779
2024-07-30 09:15:00,283.95001220703125,309.3999938964844,282.54998779296875,308.04998779296875,6030085
2024-07-30 13:15:00,308.25,314.1499938964844,301.95001220703125,302.0,7699370
2024-07-31 09:15:00,305.75,309.6499938964844,304.0,309.04998779296875,1352730
2024-07-31 13:15:00,309.1000061035156,310.54998779296875,306.5,307.0,583074
2024-08-01 09:15:00,310.0,310.0,303.79998779296875,305.1000061035156,970758
2024-08-01 13:15:00,305.0,307.0,303.75,306.1000061035156,333078
2024-08-02 09:15:00,301.1000061035156,307.25,298.8999938964844,304.20001220703125,692830
2024-08-02 13:15:00,304.1499938964844,304.5,301.5,302.8999938964844,238312
2024-08-05 09:15:00,298.70001220703125,305.25,294.6000061035156,300.3999938964844,680351
2024-08-05 13:15:00,300.45001220703125,302.0,296.1000061035156,296.5,391284
2024-08-06 09:15:00,295.0,302.6000061035156,295.0,299.8999938964844,621096
2024-08-06 13:15:00,299.6000061035156,299.8999938964844,295.95001220703125,297.04998779296875,364172
2024-08-07 09:15:00,298.0,301.1499938964844,292.0,300.04998779296875,398662
2024-08-07 13:15:00,299.79998779296875,303.04998779296875,297.3999938964844,298.79998779296875,251981
2024-08-08 09:15:00,300.79998779296875,302.70001220703125,296.3999938964844,297.95001220703125,233329
2024-08-08 13:15:00,297.95001220703125,299.04998779296875,294.29998779296875,295.20001220703125,133489
2024-08-09 09:15:00,298.29998779296875,298.29998779296875,292.0,293.75,650707
2024-08-09 13:15:00,293.5,294.5,292.1000061035156,293.70001220703125,133209
2024-08-12 09:15:00,294.70001220703125,296.29998779296875,289.79998779296875,292.1000061035156,541763
2024-08-12 13:15:00,292.04998779296875,296.45001220703125,292.0,296.0,211887
2024-08-13 09:15:00,296.95001220703125,296.95001220703125,290.45001220703125,291.75,208305
2024-08-13 13:15:00,291.5,291.8999938964844,288.5,290.0,117044
2024-08-14 09:15:00,292.79998779296875,292.79998779296875,285.1499938964844,291.3999938964844,199511
2024-08-14 13:15:00,291.25,293.75,290.0,290.04998779296875,132022
2024-08-16 09:15:00,293.8999938964844,294.0,288.54998779296875,290.75,185525
2024-08-16 13:15:00,290.5,291.5,289.3999938964844,290.0,160479
2024-08-19 09:15:00,292.0,294.1499938964844,291.0,294.0,101820
2024-08-19 13:15:00,294.04998779296875,298.25,293.29998779296875,295.1000061035156,414248
2024-08-20 09:15:00,299.0,299.1499938964844,295.0,296.54998779296875,729325
2024-08-20 13:15:00,296.54998779296875,297.0,294.3500061035156,295.5,184979
2024-08-21 09:15:00,297.0,301.75,295.95001220703125,297.8500061035156,1018076
2024-08-21 13:15:00,298.04998779296875,298.1000061035156,296.0,296.70001220703125,182894
2024-08-22 09:15:00,298.6000061035156,305.70001220703125,297.25,300.70001220703125,543400
2024-08-22 13:15:00,300.95001220703125,302.29998779296875,300.25,301.0,187909
2024-08-23 09:15:00,302.6000061035156,303.6000061035156,295.04998779296875,295.8999938964844,312521
2024-08-23 13:15:00,296.20001220703125,296.20001220703125,294.0,294.29998779296875,152702
2024-08-26 09:15:00,296.25,297.0,293.6000061035156,294.95001220703125,136293
2024-08-26 13:15:00,294.95001220703125,296.0,294.1000061035156,295.5,73973
2024-08-27 09:15:00,295.1000061035156,300.79998779296875,294.70001220703125,298.75,328316
2024-08-27 13:15:00,298.75,298.95001220703125,297.0,297.95001220703125,113451
2024-08-28 09:15:00,299.75,300.3500061035156,295.70001220703125,297.0,297854
2024-08-28 13:15:00,297.25,298.20001220703125,296.6499938964844,297.54998779296875,283943
2024-08-29 09:15:00,298.1499938964844,298.1499938964844,289.95001220703125,294.6499938964844,750938
2024-08-29 13:15:00,294.5,298.6000061035156,294.29998779296875,298.1000061035156,286014
2024-08-30 09:15:00,298.29998779296875,299.04998779296875,295.29998779296875,297.29998779296875,99274
2024-08-30 13:15:00,297.29998779296875,297.5,296.0,296.54998779296875,92611
2024-09-02 09:15:00,298.45001220703125,302.45001220703125,297.0,298.29998779296875,92858
2024-09-02 13:15:00,298.3500061035156,298.70001220703125,297.04998779296875,298.0,88276
2024-09-03 09:15:00,299.0,300.25,297.0,299.29998779296875,73869
2024-09-03 13:15:00,299.29998779296875,299.79998779296875,298.0,298.04998779296875,92640
2024-09-04 09:15:00,296.95001220703125,307.45001220703125,296.54998779296875,304.70001220703125,1454588
2024-09-04 13:15:00,304.5,307.0,302.20001220703125,304.20001220703125,559853
2024-09-05 09:15:00,306.8500061035156,312.29998779296875,305.45001220703125,307.3500061035156,1312704
2024-09-05 13:15:00,307.3500061035156,310.95001220703125,306.70001220703125,309.54998779296875,1069739
2024-09-06 09:15:00,312.1000061035156,320.45001220703125,308.04998779296875,308.6499938964844,389434
2024-09-06 13:15:00,308.5,309.70001220703125,303.75,306.95001220703125,417606
2024-09-09 09:15:00,307.1000061035156,308.79998779296875,302.8999938964844,304.79998779296875,175436
2024-09-09 13:15:00,305.0,305.8999938964844,304.1000061035156,304.8500061035156,68253
2024-09-10 09:15:00,306.79998779296875,310.04998779296875,305.3999938964844,306.3999938964844,335767
2024-09-10 13:15:00,306.20001220703125,309.0,306.20001220703125,308.04998779296875,125253
2024-09-11 09:15:00,311.8500061035156,317.1000061035156,311.0,311.70001220703125,928381
2024-09-11 13:15:00,311.6499938964844,317.0,310.25,316.0,1378133
2024-09-12 09:15:00,318.75,319.79998779296875,315.5,315.75,1270574
2024-09-12 13:15:00,315.75,316.95001220703125,314.8999938964844,315.5,286485
2024-09-13 09:15:00,317.0,317.3999938964844,312.04998779296875,312.8999938964844,290449
2024-09-13 13:15:00,313.20001220703125,313.20001220703125,310.04998779296875,311.70001220703125,213213
2024-09-16 09:15:00,313.45001220703125,316.6000061035156,310.79998779296875,315.1000061035156,191750
2024-09-16 13:15:00,315.04998779296875,315.25,312.25,312.75,112518
2024-09-17 09:15:00,312.1000061035156,313.45001220703125,306.75,309.70001220703125,377392
2024-09-17 13:15:00,309.70001220703125,312.3999938964844,308.3500061035156,309.04998779296875,87000
2024-09-18 09:15:00,309.20001220703125,311.0,305.8999938964844,306.5,214965
2024-09-18 13:15:00,306.45001220703125,307.0,305.0,306.04998779296875,74139
2024-09-19 09:15:00,308.75,308.75,301.6000061035156,304.0,437691
2024-09-19 13:15:00,304.0,304.95001220703125,302.1499938964844,304.95001220703125,110251
2024-09-20 09:15:00,304.8500061035156,304.8500061035156,302.04998779296875,304.04998779296875,123746
2024-09-20 13:15:00,303.8999938964844,304.45001220703125,300.1000061035156,302.0,275990
2024-09-23 09:15:00,301.95001220703125,304.0,301.5,303.04998779296875,68883
2024-09-23 13:15:00,303.3999938964844,304.8999938964844,303.0,303.5,161543
2024-09-24 09:15:00,302.3999938964844,305.95001220703125,302.3999938964844,304.04998779296875,157967
2024-09-24 13:15:00,304.25,308.6000061035156,303.79998779296875,308.0,425977
2024-09-25 09:15:00,308.04998779296875,309.1499938964844,305.0,307.79998779296875,223702
2024-09-25 13:15:00,307.8999938964844,309.20001220703125,306.25,307.0,128125
2024-09-26 09:15:00,308.79998779296875,312.95001220703125,306.0,306.3999938964844,127017
2024-09-26 13:15:00,306.3999938964844,306.95001220703125,302.3999938964844,304.04998779296875,183687
2024-09-27 09:15:00,307.1000061035156,311.25,305.20001220703125,308.1000061035156,283369
2024-09-27 13:15:00,308.1000061035156,311.54998779296875,301.3500061035156,309.0,1144170
2024-09-30 09:15:00,309.8500061035156,311.20001220703125,305.29998779296875,309.3500061035156,132613
2024-09-30 13:15:00,309.3500061035156,310.5,307.3999938964844,310.5,194816
2024-10-01 09:15:00,309.79998779296875,310.6499938964844,306.1000061035156,309.79998779296875,292144
2024-10-01 13:15:00,310.1000061035156,312.8999938964844,309.5,311.5,294482
2024-10-03 09:15:00,304.6499938964844,313.1000061035156,302.3999938964844,302.8999938964844,359791
2024-10-03 13:15:00,302.79998779296875,304.45001220703125,299.0,301.0,317302
2024-10-04 09:15:00,300.79998779296875,300.79998779296875,291.70001220703125,294.3500061035156,115549
2024-10-04 13:15:00,294.29998779296875,294.75,291.6499938964844,292.70001220703125,137755
2024-10-07 09:15:00,291.8500061035156,292.0,278.95001220703125,281.6499938964844,224613
2024-10-07 13:15:00,281.3999938964844,283.75,280.04998779296875,281.0,143594
2024-10-08 09:15:00,280.3500061035156,285.8999938964844,279.1499938964844,285.75,208419
2024-10-08 13:15:00,285.54998779296875,287.70001220703125,284.5,287.5,107683
2024-10-09 09:15:00,290.45001220703125,294.0,289.5,292.70001220703125,234192
2024-10-09 13:15:00,292.70001220703125,292.79998779296875,290.95001220703125,291.95001220703125,88124
2024-10-10 09:15:00,292.6000061035156,295.79998779296875,290.6000061035156,291.54998779296875,105754
2024-10-10 13:15:00,291.54998779296875,292.0,291.0,291.5,50225
2024-10-11 09:15:00,291.3500061035156,291.8500061035156,288.29998779296875,289.29998779296875,59754
2024-10-11 13:15:00,289.29998779296875,289.5,288.1000061035156,288.1000061035156,68253
2024-10-14 09:15:00,290.20001220703125,290.20001220703125,285.0,287.6000061035156,97756
2024-10-14 13:15:00,287.25,288.75,287.0,287.0,65588
2024-10-15 09:15:00,290.0,292.29998779296875,286.70001220703125,288.20001220703125,259007
2024-10-15 13:15:00,288.5,289.1499938964844,285.70001220703125,286.5,244578
2024-10-16 09:15:00,289.75,291.0,286.70001220703125,287.0,140431
2024-10-16 13:15:00,286.75,298.70001220703125,285.1499938964844,297.5,723396
2024-10-17 09:15:00,298.45001220703125,298.45001220703125,288.5,289.1000061035156,89187
2024-10-17 13:15:00,289.3999938964844,289.45001220703125,286.0,286.0,110025
2024-10-18 09:15:00,285.29998779296875,287.95001220703125,282.04998779296875,286.1000061035156,77480
2024-10-18 13:15:00,286.29998779296875,288.0,286.0,287.1499938964844,77606
2024-10-21 09:15:00,288.5,288.54998779296875,282.54998779296875,282.54998779296875,82552
2024-10-21 13:15:00,282.70001220703125,283.70001220703125,278.1499938964844,279.0,221613
2024-10-22 09:15:00,278.79998779296875,279.95001220703125,271.0,275.25,254789
2024-10-22 13:15:00,275.0,277.3999938964844,274.3999938964844,274.79998779296875,380438
2024-10-23 09:15:00,275.29998779296875,279.20001220703125,267.25,278.0,351499
2024-10-23 13:15:00,278.0,278.20001220703125,273.20001220703125,273.54998779296875,226104
2024-10-24 09:15:00,276.6000061035156,276.6000061035156,271.6000061035156,272.54998779296875,109900
2024-10-24 13:15:00,272.6000061035156,273.0,270.1499938964844,271.20001220703125,117242
2024-10-25 09:15:00,274.0,277.3999938964844,265.75,276.25,462383
2024-10-25 13:15:00,276.3999938964844,279.79998779296875,275.75,279.04998779296875,537743
2024-10-28 09:15:00,282.8500061035156,287.29998779296875,277.8500061035156,285.3999938964844,198714
2024-10-28 13:15:00,285.3999938964844,286.0,281.54998779296875,282.25,116011
2024-10-29 09:15:00,284.79998779296875,286.75,280.6000061035156,285.6000061035156,89195
2024-10-29 13:15:00,285.75,288.20001220703125,284.6499938964844,286.54998779296875,145722
2024-10-30 09:15:00,285.95001220703125,286.25,283.70001220703125,284.20001220703125,148510
2024-10-30 13:15:00,284.20001220703125,286.25,283.3500061035156,285.6000061035156,135452
2024-10-31 09:15:00,286.8500061035156,286.8500061035156,283.79998779296875,284.75,56592
2024-10-31 13:15:00,284.75,286.5,283.54998779296875,286.20001220703125,149991
2024-11-04 09:15:00,284.45001220703125,285.8999938964844,282.45001220703125,285.25,149984
2024-11-04 13:15:00,285.45001220703125,286.5,284.3999938964844,284.8500061035156,94588
2024-11-05 09:15:00,284.8500061035156,285.20001220703125,283.04998779296875,283.3500061035156,40685
2024-11-05 13:15:00,283.3500061035156,284.70001220703125,282.54998779296875,283.8999938964844,83778
2024-11-06 09:15:00,285.3500061035156,289.3500061035156,283.1000061035156,284.70001220703125,300408
2024-11-06 13:15:00,284.8999938964844,286.6000061035156,284.3999938964844,285.6499938964844,112709
2024-11-07 09:15:00,282.54998779296875,282.6499938964844,278.29998779296875,280.0,151267
2024-11-07 13:15:00,280.0,280.45001220703125,278.70001220703125,278.70001220703125,132553
2024-11-08 09:15:00,280.3500061035156,280.3500061035156,271.04998779296875,272.0,161325
2024-11-08 13:15:00,272.04998779296875,272.3500061035156,270.6000061035156,271.0,110095
2024-11-11 09:15:00,264.8500061035156,268.8999938964844,264.6499938964844,266.45001220703125,93199
2024-11-11 13:15:00,266.75,270.20001220703125,265.8500061035156,268.25,54281
2024-11-12 09:15:00,268.5,273.70001220703125,268.5,272.0,63617
2024-11-12 13:15:00,272.20001220703125,274.3999938964844,264.6000061035156,265.0,142804
2024-11-13 09:15:00,264.70001220703125,265.95001220703125,261.0,262.6000061035156,59028
2024-11-13 13:15:00,262.25,263.54998779296875,261.1000061035156,262.29998779296875,61889
2024-11-14 09:15:00,262.70001220703125,265.5,260.04998779296875,262.5,97240
2024-11-14 13:15:00,262.5,262.95001220703125,258.6000061035156,259.25,118604
2024-11-18 09:15:00,261.8500061035156,263.04998779296875,258.54998779296875,262.20001220703125,43416
2024-11-18 13:15:00,262.20001220703125,265.04998779296875,261.0,261.6499938964844,80029
2024-11-19 09:15:00,263.04998779296875,264.6000061035156,260.79998779296875,261.04998779296875,101193
2024-11-19 13:15:00,261.5,262.70001220703125,259.0,261.1000061035156,95618
2024-11-21 09:15:00,259.8500061035156,259.8500061035156,252.75,253.5,132093
2024-11-21 13:15:00,253.5,256.0,253.1000061035156,255.6000061035156,119370
2024-11-22 09:15:00,255.4499969482422,270.8999938964844,255.4499969482422,268.0,882272
2024-11-22 13:15:00,267.8500061035156,270.5,263.6499938964844,266.0,456091
2024-11-25 09:15:00,269.3999938964844,276.5,268.75,269.3999938964844,212970
2024-11-25 13:15:00,269.1499938964844,269.3999938964844,264.29998779296875,266.1000061035156,420066
2024-11-26 09:15:00,266.25,269.29998779296875,265.1499938964844,267.6000061035156,39752
2024-11-26 13:15:00,267.6000061035156,277.1000061035156,266.3999938964844,274.3500061035156,175232
2024-11-27 09:15:00,274.29998779296875,275.20001220703125,270.5,271.0,58510
2024-11-27 13:15:00,271.0,276.1000061035156,270.3500061035156,275.3500061035156,107097
2024-11-28 09:15:00,277.3999938964844,277.8999938964844,273.79998779296875,276.5,64194
2024-11-28 13:15:00,276.75,276.79998779296875,273.6000061035156,274.5,65810
2024-11-29 09:15:00,275.0,276.8500061035156,271.6499938964844,276.75,45163
2024-11-29 13:15:00,277.0,281.8999938964844,276.6499938964844,280.0,129710
2024-12-02 09:15:00,282.04998779296875,282.04998779296875,275.79998779296875,277.0,74349
2024-12-02 13:15:00,277.0,277.95001220703125,275.1499938964844,277.79998779296875,64843
2024-12-03 09:15:00,277.3999938964844,279.0,276.6000061035156,277.8500061035156,44607
2024-12-03 13:15:00,277.6000061035156,286.3999938964844,275.0,282.1000061035156,169313
2024-12-04 09:15:00,282.25,283.95001220703125,277.04998779296875,278.5,99142
2024-12-04 13:15:00,278.5,279.45001220703125,278.0,278.3500061035156,74284
2024-12-05 09:15:00,279.75,282.3500061035156,276.79998779296875,277.8999938964844,41110
2024-12-05 13:15:00,277.8999938964844,278.5,274.3999938964844,277.8999938964844,101636
2024-12-06 09:15:00,277.45001220703125,280.29998779296875,276.04998779296875,278.6000061035156,38788
2024-12-06 13:15:00,278.6000061035156,278.6000061035156,276.5,278.0,46041
2024-12-09 09:15:00,277.3999938964844,279.0,275.54998779296875,276.0,26934
2024-12-09 13:15:00,275.75,276.29998779296875,272.45001220703125,273.29998779296875,124854
2024-12-10 09:15:00,271.75,271.8999938964844,261.8500061035156,262.1000061035156,1012682
2024-12-10 13:15:00,262.25,264.6000061035156,259.0,264.1000061035156,1165885
2024-12-11 09:15:00,264.6000061035156,266.5,262.79998779296875,264.6499938964844,166954
2024-12-11 13:15:00,264.54998779296875,264.8999938964844,263.1000061035156,263.79998779296875,140321
2024-12-12 09:15:00,263.8999938964844,263.8999938964844,260.6000061035156,262.29998779296875,219089
2024-12-12 13:15:00,262.0,263.70001220703125,261.5,261.75,119640
2024-12-13 09:15:00,262.0,262.95001220703125,259.20001220703125,260.8500061035156,107628
2024-12-13 13:15:00,260.8500061035156,263.20001220703125,259.95001220703125,262.70001220703125,158459
2024-12-16 09:15:00,263.0,264.54998779296875,260.54998779296875,261.6000061035156,222018
2024-12-16 13:15:00,261.8999938964844,262.29998779296875,261.04998779296875,261.6499938964844,121314
2024-12-17 09:15:00,261.95001220703125,262.1499938964844,260.0,261.29998779296875,139726
2024-12-17 13:15:00,261.29998779296875,262.45001220703125,260.79998779296875,261.70001220703125,140223
2024-12-18 09:15:00,261.04998779296875,262.20001220703125,258.3500061035156,260.54998779296875,161516
2024-12-18 13:15:00,260.45001220703125,262.70001220703125,259.5,261.95001220703125,136584
2024-12-19 09:15:00,258.8999938964844,258.8999938964844,256.3999938964844,257.6000061035156,87360
2024-12-19 13:15:00,257.6000061035156,257.8500061035156,256.3999938964844,257.45001220703125,123985
2024-12-20 09:15:00,257.70001220703125,260.6000061035156,256.3999938964844,258.5,93054
2024-12-20 13:15:00,258.8500061035156,264.54998779296875,258.5,263.5,439147
2024-12-23 09:15:00,266.45001220703125,268.95001220703125,263.1000061035156,263.75,90260
2024-12-23 13:15:00,263.75,266.0,263.5,265.1499938964844,96769
2024-12-24 09:15:00,265.0,265.8999938964844,263.25,264.3999938964844,59009
2024-12-24 13:15:00,264.3999938964844,265.8999938964844,261.95001220703125,263.1000061035156,158001
2024-12-26 09:15:00,263.1000061035156,263.6000061035156,260.79998779296875,261.45001220703125,27199
2024-12-26 13:15:00,261.45001220703125,261.8500061035156,260.6000061035156,261.29998779296875,42059
2024-12-27 09:15:00,262.45001220703125,263.54998779296875,261.1499938964844,261.8999938964844,30439
2024-12-27 13:15:00,261.95001220703125,262.45001220703125,261.0,261.29998779296875,39630
2024-12-30 09:15:00,261.29998779296875,269.6499938964844,260.04998779296875,267.5,193076
2024-12-30 13:15:00,267.6000061035156,268.79998779296875,255.8500061035156,258.8500061035156,448583
2024-12-31 09:15:00,258.3500061035156,265.29998779296875,257.70001220703125,265.20001220703125,93858
2024-12-31 13:15:00,265.20001220703125,265.5,264.29998779296875,265.0,84888
2025-01-01 09:15:00,264.45001220703125,266.3500061035156,263.45001220703125,265.04998779296875,31891
2025-01-01 13:15:00,265.04998779296875,265.1499938964844,263.1499938964844,264.0,37090
2025-01-02 09:15:00,264.95001220703125,264.95001220703125,260.29998779296875,262.0,67302
2025-01-02 13:15:00,261.75,263.1000061035156,261.5,262.3999938964844,73803
2025-01-03 09:15:00,263.6499938964844,263.79998779296875,261.54998779296875,262.5,104747
2025-01-03 13:15:00,262.54998779296875,262.6499938964844,261.1000061035156,261.54998779296875,97139
2025-01-06 09:15:00,261.95001220703125,262.29998779296875,255.75,256.3999938964844,144555
2025-01-06 13:15:00,256.3999938964844,257.8500061035156,255.5,257.70001220703125,244770
2025-01-07 09:15:00,257.75,259.95001220703125,255.75,259.79998779296875,57058
2025-01-07 13:15:00,259.54998779296875,261.54998779296875,259.29998779296875,261.0,64203
2025-01-08 09:15:00,260.5,260.5,256.5,256.75,53645
2025-01-08 13:15:00,256.95001220703125,258.0,256.1000061035156,257.25,78132
2025-01-09 09:15:00,258.0,259.79998779296875,256.29998779296875,258.20001220703125,85010
2025-01-09 13:15:00,258.20001220703125,258.8999938964844,256.5,256.54998779296875,35419
2025-01-10 09:15:00,257.8500061035156,257.8500061035156,252.1499938964844,255.3500061035156,46773
2025-01-10 13:15:00,255.3500061035156,255.3999938964844,252.5,253.6999969482422,567878
2025-01-13 09:15:00,252.8999938964844,252.8999938964844,246.3500061035156,247.0,96614
2025-01-13 13:15:00,247.0,247.9499969482422,244.0500030517578,245.9499969482422,145742
2025-01-14 09:15:00,246.6499938964844,247.0,242.8999938964844,243.3500061035156,141685
2025-01-14 13:15:00,243.1499938964844,244.1999969482422,242.0,244.1999969482422,128049
2025-01-15 09:15:00,244.6499938964844,246.8000030517578,242.1000061035156,243.8000030517578,136257
2025-01-15 13:15:00,243.9499969482422,244.6999969482422,241.3000030517578,244.1999969482422,185959
2025-01-16 09:15:00,244.9499969482422,244.9499969482422,242.1000061035156,243.5,107371
2025-01-16 13:15:00,243.25,244.75,242.25,243.0,99195
2025-01-17 09:15:00,244.4499969482422,245.8500061035156,242.5500030517578,244.3999938964844,52904
2025-01-17 13:15:00,244.3999938964844,244.8000030517578,244.0,244.8000030517578,38108
2025-01-20 09:15:00,245.1499938964844,245.1499938964844,242.5500030517578,244.3999938964844,94727
2025-01-20 13:15:00,244.5,245.75,243.8000030517578,243.8000030517578,92257
2025-01-21 09:15:00,245.9499969482422,251.0,245.5,247.4499969482422,55451
2025-01-21 13:15:00,247.4499969482422,248.0500030517578,245.5,246.8999938964844,48970
2025-01-22 09:15:00,246.1499938964844,246.1499938964844,241.1499938964844,241.8999938964844,65403
2025-01-22 13:15:00,241.8500061035156,243.25,240.8000030517578,242.6999969482422,56281
2025-01-23 09:15:00,242.5,244.3999938964844,241.0500030517578,243.1499938964844,67260
2025-01-23 13:15:00,243.1000061035156,243.1999969482422,241.0,241.3999938964844,135787
2025-01-24 09:15:00,242.6999969482422,244.25,240.3500061035156,242.75,101069
2025-01-24 13:15:00,242.75,242.9499969482422,241.1999969482422,241.5,75508
2025-01-27 09:15:00,241.1999969482422,241.3000030517578,235.0,236.0,116341
2025-01-27 13:15:00,236.0,238.8000030517578,235.0,237.9499969482422,129830
2025-01-28 09:15:00,237.8999938964844,239.1499938964844,230.5500030517578,234.0500030517578,180012
2025-01-28 13:15:00,234.25,234.25,231.1499938964844,231.8000030517578,403196
2025-01-29 09:15:00,232.9499969482422,240.8999938964844,232.0500030517578,237.25,3030917
2025-01-29 13:15:00,237.25,239.9499969482422,236.0,237.25,434294
2025-01-30 09:15:00,240.9499969482422,240.9499969482422,236.3500061035156,237.5,65008
2025-01-30 13:15:00,237.5,237.5500030517578,234.6000061035156,236.9499969482422,85934
2025-01-31 09:15:00,237.1000061035156,237.1000061035156,233.1999969482422,234.6999969482422,109067
2025-01-31 13:15:00,234.6999969482422,235.1999969482422,232.8999938964844,233.0500030517578,320778
2025-02-03 09:15:00,237.1499938964844,241.58999633789065,236.25,240.0800018310547,105586
2025-02-03 13:15:00,240.1000061035156,248.8500061035156,239.75,245.0,569470
2025-02-04 09:15:00,247.5,247.5,243.3500061035156,244.9900054931641,55420
2025-02-04 13:15:00,244.9900054931641,250.25,244.7100067138672,247.66000366210935,187226
2025-02-05 09:15:00,247.0,247.8600006103516,243.6000061035156,244.75,232757
2025-02-05 13:15:00,244.9199981689453,246.72000122070312,244.72000122070312,245.5,108865
2025-02-06 09:15:00,257.1499938964844,258.45001220703125,251.0,252.4900054931641,2245189
2025-02-06 13:15:00,252.6699981689453,255.0,251.5800018310547,253.7899932861328,440626
2025-02-07 09:15:00,250.6300048828125,251.8300018310547,246.77999877929688,249.13999938964844,155045
2025-02-07 13:15:00,249.13999938964844,250.0,247.0500030517578,248.97999572753903,126947
2025-02-10 09:15:00,251.07000732421875,251.07000732421875,243.75999450683597,244.9900054931641,85611
2025-02-10 13:15:00,244.9900054931641,245.0800018310547,240.8500061035156,240.8500061035156,122658
2025-02-11 09:15:00,242.4499969482422,242.4499969482422,237.6199951171875,238.66000366210935,85523
2025-02-11 13:15:00,238.6699981689453,239.5,237.16000366210935,238.5,88469
2025-02-12 09:15:00,238.55999755859372,238.55999755859372,231.8000030517578,233.52999877929688,135269
2025-02-12 13:15:00,233.4499969482422,234.4499969482422,231.67999267578125,233.8800048828125,122319
2025-02-13 09:15:00,235.3999938964844,237.9499969482422,234.5800018310547,235.42999267578125,78147
2025-02-13 13:15:00,235.33999633789065,236.8000030517578,233.5200042724609,233.8999938964844,122605
2025-02-14 09:15:00,235.0,235.0,227.0,227.44000244140625,87566
2025-02-14 13:15:00,227.44000244140625,232.42999267578125,227.05999755859372,231.3999938964844,61310
2025-02-17 09:15:00,231.5,232.3600006103516,224.5,228.83999633789065,133651
2025-02-17 13:15:00,228.83999633789065,231.5,227.4199981689453,229.8000030517578,162037
2025-02-18 09:15:00,230.6999969482422,231.8800048828125,227.8699951171875,228.88999938964844,51203
2025-02-18 13:15:00,228.7400054931641,229.1999969482422,227.50999450683597,228.4199981689453,70634
2025-02-19 09:15:00,227.6000061035156,230.6000061035156,226.6699981689453,228.8600006103516,89194
2025-02-19 13:15:00,228.8300018310547,231.9900054931641,228.1499938964844,230.2100067138672,75220
2025-02-20 09:15:00,230.9600067138672,239.5,230.2100067138672,234.6000061035156,140687
2025-02-20 13:15:00,234.3699951171875,237.13999938964844,233.6199951171875,235.1100006103516,74341
2025-02-21 09:15:00,236.17999267578125,239.47999572753903,233.1000061035156,237.97999572753903,53767
2025-02-21 13:15:00,237.7899932861328,243.5,236.6499938964844,241.6300048828125,152434
2025-02-24 09:15:00,239.82000732421875,241.13999938964844,236.91000366210935,237.22999572753903,45133
2025-02-24 13:15:00,237.2400054931641,237.67999267578125,234.6199951171875,235.3999938964844,94809
2025-02-25 09:15:00,236.58999633789065,236.6000061035156,232.2100067138672,232.97999572753903,54769
2025-02-25 13:15:00,232.97999572753903,232.97999572753903,230.6000061035156,231.1300048828125,68301
2025-02-27 09:15:00,231.69000244140625,232.27999877929688,227.2700042724609,227.8999938964844,64268
2025-02-27 13:15:00,227.91000366210935,231.4199981689453,227.07000732421875,231.4199981689453,70944
2025-02-28 09:15:00,228.75,228.9600067138672,222.00999450683597,222.16000366210935,85373
2025-02-28 13:15:00,222.16000366210935,228.13999938964844,221.4199981689453,226.66000366210935,184875
2025-03-03 09:15:00,227.8000030517578,227.8000030517578,219.00999450683597,223.3800048828125,85466
2025-03-03 13:15:00,223.3800048828125,223.6999969482422,220.02999877929688,221.77999877929688,81435
2025-03-04 09:15:00,220.5,223.6999969482422,218.1999969482422,222.52999877929688,72893
2025-03-04 13:15:00,222.3699951171875,224.3999938964844,221.75999450683597,223.25,56447
2025-03-05 09:15:00,224.00999450683597,229.07000732421875,223.8000030517578,227.97999572753903,70143
2025-03-05 13:15:00,227.8999938964844,230.0,226.8699951171875,230.0,129974
2025-03-06 09:15:00,233.9900054931641,234.8999938964844,231.3699951171875,233.5,72744
2025-03-06 13:15:00,233.66000366210935,235.0,233.0,234.3800048828125,71803
2025-03-07 09:15:00,235.5800018310547,237.88999938964844,232.6999969482422,235.9600067138672,84192
2025-03-07 13:15:00,235.97999572753903,237.66000366210935,235.13999938964844,235.97000122070312,71946
2025-03-10 09:15:00,237.7400054931641,239.1699981689453,231.8999938964844,232.6199951171875,60678
2025-03-10 13:15:00,232.4199981689453,233.5,228.42999267578125,232.02999877929688,121558
2025-03-11 09:15:00,229.5800018310547,233.91000366210935,228.94000244140625,231.0,83988
2025-03-11 13:15:00,231.0200042724609,233.2100067138672,230.63999938964844,232.72999572753903,83150
2025-03-12 09:15:00,233.17999267578125,234.42999267578125,227.0,227.3300018310547,72230
2025-03-12 13:15:00,227.38999938964844,228.5,226.5500030517578,228.5,132240
2025-03-13 09:15:00,229.41000366210935,230.16000366210935,224.32000732421875,224.5800018310547,82699
2025-03-13 13:15:00,224.8500061035156,225.2700042724609,224.0,224.6499938964844,205826
2025-03-17 09:15:00,224.13999938964844,226.42999267578125,223.0500030517578,225.0,145623
2025-03-17 13:15:00,225.0,225.80999755859372,225.0,225.0500030517578,110602
2025-03-18 09:15:00,226.3999938964844,231.7899932861328,225.7100067138672,229.80999755859372,100989
2025-03-18 13:15:00,229.8800048828125,230.6699981689453,229.0,229.8500061035156,68038
2025-03-19 09:15:00,231.1999969482422,237.3000030517578,230.7700042724609,236.6100006103516,181785
2025-03-19 13:15:00,236.6100006103516,238.7899932861328,234.02999877929688,236.22000122070312,218319
2025-03-20 09:15:00,236.6999969482422,239.83999633789065,235.5200042724609,237.13999938964844,66466
2025-03-20 13:15:00,237.13999938964844,237.92999267578125,236.0500030517578,237.6000061035156,84871
2025-03-21 09:15:00,237.6300048828125,243.97999572753903,236.08999633789065,242.6199951171875,237828
2025-03-21 13:15:00,242.58999633789065,247.5,241.0,243.5,522962
2025-03-24 09:15:00,246.1999969482422,246.1999969482422,242.97000122070312,244.4499969482422,66810
2025-03-24 13:15:00,244.44000244140625,245.2400054931641,242.9600067138672,243.6300048828125,99967
2025-03-25 09:15:00,244.83999633789065,244.83999633789065,237.1000061035156,237.1100006103516,140117
2025-03-25 13:15:00,237.3000030517578,238.8999938964844,236.75,236.75,100927
2025-03-26 09:15:00,239.4900054931641,240.63999938964844,235.1999969482422,238.00999450683597,114779
2025-03-26 13:15:00,238.30999755859372,238.7400054931641,237.0,238.0500030517578,101874
2025-03-27 09:15:00,237.19000244140625,238.82000732421875,235.30999755859372,235.7100067138672,81646
2025-03-27 13:15:00,235.72000122070312,236.5200042724609,231.33999633789065,233.6300048828125,248794
2025-03-28 09:15:00,235.0,239.0399932861328,233.7700042724609,234.2899932861328,125535
2025-03-28 13:15:00,234.2899932861328,234.8300018310547,231.8000030517578,233.3999938964844,249612
2025-04-01 09:15:00,234.8500061035156,236.1000061035156,231.57000732421875,235.6199951171875,81328
2025-04-01 13:15:00,235.50999450683597,238.5,235.1000061035156,237.8300018310547,86630
2025-04-02 09:15:00,239.0,240.8000030517578,234.75999450683597,240.22999572753903,58094
2025-04-02 13:15:00,240.32000732421875,241.3699951171875,239.63999938964844,240.8600006103516,72572
2025-04-03 09:15:00,238.30999755859372,244.0200042724609,238.30999755859372,242.8800048828125,44604
2025-04-03 13:15:00,242.8800048828125,243.94000244140625,241.8999938964844,241.8999938964844,32788
2025-04-04 09:15:00,244.13999938964844,244.13999938964844,237.0,238.88999938964844,39345
2025-04-04 13:15:00,238.83999633789065,240.32000732421875,236.6999969482422,239.5,58576
2025-04-07 09:15:00,228.72000122070312,233.5200042724609,227.52999877929688,231.8999938964844,71173
2025-04-07 13:15:00,231.8999938964844,236.6000061035156,231.41000366210935,235.1000061035156,58751
2025-04-08 09:15:00,237.1499938964844,241.77999877929688,236.25999450683597,240.77999877929688,79421
2025-04-08 13:15:00,240.75999450683597,245.52999877929688,240.50999450683597,243.2899932861328,249392
2025-04-09 09:15:00,243.9900054931641,247.72000122070312,240.2100067138672,247.0800018310547,95568
2025-04-09 13:15:00,247.0800018310547,247.0800018310547,244.0,244.83999633789065,85342
2025-04-11 09:15:00,248.0200042724609,248.3999938964844,244.42999267578125,247.6999969482422,77218
2025-04-11 13:15:00,247.7899932861328,250.5500030517578,247.6000061035156,249.5800018310547,191827
2025-04-15 09:15:00,250.3000030517578,254.88999938964844,249.6000061035156,254.00999450683597,183747
2025-04-15 13:15:00,253.9900054931641,256.9200134277344,253.6000061035156,254.3000030517578,189060
2025-04-16 09:15:00,256.0,257.6300048828125,253.6199951171875,256.5,101267
2025-04-16 13:15:00,256.5,261.45001220703125,256.4200134277344,259.8699951171875,200049
2025-04-17 09:15:00,259.8699951171875,259.8699951171875,255.50999450683597,256.7300109863281,87433
2025-04-17 13:15:00,256.7300109863281,259.54998779296875,256.20001220703125,258.1199951171875,127259
2025-04-21 09:15:00,265.0,265.3900146484375,258.0199890136719,265.0599975585937,217442
2025-04-21 13:15:00,265.04998779296875,268.1199951171875,263.75,265.04998779296875,216111
2025-04-22 09:15:00,265.17999267578125,269.6600036621094,262.0599975585937,266.1000061035156,336971
2025-04-22 13:15:00,266.0,271.1600036621094,265.8299865722656,269.95001220703125,237459
2025-04-23 09:15:00,269.2699890136719,269.69000244140625,262.7300109863281,266.2799987792969,87776
2025-04-23 13:15:00,266.2799987792969,269.0,265.7799987792969,267.95001220703125,56326
2025-04-24 09:15:00,267.2300109863281,269.32000732421875,265.6000061035156,265.9700012207031,114064
2025-04-24 13:15:00,265.95001220703125,267.0,265.010009765625,266.0,36426
2025-04-25 09:15:00,265.8800048828125,266.9100036621094,257.489990234375,262.3599853515625,80511
2025-04-25 13:15:00,262.3099975585937,263.2699890136719,260.3699951171875,262.2099914550781,95345
2025-04-28 09:15:00,260.0,263.3500061035156,259.2799987792969,260.3399963378906,33642
2025-04-28 13:15:00,260.3299865722656,264.2200012207031,259.510009765625,261.7699890136719,80877
2025-04-29 09:15:00,261.70001220703125,266.7200012207031,261.70001220703125,265.0,61793
2025-04-29 13:15:00,264.9800109863281,269.0,264.260009765625,266.989990234375,209984
2025-04-30 09:15:00,266.8099975585937,266.8099975585937,260.6199951171875,261.5599975585937,41764
2025-04-30 13:15:00,261.5599975585937,261.79998779296875,255.1199951171875,257.1700134277344,142421
2025-05-02 09:15:00,257.79998779296875,260.29998779296875,253.3500061035156,256.1499938964844,41655
2025-05-02 13:15:00,255.8000030517578,256.95001220703125,254.1000061035156,254.75,49221
2025-05-05 09:15:00,257.3999938964844,257.45001220703125,254.5500030517578,256.6000061035156,89610
2025-05-05 13:15:00,256.5,256.79998779296875,253.6999969482422,255.3999938964844,106861
2025-05-06 09:15:00,256.25,258.29998779296875,253.3500061035156,255.1999969482422,38955
2025-05-06 13:15:00,255.1999969482422,255.3000030517578,252.3500061035156,253.3500061035156,75568
2025-05-07 09:15:00,245.3000030517578,255.8500061035156,244.6499938964844,254.0500030517578,119919
2025-05-07 13:15:00,254.0500030517578,256.0,253.25,254.8500061035156,102305
2025-05-08 09:15:00,257.29998779296875,258.1499938964844,253.5,253.6000061035156,49222
2025-05-08 13:15:00,253.5,253.75,250.0,252.3500061035156,171708
2025-05-09 09:15:00,248.6000061035156,254.0,247.0500030517578,253.25,59159
2025-05-09 13:15:00,253.0500030517578,258.45001220703125,252.3999938964844,257.75,162046
2025-05-12 09:15:00,262.25,263.79998779296875,258.0,260.0,70074
2025-05-12 13:15:00,259.79998779296875,261.70001220703125,259.5,259.5,59744
2025-05-13 09:15:00,260.3500061035156,261.95001220703125,256.29998779296875,257.75,102388
2025-05-13 13:15:00,257.75,263.29998779296875,257.45001220703125,260.29998779296875,68422
2025-05-14 09:15:00,261.0,262.8999938964844,259.6499938964844,260.95001220703125,72819
2025-05-14 13:15:00,260.8999938964844,261.5,258.20001220703125,260.29998779296875,75128
2025-05-15 09:15:00,260.29998779296875,265.54998779296875,260.29998779296875,265.45001220703125,70843
2025-05-15 13:15:00,265.5,267.5,264.8500061035156,265.20001220703125,134554
2025-05-16 09:15:00,266.29998779296875,266.95001220703125,263.6000061035156,265.29998779296875,48593
2025-05-16 13:15:00,265.3500061035156,265.95001220703125,262.5,263.8500061035156,50648
2025-05-19 09:15:00,264.0,266.6499938964844,260.1000061035156,264.1000061035156,80924
2025-05-19 13:15:00,264.1499938964844,266.0,263.20001220703125,264.20001220703125,67729
2025-05-20 09:15:00,263.70001220703125,266.0,261.3500061035156,262.0,27630
2025-05-20 13:15:00,261.95001220703125,265.0,261.20001220703125,263.70001220703125,64978
2025-05-21 09:15:00,263.6499938964844,265.5,260.0,263.3999938964844,58271
2025-05-21 13:15:00,263.3999938964844,265.79998779296875,262.0,264.70001220703125,54908
2025-05-22 09:15:00,263.79998779296875,264.20001220703125,260.8999938964844,261.20001220703125,21865
2025-05-22 13:15:00,261.20001220703125,262.8999938964844,260.45001220703125,262.70001220703125,66183
2025-05-23 09:15:00,262.95001220703125,264.29998779296875,258.29998779296875,261.54998779296875,54998
2025-05-23 13:15:00,261.45001220703125,261.75,259.54998779296875,260.20001220703125,42679
2025-05-26 09:15:00,260.0,262.70001220703125,251.8999938964844,252.3999938964844,283866
2025-05-26 13:15:00,252.3500061035156,255.75,250.6499938964844,254.6999969482422,331963
2025-05-27 09:15:00,256.0,257.95001220703125,253.75,256.3999938964844,53674
2025-05-27 13:15:00,256.04998779296875,257.79998779296875,255.3999938964844,257.04998779296875,70006
2025-05-28 09:15:00,257.04998779296875,257.8999938964844,254.1000061035156,254.9499969482422,48008
2025-05-28 13:15:00,254.9499969482422,255.9499969482422,253.5500030517578,254.3000030517578,118350
2025-05-29 09:15:00,254.8500061035156,255.1000061035156,252.4499969482422,253.8000030517578,60485
2025-05-29 13:15:00,253.8000030517578,254.5,253.1000061035156,253.8000030517578,64554
2025-05-30 09:15:00,254.6999969482422,254.6999969482422,251.3999938964844,252.6999969482422,45153
2025-05-30 13:15:00,252.3500061035156,255.0,252.1499938964844,253.8999938964844,111084
2025-06-02 09:15:00,254.4499969482422,254.5,250.5,253.1999969482422,88018
2025-06-02 13:15:00,252.8999938964844,253.3500061035156,251.3000030517578,252.3999938964844,55547
2025-06-03 09:15:00,253.3000030517578,253.3000030517578,251.0,251.8500061035156,22910
2025-06-03 13:15:00,251.8500061035156,251.8500061035156,250.1000061035156,250.25,33298
2025-06-04 09:15:00,249.3500061035156,250.8000030517578,248.25,248.3000030517578,57005
2025-06-04 13:15:00,248.4499969482422,249.0,248.1000061035156,248.9499969482422,42401
2025-06-05 09:15:00,248.6999969482422,251.0500030517578,248.5,248.75,75779
2025-06-05 13:15:00,248.5500030517578,248.75,246.5,248.5500030517578,68371
2025-06-06 09:15:00,248.25,250.3999938964844,247.0500030517578,249.5,64358
2025-06-06 13:15:00,249.6999969482422,249.75,248.5,249.1499938964844,21434
2025-06-09 09:15:00,248.5,251.0500030517578,248.25,250.1999969482422,61726
2025-06-09 13:15:00,250.1999969482422,250.9499969482422,249.5,250.9499969482422,56794
2025-06-10 09:15:00,251.8999938964844,255.8500061035156,251.0,254.1000061035156,145670
2025-06-10 13:15:00,254.0,254.6999969482422,253.25,254.0,91792
2025-06-11 09:15:00,254.3500061035156,255.25,251.1000061035156,251.6499938964844,180296
2025-06-11 13:15:00,251.8000030517578,252.0,250.3500061035156,250.8000030517578,116024
2025-06-12 09:15:00,250.5,252.8000030517578,250.3000030517578,251.1499938964844,109134
2025-06-12 13:15:00,251.1499938964844,251.5,248.8500061035156,249.3000030517578,154888
2025-06-13 09:15:00,243.8500061035156,245.8999938964844,241.1999969482422,242.9499969482422,87478
2025-06-13 13:15:00,242.9499969482422,243.0,241.75,242.4499969482422,119443
2025-06-16 09:15:00,242.25,244.6999969482422,239.3999938964844,240.6499938964844,49108
2025-06-16 13:15:00,240.6499938964844,242.3000030517578,240.5500030517578,242.0,76318
2025-06-17 09:15:00,241.1499938964844,247.0500030517578,240.75,244.25,158927
2025-06-17 13:15:00,244.3999938964844,244.6999969482422,242.6499938964844,243.0,60648
2025-06-18 09:15:00,242.8500061035156,244.4499969482422,241.1000061035156,242.3999938964844,120453
2025-06-18 13:15:00,242.3500061035156,244.3000030517578,241.6000061035156,243.8500061035156,56946
2025-06-19 09:15:00,244.0,244.1499938964844,240.5500030517578,240.8500061035156,73304
2025-06-19 13:15:00,240.5500030517578,242.1499938964844,240.0,240.6999969482422,57039
2025-06-20 09:15:00,240.8999938964844,241.6499938964844,237.5,238.9499969482422,49329
2025-06-20 13:15:00,239.0,241.0,238.3999938964844,240.6000061035156,89301
2025-06-23 09:15:00,237.1000061035156,240.0,235.1999969482422,239.3999938964844,43450
2025-06-23 13:15:00,239.6000061035156,239.6499938964844,238.1999969482422,238.6999969482422,41560
2025-06-24 09:15:00,243.8000030517578,244.8999938964844,242.1000061035156,244.0,145885
2025-06-24 13:15:00,244.0,244.0,240.6000061035156,242.8500061035156,63999
2025-06-25 09:15:00,244.3000030517578,245.75,242.4499969482422,243.9499969482422,138256
2025-06-25 13:15:00,243.9499969482422,244.4499969482422,243.5,243.75,58042
2025-06-26 09:15:00,244.3500061035156,246.0500030517578,242.6000061035156,243.3999938964844,32668
2025-06-26 13:15:00,243.6000061035156,244.75,243.25,244.0,57111
2025-06-27 09:15:00,244.75,248.1000061035156,242.6499938964844,247.75,191884
2025-06-27 13:15:00,247.75,248.8999938964844,247.1999969482422,247.25,143246
2025-06-30 09:15:00,249.0,253.6000061035156,248.5,253.0,167326
2025-06-30 13:15:00,253.0,253.0,251.3500061035156,252.1499938964844,137775
2025-07-01 09:15:00,252.1999969482422,253.3500061035156,249.1999969482422,249.5,111256
2025-07-01 13:15:00,249.5500030517578,250.6499938964844,249.3000030517578,250.1499938964844,56606
2025-07-02 09:15:00,250.4499969482422,250.4499969482422,247.3000030517578,248.4499969482422,79176
2025-07-02 13:15:00,248.1999969482422,249.0,247.8999938964844,248.4499969482422,62789
2025-07-03 09:15:00,249.1999969482422,252.1499938964844,249.1000061035156,251.25,104129
2025-07-03 13:15:00,251.3500061035156,251.3500061035156,249.6499938964844,251.0,74679
2025-07-04 09:15:00,250.3000030517578,251.4499969482422,249.1000061035156,250.3500061035156,44850
2025-07-04 13:15:00,250.25,250.6499938964844,249.6000061035156,250.0500030517578,23486
2025-07-07 09:15:00,249.8000030517578,251.0,248.3999938964844,249.6000061035156,44630
2025-07-07 13:15:00,249.6000061035156,250.0,248.6000061035156,249.75,43328
2025-07-08 09:15:00,250.1999969482422,253.9499969482422,248.6000061035156,248.8999938964844,212540
2025-07-08 13:15:00,248.9499969482422,250.5500030517578,248.75,249.9499969482422,33153
2025-07-09 09:15:00,250.25,251.9499969482422,249.6999969482422,251.0,187246
2025-07-09 13:15:00,251.1999969482422,251.3999938964844,250.0,250.3500061035156,72551
2025-07-10 09:15:00,250.0,251.5,248.0500030517578,249.1999969482422,58564
2025-07-10 13:15:00,249.1499938964844,249.4499969482422,248.6000061035156,249.3500061035156,25703
2025-07-11 09:15:00,249.3500061035156,249.6499938964844,246.3999938964844,246.4499969482422,37228
2025-07-11 13:15:00,246.4499969482422,246.75,245.75,246.25,47264
2025-07-14 09:15:00,247.0,247.3000030517578,244.5,245.9499969482422,37584
2025-07-14 13:15:00,245.9499969482422,246.0500030517578,245.25,246.0,38150
2025-07-15 09:15:00,246.0,250.0500030517578,246.0,249.4499969482422,75624
2025-07-15 13:15:00,249.4499969482422,250.0,248.8000030517578,249.8000030517578,61684
2025-07-16 09:15:00,250.0,250.0,246.6000061035156,248.5,71532
2025-07-16 13:15:00,248.25,248.6999969482422,246.0,247.25,81641
2025-07-17 09:15:00,247.8000030517578,248.8999938964844,247.3500061035156,248.8500061035156,37521
2025-07-17 13:15:00,248.8500061035156,250.0500030517578,248.5,249.4499969482422,120503
2025-07-18 09:15:00,249.3000030517578,250.0500030517578,247.1499938964844,247.3999938964844,39267
2025-07-18 13:15:00,247.3999938964844,248.6000061035156,247.1499938964844,247.8000030517578,42283
2025-07-21 09:15:00,247.8500061035156,249.3000030517578,247.0,247.5500030517578,24031
2025-07-21 13:15:00,247.5500030517578,248.0,246.5500030517578,247.6499938964844,27423
2025-07-22 09:15:00,248.0,248.4499969482422,246.3500061035156,246.9499969482422,25182
2025-07-22 13:15:00,246.9499969482422,246.9499969482422,245.75,246.3500061035156,28807
2025-07-23 09:15:00,247.1999969482422,248.3999938964844,245.1499938964844,246.8999938964844,152132
2025-07-23 13:15:00,246.8999938964844,247.3000030517578,246.5500030517578,247.0500030517578,32228
2025-07-24 09:15:00,247.1999969482422,250.0500030517578,247.1999969482422,249.6999969482422,185509
2025-07-24 13:15:00,249.6999969482422,249.8000030517578,249.0500030517578,249.4499969482422,71460
2025-07-25 09:15:00,249.0,249.0,245.8500061035156,246.3000030517578,42482
2025-07-25 13:15:00,246.3000030517578,246.8500061035156,244.0500030517578,244.9499969482422,29688
2025-07-28 09:15:00,246.0,246.1999969482422,242.25,242.3999938964844,32148
2025-07-28 13:15:00,242.3999938964844,243.0,240.0,242.0,58404
2025-07-29 09:15:00,241.25,242.4499969482422,240.6499938964844,241.3000030517578,51094
2025-07-29 13:15:00,241.4499969482422,243.0,241.0500030517578,242.3500061035156,45551
2025-07-30 09:15:00,242.5,246.3500061035156,242.5,245.8999938964844,63596
2025-07-30 13:15:00,245.8999938964844,246.3999938964844,244.0,245.6000061035156,51600
2025-07-31 09:15:00,242.0,243.4499969482422,240.8500061035156,241.8000030517578,48267
2025-07-31 13:15:00,241.8000030517578,246.0,241.3999938964844,245.8999938964844,117942
2025-08-01 09:15:00,244.0500030517578,248.8500061035156,243.0,248.19000244140625,164643
2025-08-01 13:15:00,248.17999267578125,251.00999450683597,247.0,248.0,293612
2025-08-04 09:15:00,250.0,250.0500030517578,242.0,246.4900054931641,148014
2025-08-04 13:15:00,246.5,246.66000366210935,243.00999450683597,243.97000122070312,135529
2025-08-05 09:15:00,242.4600067138672,243.57000732421875,241.0,242.3000030517578,56047
2025-08-05 13:15:00,242.3000030517578,242.6300048828125,241.63999938964844,242.1699981689453,49228
2025-08-06 09:15:00,243.3999938964844,243.3999938964844,234.8600006103516,236.1999969482422,325810
2025-08-06 13:15:00,236.05999755859372,236.1999969482422,234.1300048828125,234.8999938964844,91584
2025-08-07 09:15:00,234.5,237.6000061035156,232.6000061035156,235.9499969482422,130162
2025-08-07 13:15:00,235.9499969482422,236.1000061035156,232.5500030517578,234.0,105776
2025-08-08 09:15:00,234.30999755859372,234.42999267578125,232.2100067138672,233.42999267578125,68262
2025-08-08 13:15:00,232.97999572753903,233.5,232.2100067138672,232.88999938964844,25435
2025-08-11 09:15:00,233.27999877929688,233.5500030517578,231.0,231.88999938964844,34508
2025-08-11 13:15:00,231.8999938964844,235.58999633789065,231.8500061035156,235.00999450683597,196022
2025-08-12 09:15:00,235.0,239.5800018310547,233.80999755859372,238.83999633789065,602450
2025-08-12 13:15:00,238.7700042724609,239.1300048828125,237.91000366210935,238.00999450683597,45114
2025-08-13 09:15:00,239.3800048828125,239.4499969482422,236.66000366210935,237.0200042724609,39162
2025-08-13 13:15:00,237.00999450683597,239.1100006103516,235.8300018310547,236.16000366210935,81435
2025-08-14 09:15:00,238.38999938964844,238.80999755859372,235.0399932861328,235.52999877929688,70112
2025-08-14 13:15:00,235.52999877929688,236.47000122070312,235.0,235.5,30005
2025-08-18 09:15:00,237.5,238.5,236.0399932861328,236.50999450683597,50815
2025-08-18 13:15:00,236.50999450683597,238.0800018310547,236.3800048828125,237.0,1151147
2025-08-19 09:15:00,236.8500061035156,242.7100067138672,235.4900054931641,242.63999938964844,98514
2025-08-19 13:15:00,242.63999938964844,243.9499969482422,242.1499938964844,242.19000244140625,73905
2025-08-20 09:15:00,242.8699951171875,244.69000244140625,240.2899932861328,243.63999938964844,220268
2025-08-20 13:15:00,243.6100006103516,245.0500030517578,243.00999450683597,244.5,1319585
2025-08-21 09:15:00,246.0,246.6999969482422,239.6000061035156,239.8500061035156,403875
2025-08-21 13:15:00,239.7700042724609,241.0,236.9900054931641,238.2899932861328,183488
2025-08-22 09:15:00,238.8999938964844,238.8999938964844,233.6199951171875,233.8999938964844,524550
2025-08-22 13:15:00,234.05999755859372,234.7899932861328,232.0,232.1999969482422,255917
2025-08-25 09:15:00,233.92999267578125,235.1499938964844,231.16000366210935,234.80999755859372,107330
2025-08-25 13:15:00,234.8300018310547,235.2700042724609,233.8000030517578,235.2700042724609,165203
2025-08-26 09:15:00,234.9900054931641,236.5500030517578,233.63999938964844,234.8999938964844,425686
2025-08-26 13:15:00,234.8999938964844,235.0,233.05999755859372,234.07000732421875,355543
2025-08-28 09:15:00,234.6000061035156,237.3000030517578,233.0,236.97000122070312,46763
2025-08-28 13:15:00,236.97000122070312,239.1499938964844,236.6499938964844,239.1499938964844,116766
2025-08-29 09:15:00,239.5399932861328,243.1499938964844,238.50999450683597,240.1499938964844,157476
2025-08-29 13:15:00,239.7700042724609,240.67999267578125,239.5800018310547,239.9900054931641,473994
2025-09-01 09:15:00,239.9499969482422,241.3000030517578,238.8699951171875,240.38999938964844,45987
2025-09-01 13:15:00,240.3300018310547,243.32000732421875,240.0,241.5,147236
2025-09-02 09:15:00,242.05999755859372,244.9499969482422,240.1699981689453,242.94000244140625,55373
2025-09-02 13:15:00,242.94000244140625,242.9499969482422,240.94000244140625,241.9900054931641,41123
2025-09-03 09:15:00,243.0,244.80999755859372,242.25999450683597,243.0,97254
2025-09-03 13:15:00,243.0,246.4900054931641,242.66000366210935,245.0,452924
2025-09-04 09:15:00,247.5,249.0,242.33999633789065,243.3600006103516,228216
2025-09-04 13:15:00,243.3999938964844,245.0,241.25,243.2400054931641,123082
2025-09-05 09:15:00,244.3800048828125,245.3500061035156,240.9199981689453,242.0,89002
2025-09-05 13:15:00,242.17999267578125,244.8999938964844,241.50999450683597,242.72999572753903,37181
2025-09-08 09:15:00,242.9199981689453,249.32000732421875,239.50999450683597,245.22999572753903,289354
2025-09-08 13:15:00,245.4900054931641,245.5,242.0,243.30999755859372,81924
2025-09-09 09:15:00,246.0,251.6999969482422,244.75999450683597,250.82000732421875,526554
2025-09-09 13:15:00,250.82000732421875,251.0,247.6999969482422,249.69000244140625,197993
2025-09-10 09:15:00,248.9600067138672,250.8800048828125,245.30999755859372,245.8600006103516,113502
2025-09-10 13:15:00,245.8300018310547,246.8300018310547,243.80999755859372,244.75999450683597,106184
2025-09-11 09:15:00,245.8699951171875,247.5500030517578,243.0500030517578,247.0,104629
2025-09-11 13:15:00,247.25,249.0800018310547,245.1000061035156,246.6100006103516,224875
2025-09-12 09:15:00,246.50999450683597,250.0,246.0,249.3699951171875,847063
2025-09-12 13:15:00,249.4199981689453,249.5,245.8600006103516,248.02999877929688,535130
2025-09-15 09:15:00,248.7700042724609,251.0,247.5500030517578,248.1199951171875,366174
2025-09-15 13:15:00,248.05999755859372,248.33999633789065,245.0,245.8999938964844,337956
2025-09-16 09:15:00,247.6999969482422,248.97999572753903,245.94000244140625,246.0,62367
2025-09-16 13:15:00,246.0,246.38999938964844,243.8300018310547,245.07000732421875,159177
2025-09-17 09:15:00,248.66000366210935,250.75,246.38999938964844,250.4600067138672,408645
2025-09-17 13:15:00,250.42999267578125,250.6499938964844,249.0,249.4900054931641,293793
2025-09-18 09:15:00,250.00999450683597,253.8300018310547,249.1999969482422,252.0,600281
2025-09-18 13:15:00,252.0,254.0,251.9900054931641,253.25,172003
2025-09-19 09:15:00,255.0,256.8900146484375,251.5200042724609,252.0399932861328,558294
2025-09-19 13:15:00,252.0399932861328,253.4499969482422,251.0,251.8500061035156,1676219
2025-09-22 09:15:00,252.75,253.1999969482422,250.0,252.08999633789065,383163
2025-09-22 13:15:00,252.08999633789065,254.88999938964844,251.8300018310547,253.0,275394
2025-09-23 09:15:00,253.44000244140625,253.44000244140625,246.3500061035156,246.50999450683597,363672
2025-09-23 13:15:00,246.6199951171875,249.47999572753903,245.1000061035156,246.00999450683597,376765
2025-09-24 09:15:00,248.17999267578125,248.4900054931641,244.2700042724609,244.2700042724609,248411
2025-09-24 13:15:00,244.38999938964844,247.5,243.7100067138672,247.0,469981
2025-09-25 09:15:00,246.50999450683597,249.3300018310547,244.58999633789065,245.25,86042
2025-09-25 13:15:00,245.25,246.8999938964844,244.75999450683597,245.25,229731
2025-09-26 09:15:00,245.0,248.0,241.4199981689453,248.0,152491
2025-09-26 13:15:00,248.0,248.3800048828125,245.5,246.5800018310547,203250
2025-09-29 09:15:00,247.80999755859372,247.80999755859372,243.6100006103516,245.2899932861328,157566
2025-09-29 13:15:00,245.2899932861328,247.3500061035156,244.0,246.19000244140625,1420091
2025-09-30 09:15:00,245.1000061035156,246.5,244.3300018310547,246.1499938964844,51656
2025-09-30 13:15:00,246.1499938964844,247.9900054931641,245.5399932861328,247.5,200672
2025-10-01 09:15:00,247.0,250.1499938964844,244.6000061035156,248.4900054931641,206169
2025-10-01 13:15:00,248.4900054931641,250.6000061035156,247.7700042724609,250.0,154026
2025-10-03 09:15:00,248.5500030517578,254.9499969482422,247.8999938964844,252.32000732421875,218213
2025-10-03 13:15:00,252.44000244140625,252.94000244140625,251.25,252.3000030517578,78963
2025-10-06 09:15:00,253.3999938964844,253.3999938964844,249.05999755859372,250.8000030517578,74773
2025-10-06 13:15:00,250.75999450683597,251.3000030517578,250.1999969482422,251.1999969482422,78195
2025-10-07 09:15:00,251.27999877929688,251.3000030517578,247.5200042724609,247.75,155485
2025-10-07 13:15:00,247.75,248.0500030517578,246.2100067138672,246.47999572753903,135948
2025-10-08 09:15:00,246.8600006103516,248.6499938964844,245.2400054931641,245.38999938964844,76374
2025-10-08 13:15:00,245.30999755859372,245.75999450683597,244.1000061035156,244.58999633789065,64391
2025-10-09 09:15:00,244.4600067138672,246.4499969482422,243.4600067138672,245.07000732421875,64485
2025-10-09 13:15:00,245.02999877929688,245.7700042724609,244.94000244140625,245.3500061035156,46652
2025-10-10 09:15:00,245.4499969482422,247.3999938964844,244.5500030517578,247.1000061035156,79841
2025-10-10 13:15:00,247.1000061035156,248.0200042724609,246.6000061035156,247.5,58544
2025-10-13 09:15:00,247.3800048828125,247.88999938964844,244.13999938964844,246.1100006103516,125288
2025-10-13 13:15:00,246.1100006103516,246.72000122070312,244.92999267578125,245.6999969482422,138433
2025-10-14 09:15:00,245.6699981689453,246.58999633789065,244.5200042724609,245.1000061035156,167094
2025-10-14 13:15:00,245.1000061035156,247.72999572753903,245.0,245.44000244140625,138457
2025-10-15 09:15:00,245.44000244140625,247.13999938964844,243.5200042724609,247.0,81023
2025-10-15 13:15:00,247.00999450683597,248.08999633789065,244.75999450683597,246.4900054931641,528867
2025-10-16 09:15:00,245.83999633789065,248.1999969482422,244.77999877929688,246.8000030517578,53195
2025-10-16 13:15:00,246.88999938964844,247.0800018310547,244.8000030517578,245.3699951171875,115699
2025-10-17 09:15:00,245.6000061035156,256.0,245.5,255.2700042724609,1046960
2025-10-17 13:15:00,255.33999633789065,256.8699951171875,253.0,253.25999450683597,493700
2025-10-20 09:15:00,254.66000366210935,254.66000366210935,249.8800048828125,251.55999755859372,177119
2025-10-20 13:15:00,251.69000244140625,254.3999938964844,251.6199951171875,254.0,183843
2025-10-21 13:15:00,257.3500061035156,258.67999267578125,255.66000366210935,256.8500061035156,221256
2025-10-23 09:15:00,257.6600036621094,257.6600036621094,253.1100006103516,254.6000061035156,190105
2025-10-23 13:15:00,254.8999938964844,256.5,254.6000061035156,255.6000061035156,241678
2025-10-24 09:15:00,256.0,256.0,252.83999633789065,253.2700042724609,113508
2025-10-24 13:15:00,253.25999450683597,254.1999969482422,252.2899932861328,254.0,246874
2025-10-27 09:15:00,254.0,254.6300048828125,252.1999969482422,252.6300048828125,94417
2025-10-27 13:15:00,252.88999938964844,254.07000732421875,252.3000030517578,253.17999267578125,110384
2025-10-28 09:15:00,254.1499938964844,255.2400054931641,247.5399932861328,248.1199951171875,233070
2025-10-28 13:15:00,248.1199951171875,250.6300048828125,247.0500030517578,249.5,197808
2025-10-29 09:15:00,250.55999755859372,252.58999633789065,249.00999450683597,252.25,128771
2025-10-29 13:15:00,252.1100006103516,253.2700042724609,251.8999938964844,252.67999267578125,105189
2025-10-30 09:15:00,252.97000122070312,252.97000122070312,249.7100067138672,250.8000030517578,335077
2025-10-30 13:15:00,250.75999450683597,251.0,249.8000030517578,250.4900054931641,129706
2025-10-31 09:15:00,250.67999267578125,251.58999633789065,249.22999572753903,249.8600006103516,73106
2025-10-31 13:15:00,249.8300018310547,249.8300018310547,247.5,247.5,107256
2025-11-03 09:15:00,248.1499938964844,249.67999267578125,246.0500030517578,249.0,90316
2025-11-03 13:15:00,249.0,249.8999938964844,247.05999755859372,249.1499938964844,135801
2025-11-04 09:15:00,250.44000244140625,250.44000244140625,243.1699981689453,246.22000122070312,540623
2025-11-04 13:15:00,246.1499938964844,250.30999755859372,244.9499969482422,248.5399932861328,229213
2025-11-06 09:15:00,248.9199981689453,251.2100067138672,245.9499969482422,248.3800048828125,178306
2025-11-06 13:15:00,248.5800018310547,248.8800048828125,248.0,248.17999267578125,158323
2025-11-07 09:15:00,245.8999938964844,247.5,244.5200042724609,245.8999938964844,128337
2025-11-07 13:15:00,245.8999938964844,247.00999450683597,245.58999633789065,246.9499969482422,156927
2025-11-10 09:15:00,245.0,247.58999633789065,243.44000244140625,247.41000366210935,118308
2025-11-10 13:15:00,247.41000366210935,247.9900054931641,245.0,245.82000732421875,190242
2025-11-11 09:15:00,244.7899932861328,246.25999450683597,242.55999755859372,244.25,166629
2025-11-11 13:15:00,244.25,246.07000732421875,242.9499969482422,243.8500061035156,157026
2025-11-12 09:15:00,244.0500030517578,245.7899932861328,242.25,244.05999755859372,133094
2025-11-12 13:15:00,244.32000732421875,246.0500030517578,243.9499969482422,245.52999877929688,174357
2025-11-13 09:15:00,247.0,252.25999450683597,245.1300048828125,251.3999938964844,282344
2025-11-13 13:15:00,251.3999938964844,251.6100006103516,248.2700042724609,248.9499969482422,225753
2025-11-14 09:15:00,249.0,251.0500030517578,245.9900054931641,249.8300018310547,141742
2025-11-14 13:15:00,249.8600006103516,250.19000244140625,247.0,247.0,186068
2025-11-17 09:15:00,250.0,250.0,246.50999450683597,247.92999267578125,135846
2025-11-17 13:15:00,247.94000244140625,248.1300048828125,247.0,247.69000244140625,128520
2025-11-18 09:15:00,247.8000030517578,249.8999938964844,245.3500061035156,248.5,196270
2025-11-18 13:15:00,248.50999450683597,248.50999450683597,246.00999450683597,246.97000122070312,158795
2025-11-19 09:15:00,246.97000122070312,246.97000122070312,244.6199951171875,245.0800018310547,63153
2025-11-19 13:15:00,245.0800018310547,245.3000030517578,243.5500030517578,243.5500030517578,327740
2025-11-20 09:15:00,244.1999969482422,244.44000244140625,238.8500061035156,239.19000244140625,257886
2025-11-20 13:15:00,239.19000244140625,240.6499938964844,239.0500030517578,239.30999755859372,253421
2025-11-21 09:15:00,239.83999633789065,239.83999633789065,236.1999969482422,236.6300048828125,106315
2025-11-21 13:15:00,236.6000061035156,236.6999969482422,232.0,232.67999267578125,329042
2025-11-24 09:15:00,233.1000061035156,233.2700042724609,231.2400054931641,231.94000244140625,167503
2025-11-24 13:15:00,231.9900054931641,232.9199981689453,231.0200042724609,231.0200042724609,227336
2025-11-25 09:15:00,231.4499969482422,231.8600006103516,229.0500030517578,231.1499938964844,80924
2025-11-25 13:15:00,231.1999969482422,231.1999969482422,230.19000244140625,230.9600067138672,306812
2025-11-26 09:15:00,231.0200042724609,232.0,230.02999877929688,231.6999969482422,87473
2025-11-26 13:15:00,231.6999969482422,234.3999938964844,231.25,234.00999450683597,136320
2025-11-27 09:15:00,234.6000061035156,235.8999938964844,233.0,235.6300048828125,77384
2025-11-27 13:15:00,235.50999450683597,237.4900054931641,235.5,236.44000244140625,191124
2025-11-28 09:15:00,236.7400054931641,237.32000732421875,233.27999877929688,235.8999938964844,76795
2025-11-28 13:15:00,235.8500061035156,237.0,235.02999877929688,236.0,107660
2025-12-01 09:15:00,236.3999938964844,237.2899932861328,232.0,232.44000244140625,245658
2025-12-01 13:15:00,232.44000244140625,233.0200042724609,231.75,231.8999938964844,190258
2025-12-02 09:15:00,232.1100006103516,232.1100006103516,228.5,228.8800048828125,105446
2025-12-02 13:15:00,228.75999450683597,231.6999969482422,227.1000061035156,230.6499938964844,288605
2025-12-03 09:15:00,231.77999877929688,231.77999877929688,229.5399932861328,230.4900054931641,42260
2025-12-03 13:15:00,230.4900054931641,233.4900054931641,230.0,230.52999877929688,117470
2025-12-04 09:15:00,230.3699951171875,230.6199951171875,228.6000061035156,229.8000030517578,188709
2025-12-04 13:15:00,229.92999267578125,230.07000732421875,229.22999572753903,229.4499969482422,124032
2025-12-05 09:15:00,230.0,230.0,225.88999938964844,226.6199951171875,110217
2025-12-05 13:15:00,226.6199951171875,230.25,226.5,230.0,246890
2025-12-08 09:15:00,228.8300018310547,228.8600006103516,224.00999450683597,224.3999938964844,172275
2025-12-08 13:15:00,224.3999938964844,224.47000122070312,218.8999938964844,222.0,703191
2025-12-09 09:15:00,221.25999450683597,223.8500061035156,220.0500030517578,223.2400054931641,130973
2025-12-09 13:15:00,223.2400054931641,224.1499938964844,221.50999450683597,221.50999450683597,256781
2025-12-10 09:15:00,222.25,225.69000244140625,221.8000030517578,223.63999938964844,133499
2025-12-10 13:15:00,223.63999938964844,226.7400054931641,223.1999969482422,224.6199951171875,185967
2025-12-11 09:15:00,223.3800048828125,223.6300048828125,221.1999969482422,223.1100006103516,55945
2025-12-11 13:15:00,223.1199951171875,223.77999877929688,223.0,223.0,35588
2025-12-12 09:15:00,223.25,224.88999938964844,222.1100006103516,223.42999267578125,63636
2025-12-12 13:15:00,223.3800048828125,224.07000732421875,223.0,223.6999969482422,67234
2025-12-15 09:15:00,223.3999938964844,226.4900054931641,222.88999938964844,226.33999633789065,46592
2025-12-15 13:15:00,226.33999633789065,227.3000030517578,225.8999938964844,226.8800048828125,48138
2025-12-16 09:15:00,226.3699951171875,226.7400054931641,224.5200042724609,225.52999877929688,45301
2025-12-16 13:15:00,225.7400054931641,225.8600006103516,224.07000732421875,224.5200042724609,96155
2025-12-17 09:15:00,224.3999938964844,224.41000366210935,222.0,222.75,29985
2025-12-17 13:15:00,222.75,223.0,221.5399932861328,222.17999267578125,49686
2025-12-18 09:15:00,221.3000030517578,222.4499969482422,220.1000061035156,222.1499938964844,54210
2025-12-18 13:15:00,222.3600006103516,222.38999938964844,220.5,220.52999877929688,63033
2025-12-19 09:15:00,222.0500030517578,223.05999755859372,220.5,221.8300018310547,180207
2025-12-19 13:15:00,221.6300048828125,224.69000244140625,221.55999755859372,222.97999572753903,184852
2025-12-22 09:15:00,223.1999969482422,224.6999969482422,222.8699951171875,223.5399932861328,62419
2025-12-22 13:15:00,223.52999877929688,223.94000244140625,222.6999969482422,223.00999450683597,44244
2025-12-23 09:15:00,224.2899932861328,225.1000061035156,222.7100067138672,224.2100067138672,31590
2025-12-23 13:15:00,224.1100006103516,225.0,223.5,224.25999450683597,35529
2025-12-24 09:15:00,224.3300018310547,230.94000244140625,224.0399932861328,229.6199951171875,208163
2025-12-24 13:15:00,229.7700042724609,263.0,228.1499938964844,248.0,1212846
2025-12-26 09:15:00,244.08999633789065,244.08999633789065,233.5,235.00999450683597,203658
2025-12-26 13:15:00,234.83999633789065,239.5,234.8000030517578,235.6300048828125,276415
2025-12-29 09:15:00,235.25,236.47999572753903,233.00999450683597,234.38999938964844,38769
2025-12-29 13:15:00,234.38999938964844,235.3000030517578,233.1000061035156,235.1499938964844,122540
2025-12-30 09:15:00,233.3500061035156,233.82000732421875,231.25,233.30999755859372,38703
2025-12-30 13:15:00,233.2899932861328,236.3999938964844,232.44000244140625,233.8600006103516,129338
2025-12-31 09:15:00,233.1300048828125,238.22999572753903,232.52999877929688,237.69000244140625,75707
2025-12-31 13:15:00,237.8500061035156,238.3300018310547,233.1100006103516,235.0,100572
2026-01-01 09:15:00,235.4900054931641,240.52999877929688,234.3999938964844,240.0,97550
2026-01-01 13:15:00,240.0,240.4199981689453,239.72000122070312,240.02999877929688,88308
2026-01-02 09:15:00,240.0,240.0,235.42999267578125,239.67999267578125,81611
2026-01-02 13:15:00,239.67999267578125,241.77999877929688,239.13999938964844,239.8500061035156,94320
2026-01-05 09:15:00,240.0,241.0800018310547,237.0,239.3500061035156,59035
2026-01-05 13:15:00,239.3500061035156,239.94000244140625,238.80999755859372,239.32000732421875,61548
2026-01-06 09:15:00,238.6000061035156,238.75999450683597,235.41000366210935,236.3800048828125,28213
2026-01-06 13:15:00,236.3800048828125,240.8800048828125,235.6100006103516,240.25,110229
2026-01-07 09:15:00,239.0,240.1499938964844,235.6000061035156,239.1300048828125,53041
2026-01-07 13:15:00,239.1699981689453,239.91000366210935,236.3500061035156,237.8600006103516,100523
2026-01-08 09:15:00,237.8999938964844,238.44000244140625,234.5800018310547,234.9199981689453,83285
2026-01-08 13:15:00,234.91000366210935,236.25,233.3999938964844,233.69000244140625,69127
2026-01-09 09:15:00,233.0,237.0800018310547,231.77999877929688,234.97000122070312,70168
2026-01-09 13:15:00,234.6999969482422,235.4900054931641,231.25,231.25,67162
2026-01-12 09:15:00,233.6999969482422,234.69000244140625,229.1999969482422,230.66000366210935,60525
2026-01-12 13:15:00,230.8999938964844,232.63999938964844,230.0500030517578,230.63999938964844,55099
2026-01-13 09:15:00,230.1999969482422,234.6000061035156,230.1999969482422,234.30999755859372,38508
2026-01-13 13:15:00,234.1300048828125,234.5200042724609,231.42999267578125,232.25999450683597,72755
2026-01-14 09:15:00,232.22999572753903,235.9499969482422,231.3000030517578,235.77999877929688,49490
2026-01-14 13:15:00,235.77999877929688,237.0,235.2700042724609,236.9900054931641,87581
2026-01-16 09:15:00,236.5,236.5,230.5,232.41000366210935,50231
2026-01-16 13:15:00,232.41000366210935,232.6300048828125,230.6000061035156,231.42999267578125,75884
2026-01-19 09:15:00,230.4900054931641,232.75999450683597,229.00999450683597,230.22999572753903,48569
2026-01-19 13:15:00,230.27999877929688,234.19000244140625,229.8000030517578,233.0200042724609,82785
2026-01-20 09:15:00,232.0,232.0,227.0,228.0,105820
2026-01-20 13:15:00,228.16000366210935,232.0,225.0,232.0,90832
2026-01-21 09:15:00,226.8000030517578,226.8000030517578,221.83999633789065,222.6999969482422,80462
2026-01-21 13:15:00,222.77999877929688,230.97999572753903,221.80999755859372,228.17999267578125,132753
2026-01-22 09:15:00,229.83999633789065,229.8500061035156,226.3000030517578,227.22000122070312,24069
2026-01-22 13:15:00,227.3300018310547,228.3300018310547,227.0,227.32000732421875,57992
2026-01-23 09:15:00,227.32000732421875,227.38999938964844,225.1100006103516,226.6699981689453,53695
2026-01-23 13:15:00,226.75999450683597,227.4900054931641,226.2100067138672,227.38999938964844,106116
2026-01-27 09:15:00,225.1999969482422,226.7400054931641,223.17999267578125,225.00999450683597,80779
2026-01-27 13:15:00,225.00999450683597,226.3600006103516,225.0,225.3000030517578,41181
2026-01-28 09:15:00,225.27999877929688,225.3600006103516,222.7100067138672,225.13999938964844,191260
2026-01-28 13:15:00,225.07000732421875,228.5,223.3000030517578,226.19000244140625,88390
2026-01-29 09:15:00,226.19000244140625,226.19000244140625,223.3999938964844,225.55999755859372,87908
2026-01-29 13:15:00,225.6000061035156,227.0399932861328,223.9900054931641,224.7400054931641,210055
2026-01-30 09:15:00,223.25,230.97999572753903,223.07000732421875,230.1000061035156,223421
2026-01-30 13:15:00,230.1000061035156,230.97999572753903,225.4199981689453,230.19000244140625,215258
2026-02-02 13:15:00,234.1699981689453,234.1699981689453,234.1699981689453,234.1699981689453,0
2026-02-03 09:15:00,236.16000366210935,237.3999938964844,228.3600006103516,228.75,306234
2026-02-03 13:15:00,228.72999572753903,229.32000732421875,227.5200042724609,228.13999938964844,171902
2026-02-04 09:15:00,225.6999969482422,225.6999969482422,221.5,221.9900054931641,131429
2026-02-04 13:15:00,221.8500061035156,222.7400054931641,221.30999755859372,221.8000030517578,182274
2026-02-05 09:15:00,222.1999969482422,222.1999969482422,218.0500030517578,218.5,149506
2026-02-05 13:15:00,218.5,219.1699981689453,217.6499938964844,218.1699981689453,144348
2026-02-06 09:15:00,216.9900054931641,216.9900054931641,214.0500030517578,214.5500030517578,76790
2026-02-06 13:15:00,214.6499938964844,214.9499969482422,213.6199951171875,214.1000061035156,127099
2026-02-09 09:15:00,214.3500061035156,214.3500061035156,212.25,213.0,133282
2026-02-09 13:15:00,212.9499969482422,213.1100006103516,212.25,212.8000030517578,228650
2026-02-10 09:15:00,212.7899932861328,213.25,211.5399932861328,212.91000366210935,180526
2026-02-10 13:15:00,213.0,213.32000732421875,211.3999938964844,211.8999938964844,203553
2026-02-11 09:15:00,211.47000122070312,211.47000122070312,207.6699981689453,207.77999877929688,233112
2026-02-11 13:15:00,207.75999450683597,208.25,203.3300018310547,206.3999938964844,263622
2026-02-12 09:15:00,206.3500061035156,206.3500061035156,202.00999450683597,202.75,90403
2026-02-12 13:15:00,202.75,203.3800048828125,202.0,202.5,158662
2026-02-13 09:15:00,201.0,201.0,196.6999969482422,197.47999572753903,114848
2026-02-13 13:15:00,197.47999572753903,201.4900054931641,197.0,201.0,303892
2026-02-16 09:15:00,199.0,204.63999938964844,196.8000030517578,203.7700042724609,1012058
2026-02-16 13:15:00,203.75,208.1000061035156,202.1300048828125,203.8999938964844,464795
2026-02-17 09:15:00,201.0,203.44000244140625,199.0,201.30999755859372,82820
2026-02-17 13:15:00,201.30999755859372,203.0,201.2700042724609,202.88999938964844,71959
2026-02-18 09:15:00,202.72999572753903,202.77999877929688,199.50999450683597,200.97999572753903,79210
2026-02-18 13:15:00,200.97999572753903,202.57000732421875,200.7100067138672,201.3800048828125,82865
2026-02-19 09:15:00,201.0,202.7899932861328,199.58999633789065,199.97999572753903,1153442
2026-02-19 13:15:00,199.97999572753903,200.9900054931641,199.5,200.5,2123610
2026-02-20 09:15:00,199.50999450683597,200.72999572753903,198.3999938964844,199.8000030517578,46881
2026-02-20 13:15:00,199.75,200.32000732421875,198.0,198.69000244140625,76268
2026-02-23 09:15:00,199.5,200.0,197.6000061035156,199.1000061035156,91168
2026-02-23 13:15:00,198.9199981689453,200.5500030517578,198.8999938964844,199.63999938964844,117215
2026-02-24 09:15:00,199.1000061035156,199.17999267578125,197.0,198.3000030517578,63826
2026-02-24 13:15:00,198.3000030517578,198.5,197.25999450683597,197.66000366210935,64682
2026-02-25 09:15:00,198.16000366210935,204.4199981689453,197.3999938964844,202.0,1553260
2026-02-25 13:15:00,202.0399932861328,202.2100067138672,200.0,200.63999938964844,176937
2026-02-26 09:15:00,200.63999938964844,202.6000061035156,200.08999633789065,201.05999755859372,37211
2026-02-26 13:15:00,201.05999755859372,201.25,200.0,200.1999969482422,46131
2026-02-27 09:15:00,199.9900054931641,201.3500061035156,197.94000244140625,200.77999877929688,31542
2026-02-27 13:15:00,200.77999877929688,204.8500061035156,200.3999938964844,202.1000061035156,173518
2026-03-02 09:15:00,194.67999267578125,199.0,194.67999267578125,195.5,68041
2026-03-02 13:15:00,195.69000244140625,197.75,194.0,196.9499969482422,200127
2026-03-04 09:15:00,195.0,197.91000366210935,192.0200042724609,195.67999267578125,117770
2026-03-04 13:15:00,195.5200042724609,197.30999755859372,192.55999755859372,196.3699951171875,105502
2026-03-05 09:15:00,193.1000061035156,195.0500030517578,192.83999633789065,193.8500061035156,54984
2026-03-05 13:15:00,193.8500061035156,195.25,192.1000061035156,193.3800048828125,119806
2026-03-06 09:15:00,193.3000030517578,194.1199951171875,189.57000732421875,190.5,485205
2026-03-06 13:15:00,190.4499969482422,191.5,188.41000366210935,189.7899932861328,93057
2026-03-09 09:15:00,187.5,187.5,180.30999755859372,185.1199951171875,248974
2026-03-09 13:15:00,185.0,186.5,183.8000030517578,185.30999755859372,289235
2026-03-10 09:15:00,188.3000030517578,188.3000030517578,184.72999572753903,186.30999755859372,121095
2026-03-10 13:15:00,186.32000732421875,187.0,185.0,185.6300048828125,128691
2026-03-11 09:15:00,186.52999877929688,191.5,185.0200042724609,188.1499938964844,2452744
2026-03-11 13:15:00,188.13999938964844,188.1999969482422,186.91000366210935,187.1000061035156,276101
2026-03-12 09:15:00,186.3500061035156,189.8000030517578,186.3500061035156,189.1999969482422,184542
2026-03-12 13:15:00,188.9900054931641,189.3800048828125,187.58999633789065,189.0,95817
2026-03-13 09:15:00,186.9900054931641,190.69000244140625,186.1999969482422,186.27999877929688,1288428
2026-03-13 13:15:00,186.27999877929688,186.3300018310547,181.41000366210935,182.13999938964844,297920
2026-03-16 09:15:00,182.02999877929688,184.0,176.0500030517578,177.0500030517578,187672
2026-03-16 13:15:00,177.0800018310547,179.0399932861328,176.5,177.0,223984
2026-03-17 09:15:00,178.47000122070312,178.47000122070312,173.6999969482422,174.47000122070312,141898
2026-03-17 13:15:00,174.47000122070312,175.38999938964844,173.5,173.72000122070312,165621
2026-03-18 09:15:00,174.49000549316406,178.89999389648438,173.22000122070312,176.39999389648438,164418
2026-03-18 13:15:00,176.39999389648438,176.5,174.63999938964844,175.00999450683594,193766
2026-03-19 09:15:00,172.97999572753906,173.8699951171875,169.25999450683594,171.66000366210938,139427
2026-03-19 13:15:00,171.6300048828125,172.47000122070312,168.0,168.5,171670
2026-03-20 09:15:00,169.94000244140625,170.8000030517578,168.11000061035156,168.69000244140625,142479
2026-03-20 13:15:00,168.83999633789062,169.4499969482422,166.05999755859375,166.89999389648438,325153
2026-03-23 09:15:00,166.0,166.0,158.27999877929688,158.36000061035156,136186
2026-03-23 13:15:00,158.36000061035156,161.67999267578125,158.0,159.07000732421875,176016
2026-03-24 09:15:00,161.4199981689453,164.63999938964844,159.25999450683594,161.9600067138672,197190
2026-03-24 13:15:00,162.0,162.85000610351562,160.41000366210938,161.2899932861328,251450
2026-03-25 09:15:00,161.77000427246094,170.5,161.77000427246094,170.0,222025
2026-03-25 13:15:00,170.0,175.00999450683594,169.4600067138672,173.8699951171875,739097
2026-03-27 09:15:00,171.94000244140625,177.7899932861328,171.3699951171875,175.1199951171875,311225
2026-03-27 13:15:00,175.10000610351562,175.27000427246094,170.0,171.97999572753906,324752
2026-03-30 09:15:00,169.99000549316406,173.5,167.0,168.5,200405
2026-03-30 13:15:00,168.2899932861328,169.77000427246094,166.2100067138672,166.97000122070312,242253
2026-04-01 09:15:00,171.5,175.6999969482422,170.8000030517578,175.61000061035156,82547
2026-04-01 13:15:00,175.61000061035156,176.69000244140625,174.77999877929688,175.49000549316406,90213
2026-04-02 09:15:00,173.49000549316406,176.97999572753906,170.88999938964844,176.64999389648438,106213
2026-04-02 13:15:00,176.64999389648438,179.6300048828125,176.64999389648438,177.85000610351562,77945
2026-04-06 09:15:00,178.60000610351562,181.0,174.75,180.3699951171875,134043
2026-04-06 13:15:00,180.4199981689453,182.0,178.10000610351562,179.8000030517578,64265
2026-04-07 09:15:00,182.02999877929688,183.0,178.22000122070312,178.63999938964844,51256
2026-04-07 13:15:00,178.77999877929688,179.58999633789062,177.9600067138672,178.36000061035156,42542
2026-04-08 09:15:00,188.8000030517578,189.8000030517578,185.5800018310547,187.4499969482422,152274
2026-04-08 13:15:00,187.3699951171875,190.1499938964844,186.5,188.8000030517578,173914
2026-04-09 09:15:00,188.0,188.2400054931641,184.6699981689453,186.9499969482422,37305
2026-04-09 13:15:00,186.8699951171875,187.00999450683597,184.57000732421875,185.3000030517578,62172
2026-04-10 09:15:00,186.91000366210935,193.6300048828125,185.8800048828125,191.07000732421875,631840
2026-04-10 13:15:00,191.41000366210935,193.5,191.0,191.5200042724609,121408
2026-04-13 09:15:00,186.92999267578125,192.94000244140625,185.6199951171875,189.55999755859372,91292
2026-04-13 13:15:00,189.52999877929688,192.9900054931641,188.0,188.5800018310547,180269
2026-04-15 09:15:00,192.1300048828125,196.8800048828125,190.52999877929688,196.0,500533
2026-04-15 13:15:00,196.0,196.8000030517578,195.8699951171875,196.1000061035156,283460
2026-04-16 09:15:00,196.1000061035156,200.97000122070312,195.38999938964844,200.0,183992
2026-04-16 13:15:00,199.91000366210935,202.0399932861328,199.91000366210935,200.16000366210935,195260
2026-04-17 09:15:00,200.0,204.33999633789065,199.92999267578125,203.07000732421875,152076
2026-04-17 13:15:00,203.0800018310547,204.6499938964844,202.6000061035156,203.08999633789065,72415
2026-04-20 09:15:00,203.08999633789065,203.08999633789065,198.47000122070312,200.8000030517578,0
2026-04-20 13:15:00,203.08999633789065,204.1999969482422,203.08999633789065,204.07000732421875,369534
2026-04-21 09:15:00,202.22000122070312,207.0,202.22000122070312,205.8800048828125,167367
2026-04-21 13:15:00,205.7899932861328,207.5,205.1100006103516,206.2400054931641,124383
2026-04-22 09:15:00,205.8699951171875,208.58999633789065,204.02999877929688,207.5,185917
2026-04-22 13:15:00,207.6000061035156,208.2899932861328,203.1000061035156,203.1000061035156,149429
2026-04-23 09:15:00,202.6499938964844,204.3500061035156,199.94000244140625,200.9199981689453,77988
2026-04-23 13:15:00,200.9199981689453,201.27999877929688,199.75,200.72999572753903,53078
2026-04-24 09:15:00,200.0,201.17999267578125,195.83999633789065,196.30999755859372,148059
2026-04-24 13:15:00,196.1699981689453,198.5,195.5800018310547,197.1499938964844,54527
2026-04-27 09:15:00,197.1499938964844,200.8000030517578,197.1499938964844,200.0800018310547,48180
2026-04-27 13:15:00,200.27999877929688,202.0,199.22999572753903,202.0,57570
2026-04-28 09:15:00,201.3000030517578,201.72999572753903,198.0,199.9900054931641,54078
2026-04-28 13:15:00,199.9499969482422,200.5,198.0,199.42999267578125,41907
2026-04-29 09:15:00,199.42999267578125,200.75,198.0,199.3999938964844,86358
2026-04-29 13:15:00,199.3999938964844,199.8800048828125,197.5,197.72000122070312,42009
2026-04-30 09:15:00,197.72000122070312,199.6699981689453,192.9900054931641,197.4199981689453,102630
2026-04-30 13:15:00,197.3999938964844,199.0,196.0,197.19000244140625,41387
2026-05-04 09:15:00,198.0,203.8699951171875,197.9900054931641,199.67999267578125,34024
2026-05-04 13:15:00,199.8300018310547,199.8300018310547,196.1000061035156,197.0,133879
2026-05-05 09:15:00,197.0,197.4199981689453,193.1199951171875,194.0,128070
2026-05-05 13:15:00,194.0,194.8999938964844,192.91000366210935,194.1300048828125,77802
2026-05-06 09:15:00,195.05999755859372,196.75,193.4600067138672,195.0800018310547,397215
2026-05-06 13:15:00,195.0,203.0,194.80999755859372,201.42999267578125,414800
2026-05-07 09:15:00,214.0,223.3999938964844,201.42999267578125,211.8000030517578,6649225
2026-05-07 13:15:00,211.75999450683597,213.7899932861328,208.8800048828125,212.47999572753903,1199369
2026-05-08 09:15:00,212.6699981689453,216.0200042724609,211.2700042724609,215.00999450683597,257330
2026-05-08 13:15:00,214.9900054931641,222.3999938964844,214.25999450683597,220.3000030517578,1026884
2026-05-11 09:15:00,216.75999450683597,218.8800048828125,214.05999755859372,218.0,234222
2026-05-11 13:15:00,217.83999633789065,218.38999938964844,216.75,217.0,247905
2026-05-12 09:15:00,215.33999633789065,218.33999633789065,215.1499938964844,216.22000122070312,264675
2026-05-12 13:15:00,216.22000122070312,216.47000122070312,212.3300018310547,213.8300018310547,518555
2026-05-13 09:15:00,214.88999938964844,221.3500061035156,214.88999938964844,219.33999633789065,306802
2026-05-13 13:15:00,219.08999633789065,220.47999572753903,217.0,220.1300048828125,337713
2026-05-14 09:15:00,220.0,224.4499969482422,218.16000366210935,221.8800048828125,248726
2026-05-14 13:15:00,221.8800048828125,224.1000061035156,221.0,221.0,337893
2026-05-15 09:15:00,221.97000122070312,223.4499969482422,217.19000244140625,222.83999633789065,1131278
2026-05-15 13:15:00,222.6000061035156,223.25999450683597,219.66000366210935,222.07000732421875,292298
2026-05-18 09:15:00,221.4199981689453,221.8800048828125,212.13999938964844,217.47999572753903,174774
2026-05-18 13:15:00,217.3800048828125,218.22000122070312,215.50999450683597,215.50999450683597,209696
2026-05-19 09:15:00,218.0,219.2700042724609,214.0800018310547,214.5,105635
2026-05-19 13:15:00,214.5,216.9600067138672,213.55999755859372,214.8699951171875,364177
2026-05-20 09:15:00,214.58999633789065,215.4900054931641,212.6199951171875,215.0399932861328,29859
2026-05-20 13:15:00,215.0500030517578,215.6499938964844,213.13999938964844,214.6999969482422,89796
2026-05-21 09:15:00,216.00999450683597,219.9900054931641,215.50999450683597,219.8300018310547,102397
2026-05-21 13:15:00,219.6000061035156,220.94000244140625,217.5399932861328,218.0,211754
2026-05-22 09:15:00,219.9600067138672,223.4900054931641,219.66000366210935,219.77999877929688,109244
2026-05-22 13:15:00,219.77999877929688,220.1999969482422,217.5500030517578,218.38999938964844,210652
2026-05-25 09:15:00,220.3000030517578,225.3600006103516,219.0,223.02999877929688,357067
2026-05-25 13:15:00,222.0500030517578,222.3300018310547,217.1499938964844,217.8999938964844,181002
2026-05-26 09:15:00,218.16000366210935,220.3500061035156,218.0,218.42999267578125,41319
2026-05-26 13:15:00,218.3800048828125,218.4499969482422,217.3000030517578,218.0,47325
2026-05-27 09:15:00,218.05999755859372,219.0,216.0200042724609,218.25999450683597,144044
2026-05-27 13:15:00,218.25999450683597,219.97000122070312,217.3999938964844,219.97000122070312,140138
2026-05-29 09:15:00,220.3999938964844,222.5,217.1000061035156,218.0,134142
2026-05-29 13:15:00,218.0,220.0,217.0500030517578,220.0,277670
2026-06-01 09:15:00,219.16000366210935,220.3000030517578,215.7100067138672,216.52999877929688,62362
2026-06-01 13:15:00,216.52999877929688,216.9600067138672,213.9900054931641,216.0,46070
2026-06-02 09:15:00,213.0,216.32000732421875,212.5,215.0500030517578,44919
2026-06-02 13:15:00,214.91000366210935,215.6999969482422,213.5200042724609,215.0,52059
2026-06-03 09:15:00,215.00999450683597,215.2100067138672,213.1499938964844,214.5,40274
2026-06-03 13:15:00,214.55999755859372,215.6999969482422,214.2400054931641,214.8600006103516,53827
2026-06-04 09:15:00,214.8600006103516,216.8600006103516,214.05999755859372,214.1000061035156,19738
2026-06-04 13:15:00,214.0,214.3000030517578,212.5500030517578,213.6499938964844,60999
2026-06-05 09:15:00,214.47999572753903,216.4900054931641,210.0,210.1499938964844,81453
2026-06-05 13:15:00,210.1999969482422,211.75,210.0,210.88999938964844,45165
2026-06-08 09:15:00,209.8300018310547,212.4499969482422,207.7400054931641,211.72999572753903,38447
2026-06-08 13:15:00,211.72999572753903,212.0200042724609,208.0,208.0,119928
2026-06-09 09:15:00,211.1000061035156,211.9900054931641,208.25,208.8699951171875,47398
2026-06-09 13:15:00,209.0,210.92999267578125,208.0,210.0,143970
2026-06-10 09:15:00,209.9499969482422,217.5,209.9499969482422,216.3600006103516,887753
2026-06-10 13:15:00,216.3699951171875,217.16000366210935,212.30999755859372,214.3999938964844,108416
2026-06-11 09:15:00,213.5,215.82000732421875,211.3999938964844,214.2700042724609,64563
2026-06-11 13:15:00,214.25,216.8999938964844,213.4900054931641,215.6000061035156,159691
2026-06-12 09:15:00,217.50999450683597,217.50999450683597,213.6000061035156,214.16000366210935,28019
2026-06-12 13:15:00,214.1100006103516,217.5,213.66000366210935,217.0,170456
2026-06-15 09:15:00,220.0,221.1999969482422,214.55999755859372,217.42999267578125,691842
2026-06-15 13:15:00,217.4600067138672,218.2899932861328,215.5500030517578,216.3999938964844,325677
2026-06-16 09:15:00,217.52999877929688,219.67999267578125,216.0,218.88999938964844,79537
2026-06-16 13:15:00,218.88999938964844,219.42999267578125,215.30999755859372,216.0,247256
2026-06-17 09:15:00,217.8800048828125,219.2100067138672,212.75999450683597,212.83999633789065,200437
2026-06-17 13:15:00,212.9499969482422,213.66000366210935,210.0399932861328,211.0,195267
2026-06-18 09:15:00,212.1100006103516,212.22000122070312,209.00999450683597,209.4900054931641,143118
2026-06-18 13:15:00,209.2700042724609,209.97999572753903,208.38999938964844,209.77999877929688,204745
2026-06-19 09:15:00,210.5,214.42999267578125,208.47000122070312,212.3600006103516,175156
2026-06-19 13:15:00,212.3699951171875,212.91000366210935,210.8800048828125,211.3999938964844,378691
2026-06-22 09:15:00,212.0,214.8000030517578,212.0,213.3800048828125,30912
2026-06-22 13:15:00,213.3699951171875,216.9499969482422,213.13999938964844,215.2400054931641,182748
2026-06-23 09:15:00,215.5,217.0200042724609,214.1300048828125,216.05999755859372,86330
2026-06-23 13:15:00,216.1499938964844,216.8800048828125,213.8500061035156,214.5,180127
2026-06-24 09:15:00,215.5800018310547,215.5800018310547,213.0,214.1999969482422,28458
2026-06-24 13:15:00,214.30999755859372,214.72000122070312,213.72999572753903,214.25,32682
2026-06-25 09:15:00,216.58999633789065,217.9199981689453,213.32000732421875,213.32000732421875,136942
2026-06-25 13:15:00,213.25,214.22000122070312,212.0399932861328,212.5,109123
2026-06-29 09:15:00,210.1000061035156,211.6100006103516,204.5,205.0,209198
2026-06-29 13:15:00,205.0800018310547,206.2100067138672,204.3600006103516,204.8999938964844,249885
2026-06-30 09:15:00,205.3000030517578,206.0,202.3800048828125,204.4600067138672,37403
2026-06-30 13:15:00,204.27999877929688,205.25999450683597,203.75,204.05999755859372,98013
2026-07-01 09:15:00,205.1100006103516,211.83999633789065,204.52999877929688,211.30999755859372,113442
2026-07-01 13:15:00,211.30999755859372,212.38999938964844,209.1000061035156,209.1499938964844,150511
2026-07-02 09:15:00,211.0200042724609,212.38999938964844,210.30999755859372,211.5399932861328,41538
2026-07-02 13:15:00,211.58999633789065,213.0,211.4600067138672,213.0,65851
2026-07-03 09:15:00,213.0,216.4600067138672,212.1999969482422,212.2100067138672,131573
2026-07-03 13:15:00,212.2100067138672,213.8999938964844,211.0,211.8300018310547,115887
2026-07-06 09:15:00,212.3000030517578,212.9199981689453,210.1100006103516,211.1999969482422,37503
2026-07-06 13:15:00,211.2100067138672,212.2100067138672,211.1100006103516,211.8000030517578,43768
2026-07-07 09:15:00,211.8000030517578,211.8000030517578,208.5,208.5500030517578,25262
2026-07-07 13:15:00,208.6000061035156,209.08999633789065,207.00999450683597,208.3800048828125,39453
2026-07-08 09:15:00,207.1999969482422,208.1100006103516,204.1000061035156,208.07000732421875,99771
2026-07-08 13:15:00,207.82000732421875,208.2899932861328,202.5800018310547,204.9900054931641,110278
2026-07-09 09:15:00,206.8300018310547,206.8300018310547,202.97000122070312,203.0399932861328,76220
2026-07-09 13:15:00,203.2100067138672,203.47000122070312,200.0,200.1999969482422,122266
2026-07-10 09:15:00,202.1000061035156,204.9900054931641,202.0,203.6000061035156,29738
2026-07-10 13:15:00,203.6000061035156,204.1000061035156,202.0,202.63999938964844,44171
2026-07-13 09:15:00,202.5,202.5,200.3000030517578,201.8600006103516,30615
2026-07-13 13:15:00,201.9499969482422,202.88999938964844,201.1300048828125,202.32000732421875,52232
2026-07-14 09:15:00,203.30999755859372,204.1199951171875,198.75999450683597,199.1499938964844,53361
2026-07-14 13:15:00,199.0,199.41000366210935,195.5,197.3800048828125,117653
2026-07-15 09:15:00,197.8000030517578,203.5,197.33999633789065,200.5,131457
2026-07-15 13:15:00,200.33999633789065,203.67999267578125,200.33999633789065,203.0,94536
2026-07-16 09:15:00,202.92999267578125,203.8999938964844,202.0,202.07000732421875,29090
2026-07-16 13:15:00,202.17999267578125,202.3300018310547,200.0,200.8999938964844,22457
2026-07-17 09:15:00,200.8999938964844,202.38999938964844,200.1000061035156,201.3600006103516,20707
2026-07-17 13:15:00,201.7400054931641,202.3800048828125,200.25,201.27999877929688,53311
2026-07-20 09:15:00,200.7400054931641,200.7400054931641,198.0,198.32000732421875,28685
2026-07-20 13:15:00,198.66000366210935,202.4199981689453,198.41000366210935,201.9900054931641,136107
2026-07-21 09:15:00,201.25,203.63999938964844,200.3800048828125,202.1999969482422,52708
2026-07-21 13:15:00,202.8500061035156,203.6499938964844,201.1000061035156,201.1000061035156,74471
2026-07-22 09:15:00,202.0,202.0,198.4199981689453,199.41000366210935,30191
2026-07-22 13:15:00,199.3999938964844,199.3999938964844,198.3999938964844,198.9199981689453,28129
2026-07-23 09:15:00,198.9199981689453,198.9199981689453,193.9600067138672,194.2100067138672,65217
2026-07-23 13:15:00,194.3699951171875,194.75999450683597,193.8000030517578,194.1999969482422,75293
2026-07-24 09:15:00,193.2899932861328,194.16000366210935,191.50999450683597,192.9199981689453,120668
2026-07-24 13:15:00,192.9199981689453,194.1000061035156,192.5800018310547,193.19000244140625,75853
2026-07-27 09:15:00,198.6499938964844,204.97999572753903,195.00999450683597,203.8300018310547,145571
2026-07-27 13:15:00,203.8300018310547,206.41000366210935,200.8500061035156,203.8800048828125,301465
2026-07-28 09:15:00,204.83999633789065,205.0,200.0200042724609,200.0800018310547,65714
2026-07-28 13:15:00,200.25999450683597,200.5,197.32000732421875,198.25999450683597,118058
2026-07-29 09:15:00,198.5,200.05999755859372,198.16000366210935,199.50999450683597,43762
2026-07-29 13:15:00,199.6100006103516,204.0,199.1999969482422,200.05999755859372,265435
2026-07-30 09:15:00,200.5,200.9900054931641,198.6499938964844,199.0800018310547,39678
2026-07-30 13:15:00,199.05999755859372,200.0,198.22000122070312,199.0500030517578,116329
2026-07-31 09:15:00,200.0,200.13999938964844,197.8500061035156,198.3800048828125,36755
2026-07-31 13:15:00,198.50999450683597,198.50999450683597,196.47999572753903,196.7400054931641,111015
2026-08-03 09:15:00,199.00999450683597,204.6699981689453,198.88999938964844,203.08999633789065,180514
2026-08-03 13:15:00,203.00999450683597,204.9900054931641,202.9499969482422,203.5500030517578,241316
2026-08-04 09:15:00,210.00999450683597,210.67999267578125,198.0,199.7400054931641,399726
2026-08-04 13:15:00,199.6100006103516,200.0500030517578,198.1199951171875,198.80999755859372,243414
2026-08-05 09:15:00,202.9900054931641,212.3000030517578,198.8500061035156,210.38999938964844,877513
2026-08-05 13:15:00,210.3999938964844,211.4499969482422,209.0500030517578,210.3800048828125,314410
2026-08-06 09:15:00,210.0,211.9900054931641,208.50999450683597,210.25,101121
2026-08-06 13:15:00,210.25,212.0,210.0,211.1199951171875,116480
2026-08-07 09:15:00,211.5,215.08999633789062,208.88999938964844,212.49000549316406,216873
2026-08-07 13:15:00,212.22999572753906,213.8000030517578,211.50999450683594,211.7100067138672,145797
