Datetime,Open,High,Low,Close,Volume
2023-08-28 09:15:00,1490.0,1540.0,1490.0,1515.0,4176
2023-08-28 13:15:00,1515.0,1515.0,1476.0999755859375,1496.949951171875,5150
2023-08-29 09:15:00,1499.949951171875,1533.699951171875,1484.449951171875,1502.949951171875,2985
2023-08-29 13:15:00,1502.0,1541.5999755859375,1490.0,1493.050048828125,5822
2023-08-30 09:15:00,1591.0,1598.199951171875,1560.0,1562.5,27253
2023-08-30 13:15:00,1568.9000244140625,1584.9000244140625,1550.300048828125,1570.050048828125,9249
2023-08-31 09:15:00,1589.6500244140625,1589.6500244140625,1505.550048828125,1510.3499755859375,6572
2023-08-31 13:15:00,1510.3499755859375,1539.5,1504.449951171875,1534.75,4608
2023-09-01 09:15:00,1542.0,1547.75,1490.0999755859375,1513.8499755859375,4942
2023-09-01 13:15:00,1513.800048828125,1515.0,1490.9000244140625,1497.3499755859375,8113
2023-09-04 09:15:00,1509.3499755859375,1511.9000244140625,1490.9000244140625,1497.0,2946
2023-09-04 13:15:00,1497.0,1497.0,1485.699951171875,1488.5999755859375,4813
2023-09-05 09:15:00,1490.199951171875,1533.3499755859375,1483.800048828125,1504.3499755859375,3386
2023-09-05 13:15:00,1504.75,1525.699951171875,1495.0,1520.4000244140625,4221
2023-09-06 09:15:00,1533.1500244140625,1533.1500244140625,1497.0,1514.9000244140625,2836
2023-09-06 13:15:00,1514.800048828125,1522.0,1495.0,1507.0,3498
2023-09-07 09:15:00,1491.0,1524.449951171875,1490.0,1506.5,3987
2023-09-07 13:15:00,1507.9000244140625,1515.5,1502.0,1509.3499755859375,2353
2023-09-08 09:15:00,1525.0,1539.0,1503.9000244140625,1509.9000244140625,2903
2023-09-08 13:15:00,1508.0,1510.0,1492.0,1497.6500244140625,4205
2023-09-11 09:15:00,1513.6500244140625,1513.6500244140625,1469.949951171875,1475.0,17832
2023-09-11 13:15:00,1475.1500244140625,1493.8499755859375,1470.0,1476.25,3635
2023-09-12 09:15:00,1492.050048828125,1497.0,1426.25,1440.0,3950
2023-09-12 13:15:00,1443.050048828125,1455.0,1425.0,1432.699951171875,2893
2023-09-13 09:15:00,1430.0,1530.0,1430.0,1497.0,4994
2023-09-13 13:15:00,1498.449951171875,1534.9000244140625,1496.0,1520.1500244140625,6737
2023-09-14 09:15:00,1522.050048828125,1540.25,1501.550048828125,1502.0999755859375,1997
2023-09-14 13:15:00,1504.4000244140625,1525.0,1503.050048828125,1513.199951171875,4449
2023-09-15 09:15:00,1525.0,1525.0,1482.1500244140625,1487.5,3370
2023-09-15 13:15:00,1488.5,1505.1500244140625,1485.6500244140625,1494.75,4002
2023-09-18 09:15:00,1500.0,1500.0,1480.949951171875,1485.0,2589
2023-09-18 13:15:00,1485.0,1490.0,1457.449951171875,1468.550048828125,6336
2023-09-20 09:15:00,1468.5999755859375,1570.0,1468.050048828125,1533.5,34469
2023-09-20 13:15:00,1534.949951171875,1539.9000244140625,1500.699951171875,1524.8499755859375,12032
2023-09-21 09:15:00,1524.8499755859375,1536.949951171875,1489.300048828125,1510.949951171875,2513
2023-09-21 13:15:00,1512.0,1537.0,1495.0,1503.050048828125,7677
2023-09-22 09:15:00,1539.0,1558.449951171875,1504.5,1539.5999755859375,12551
2023-09-22 13:15:00,1538.75,1559.5,1531.0,1549.3499755859375,10683
2023-09-25 09:15:00,1588.300048828125,1637.0,1573.0999755859375,1598.300048828125,28993
2023-09-25 13:15:00,1595.699951171875,1601.300048828125,1570.0,1584.5,15201
2023-09-26 09:15:00,1594.9000244140625,1622.6500244140625,1538.050048828125,1541.5999755859375,19880
2023-09-26 13:15:00,1541.6500244140625,1555.0,1538.0,1541.0,6085
2023-09-27 09:15:00,1554.0,1576.699951171875,1545.050048828125,1558.0999755859375,1606
2023-09-27 13:15:00,1557.949951171875,1560.75,1525.1500244140625,1541.449951171875,7878
2023-09-28 09:15:00,1539.8499755859375,1557.949951171875,1532.25,1536.25,3057
2023-09-28 13:15:00,1536.25,1543.449951171875,1507.5,1530.0,7076
2023-09-29 09:15:00,1522.800048828125,1563.0,1514.050048828125,1544.4000244140625,5137
2023-09-29 13:15:00,1544.5,1548.449951171875,1520.0,1524.75,4224
2023-10-03 09:15:00,1524.75,1568.800048828125,1517.050048828125,1550.199951171875,3725
2023-10-03 13:15:00,1550.6500244140625,1563.4000244140625,1536.0,1557.25,3836
2023-10-04 09:15:00,1555.0,1717.550048828125,1536.3499755859375,1670.0,192454
2023-10-04 13:15:00,1671.449951171875,1702.8499755859375,1655.75,1688.300048828125,70347
2023-10-05 09:15:00,1706.949951171875,1784.0,1678.550048828125,1747.1500244140625,55138
2023-10-05 13:15:00,1748.25,1773.75,1732.75,1769.0,36282
2023-10-06 09:15:00,1788.0,1792.449951171875,1751.0,1754.0,17034
2023-10-06 13:15:00,1752.3499755859375,1760.9000244140625,1711.0999755859375,1750.0,28193
2023-10-09 09:15:00,1688.0,1721.0999755859375,1657.6500244140625,1673.050048828125,9487
2023-10-09 13:15:00,1673.1500244140625,1710.0,1655.5,1693.8499755859375,13785
2023-10-10 09:15:00,1710.0,1747.050048828125,1677.949951171875,1686.0,12392
2023-10-10 13:15:00,1685.949951171875,1709.75,1680.550048828125,1700.3499755859375,7680
2023-10-11 09:15:00,1714.800048828125,1733.949951171875,1700.1500244140625,1720.050048828125,4274
2023-10-11 13:15:00,1722.550048828125,1736.449951171875,1695.0,1721.0,6415
2023-10-12 09:15:00,1738.6500244140625,1778.5999755859375,1730.25,1755.550048828125,12193
2023-10-12 13:15:00,1752.75,1768.199951171875,1734.449951171875,1744.4000244140625,6643
2023-10-13 09:15:00,1752.0,1819.800048828125,1743.050048828125,1784.300048828125,22368
2023-10-13 13:15:00,1786.5999755859375,1788.0,1735.0,1735.0,9240
2023-10-16 09:15:00,1763.0,1780.0,1750.4000244140625,1765.1500244140625,7303
2023-10-16 13:15:00,1762.699951171875,1762.699951171875,1705.4000244140625,1716.6500244140625,9985
2023-10-17 09:15:00,1733.800048828125,1749.199951171875,1697.699951171875,1698.050048828125,4456
2023-10-17 13:15:00,1699.800048828125,1699.800048828125,1670.0,1695.0,8055
2023-10-18 09:15:00,1703.699951171875,1727.800048828125,1671.1500244140625,1726.0,11331
2023-10-18 13:15:00,1727.4000244140625,1784.25,1725.9000244140625,1748.25,17845
2023-10-19 09:15:00,1740.0,1741.0999755859375,1714.550048828125,1727.5,2162
2023-10-19 13:15:00,1727.0,1730.449951171875,1721.1500244140625,1724.9000244140625,5385
2023-10-20 09:15:00,1727.3499755859375,1753.449951171875,1702.050048828125,1706.75,3853
2023-10-20 13:15:00,1705.0,1721.800048828125,1703.0,1705.75,6515
2023-10-23 09:15:00,1723.199951171875,1723.199951171875,1590.0,1593.300048828125,18839
2023-10-23 13:15:00,1591.9000244140625,1613.4000244140625,1560.199951171875,1581.5,45193
2023-10-25 09:15:00,1602.6500244140625,1649.949951171875,1507.0,1534.300048828125,29912
2023-10-25 13:15:00,1534.4000244140625,1540.25,1503.0999755859375,1514.0,13562
2023-10-26 09:15:00,1501.0,1567.0,1470.8499755859375,1536.050048828125,14299
2023-10-26 13:15:00,1537.3499755859375,1566.699951171875,1530.949951171875,1560.0,7108
2023-10-27 09:15:00,1575.0,1633.550048828125,1552.0,1588.0,11644
2023-10-27 13:15:00,1588.0,1594.1500244140625,1511.550048828125,1545.8499755859375,9533
2023-10-30 09:15:00,1530.0,1530.0,1483.550048828125,1509.5999755859375,7627
2023-10-30 13:15:00,1509.9000244140625,1515.0,1492.199951171875,1504.300048828125,9572
2023-10-31 09:15:00,1520.0,1547.949951171875,1478.0,1481.4000244140625,23016
2023-10-31 13:15:00,1483.5,1510.199951171875,1468.050048828125,1478.800048828125,25521
2023-11-01 09:15:00,1483.050048828125,1547.949951171875,1480.0,1481.949951171875,9394
2023-11-01 13:15:00,1482.0,1494.949951171875,1480.0,1488.949951171875,5381
2023-11-02 09:15:00,1500.550048828125,1533.0,1496.6500244140625,1504.0,9800
2023-11-02 13:15:00,1504.9000244140625,1525.0,1502.5,1518.699951171875,4255
2023-11-03 09:15:00,1568.949951171875,1568.949951171875,1513.449951171875,1528.199951171875,4793
2023-11-03 13:15:00,1522.5,1544.5,1520.6500244140625,1542.9000244140625,6881
2023-11-06 09:15:00,1524.949951171875,1524.949951171875,1500.0,1510.75,3485
2023-11-06 13:15:00,1509.25,1514.0,1502.050048828125,1508.050048828125,5717
2023-11-07 09:15:00,1514.0,1514.0,1481.699951171875,1501.800048828125,5518
2023-11-07 13:15:00,1500.0,1501.25,1495.0,1496.1500244140625,3427
2023-11-08 09:15:00,1513.0,1515.0,1480.050048828125,1489.0,6025
2023-11-08 13:15:00,1489.800048828125,1494.449951171875,1482.300048828125,1491.0,5244
2023-11-09 09:15:00,1500.949951171875,1503.6500244140625,1477.8499755859375,1484.0,13803
2023-11-09 13:15:00,1484.75,1490.75,1481.0,1484.75,6227
2023-11-10 09:15:00,1480.0,1548.699951171875,1480.0,1519.3499755859375,14046
2023-11-10 13:15:00,1518.550048828125,1530.0,1486.4000244140625,1492.550048828125,8822
2023-11-13 09:15:00,1530.25,1568.75,1509.0,1568.75,11362
2023-11-13 13:15:00,1564.5999755859375,1638.3499755859375,1562.699951171875,1615.5,80561
2023-11-15 09:15:00,1631.9000244140625,1653.300048828125,1619.4000244140625,1640.25,14530
2023-11-15 13:15:00,1639.6500244140625,1648.199951171875,1635.050048828125,1645.050048828125,6222
2023-11-16 09:15:00,1642.75,1652.949951171875,1634.050048828125,1641.050048828125,6164
2023-11-16 13:15:00,1640.4000244140625,1649.949951171875,1631.0,1638.300048828125,5241
2023-11-17 09:15:00,1641.300048828125,1750.0,1641.300048828125,1707.050048828125,99318
2023-11-17 13:15:00,1706.6500244140625,1749.5999755859375,1702.949951171875,1716.25,32876
2023-11-20 09:15:00,1743.050048828125,1826.0,1727.0999755859375,1795.8499755859375,45696
2023-11-20 13:15:00,1792.3499755859375,1837.0,1792.3499755859375,1824.3499755859373,40643
2023-11-21 09:15:00,1873.949951171875,1882.300048828125,1807.25,1807.25,10355
2023-11-21 13:15:00,1807.1500244140625,1849.0,1807.1500244140625,1810.0,17121
2023-11-22 09:15:00,1811.550048828125,1832.75,1758.6500244140625,1778.699951171875,19434
2023-11-22 13:15:00,1779.25,1784.0,1760.25,1768.699951171875,9195
2023-11-23 09:15:00,1770.0,1870.0,1770.0,1826.300048828125,17527
2023-11-23 13:15:00,1830.3499755859373,1846.4000244140625,1804.699951171875,1833.800048828125,10875
2023-11-24 09:15:00,1818.800048828125,1833.0999755859373,1790.0,1795.0,3863
2023-11-24 13:15:00,1798.199951171875,1801.5,1777.0,1788.6500244140625,4357
2023-11-28 09:15:00,1788.6500244140625,1803.1500244140625,1761.050048828125,1774.6500244140625,5945
2023-11-28 13:15:00,1778.949951171875,1810.0999755859373,1755.050048828125,1779.8499755859375,4320
2023-11-29 09:15:00,1779.8499755859375,1828.800048828125,1779.8499755859375,1818.5,13124
2023-11-29 13:15:00,1818.800048828125,1820.0,1761.6500244140625,1765.0,16830
2023-11-30 09:15:00,1768.6500244140625,1785.949951171875,1753.1500244140625,1768.699951171875,4322
2023-11-30 13:15:00,1774.449951171875,1790.449951171875,1764.0,1782.3499755859375,5988
2023-12-01 09:15:00,1790.050048828125,1798.800048828125,1760.0999755859375,1772.25,3918
2023-12-01 13:15:00,1775.0999755859375,1785.0,1770.0,1778.9000244140625,3549
2023-12-04 09:15:00,1786.0,1815.0,1758.25,1763.6500244140625,6878
2023-12-04 13:15:00,1761.550048828125,1766.949951171875,1740.1500244140625,1750.75,3673
2023-12-05 09:15:00,1750.75,1770.0,1729.0,1751.0,6184
2023-12-05 13:15:00,1750.199951171875,1755.0,1730.699951171875,1739.4000244140625,2702
2023-12-06 09:15:00,1754.75,1787.3499755859375,1725.050048828125,1750.0,8282
2023-12-06 13:15:00,1750.0,1754.949951171875,1691.699951171875,1700.0,11048
2023-12-07 09:15:00,1713.5,1725.0,1687.199951171875,1689.75,5447
2023-12-07 13:15:00,1689.800048828125,1694.0,1657.3499755859375,1665.1500244140625,10674
2023-12-08 09:15:00,1673.5,1720.5999755859375,1673.449951171875,1686.0,5803
2023-12-08 13:15:00,1686.0,1689.0999755859375,1662.050048828125,1670.3499755859375,4576
2023-12-11 09:15:00,1678.75,1696.449951171875,1656.25,1672.949951171875,3631
2023-12-11 13:15:00,1672.949951171875,1715.0999755859375,1664.9000244140625,1686.3499755859375,5687
2023-12-12 09:15:00,1694.800048828125,1714.449951171875,1665.0,1682.5999755859375,4674
2023-12-12 13:15:00,1681.300048828125,1685.0,1671.050048828125,1677.25,6406
2023-12-13 09:15:00,1678.0,1699.4000244140625,1669.9000244140625,1683.050048828125,2302
2023-12-13 13:15:00,1684.9000244140625,1690.0999755859375,1675.050048828125,1679.5,3314
2023-12-14 09:15:00,1687.9000244140625,1810.0,1686.75,1763.1500244140625,103723
2023-12-14 13:15:00,1763.050048828125,1777.0,1745.300048828125,1777.0,17577
2023-12-15 09:15:00,1774.25,1792.75,1744.1500244140625,1750.949951171875,4925
2023-12-15 13:15:00,1754.4000244140625,1772.0,1744.0,1760.0,4288
2023-12-18 09:15:00,1750.0,1764.0,1745.0,1749.199951171875,2214
2023-12-18 13:15:00,1751.6500244140625,1759.0,1741.050048828125,1755.0,3155
2023-12-19 09:15:00,1756.449951171875,1756.449951171875,1721.25,1724.0,4771
2023-12-19 13:15:00,1725.5,1747.949951171875,1720.0,1733.800048828125,4200
2023-12-20 09:15:00,1733.800048828125,1753.5,1712.1500244140625,1713.1500244140625,4479
2023-12-20 13:15:00,1712.75,1731.75,1670.949951171875,1688.1500244140625,27024
2023-12-21 09:15:00,1652.0999755859375,1730.0,1652.0999755859375,1720.550048828125,2483
2023-12-21 13:15:00,1723.0999755859375,1736.9000244140625,1715.0,1729.5,1977
2023-12-22 09:15:00,1720.050048828125,1736.6500244140625,1701.050048828125,1704.699951171875,2135
2023-12-22 13:15:00,1706.4000244140625,1737.0,1704.9000244140625,1723.0999755859375,3732
2023-12-26 09:15:00,1747.0,1747.0,1702.6500244140625,1711.25,1603
2023-12-26 13:15:00,1711.25,1717.0,1690.0,1703.0999755859375,2541
2023-12-27 09:15:00,1711.6500244140625,1729.0,1695.0,1704.6500244140625,3568
2023-12-27 13:15:00,1704.699951171875,1712.9000244140625,1698.0,1702.0,1692
2023-12-28 09:15:00,1708.050048828125,1717.1500244140625,1690.0,1700.9000244140625,3355
2023-12-28 13:15:00,1700.1500244140625,1707.6500244140625,1693.25,1697.5,2268
2023-12-29 09:15:00,1706.199951171875,1710.449951171875,1689.1500244140625,1704.5999755859375,3449
2023-12-29 13:15:00,1701.050048828125,1706.949951171875,1695.0,1698.3499755859375,2849
2024-01-01 09:15:00,1715.949951171875,1729.050048828125,1694.050048828125,1702.75,2411
2024-01-01 13:15:00,1702.75,1709.0,1700.0,1702.6500244140625,3129
2024-01-02 09:15:00,1711.199951171875,1769.949951171875,1692.050048828125,1758.300048828125,7323
2024-01-02 13:15:00,1758.550048828125,1763.0,1730.300048828125,1752.449951171875,8769
2024-01-03 09:15:00,1765.0,1788.9000244140625,1740.8499755859375,1755.9000244140625,3078
2024-01-03 13:15:00,1761.949951171875,1772.1500244140625,1740.0,1763.75,5099
2024-01-04 09:15:00,1759.699951171875,1771.800048828125,1740.0,1743.5,2073
2024-01-04 13:15:00,1743.449951171875,1761.5,1740.0,1755.25,3777
2024-01-05 09:15:00,1773.050048828125,1785.8499755859375,1721.050048828125,1745.050048828125,4150
2024-01-05 13:15:00,1748.949951171875,1768.949951171875,1740.0,1763.199951171875,3260
2024-01-08 09:15:00,1780.0,1780.0,1722.050048828125,1748.8499755859375,2311
2024-01-08 13:15:00,1748.8499755859375,1753.25,1732.0999755859375,1745.0999755859375,3327
2024-01-09 09:15:00,1745.0,1832.8499755859373,1732.550048828125,1795.0,46629
2024-01-09 13:15:00,1795.0,1795.949951171875,1731.0999755859375,1733.0,10219
2024-01-10 09:15:00,1742.0,1773.050048828125,1719.9000244140625,1746.0,3748
2024-01-10 13:15:00,1744.550048828125,1768.4000244140625,1735.0,1753.0,2070
2024-01-11 09:15:00,1751.949951171875,1757.949951171875,1725.050048828125,1745.0,3017
2024-01-11 13:15:00,1740.050048828125,1745.949951171875,1724.0,1730.0,3023
2024-01-12 09:15:00,1738.6500244140625,1763.949951171875,1699.0999755859375,1702.5,18201
2024-01-12 13:15:00,1705.199951171875,1706.699951171875,1680.050048828125,1688.5999755859375,7429
2024-01-15 09:15:00,1713.949951171875,1717.0,1671.050048828125,1704.699951171875,9308
2024-01-15 13:15:00,1701.800048828125,1713.9000244140625,1700.0,1710.0,3708
2024-01-16 09:15:00,1712.0,1718.949951171875,1680.0,1680.0,3406
2024-01-16 13:15:00,1678.4000244140625,1690.0,1670.0,1673.1500244140625,6420
2024-01-17 09:15:00,1673.1500244140625,1708.0,1662.0999755859375,1684.050048828125,2224
2024-01-17 13:15:00,1687.8499755859375,1700.0,1671.0,1689.449951171875,1660
2024-01-18 09:15:00,1675.050048828125,1690.0999755859375,1626.0,1663.5,4099
2024-01-18 13:15:00,1666.699951171875,1672.0,1627.3499755859375,1669.0,6773
2024-01-19 09:15:00,1654.800048828125,1709.1500244140625,1654.800048828125,1693.0,3950
2024-01-19 13:15:00,1691.949951171875,1722.0,1689.949951171875,1705.75,6405
2024-01-23 09:15:00,1705.9000244140625,1715.0,1660.4000244140625,1675.449951171875,6390
2024-01-23 13:15:00,1676.5,1745.300048828125,1462.3499755859375,1510.0,103812
2024-01-24 09:15:00,1550.0,1555.0,1471.0999755859375,1523.75,43866
2024-01-24 13:15:00,1519.949951171875,1530.0,1519.25,1522.8499755859375,8220
2024-01-25 09:15:00,1531.0,1580.25,1509.0,1515.050048828125,4499
2024-01-25 13:15:00,1515.050048828125,1524.949951171875,1508.25,1524.0,18990
2024-01-29 09:15:00,1525.0,1527.0999755859375,1458.0999755859375,1458.949951171875,18426
2024-01-29 13:15:00,1460.0,1473.300048828125,1442.0999755859375,1453.6500244140625,16066
2024-01-30 09:15:00,1480.0,1503.9000244140625,1472.050048828125,1488.9000244140625,6051
2024-01-30 13:15:00,1486.1500244140625,1499.0,1481.0999755859375,1492.25,4639
2024-01-31 09:15:00,1485.0,1507.0,1480.949951171875,1485.949951171875,4048
2024-01-31 13:15:00,1485.050048828125,1498.199951171875,1470.25,1477.9000244140625,6389
2024-02-01 09:15:00,1485.300048828125,1490.0,1460.949951171875,1486.6500244140625,7650
2024-02-01 13:15:00,1486.4000244140625,1532.0,1485.699951171875,1524.3499755859375,7991
2024-02-02 09:15:00,1532.0,1567.1500244140625,1510.5999755859375,1563.949951171875,15552
2024-02-02 13:15:00,1563.0,1567.949951171875,1534.6500244140625,1548.4000244140625,6066
2024-02-05 09:15:00,1548.449951171875,1548.449951171875,1500.0,1519.6500244140625,4967
2024-02-05 13:15:00,1519.699951171875,1529.0,1480.9000244140625,1491.0,8815
2024-02-06 09:15:00,1480.0,1530.0,1480.0,1510.449951171875,3331
2024-02-06 13:15:00,1510.449951171875,1530.0,1496.6500244140625,1514.949951171875,3707
2024-02-07 09:15:00,1525.0,1534.449951171875,1489.9000244140625,1507.0,6262
2024-02-07 13:15:00,1506.0,1509.0,1499.0,1504.0,2735
2024-02-08 09:15:00,1500.0,1529.0,1490.800048828125,1498.9000244140625,4593
2024-02-08 13:15:00,1498.9000244140625,1516.800048828125,1495.0,1503.5,3436
2024-02-09 09:15:00,1518.8499755859375,1519.449951171875,1440.6500244140625,1489.6500244140625,18131
2024-02-09 13:15:00,1489.4000244140625,1507.3499755859375,1476.1500244140625,1487.75,3617
2024-02-12 09:15:00,1514.4000244140625,1514.4000244140625,1435.050048828125,1461.0999755859375,7064
2024-02-12 13:15:00,1464.949951171875,1491.0,1450.4000244140625,1465.699951171875,2835
2024-02-13 09:15:00,1473.050048828125,1473.050048828125,1426.0,1460.050048828125,1695
2024-02-13 13:15:00,1460.199951171875,1470.0,1450.949951171875,1457.6500244140625,1181
2024-02-14 09:15:00,1416.050048828125,1493.6500244140625,1416.050048828125,1477.699951171875,3774
2024-02-14 13:15:00,1476.4000244140625,1489.449951171875,1470.0,1486.300048828125,1809
2024-02-15 09:15:00,1493.75,1535.9000244140625,1487.199951171875,1513.8499755859375,2741
2024-02-15 13:15:00,1512.1500244140625,1526.0,1510.0,1517.050048828125,2023
2024-02-16 09:15:00,1517.050048828125,1537.0,1512.0999755859375,1527.050048828125,4814
2024-02-16 13:15:00,1528.3499755859375,1535.0,1515.0,1523.4000244140625,2604
2024-02-19 09:15:00,1523.4000244140625,1530.1500244140625,1480.0,1494.699951171875,4041
2024-02-19 13:15:00,1496.3499755859375,1507.8499755859375,1493.0,1500.0,3253
2024-02-20 09:15:00,1496.25,1507.5,1484.0999755859375,1492.8499755859375,4557
2024-02-20 13:15:00,1492.699951171875,1504.5999755859375,1490.0,1498.449951171875,3783
2024-02-21 09:15:00,1494.6500244140625,1536.550048828125,1491.449951171875,1514.0,4128
2024-02-21 13:15:00,1514.0,1529.800048828125,1510.0,1523.050048828125,7081
2024-02-22 09:15:00,1538.949951171875,1547.800048828125,1500.800048828125,1525.449951171875,4275
2024-02-22 13:15:00,1524.25,1536.0,1520.9000244140625,1531.050048828125,1225
2024-02-23 09:15:00,1531.050048828125,1544.9000244140625,1512.0999755859375,1534.3499755859375,4243
2024-02-23 13:15:00,1530.699951171875,1534.3499755859375,1520.0,1525.550048828125,4529
2024-02-26 09:15:00,1530.0,1555.449951171875,1507.050048828125,1510.0,3487
2024-02-26 13:15:00,1509.0,1511.800048828125,1491.0,1501.050048828125,5488
2024-02-27 09:15:00,1512.9000244140625,1532.4000244140625,1502.800048828125,1514.4000244140625,2691
2024-02-27 13:15:00,1512.050048828125,1523.949951171875,1493.25,1506.75,4321
2024-02-28 09:15:00,1514.300048828125,1527.949951171875,1481.4000244140625,1485.199951171875,5008
2024-02-28 13:15:00,1486.8499755859375,1502.9000244140625,1482.699951171875,1489.3499755859375,2285
2024-02-29 09:15:00,1494.9000244140625,1503.300048828125,1442.4000244140625,1477.800048828125,10233
2024-02-29 13:15:00,1480.699951171875,1493.949951171875,1468.6500244140625,1480.449951171875,4171
2024-03-01 09:15:00,1576.0,1624.0,1562.4000244140625,1595.449951171875,78107
2024-03-01 13:15:00,1594.550048828125,1640.0,1588.0,1630.5,50853
2024-03-04 09:15:00,1672.949951171875,1720.800048828125,1643.300048828125,1712.699951171875,25214
2024-03-04 13:15:00,1714.0,1744.949951171875,1689.0999755859375,1711.0,25484
2024-03-05 09:15:00,1715.0,1715.4000244140625,1665.3499755859375,1690.699951171875,8505
2024-03-05 13:15:00,1690.699951171875,1693.6500244140625,1652.050048828125,1659.050048828125,6071
2024-03-06 09:15:00,1645.050048828125,1672.800048828125,1582.800048828125,1610.4000244140625,7514
2024-03-06 13:15:00,1610.25,1646.199951171875,1605.300048828125,1637.4000244140625,8700
2024-03-07 09:15:00,1645.5999755859375,1654.199951171875,1619.25,1634.25,2118
2024-03-07 13:15:00,1631.6500244140625,1638.699951171875,1600.0,1611.300048828125,1479
2024-03-11 09:15:00,1617.0,1617.300048828125,1546.0,1579.25,7582
2024-03-11 13:15:00,1578.300048828125,1581.1500244140625,1555.0,1561.3499755859375,4241
2024-03-12 09:15:00,1565.0,1576.0,1519.4000244140625,1533.75,3479
2024-03-12 13:15:00,1532.050048828125,1586.0999755859375,1532.050048828125,1577.449951171875,5721
2024-03-13 09:15:00,1577.449951171875,1582.0,1510.0,1555.1500244140625,8105
2024-03-13 13:15:00,1555.1500244140625,1567.8499755859375,1496.5,1511.800048828125,16205
2024-03-14 09:15:00,1490.3499755859375,1540.9000244140625,1489.9000244140625,1513.75,5127
2024-03-14 13:15:00,1514.5,1544.8499755859375,1500.0999755859375,1513.550048828125,8049
2024-03-15 09:15:00,1514.0,1528.699951171875,1485.949951171875,1502.949951171875,3922
2024-03-15 13:15:00,1503.0,1515.949951171875,1488.449951171875,1505.5999755859375,7989
2024-03-18 09:15:00,1505.5999755859375,1557.9000244140625,1485.0,1543.800048828125,7132
2024-03-18 13:15:00,1546.75,1554.9000244140625,1540.0,1545.1500244140625,3600
2024-03-19 09:15:00,1557.75,1557.75,1527.699951171875,1538.0,5283
2024-03-19 13:15:00,1539.5,1540.0,1513.4000244140625,1523.3499755859375,7609
2024-03-20 09:15:00,1531.0,1586.0999755859375,1531.0,1586.0999755859375,10386
2024-03-20 13:15:00,1587.75,1603.5,1581.050048828125,1598.9000244140625,7003
2024-03-21 09:15:00,1602.0,1644.0,1595.0,1611.699951171875,5814
2024-03-21 13:15:00,1611.699951171875,1635.0,1595.0,1607.3499755859375,6553
2024-03-22 09:15:00,1610.25,1630.3499755859375,1602.0999755859375,1611.9000244140625,4246
2024-03-22 13:15:00,1611.050048828125,1619.800048828125,1585.550048828125,1611.550048828125,5695
2024-03-26 09:15:00,1612.0,1621.199951171875,1602.0,1612.0,3076
2024-03-26 13:15:00,1612.0999755859375,1623.3499755859375,1575.0,1590.8499755859375,6810
2024-03-27 09:15:00,1590.8499755859375,1590.8499755859375,1571.050048828125,1571.5,4058
2024-03-27 13:15:00,1571.5,1574.949951171875,1520.5999755859375,1530.0,3641
2024-03-28 09:15:00,1551.300048828125,1572.0,1538.949951171875,1553.1500244140625,8303
2024-03-28 13:15:00,1553.1500244140625,1558.6500244140625,1522.949951171875,1533.300048828125,3811
2024-04-01 09:15:00,1533.300048828125,1540.9000244140625,1512.0,1525.5999755859375,5378
2024-04-01 13:15:00,1526.25,1554.8499755859375,1525.0,1541.8499755859375,6127
2024-04-02 09:15:00,1549.5999755859375,1564.449951171875,1542.050048828125,1550.199951171875,2918
2024-04-02 13:15:00,1550.6500244140625,1560.0,1540.550048828125,1545.3499755859375,2828
2024-04-03 09:15:00,1561.0,1589.699951171875,1545.550048828125,1580.0,9573
2024-04-03 13:15:00,1582.300048828125,1601.0,1578.0,1586.8499755859375,5458
2024-04-04 09:15:00,1594.800048828125,1648.9000244140625,1593.800048828125,1609.5999755859375,13574
2024-04-04 13:15:00,1616.9000244140625,1639.449951171875,1602.25,1626.5,6993
2024-04-05 09:15:00,1626.5,1631.449951171875,1602.050048828125,1603.0999755859375,2491
2024-04-05 13:15:00,1603.050048828125,1615.0,1600.0,1608.300048828125,3339
2024-04-08 09:15:00,1608.300048828125,1623.949951171875,1596.0999755859375,1613.0,13398
2024-04-08 13:15:00,1613.0,1625.0,1610.0,1615.800048828125,5114
2024-04-09 09:15:00,1623.9000244140625,1643.5999755859375,1611.25,1619.949951171875,2365
2024-04-09 13:15:00,1620.0,1629.949951171875,1614.0999755859375,1621.449951171875,5400
2024-04-10 09:15:00,1625.0,1642.4000244140625,1610.0,1612.0,4435
2024-04-10 13:15:00,1614.0,1620.0,1612.0,1618.550048828125,3832
2024-04-12 09:15:00,1610.0,1624.0,1609.25,1610.5999755859375,5583
2024-04-12 13:15:00,1611.0999755859375,1628.75,1611.0999755859375,1620.800048828125,2279
2024-04-15 09:15:00,1610.050048828125,1627.699951171875,1572.0999755859375,1612.3499755859375,3728
2024-04-15 13:15:00,1612.550048828125,1617.9000244140625,1609.949951171875,1615.3499755859375,3762
2024-04-16 09:15:00,1610.0,1624.199951171875,1604.6500244140625,1610.050048828125,3279
2024-04-16 13:15:00,1613.5,1625.0,1610.0,1617.3499755859375,2948
2024-04-18 09:15:00,1625.449951171875,1669.9000244140625,1611.0,1615.699951171875,5631
2024-04-18 13:15:00,1615.699951171875,1622.25,1609.949951171875,1611.25,5598
2024-04-19 09:15:00,1610.0,1629.0,1578.050048828125,1621.5999755859375,3439
2024-04-19 13:15:00,1624.699951171875,1630.75,1610.050048828125,1623.949951171875,7210
2024-04-22 09:15:00,1632.0999755859375,1651.0,1610.0,1612.5999755859375,3602
2024-04-22 13:15:00,1616.0,1626.300048828125,1610.3499755859375,1619.75,2226
2024-04-23 09:15:00,1635.8499755859375,1642.449951171875,1616.25,1620.5999755859375,3035
2024-04-23 13:15:00,1620.5999755859375,1640.0,1616.0,1622.5,4032
2024-04-24 09:15:00,1630.6500244140625,1712.5,1616.25,1632.5,11034
2024-04-24 13:15:00,1632.0,1660.0,1628.75,1648.449951171875,1084
2024-04-25 09:15:00,1633.0,1693.0,1633.0,1688.800048828125,12629
2024-04-25 13:15:00,1688.75,1688.75,1675.050048828125,1681.199951171875,1892
2024-04-26 09:15:00,1698.050048828125,1698.050048828125,1660.050048828125,1684.550048828125,4378
2024-04-26 13:15:00,1685.949951171875,1690.0,1675.0,1683.25,3741
2024-04-29 09:15:00,1684.1500244140625,1684.949951171875,1646.25,1659.699951171875,1446
2024-04-29 13:15:00,1659.6500244140625,1659.6500244140625,1633.0,1642.949951171875,2094
2024-04-30 09:15:00,1638.6500244140625,1645.550048828125,1613.25,1632.5999755859375,1471
2024-04-30 13:15:00,1632.300048828125,1657.949951171875,1632.300048828125,1633.0,3936
2024-05-02 09:15:00,1645.25,1667.949951171875,1630.0,1650.050048828125,3031
2024-05-02 13:15:00,1656.8499755859375,1661.3499755859375,1630.0,1649.25,2827
2024-05-03 09:15:00,1657.449951171875,1681.0,1634.75,1640.5,2185
2024-05-03 13:15:00,1641.300048828125,1657.4000244140625,1637.1500244140625,1652.449951171875,1380
2024-05-06 09:15:00,1665.0,1665.0,1616.550048828125,1631.0,755
2024-05-06 13:15:00,1637.9000244140625,1650.050048828125,1635.0,1649.3499755859375,2167
2024-05-07 09:15:00,1632.8499755859375,1654.0999755859375,1610.0,1617.5999755859375,3844
2024-05-07 13:15:00,1615.5,1633.4000244140625,1614.949951171875,1626.5,2984
2024-05-08 09:15:00,1615.0,1637.9000244140625,1610.0,1615.0,2255
2024-05-08 13:15:00,1610.0,1624.449951171875,1609.5,1610.5999755859375,2421
2024-05-09 09:15:00,1618.699951171875,1626.449951171875,1610.0,1611.800048828125,518
2024-05-09 13:15:00,1610.050048828125,1615.0,1609.949951171875,1610.0999755859375,2471
2024-05-10 09:15:00,1610.050048828125,1632.949951171875,1602.0,1621.75,1398
2024-05-10 13:15:00,1618.4000244140625,1638.0,1618.4000244140625,1632.0999755859375,883
2024-05-13 09:15:00,1640.300048828125,1640.300048828125,1583.699951171875,1632.699951171875,2633
2024-05-13 13:15:00,1632.8499755859375,1634.300048828125,1620.0,1627.699951171875,784
2024-05-14 09:15:00,1635.8499755859375,1638.0,1615.550048828125,1625.1500244140625,1260
2024-05-14 13:15:00,1625.1500244140625,1634.0,1616.449951171875,1624.5,1093
2024-05-15 09:15:00,1623.699951171875,1633.4000244140625,1610.0,1616.9000244140625,1711
2024-05-15 13:15:00,1616.3499755859375,1618.1500244140625,1610.0,1610.800048828125,590
2024-05-16 09:15:00,1654.0,1654.0,1623.050048828125,1642.0,4096
2024-05-16 13:15:00,1641.949951171875,1650.0,1637.449951171875,1644.5999755859375,2728
2024-05-17 09:15:00,1652.8499755859375,1675.0,1643.6500244140625,1651.0,2214
2024-05-17 13:15:00,1651.0,1663.449951171875,1650.0,1656.199951171875,2344
2024-05-21 09:15:00,1690.0999755859375,1690.0999755859375,1650.699951171875,1664.1500244140625,3829
2024-05-21 13:15:00,1666.8499755859375,1674.199951171875,1615.0,1628.949951171875,5027
2024-05-22 09:15:00,1613.9000244140625,1636.9000244140625,1603.0,1617.0,54074
2024-05-22 13:15:00,1619.949951171875,1619.949951171875,1609.949951171875,1610.449951171875,9280
2024-05-23 09:15:00,1626.5999755859375,1634.0,1609.949951171875,1620.5999755859375,9977
2024-05-23 13:15:00,1618.5999755859375,1630.449951171875,1584.9000244140625,1597.9000244140625,6871
2024-05-24 09:15:00,1605.9000244140625,1617.449951171875,1573.300048828125,1575.0,9490
2024-05-24 13:15:00,1576.3499755859375,1578.0,1539.0999755859375,1552.0,9207
2024-05-27 09:15:00,1550.0,1599.0,1531.550048828125,1596.0,7935
2024-05-27 13:15:00,1595.9000244140625,1643.4000244140625,1595.9000244140625,1639.949951171875,18179
2024-05-28 09:15:00,1633.0,1634.1500244140625,1590.0,1615.699951171875,7866
2024-05-28 13:15:00,1615.449951171875,1621.6500244140625,1594.0,1610.25,6690
2024-05-29 09:15:00,1605.0,1682.0,1605.0,1660.0,14119
2024-05-29 13:15:00,1660.0,1670.0,1651.550048828125,1658.5,12157
2024-05-30 09:15:00,1659.0,1674.0,1634.75,1650.0,2985
2024-05-30 13:15:00,1650.0,1665.9000244140625,1639.699951171875,1661.300048828125,5002
2024-05-31 09:15:00,1661.300048828125,1669.6500244140625,1645.0999755859375,1647.0,13334
2024-05-31 13:15:00,1645.0999755859375,1754.800048828125,1643.25,1740.6500244140625,48107
2024-06-03 09:15:00,1769.9000244140625,1897.0999755859373,1744.199951171875,1744.199951171875,14780
2024-06-03 13:15:00,1744.25,1781.6500244140625,1713.449951171875,1774.75,21586
2024-06-04 09:15:00,1769.949951171875,1794.949951171875,1560.6500244140625,1761.8499755859375,32945
2024-06-04 13:15:00,1761.8499755859375,1853.699951171875,1712.050048828125,1775.800048828125,46141
2024-06-05 09:15:00,1795.0,1964.0,1722.25,1889.8499755859373,67870
2024-06-05 13:15:00,1889.0999755859373,1960.0,1884.0,1955.0,30417
2024-06-06 09:15:00,1972.0,2056.800048828125,1965.0,2008.550048828125,20158
2024-06-06 13:15:00,2009.949951171875,2048.60009765625,1955.949951171875,1979.0,19859
2024-06-07 09:15:00,1982.550048828125,2088.0,1978.5999755859373,2005.699951171875,28212
2024-06-07 13:15:00,2003.0,2005.300048828125,1970.0,1988.050048828125,14556
2024-06-10 09:15:00,2049.0,2081.39990234375,1985.0,2064.75,45382
2024-06-10 13:15:00,2066.0,2078.0,2024.3499755859373,2043.9000244140625,20045
2024-06-11 09:15:00,2057.85009765625,2076.449951171875,2022.9000244140625,2067.0,13525
2024-06-11 13:15:00,2057.5,2058.949951171875,2010.449951171875,2047.949951171875,9611
2024-06-12 09:15:00,2048.25,2089.35009765625,2030.449951171875,2065.0,10536
2024-06-12 13:15:00,2065.0,2065.449951171875,2020.0,2039.949951171875,5084
2024-06-13 09:15:00,2054.10009765625,2074.0,2050.050048828125,2071.050048828125,10304
2024-06-13 13:15:00,2070.64990234375,2072.64990234375,2052.0,2060.699951171875,4983
2024-06-14 09:15:00,2060.800048828125,2119.0,2060.75,2078.199951171875,14373
2024-06-14 13:15:00,2080.35009765625,2080.35009765625,2033.5999755859373,2054.0,6072
2024-06-18 09:15:00,2070.0,2110.0,2008.550048828125,2038.050048828125,6658
2024-06-18 13:15:00,2034.550048828125,2061.89990234375,2023.5,2033.050048828125,8920
2024-06-19 09:15:00,2043.25,2075.0,2011.699951171875,2041.0,7695
2024-06-19 13:15:00,2044.0,2044.0,2027.6500244140625,2037.550048828125,4554
2024-06-20 09:15:00,2037.550048828125,2049.449951171875,2011.050048828125,2039.9000244140625,3521
2024-06-20 13:15:00,2040.0,2040.0,2005.0,2017.1500244140625,5186
2024-06-21 09:15:00,2017.1500244140625,2064.800048828125,1998.0,2001.0,5463
2024-06-21 13:15:00,2004.3499755859373,2030.800048828125,2002.0,2022.9000244140625,3579
2024-06-24 09:15:00,2023.4000244140625,2028.550048828125,1996.050048828125,2000.050048828125,1945
2024-06-24 13:15:00,1996.9000244140625,2008.449951171875,1989.0,1992.449951171875,2664
2024-06-25 09:15:00,2000.0,2018.4000244140625,1969.0,1972.949951171875,2803
2024-06-25 13:15:00,1973.6500244140625,1985.0,1923.300048828125,1928.4000244140625,11214
2024-06-26 09:15:00,1969.050048828125,2025.1500244140625,1944.8499755859373,1999.699951171875,3718
2024-06-26 13:15:00,1999.699951171875,1999.699951171875,1965.0,1980.0,9616
2024-06-27 09:15:00,1985.0,1999.5999755859373,1964.949951171875,1975.1500244140625,3269
2024-06-27 13:15:00,1976.0,2005.0,1968.75,1982.75,3348
2024-06-28 09:15:00,1987.699951171875,1991.050048828125,1948.75,1961.6500244140625,3757
2024-06-28 13:15:00,1961.8499755859373,1982.0,1949.949951171875,1961.4000244140625,4527
2024-07-01 09:15:00,1961.050048828125,2035.0,1955.0,2031.75,8042
2024-07-01 13:15:00,2027.0999755859373,2126.89990234375,2020.0,2118.39990234375,59111
2024-07-02 09:15:00,2128.449951171875,2135.85009765625,2075.0,2081.949951171875,13114
2024-07-02 13:15:00,2084.800048828125,2114.89990234375,2082.14990234375,2108.0,13981
2024-07-03 09:15:00,2129.300048828125,2130.0,2069.64990234375,2080.0,5016
2024-07-03 13:15:00,2081.949951171875,2099.0,2077.199951171875,2085.85009765625,1871
2024-07-04 09:15:00,2096.300048828125,2120.75,2080.0,2085.0,8031
2024-07-04 13:15:00,2088.89990234375,2117.89990234375,2085.0,2096.300048828125,7673
2024-07-05 09:15:00,2106.800048828125,2111.39990234375,2077.550048828125,2088.35009765625,2966
2024-07-05 13:15:00,2088.449951171875,2100.0,2075.0,2086.0,4412
2024-07-08 09:15:00,2090.0,2107.14990234375,2056.300048828125,2099.949951171875,12528
2024-07-08 13:15:00,2096.10009765625,2098.89990234375,2054.300048828125,2066.050048828125,4974
2024-07-09 09:15:00,2087.550048828125,2100.0,2040.6500244140625,2083.300048828125,11771
2024-07-09 13:15:00,2083.300048828125,2099.0,2071.60009765625,2093.64990234375,4901
2024-07-10 09:15:00,2097.0,2114.949951171875,1991.050048828125,2042.199951171875,13377
2024-07-10 13:15:00,2042.199951171875,2072.949951171875,2031.050048828125,2053.14990234375,9002
2024-07-11 09:15:00,2073.949951171875,2085.0,2051.75,2079.199951171875,5910
2024-07-11 13:15:00,2075.5,2089.0,2069.25,2079.14990234375,2807
2024-07-12 09:15:00,2080.0,2103.0,2063.0,2074.39990234375,8289
2024-07-12 13:15:00,2074.199951171875,2077.449951171875,2040.0,2057.699951171875,7001
2024-07-15 09:15:00,2058.0,2162.0,2037.800048828125,2100.0,25149
2024-07-15 13:15:00,2102.949951171875,2118.050048828125,2077.050048828125,2089.64990234375,10919
2024-07-16 09:15:00,2094.0,2094.0,2055.0,2058.199951171875,6572
2024-07-16 13:15:00,2059.550048828125,2070.0,2057.0,2062.800048828125,2324
2024-07-18 09:15:00,2084.300048828125,2119.0,2051.10009765625,2097.949951171875,28466
2024-07-18 13:15:00,2100.050048828125,2111.89990234375,2055.10009765625,2091.300048828125,3937
2024-07-19 09:15:00,2101.800048828125,2109.89990234375,2030.699951171875,2044.550048828125,12523
2024-07-19 13:15:00,2042.75,2075.050048828125,2032.050048828125,2064.699951171875,5433
2024-07-22 09:15:00,2064.699951171875,2073.64990234375,2023.1500244140625,2052.550048828125,5995
2024-07-22 13:15:00,2053.0,2070.449951171875,2052.64990234375,2064.5,3033
2024-07-23 09:15:00,2066.0,2070.050048828125,1980.050048828125,2021.5,10392
2024-07-23 13:15:00,2023.75,2046.0,2005.199951171875,2013.5999755859373,4802
2024-07-24 09:15:00,2010.0,2110.0,2007.949951171875,2074.10009765625,11248
2024-07-24 13:15:00,2074.0,2085.0,2034.199951171875,2045.0,5064
2024-07-25 09:15:00,2040.0,2120.0,2030.0999755859373,2100.0,8975
2024-07-25 13:15:00,2100.0,2124.0,2097.0,2099.0,27842
2024-07-26 09:15:00,2110.35009765625,2170.14990234375,2080.64990234375,2100.0,25302
2024-07-26 13:15:00,2097.050048828125,2100.0,2063.85009765625,2082.449951171875,9318
2024-07-29 09:15:00,2097.75,2184.0,2094.0,2113.300048828125,35964
2024-07-29 13:15:00,2112.85009765625,2129.0,2095.14990234375,2098.0,13950
2024-07-30 09:15:00,2123.5,2139.0,2087.800048828125,2125.699951171875,17692
2024-07-30 13:15:00,2125.699951171875,2145.0,2121.199951171875,2136.699951171875,15241
2024-07-31 09:15:00,2157.0,2157.0,2120.0,2130.050048828125,8761
2024-07-31 13:15:00,2130.050048828125,2137.5,2108.60009765625,2137.5,9542
2024-08-01 09:15:00,2098.949951171875,2098.949951171875,2052.10009765625,2070.949951171875,18251
2024-08-01 13:15:00,2074.0,2077.25,2051.10009765625,2070.0,6538
2024-08-02 09:15:00,2038.949951171875,2051.449951171875,2020.0,2043.5,5325
2024-08-02 13:15:00,2045.949951171875,2049.0,2023.050048828125,2049.0,5456
2024-08-05 09:15:00,1969.1500244140625,2034.800048828125,1916.050048828125,1935.699951171875,15606
2024-08-05 13:15:00,1936.6500244140625,1965.0,1899.0,1931.050048828125,11046
2024-08-06 09:15:00,1927.800048828125,1979.9000244140625,1927.800048828125,1951.0999755859373,6032
2024-08-06 13:15:00,1947.25,1947.25,1900.0,1912.5999755859373,5074
2024-08-07 09:15:00,1922.199951171875,1942.0999755859373,1909.0999755859373,1921.9000244140625,2709
2024-08-07 13:15:00,1921.9000244140625,1935.0,1910.0,1915.949951171875,2002
2024-08-08 09:15:00,1901.949951171875,2031.0,1888.0,1980.0,22244
2024-08-08 13:15:00,1974.949951171875,2011.050048828125,1951.800048828125,1974.050048828125,5104
2024-08-09 09:15:00,2000.0,2180.10009765625,1953.5,2165.699951171875,101839
2024-08-09 13:15:00,2164.64990234375,2209.0,2151.0,2196.10009765625,50216
2024-08-12 09:15:00,2212.550048828125,2240.0,2151.10009765625,2152.550048828125,12160
2024-08-12 13:15:00,2151.75,2180.10009765625,2141.10009765625,2150.0,10251
2024-08-13 09:15:00,2150.0,2179.800048828125,2105.0,2176.699951171875,17489
2024-08-13 13:15:00,2181.0,2181.699951171875,2111.35009765625,2120.050048828125,11933
2024-08-14 09:15:00,2131.64990234375,2131.64990234375,2075.0,2108.64990234375,5000
2024-08-14 13:15:00,2108.64990234375,2139.5,2089.5,2138.0,7702
2024-08-16 09:15:00,2126.050048828125,2298.949951171875,2126.050048828125,2267.85009765625,46168
2024-08-16 13:15:00,2269.949951171875,2275.0,2241.0,2260.89990234375,18609
2024-08-19 09:15:00,2300.39990234375,2344.0,2274.35009765625,2280.10009765625,10398
2024-08-19 13:15:00,2284.35009765625,2304.5,2276.0,2296.85009765625,12643
2024-08-20 09:15:00,2331.14990234375,2331.14990234375,2266.050048828125,2294.14990234375,7955
2024-08-20 13:15:00,2290.60009765625,2305.39990234375,2279.949951171875,2299.800048828125,7992
2024-08-21 09:15:00,2298.0,2306.949951171875,2263.60009765625,2281.85009765625,10064
2024-08-21 13:15:00,2281.85009765625,2284.949951171875,2270.0,2280.0,5877
2024-08-22 09:15:00,2290.0,2365.0,2272.85009765625,2326.550048828125,9830
2024-08-22 13:15:00,2322.85009765625,2352.75,2305.89990234375,2339.949951171875,13762
2024-08-23 09:15:00,2350.0,2421.10009765625,2298.5,2385.0,33716
2024-08-23 13:15:00,2385.35009765625,2425.050048828125,2370.10009765625,2395.85009765625,19829
2024-08-26 09:15:00,2405.64990234375,2423.85009765625,2354.85009765625,2403.949951171875,10681
2024-08-26 13:15:00,2403.199951171875,2420.89990234375,2386.0,2414.0,5904
2024-08-27 09:15:00,2401.199951171875,2439.25,2376.300048828125,2414.25,11479
2024-08-27 13:15:00,2397.14990234375,2439.0,2387.60009765625,2439.0,12047
2024-08-28 09:15:00,2469.0,2469.0,2428.0,2435.85009765625,8913
2024-08-28 13:15:00,2434.300048828125,2439.89990234375,2427.0,2431.050048828125,5083
2024-08-29 09:15:00,2431.050048828125,2432.050048828125,2346.0,2376.050048828125,20370
2024-08-29 13:15:00,2376.75,2398.0,2354.89990234375,2378.85009765625,5359
2024-08-30 09:15:00,2390.0,2416.5,2363.199951171875,2411.699951171875,4614
2024-08-30 13:15:00,2406.800048828125,2427.949951171875,2362.14990234375,2391.89990234375,14407
2024-09-02 09:15:00,2391.89990234375,2414.949951171875,2339.0,2351.300048828125,8455
2024-09-02 13:15:00,2342.10009765625,2359.199951171875,2331.300048828125,2334.10009765625,4693
2024-09-03 09:15:00,2355.550048828125,2415.85009765625,2322.75,2400.0,9233
2024-09-03 13:15:00,2400.0,2408.550048828125,2375.050048828125,2387.89990234375,6239
2024-09-04 09:15:00,2391.050048828125,2412.14990234375,2322.14990234375,2405.0,12477
2024-09-04 13:15:00,2405.0,2420.85009765625,2400.050048828125,2411.89990234375,3481
2024-09-05 09:15:00,2424.0,2451.0,2395.0,2436.449951171875,25056
2024-09-05 13:15:00,2433.699951171875,2444.949951171875,2424.050048828125,2434.64990234375,5550
2024-09-06 09:15:00,2434.75,2448.0,2358.300048828125,2428.10009765625,11691
2024-09-06 13:15:00,2429.39990234375,2435.699951171875,2408.35009765625,2430.39990234375,2263
2024-09-09 09:15:00,2437.60009765625,2441.449951171875,2301.0,2343.89990234375,12064
2024-09-09 13:15:00,2340.10009765625,2348.85009765625,2310.449951171875,2325.0,7376
2024-09-10 09:15:00,2335.0,2338.949951171875,2312.0,2325.10009765625,18452
2024-09-10 13:15:00,2325.10009765625,2331.89990234375,2314.949951171875,2321.75,5342
2024-09-11 09:15:00,2315.14990234375,2341.35009765625,2279.85009765625,2306.39990234375,16220
2024-09-11 13:15:00,2306.39990234375,2322.75,2298.449951171875,2304.75,11164
2024-09-12 09:15:00,2300.0,2300.0,2247.550048828125,2258.0,7111
2024-09-12 13:15:00,2259.60009765625,2275.0,2215.0,2230.449951171875,3392
2024-09-13 09:15:00,2239.39990234375,2241.5,2179.949951171875,2197.949951171875,19468
2024-09-13 13:15:00,2198.25,2200.0,2171.14990234375,2187.0,6081
2024-09-16 09:15:00,2185.10009765625,2188.10009765625,2115.0,2124.0,11805
2024-09-16 13:15:00,2123.75,2130.0,2069.050048828125,2118.0,15223
2024-09-17 09:15:00,2108.300048828125,2139.550048828125,2086.25,2094.0,14916
2024-09-17 13:15:00,2096.60009765625,2126.550048828125,2070.0,2089.800048828125,8513
2024-09-18 09:15:00,2092.449951171875,2123.949951171875,2057.10009765625,2065.5,9904
2024-09-18 13:15:00,2065.0,2070.0,2050.10009765625,2056.0,5923
2024-09-19 09:15:00,2061.75,2071.449951171875,1995.050048828125,2008.25,15022
2024-09-19 13:15:00,2011.050048828125,2033.4000244140625,2008.25,2018.1500244140625,3189
2024-09-20 09:15:00,2045.050048828125,2055.39990234375,2003.9000244140625,2034.5,19922
2024-09-20 13:15:00,2032.75,2061.0,2030.0,2044.3499755859373,8620
2024-09-23 09:15:00,2098.050048828125,2120.0,2013.0999755859373,2100.0,17344
2024-09-23 13:15:00,2100.050048828125,2156.0,2096.14990234375,2151.0,13824
2024-09-24 09:15:00,2156.050048828125,2156.050048828125,2103.35009765625,2120.699951171875,2900
2024-09-24 13:15:00,2127.0,2133.75,2105.0,2110.199951171875,6829
2024-09-25 09:15:00,2137.0,2137.0,2076.25,2103.39990234375,9713
2024-09-25 13:15:00,2102.050048828125,2129.0,2101.0,2115.10009765625,1556
2024-09-26 09:15:00,2104.949951171875,2131.10009765625,2093.25,2097.89990234375,1723
2024-09-26 13:15:00,2101.10009765625,2156.60009765625,2092.050048828125,2137.60009765625,6229
2024-09-27 09:15:00,2136.39990234375,2142.39990234375,2102.0,2108.64990234375,8820
2024-09-27 13:15:00,2104.449951171875,2144.0,2104.449951171875,2133.800048828125,2582
2024-09-30 09:15:00,2133.0,2146.64990234375,2100.0,2105.0,4424
2024-09-30 13:15:00,2106.199951171875,2162.0,2103.199951171875,2130.0,4917
2024-10-01 09:15:00,2144.449951171875,2169.0,2108.0,2133.25,4696
2024-10-01 13:15:00,2128.550048828125,2141.800048828125,2071.25,2081.64990234375,3623
2024-10-03 09:15:00,2079.949951171875,2079.949951171875,2037.0999755859373,2050.75,5429
2024-10-03 13:15:00,2052.0,2055.0,2040.0999755859373,2044.699951171875,2466
2024-10-04 09:15:00,2040.199951171875,2042.9000244140625,1995.0,2018.550048828125,1688
2024-10-04 13:15:00,2016.25,2032.550048828125,2015.0,2015.5,3438
2024-10-07 09:15:00,2040.0,2040.0,1975.050048828125,1992.0,3319
2024-10-07 13:15:00,1996.8499755859373,2000.0,1963.3499755859373,1977.5,4812
2024-10-08 09:15:00,1950.0,2016.0,1946.050048828125,2002.0999755859373,1077
2024-10-08 13:15:00,2009.9000244140625,2040.0,1951.25,1982.550048828125,6310
2024-10-09 09:15:00,1955.0,2051.0,1955.0,2014.0,6211
2024-10-09 13:15:00,2011.1500244140625,2033.8499755859373,2000.0,2016.050048828125,1847
2024-10-10 09:15:00,2041.0,2063.949951171875,2018.199951171875,2063.699951171875,2380
2024-10-10 13:15:00,2062.0,2080.0,2051.25,2066.050048828125,2238
2024-10-11 09:15:00,2036.0,2080.0,2014.3499755859373,2073.949951171875,2971
2024-10-11 13:15:00,2071.14990234375,2100.800048828125,2071.14990234375,2091.14990234375,1696
2024-10-14 09:15:00,2050.0,2110.0,2050.0,2077.39990234375,3812
2024-10-14 13:15:00,2087.39990234375,2090.0,2051.0,2090.0,2024
2024-10-15 09:15:00,2084.199951171875,2103.75,2066.800048828125,2078.050048828125,2544
2024-10-15 13:15:00,2078.10009765625,2089.949951171875,2055.64990234375,2067.800048828125,3303
2024-10-16 09:15:00,2067.85009765625,2090.0,2050.0,2077.25,1711
2024-10-16 13:15:00,2072.050048828125,2100.0,2060.0,2087.39990234375,2859
2024-10-17 09:15:00,2085.0,2200.800048828125,2040.0,2176.0,12671
2024-10-17 13:15:00,2175.0,2232.25,2151.0,2198.0,27046
2024-10-18 09:15:00,2165.39990234375,2196.699951171875,2124.800048828125,2184.699951171875,4197
2024-10-18 13:15:00,2180.199951171875,2189.800048828125,2180.0,2185.0,3300
2024-10-21 09:15:00,2160.050048828125,2210.0,2142.0,2198.25,15112
2024-10-21 13:15:00,2197.89990234375,2208.0,2175.0,2195.449951171875,4169
2024-10-22 09:15:00,2195.0,2211.5,2108.85009765625,2120.0,3317
2024-10-22 13:15:00,2120.199951171875,2130.0,2051.449951171875,2059.0,5927
2024-10-23 09:15:00,2086.800048828125,2187.35009765625,2052.300048828125,2131.949951171875,3678
2024-10-23 13:15:00,2132.64990234375,2138.0,2079.10009765625,2119.699951171875,4009
2024-10-24 09:15:00,2119.64990234375,2141.0,2069.449951171875,2072.60009765625,6473
2024-10-24 13:15:00,2073.60009765625,2089.699951171875,2064.0,2079.550048828125,2172
2024-10-25 09:15:00,2065.0,2076.35009765625,2001.0,2038.5999755859373,7831
2024-10-25 13:15:00,2038.8499755859373,2068.75,2013.25,2043.0,4467
2024-10-28 09:15:00,2058.25,2124.300048828125,2012.25,2090.64990234375,7203
2024-10-28 13:15:00,2097.800048828125,2120.0,2070.0,2087.5,5735
2024-10-29 09:15:00,2015.1500244140625,2190.0,2015.1500244140625,2183.75,11386
2024-10-29 13:15:00,2183.699951171875,2240.0,2180.0,2227.35009765625,12629
2024-10-30 09:15:00,2220.0,2233.5,2131.699951171875,2155.300048828125,9741
2024-10-30 13:15:00,2156.0,2177.89990234375,2151.0,2165.050048828125,4238
2024-10-31 09:15:00,2183.050048828125,2183.050048828125,2125.10009765625,2150.0,3039
2024-10-31 13:15:00,2150.050048828125,2158.550048828125,2133.050048828125,2145.800048828125,7196
2024-11-04 09:15:00,2168.949951171875,2168.949951171875,2090.0,2129.199951171875,21961
2024-11-04 13:15:00,2125.89990234375,2129.5,2106.25,2119.0,3057
2024-11-05 09:15:00,2085.5,2115.949951171875,2079.0,2090.60009765625,951
2024-11-05 13:15:00,2090.60009765625,2106.0,2038.949951171875,2062.64990234375,5484
2024-11-06 09:15:00,2073.0,2119.0,2048.0,2104.0,1718
2024-11-06 13:15:00,2101.300048828125,2116.0,2092.300048828125,2105.050048828125,5892
2024-11-07 09:15:00,2126.5,2142.0,2100.35009765625,2104.25,1542
2024-11-07 13:15:00,2105.5,2111.949951171875,2101.10009765625,2108.300048828125,2093
2024-11-08 09:15:00,2108.300048828125,2108.300048828125,2066.050048828125,2090.5,1578
2024-11-08 13:15:00,2095.550048828125,2116.75,2090.10009765625,2105.0,6522
2024-11-11 09:15:00,2099.699951171875,2121.0,2050.0,2103.10009765625,1880
2024-11-11 13:15:00,2102.199951171875,2110.0,2096.10009765625,2103.949951171875,3117
2024-11-12 09:15:00,2095.0,2115.0,2063.0,2078.050048828125,2831
2024-11-12 13:15:00,2070.35009765625,2100.10009765625,2070.0,2087.699951171875,2375
2024-11-13 09:15:00,2065.0,2114.300048828125,2048.0,2081.5,7763
2024-11-13 13:15:00,2081.300048828125,2100.0,2060.0,2085.25,3611
2024-11-14 09:15:00,2085.25,2109.199951171875,2033.4000244140625,2067.949951171875,5080
2024-11-14 13:15:00,2066.39990234375,2071.10009765625,2025.0,2057.800048828125,2260
2024-11-18 09:15:00,2078.60009765625,2089.199951171875,2030.0,2045.5999755859373,3046
2024-11-18 13:15:00,2035.0999755859373,2069.35009765625,2025.0,2039.050048828125,1737
2024-11-19 09:15:00,2045.0,2120.75,2043.300048828125,2101.10009765625,2404
2024-11-19 13:15:00,2100.89990234375,2120.0,2081.0,2081.0,2131
2024-11-21 09:15:00,2081.0,2087.75,2013.300048828125,2051.949951171875,4050
2024-11-21 13:15:00,2053.449951171875,2080.0,2038.0,2060.14990234375,1757
2024-11-22 09:15:00,2056.0,2071.0,2044.0999755859373,2053.699951171875,1348
2024-11-22 13:15:00,2054.800048828125,2061.0,2043.0,2055.0,1726
2024-11-25 09:15:00,2124.0,2124.0,2063.050048828125,2101.89990234375,783
2024-11-25 13:15:00,2095.800048828125,2101.25,2051.0,2060.699951171875,2284
2024-11-26 09:15:00,2082.050048828125,2099.0,2067.550048828125,2099.0,1264
2024-11-26 13:15:00,2098.89990234375,2106.800048828125,2053.25,2071.89990234375,3796
2024-11-27 09:15:00,2090.5,2093.050048828125,2065.0,2076.89990234375,1747
2024-11-27 13:15:00,2078.64990234375,2130.0,2078.64990234375,2110.199951171875,3189
2024-11-28 09:15:00,2124.75,2158.0,2090.0,2097.89990234375,5999
2024-11-28 13:15:00,2097.89990234375,2119.550048828125,2084.300048828125,2098.449951171875,2898
2024-11-29 09:15:00,2106.60009765625,2106.60009765625,2078.5,2102.0,1174
2024-11-29 13:15:00,2102.0,2103.85009765625,2082.39990234375,2094.75,2182
2024-12-02 09:15:00,2090.199951171875,2146.0,2090.199951171875,2107.449951171875,3220
2024-12-02 13:15:00,2105.89990234375,2112.050048828125,2092.449951171875,2096.25,1422
2024-12-03 09:15:00,2114.89990234375,2125.0,2085.0,2090.75,9139
2024-12-03 13:15:00,2095.0,2160.949951171875,2080.0,2100.0,20128
2024-12-04 09:15:00,2120.199951171875,2228.0,2110.0,2180.050048828125,9604
2024-12-04 13:15:00,2180.10009765625,2188.10009765625,2170.050048828125,2174.550048828125,5997
2024-12-05 09:15:00,2175.0,2246.35009765625,2147.39990234375,2243.89990234375,12854
2024-12-05 13:15:00,2244.25,2288.10009765625,2237.0,2240.050048828125,12318
2024-12-06 09:15:00,2249.949951171875,2269.699951171875,2209.14990234375,2217.14990234375,5573
2024-12-06 13:15:00,2217.14990234375,2220.0,2175.0,2175.0,6659
2024-12-09 09:15:00,2204.0,2245.449951171875,2190.10009765625,2200.0,3659
2024-12-09 13:15:00,2197.0,2240.0,2192.0,2207.64990234375,5281
2024-12-10 09:15:00,2219.89990234375,2219.89990234375,2105.25,2111.85009765625,15953
2024-12-10 13:15:00,2113.300048828125,2149.0,2110.0,2121.10009765625,12378
2024-12-11 09:15:00,2121.949951171875,2130.89990234375,2090.0,2100.10009765625,3067
2024-12-11 13:15:00,2101.550048828125,2116.39990234375,2090.60009765625,2106.64990234375,3012
2024-12-12 09:15:00,2100.0,2113.949951171875,2070.0,2070.10009765625,3601
2024-12-12 13:15:00,2075.35009765625,2078.35009765625,2053.0,2065.0,2720
2024-12-13 09:15:00,2059.800048828125,2076.60009765625,2040.0,2056.0,2987
2024-12-13 13:15:00,2062.800048828125,2076.0,2050.050048828125,2060.699951171875,2196
2024-12-16 09:15:00,2071.5,2086.85009765625,2040.0,2055.050048828125,2667
2024-12-16 13:15:00,2057.800048828125,2081.39990234375,2045.8499755859373,2080.300048828125,2697
2024-12-17 09:15:00,2085.39990234375,2103.0,2079.25,2091.85009765625,4036
2024-12-17 13:15:00,2088.14990234375,2101.35009765625,2087.75,2095.5,2104
2024-12-18 09:15:00,2085.699951171875,2105.0,2085.699951171875,2096.5,3763
2024-12-18 13:15:00,2097.64990234375,2144.89990234375,2090.5,2095.0,13082
2024-12-19 09:15:00,2104.0,2104.0,2057.550048828125,2091.0,3962
2024-12-19 13:15:00,2090.949951171875,2119.89990234375,2085.0,2094.0,1649
2024-12-20 09:15:00,2097.949951171875,2105.89990234375,2030.050048828125,2032.8499755859373,5634
2024-12-20 13:15:00,2032.75,2050.0,2020.1500244140625,2035.0,4899
2024-12-23 09:15:00,2030.1500244140625,2078.89990234375,1996.300048828125,2031.3499755859373,19589
2024-12-23 13:15:00,2027.800048828125,2044.8499755859373,1980.0999755859373,2010.050048828125,40802
2024-12-24 09:15:00,2005.75,2047.0,1995.0,2033.0,2712
2024-12-24 13:15:00,2030.0,2039.199951171875,2017.0,2025.0,1242
2024-12-26 09:15:00,2034.0,2039.0,1997.0,1997.0999755859373,1316
2024-12-26 13:15:00,1997.0999755859373,2015.800048828125,1993.0999755859373,2005.0,3180
2024-12-27 09:15:00,2008.550048828125,2017.199951171875,1993.050048828125,2009.449951171875,1705
2024-12-27 13:15:00,2006.3499755859373,2047.949951171875,2000.949951171875,2036.300048828125,3397
2024-12-30 09:15:00,2047.5,2047.5,1990.0,1999.050048828125,1980
2024-12-30 13:15:00,1999.949951171875,2019.6500244140625,1996.0,2003.449951171875,2927
2024-12-31 09:15:00,1995.0999755859373,2024.050048828125,1971.0,1979.0999755859373,1480
2024-12-31 13:15:00,1979.0,1988.0,1975.0,1981.550048828125,2849
2025-01-01 09:15:00,1991.949951171875,2089.0,1981.5999755859373,2068.5,5962
2025-01-01 13:15:00,2069.89990234375,2099.0,2069.10009765625,2092.25,1933
2025-01-02 09:15:00,2091.75,2095.89990234375,2051.0,2080.050048828125,2233
2025-01-02 13:15:00,2080.10009765625,2110.050048828125,2051.550048828125,2067.64990234375,8217
2025-01-03 09:15:00,2067.449951171875,2100.0,2065.050048828125,2072.550048828125,2207
2025-01-03 13:15:00,2074.800048828125,2075.0,2044.0,2051.300048828125,2203
2025-01-06 09:15:00,2061.949951171875,2061.949951171875,1980.0,1991.449951171875,3009
2025-01-06 13:15:00,1993.4000244140625,1995.0,1965.8499755859373,1979.949951171875,2817
2025-01-07 09:15:00,1996.3499755859373,2005.449951171875,1968.0,1994.8499755859373,875
2025-01-07 13:15:00,1993.0999755859373,2018.0,1992.050048828125,2003.4000244140625,2258
2025-01-08 09:15:00,2024.3499755859373,2036.949951171875,1938.0,1957.9000244140625,5816
2025-01-08 13:15:00,1949.5999755859373,1974.0,1948.0,1966.5999755859373,2795
2025-01-09 09:15:00,1963.5999755859373,1990.75,1937.8499755859373,1942.4000244140625,4108
2025-01-09 13:15:00,1942.4000244140625,1962.699951171875,1910.3499755859373,1927.3499755859373,3333
2025-01-10 09:15:00,1994.0,1994.0,1875.0,1898.050048828125,4012
2025-01-10 13:15:00,1897.949951171875,1901.949951171875,1870.0,1878.25,5546
2025-01-13 09:15:00,1867.8499755859373,1869.0,1808.1500244140625,1827.699951171875,4826
2025-01-13 13:15:00,1825.0,1888.1500244140625,1764.8499755859375,1843.8499755859373,13106
2025-01-14 09:15:00,1853.5999755859373,1921.949951171875,1834.5999755859373,1913.5,3788
2025-01-14 13:15:00,1912.25,2008.9000244140625,1910.8499755859373,1985.0,21133
2025-01-15 09:15:00,1976.0,2051.10009765625,1963.3499755859373,2005.699951171875,15859
2025-01-15 13:15:00,2011.949951171875,2011.949951171875,1980.0,1980.0,2497
2025-01-16 09:15:00,2000.0,2005.0,1972.199951171875,2000.0,1638
2025-01-16 13:15:00,1995.0999755859373,2000.0,1942.550048828125,1964.1500244140625,3980
2025-01-17 09:15:00,1981.4000244140625,1997.9000244140625,1946.300048828125,1968.9000244140625,1840
2025-01-17 13:15:00,1966.949951171875,1995.8499755859373,1966.949951171875,1981.449951171875,695
2025-01-20 09:15:00,2001.050048828125,2001.550048828125,1941.0999755859373,1976.25,3662
2025-01-20 13:15:00,1974.3499755859373,1974.3499755859373,1950.050048828125,1962.550048828125,1997
2025-01-21 09:15:00,1952.0,2004.4000244140625,1952.0,1970.050048828125,1662
2025-01-21 13:15:00,1968.25,1995.0,1965.0,1971.75,1693
2025-01-22 09:15:00,1982.0999755859373,1982.0999755859373,1935.800048828125,1957.9000244140625,2542
2025-01-22 13:15:00,1955.0,2031.550048828125,1950.0,2008.4000244140625,4812
2025-01-23 09:15:00,2008.0,2275.0,1983.550048828125,2204.75,73635
2025-01-23 13:15:00,2200.050048828125,2227.800048828125,2150.0,2185.949951171875,95761
2025-01-24 09:15:00,2185.35009765625,2509.25,2185.35009765625,2431.39990234375,261384
2025-01-24 13:15:00,2431.0,2498.64990234375,2420.0,2420.199951171875,206354
2025-01-27 09:15:00,2385.10009765625,2485.0,2359.550048828125,2474.14990234375,37719
2025-01-27 13:15:00,2473.199951171875,2639.0,2437.0,2525.949951171875,63579
2025-01-28 09:15:00,2471.39990234375,2524.699951171875,2364.699951171875,2483.050048828125,38284
2025-01-28 13:15:00,2484.89990234375,2524.0,2462.5,2465.199951171875,29122
2025-01-29 09:15:00,2422.550048828125,2562.0,2363.60009765625,2503.85009765625,13770
2025-01-29 13:15:00,2503.85009765625,2519.0,2365.550048828125,2412.14990234375,30670
2025-01-30 09:15:00,2406.39990234375,2460.800048828125,2340.0,2395.0,10882
2025-01-30 13:15:00,2393.5,2580.0,2355.0,2580.0,17292
2025-01-31 09:15:00,2550.35009765625,2649.0,2513.0,2572.60009765625,21558
2025-01-31 13:15:00,2576.050048828125,2676.0,2565.0,2626.89990234375,34351
2025-02-03 09:15:00,2672.449951171875,2739.89990234375,2652.14990234375,2683.800048828125,8293
2025-02-03 13:15:00,2685.0,2696.5,2640.050048828125,2655.0,7373
2025-02-04 09:15:00,2666.60009765625,2732.0,2510.64990234375,2589.949951171875,25026
2025-02-04 13:15:00,2590.0,2692.0,2590.0,2670.0,14125
2025-02-05 09:15:00,2687.949951171875,2770.0,2668.300048828125,2700.0,17262
2025-02-05 13:15:00,2700.10009765625,2783.14990234375,2696.800048828125,2742.0,16117
2025-02-06 09:15:00,2740.0,2827.89990234375,2739.949951171875,2803.39990234375,28580
2025-02-06 13:15:00,2804.0,2844.85009765625,2786.85009765625,2814.14990234375,17989
2025-02-07 09:15:00,2835.0,2835.0,2752.0,2798.85009765625,3327
2025-02-07 13:15:00,2799.300048828125,2800.0,2740.300048828125,2742.0,9496
2025-02-10 09:15:00,2729.949951171875,2787.949951171875,2677.5,2726.699951171875,10607
2025-02-10 13:15:00,2723.75,2769.0,2718.35009765625,2734.75,7166
2025-02-11 09:15:00,2734.75,2753.949951171875,2641.199951171875,2652.5,6271
2025-02-11 13:15:00,2657.39990234375,2691.35009765625,2641.199951171875,2655.10009765625,7839
2025-02-12 09:15:00,2694.89990234375,2694.89990234375,2500.800048828125,2661.699951171875,11446
2025-02-12 13:15:00,2669.300048828125,2742.14990234375,2609.0,2686.39990234375,11531
2025-02-13 09:15:00,2698.0,2780.0,2645.0,2680.60009765625,12673
2025-02-13 13:15:00,2670.35009765625,2689.949951171875,2642.5,2661.699951171875,4778
2025-02-14 09:15:00,2650.0,2706.699951171875,2613.0,2655.449951171875,13519
2025-02-14 13:15:00,2665.14990234375,2709.0,2641.0,2685.85009765625,16639
2025-02-17 09:15:00,2670.0,2670.0,2559.949951171875,2607.0,10381
2025-02-17 13:15:00,2606.89990234375,2779.0,2601.0,2712.64990234375,8640
2025-02-18 09:15:00,2850.0,2856.949951171875,2706.89990234375,2721.85009765625,6522
2025-02-18 13:15:00,2719.949951171875,2773.199951171875,2712.5,2735.89990234375,7742
2025-02-19 09:15:00,2701.0,2885.0,2668.449951171875,2856.300048828125,12798
2025-02-19 13:15:00,2858.199951171875,2874.0,2802.75,2856.5,19080
2025-02-20 09:15:00,2835.0,2879.199951171875,2746.39990234375,2860.0,7378
2025-02-20 13:15:00,2855.75,2876.10009765625,2805.0,2834.39990234375,9524
2025-02-21 09:15:00,2815.0,2839.550048828125,2663.64990234375,2674.10009765625,14836
2025-02-21 13:15:00,2674.10009765625,2699.949951171875,2641.0,2669.89990234375,11746
2025-02-24 09:15:00,2649.0,2669.0,2545.0,2622.10009765625,6430
2025-02-24 13:15:00,2622.10009765625,2641.0,2571.35009765625,2604.39990234375,3430
2025-02-25 09:15:00,2565.0,2591.85009765625,2525.0,2529.25,11592
2025-02-25 13:15:00,2530.0,2530.0,2345.35009765625,2421.5,36919
2025-02-27 09:15:00,2424.300048828125,2520.0,2421.050048828125,2453.050048828125,11810
2025-02-27 13:15:00,2450.5,2462.949951171875,2424.0,2438.0,6266
2025-02-28 09:15:00,2417.60009765625,2499.949951171875,2303.35009765625,2410.0,12265
2025-02-28 13:15:00,2402.75,2439.949951171875,2334.10009765625,2364.89990234375,13482
2025-03-03 09:15:00,2364.89990234375,2440.0,2240.14990234375,2296.5,14552
2025-03-03 13:15:00,2299.0,2309.10009765625,2231.25,2278.0,10690
2025-03-04 09:15:00,2369.050048828125,2691.0,2369.050048828125,2677.85009765625,163896
2025-03-04 13:15:00,2677.300048828125,2717.550048828125,2618.300048828125,2690.35009765625,73636
2025-03-05 09:15:00,2676.0,2780.550048828125,2615.60009765625,2727.0,31691
2025-03-05 13:15:00,2732.199951171875,2772.39990234375,2712.5,2712.5,21257
2025-03-06 09:15:00,2749.64990234375,2833.89990234375,2740.800048828125,2815.39990234375,13377
2025-03-06 13:15:00,2814.699951171875,2815.0,2776.75,2795.85009765625,8934
2025-03-07 09:15:00,2770.0,2879.0,2756.10009765625,2855.39990234375,14965
2025-03-07 13:15:00,2851.10009765625,2922.949951171875,2850.0,2897.550048828125,22678
2025-03-10 09:15:00,2897.5,2909.89990234375,2770.0,2780.0,8597
2025-03-10 13:15:00,2784.39990234375,2793.449951171875,2674.10009765625,2694.64990234375,34218
2025-03-11 09:15:00,2624.949951171875,2670.0,2487.550048828125,2493.5,14492
2025-03-11 13:15:00,2493.5,2570.050048828125,2467.550048828125,2540.0,15025
2025-03-12 09:15:00,2572.949951171875,2599.800048828125,2496.050048828125,2585.75,15843
2025-03-12 13:15:00,2585.5,2608.550048828125,2540.5,2558.0,11193
2025-03-13 09:15:00,2532.35009765625,2595.0,2522.0,2550.35009765625,9084
2025-03-13 13:15:00,2550.0,2554.949951171875,2510.0,2524.0,4141
2025-03-17 09:15:00,2535.25,2695.0,2535.25,2668.199951171875,15121
2025-03-17 13:15:00,2671.800048828125,2748.60009765625,2653.699951171875,2693.300048828125,35412
2025-03-18 09:15:00,2707.0,2872.449951171875,2656.949951171875,2850.0,22152
2025-03-18 13:15:00,2850.0,2906.949951171875,2830.550048828125,2886.199951171875,14977
2025-03-19 09:15:00,2942.5,2959.0,2877.0,2916.5,10188
2025-03-19 13:15:00,2908.0,2912.0,2886.5,2911.949951171875,8138
2025-03-20 09:15:00,2995.050048828125,2995.050048828125,2880.14990234375,2924.64990234375,9070
2025-03-20 13:15:00,2923.699951171875,2924.0,2886.0,2896.64990234375,8755
2025-03-21 09:15:00,2875.050048828125,2928.050048828125,2865.050048828125,2879.0,5673
2025-03-21 13:15:00,2879.89990234375,2890.0,2807.64990234375,2831.89990234375,15703
2025-03-24 09:15:00,2826.0,3067.050048828125,2812.75,2852.449951171875,44595
2025-03-24 13:15:00,2847.14990234375,2909.449951171875,2840.0,2879.0,12159
2025-03-25 09:15:00,2886.25,2886.25,2757.0,2763.0,9572
2025-03-25 13:15:00,2764.800048828125,2769.949951171875,2730.0,2736.25,5679
2025-03-26 09:15:00,2763.949951171875,2810.0,2751.300048828125,2759.60009765625,2484
2025-03-26 13:15:00,2764.0,2801.0,2750.050048828125,2782.64990234375,5790
2025-03-27 09:15:00,2828.949951171875,2922.300048828125,2781.75,2861.0,11895
2025-03-27 13:15:00,2861.0,2905.0,2854.35009765625,2890.64990234375,12470
2025-03-28 09:15:00,2920.10009765625,2942.14990234375,2782.550048828125,2820.199951171875,7647
2025-03-28 13:15:00,2821.25,2894.35009765625,2802.0,2819.949951171875,8489
2025-04-01 09:15:00,2844.0,2949.89990234375,2837.300048828125,2894.10009765625,7037
2025-04-01 13:15:00,2894.10009765625,2919.64990234375,2872.050048828125,2894.64990234375,4898
2025-04-02 09:15:00,2890.0,2927.0,2835.0,2911.550048828125,8871
2025-04-02 13:15:00,2911.25,2929.0,2880.199951171875,2889.449951171875,8683
2025-04-03 09:15:00,2889.449951171875,2991.39990234375,2538.0,2556.10009765625,72785
2025-04-03 13:15:00,2557.449951171875,2570.60009765625,2486.5,2506.75,34559
2025-04-04 09:15:00,2499.949951171875,2589.449951171875,2359.699951171875,2363.25,35216
2025-04-04 13:15:00,2365.300048828125,2392.800048828125,2264.0,2353.85009765625,58235
2025-04-07 09:15:00,2101.75,2241.699951171875,2059.75,2153.0,33843
2025-04-07 13:15:00,2152.699951171875,2180.0,2140.14990234375,2156.050048828125,19396
2025-04-08 09:15:00,2254.800048828125,2302.85009765625,2162.85009765625,2247.75,11117
2025-04-08 13:15:00,2247.75,2263.89990234375,2214.800048828125,2226.449951171875,10791
2025-04-09 09:15:00,2242.75,2242.75,2107.0,2125.14990234375,21300
2025-04-09 13:15:00,2123.75,2127.800048828125,2100.0,2105.800048828125,12661
2025-04-11 09:15:00,2218.949951171875,2330.10009765625,2216.949951171875,2313.199951171875,41877
2025-04-11 13:15:00,2314.0,2317.949951171875,2268.800048828125,2284.10009765625,21284
2025-04-15 09:15:00,2365.0,2377.39990234375,2313.199951171875,2370.800048828125,6304
2025-04-15 13:15:00,2370.60009765625,2423.39990234375,2351.89990234375,2413.0,15039
2025-04-16 09:15:00,2401.199951171875,2455.300048828125,2366.39990234375,2438.0,18054
2025-04-16 13:15:00,2438.199951171875,2446.5,2413.699951171875,2435.800048828125,7629
2025-04-17 09:15:00,2480.0,2504.300048828125,2417.199951171875,2482.10009765625,11773
2025-04-17 13:15:00,2482.10009765625,2508.0,2474.199951171875,2500.0,8414
2025-04-21 09:15:00,2512.300048828125,2539.5,2406.60009765625,2409.699951171875,8651
2025-04-21 13:15:00,2417.300048828125,2420.0,2364.89990234375,2380.0,21019
2025-04-22 09:15:00,2394.800048828125,2448.5,2373.10009765625,2420.5,9468
2025-04-22 13:15:00,2423.89990234375,2428.0,2401.10009765625,2409.699951171875,4614
2025-04-23 09:15:00,2458.0,2569.0,2440.800048828125,2495.5,25228
2025-04-23 13:15:00,2494.800048828125,2524.0,2485.10009765625,2495.0,13087
2025-04-24 09:15:00,2528.0,2550.0,2440.10009765625,2516.10009765625,10010
2025-04-24 13:15:00,2520.10009765625,2526.10009765625,2460.10009765625,2468.60009765625,12620
2025-04-25 09:15:00,2426.300048828125,2457.89990234375,2373.10009765625,2424.300048828125,8003
2025-04-25 13:15:00,2427.5,2455.89990234375,2419.10009765625,2431.300048828125,9825
2025-04-28 09:15:00,2442.39990234375,2445.89990234375,2365.0,2425.5,11107
2025-04-28 13:15:00,2420.10009765625,2426.39990234375,2395.800048828125,2411.60009765625,6131
2025-04-29 09:15:00,2444.800048828125,2448.0,2365.0,2381.0,5858
2025-04-29 13:15:00,2381.0,2382.5,2329.60009765625,2340.5,12153
2025-04-30 09:15:00,2334.199951171875,2353.800048828125,2291.0,2293.0,11491
2025-04-30 13:15:00,2294.699951171875,2305.89990234375,2254.39990234375,2265.0,6991
2025-05-02 09:15:00,2253.89990234375,2309.0,2242.0,2268.199951171875,3432
2025-05-02 13:15:00,2266.199951171875,2270.0,2240.0,2251.60009765625,4315
2025-05-05 09:15:00,2277.300048828125,2287.0,2225.60009765625,2250.0,8026
2025-05-05 13:15:00,2257.60009765625,2299.89990234375,2249.699951171875,2280.0,5265
2025-05-06 09:15:00,2282.10009765625,2284.0,2232.0,2251.60009765625,6094
2025-05-06 13:15:00,2247.0,2250.0,2165.10009765625,2175.699951171875,13148
2025-05-07 09:15:00,2196.199951171875,2208.5,2140.10009765625,2177.5,4250
2025-05-07 13:15:00,2178.10009765625,2202.0,2160.699951171875,2183.199951171875,6094
2025-05-08 09:15:00,2187.0,2490.0,2178.60009765625,2345.60009765625,70996
2025-05-08 13:15:00,2345.60009765625,2385.0,2289.10009765625,2309.699951171875,38673
2025-05-09 09:15:00,2241.0,2337.39990234375,2241.0,2261.89990234375,10540
2025-05-09 13:15:00,2264.89990234375,2392.199951171875,2217.800048828125,2276.5,17589
2025-05-12 09:15:00,2386.300048828125,2425.0,2374.0,2399.60009765625,2917
2025-05-12 13:15:00,2400.0,2415.0,2390.10009765625,2412.60009765625,13359
2025-05-13 09:15:00,2432.0,2432.0,2384.10009765625,2411.5,8569
2025-05-13 13:15:00,2410.0,2459.89990234375,2410.0,2432.300048828125,3762
2025-05-14 09:15:00,2449.89990234375,2495.89990234375,2420.0,2480.0,15330
2025-05-14 13:15:00,2502.199951171875,2519.0,2480.5,2500.10009765625,9424
2025-05-15 09:15:00,2513.300048828125,2637.89990234375,2490.0,2583.60009765625,32604
2025-05-15 13:15:00,2583.60009765625,2610.0,2567.699951171875,2587.0,10792
2025-05-16 09:15:00,2625.0,2638.699951171875,2519.89990234375,2580.0,13980
2025-05-16 13:15:00,2583.199951171875,2599.89990234375,2555.5,2578.10009765625,10456
2025-05-19 09:15:00,2554.39990234375,2690.0,2554.39990234375,2623.10009765625,17142
2025-05-19 13:15:00,2624.39990234375,2635.699951171875,2594.300048828125,2603.10009765625,9252
2025-05-20 09:15:00,2630.10009765625,2641.39990234375,2556.5,2565.89990234375,9876
2025-05-20 13:15:00,2565.0,2570.0,2521.10009765625,2530.300048828125,10424
2025-05-21 09:15:00,2556.5,2610.300048828125,2533.5,2594.60009765625,4896
2025-05-21 13:15:00,2591.5,2612.800048828125,2581.10009765625,2600.10009765625,6394
2025-05-22 09:15:00,2581.60009765625,2650.0,2581.60009765625,2625.10009765625,6294
2025-05-22 13:15:00,2622.699951171875,2649.89990234375,2609.0,2622.60009765625,11046
2025-05-23 09:15:00,2700.0,2777.800048828125,2660.5,2668.39990234375,12933
2025-05-23 13:15:00,2664.0,2684.89990234375,2646.60009765625,2663.699951171875,11423
2025-05-26 09:15:00,2671.800048828125,2682.800048828125,2617.10009765625,2661.300048828125,8157
2025-05-26 13:15:00,2658.60009765625,2662.39990234375,2633.0,2634.800048828125,5168
2025-05-27 09:15:00,2631.60009765625,2657.699951171875,2610.0,2648.800048828125,3139
2025-05-27 13:15:00,2645.300048828125,2652.0,2640.699951171875,2646.300048828125,3971
2025-05-28 09:15:00,2712.0,2712.0,2639.39990234375,2652.0,6707
2025-05-28 13:15:00,2651.10009765625,2651.199951171875,2636.0,2641.0,6140
2025-05-29 09:15:00,2650.0,2684.199951171875,2622.10009765625,2630.0,3784
2025-05-29 13:15:00,2630.0,2670.89990234375,2625.0,2644.5,3569
2025-05-30 09:15:00,2669.89990234375,2672.0,2634.5,2642.300048828125,6287
2025-05-30 13:15:00,2642.10009765625,2667.5,2595.0,2612.89990234375,9882
2025-06-02 09:15:00,2639.89990234375,2700.0,2610.0,2660.89990234375,7208
2025-06-02 13:15:00,2660.60009765625,2720.0,2660.60009765625,2700.10009765625,10028
2025-06-03 09:15:00,2730.0,2739.89990234375,2690.10009765625,2704.300048828125,2895
2025-06-03 13:15:00,2704.300048828125,2715.800048828125,2686.10009765625,2708.199951171875,2567
2025-06-04 09:15:00,2724.89990234375,2787.800048828125,2705.89990234375,2765.800048828125,11450
2025-06-04 13:15:00,2766.0,2770.39990234375,2703.10009765625,2712.39990234375,5456
2025-06-05 09:15:00,2730.0,2748.0,2696.0,2698.5,7587
2025-06-05 13:15:00,2694.10009765625,2699.10009765625,2663.10009765625,2699.10009765625,6210
2025-06-06 09:15:00,2705.5,2705.5,2635.199951171875,2640.800048828125,11035
2025-06-06 13:15:00,2643.89990234375,2655.0,2638.0,2650.300048828125,2236
2025-06-09 09:15:00,2664.60009765625,2681.5,2630.199951171875,2648.300048828125,3637
2025-06-09 13:15:00,2649.0,2649.699951171875,2601.5,2609.89990234375,6440
2025-06-10 09:15:00,2664.300048828125,2664.300048828125,2614.39990234375,2619.60009765625,6803
2025-06-10 13:15:00,2616.800048828125,2636.699951171875,2612.10009765625,2622.0,2595
2025-06-11 09:15:00,2643.800048828125,2669.89990234375,2621.10009765625,2635.800048828125,4495
2025-06-11 13:15:00,2636.300048828125,2637.89990234375,2601.10009765625,2617.199951171875,4070
2025-06-12 09:15:00,2633.699951171875,2660.0,2610.0,2633.39990234375,4884
2025-06-12 13:15:00,2630.10009765625,2638.5,2601.800048828125,2618.199951171875,3664
2025-06-13 09:15:00,2611.10009765625,2640.800048828125,2560.0,2626.199951171875,2720
2025-06-13 13:15:00,2627.60009765625,2640.0,2618.10009765625,2632.5,2551
2025-06-16 09:15:00,2638.89990234375,2639.0,2601.10009765625,2618.0,3085
2025-06-16 13:15:00,2621.10009765625,2660.0,2611.0,2651.0,6867
2025-06-17 09:15:00,2664.300048828125,2727.800048828125,2654.199951171875,2689.0,3362
2025-06-17 13:15:00,2690.5,2720.0,2685.0,2687.699951171875,4930
2025-06-18 09:15:00,2749.5,2749.5,2652.300048828125,2653.89990234375,2084
2025-06-18 13:15:00,2661.0,2663.60009765625,2614.699951171875,2621.10009765625,2092
2025-06-19 09:15:00,2645.39990234375,2645.39990234375,2548.10009765625,2559.699951171875,2057
2025-06-19 13:15:00,2557.10009765625,2570.0,2525.60009765625,2549.300048828125,10683
2025-06-20 09:15:00,2562.60009765625,2597.699951171875,2526.199951171875,2550.39990234375,4497
2025-06-20 13:15:00,2549.800048828125,2559.89990234375,2540.10009765625,2543.699951171875,1590
2025-06-23 09:15:00,2526.199951171875,2562.800048828125,2507.39990234375,2533.10009765625,1058
2025-06-23 13:15:00,2533.89990234375,2563.39990234375,2533.89990234375,2552.60009765625,1678
2025-06-24 09:15:00,2579.0,2666.199951171875,2550.10009765625,2646.0,8912
2025-06-24 13:15:00,2638.39990234375,2674.699951171875,2633.0,2673.0,4000
2025-06-25 09:15:00,2665.0,2868.0,2662.89990234375,2766.199951171875,46208
2025-06-25 13:15:00,2760.0,2798.0,2760.0,2790.0,6093
2025-06-26 09:15:00,2813.89990234375,2825.39990234375,2706.300048828125,2723.10009765625,11704
2025-06-26 13:15:00,2733.60009765625,2740.300048828125,2688.0,2691.89990234375,2044
2025-06-27 09:15:00,2700.0,2748.300048828125,2671.199951171875,2685.0,5658
2025-06-27 13:15:00,2680.5,2690.0,2647.10009765625,2675.0,6707
2025-06-30 09:15:00,2667.5,2715.0,2649.0,2678.199951171875,4876
2025-06-30 13:15:00,2678.199951171875,2689.0,2655.0,2671.60009765625,3874
2025-07-01 09:15:00,2685.699951171875,2700.0,2638.0,2670.60009765625,4484
2025-07-01 13:15:00,2667.89990234375,2744.0,2651.5,2725.0,7469
2025-07-02 09:15:00,2744.0,2755.0,2686.89990234375,2743.0,6326
2025-07-02 13:15:00,2743.0,2769.0,2722.39990234375,2757.699951171875,4508
2025-07-03 09:15:00,2759.10009765625,2799.0,2714.10009765625,2734.800048828125,3722
2025-07-03 13:15:00,2734.199951171875,2745.0,2720.800048828125,2740.0,4654
2025-07-04 09:15:00,2763.5,2763.5,2710.89990234375,2727.0,3628
2025-07-04 13:15:00,2722.800048828125,2736.0,2705.0,2727.60009765625,2246
2025-07-07 09:15:00,2753.5,2754.89990234375,2670.10009765625,2685.0,2084
2025-07-07 13:15:00,2686.0,2692.0,2672.0,2682.199951171875,1497
2025-07-08 09:15:00,2708.0,2708.0,2640.699951171875,2662.0,4720
2025-07-08 13:15:00,2662.0,2680.0,2662.0,2668.800048828125,1793
2025-07-09 09:15:00,2694.5,2712.0,2669.39990234375,2707.89990234375,8464
2025-07-09 13:15:00,2715.0,2758.60009765625,2702.5,2720.60009765625,11519
2025-07-10 09:15:00,2737.300048828125,2785.0,2723.0,2752.0,18799
2025-07-10 13:15:00,2755.199951171875,2840.0,2739.89990234375,2819.699951171875,20365
2025-07-11 09:15:00,2848.5,2899.89990234375,2786.800048828125,2819.0,8935
2025-07-11 13:15:00,2822.89990234375,2850.0,2820.0,2825.10009765625,5577
2025-07-14 09:15:00,2840.60009765625,2869.89990234375,2810.0,2848.39990234375,4314
2025-07-14 13:15:00,2851.800048828125,2865.800048828125,2830.800048828125,2857.60009765625,3949
2025-07-15 09:15:00,2853.300048828125,2975.0,2852.300048828125,2919.89990234375,23970
2025-07-15 13:15:00,2919.89990234375,2924.89990234375,2900.0,2915.199951171875,2861
2025-07-16 09:15:00,2910.0,2945.0,2875.0,2898.300048828125,7227
2025-07-16 13:15:00,2897.199951171875,2898.199951171875,2872.699951171875,2887.199951171875,3272
2025-07-17 09:15:00,2917.0,2937.89990234375,2873.800048828125,2927.0,8778
2025-07-17 13:15:00,2929.199951171875,2933.699951171875,2885.699951171875,2892.699951171875,7515
2025-07-18 09:15:00,2910.0,2928.5,2408.10009765625,2475.5,176991
2025-07-18 13:15:00,2477.800048828125,2524.60009765625,2341.0,2444.300048828125,216461
2025-07-21 09:15:00,2481.89990234375,2481.89990234375,2400.0,2418.699951171875,20049
2025-07-21 13:15:00,2418.0,2438.5,2415.0,2425.0,13818
2025-07-22 09:15:00,2415.0,2455.0,2404.89990234375,2439.0,29661
2025-07-22 13:15:00,2438.5,2459.0,2436.199951171875,2445.89990234375,6641
2025-07-23 09:15:00,2458.89990234375,2458.89990234375,2420.0,2423.89990234375,10738
2025-07-23 13:15:00,2421.199951171875,2448.0,2407.10009765625,2422.0,7520
2025-07-24 09:15:00,2419.199951171875,2422.0,2394.0,2399.0,5832
2025-07-24 13:15:00,2396.0,2401.800048828125,2381.199951171875,2391.0,5820
2025-07-25 09:15:00,2400.0,2400.0,2320.0,2344.800048828125,6599
2025-07-25 13:15:00,2345.0,2410.0,2340.199951171875,2404.699951171875,10615
2025-07-28 09:15:00,2439.0,2439.0,2250.199951171875,2252.800048828125,45077
2025-07-28 13:15:00,2252.60009765625,2267.800048828125,2231.5,2244.0,18969
2025-07-29 09:15:00,2239.39990234375,2274.5,2179.0,2257.89990234375,25672
2025-07-29 13:15:00,2257.89990234375,2292.300048828125,2254.60009765625,2271.300048828125,14938
2025-07-30 09:15:00,2295.0,2429.0,2295.0,2390.699951171875,45910
2025-07-30 13:15:00,2384.10009765625,2407.60009765625,2354.300048828125,2373.89990234375,12323
2025-07-31 09:15:00,2331.39990234375,2385.300048828125,2287.199951171875,2370.0,10993
2025-07-31 13:15:00,2371.300048828125,2376.0,2350.800048828125,2350.800048828125,4169
2025-08-01 09:15:00,2358.10009765625,2358.10009765625,2308.5,2311.89990234375,6862
2025-08-01 13:15:00,2311.89990234375,2323.5,2300.0,2302.89990234375,3018
2025-08-04 09:15:00,2308.10009765625,2334.800048828125,2287.0,2294.60009765625,2979
2025-08-04 13:15:00,2294.0,2324.800048828125,2291.800048828125,2302.89990234375,3114
2025-08-05 09:15:00,2314.800048828125,2324.0,2297.800048828125,2303.199951171875,6574
2025-08-05 13:15:00,2308.89990234375,2310.0,2286.0,2290.199951171875,2688
2025-08-06 09:15:00,2290.199951171875,2318.89990234375,2285.0,2298.89990234375,6084
2025-08-06 13:15:00,2301.39990234375,2319.0,2299.60009765625,2309.39990234375,2519
2025-08-07 09:15:00,2310.0,2310.300048828125,2271.39990234375,2283.199951171875,7656
2025-08-07 13:15:00,2285.10009765625,2319.89990234375,2278.0,2302.800048828125,4207
2025-08-08 09:15:00,2300.0,2306.300048828125,2240.39990234375,2274.0,18170
2025-08-08 13:15:00,2273.89990234375,2283.0,2258.5,2266.89990234375,3188
2025-08-11 09:15:00,2300.0,2349.0,2290.0,2322.300048828125,4040
2025-08-11 13:15:00,2325.0,2345.300048828125,2315.0,2337.300048828125,3556
2025-08-12 09:15:00,2346.89990234375,2382.39990234375,2345.0,2368.300048828125,15847
2025-08-12 13:15:00,2368.0,2378.0,2345.0,2364.5,9748
2025-08-13 09:15:00,2329.89990234375,2330.0,2213.0,2243.800048828125,28159
2025-08-13 13:15:00,2242.0,2249.89990234375,2207.10009765625,2235.89990234375,12124
2025-08-14 09:15:00,2187.0,2187.0,2122.0,2150.0,34827
2025-08-14 13:15:00,2152.199951171875,2158.0,2110.0,2121.5,12306
2025-08-18 09:15:00,2159.5,2186.89990234375,2140.199951171875,2171.89990234375,5633
2025-08-18 13:15:00,2172.0,2210.0,2172.0,2210.0,6422
2025-08-19 09:15:00,2224.0,2283.699951171875,2157.199951171875,2178.5,27743
2025-08-19 13:15:00,2177.5,2188.89990234375,2165.5,2172.5,5710
2025-08-20 09:15:00,2172.5,2194.0,2140.0,2143.0,7541
2025-08-20 13:15:00,2143.0,2160.0,2140.0,2143.60009765625,5521
2025-08-21 09:15:00,2150.0,2174.0,2134.60009765625,2155.5,17220
2025-08-21 13:15:00,2154.699951171875,2197.300048828125,2150.60009765625,2178.199951171875,8838
2025-08-22 09:15:00,2202.300048828125,2202.300048828125,2157.89990234375,2190.0,5229
2025-08-22 13:15:00,2188.5,2254.300048828125,2186.60009765625,2207.0,11319
2025-08-25 09:15:00,2243.39990234375,2243.39990234375,2155.699951171875,2192.300048828125,8942
2025-08-25 13:15:00,2195.800048828125,2199.800048828125,2168.89990234375,2182.800048828125,5219
2025-08-26 09:15:00,2182.0,2193.0,2155.10009765625,2172.800048828125,2202
2025-08-26 13:15:00,2173.89990234375,2195.800048828125,2140.0,2150.89990234375,7562
2025-08-28 09:15:00,2162.199951171875,2181.10009765625,2115.5,2171.39990234375,3115
2025-08-28 13:15:00,2171.39990234375,2179.10009765625,2150.0,2160.0,8199
2025-08-29 09:15:00,2175.0,2197.800048828125,2131.699951171875,2148.199951171875,7115
2025-08-29 13:15:00,2150.300048828125,2157.10009765625,2140.0,2141.60009765625,4856
2025-09-01 09:15:00,2158.0,2209.89990234375,2151.10009765625,2208.800048828125,5478
2025-09-01 13:15:00,2205.39990234375,2300.0,2200.300048828125,2285.0,18620
2025-09-02 09:15:00,2295.39990234375,2322.300048828125,2262.699951171875,2299.0,3816
2025-09-02 13:15:00,2299.0,2300.0,2276.0,2276.0,4731
2025-09-03 09:15:00,2299.10009765625,2303.199951171875,2236.0,2247.800048828125,10732
2025-09-03 13:15:00,2251.5,2259.300048828125,2231.39990234375,2245.39990234375,4496
2025-09-04 09:15:00,2257.199951171875,2288.5,2255.0,2265.300048828125,1401
2025-09-04 13:15:00,2264.0,2284.800048828125,2250.60009765625,2257.60009765625,2796
2025-09-05 09:15:00,2266.89990234375,2268.0,2245.10009765625,2255.0,3050
2025-09-05 13:15:00,2255.60009765625,2276.199951171875,2240.0,2247.5,2497
2025-09-08 09:15:00,2271.0,2273.10009765625,2248.699951171875,2251.5,2056
2025-09-08 13:15:00,2254.0,2260.0,2135.0,2140.0,26648
2025-09-09 09:15:00,2168.5,2203.199951171875,2122.0,2140.39990234375,9794
2025-09-09 13:15:00,2141.300048828125,2164.5,2107.0,2116.0,10989
2025-09-10 09:15:00,2135.0,2197.0,2121.5,2190.0,9685
2025-09-10 13:15:00,2194.800048828125,2229.89990234375,2175.199951171875,2203.0,9327
2025-09-11 09:15:00,2224.0,2225.89990234375,2145.10009765625,2161.0,9444
2025-09-11 13:15:00,2161.0,2168.89990234375,2145.0,2155.0,5970
2025-09-12 09:15:00,2145.10009765625,2181.89990234375,2145.10009765625,2166.39990234375,6834
2025-09-12 13:15:00,2165.0,2190.0,2165.0,2177.0,5171
2025-09-15 09:15:00,2191.10009765625,2219.5,2162.0,2208.300048828125,5521
2025-09-15 13:15:00,2206.39990234375,2211.10009765625,2190.0,2198.0,3669
2025-09-16 09:15:00,2210.199951171875,2345.0,2209.60009765625,2290.0,32699
2025-09-16 13:15:00,2287.699951171875,2299.89990234375,2243.0,2257.0,11628
2025-09-17 09:15:00,2274.800048828125,2298.0,2236.10009765625,2286.10009765625,8586
2025-09-17 13:15:00,2287.89990234375,2291.89990234375,2260.0,2260.0,4373
2025-09-18 09:15:00,2264.300048828125,2286.300048828125,2242.5,2242.5,3469
2025-09-18 13:15:00,2242.39990234375,2274.0,2233.5,2248.39990234375,3944
2025-09-19 09:15:00,2271.39990234375,2273.699951171875,2237.0,2253.60009765625,5864
2025-09-19 13:15:00,2253.5,2285.0,2233.89990234375,2276.199951171875,4876
2025-09-22 09:15:00,2270.0,2347.800048828125,2231.0,2288.89990234375,3967
2025-09-22 13:15:00,2291.89990234375,2304.0,2276.60009765625,2304.0,3649
2025-09-23 09:15:00,2293.39990234375,2303.10009765625,2263.0,2280.10009765625,1926
2025-09-23 13:15:00,2280.300048828125,2303.0,2246.5,2259.0,2981
2025-09-24 09:15:00,2270.89990234375,2270.89990234375,2230.199951171875,2234.60009765625,1621
2025-09-24 13:15:00,2233.5,2241.39990234375,2209.0,2211.10009765625,2706
2025-09-25 09:15:00,2240.199951171875,2275.0,2201.0,2227.699951171875,8085
2025-09-25 13:15:00,2229.10009765625,2236.10009765625,2206.60009765625,2211.800048828125,2529
2025-09-26 09:15:00,2219.89990234375,2219.89990234375,2166.60009765625,2179.5,2185
2025-09-26 13:15:00,2177.699951171875,2205.0,2171.0,2194.0,3447
2025-09-29 09:15:00,2210.0,2210.0,2161.199951171875,2178.10009765625,1434
2025-09-29 13:15:00,2175.699951171875,2181.0,2138.0,2147.800048828125,3797
2025-09-30 09:15:00,2142.0,2168.800048828125,2130.10009765625,2135.0,2902
2025-09-30 13:15:00,2135.0,2140.39990234375,2110.89990234375,2125.89990234375,4365
2025-10-01 09:15:00,2105.5,2170.0,2101.0,2159.5,5462
2025-10-01 13:15:00,2159.5,2249.60009765625,2150.199951171875,2192.89990234375,4497
2025-10-03 09:15:00,2210.39990234375,2210.39990234375,2157.199951171875,2181.10009765625,2619
2025-10-03 13:15:00,2179.89990234375,2199.0,2161.0,2187.300048828125,3480
2025-10-06 09:15:00,2190.10009765625,2193.60009765625,2143.0,2156.800048828125,3156
2025-10-06 13:15:00,2157.89990234375,2170.0,2136.10009765625,2147.800048828125,1813
2025-10-07 09:15:00,2170.0,2187.39990234375,2133.10009765625,2169.10009765625,4196
2025-10-07 13:15:00,2169.699951171875,2191.0,2163.199951171875,2167.0,3712
2025-10-08 09:15:00,2182.0,2182.0,2141.10009765625,2166.10009765625,2540
2025-10-08 13:15:00,2164.89990234375,2193.89990234375,2161.89990234375,2191.800048828125,2871
2025-10-09 09:15:00,2203.0,2261.699951171875,2170.39990234375,2221.800048828125,15071
2025-10-09 13:15:00,2221.10009765625,2245.0,2208.0,2230.39990234375,3675
2025-10-10 09:15:00,2240.10009765625,2260.0,2195.0,2208.39990234375,3935
2025-10-10 13:15:00,2208.0,2228.199951171875,2205.0,2218.300048828125,1495
2025-10-13 09:15:00,2220.0,2230.0,2171.300048828125,2225.300048828125,3853
2025-10-13 13:15:00,2226.89990234375,2230.89990234375,2195.0,2195.0,3368
2025-10-14 09:15:00,2214.800048828125,2238.699951171875,2176.199951171875,2180.0,10481
2025-10-14 13:15:00,2180.0,2247.0,2178.10009765625,2247.0,2666
2025-10-15 09:15:00,2207.0,2244.89990234375,2206.199951171875,2229.5,6182
2025-10-15 13:15:00,2229.5,2350.0,2223.60009765625,2319.39990234375,20917
2025-10-16 09:15:00,2318.39990234375,2318.39990234375,2236.10009765625,2272.10009765625,7147
2025-10-16 13:15:00,2272.199951171875,2304.0,2260.89990234375,2295.89990234375,9726
2025-10-17 09:15:00,2284.5,2335.0,2284.5,2310.39990234375,5036
2025-10-17 13:15:00,2312.89990234375,2313.0,2282.60009765625,2296.199951171875,4057
2025-10-20 09:15:00,2325.300048828125,2325.300048828125,2284.39990234375,2298.89990234375,2205
2025-10-20 13:15:00,2298.0,2324.5,2296.0,2305.89990234375,2635
2025-10-21 13:15:00,2350.0,2350.0,2298.60009765625,2320.60009765625,4528
2025-10-23 09:15:00,2330.0,2330.0,2296.5,2307.300048828125,6841
2025-10-23 13:15:00,2311.699951171875,2325.0,2296.800048828125,2307.89990234375,2846
2025-10-24 09:15:00,2318.699951171875,2324.5,2280.0,2304.199951171875,2061
2025-10-24 13:15:00,2300.60009765625,2302.0,2260.0,2280.10009765625,2595
2025-10-27 09:15:00,2304.0,2320.0,2275.300048828125,2299.5,1471
2025-10-27 13:15:00,2297.89990234375,2297.89990234375,2254.199951171875,2261.0,3777
2025-10-28 09:15:00,2272.800048828125,2284.5,2242.699951171875,2246.10009765625,2559
2025-10-28 13:15:00,2249.89990234375,2257.0,2232.10009765625,2248.199951171875,2361
2025-10-29 09:15:00,2250.0,2250.0,2205.0,2213.0,2618
2025-10-29 13:15:00,2213.89990234375,2225.0,2145.0,2180.89990234375,12092
2025-10-30 09:15:00,2197.0,2210.89990234375,2175.699951171875,2200.0,2444
2025-10-30 13:15:00,2200.0,2209.0,2175.0,2194.5,3757
2025-10-31 09:15:00,2200.10009765625,2201.39990234375,2180.0,2188.39990234375,1655
2025-10-31 13:15:00,2186.800048828125,2195.89990234375,2165.5,2175.0,3691
2025-11-03 09:15:00,2168.89990234375,2189.199951171875,2150.0,2180.0,1939
2025-11-03 13:15:00,2179.0,2200.0,2179.0,2187.60009765625,2150
2025-11-04 09:15:00,2175.10009765625,2297.89990234375,2175.10009765625,2297.89990234375,9322
2025-11-04 13:15:00,2296.0,2314.0,2265.0,2288.199951171875,8439
2025-11-06 09:15:00,2309.89990234375,2309.89990234375,2248.39990234375,2267.0,2332
2025-11-06 13:15:00,2266.199951171875,2280.0,2238.0,2238.0,2264
2025-11-07 09:15:00,2264.60009765625,2264.60009765625,2206.0,2247.60009765625,2560
2025-11-07 13:15:00,2246.39990234375,2280.0,2228.0,2246.5,4547
2025-11-10 09:15:00,2270.0,2283.60009765625,2221.300048828125,2224.699951171875,2800
2025-11-10 13:15:00,2224.800048828125,2260.0,2216.5,2251.89990234375,3536
2025-11-11 09:15:00,2273.5,2273.5,2219.60009765625,2231.89990234375,1673
2025-11-11 13:15:00,2230.0,2269.10009765625,2226.60009765625,2243.5,2178
2025-11-12 09:15:00,2259.89990234375,2455.89990234375,2224.60009765625,2360.800048828125,152839
2025-11-12 13:15:00,2353.5,2383.10009765625,2279.89990234375,2279.89990234375,38995
2025-11-13 09:15:00,2265.0,2407.89990234375,2265.0,2378.60009765625,25608
2025-11-13 13:15:00,2386.0,2398.699951171875,2290.5,2316.0,17052
2025-11-14 09:15:00,2299.5,2320.89990234375,2246.5,2251.60009765625,13078
2025-11-14 13:15:00,2251.300048828125,2263.800048828125,2235.0,2249.0,9669
2025-11-17 09:15:00,2229.300048828125,2276.800048828125,2200.0,2214.0,29105
2025-11-17 13:15:00,2213.0,2213.0,2184.699951171875,2190.0,13931
2025-11-18 09:15:00,2194.89990234375,2240.5,2159.10009765625,2160.0,12602
2025-11-18 13:15:00,2159.89990234375,2168.800048828125,2134.0,2158.0,16203
2025-11-19 09:15:00,2160.0,2205.800048828125,2145.10009765625,2149.89990234375,7986
2025-11-19 13:15:00,2151.0,2151.0,2130.0,2130.5,8799
2025-11-20 09:15:00,2168.0,2168.0,2110.0,2119.60009765625,5742
2025-11-20 13:15:00,2119.699951171875,2119.800048828125,2092.60009765625,2096.89990234375,16357
2025-11-21 09:15:00,2105.10009765625,2137.89990234375,2070.0,2089.199951171875,22746
2025-11-21 13:15:00,2091.699951171875,2091.699951171875,2065.800048828125,2069.89990234375,12405
2025-11-24 09:15:00,2076.10009765625,2128.0,2045.0,2050.0,14340
2025-11-24 13:15:00,2050.0,2059.0,2021.0999755859373,2032.0,11069
2025-11-25 09:15:00,2050.0,2109.89990234375,2040.0,2102.10009765625,11723
2025-11-25 13:15:00,2098.89990234375,2109.89990234375,2060.10009765625,2100.0,11873
2025-11-26 09:15:00,2093.89990234375,2138.39990234375,2093.89990234375,2127.5,8920
2025-11-26 13:15:00,2127.699951171875,2129.199951171875,2090.0,2125.0,8626
2025-11-27 09:15:00,2125.5,2161.10009765625,2108.89990234375,2133.699951171875,7396
2025-11-27 13:15:00,2127.800048828125,2134.89990234375,2110.199951171875,2122.60009765625,5873
2025-11-28 09:15:00,2133.60009765625,2163.0,2110.0,2121.800048828125,14731
2025-11-28 13:15:00,2123.89990234375,2175.0,2123.39990234375,2147.0,9187
2025-12-01 09:15:00,2183.0,2219.0,2173.60009765625,2190.0,9021
2025-12-01 13:15:00,2191.800048828125,2195.699951171875,2172.199951171875,2189.0,5756
2025-12-02 09:15:00,2196.699951171875,2196.699951171875,2120.0,2133.0,4831
2025-12-02 13:15:00,2125.39990234375,2136.199951171875,2105.0,2124.0,8304
2025-12-03 09:15:00,2136.39990234375,2164.300048828125,2119.699951171875,2136.0,3350
2025-12-03 13:15:00,2135.800048828125,2151.60009765625,2117.60009765625,2151.60009765625,7971
2025-12-04 09:15:00,2135.300048828125,2161.800048828125,2135.300048828125,2150.0,3316
2025-12-04 13:15:00,2155.89990234375,2156.60009765625,2131.699951171875,2143.39990234375,2431
2025-12-05 09:15:00,2163.39990234375,2163.39990234375,2093.89990234375,2099.0,5967
2025-12-05 13:15:00,2097.89990234375,2100.0,2069.10009765625,2075.0,9725
2025-12-08 09:15:00,2092.39990234375,2104.800048828125,2059.89990234375,2081.39990234375,5189
2025-12-08 13:15:00,2080.0,2084.199951171875,2067.39990234375,2073.0,4797
2025-12-09 09:15:00,2074.89990234375,2123.5,2051.60009765625,2109.5,9822
2025-12-09 13:15:00,2110.0,2121.300048828125,2075.10009765625,2100.0,5486
2025-12-10 09:15:00,2109.89990234375,2109.89990234375,2050.39990234375,2052.0,4396
2025-12-10 13:15:00,2052.39990234375,2058.0,2025.0,2028.0,5252
2025-12-11 09:15:00,2035.800048828125,2035.800048828125,1985.300048828125,1993.0,6505
2025-12-11 13:15:00,1993.0,2000.0,1986.5999755859373,1999.0,12174
2025-12-12 09:15:00,2008.5,2025.800048828125,1991.300048828125,1994.9000244140625,2812
2025-12-12 13:15:00,1992.199951171875,2000.0,1986.199951171875,1997.800048828125,6382
2025-12-15 09:15:00,2018.5,2044.9000244140625,1991.0999755859373,2001.0,5395
2025-12-15 13:15:00,2004.5999755859373,2010.5,2004.4000244140625,2005.0,5056
2025-12-16 09:15:00,2010.0,2021.0,1998.0,2005.0,2874
2025-12-16 13:15:00,2004.5999755859373,2009.5,1994.0,2003.699951171875,3965
2025-12-17 09:15:00,2006.4000244140625,2022.5,1996.5,2013.5999755859373,6064
2025-12-17 13:15:00,2015.800048828125,2025.699951171875,2013.0,2025.699951171875,2079
2025-12-18 09:15:00,2003.300048828125,2016.0,2000.0,2007.5,2552
2025-12-18 13:15:00,2007.0999755859373,2015.0,2005.5999755859373,2010.0999755859373,1957
2025-12-19 09:15:00,2022.199951171875,2030.9000244140625,1988.0,1999.0999755859373,11189
2025-12-19 13:15:00,1999.0999755859373,2000.5,1990.4000244140625,1999.9000244140625,5597
2025-12-22 09:15:00,1995.0,2009.0,1990.0,1993.0999755859373,6552
2025-12-22 13:15:00,1993.0999755859373,1997.9000244140625,1973.9000244140625,1995.0,6340
2025-12-23 09:15:00,1995.0,2052.60009765625,1991.5,2006.0999755859373,6291
2025-12-23 13:15:00,2005.9000244140625,2015.9000244140625,1990.0,2009.0,7646
2025-12-24 09:15:00,2005.800048828125,2038.0,2005.800048828125,2030.699951171875,1436
2025-12-24 13:15:00,2030.699951171875,2034.5,2016.5999755859373,2024.9000244140625,1972
2025-12-26 09:15:00,2035.0,2035.0,2000.0999755859373,2007.0999755859373,3663
2025-12-26 13:15:00,2010.699951171875,2010.699951171875,1990.800048828125,1996.199951171875,3331
2025-12-29 09:15:00,2015.0,2025.0999755859373,1973.5999755859373,2004.300048828125,7569
2025-12-29 13:15:00,2003.5,2008.5,1995.0,1997.699951171875,2917
2025-12-30 09:15:00,1987.800048828125,2013.0999755859373,1987.800048828125,2005.300048828125,2595
2025-12-30 13:15:00,2003.9000244140625,2013.5999755859373,2000.0,2004.4000244140625,1552
2025-12-31 09:15:00,1998.4000244140625,2046.800048828125,1987.9000244140625,2041.5999755859373,4428
2025-12-31 13:15:00,2041.0,2041.0,2027.199951171875,2031.0,2636
2026-01-01 09:15:00,2041.699951171875,2044.800048828125,2001.0,2005.0,5410
2026-01-01 13:15:00,2005.0,2009.0,2000.0,2005.0,4348
2026-01-02 09:15:00,1997.0,2010.5999755859373,1980.0,1984.300048828125,8757
2026-01-02 13:15:00,1984.300048828125,1993.0,1971.4000244140625,1992.0,7231
2026-01-05 09:15:00,1985.0,1992.800048828125,1945.0,1957.5999755859373,11896
2026-01-05 13:15:00,1957.800048828125,1975.0,1955.0,1965.4000244140625,6176
2026-01-06 09:15:00,1965.4000244140625,1972.300048828125,1936.0,1948.0,5263
2026-01-06 13:15:00,1948.0,1960.0,1940.5,1951.199951171875,2714
2026-01-07 09:15:00,1951.0999755859373,1958.9000244140625,1940.0999755859373,1954.300048828125,2122
2026-01-07 13:15:00,1951.9000244140625,1981.9000244140625,1950.0,1967.800048828125,8337
2026-01-08 09:15:00,1960.300048828125,1999.5999755859373,1953.0999755859373,1959.0999755859373,3813
2026-01-08 13:15:00,1960.4000244140625,1965.9000244140625,1938.9000244140625,1940.0,5438
2026-01-09 09:15:00,1868.300048828125,1942.800048828125,1786.0,1894.5,206125
2026-01-09 13:15:00,1894.5,1920.0,1851.5,1878.5,47827
2026-01-12 09:15:00,1878.5,1906.0999755859373,1825.0,1849.199951171875,18408
2026-01-12 13:15:00,1846.0999755859373,1882.300048828125,1843.199951171875,1866.0999755859373,19838
2026-01-13 09:15:00,1848.0,1924.0,1848.0,1905.800048828125,10866
2026-01-13 13:15:00,1905.5,1926.5,1886.199951171875,1913.0999755859373,9942
2026-01-14 09:15:00,1913.0999755859373,1949.9000244140625,1892.4000244140625,1904.199951171875,3508
2026-01-14 13:15:00,1903.5,1903.5,1875.5999755859373,1875.5999755859373,6398
2026-01-16 09:15:00,1870.0,1907.9000244140625,1861.5,1868.300048828125,10824
2026-01-16 13:15:00,1868.0,1919.300048828125,1865.0999755859373,1887.699951171875,5961
2026-01-19 09:15:00,1869.699951171875,1887.699951171875,1834.0999755859373,1835.0,5041
2026-01-19 13:15:00,1835.0,1839.300048828125,1805.0,1807.199951171875,7804
2026-01-20 09:15:00,1808.5,1836.5999755859373,1792.0,1817.4000244140625,7455
2026-01-20 13:15:00,1822.699951171875,1823.9000244140625,1780.0,1787.699951171875,8329
2026-01-21 09:15:00,1786.5,1826.0,1752.5,1816.0999755859373,11972
2026-01-21 13:15:00,1817.4000244140625,1831.800048828125,1809.0999755859373,1816.699951171875,7750
2026-01-22 09:15:00,1800.0,1856.0,1800.0,1819.699951171875,5977
2026-01-22 13:15:00,1818.0,1847.199951171875,1815.4000244140625,1829.300048828125,7519
2026-01-23 09:15:00,1820.5,1836.0,1805.0,1822.0,5456
2026-01-23 13:15:00,1825.0,1845.0,1780.4000244140625,1798.800048828125,11467
2026-01-27 09:15:00,1807.0,1823.699951171875,1767.5999755859375,1815.0999755859373,3103
2026-01-27 13:15:00,1811.800048828125,1820.0,1797.199951171875,1809.0999755859373,3485
2026-01-28 09:15:00,1820.0,1861.9000244140625,1809.199951171875,1855.300048828125,3142
2026-01-28 13:15:00,1852.699951171875,1880.0,1830.0,1880.0,5642
2026-01-29 09:15:00,1874.4000244140625,1874.5999755859373,1819.5,1836.800048828125,3450
2026-01-29 13:15:00,1836.199951171875,1841.0,1811.5999755859373,1822.5999755859373,4343
2026-01-30 09:15:00,1818.0,1881.0999755859373,1803.0999755859373,1865.800048828125,3295
2026-01-30 13:15:00,1865.800048828125,1904.0999755859373,1822.5999755859373,1868.9000244140625,4200
2026-02-03 09:15:00,1920.0,1920.0,1775.0,1799.4000244140625,71642
2026-02-03 13:15:00,1800.0,1802.699951171875,1750.0,1775.5999755859375,23870
2026-02-04 09:15:00,1775.5999755859375,1789.800048828125,1737.0999755859375,1746.199951171875,11470
2026-02-04 13:15:00,1746.199951171875,1758.0,1740.0999755859375,1746.199951171875,6646
2026-02-05 09:15:00,1752.0,1752.0,1682.0,1686.4000244140625,12650
2026-02-05 13:15:00,1685.800048828125,1692.0,1648.300048828125,1653.699951171875,36699
2026-02-06 09:15:00,1666.0,1724.800048828125,1650.0,1658.9000244140625,29845
2026-02-06 13:15:00,1659.0,1659.0,1622.0,1628.800048828125,9797
2026-02-09 09:15:00,1646.699951171875,1692.800048828125,1636.0999755859375,1680.5,9044
2026-02-09 13:15:00,1681.4000244140625,1707.699951171875,1675.0,1680.0,6814
2026-02-10 09:15:00,1707.0,1731.9000244140625,1686.0,1717.4000244140625,8328
2026-02-10 13:15:00,1717.4000244140625,1725.0,1682.5,1718.0,9172
2026-02-11 09:15:00,1720.4000244140625,1720.4000244140625,1640.0,1668.0,10716
2026-02-11 13:15:00,1665.0,1688.0,1662.4000244140625,1678.9000244140625,3935
2026-02-12 09:15:00,1660.0,1673.9000244140625,1546.9000244140625,1547.199951171875,61008
2026-02-12 13:15:00,1550.0,1557.0,1530.0999755859375,1539.0999755859375,44110
2026-02-13 09:15:00,1518.5999755859375,1579.800048828125,1467.0,1537.199951171875,82967
2026-02-13 13:15:00,1534.800048828125,1548.800048828125,1471.5,1471.5,27184
2026-02-16 09:15:00,1486.9000244140625,1525.0,1473.0,1495.5,12417
2026-02-16 13:15:00,1495.5,1507.699951171875,1478.0999755859375,1500.699951171875,8679
2026-02-17 09:15:00,1519.199951171875,1665.0,1513.0,1626.699951171875,91898
2026-02-17 13:15:00,1626.699951171875,1649.5999755859375,1620.0999755859375,1629.5,27433
2026-02-18 09:15:00,1602.199951171875,1673.800048828125,1602.199951171875,1658.5999755859375,12648
2026-02-18 13:15:00,1654.0,1720.199951171875,1654.0,1710.5,40828
2026-02-19 09:15:00,1690.5,1692.199951171875,1646.0999755859375,1672.199951171875,6803
2026-02-19 13:15:00,1670.4000244140625,1679.9000244140625,1630.0,1630.0999755859375,7270
2026-02-20 09:15:00,1635.0,1635.0,1605.0,1621.0,2882
2026-02-20 13:15:00,1620.800048828125,1635.0,1615.0,1618.9000244140625,3272
2026-02-23 09:15:00,1650.0,1650.0,1584.300048828125,1587.0,2859
2026-02-23 13:15:00,1587.0,1603.9000244140625,1572.5,1584.800048828125,7617
2026-02-24 09:15:00,1571.0999755859375,1575.0,1545.0,1548.0,5778
2026-02-24 13:15:00,1547.0,1548.0999755859375,1527.9000244140625,1539.699951171875,7399
2026-02-25 09:15:00,1539.0999755859375,1552.0,1501.0,1506.800048828125,9150
2026-02-25 13:15:00,1501.199951171875,1506.300048828125,1471.199951171875,1478.0,23793
2026-02-26 09:15:00,1498.0,1550.0,1487.300048828125,1524.4000244140625,12434
2026-02-26 13:15:00,1525.4000244140625,1525.4000244140625,1501.0,1501.0,8374
2026-02-27 09:15:00,1511.5999755859375,1536.199951171875,1497.300048828125,1525.300048828125,24654
2026-02-27 13:15:00,1524.300048828125,1529.9000244140625,1500.0999755859375,1505.0999755859375,5913
2026-03-02 09:15:00,1485.0,1488.0,1440.5999755859375,1475.0,4901
2026-03-02 13:15:00,1475.0,1484.199951171875,1450.0999755859375,1461.699951171875,11596
2026-03-04 09:15:00,1440.0999755859375,1460.0,1426.0,1445.199951171875,5335
2026-03-04 13:15:00,1445.800048828125,1451.800048828125,1422.0,1427.9000244140625,8563
2026-03-05 09:15:00,1465.199951171875,1465.199951171875,1403.4000244140625,1413.9000244140625,8738
2026-03-05 13:15:00,1411.0999755859375,1426.0,1398.800048828125,1419.9000244140625,13524
2026-03-06 09:15:00,1402.0,1441.0,1402.0,1425.0,13145
2026-03-06 13:15:00,1426.0,1427.9000244140625,1389.9000244140625,1392.5999755859375,12916
2026-03-09 09:15:00,1389.9000244140625,1389.9000244140625,1338.4000244140625,1350.5,35671
2026-03-09 13:15:00,1351.9000244140625,1371.0,1350.9000244140625,1366.699951171875,5071
2026-03-10 09:15:00,1372.0,1395.0,1365.0,1393.0,12844
2026-03-10 13:15:00,1393.0,1432.9000244140625,1393.0,1423.199951171875,12468
2026-03-11 09:15:00,1425.0,1500.0,1425.0,1482.699951171875,14469
2026-03-11 13:15:00,1479.0999755859375,1489.699951171875,1474.300048828125,1488.0,9933
2026-03-12 09:15:00,1475.0999755859375,1519.9000244140625,1440.0,1509.5,9251
2026-03-12 13:15:00,1505.5999755859375,1520.5,1461.5,1483.9000244140625,11913
2026-03-13 09:15:00,1464.0,1490.0,1444.0,1478.9000244140625,13012
2026-03-13 13:15:00,1477.0,1490.0,1453.4000244140625,1479.0,25183
2026-03-16 09:15:00,1467.0,1519.9000244140625,1456.9000244140625,1473.0999755859375,8209
2026-03-16 13:15:00,1471.699951171875,1508.800048828125,1469.9000244140625,1490.0,8512
2026-03-17 09:15:00,1502.4000244140625,1527.9000244140625,1482.199951171875,1497.199951171875,19414
2026-03-17 13:15:00,1497.0,1528.0,1490.5999755859375,1511.9000244140625,24794
2026-03-18 09:15:00,1513.199951171875,1569.0,1513.199951171875,1564.0,10145
2026-03-18 13:15:00,1564.0,1574.0999755859375,1531.0,1540.199951171875,4729
2026-03-19 09:15:00,1504.199951171875,1523.300048828125,1492.0,1502.699951171875,5548
2026-03-19 13:15:00,1501.0999755859375,1520.0,1501.0999755859375,1510.0999755859375,11432
2026-03-20 09:15:00,1502.5,1544.0,1502.5,1510.699951171875,5433
2026-03-20 13:15:00,1510.699951171875,1518.800048828125,1485.4000244140625,1496.0999755859375,11273
2026-03-23 09:15:00,1483.4000244140625,1496.0,1450.4000244140625,1456.5,18406
2026-03-23 13:15:00,1460.0,1469.0,1435.0,1446.0,13696
2026-03-24 09:15:00,1457.0,1525.0,1457.0,1506.5,6194
2026-03-24 13:15:00,1506.5999755859375,1522.0,1503.699951171875,1508.5,18004
2026-03-25 09:15:00,1502.9000244140625,1565.0,1502.9000244140625,1555.5999755859375,46512
2026-03-25 13:15:00,1559.0,1562.800048828125,1492.0,1492.0,15564
2026-03-27 09:15:00,1507.4000244140625,1522.300048828125,1494.5,1511.699951171875,25502
2026-03-27 13:15:00,1510.0,1515.5999755859375,1504.9000244140625,1510.5999755859375,18058
2026-03-30 09:15:00,1487.0,1510.5,1461.0999755859375,1498.199951171875,15898
2026-03-30 13:15:00,1496.199951171875,1502.699951171875,1476.9000244140625,1485.0,9845
2026-04-01 09:15:00,1574.0,1620.0,1513.0999755859375,1611.0,13616
2026-04-01 13:15:00,1613.199951171875,1641.699951171875,1597.0999755859375,1641.699951171875,8194
2026-04-02 09:15:00,1602.699951171875,1638.0,1576.300048828125,1629.9000244140625,7653
2026-04-02 13:15:00,1630.0,1679.699951171875,1627.0,1650.0,6739
2026-04-06 09:15:00,1684.199951171875,1684.199951171875,1633.300048828125,1665.4000244140625,3830
2026-04-06 13:15:00,1666.199951171875,1680.0,1647.9000244140625,1665.4000244140625,4066
2026-04-07 09:15:00,1699.0,1707.9000244140625,1660.199951171875,1696.4000244140625,4956
2026-04-07 13:15:00,1693.199951171875,1699.699951171875,1661.5,1676.5999755859375,6916
2026-04-08 09:15:00,1710.0,1760.0,1710.0,1751.5999755859375,2917
2026-04-08 13:15:00,1747.300048828125,1756.0,1726.0999755859375,1736.199951171875,4061
2026-04-09 09:15:00,1736.199951171875,1765.0,1690.0,1732.199951171875,6155
2026-04-09 13:15:00,1735.699951171875,1750.0,1731.0,1746.199951171875,2219
2026-04-10 09:15:00,1755.0,1786.0,1740.0,1750.0,5056
2026-04-10 13:15:00,1750.699951171875,1754.4000244140625,1724.9000244140625,1729.4000244140625,3659
2026-04-13 09:15:00,1737.199951171875,1815.9000244140625,1710.300048828125,1793.0,9814
2026-04-13 13:15:00,1790.4000244140625,1806.300048828125,1786.0,1791.9000244140625,6780
2026-04-15 09:15:00,1849.0,1849.0,1816.0999755859373,1824.0,6117
2026-04-15 13:15:00,1824.0,1845.0,1820.0,1835.9000244140625,3532
2026-04-16 09:15:00,1848.0,1873.4000244140625,1810.699951171875,1821.0,4754
2026-04-16 13:15:00,1819.699951171875,1849.0,1815.9000244140625,1829.5999755859373,3466
2026-04-17 09:15:00,1848.9000244140625,1849.0,1825.0,1837.4000244140625,4091
2026-04-17 13:15:00,1837.4000244140625,1840.0,1795.5,1813.5,8835
2026-04-20 09:15:00,1788.0,1788.0,1736.0999755859375,1740.0,0
2026-04-20 13:15:00,1813.5,1813.5,1722.0,1727.4000244140625,21186
2026-04-21 09:15:00,1727.4000244140625,1751.5999755859375,1716.0999755859375,1724.5,4175
2026-04-21 13:15:00,1721.0,1724.0,1712.0999755859375,1719.5999755859375,3335
2026-04-22 09:15:00,1749.9000244140625,1749.9000244140625,1705.0,1727.4000244140625,8665
2026-04-22 13:15:00,1727.300048828125,1746.0999755859375,1727.300048828125,1739.9000244140625,5433
2026-04-23 09:15:00,1753.9000244140625,1753.9000244140625,1687.300048828125,1687.300048828125,6263
2026-04-23 13:15:00,1687.300048828125,1690.800048828125,1648.0999755859375,1674.0,12507
2026-04-24 09:15:00,1656.0,1677.800048828125,1636.0999755859375,1641.0,2898
2026-04-24 13:15:00,1640.0,1640.0999755859375,1606.199951171875,1618.0,10367
2026-04-27 09:15:00,1615.4000244140625,1697.199951171875,1608.0999755859375,1697.199951171875,6089
2026-04-27 13:15:00,1696.0,1705.0,1690.800048828125,1700.4000244140625,5445
2026-04-28 09:15:00,1700.4000244140625,1733.800048828125,1687.0,1708.0,4599
2026-04-28 13:15:00,1708.0,1727.0,1682.5,1703.4000244140625,4256
2026-04-29 09:15:00,1700.4000244140625,1709.699951171875,1671.800048828125,1676.0,4951
2026-04-29 13:15:00,1677.0999755859375,1678.800048828125,1655.0,1665.199951171875,3160
2026-04-30 09:15:00,1672.699951171875,1682.5,1652.4000244140625,1657.0,3002
2026-04-30 13:15:00,1659.5,1662.800048828125,1653.0,1660.0,5503
2026-05-04 09:15:00,1650.300048828125,1675.0,1631.0,1634.699951171875,3325
2026-05-04 13:15:00,1633.5999755859375,1639.199951171875,1623.0999755859375,1637.9000244140625,2645
2026-05-05 09:15:00,1649.9000244140625,1650.0,1623.0,1645.199951171875,2112
2026-05-05 13:15:00,1648.5,1649.0,1633.699951171875,1645.0,2209
2026-05-06 09:15:00,1655.300048828125,1655.300048828125,1632.5,1636.0999755859375,5352
2026-05-06 13:15:00,1637.800048828125,1645.0,1635.5999755859375,1639.199951171875,6043
2026-05-07 09:15:00,1642.9000244140625,1672.0,1634.0,1645.199951171875,9077
2026-05-07 13:15:00,1645.0,1650.0,1640.0,1650.0,8998
2026-05-08 09:15:00,1659.4000244140625,1724.0,1645.0,1713.5999755859375,10936
2026-05-08 13:15:00,1713.699951171875,1721.0,1691.199951171875,1693.0,3694
2026-05-11 09:15:00,1712.0,1712.0,1659.800048828125,1665.9000244140625,10043
2026-05-11 13:15:00,1665.9000244140625,1674.4000244140625,1651.0,1656.699951171875,4470
2026-05-12 09:15:00,1665.0,1665.0,1612.4000244140625,1621.0,3292
2026-05-12 13:15:00,1624.699951171875,1625.0,1614.0,1620.300048828125,4470
2026-05-13 09:15:00,1600.0,1642.0999755859375,1600.0,1622.699951171875,1563
2026-05-13 13:15:00,1624.4000244140625,1634.4000244140625,1612.800048828125,1632.5,3778
2026-05-14 09:15:00,1628.199951171875,1648.9000244140625,1610.4000244140625,1631.0999755859375,3204
2026-05-14 13:15:00,1635.9000244140625,1665.0,1630.0,1633.9000244140625,2915
2026-05-15 09:15:00,1633.800048828125,1696.0,1614.9000244140625,1682.699951171875,4034
2026-05-15 13:15:00,1682.800048828125,1932.0999755859373,1671.699951171875,1832.800048828125,313948
2026-05-18 09:15:00,1810.5,1855.9000244140625,1762.0999755859375,1802.9000244140625,11621
2026-05-18 13:15:00,1801.0,1820.0,1790.0,1790.0,9502
2026-05-19 09:15:00,1791.0,1853.9000244140625,1791.0,1832.4000244140625,15502
2026-05-19 13:15:00,1832.4000244140625,1838.800048828125,1816.0,1828.9000244140625,5812
2026-05-20 09:15:00,1810.5999755859373,1842.5999755859373,1810.5999755859373,1815.5999755859373,3746
2026-05-20 13:15:00,1818.800048828125,1850.0,1810.300048828125,1822.5,5574
2026-05-21 09:15:00,1818.0,1839.4000244140625,1802.5,1802.5,2670
2026-05-21 13:15:00,1804.5,1811.9000244140625,1770.0,1782.5,5579
2026-05-22 09:15:00,1753.0,1791.5999755859375,1753.0,1790.699951171875,3232
2026-05-22 13:15:00,1787.300048828125,1789.5999755859375,1773.199951171875,1780.9000244140625,3056
2026-05-25 09:15:00,1781.0,1803.0,1765.0,1782.0,3991
2026-05-25 13:15:00,1784.699951171875,1790.0,1779.699951171875,1787.4000244140625,3666
2026-05-26 09:15:00,1787.4000244140625,1805.0,1771.699951171875,1785.9000244140625,2490
2026-05-26 13:15:00,1782.199951171875,1791.9000244140625,1779.0,1781.4000244140625,5626
2026-05-27 09:15:00,1789.0,1852.0,1784.800048828125,1833.5,5856
2026-05-27 13:15:00,1831.5999755859373,1841.9000244140625,1807.199951171875,1814.5,3159
2026-05-29 09:15:00,1848.0,1848.0,1783.699951171875,1825.9000244140625,2447
2026-05-29 13:15:00,1829.9000244140625,1860.0,1815.5999755859373,1841.300048828125,6960
2026-06-01 09:15:00,1838.9000244140625,1900.0,1802.300048828125,1807.699951171875,7192
2026-06-01 13:15:00,1812.199951171875,1900.0,1810.5999755859373,1888.5999755859373,10876
2026-06-02 09:15:00,1900.0,1974.0,1830.5,1845.0,45384
2026-06-02 13:15:00,1844.0,1899.9000244140625,1833.300048828125,1851.0,19586
2026-06-03 09:15:00,1832.5999755859373,1853.699951171875,1812.199951171875,1826.0,4828
2026-06-03 13:15:00,1836.4000244140625,1854.0,1823.5999755859373,1854.0,3583
2026-06-04 09:15:00,1841.0999755859373,1845.0,1790.0999755859375,1792.0,6229
2026-06-04 13:15:00,1794.199951171875,1810.0,1794.0,1798.9000244140625,9931
2026-06-05 09:15:00,1883.0,1883.0,1800.4000244140625,1800.699951171875,2104
2026-06-05 13:15:00,1801.0999755859375,1833.0,1799.0,1799.0,3992
2026-06-08 09:15:00,1777.0,1825.0,1753.5,1785.5,5213
2026-06-08 13:15:00,1780.0,1786.800048828125,1750.5999755859375,1759.5,4999
2026-06-09 09:15:00,1783.5,1845.0,1762.0,1830.0,7744
2026-06-09 13:15:00,1832.0,1871.800048828125,1820.699951171875,1842.300048828125,10943
2026-06-10 09:15:00,1812.4000244140625,1848.0,1810.199951171875,1818.699951171875,2388
2026-06-10 13:15:00,1821.0999755859373,1822.0,1800.0,1806.699951171875,2153
2026-06-11 09:15:00,1790.0,1799.9000244140625,1754.300048828125,1756.300048828125,3174
2026-06-11 13:15:00,1755.4000244140625,1778.0,1740.0,1774.0999755859375,2975
2026-06-12 09:15:00,1799.0,1810.9000244140625,1780.800048828125,1800.4000244140625,1909
2026-06-12 13:15:00,1803.199951171875,1823.199951171875,1792.0,1792.0,2081
2026-06-15 09:15:00,1817.0999755859373,1849.199951171875,1812.699951171875,1819.0999755859373,2265
2026-06-15 13:15:00,1818.0,1826.9000244140625,1795.5999755859375,1812.5999755859373,3419
2026-06-16 09:15:00,1819.0999755859373,1839.300048828125,1812.5999755859373,1821.300048828125,2235
2026-06-16 13:15:00,1820.699951171875,1827.9000244140625,1812.699951171875,1827.9000244140625,2192
2026-06-17 09:15:00,1816.5999755859373,1830.0,1806.199951171875,1827.699951171875,2105
2026-06-17 13:15:00,1824.0,1829.5999755859373,1820.0,1823.0,6375
2026-06-18 09:15:00,1848.0,1848.0,1793.4000244140625,1795.0999755859375,2909
2026-06-18 13:15:00,1799.199951171875,1820.800048828125,1794.0,1810.300048828125,4266
2026-06-19 09:15:00,1790.0,1820.0,1790.0,1805.800048828125,2616
2026-06-19 13:15:00,1801.0,1820.5,1800.0,1812.0999755859373,1897
2026-06-22 09:15:00,1820.0,1830.300048828125,1789.199951171875,1803.699951171875,5012
2026-06-22 13:15:00,1800.5999755859375,1810.0,1795.0,1795.0,5367
2026-06-23 09:15:00,1795.199951171875,1835.0,1795.199951171875,1812.0,6334
2026-06-23 13:15:00,1818.5999755859373,1824.300048828125,1803.0999755859373,1813.199951171875,2284
2026-06-24 09:15:00,1810.5,1827.0,1810.5,1817.0999755859373,6751
2026-06-24 13:15:00,1814.199951171875,1820.0,1804.0,1820.0,2439
2026-06-25 09:15:00,1824.9000244140625,1837.0,1806.5,1808.0999755859373,1930
2026-06-25 13:15:00,1806.800048828125,1822.0,1803.300048828125,1822.0,1951
2026-06-29 09:15:00,1820.0,1889.0,1798.199951171875,1882.4000244140625,19848
2026-06-29 13:15:00,1888.800048828125,1952.9000244140625,1880.0,1887.9000244140625,21040
2026-06-30 09:15:00,1885.0,1899.199951171875,1862.0999755859373,1890.0,2150
2026-06-30 13:15:00,1887.0,1899.9000244140625,1887.0,1887.0,3035
2026-07-01 09:15:00,1900.0,1935.0,1880.5,1911.0999755859373,10825
2026-07-01 13:15:00,1914.0999755859373,1920.300048828125,1886.0,1896.5,2946
2026-07-02 09:15:00,1915.0,1955.0,1880.5,1885.0,4827
2026-07-02 13:15:00,1882.800048828125,1889.9000244140625,1865.0,1888.0,3850
2026-07-03 09:15:00,1890.0,1906.699951171875,1856.0999755859373,1890.0999755859373,4924
2026-07-03 13:15:00,1894.4000244140625,1910.0,1886.0,1896.0999755859373,2511
2026-07-06 09:15:00,1954.5,2058.60009765625,1954.5,2025.0,153514
2026-07-06 13:15:00,2025.0,2032.5,2005.0,2011.300048828125,35849
2026-07-07 09:15:00,2021.199951171875,2044.4000244140625,1982.699951171875,2013.199951171875,6270
2026-07-07 13:15:00,2007.0,2017.0999755859373,1987.5,1999.0,7174
2026-07-08 09:15:00,2000.9000244140625,2000.9000244140625,1971.800048828125,1987.800048828125,6528
2026-07-08 13:15:00,1990.699951171875,1993.5,1920.0,1948.9000244140625,13588
2026-07-09 09:15:00,1956.199951171875,2040.0,1952.800048828125,2022.699951171875,9691
2026-07-09 13:15:00,2022.199951171875,2030.0,2010.699951171875,2022.800048828125,5027
2026-07-10 09:15:00,2040.0,2049.800048828125,2004.0999755859373,2017.4000244140625,3256
2026-07-10 13:15:00,2010.5999755859373,2025.0,1991.9000244140625,2005.9000244140625,5824
2026-07-13 09:15:00,2050.0,2067.800048828125,2011.0,2011.0,10783
2026-07-13 13:15:00,2011.0,2044.4000244140625,2003.0,2020.699951171875,8299
2026-07-14 09:15:00,2014.0,2022.300048828125,1990.0,1997.5999755859373,2702
2026-07-14 13:15:00,1997.300048828125,2015.0,1993.0,2001.0,2246
2026-07-15 09:15:00,2009.5,2050.10009765625,2009.5,2025.0,2734
2026-07-15 13:15:00,2025.0,2031.699951171875,1990.0,2005.9000244140625,3464
2026-07-16 09:15:00,2005.0,2085.0,2005.0,2053.5,23122
2026-07-16 13:15:00,2053.5,2069.800048828125,2044.0,2060.60009765625,6195
2026-07-17 09:15:00,2050.89990234375,2143.699951171875,2016.5999755859373,2105.300048828125,33923
2026-07-17 13:15:00,2108.89990234375,2119.89990234375,2086.10009765625,2089.300048828125,9785
2026-07-20 09:15:00,2095.89990234375,2120.0,2060.0,2067.0,10608
2026-07-20 13:15:00,2070.0,2079.89990234375,2050.0,2072.0,4753
2026-07-21 09:15:00,2061.60009765625,2142.0,2055.0,2142.0,17255
2026-07-21 13:15:00,2142.0,2151.0,2115.10009765625,2119.89990234375,15203
2026-07-22 09:15:00,2395.300048828125,2564.5,2367.39990234375,2562.0,1158993
2026-07-22 13:15:00,2556.10009765625,2564.5,2555.60009765625,2564.5,13288
2026-07-23 09:15:00,2650.0,2708.5,2520.0,2569.60009765625,158582
2026-07-23 13:15:00,2569.60009765625,2728.800048828125,2551.0,2704.0,178643
2026-07-24 09:15:00,2646.0,2750.0,2600.5,2721.0,99201
2026-07-24 13:15:00,2721.0,2799.800048828125,2711.300048828125,2769.699951171875,124748
2026-07-27 09:15:00,2714.89990234375,2725.800048828125,2627.300048828125,2689.800048828125,46066
2026-07-27 13:15:00,2690.5,2700.0,2679.89990234375,2687.10009765625,27271
2026-07-28 09:15:00,2682.89990234375,2682.89990234375,2572.199951171875,2615.89990234375,25683
2026-07-28 13:15:00,2619.89990234375,2623.89990234375,2587.699951171875,2614.0,13299
2026-07-29 09:15:00,2613.0,2730.0,2613.0,2683.300048828125,42129
2026-07-29 13:15:00,2684.39990234375,2714.5,2666.5,2683.39990234375,25153
2026-07-30 09:15:00,2679.89990234375,2723.89990234375,2664.60009765625,2682.10009765625,6515
2026-07-30 13:15:00,2675.10009765625,2694.60009765625,2637.5,2650.199951171875,9240
2026-07-31 09:15:00,2636.0,2689.699951171875,2610.10009765625,2650.0,6306
2026-07-31 13:15:00,2653.89990234375,2710.0,2640.0,2696.0,10504
2026-08-03 09:15:00,2709.0,2750.0,2644.699951171875,2717.10009765625,19813
2026-08-03 13:15:00,2718.10009765625,2790.0,2714.10009765625,2750.0,34543
2026-08-04 09:15:00,2784.199951171875,2799.800048828125,2707.0,2756.199951171875,14202
2026-08-04 13:15:00,2756.199951171875,2769.89990234375,2708.0,2708.0,17245
2026-08-05 09:15:00,2759.89990234375,2835.5,2716.300048828125,2812.699951171875,35011
2026-08-05 13:15:00,2810.0,2890.0,2806.39990234375,2873.699951171875,33189
2026-08-06 09:15:00,2869.699951171875,2869.699951171875,2753.10009765625,2774.0,9058
2026-08-06 13:15:00,2773.0,2786.89990234375,2700.10009765625,2763.89990234375,26088
2026-08-07 09:15:00,2834.0,2944.800048828125,2774.199951171875,2911.5,24954
2026-08-07 13:15:00,2906.10009765625,2943.0,2880.5,2931.199951171875,26123
