Datetime,Open,High,Low,Close,Volume
2023-08-28 09:15:00,139.25,143.5,135.89999389648438,139.60000610351562,838723
2023-08-28 13:15:00,139.60000610351562,142.85000610351562,139.1999969482422,141.1999969482422,495524
2023-08-29 09:15:00,142.25,142.4499969482422,135.8000030517578,136.4499969482422,653120
2023-08-29 13:15:00,136.4499969482422,137.35000610351562,134.4499969482422,136.4499969482422,228737
2023-08-30 09:15:00,136.4499969482422,138.89999389648438,134.25,134.6999969482422,300023
2023-08-30 13:15:00,134.75,135.89999389648438,133.5,134.0,209721
2023-08-31 09:15:00,134.0500030517578,136.5,133.8000030517578,135.14999389648438,128222
2023-08-31 13:15:00,135.10000610351562,136.3000030517578,134.8000030517578,135.64999389648438,105955
2023-09-01 09:15:00,136.3000030517578,142.5,135.75,139.14999389648438,407884
2023-09-01 13:15:00,139.0500030517578,139.5,136.8000030517578,137.0,135309
2023-09-04 09:15:00,136.10000610351562,138.35000610351562,135.4499969482422,136.60000610351562,62436
2023-09-04 13:15:00,136.3000030517578,136.89999389648438,135.3000030517578,136.5,105541
2023-09-05 09:15:00,136.6999969482422,139.10000610351562,135.64999389648438,136.39999389648438,92218
2023-09-05 13:15:00,136.3000030517578,139.0,136.10000610351562,137.25,146360
2023-09-06 09:15:00,138.60000610351562,142.25,135.9499969482422,139.39999389648438,294807
2023-09-06 13:15:00,139.1999969482422,140.0500030517578,138.1999969482422,139.5,111764
2023-09-07 09:15:00,139.5,141.64999389648438,137.4499969482422,138.39999389648438,73095
2023-09-07 13:15:00,138.39999389648438,138.75,137.4499969482422,138.4499969482422,144363
2023-09-08 09:15:00,139.1999969482422,140.25,135.3000030517578,137.85000610351562,185096
2023-09-08 13:15:00,138.0,138.75,137.39999389648438,137.89999389648438,98980
2023-09-11 09:15:00,137.85000610351562,140.10000610351562,136.75,137.5,61868
2023-09-11 13:15:00,137.14999389648438,137.60000610351562,137.0,137.14999389648438,117108
2023-09-12 09:15:00,137.3000030517578,138.89999389648438,127.6999969482422,129.25,256426
2023-09-12 13:15:00,130.1999969482422,131.75,128.0,128.64999389648438,107006
2023-09-13 09:15:00,128.14999389648438,130.4499969482422,125.1999969482422,129.14999389648438,84682
2023-09-13 13:15:00,129.14999389648438,131.85000610351562,127.9499969482422,130.85000610351562,120142
2023-09-14 09:15:00,131.89999389648438,135.0,130.75,131.25,87165
2023-09-14 13:15:00,131.4499969482422,132.0,130.0500030517578,130.8000030517578,56427
2023-09-15 09:15:00,131.75,132.5,129.10000610351562,130.1999969482422,49306
2023-09-15 13:15:00,130.0,130.60000610351562,129.0500030517578,129.8000030517578,54798
2023-09-18 09:15:00,129.6999969482422,130.85000610351562,127.4000015258789,127.6999969482422,55690
2023-09-18 13:15:00,127.6500015258789,127.9499969482422,126.3499984741211,126.9000015258789,93704
2023-09-20 09:15:00,126.5,128.3000030517578,124.1999969482422,124.3499984741211,259000
2023-09-20 13:15:00,124.5,125.75,122.9499969482422,123.5500030517578,143870
2023-09-21 09:15:00,123.0,125.8499984741211,122.0500030517578,122.5,83813
2023-09-21 13:15:00,122.3499984741211,124.4000015258789,121.6999969482422,122.1500015258789,61278
2023-09-22 09:15:00,122.0999984741211,146.5500030517578,120.5999984741211,146.5500030517578,2018932
2023-09-22 13:15:00,146.5500030517578,146.5500030517578,146.5500030517578,146.5500030517578,97427
2023-09-25 09:15:00,154.0,166.0,154.0,159.39999389648438,6714844
2023-09-25 13:15:00,159.3000030517578,160.39999389648438,152.75,154.25,1515419
2023-09-26 09:15:00,154.85000610351562,161.10000610351562,152.35000610351562,154.35000610351562,763923
2023-09-26 13:15:00,154.35000610351562,154.9499969482422,153.3000030517578,154.14999389648438,189636
2023-09-27 09:15:00,153.85000610351562,157.35000610351562,153.0500030517578,153.6999969482422,237461
2023-09-27 13:15:00,153.75,159.85000610351562,153.5,159.5,241172
2023-09-28 09:15:00,162.0,173.3000030517578,160.10000610351562,165.6999969482422,2191551
2023-09-28 13:15:00,165.89999389648438,167.1999969482422,163.14999389648438,164.3000030517578,567467
2023-09-29 09:15:00,165.64999389648438,167.89999389648438,162.5,163.5,97940
2023-09-29 13:15:00,163.5500030517578,164.9499969482422,162.14999389648438,163.6999969482422,127121
2023-10-03 09:15:00,164.4499969482422,166.0,162.60000610351562,165.14999389648438,99857
2023-10-03 13:15:00,165.14999389648438,165.9499969482422,164.75,164.9499969482422,89299
2023-10-04 09:15:00,165.0,165.6999969482422,159.9499969482422,160.89999389648438,180749
2023-10-04 13:15:00,160.89999389648438,162.39999389648438,160.64999389648438,161.89999389648438,78270
2023-10-05 09:15:00,163.5,165.0,161.5,163.14999389648438,48255
2023-10-05 13:15:00,163.35000610351562,164.85000610351562,162.14999389648438,163.5500030517578,82681
2023-10-06 09:15:00,163.5500030517578,166.8000030517578,162.75,164.1999969482422,61291
2023-10-06 13:15:00,164.1999969482422,164.39999389648438,163.25,163.9499969482422,68335
2023-10-09 09:15:00,162.5,162.5,158.0,159.14999389648438,60163
2023-10-09 13:15:00,158.75,159.9499969482422,158.64999389648438,158.89999389648438,69555
2023-10-10 09:15:00,160.25,164.0,160.25,162.14999389648438,43712
2023-10-10 13:15:00,162.0,162.10000610351562,160.5,161.14999389648438,62174
2023-10-11 09:15:00,161.75,164.0,160.3000030517578,160.8000030517578,63414
2023-10-11 13:15:00,160.5500030517578,162.75,160.10000610351562,161.89999389648438,50344
2023-10-12 09:15:00,162.0,163.10000610351562,160.6999969482422,161.75,89101
2023-10-12 13:15:00,161.6999969482422,163.10000610351562,159.6999969482422,160.60000610351562,134857
2023-10-13 09:15:00,161.0,162.1999969482422,160.5500030517578,161.1999969482422,35535
2023-10-13 13:15:00,161.25,163.10000610351562,157.9499969482422,158.75,195115
2023-10-16 09:15:00,160.1999969482422,160.1999969482422,155.89999389648438,157.1999969482422,73298
2023-10-16 13:15:00,157.1999969482422,158.0,155.75,156.64999389648438,91471
2023-10-17 09:15:00,156.60000610351562,159.39999389648438,156.4499969482422,156.85000610351562,71851
2023-10-17 13:15:00,157.10000610351562,158.0,156.10000610351562,157.0,45462
2023-10-18 09:15:00,159.8000030517578,160.75,155.64999389648438,158.0,147117
2023-10-18 13:15:00,158.14999389648438,160.10000610351562,158.0500030517578,158.10000610351562,82533
2023-10-19 09:15:00,158.35000610351562,159.64999389648438,157.0500030517578,159.1999969482422,62106
2023-10-19 13:15:00,159.0500030517578,159.1999969482422,157.5,158.35000610351562,33581
2023-10-20 09:15:00,158.3000030517578,168.1999969482422,157.0500030517578,161.75,569694
2023-10-20 13:15:00,161.6999969482422,163.8000030517578,159.0500030517578,161.6999969482422,190154
2023-10-23 09:15:00,168.1999969482422,168.1999969482422,153.0500030517578,154.39999389648438,195575
2023-10-23 13:15:00,154.3000030517578,156.89999389648438,154.0,154.85000610351562,125685
2023-10-25 09:15:00,157.3000030517578,157.9499969482422,153.10000610351562,153.5,218542
2023-10-25 13:15:00,153.10000610351562,157.25,151.5500030517578,156.5,117767
2023-10-26 09:15:00,156.3000030517578,156.3000030517578,151.5,155.5500030517578,92592
2023-10-26 13:15:00,155.5,159.39999389648438,154.75,159.3000030517578,83779
2023-10-27 09:15:00,160.35000610351562,164.75,158.64999389648438,160.1999969482422,89616
2023-10-27 13:15:00,160.4499969482422,163.0,160.35000610351562,162.10000610351562,63036
2023-10-30 09:15:00,163.5,165.6999969482422,159.60000610351562,164.64999389648438,141261
2023-10-30 13:15:00,164.3000030517578,164.6999969482422,161.0,162.0500030517578,83402
2023-10-31 09:15:00,171.8000030517578,173.0,166.89999389648438,168.10000610351562,839461
2023-10-31 13:15:00,168.10000610351562,168.8000030517578,161.1999969482422,163.3000030517578,329712
2023-11-01 09:15:00,163.5,169.89999389648438,162.4499969482422,167.5,156122
2023-11-01 13:15:00,167.10000610351562,167.5,166.0500030517578,166.60000610351562,94812
2023-11-02 09:15:00,168.35000610351562,168.9499969482422,164.10000610351562,165.89999389648438,49505
2023-11-02 13:15:00,165.60000610351562,166.5,165.0,165.89999389648438,43868
2023-11-03 09:15:00,168.39999389648438,168.9499969482422,165.64999389648438,166.39999389648438,39135
2023-11-03 13:15:00,166.39999389648438,167.0,164.39999389648438,166.0,63778
2023-11-06 09:15:00,166.89999389648438,171.39999389648438,165.60000610351562,168.5,359240
2023-11-06 13:15:00,168.0,169.6999969482422,166.14999389648438,167.0500030517578,88072
2023-11-07 09:15:00,166.8000030517578,172.85000610351562,164.60000610351562,167.8000030517578,179073
2023-11-07 13:15:00,167.5,168.3000030517578,165.9499969482422,166.60000610351562,65661
2023-11-08 09:15:00,167.89999389648438,169.5500030517578,166.9499969482422,168.5,60214
2023-11-08 13:15:00,168.4499969482422,170.85000610351562,167.60000610351562,168.85000610351562,140375
2023-11-09 09:15:00,177.8000030517578,194.3000030517578,176.0500030517578,186.0500030517578,6947889
2023-11-09 13:15:00,186.1499938964844,186.25,175.0500030517578,179.1999969482422,2075336
2023-11-10 09:15:00,177.8000030517578,182.25,174.25,174.25,188967
2023-11-10 13:15:00,174.39999389648438,176.9499969482422,172.14999389648438,175.64999389648438,265627
2023-11-13 09:15:00,177.0,178.85000610351562,173.5,173.64999389648438,291897
2023-11-13 13:15:00,173.64999389648438,174.25,172.64999389648438,172.6999969482422,114037
2023-11-15 09:15:00,176.75,176.85000610351562,173.0,173.1999969482422,80254
2023-11-15 13:15:00,173.39999389648438,174.0,172.39999389648438,173.35000610351562,83653
2023-11-16 09:15:00,174.0,176.75,173.14999389648438,175.1999969482422,62315
2023-11-16 13:15:00,175.0500030517578,175.9499969482422,173.8000030517578,174.64999389648438,70432
2023-11-17 09:15:00,173.1999969482422,175.0,172.5500030517578,173.5,45778
2023-11-17 13:15:00,173.6999969482422,174.5,171.64999389648438,173.1999969482422,99008
2023-11-20 09:15:00,174.0,175.64999389648438,170.4499969482422,171.89999389648438,100360
2023-11-20 13:15:00,171.60000610351562,172.5500030517578,171.10000610351562,171.75,58870
2023-11-21 09:15:00,173.0,174.4499969482422,170.60000610351562,171.1999969482422,63713
2023-11-21 13:15:00,171.0500030517578,171.9499969482422,171.0,171.3000030517578,35653
2023-11-22 09:15:00,172.8000030517578,174.14999389648438,170.5500030517578,171.35000610351562,79172
2023-11-22 13:15:00,171.25,172.8000030517578,171.0500030517578,172.64999389648438,51925
2023-11-23 09:15:00,173.0,178.60000610351562,171.85000610351562,172.4499969482422,220262
2023-11-23 13:15:00,172.25,172.9499969482422,171.35000610351562,171.9499969482422,71725
2023-11-24 09:15:00,173.5,174.1999969482422,171.1999969482422,171.9499969482422,47508
2023-11-24 13:15:00,172.0,172.39999389648438,171.4499969482422,171.60000610351562,57670
2023-11-28 09:15:00,173.5,173.60000610351562,171.0500030517578,171.75,33405
2023-11-28 13:15:00,171.5,172.5,171.4499969482422,171.64999389648438,72462
2023-11-29 09:15:00,172.0,174.6999969482422,172.0,172.5,115755
2023-11-29 13:15:00,172.10000610351562,172.9499969482422,171.85000610351562,172.35000610351562,127701
2023-11-30 09:15:00,172.39999389648438,173.5500030517578,171.35000610351562,172.10000610351562,76928
2023-11-30 13:15:00,172.14999389648438,172.3000030517578,171.6999969482422,171.9499969482422,100498
2023-12-01 09:15:00,173.1999969482422,173.64999389648438,171.6999969482422,172.25,43876
2023-12-01 13:15:00,172.25,172.4499969482422,171.89999389648438,172.0,66335
2023-12-04 09:15:00,174.39999389648438,174.39999389648438,171.8000030517578,172.39999389648438,96849
2023-12-04 13:15:00,172.39999389648438,173.0,171.85000610351562,172.39999389648438,42207
2023-12-05 09:15:00,173.0,179.25,171.5,178.14999389648438,315668
2023-12-05 13:15:00,178.25,178.4499969482422,175.60000610351562,177.5,101903
2023-12-06 09:15:00,177.89999389648438,178.39999389648438,174.64999389648438,175.1999969482422,50838
2023-12-06 13:15:00,175.14999389648438,175.8000030517578,174.1999969482422,174.85000610351562,51105
2023-12-07 09:15:00,173.6999969482422,178.0,173.6999969482422,176.0,82027
2023-12-07 13:15:00,175.85000610351562,176.1999969482422,174.89999389648438,175.0,67196
2023-12-08 09:15:00,175.0,177.0,174.89999389648438,175.6999969482422,70819
2023-12-08 13:15:00,175.5500030517578,177.0,175.10000610351562,175.8000030517578,61190
2023-12-11 09:15:00,176.3000030517578,176.85000610351562,174.0,175.4499969482422,38189
2023-12-11 13:15:00,175.1999969482422,176.0,174.64999389648438,175.35000610351562,37553
2023-12-12 09:15:00,175.89999389648438,176.9499969482422,174.10000610351562,174.8000030517578,56333
2023-12-12 13:15:00,174.64999389648438,175.6999969482422,174.25,174.9499969482422,39370
2023-12-13 09:15:00,174.9499969482422,175.89999389648438,173.0,174.1999969482422,56652
2023-12-13 13:15:00,174.0,175.1999969482422,173.8000030517578,174.0,34125
2023-12-14 09:15:00,174.5500030517578,176.4499969482422,173.5,173.5500030517578,30846
2023-12-14 13:15:00,173.5500030517578,175.0,173.0500030517578,173.5500030517578,58172
2023-12-15 09:15:00,174.89999389648438,175.75,172.3000030517578,172.85000610351562,52912
2023-12-15 13:15:00,173.10000610351562,173.10000610351562,169.4499969482422,170.64999389648438,94616
2023-12-18 09:15:00,170.75,171.4499969482422,168.25,171.0500030517578,33434
2023-12-18 13:15:00,171.14999389648438,171.25,170.1999969482422,170.64999389648438,17203
2023-12-19 09:15:00,171.75,171.89999389648438,168.64999389648438,169.75,82343
2023-12-19 13:15:00,169.4499969482422,170.3000030517578,168.85000610351562,169.4499969482422,36520
2023-12-20 09:15:00,170.3000030517578,170.3000030517578,167.1999969482422,167.89999389648438,43051
2023-12-20 13:15:00,167.60000610351562,167.9499969482422,159.0,160.5500030517578,181520
2023-12-21 09:15:00,153.5500030517578,166.60000610351562,153.4499969482422,164.0,44319
2023-12-21 13:15:00,164.60000610351562,165.5,161.0,162.8000030517578,65526
2023-12-22 09:15:00,162.0500030517578,166.5500030517578,162.0500030517578,162.75,29288
2023-12-22 13:15:00,162.5500030517578,165.9499969482422,161.3000030517578,164.0,78048
2023-12-26 09:15:00,165.89999389648438,166.39999389648438,161.5,162.4499969482422,84708
2023-12-26 13:15:00,162.6999969482422,163.5,162.0,162.8000030517578,30704
2023-12-27 09:15:00,163.85000610351562,165.89999389648438,162.9499969482422,163.3000030517578,33943
2023-12-27 13:15:00,163.3000030517578,164.0,162.0500030517578,163.4499969482422,24983
2023-12-28 09:15:00,164.35000610351562,165.35000610351562,161.89999389648438,162.64999389648438,20940
2023-12-28 13:15:00,163.8000030517578,166.1999969482422,162.85000610351562,164.35000610351562,64761
2023-12-29 09:15:00,163.5500030517578,164.4499969482422,161.64999389648438,162.35000610351562,57605
2023-12-29 13:15:00,162.60000610351562,162.64999389648438,154.5,158.5,151807
2024-01-01 09:15:00,157.5,163.25,157.4499969482422,160.8000030517578,27780
2024-01-01 13:15:00,160.8000030517578,162.0,160.0,160.39999389648438,69842
2024-01-02 09:15:00,163.75,168.5,159.5,165.4499969482422,158234
2024-01-02 13:15:00,165.64999389648438,173.89999389648438,165.64999389648438,171.9499969482422,436176
2024-01-03 09:15:00,170.5,175.60000610351562,168.39999389648438,173.14999389648438,214562
2024-01-03 13:15:00,173.1999969482422,174.5500030517578,172.5,173.25,96130
2024-01-04 09:15:00,172.85000610351562,174.35000610351562,172.0,172.89999389648438,37780
2024-01-04 13:15:00,172.85000610351562,173.0500030517578,171.9499969482422,172.4499969482422,44785
2024-01-05 09:15:00,172.0,175.3000030517578,170.5,171.4499969482422,101576
2024-01-05 13:15:00,171.5,171.5,167.4499969482422,171.0,68100
2024-01-08 09:15:00,171.3000030517578,171.8000030517578,166.6999969482422,167.5,45332
2024-01-08 13:15:00,167.4499969482422,167.75,166.35000610351562,166.85000610351562,43815
2024-01-09 09:15:00,169.8000030517578,169.8000030517578,166.35000610351562,166.85000610351562,34739
2024-01-09 13:15:00,166.75,167.14999389648438,164.6999969482422,165.1999969482422,45272
2024-01-10 09:15:00,164.3000030517578,170.89999389648438,162.35000610351562,166.35000610351562,136567
2024-01-10 13:15:00,166.6999969482422,167.89999389648438,165.6999969482422,166.6999969482422,35406
2024-01-11 09:15:00,167.25,169.85000610351562,166.0,168.4499969482422,34766
2024-01-11 13:15:00,168.39999389648438,169.85000610351562,167.5500030517578,168.8000030517578,28357
2024-01-12 09:15:00,170.0,170.0500030517578,167.0,168.3000030517578,37434
2024-01-12 13:15:00,168.1999969482422,169.64999389648438,167.8000030517578,168.5500030517578,21461
2024-01-15 09:15:00,169.14999389648438,169.85000610351562,164.5,165.39999389648438,42871
2024-01-15 13:15:00,165.35000610351562,165.39999389648438,164.0,164.39999389648438,38981
2024-01-16 09:15:00,164.64999389648438,166.0,162.0500030517578,162.6999969482422,40029
2024-01-16 13:15:00,162.39999389648438,164.64999389648438,160.5,163.1999969482422,40470
2024-01-17 09:15:00,159.0,163.39999389648438,158.85000610351562,160.5,82327
2024-01-17 13:15:00,160.5500030517578,161.5,159.1999969482422,160.25,34164
2024-01-18 09:15:00,162.89999389648438,163.39999389648438,156.25,159.75,33446
2024-01-18 13:15:00,159.85000610351562,161.85000610351562,159.14999389648438,160.85000610351562,25791
2024-01-19 09:15:00,161.0,162.60000610351562,160.0500030517578,161.60000610351562,47339
2024-01-19 13:15:00,161.3000030517578,162.89999389648438,161.0,162.14999389648438,22275
2024-01-23 09:15:00,164.64999389648438,166.1999969482422,160.4499969482422,161.25,110888
2024-01-23 13:15:00,161.25,161.89999389648438,157.60000610351562,158.4499969482422,47052
2024-01-24 09:15:00,158.0,169.5,156.60000610351562,167.14999389648438,300725
2024-01-24 13:15:00,167.0500030517578,168.4499969482422,165.9499969482422,166.60000610351562,77793
2024-01-25 09:15:00,169.3000030517578,172.75,168.0,171.4499969482422,142076
2024-01-25 13:15:00,171.75,172.5500030517578,168.64999389648438,169.8000030517578,89465
2024-01-29 09:15:00,170.89999389648438,171.9499969482422,166.0,167.25,83428
2024-01-29 13:15:00,167.0500030517578,168.39999389648438,166.3000030517578,166.85000610351562,75252
2024-01-30 09:15:00,171.6999969482422,172.10000610351562,164.9499969482422,165.0500030517578,124056
2024-01-30 13:15:00,164.9499969482422,165.89999389648438,164.0,165.14999389648438,79434
2024-01-31 09:15:00,165.35000610351562,166.10000610351562,160.8000030517578,161.39999389648438,110675
2024-01-31 13:15:00,161.39999389648438,161.9499969482422,160.25,161.39999389648438,75755
2024-02-01 09:15:00,163.75,163.75,157.25,158.39999389648438,101621
2024-02-01 13:15:00,158.39999389648438,158.5500030517578,155.60000610351562,156.39999389648438,68972
2024-02-02 09:15:00,158.10000610351562,160.6999969482422,156.25,157.25,129446
2024-02-02 13:15:00,157.35000610351562,158.0,156.5,157.64999389648438,48120
2024-02-05 09:15:00,160.8000030517578,161.0500030517578,157.75,159.10000610351562,57870
2024-02-05 13:15:00,158.9499969482422,159.75,157.75,159.10000610351562,46529
2024-02-06 09:15:00,161.0,161.0,157.25,157.75,37318
2024-02-06 13:15:00,157.75,159.14999389648438,156.75,157.75,50857
2024-02-07 09:15:00,157.0,160.6999969482422,157.0,158.39999389648438,41557
2024-02-07 13:15:00,158.6999969482422,159.0,156.5,157.10000610351562,40370
2024-02-08 09:15:00,158.9499969482422,158.9499969482422,156.35000610351562,157.64999389648438,37332
2024-02-08 13:15:00,157.6999969482422,164.0,157.0,160.10000610351562,49579
2024-02-09 09:15:00,162.10000610351562,163.4499969482422,157.3000030517578,158.35000610351562,49093
2024-02-09 13:15:00,158.60000610351562,160.85000610351562,158.0500030517578,158.5,54228
2024-02-12 09:15:00,160.39999389648438,160.39999389648438,152.0500030517578,154.1999969482422,51502
2024-02-12 13:15:00,154.0500030517578,158.0500030517578,153.9499969482422,157.0,45594
2024-02-13 09:15:00,157.1999969482422,157.1999969482422,151.75,152.8000030517578,24673
2024-02-13 13:15:00,152.6999969482422,155.8000030517578,152.64999389648438,154.9499969482422,25817
2024-02-14 09:15:00,151.1999969482422,154.9499969482422,150.14999389648438,152.1999969482422,40889
2024-02-14 13:15:00,152.5500030517578,153.6999969482422,151.1999969482422,153.0500030517578,43823
2024-02-15 09:15:00,154.39999389648438,156.10000610351562,153.14999389648438,155.14999389648438,24004
2024-02-15 13:15:00,155.10000610351562,155.89999389648438,154.0500030517578,155.10000610351562,14193
2024-02-16 09:15:00,156.3000030517578,157.25,154.0500030517578,154.60000610351562,35911
2024-02-16 13:15:00,154.9499969482422,155.10000610351562,153.3000030517578,154.5,27616
2024-02-19 09:15:00,154.5500030517578,156.9499969482422,154.35000610351562,156.0,19061
2024-02-19 13:15:00,156.3000030517578,156.4499969482422,155.0,155.25,18102
2024-02-20 09:15:00,155.25,164.8000030517578,155.25,162.75,225102
2024-02-20 13:15:00,162.4499969482422,164.5,161.5500030517578,163.64999389648438,95287
2024-02-21 09:15:00,163.5500030517578,165.64999389648438,161.25,163.14999389648438,56942
2024-02-21 13:15:00,163.3000030517578,163.85000610351562,160.6999969482422,161.85000610351562,55383
2024-02-22 09:15:00,163.0,164.6999969482422,158.0,159.0500030517578,13156
2024-02-22 13:15:00,159.3000030517578,159.6999969482422,158.5500030517578,159.1999969482422,15341
2024-02-23 09:15:00,159.0,162.39999389648438,158.39999389648438,159.3000030517578,26538
2024-02-23 13:15:00,159.0,159.8000030517578,158.0,158.39999389648438,21464
2024-02-26 09:15:00,159.3000030517578,162.89999389648438,159.3000030517578,160.64999389648438,26923
2024-02-26 13:15:00,160.75,160.8000030517578,158.8000030517578,159.9499969482422,35281
2024-02-27 09:15:00,159.6999969482422,160.64999389648438,157.1999969482422,157.5,21050
2024-02-27 13:15:00,157.5500030517578,158.5500030517578,156.0,157.64999389648438,27373
2024-02-28 09:15:00,156.5,157.5,152.0500030517578,152.6999969482422,35526
2024-02-28 13:15:00,152.6999969482422,154.9499969482422,152.10000610351562,152.85000610351562,27917
2024-02-29 09:15:00,153.25,153.64999389648438,148.60000610351562,150.10000610351562,30609
2024-02-29 13:15:00,150.6999969482422,152.14999389648438,150.39999389648438,151.60000610351562,25138
2024-03-01 09:15:00,152.35000610351562,158.35000610351562,152.35000610351562,157.0500030517578,57347
2024-03-01 13:15:00,157.10000610351562,158.6999969482422,156.64999389648438,157.3000030517578,41394
2024-03-04 09:15:00,158.35000610351562,158.5,154.0500030517578,154.8000030517578,32771
2024-03-04 13:15:00,155.0,155.25,153.85000610351562,154.75,23286
2024-03-05 09:15:00,155.0,155.4499969482422,143.0500030517578,143.9499969482422,355081
2024-03-05 13:15:00,143.9499969482422,145.0,142.25,143.0500030517578,135948
2024-03-06 09:15:00,143.0500030517578,147.6999969482422,141.0500030517578,142.10000610351562,81222
2024-03-06 13:15:00,142.0,144.35000610351562,140.4499969482422,141.14999389648438,56801
2024-03-07 09:15:00,144.35000610351562,145.39999389648438,143.10000610351562,144.85000610351562,19329
2024-03-07 13:15:00,144.89999389648438,144.89999389648438,142.0500030517578,144.39999389648438,47369
2024-03-11 09:15:00,142.0,143.5,137.9499969482422,139.39999389648438,56137
2024-03-11 13:15:00,139.4499969482422,139.4499969482422,136.10000610351562,138.75,40278
2024-03-12 09:15:00,137.85000610351562,139.8000030517578,131.39999389648438,132.4499969482422,71104
2024-03-12 13:15:00,132.5500030517578,134.89999389648438,131.0500030517578,131.8000030517578,67720
2024-03-13 09:15:00,130.9499969482422,136.75,124.4000015258789,127.9000015258789,92102
2024-03-13 13:15:00,127.5,127.5,122.8000030517578,124.9000015258789,101323
2024-03-14 09:15:00,125.5500030517578,130.8000030517578,121.6500015258789,127.5999984741211,75259
2024-03-14 13:15:00,127.6999969482422,128.5,127.0,127.8499984741211,46690
2024-03-15 09:15:00,128.0,131.6999969482422,127.5999984741211,128.1999969482422,37297
2024-03-15 13:15:00,128.1999969482422,131.4499969482422,128.0,130.10000610351562,49777
2024-03-18 09:15:00,131.0,132.35000610351562,128.75,130.5,38757
2024-03-18 13:15:00,130.5,132.25,130.5,131.39999389648438,56171
2024-03-19 09:15:00,131.4499969482422,132.25,129.39999389648438,129.6999969482422,43253
2024-03-19 13:15:00,129.60000610351562,130.1999969482422,128.0,128.89999389648438,47892
2024-03-20 09:15:00,128.10000610351562,131.6999969482422,127.0999984741211,127.75,25044
2024-03-20 13:15:00,127.9499969482422,127.9499969482422,125.0,125.8499984741211,38274
2024-03-21 09:15:00,128.5500030517578,131.64999389648438,128.5500030517578,130.0,24795
2024-03-21 13:15:00,130.10000610351562,131.0,129.8000030517578,130.75,35182
2024-03-22 09:15:00,131.39999389648438,132.25,130.5,131.85000610351562,36495
2024-03-22 13:15:00,131.64999389648438,132.8000030517578,131.0,131.64999389648438,45103
2024-03-26 09:15:00,131.64999389648438,134.1999969482422,131.5,132.89999389648438,41430
2024-03-26 13:15:00,132.3000030517578,132.5500030517578,128.5,130.0500030517578,100503
2024-03-27 09:15:00,130.0500030517578,135.0,130.0500030517578,133.75,55822
2024-03-27 13:15:00,133.8000030517578,134.89999389648438,132.39999389648438,133.10000610351562,72051
2024-03-28 09:15:00,133.3000030517578,134.8000030517578,130.60000610351562,132.10000610351562,58637
2024-03-28 13:15:00,131.8000030517578,131.85000610351562,127.0,128.5,82870
2024-04-01 09:15:00,130.4499969482422,137.89999389648438,130.4499969482422,137.85000610351562,53495
2024-04-01 13:15:00,137.85000610351562,141.0,137.75,139.10000610351562,73194
2024-04-02 09:15:00,140.3000030517578,140.3000030517578,137.39999389648438,138.25,35428
2024-04-02 13:15:00,138.39999389648438,142.0,137.89999389648438,141.3000030517578,46670
2024-04-03 09:15:00,142.0,145.0,140.6999969482422,144.0,58713
2024-04-03 13:15:00,144.0,144.6999969482422,142.8000030517578,143.35000610351562,37936
2024-04-04 09:15:00,144.10000610351562,145.5,143.14999389648438,143.39999389648438,35345
2024-04-04 13:15:00,143.14999389648438,144.0,141.8000030517578,142.9499969482422,22057
2024-04-05 09:15:00,142.0,143.9499969482422,142.0,143.0,16169
2024-04-05 13:15:00,142.89999389648438,144.5,142.25,143.75,37680
2024-04-08 09:15:00,143.0500030517578,144.39999389648438,139.75,143.10000610351562,53775
2024-04-08 13:15:00,143.10000610351562,143.10000610351562,141.5,141.6999969482422,18816
2024-04-09 09:15:00,142.39999389648438,146.0,141.60000610351562,145.0500030517578,70623
2024-04-09 13:15:00,145.0,151.0,145.0,149.0,168247
2024-04-10 09:15:00,150.10000610351562,156.10000610351562,147.60000610351562,155.64999389648438,231825
2024-04-10 13:15:00,155.5,157.5,154.0,154.8000030517578,120366
2024-04-12 09:15:00,154.10000610351562,154.14999389648438,151.75,152.5,29279
2024-04-12 13:15:00,152.75,152.85000610351562,150.25,151.8000030517578,48742
2024-04-15 09:15:00,147.0,154.4499969482422,142.9499969482422,152.8000030517578,116816
2024-04-15 13:15:00,152.75,153.6999969482422,150.0,150.14999389648438,86125
2024-04-16 09:15:00,149.0,152.89999389648438,149.0,150.6999969482422,47640
2024-04-16 13:15:00,150.5,153.4499969482422,150.5,152.35000610351562,56366
2024-04-18 09:15:00,152.9499969482422,154.0,151.60000610351562,152.39999389648438,25710
2024-04-18 13:15:00,152.39999389648438,152.9499969482422,150.1999969482422,151.64999389648438,57502
2024-04-19 09:15:00,150.39999389648438,153.5500030517578,150.0,150.89999389648438,23319
2024-04-19 13:15:00,150.75,151.5,150.10000610351562,151.0,25398
2024-04-22 09:15:00,151.8000030517578,154.39999389648438,151.60000610351562,152.89999389648438,29670
2024-04-22 13:15:00,152.89999389648438,153.0,151.9499969482422,152.35000610351562,15206
2024-04-23 09:15:00,152.9499969482422,155.9499969482422,152.5,152.75,53061
2024-04-23 13:15:00,152.64999389648438,153.25,151.5,152.0500030517578,43979
2024-04-24 09:15:00,152.4499969482422,156.0,152.4499969482422,154.39999389648438,63089
2024-04-24 13:15:00,154.39999389648438,155.5,153.1999969482422,154.10000610351562,27918
2024-04-25 09:15:00,153.0,155.0,152.5,154.5,20840
2024-04-25 13:15:00,154.0,154.9499969482422,153.5,153.85000610351562,18857
2024-04-26 09:15:00,154.10000610351562,154.5500030517578,151.0500030517578,152.25,49251
2024-04-26 13:15:00,152.25,152.5,151.0,152.1999969482422,24661
2024-04-29 09:15:00,153.64999389648438,154.3000030517578,148.0,151.5,43005
2024-04-29 13:15:00,151.5,151.8000030517578,150.0,150.4499969482422,38452
2024-04-30 09:15:00,150.4499969482422,152.75,149.10000610351562,151.5,51910
2024-04-30 13:15:00,151.8000030517578,152.1999969482422,150.0,150.10000610351562,29358
2024-05-02 09:15:00,149.5500030517578,160.3000030517578,149.5500030517578,157.0,145475
2024-05-02 13:15:00,156.8000030517578,159.0,156.14999389648438,159.0,85649
2024-05-03 09:15:00,159.4499969482422,165.9499969482422,159.4499969482422,161.6999969482422,227811
2024-05-03 13:15:00,162.0,165.0,161.75,164.0,167810
2024-05-06 09:15:00,164.0500030517578,165.75,157.75,159.85000610351562,36298
2024-05-06 13:15:00,159.85000610351562,160.35000610351562,158.0,159.0,53709
2024-05-07 09:15:00,159.0,159.60000610351562,151.64999389648438,152.60000610351562,103662
2024-05-07 13:15:00,152.3000030517578,154.4499969482422,151.9499969482422,152.39999389648438,28446
2024-05-08 09:15:00,152.14999389648438,156.35000610351562,151.0500030517578,155.0500030517578,18571
2024-05-08 13:15:00,155.0,156.75,153.5500030517578,154.39999389648438,43859
2024-05-09 09:15:00,155.1999969482422,155.1999969482422,149.1999969482422,149.64999389648438,30489
2024-05-09 13:15:00,149.60000610351562,151.75,149.25,150.39999389648438,94183
2024-05-10 09:15:00,149.0,153.89999389648438,149.0,152.3000030517578,25674
2024-05-10 13:15:00,152.0500030517578,153.5,150.5,151.39999389648438,34863
2024-05-13 09:15:00,153.64999389648438,155.1999969482422,148.85000610351562,154.14999389648438,54818
2024-05-13 13:15:00,154.1999969482422,155.0,151.35000610351562,152.85000610351562,39413
2024-05-14 09:15:00,150.10000610351562,152.5,143.35000610351562,144.75,291264
2024-05-14 13:15:00,144.4499969482422,145.5,142.1999969482422,144.0,121232
2024-05-15 09:15:00,146.0,148.60000610351562,145.0500030517578,146.75,40676
2024-05-15 13:15:00,146.39999389648438,147.0,145.0500030517578,145.9499969482422,24094
2024-05-16 09:15:00,146.6999969482422,147.6999969482422,143.8000030517578,144.0,62398
2024-05-16 13:15:00,144.25,145.0,143.64999389648438,144.85000610351562,25337
2024-05-17 09:15:00,145.0,146.3000030517578,144.0,145.3000030517578,28020
2024-05-17 13:15:00,144.8000030517578,145.60000610351562,144.0500030517578,144.4499969482422,35460
2024-05-21 09:15:00,146.89999389648438,146.89999389648438,139.0,140.5,85978
2024-05-21 13:15:00,140.5,141.89999389648438,140.0,141.0500030517578,59282
2024-05-22 09:15:00,141.8000030517578,144.39999389648438,140.1999969482422,143.35000610351562,18871
2024-05-22 13:15:00,143.35000610351562,143.39999389648438,142.10000610351562,142.8000030517578,18678
2024-05-23 09:15:00,142.10000610351562,143.5500030517578,141.5,142.75,35216
2024-05-23 13:15:00,142.75,143.3000030517578,142.3000030517578,142.85000610351562,10964
2024-05-24 09:15:00,142.85000610351562,143.60000610351562,137.60000610351562,139.4499969482422,94807
2024-05-24 13:15:00,139.5,140.0,138.0500030517578,138.60000610351562,34662
2024-05-27 09:15:00,140.0500030517578,141.0,135.8000030517578,137.5,9817
2024-05-27 13:15:00,137.39999389648438,138.10000610351562,136.64999389648438,137.10000610351562,20635
2024-05-28 09:15:00,137.75,138.25,135.0,135.5,21631
2024-05-28 13:15:00,135.64999389648438,136.4499969482422,134.0,134.1999969482422,23652
2024-05-29 09:15:00,135.60000610351562,137.1999969482422,134.0,135.60000610351562,19640
2024-05-29 13:15:00,135.60000610351562,136.35000610351562,134.6999969482422,134.6999969482422,13250
2024-05-30 09:15:00,135.5500030517578,136.6999969482422,132.5,133.0500030517578,19969
2024-05-30 13:15:00,133.10000610351562,134.1999969482422,131.60000610351562,132.39999389648438,33158
2024-05-31 09:15:00,134.0,135.5500030517578,131.14999389648438,132.0500030517578,45356
2024-05-31 13:15:00,132.0,135.85000610351562,131.85000610351562,134.1999969482422,38824
2024-06-03 09:15:00,138.85000610351562,138.85000610351562,134.5500030517578,136.3000030517578,37737
2024-06-03 13:15:00,136.39999389648438,136.5,134.35000610351562,134.89999389648438,23924
2024-06-04 09:15:00,134.89999389648438,134.9499969482422,116.5,127.5500030517578,79285
2024-06-04 13:15:00,128.0,135.10000610351562,125.1999969482422,126.0,56002
2024-06-05 09:15:00,129.4499969482422,133.14999389648438,124.0999984741211,132.89999389648438,29607
2024-06-05 13:15:00,132.85000610351562,137.4499969482422,132.5,135.75,27079
2024-06-06 09:15:00,136.10000610351562,139.0,135.35000610351562,136.14999389648438,31381
2024-06-06 13:15:00,136.0,137.0,135.39999389648438,136.35000610351562,19051
2024-06-07 09:15:00,136.5500030517578,140.35000610351562,135.85000610351562,137.9499969482422,33498
2024-06-07 13:15:00,137.64999389648438,139.0,137.0500030517578,138.75,31999
2024-06-10 09:15:00,141.89999389648438,149.8000030517578,141.10000610351562,145.5399932861328,109390
2024-06-10 13:15:00,145.99000549316406,147.0,144.5,145.3300018310547,47729
2024-06-11 09:15:00,146.13999938964844,148.38999938964844,143.38999938964844,145.41000366210938,51045
2024-06-11 13:15:00,145.7899932861328,146.97999572753906,144.5,145.63999938964844,33064
2024-06-12 09:15:00,146.39999389648438,147.1199951171875,144.5500030517578,145.0,19205
2024-06-12 13:15:00,145.25,145.25,142.89999389648438,144.11000061035156,24117
2024-06-13 09:15:00,144.92999267578125,145.6300048828125,143.0,143.4499969482422,12556
2024-06-13 13:15:00,143.50999450683594,143.82000732421875,142.9499969482422,143.10000610351562,10184
2024-06-14 09:15:00,143.52000427246094,144.42999267578125,142.1999969482422,143.42999267578125,31135
2024-06-14 13:15:00,143.6199951171875,144.1999969482422,142.1999969482422,143.6999969482422,31486
2024-06-18 09:15:00,143.75,145.75,142.66000366210938,144.0,22949
2024-06-18 13:15:00,144.1999969482422,144.22999572753906,143.0,143.4499969482422,18226
2024-06-19 09:15:00,143.89999389648438,144.49000549316406,141.61000061035156,142.5,27112
2024-06-19 13:15:00,142.4600067138672,143.99000549316406,140.8000030517578,141.4499969482422,24576
2024-06-20 09:15:00,142.89999389648438,146.83999633789062,142.1199951171875,145.85000610351562,55971
2024-06-20 13:15:00,145.80999755859375,147.0,143.35000610351562,144.5800018310547,49896
2024-06-21 09:15:00,145.0,154.14999389648438,144.66000366210938,151.41000366210938,111728
2024-06-21 13:15:00,151.41000366210938,153.9499969482422,150.22000122070312,153.9499969482422,84539
2024-06-24 09:15:00,152.6999969482422,152.6999969482422,148.47000122070312,150.4199981689453,29498
2024-06-24 13:15:00,150.4499969482422,150.7899932861328,149.5,150.1699981689453,15543
2024-06-25 09:15:00,150.14999389648438,163.6999969482422,150.14999389648438,160.39999389648438,738744
2024-06-25 13:15:00,160.39999389648438,161.0,155.5500030517578,156.8800048828125,268002
2024-06-26 09:15:00,156.89999389648438,160.3800048828125,154.67999267578125,156.77000427246094,104953
2024-06-26 13:15:00,156.75999450683594,160.10000610351562,156.5500030517578,158.9199981689453,78816
2024-06-27 09:15:00,158.64999389648438,160.49000549316406,154.35000610351562,154.61000061035156,59387
2024-06-27 13:15:00,154.64999389648438,154.88999938964844,150.3800048828125,151.6699981689453,82157
2024-06-28 09:15:00,154.38999938964844,154.6199951171875,150.0,150.7100067138672,31121
2024-06-28 13:15:00,150.7100067138672,150.7100067138672,149.13999938964844,149.61000061035156,33440
2024-07-01 09:15:00,150.39999389648438,152.5399932861328,150.38999938964844,151.4499969482422,44548
2024-07-01 13:15:00,151.1699981689453,153.7899932861328,151.1699981689453,152.6999969482422,38927
2024-07-02 09:15:00,154.39999389648438,154.39999389648438,148.39999389648438,149.25,61071
2024-07-02 13:15:00,149.47000122070312,151.1999969482422,149.25,150.3800048828125,30862
2024-07-03 09:15:00,151.3000030517578,152.2899932861328,149.6999969482422,151.13999938964844,20905
2024-07-03 13:15:00,150.9199981689453,151.38999938964844,150.1300048828125,150.44000244140625,16665
2024-07-04 09:15:00,151.1999969482422,157.8800048828125,150.6999969482422,153.3000030517578,117973
2024-07-04 13:15:00,153.35000610351562,154.10000610351562,150.61000061035156,151.00999450683594,69782
2024-07-05 09:15:00,151.83999633789062,154.10000610351562,150.0,152.0,37167
2024-07-05 13:15:00,152.24000549316406,152.24000549316406,150.60000610351562,151.0,42731
2024-07-08 09:15:00,151.5,153.16000366210938,150.1999969482422,151.1199951171875,25609
2024-07-08 13:15:00,150.80999755859375,151.0,148.49000549316406,148.80999755859375,23820
2024-07-09 09:15:00,149.60000610351562,154.14999389648438,149.60000610351562,152.47000122070312,141459
2024-07-09 13:15:00,152.3699951171875,153.8800048828125,151.11000061035156,151.86000061035156,34335
2024-07-10 09:15:00,152.49000549316406,152.5,148.1199951171875,149.2100067138672,54662
2024-07-10 13:15:00,149.22000122070312,150.47000122070312,149.22000122070312,149.92999267578125,16468
2024-07-11 09:15:00,153.92999267578125,153.92999267578125,148.60000610351562,150.9499969482422,36209
2024-07-11 13:15:00,150.9499969482422,151.13999938964844,149.1999969482422,149.72000122070312,25414
2024-07-12 09:15:00,151.0,151.57000732421875,149.91000366210938,150.22000122070312,36651
2024-07-12 13:15:00,150.22000122070312,150.22000122070312,148.5,149.0399932861328,12743
2024-07-15 09:15:00,149.69000244140625,150.05999755859375,147.83999633789062,148.3000030517578,47303
2024-07-15 13:15:00,148.5,148.92999267578125,147.6999969482422,148.0,27072
2024-07-16 09:15:00,148.39999389648438,151.3800048828125,148.39999389648438,149.88999938964844,52894
2024-07-16 13:15:00,149.8800048828125,150.49000549316406,149.5,149.61000061035156,18360
2024-07-18 09:15:00,149.61000061035156,150.0,146.11000061035156,146.82000732421875,56634
2024-07-18 13:15:00,146.85000610351562,147.5,146.5500030517578,146.7899932861328,35526
2024-07-19 09:15:00,146.99000549316406,148.24000549316406,143.10000610351562,144.33999633789062,32959
2024-07-19 13:15:00,144.1199951171875,144.74000549316406,142.19000244140625,143.00999450683594,58391
2024-07-22 09:15:00,140.00999450683594,144.97000122070312,140.00999450683594,143.1999969482422,32247
2024-07-22 13:15:00,143.1999969482422,146.0,142.50999450683594,145.1999969482422,51024
2024-07-23 09:15:00,147.33999633789062,147.33999633789062,139.52999877929688,142.6999969482422,69400
2024-07-23 13:15:00,142.80999755859375,145.60000610351562,142.6199951171875,145.24000549316406,34194
2024-07-24 09:15:00,146.14999389648438,148.52999877929688,145.9499969482422,146.5,16366
2024-07-24 13:15:00,146.35000610351562,147.6999969482422,146.02000427246094,146.5,49903
2024-07-25 09:15:00,147.14999389648438,149.61000061035156,146.02000427246094,148.4600067138672,27677
2024-07-25 13:15:00,148.4199981689453,152.27999877929688,147.8800048828125,151.75999450683594,72189
2024-07-26 09:15:00,153.5,158.0,150.5,153.02000427246094,328283
2024-07-26 13:15:00,153.02000427246094,154.99000549316406,150.0,150.6300048828125,50702
2024-07-29 09:15:00,152.89999389648438,152.94000244140625,150.33999633789062,151.60000610351562,55275
2024-07-29 13:15:00,151.55999755859375,152.9199981689453,149.58999633789062,150.25,36693
2024-07-30 09:15:00,150.25,151.5,150.00999450683594,150.5500030517578,12755
2024-07-30 13:15:00,150.67999267578125,151.0500030517578,150.00999450683594,150.4499969482422,15628
2024-07-31 09:15:00,150.14999389648438,152.44000244140625,148.08999633789062,149.24000549316406,40881
2024-07-31 13:15:00,149.24000549316406,149.24000549316406,147.5,147.72000122070312,15223
2024-08-01 09:15:00,149.5,149.5800018310547,145.99000549316406,146.5800018310547,69509
2024-08-01 13:15:00,146.77999877929688,147.00999450683594,144.6699981689453,146.0,40309
2024-08-02 09:15:00,145.0,148.60000610351562,144.13999938964844,145.4199981689453,50509
2024-08-02 13:15:00,145.0,145.75,144.1999969482422,144.6999969482422,14216
2024-08-05 09:15:00,140.4199981689453,140.99000549316406,136.5,137.6300048828125,55211
2024-08-05 13:15:00,137.66000366210938,139.14999389648438,135.30999755859375,136.92999267578125,68974
2024-08-06 09:15:00,139.9600067138672,145.6300048828125,138.89999389648438,140.6699981689453,12408
2024-08-06 13:15:00,140.32000732421875,140.63999938964844,138.89999389648438,139.3800048828125,9510
2024-08-07 09:15:00,141.4499969482422,150.47999572753906,139.55999755859375,147.55999755859375,160003
2024-08-07 13:15:00,147.58999633789062,150.0,145.33999633789062,148.38999938964844,10803
2024-08-08 09:15:00,149.1999969482422,149.1999969482422,143.60000610351562,143.8000030517578,32642
2024-08-08 13:15:00,143.60000610351562,144.17999267578125,143.0,143.9199981689453,9544
2024-08-09 09:15:00,144.35000610351562,146.97999572753906,144.27000427246094,144.4600067138672,16869
2024-08-09 13:15:00,144.1699981689453,146.17999267578125,144.0,145.61000061035156,16394
2024-08-12 09:15:00,145.0,145.5,142.16000366210938,142.5,13034
2024-08-12 13:15:00,142.5,143.17999267578125,141.5,141.8800048828125,17706
2024-08-13 09:15:00,142.8000030517578,143.14999389648438,141.02999877929688,141.92999267578125,9948
2024-08-13 13:15:00,141.6999969482422,143.0,140.60000610351562,143.0,16919
2024-08-14 09:15:00,142.0,142.0,138.02000427246094,139.0500030517578,18811
2024-08-14 13:15:00,138.72999572753906,142.24000549316406,138.50999450683594,139.5,41294
2024-08-16 09:15:00,139.8000030517578,142.5,139.8000030517578,142.13999938964844,17799
2024-08-16 13:15:00,142.47999572753906,143.0,141.1999969482422,142.27000427246094,12306
2024-08-19 09:15:00,140.39999389648438,145.77000427246094,140.39999389648438,145.00999450683594,22257
2024-08-19 13:15:00,145.0,145.5399932861328,145.0,145.1199951171875,10076
2024-08-20 09:15:00,143.6999969482422,145.99000549316406,141.91000366210938,142.64999389648438,41443
2024-08-20 13:15:00,142.6999969482422,143.27999877929688,142.39999389648438,142.5500030517578,4676
2024-08-21 09:15:00,145.97999572753906,149.0,143.41000366210938,144.1699981689453,31899
2024-08-21 13:15:00,144.1999969482422,144.60000610351562,142.50999450683594,143.30999755859375,20779
2024-08-22 09:15:00,144.3000030517578,146.69000244140625,144.3000030517578,145.5399932861328,11778
2024-08-22 13:15:00,145.52999877929688,145.52999877929688,144.0,144.4600067138672,11762
2024-08-23 09:15:00,145.1999969482422,145.8000030517578,143.9499969482422,144.6699981689453,22775
2024-08-23 13:15:00,144.5,145.0,144.10000610351562,144.6999969482422,12182
2024-08-26 09:15:00,144.7100067138672,146.30999755859375,144.0800018310547,144.9499969482422,45157
2024-08-26 13:15:00,144.9499969482422,145.63999938964844,144.00999450683594,144.64999389648438,12878
2024-08-27 09:15:00,145.3000030517578,152.0,144.10000610351562,151.47000122070312,109575
2024-08-27 13:15:00,151.1300048828125,152.0,150.5,151.27000427246094,124121
2024-08-28 09:15:00,151.0,152.89999389648438,148.60000610351562,151.00999450683594,40506
2024-08-28 13:15:00,151.27999877929688,151.42999267578125,150.0,150.0,24822
2024-08-29 09:15:00,149.5,150.42999267578125,146.66000366210938,147.63999938964844,22108
2024-08-29 13:15:00,147.32000732421875,147.75,145.63999938964844,146.83999633789062,17635
2024-08-30 09:15:00,148.0,149.0,145.47999572753906,147.49000549316406,15633
2024-08-30 13:15:00,147.5,148.35000610351562,145.0,145.75,44823
2024-09-02 09:15:00,146.5,153.14999389648438,143.7100067138672,144.27000427246094,35016
2024-09-02 13:15:00,144.49000549316406,144.8000030517578,144.0500030517578,144.5399932861328,9523
2024-09-03 09:15:00,145.3000030517578,145.92999267578125,141.5,142.33999633789062,45935
2024-09-03 13:15:00,142.25,142.4600067138672,141.5,141.6300048828125,26938
2024-09-04 09:15:00,140.89999389648438,143.47000122070312,140.66000366210938,142.30999755859375,16553
2024-09-04 13:15:00,142.35000610351562,142.6999969482422,141.0,141.69000244140625,8292
2024-09-05 09:15:00,142.36000061035156,142.99000549316406,140.9499969482422,141.6699981689453,39750
2024-09-05 13:15:00,141.94000244140625,142.0,140.5,141.4199981689453,14886
2024-09-06 09:15:00,142.1999969482422,143.0,139.41000366210938,140.61000061035156,50207
2024-09-06 13:15:00,140.61000061035156,142.89999389648438,140.0,140.41000366210938,19264
2024-09-09 09:15:00,140.1999969482422,140.3699951171875,136.61000061035156,138.24000549316406,17598
2024-09-09 13:15:00,138.24000549316406,139.0,137.0,139.0,15614
2024-09-10 09:15:00,139.22000122070312,148.0,139.22000122070312,140.92999267578125,283822
2024-09-10 13:15:00,140.99000549316406,143.24000549316406,139.88999938964844,140.58999633789062,71710
2024-09-11 09:15:00,142.50999450683594,143.8300018310547,139.5,139.88999938964844,33295
2024-09-11 13:15:00,139.0,140.0,137.60000610351562,139.02999877929688,36021
2024-09-12 09:15:00,140.60000610351562,140.60000610351562,136.1699981689453,137.02999877929688,50063
2024-09-12 13:15:00,137.0500030517578,137.4499969482422,135.5,136.88999938964844,66039
2024-09-13 09:15:00,137.8000030517578,138.80999755859375,134.83999633789062,135.25,113548
2024-09-13 13:15:00,135.35000610351562,135.5,131.89999389648438,134.60000610351562,70599
2024-09-16 09:15:00,136.1999969482422,138.47999572753906,133.32000732421875,133.9600067138672,291750
2024-09-16 13:15:00,133.9600067138672,134.89999389648438,131.38999938964844,132.11000061035156,178111
2024-09-17 09:15:00,133.24000549316406,134.2100067138672,131.47999572753906,131.58999633789062,79986
2024-09-17 13:15:00,131.60000610351562,132.39999389648438,130.60000610351562,131.08999633789062,59549
2024-09-18 09:15:00,131.89999389648438,137.3000030517578,130.1300048828125,131.2899932861328,369405
2024-09-18 13:15:00,131.14999389648438,136.38999938964844,130.77000427246094,135.52000427246094,99048
2024-09-19 09:15:00,136.99000549316406,136.99000549316406,130.64999389648438,131.72999572753906,58415
2024-09-19 13:15:00,131.72999572753906,132.64999389648438,131.0,131.83999633789062,17009
2024-09-20 09:15:00,132.85000610351562,135.52999877929688,131.80999755859375,134.02999877929688,71139
2024-09-20 13:15:00,134.2899932861328,145.0,134.2899932861328,144.1699981689453,671397
2024-09-23 09:15:00,145.0,148.5,141.60000610351562,142.86000061035156,116777
2024-09-23 13:15:00,142.88999938964844,142.9499969482422,141.10000610351562,141.66000366210938,51274
2024-09-24 09:15:00,142.35000610351562,143.07000732421875,139.0,140.99000549316406,95892
2024-09-24 13:15:00,141.10000610351562,142.00999450683594,139.1300048828125,139.5,40607
2024-09-25 09:15:00,139.75999450683594,140.4499969482422,136.75999450683594,137.33999633789062,72982
2024-09-25 13:15:00,137.35000610351562,138.8699951171875,137.19000244140625,138.42999267578125,29318
2024-09-26 09:15:00,138.3000030517578,144.30999755859375,138.0,139.75,83530
2024-09-26 13:15:00,139.75,139.75,137.14999389648438,137.91000366210938,36066
2024-09-27 09:15:00,138.3000030517578,142.61000061035156,138.3000030517578,139.88999938964844,84528
2024-09-27 13:15:00,139.86000061035156,142.82000732421875,139.3000030517578,140.1199951171875,40160
2024-09-30 09:15:00,141.8000030517578,141.8000030517578,138.0,138.11000061035156,16332
2024-09-30 13:15:00,138.0,138.44000244140625,136.5,136.64999389648438,23666
2024-10-01 09:15:00,137.30999755859375,139.33999633789062,137.0,138.0,30003
2024-10-01 13:15:00,137.89999389648438,138.0,135.0,136.2100067138672,9845
2024-10-03 09:15:00,133.10000610351562,137.5,133.10000610351562,134.6199951171875,72081
2024-10-03 13:15:00,134.6699981689453,135.0,132.0500030517578,132.60000610351562,46720
2024-10-04 09:15:00,133.5,134.1199951171875,131.0,131.49000549316406,35230
2024-10-04 13:15:00,131.49000549316406,131.5500030517578,129.30999755859375,129.85000610351562,62880
2024-10-07 09:15:00,130.74000549316406,131.36000061035156,124.3499984741211,125.41000366210938,58955
2024-10-07 13:15:00,125.01000213623048,125.9000015258789,124.4000015258789,125.79000091552734,29396
2024-10-08 09:15:00,126.0,127.87000274658205,124.0,126.87999725341795,16916
2024-10-08 13:15:00,124.98999786376952,126.0999984741211,121.76000213623048,125.72000122070312,79651
2024-10-09 09:15:00,125.72000122070312,128.0,125.72000122070312,127.79000091552734,33241
2024-10-09 13:15:00,127.75,127.87999725341795,125.20999908447266,126.5,27645
2024-10-10 09:15:00,127.5,129.0,126.0500030517578,127.83000183105467,10925
2024-10-10 13:15:00,127.8000030517578,128.0,126.0999984741211,127.69000244140624,27466
2024-10-11 09:15:00,127.69000244140624,128.0,126.5,126.9000015258789,22824
2024-10-11 13:15:00,127.19000244140624,127.29000091552734,125.0,126.0,40905
2024-10-14 09:15:00,126.66999816894533,127.9000015258789,125.5999984741211,126.0,17090
2024-10-14 13:15:00,126.0,126.0,124.0,125.0,29863
2024-10-15 09:15:00,125.0,125.31999969482422,123.01000213623048,123.33999633789062,18298
2024-10-15 13:15:00,123.12999725341795,124.5,123.12999725341795,124.47000122070312,12913
2024-10-16 09:15:00,124.4499969482422,127.5,122.98999786376952,124.83999633789062,31706
2024-10-16 13:15:00,124.80999755859376,125.48999786376952,124.0,124.93000030517578,32921
2024-10-17 09:15:00,126.5,126.5,123.0,124.45999908447266,20973
2024-10-17 13:15:00,124.45999908447266,124.45999908447266,123.0500030517578,123.58999633789062,18091
2024-10-18 09:15:00,123.5,128.41000366210938,121.68000030517578,127.91000366210938,66100
2024-10-18 13:15:00,128.0,128.25999450683594,123.5,124.9000015258789,47759
2024-10-21 09:15:00,126.48999786376952,127.2300033569336,124.12999725341795,125.23999786376952,13341
2024-10-21 13:15:00,125.52999877929688,125.83000183105467,123.02999877929688,123.7699966430664,17016
2024-10-22 09:15:00,122.5999984741211,123.30999755859376,118.11000061035156,119.38999938964844,40455
2024-10-22 13:15:00,119.0500030517578,119.3000030517578,117.02999877929688,118.4000015258789,24055
2024-10-23 09:15:00,118.6500015258789,119.37000274658205,115.79000091552734,117.80999755859376,11909
2024-10-23 13:15:00,118.05999755859376,119.5,116.18000030517578,117.70999908447266,6149
2024-10-24 09:15:00,118.5500030517578,118.5500030517578,115.22000122070312,117.3000030517578,27203
2024-10-24 13:15:00,117.27999877929688,118.44000244140624,115.31999969482422,115.95999908447266,23944
2024-10-25 09:15:00,117.0,117.0,106.22000122070312,109.3000030517578,64976
2024-10-25 13:15:00,109.4499969482422,109.81999969482422,106.83999633789062,108.6999969482422,31101
2024-10-28 09:15:00,109.5500030517578,114.9000015258789,108.3000030517578,113.73999786376952,23128
2024-10-28 13:15:00,113.7300033569336,117.63999938964844,113.20999908447266,116.30999755859376,31195
2024-10-29 09:15:00,116.8000030517578,118.45999908447266,115.7699966430664,118.25,27602
2024-10-29 13:15:00,117.66000366210938,118.1999969482422,117.31999969482422,117.54000091552734,8155
2024-10-30 09:15:00,118.33000183105467,119.38999938964844,116.81999969482422,118.91999816894533,10774
2024-10-30 13:15:00,118.5999984741211,119.19000244140624,117.5500030517578,118.6999969482422,9061
2024-10-31 09:15:00,118.58999633789062,120.0,117.5999984741211,118.19000244140624,14323
2024-10-31 13:15:00,118.3000030517578,119.37000274658205,118.1999969482422,118.62000274658205,36057
2024-11-04 09:15:00,121.0,121.5,118.0500030517578,119.47000122070312,15905
2024-11-04 13:15:00,119.4499969482422,119.8499984741211,118.9000015258789,119.4000015258789,6810
2024-11-05 09:15:00,119.5199966430664,121.01000213623048,118.3499984741211,119.5999984741211,22070
2024-11-05 13:15:00,119.33999633789062,124.0,119.33999633789062,123.5,42683
2024-11-06 09:15:00,125.0,126.0,123.37000274658205,125.2699966430664,9951
2024-11-06 13:15:00,125.19000244140624,125.8000030517578,124.0,125.13999938964844,12385
2024-11-07 09:15:00,122.0,128.77000427246094,122.0,126.55999755859376,59891
2024-11-07 13:15:00,126.5500030517578,127.0,123.30999755859376,124.94000244140624,41140
2024-11-08 09:15:00,121.0500030517578,123.5999984741211,119.01000213623048,119.5999984741211,39042
2024-11-08 13:15:00,120.0,120.38999938964844,118.8000030517578,119.94000244140624,25454
2024-11-11 09:15:00,119.98999786376952,119.98999786376952,112.62999725341795,114.44000244140624,148591
2024-11-11 13:15:00,114.44000244140624,114.9499969482422,112.3000030517578,113.0,36642
2024-11-12 09:15:00,114.8000030517578,117.62999725341795,112.01000213623048,112.47000122070312,15329
2024-11-12 13:15:00,112.47000122070312,112.87000274658205,112.0,112.30999755859376,14158
2024-11-13 09:15:00,113.0,113.83000183105467,109.23999786376952,109.23999786376952,79982
2024-11-13 13:15:00,109.26000213623048,109.97000122070312,105.51000213623048,107.02999877929688,57256
2024-11-14 09:15:00,107.01000213623048,111.77999877929688,107.0,109.12999725341795,38441
2024-11-14 13:15:00,109.02999877929688,110.0,106.66000366210938,108.97000122070312,28024
2024-11-18 09:15:00,109.0,110.7699966430664,106.7699966430664,109.61000061035156,26032
2024-11-18 13:15:00,109.62999725341795,110.0,106.93000030517578,108.37000274658205,28046
2024-11-19 09:15:00,108.37000274658205,115.0,108.37000274658205,114.52999877929688,41169
2024-11-19 13:15:00,114.4800033569336,114.5,111.0,111.6999969482422,22402
2024-11-21 09:15:00,111.1999969482422,113.79000091552734,110.01000213623048,112.3000030517578,16542
2024-11-21 13:15:00,112.36000061035156,113.9000015258789,111.5500030517578,112.58999633789062,11930
2024-11-22 09:15:00,111.01000213623048,114.9000015258789,111.01000213623048,111.33999633789062,15265
2024-11-22 13:15:00,111.5999984741211,112.12999725341795,110.19000244140624,110.80999755859376,30404
2024-11-25 09:15:00,112.4499969482422,114.4499969482422,110.6999969482422,111.33000183105467,33241
2024-11-25 13:15:00,111.12999725341795,111.37999725341795,110.5,111.01000213623048,13515
2024-11-26 09:15:00,111.81999969482422,114.77999877929688,111.12000274658205,113.51000213623048,32718
2024-11-26 13:15:00,113.51000213623048,113.98999786376952,111.5199966430664,113.29000091552734,46924
2024-11-27 09:15:00,114.73999786376952,114.73999786376952,112.11000061035156,113.0500030517578,22368
2024-11-27 13:15:00,113.0500030517578,114.5999984741211,112.6500015258789,112.6500015258789,39616
2024-11-28 09:15:00,114.29000091552734,118.43000030517578,113.3499984741211,115.70999908447266,25940
2024-11-28 13:15:00,115.93000030517578,117.5,115.12999725341795,116.8499984741211,29702
2024-11-29 09:15:00,117.0,117.5,115.62000274658205,116.0,12428
2024-11-29 13:15:00,115.83000183105467,118.08999633789062,115.83000183105467,117.22000122070312,9832
2024-12-02 09:15:00,117.0,120.5,115.75,119.93000030517578,51028
2024-12-02 13:15:00,120.0,120.18000030517578,117.45999908447266,118.79000091552734,31439
2024-12-03 09:15:00,119.56999969482422,124.77999877929688,119.56999969482422,123.62000274658205,30967
2024-12-03 13:15:00,123.4499969482422,124.0,122.70999908447266,123.4800033569336,25013
2024-12-04 09:15:00,124.0,126.91999816894533,123.5199966430664,126.0,23050
2024-12-04 13:15:00,125.62000274658205,125.79000091552734,124.43000030517578,125.26000213623048,10829
2024-12-05 09:15:00,126.4000015258789,126.4000015258789,123.76000213623048,124.2300033569336,10147
2024-12-05 13:15:00,124.5,126.4000015258789,124.0,125.0,17280
2024-12-06 09:15:00,125.25,128.0,124.43000030517578,127.1500015258789,29774
2024-12-06 13:15:00,127.36000061035156,128.89999389648438,126.5999984741211,128.0,30073
2024-12-09 09:15:00,128.1999969482422,128.32000732421875,126.0999984741211,127.33000183105467,19037
2024-12-09 13:15:00,127.83999633789062,130.69000244140625,127.5,130.22000122070312,60628
2024-12-10 09:15:00,130.0,134.0,127.91000366210938,131.89999389648438,47032
2024-12-10 13:15:00,131.9199981689453,133.47999572753906,131.5,132.05999755859375,33617
2024-12-11 09:15:00,133.97999572753906,133.97999572753906,131.0,131.2100067138672,11159
2024-12-11 13:15:00,131.16000366210938,131.35000610351562,129.14999389648438,129.6300048828125,11487
2024-12-12 09:15:00,128.07000732421875,130.42999267578125,128.0,128.58999633789062,12762
2024-12-12 13:15:00,128.60000610351562,130.5399932861328,127.0999984741211,127.0999984741211,25085
2024-12-13 09:15:00,127.56999969482422,133.0500030517578,125.73999786376952,130.5,46172
2024-12-13 13:15:00,130.91000366210938,132.3000030517578,130.0500030517578,131.07000732421875,27454
2024-12-16 09:15:00,133.0,133.6999969482422,130.97999572753906,132.10000610351562,22202
2024-12-16 13:15:00,132.0,133.25999450683594,131.5,132.8699951171875,16855
2024-12-17 09:15:00,133.88999938964844,133.88999938964844,129.63999938964844,129.8000030517578,11644
2024-12-17 13:15:00,129.6999969482422,130.24000549316406,128.58999633789062,129.5,34706
2024-12-18 09:15:00,130.49000549316406,130.49000549316406,126.87999725341795,128.0,26195
2024-12-18 13:15:00,128.14999389648438,129.25,128.0,128.75999450683594,10126
2024-12-19 09:15:00,127.9499969482422,129.0,126.87999725341795,129.0,11035
2024-12-19 13:15:00,128.80999755859375,128.80999755859375,127.44000244140624,128.14999389648438,11320
2024-12-20 09:15:00,129.39999389648438,130.2899932861328,127.76000213623048,128.3300018310547,9957
2024-12-20 13:15:00,128.49000549316406,129.19000244140625,126.0,126.7300033569336,27006
2024-12-23 09:15:00,129.00999450683594,129.75,124.2699966430664,125.0,21108
2024-12-23 13:15:00,125.0,125.0,124.0199966430664,124.33000183105467,7611
2024-12-24 09:15:00,125.81999969482422,127.7699966430664,125.16000366210938,126.72000122070312,7543
2024-12-24 13:15:00,126.33999633789062,127.0,126.0500030517578,126.68000030517578,4771
2024-12-26 09:15:00,126.5999984741211,127.0,125.3000030517578,125.91999816894533,5198
2024-12-26 13:15:00,125.91999816894533,126.45999908447266,121.91999816894533,122.9000015258789,31715
2024-12-27 09:15:00,122.98999786376952,124.1500015258789,121.68000030517578,122.45999908447266,5978
2024-12-27 13:15:00,122.4000015258789,124.0,121.0,122.02999877929688,6417
2024-12-30 09:15:00,123.13999938964844,126.8499984741211,120.48999786376952,123.19000244140624,19755
2024-12-30 13:15:00,123.0,123.87999725341795,122.20999908447266,122.81999969482422,6177
2024-12-31 09:15:00,123.61000061035156,123.61000061035156,120.41000366210938,123.0,18567
2024-12-31 13:15:00,123.02999877929688,125.0,122.25,123.66999816894533,7023
2025-01-01 09:15:00,124.0,129.0,123.27999877929688,126.98999786376952,29308
2025-01-01 13:15:00,127.0,128.5,126.75,128.5,8631
2025-01-02 09:15:00,127.98999786376952,128.6300048828125,126.13999938964844,127.0,7593
2025-01-02 13:15:00,127.0,127.1500015258789,126.01000213623048,126.31999969482422,12614
2025-01-03 09:15:00,127.45999908447266,127.45999908447266,125.68000030517578,125.77999877929688,6104
2025-01-03 13:15:00,125.77999877929688,126.0,125.0,125.08999633789062,10128
2025-01-06 09:15:00,126.0,126.1999969482422,118.45999908447266,119.16999816894533,24701
2025-01-06 13:15:00,119.0,120.0,116.0,117.81999969482422,16513
2025-01-07 09:15:00,119.01000213623048,121.3499984741211,118.41999816894533,119.47000122070312,11064
2025-01-07 13:15:00,119.68000030517578,121.98999786376952,117.81999969482422,118.7699966430664,12217
2025-01-08 09:15:00,118.5,120.18000030517578,116.6999969482422,117.4000015258789,12928
2025-01-08 13:15:00,117.02999877929688,119.37000274658205,117.02999877929688,118.19000244140624,6434
2025-01-09 09:15:00,119.4000015258789,121.31999969482422,114.58999633789062,117.02999877929688,26504
2025-01-09 13:15:00,117.0500030517578,117.0500030517578,115.04000091552734,115.41000366210938,10547
2025-01-10 09:15:00,118.8000030517578,118.8000030517578,112.61000061035156,113.25,12514
2025-01-10 13:15:00,113.3000030517578,113.51000213623048,110.12000274658205,111.45999908447266,21732
2025-01-13 09:15:00,112.83999633789062,112.83999633789062,108.0,108.44000244140624,21134
2025-01-13 13:15:00,108.4499969482422,108.4499969482422,106.0500030517578,107.0,25198
2025-01-14 09:15:00,108.88999938964844,110.80999755859376,108.0,110.45999908447266,8506
2025-01-14 13:15:00,110.6500015258789,110.91000366210938,109.5999984741211,110.18000030517578,5884
2025-01-15 09:15:00,111.1999969482422,113.0,109.56999969482422,111.5999984741211,29626
2025-01-15 13:15:00,111.58000183105467,111.66000366210938,109.0,110.0,12038
2025-01-16 09:15:00,111.1999969482422,112.6999969482422,111.0,111.3000030517578,10856
2025-01-16 13:15:00,111.3499984741211,111.98999786376952,110.33999633789062,111.16999816894533,11710
2025-01-17 09:15:00,111.16999816894533,113.0,110.31999969482422,111.33000183105467,5772
2025-01-17 13:15:00,111.27999877929688,113.0,111.05999755859376,112.5500030517578,9623
2025-01-20 09:15:00,112.97000122070312,113.98999786376952,110.6999969482422,112.41999816894533,9250
2025-01-20 13:15:00,113.37999725341795,113.38999938964844,111.6500015258789,112.4000015258789,7572
2025-01-21 09:15:00,113.4000015258789,114.45999908447266,111.73999786376952,112.69000244140624,14592
2025-01-21 13:15:00,112.16000366210938,112.30999755859376,110.41000366210938,110.86000061035156,9351
2025-01-22 09:15:00,112.0,112.0,106.73999786376952,109.05999755859376,14938
2025-01-22 13:15:00,109.05999755859376,110.19000244140624,107.0999984741211,108.88999938964844,14993
2025-01-23 09:15:00,109.5999984741211,114.87999725341795,108.01000213623048,109.5500030517578,27749
2025-01-23 13:15:00,109.5500030517578,110.0,108.4000015258789,109.25,6570
2025-01-24 09:15:00,109.98999786376952,110.48999786376952,108.3000030517578,109.1999969482422,2079
2025-01-24 13:15:00,109.1999969482422,109.9800033569336,106.0,107.5999984741211,18504
2025-01-27 09:15:00,106.79000091552734,106.79000091552734,100.43000030517578,103.54000091552734,27484
2025-01-27 13:15:00,103.41999816894533,106.38999938964844,99.1999969482422,100.87000274658205,51649
2025-01-28 09:15:00,100.87000274658205,104.0,97.08999633789062,103.66000366210938,31932
2025-01-28 13:15:00,103.61000061035156,114.5,103.4000015258789,108.6999969482422,100958
2025-01-29 09:15:00,108.11000061035156,114.38999938964844,106.48999786376952,114.0,37315
2025-01-29 13:15:00,114.0,114.0,110.01000213623048,112.25,31095
2025-01-30 09:15:00,114.93000030517578,115.0,110.37000274658205,113.9000015258789,12127
2025-01-30 13:15:00,113.9000015258789,113.9000015258789,110.4499969482422,110.75,12205
2025-01-31 09:15:00,109.0999984741211,109.0999984741211,103.20999908447266,106.69000244140624,46179
2025-01-31 13:15:00,106.27999877929688,107.0,106.0,106.1500015258789,17823
2025-02-03 09:15:00,105.0,108.0,104.11000061035156,106.4499969482422,15633
2025-02-03 13:15:00,106.45999908447266,106.45999908447266,104.23999786376952,105.13999938964844,12313
2025-02-04 09:15:00,105.20999908447266,107.2300033569336,104.04000091552734,104.77999877929688,7726
2025-02-04 13:15:00,104.98999786376952,105.0,104.0,104.27999877929688,9906
2025-02-05 09:15:00,105.5999984741211,111.8499984741211,105.5500030517578,110.41999816894533,25580
2025-02-05 13:15:00,110.48999786376952,111.25,109.25,110.83000183105467,47006
2025-02-06 09:15:00,110.54000091552734,112.0500030517578,109.04000091552734,110.23999786376952,24807
2025-02-06 13:15:00,111.08999633789062,111.08999633789062,110.0,110.19000244140624,17206
2025-02-07 09:15:00,110.19000244140624,111.13999938964844,107.83000183105467,109.4000015258789,27083
2025-02-07 13:15:00,109.76000213623048,110.06999969482422,107.70999908447266,108.68000030517578,17535
2025-02-10 09:15:00,109.0,111.0,107.30999755859376,110.0,24971
2025-02-10 13:15:00,110.0,110.45999908447266,110.0,110.05999755859376,16333
2025-02-11 09:15:00,107.5,111.5999984741211,107.5,110.02999877929688,34440
2025-02-11 13:15:00,110.29000091552734,110.75,110.0,110.0,21991
2025-02-12 09:15:00,111.4499969482422,111.4499969482422,102.61000061035156,107.75,29003
2025-02-12 13:15:00,108.01000213623048,110.3000030517578,105.77999877929688,108.18000030517578,17017
2025-02-13 09:15:00,107.87000274658205,111.2699966430664,107.01000213623048,109.91000366210938,17785
2025-02-13 13:15:00,109.86000061035156,111.0999984741211,109.3000030517578,110.04000091552734,16070
2025-02-14 09:15:00,109.56999969482422,109.56999969482422,107.0,108.0,12095
2025-02-14 13:15:00,108.0,108.18000030517578,105.0,105.1500015258789,16373
2025-02-17 09:15:00,102.1500015258789,111.0,101.0,107.4800033569336,20237
2025-02-17 13:15:00,107.30999755859376,109.8000030517578,104.5,106.33999633789062,37718
2025-02-18 09:15:00,108.37999725341795,108.37999725341795,101.33000183105467,103.12999725341795,26905
2025-02-18 13:15:00,102.91000366210938,103.7699966430664,101.6999969482422,102.58999633789062,14760
2025-02-19 09:15:00,103.0,106.0,102.69000244140624,105.6500015258789,22625
2025-02-19 13:15:00,105.55999755859376,106.0,104.61000061035156,105.73999786376952,11809
2025-02-20 09:15:00,106.83999633789062,106.83999633789062,104.87000274658205,105.51000213623048,5835
2025-02-20 13:15:00,105.3000030517578,106.0,104.63999938964844,105.1500015258789,22742
2025-02-21 09:15:00,105.16000366210938,106.72000122070312,104.5,104.73999786376952,1843
2025-02-21 13:15:00,104.75,106.4499969482422,103.86000061035156,105.8000030517578,12646
2025-02-24 09:15:00,104.55999755859376,107.91000366210938,104.0,105.9000015258789,4552
2025-02-24 13:15:00,107.86000061035156,107.86000061035156,105.8000030517578,107.0999984741211,8006
2025-02-25 09:15:00,105.0500030517578,107.58000183105467,104.76000213623048,104.76000213623048,7395
2025-02-25 13:15:00,104.98999786376952,105.08999633789062,103.51000213623048,104.01000213623048,7222
2025-02-27 09:15:00,105.4499969482422,105.4499969482422,102.36000061035156,102.4499969482422,1821
2025-02-27 13:15:00,102.61000061035156,102.70999908447266,101.5,101.76000213623048,8451
2025-02-28 09:15:00,100.70999908447266,100.79000091552734,95.63999938964844,95.63999938964844,38782
2025-02-28 13:15:00,95.91000366210938,96.44000244140624,95.0,95.45999908447266,62132
2025-03-03 09:15:00,97.0,97.58999633789062,89.12999725341797,90.95999908447266,45395
2025-03-03 13:15:00,91.0,91.16999816894533,85.9800033569336,87.36000061035156,140851
2025-03-04 09:15:00,87.01000213623047,91.4000015258789,86.7300033569336,87.58000183105469,12111
2025-03-04 13:15:00,87.77999877929688,88.4000015258789,86.04000091552734,87.04000091552734,22688
2025-03-05 09:15:00,87.69999694824219,91.9000015258789,87.62000274658203,91.30999755859376,18257
2025-03-05 13:15:00,91.01000213623048,92.5,91.01000213623048,91.97000122070312,19198
2025-03-06 09:15:00,93.69000244140624,94.25,92.0,92.5,11369
2025-03-06 13:15:00,92.36000061035156,92.5,91.6999969482422,92.23999786376952,17005
2025-03-07 09:15:00,92.9800033569336,93.9499969482422,90.6500015258789,90.83000183105467,62013
2025-03-07 13:15:00,90.62000274658205,91.47000122070312,90.5500030517578,90.9800033569336,20590
2025-03-10 09:15:00,91.12000274658205,93.75,88.30000305175781,88.33999633789062,32123
2025-03-10 13:15:00,88.19999694824219,88.55999755859375,85.1500015258789,85.25,71777
2025-03-11 09:15:00,85.98999786376953,86.0,83.06999969482422,83.48999786376953,19383
2025-03-11 13:15:00,83.5,85.0,82.70999908447266,83.4000015258789,69557
2025-03-12 09:15:00,83.69999694824219,85.05000305175781,81.5999984741211,81.8499984741211,40820
2025-03-12 13:15:00,81.8499984741211,81.9800033569336,80.11000061035156,81.25,48846
2025-03-13 09:15:00,81.25,82.5,80.0,81.0,28095
2025-03-13 13:15:00,81.27999877929688,81.48999786376953,80.18000030517578,80.38999938964844,33429
2025-03-17 09:15:00,82.27999877929688,82.3499984741211,80.0,80.68000030517578,38394
2025-03-17 13:15:00,80.55000305175781,81.0,78.66000366210938,79.37000274658203,50626
2025-03-18 09:15:00,79.87999725341797,82.47000122070312,79.87999725341797,81.0,32366
2025-03-18 13:15:00,80.83999633789062,81.45999908447266,80.0,80.55000305175781,63990
2025-03-19 09:15:00,80.55999755859375,95.79000091552734,80.55999755859375,92.06999969482422,506645
2025-03-19 13:15:00,92.1500015258789,93.13999938964844,90.01000213623047,91.8000030517578,194248
2025-03-20 09:15:00,91.6999969482422,92.5500030517578,88.41000366210938,88.88999938964844,68113
2025-03-20 13:15:00,88.9000015258789,91.0,88.9000015258789,90.25,119797
2025-03-21 09:15:00,90.4800033569336,92.77999877929688,90.4800033569336,91.83999633789062,69147
2025-03-21 13:15:00,91.7300033569336,92.9000015258789,90.43000030517578,92.25,89396
2025-03-24 09:15:00,92.23999786376952,95.01000213623048,91.25,91.73999786376952,41011
2025-03-24 13:15:00,91.80999755859376,92.8000030517578,91.5500030517578,92.0,35591
2025-03-25 09:15:00,93.5999984741211,93.86000061035156,89.0199966430664,89.5,51112
2025-03-25 13:15:00,89.0,89.9000015258789,88.0999984741211,88.93000030517578,50018
2025-03-26 09:15:00,88.77999877929688,89.9800033569336,86.3499984741211,86.5,42549
2025-03-26 13:15:00,86.3499984741211,86.55000305175781,84.80999755859375,85.5,73885
2025-03-27 09:15:00,85.25,88.77999877929688,83.0199966430664,86.44000244140625,113869
2025-03-27 13:15:00,85.05000305175781,85.95999908447266,83.41000366210938,83.63999938964844,158444
2025-03-28 09:15:00,84.3499984741211,89.0199966430664,83.80000305175781,83.91000366210938,29902
2025-03-28 13:15:00,83.80000305175781,84.08000183105469,82.62000274658203,82.98999786376953,51068
2025-04-01 09:15:00,83.98999786376953,88.18000030517578,83.02999877929688,87.68000030517578,36305
2025-04-01 13:15:00,87.55000305175781,88.48999786376953,87.12000274658203,88.02999877929688,21438
2025-04-02 09:15:00,88.02999877929688,89.4800033569336,85.30999755859375,88.93000030517578,10792
2025-04-02 13:15:00,88.62000274658203,89.4000015258789,88.41000366210938,88.77999877929688,11787
2025-04-03 09:15:00,91.48999786376952,92.58999633789062,87.05000305175781,91.70999908447266,35197
2025-04-03 13:15:00,91.58999633789062,92.0999984741211,90.51000213623048,91.43000030517578,25989
2025-04-04 09:15:00,91.44000244140624,92.7300033569336,87.20999908447266,87.87000274658203,22733
2025-04-04 13:15:00,87.93000030517578,88.47000122070312,87.0999984741211,87.98999786376953,15981
2025-04-07 09:15:00,84.95999908447266,84.95999908447266,80.5999984741211,81.95999908447266,40141
2025-04-07 13:15:00,81.94999694824219,84.29000091552734,81.73999786376953,83.69000244140625,24173
2025-04-08 09:15:00,85.19999694824219,86.93000030517578,84.12000274658203,85.83999633789062,4652
2025-04-08 13:15:00,85.63999938964844,86.2300033569336,85.11000061035156,85.56999969482422,12625
2025-04-09 09:15:00,86.5,86.5,83.62000274658203,84.91999816894531,6031
2025-04-09 13:15:00,84.91999816894531,86.0,84.51000213623047,85.62999725341797,5045
2025-04-11 09:15:00,86.6500015258789,87.79000091552734,85.75,86.41000366210938,6348
2025-04-11 13:15:00,86.55999755859375,86.98999786376953,85.91000366210938,86.36000061035156,7405
2025-04-15 09:15:00,87.98999786376953,88.98999786376953,87.05999755859375,88.1500015258789,7208
2025-04-15 13:15:00,88.05000305175781,88.93000030517578,88.01000213623047,88.5999984741211,12682
2025-04-16 09:15:00,89.98999786376953,91.83999633789062,89.19000244140625,90.33999633789062,12419
2025-04-16 13:15:00,90.22000122070312,90.58000183105467,89.20999908447266,89.9800033569336,15570
2025-04-17 09:15:00,91.5,93.77999877929688,91.0,91.93000030517578,5692
2025-04-17 13:15:00,91.6500015258789,91.98999786376952,91.01000213623048,91.36000061035156,7619
2025-04-21 09:15:00,93.0,93.0,90.12000274658205,91.79000091552734,14179
2025-04-21 13:15:00,91.7699966430664,92.83999633789062,91.5,92.06999969482422,8059
2025-04-22 09:15:00,92.0999984741211,98.5,91.12000274658205,95.4800033569336,53484
2025-04-22 13:15:00,95.98999786376952,95.98999786376952,94.01000213623048,94.7300033569336,19320
2025-04-23 09:15:00,96.6999969482422,96.6999969482422,92.0,93.04000091552734,17545
2025-04-23 13:15:00,92.6999969482422,93.83999633789062,92.6999969482422,93.37999725341795,8755
2025-04-24 09:15:00,93.30999755859376,95.0,93.30999755859376,93.5,7454
2025-04-24 13:15:00,93.5,93.6999969482422,92.0,93.6999969482422,6519
2025-04-25 09:15:00,92.6999969482422,93.0,88.12000274658203,89.29000091552734,13245
2025-04-25 13:15:00,89.41000366210938,89.69999694824219,88.1500015258789,88.51000213623047,15186
2025-04-28 09:15:00,89.01000213623047,89.29000091552734,87.27999877929688,88.19000244140625,5359
2025-04-28 13:15:00,88.36000061035156,88.38999938964844,87.51000213623047,87.70999908447266,3622
2025-04-29 09:15:00,87.58999633789062,89.69000244140625,87.30000305175781,87.95999908447266,8551
2025-04-29 13:15:00,88.0999984741211,89.87999725341797,87.95999908447266,89.05000305175781,8145
2025-04-30 09:15:00,88.25,88.25,86.5,86.5,4561
2025-04-30 13:15:00,86.5,87.38999938964844,86.4000015258789,86.87999725341797,4971
2025-05-02 09:15:00,86.98999786376953,87.79000091552734,85.62000274658203,86.1500015258789,7917
2025-05-02 13:15:00,86.33999633789062,86.5,85.70999908447266,86.2300033569336,5419
2025-05-05 09:15:00,86.2300033569336,87.62000274658203,85.5,87.13999938964844,2205
2025-05-05 13:15:00,87.12000274658203,90.0,87.05000305175781,87.05000305175781,17104
2025-05-06 09:15:00,87.0999984741211,87.43000030517578,85.83999633789062,86.56999969482422,3918
2025-05-06 13:15:00,86.56999969482422,86.76000213623047,85.6500015258789,85.94999694824219,9095
2025-05-07 09:15:00,85.0,85.77999877929688,83.91999816894531,85.12999725341797,11215
2025-05-07 13:15:00,85.44999694824219,85.44999694824219,84.08000183105469,84.37000274658203,9020
2025-05-08 09:15:00,85.0,87.58000183105469,85.0,85.95999908447266,5440
2025-05-08 13:15:00,85.6500015258789,85.69999694824219,84.19999694824219,84.48999786376953,10482
2025-05-09 09:15:00,82.79000091552734,83.62000274658203,81.5999984741211,82.9000015258789,19948
2025-05-09 13:15:00,82.9000015258789,83.25,82.01000213623047,82.80999755859375,12679
2025-05-12 09:15:00,84.0999984741211,91.5,84.0999984741211,90.4000015258789,46085
2025-05-12 13:15:00,90.4000015258789,91.19000244140624,87.01000213623047,89.98999786376953,25188
2025-05-13 09:15:00,91.6999969482422,99.0,90.0,99.0,86517
2025-05-13 13:15:00,99.4000015258789,100.98999786376952,97.0,100.5,71310
2025-05-14 09:15:00,101.0,107.0,99.2300033569336,105.5999984741211,121169
2025-05-14 13:15:00,105.5999984741211,113.9499969482422,103.01000213623048,106.0,273374
2025-05-15 09:15:00,114.0,126.27999877929688,114.0,126.27999877929688,19644
2025-05-15 13:15:00,126.27999877929688,126.27999877929688,126.27999877929688,126.27999877929688,11009
2025-05-16 09:15:00,130.99000549316406,134.35000610351562,128.25999450683594,130.2100067138672,295999
2025-05-16 13:15:00,130.22000122070312,131.99000549316406,128.3300018310547,129.4499969482422,148317
2025-05-19 09:15:00,127.0,129.39999389648438,124.20999908447266,126.62999725341795,25879
2025-05-19 13:15:00,126.98999786376952,127.22000122070312,118.37999725341795,121.88999938964844,92180
2025-05-20 09:15:00,122.9000015258789,123.68000030517578,121.58999633789062,121.58999633789062,16038
2025-05-20 13:15:00,121.91999816894533,122.1999969482422,120.0,120.5,17959
2025-05-21 09:15:00,120.0,121.0,115.51000213623048,116.4800033569336,43499
2025-05-21 13:15:00,116.69000244140624,119.01000213623048,116.16999816894533,118.0500030517578,18298
2025-05-22 09:15:00,118.48999786376952,130.41000366210938,118.20999908447266,130.41000366210938,113098
2025-05-22 13:15:00,130.41000366210938,130.41000366210938,130.41000366210938,130.41000366210938,22669
2025-05-23 09:15:00,136.05999755859375,139.75,132.22000122070312,137.77999877929688,273370
2025-05-23 13:15:00,137.77999877929688,138.58999633789062,136.2100067138672,136.89999389648438,107301
2025-05-26 09:15:00,141.97999572753906,144.0,140.0,140.1999969482422,46616
2025-05-26 13:15:00,140.10000610351562,143.0,139.52000427246094,140.1999969482422,95360
2025-05-27 09:15:00,141.60000610351562,141.60000610351562,135.0,135.25,40802
2025-05-27 13:15:00,135.1999969482422,135.82000732421875,133.47999572753906,135.33999633789062,41332
2025-05-28 09:15:00,136.0,138.69000244140625,134.11000061035156,136.49000549316406,33557
2025-05-28 13:15:00,136.22999572753906,136.5,134.0,134.30999755859375,26058
2025-05-29 09:15:00,134.89999389648438,136.1699981689453,134.10000610351562,134.8000030517578,17413
2025-05-29 13:15:00,134.8300018310547,143.6999969482422,134.8300018310547,138.2899932861328,157759
2025-05-30 09:15:00,138.89999389648438,139.35000610351562,135.52000427246094,137.1999969482422,17558
2025-05-30 13:15:00,137.36000061035156,137.5,136.4600067138672,136.7100067138672,16564
2025-06-02 09:15:00,133.10000610351562,138.74000549316406,133.10000610351562,136.69000244140625,14520
2025-06-02 13:15:00,136.2100067138672,136.69000244140625,133.49000549316406,134.9499969482422,34207
2025-06-03 09:15:00,136.0,136.9199981689453,131.32000732421875,131.47000122070312,25637
2025-06-03 13:15:00,131.1300048828125,131.5399932861328,129.1300048828125,129.92999267578125,23912
2025-06-04 09:15:00,130.1999969482422,132.24000549316406,126.9000015258789,131.2100067138672,136212
2025-06-04 13:15:00,131.02000427246094,131.49000549316406,129.11000061035156,129.36000061035156,19105
2025-06-05 09:15:00,130.39999389648438,133.69000244140625,130.02000427246094,130.67999267578125,13954
2025-06-05 13:15:00,130.39999389648438,130.39999389648438,129.3000030517578,129.5,14874
2025-06-06 09:15:00,131.0,137.9499969482422,130.50999450683594,135.0,118159
2025-06-06 13:15:00,135.0,135.0,133.5800018310547,134.1199951171875,25191
2025-06-09 09:15:00,135.14999389648438,136.10000610351562,132.14999389648438,132.8000030517578,25257
2025-06-09 13:15:00,133.02999877929688,133.22000122070312,131.36000061035156,132.25999450683594,26775
2025-06-10 09:15:00,132.6999969482422,134.8699951171875,130.4499969482422,131.14999389648438,18816
2025-06-10 13:15:00,131.14999389648438,131.27999877929688,130.10000610351562,130.22000122070312,18895
2025-06-11 09:15:00,132.0,133.60000610351562,131.0,131.14999389648438,38360
2025-06-11 13:15:00,131.08999633789062,131.9499969482422,130.25,131.66000366210938,11764
2025-06-12 09:15:00,132.22000122070312,138.9499969482422,131.58999633789062,136.6999969482422,214023
2025-06-12 13:15:00,136.69000244140625,138.0,135.0,137.05999755859375,60640
2025-06-13 09:15:00,135.0,135.0,128.50999450683594,129.39999389648438,72274
2025-06-13 13:15:00,129.49000549316406,129.60000610351562,128.5,128.77000427246094,26125
2025-06-16 09:15:00,129.8000030517578,140.0,129.8000030517578,137.17999267578125,690760
2025-06-16 13:15:00,137.27000427246094,138.89999389648438,137.0500030517578,138.60000610351562,222191
2025-06-17 09:15:00,138.22999572753906,147.75,134.64999389648438,145.8300018310547,633698
2025-06-17 13:15:00,145.92999267578125,146.94000244140625,145.00999450683594,145.02000427246094,240918
2025-06-18 09:15:00,147.4199981689453,151.5,138.25,138.6999969482422,627882
2025-06-18 13:15:00,138.89999389648438,139.75,136.6300048828125,138.27000427246094,99647
2025-06-19 09:15:00,139.3800048828125,143.85000610351562,135.52999877929688,136.6199951171875,164809
2025-06-19 13:15:00,136.5500030517578,141.99000549316406,135.5,139.6300048828125,97921
2025-06-20 09:15:00,141.0,142.66000366210938,138.85000610351562,139.3000030517578,112188
2025-06-20 13:15:00,139.3000030517578,141.72000122070312,138.8300018310547,140.10000610351562,48502
2025-06-23 09:15:00,139.0,139.39999389648438,135.10000610351562,135.69000244140625,37660
2025-06-23 13:15:00,135.72000122070312,136.77999877929688,135.47000122070312,136.30999755859375,15329
2025-06-24 09:15:00,142.1999969482422,142.1999969482422,138.10000610351562,139.58999633789062,129231
2025-06-24 13:15:00,139.61000061035156,139.63999938964844,136.02000427246094,136.6999969482422,42670
2025-06-25 09:15:00,138.74000549316406,141.5,137.8300018310547,139.0800018310547,38746
2025-06-25 13:15:00,138.99000549316406,139.0,138.00999450683594,138.10000610351562,29520
2025-06-26 09:15:00,139.99000549316406,150.6300048828125,139.4600067138672,147.85000610351562,901568
2025-06-26 13:15:00,147.57000732421875,149.94000244140625,146.1999969482422,148.11000061035156,257617
2025-06-27 09:15:00,152.1199951171875,154.5399932861328,148.64999389648438,149.11000061035156,105991
2025-06-27 13:15:00,149.11000061035156,149.39999389648438,142.19000244140625,143.60000610351562,142773
2025-06-30 09:15:00,146.39999389648438,150.1999969482422,146.07000732421875,147.3000030517578,146525
2025-06-30 13:15:00,147.30999755859375,149.67999267578125,147.0,148.58999633789062,66539
2025-07-01 09:15:00,150.0,151.2899932861328,146.58999633789062,147.39999389648438,109886
2025-07-01 13:15:00,147.39999389648438,147.72999572753906,145.5500030517578,146.6999969482422,49804
2025-07-02 09:15:00,148.08999633789062,151.0,144.0,148.3300018310547,117557
2025-07-02 13:15:00,148.22000122070312,148.61000061035156,146.0,148.22000122070312,58685
2025-07-03 09:15:00,148.50999450683594,153.5,146.60000610351562,150.3699951171875,171417
2025-07-03 13:15:00,150.41000366210938,150.97000122070312,147.10000610351562,148.1199951171875,78101
2025-07-04 09:15:00,148.36000061035156,150.0500030517578,146.8699951171875,147.25999450683594,57070
2025-07-04 13:15:00,147.25999450683594,147.9600067138672,146.4600067138672,147.32000732421875,21810
2025-07-07 09:15:00,147.00999450683594,148.19000244140625,141.3000030517578,141.5500030517578,70156
2025-07-07 13:15:00,141.52000427246094,142.50999450683594,140.60000610351562,141.16000366210938,39255
2025-07-08 09:15:00,141.16000366210938,144.36000061035156,137.25,139.69000244140625,135040
2025-07-08 13:15:00,139.60000610351562,142.3800048828125,139.3699951171875,140.6999969482422,32986
2025-07-09 09:15:00,141.49000549316406,142.24000549316406,139.00999450683594,140.0,53504
2025-07-09 13:15:00,140.72999572753906,141.7899932861328,139.86000061035156,141.10000610351562,23862
2025-07-10 09:15:00,141.99000549316406,142.74000549316406,140.77000427246094,141.52000427246094,51522
2025-07-10 13:15:00,141.52000427246094,143.5,141.07000732421875,143.0,38831
2025-07-11 09:15:00,142.69000244140625,142.97999572753906,139.24000549316406,140.13999938964844,42584
2025-07-11 13:15:00,140.16000366210938,140.1999969482422,138.39999389648438,138.39999389648438,29969
2025-07-14 09:15:00,138.17999267578125,138.69000244140625,135.5500030517578,136.33999633789062,27918
2025-07-14 13:15:00,136.3000030517578,137.8300018310547,136.10000610351562,137.3699951171875,12234
2025-07-15 09:15:00,137.99000549316406,141.4499969482422,137.8800048828125,138.5800018310547,38072
2025-07-15 13:15:00,139.11000061035156,141.0,138.82000732421875,140.35000610351562,10449
2025-07-16 09:15:00,140.72000122070312,144.10000610351562,140.2100067138672,141.92999267578125,72505
2025-07-16 13:15:00,141.89999389648438,144.07000732421875,141.6999969482422,144.0,40200
2025-07-17 09:15:00,143.5500030517578,143.9199981689453,142.44000244140625,142.5399932861328,31261
2025-07-17 13:15:00,142.5500030517578,142.5500030517578,141.50999450683594,141.52000427246094,34398
2025-07-18 09:15:00,142.89999389648438,147.19000244140625,140.25999450683594,145.1199951171875,165042
2025-07-18 13:15:00,145.32000732421875,149.0,145.1999969482422,147.83999633789062,130557
2025-07-21 09:15:00,147.0,151.6999969482422,146.27999877929688,150.5,104611
2025-07-21 13:15:00,150.60000610351562,154.5500030517578,147.8800048828125,152.6999969482422,277211
2025-07-22 09:15:00,154.5,162.39999389648438,152.22999572753906,157.80999755859375,568032
2025-07-22 13:15:00,157.80999755859375,169.0,157.0500030517578,166.5500030517578,1391992
2025-07-23 09:15:00,166.88999938964844,166.88999938964844,162.75,164.91000366210938,344085
2025-07-23 13:15:00,164.91000366210938,165.5,164.00999450683594,165.0500030517578,120947
2025-07-24 09:15:00,165.02999877929688,170.60000610351562,163.5,164.82000732421875,394123
2025-07-24 13:15:00,164.5399932861328,164.5399932861328,161.0,162.30999755859375,92871
2025-07-25 09:15:00,161.0800018310547,162.49000549316406,155.75,156.74000549316406,113974
2025-07-25 13:15:00,156.75,159.94000244140625,155.5,158.07000732421875,621056
2025-07-28 09:15:00,156.92999267578125,162.16000366210938,155.49000549316406,157.77999877929688,45350
2025-07-28 13:15:00,158.17999267578125,158.17999267578125,155.41000366210938,156.00999450683594,30079
2025-07-29 09:15:00,156.00999450683594,162.5,155.2899932861328,160.64999389648438,188331
2025-07-29 13:15:00,160.89999389648438,162.58999633789062,160.3699951171875,161.1999969482422,97339
2025-07-30 09:15:00,162.6199951171875,164.89999389648438,160.77000427246094,162.6699981689453,187648
2025-07-30 13:15:00,162.63999938964844,165.0,161.3300018310547,164.0399932861328,71214
2025-07-31 09:15:00,162.0,162.97000122070312,157.11000061035156,160.8699951171875,217772
2025-07-31 13:15:00,160.77000427246094,161.66000366210938,154.50999450683594,156.69000244140625,179407
2025-08-01 09:15:00,161.89999389648438,178.97999572753906,160.5,176.00999450683594,8019053
2025-08-01 13:15:00,176.3000030517578,180.8999938964844,165.0,165.1999969482422,7039770
2025-08-04 09:15:00,165.36000061035156,176.77000427246094,165.36000061035156,174.22000122070312,584009
2025-08-04 13:15:00,174.74000549316406,175.19000244140625,172.36000061035156,174.10000610351562,495292
2025-08-05 09:15:00,173.8000030517578,174.74000549316406,167.44000244140625,169.19000244140625,303698
2025-08-05 13:15:00,169.00999450683594,171.5500030517578,168.0,170.6999969482422,61696
2025-08-06 09:15:00,170.88999938964844,170.88999938964844,165.0,169.05999755859375,225518
2025-08-06 13:15:00,169.08999633789062,169.77000427246094,167.66000366210938,169.1999969482422,64293
2025-08-07 09:15:00,167.92999267578125,173.89999389648438,166.88999938964844,168.58999633789062,283552
2025-08-07 13:15:00,168.58999633789062,174.9600067138672,167.14999389648438,173.8000030517578,192186
2025-08-08 09:15:00,175.5,175.5,170.58999633789062,172.9199981689453,171609
2025-08-08 13:15:00,173.08999633789062,175.8000030517578,170.13999938964844,171.80999755859375,92225
2025-08-11 09:15:00,171.0,175.42999267578125,168.36000061035156,169.52000427246094,42004
2025-08-11 13:15:00,169.30999755859375,173.1699981689453,169.22999572753906,171.50999450683594,44497
2025-08-12 09:15:00,170.41000366210938,174.10000610351562,165.9499969482422,167.0,138201
2025-08-12 13:15:00,167.47000122070312,167.47000122070312,166.5,167.35000610351562,57756
2025-08-13 09:15:00,168.6999969482422,170.22999572753906,166.47999572753906,168.00999450683594,27401
2025-08-13 13:15:00,168.00999450683594,169.5,167.33999633789062,168.99000549316406,56256
2025-08-14 09:15:00,169.88999938964844,172.94000244140625,157.63999938964844,161.0,374870
2025-08-14 13:15:00,161.0,162.69000244140625,160.5,160.5,100672
2025-08-18 09:15:00,164.97000122070312,164.97000122070312,160.00999450683594,161.99000549316406,65562
2025-08-18 13:15:00,161.97999572753906,163.0,161.75,162.5,26419
2025-08-19 09:15:00,162.97000122070312,168.97000122070312,161.02000427246094,166.99000549316406,79333
2025-08-19 13:15:00,166.99000549316406,168.88999938964844,166.6699981689453,168.8699951171875,57598
2025-08-20 09:15:00,167.5,168.0,162.50999450683594,163.52000427246094,114270
2025-08-20 13:15:00,163.6199951171875,163.8800048828125,162.49000549316406,163.0,52237
2025-08-21 09:15:00,166.0,169.6999969482422,163.41000366210938,167.5399932861328,116941
2025-08-21 13:15:00,168.44000244140625,168.6699981689453,161.11000061035156,162.94000244140625,63525
2025-08-22 09:15:00,162.0,166.14999389648438,161.52999877929688,164.25,57266
2025-08-22 13:15:00,164.17999267578125,165.0,163.00999450683594,163.17999267578125,28297
2025-08-25 09:15:00,165.1699981689453,165.1699981689453,161.1300048828125,163.27000427246094,11538
2025-08-25 13:15:00,163.0,167.02000427246094,162.5,162.9600067138672,80973
2025-08-26 09:15:00,161.39999389648438,162.6300048828125,160.60000610351562,161.8800048828125,45606
2025-08-26 13:15:00,161.8699951171875,162.13999938964844,157.00999450683594,158.32000732421875,36839
2025-08-28 09:15:00,157.0,157.99000549316406,153.5,153.91000366210938,37019
2025-08-28 13:15:00,154.0,154.2899932861328,149.52999877929688,151.0,55769
2025-08-29 09:15:00,151.08999633789062,151.38999938964844,143.5399932861328,146.82000732421875,179977
2025-08-29 13:15:00,146.8300018310547,147.4499969482422,146.0,147.10000610351562,37537
2025-09-01 09:15:00,149.0,149.11000061035156,146.32000732421875,146.32000732421875,19589
2025-09-01 13:15:00,146.44000244140625,148.41000366210938,146.39999389648438,148.24000549316406,23586
2025-09-02 09:15:00,147.47000122070312,154.25999450683594,147.00999450683594,150.39999389648438,29519
2025-09-02 13:15:00,150.22999572753906,151.0,148.77000427246094,149.85000610351562,34413
2025-09-03 09:15:00,152.4499969482422,153.0,149.6999969482422,152.0,18235
2025-09-03 13:15:00,151.44000244140625,153.0,150.60000610351562,151.66000366210938,20681
2025-09-04 09:15:00,154.39999389648438,154.39999389648438,147.2100067138672,148.0,35885
2025-09-04 13:15:00,147.8000030517578,148.58999633789062,146.75,147.99000549316406,25828
2025-09-05 09:15:00,148.22999572753906,148.22999572753906,145.00999450683594,145.41000366210938,21885
2025-09-05 13:15:00,145.3800048828125,150.33999633789062,145.0,146.49000549316406,64535
2025-09-08 09:15:00,145.86000061035156,147.4499969482422,144.11000061035156,146.52999877929688,25986
2025-09-08 13:15:00,146.8000030517578,147.75,145.75,146.05999755859375,18901
2025-09-09 09:15:00,146.0,148.58999633789062,144.19000244140625,145.13999938964844,26560
2025-09-09 13:15:00,145.0399932861328,147.47999572753906,143.10000610351562,143.1999969482422,48827
2025-09-10 09:15:00,145.60000610351562,147.72999572753906,144.1699981689453,146.30999755859375,70401
2025-09-10 13:15:00,146.4499969482422,147.0,145.2100067138672,147.0,22101
2025-09-11 09:15:00,148.0,148.0,144.9499969482422,145.16000366210938,46673
2025-09-11 13:15:00,145.22000122070312,147.89999389648438,145.1999969482422,145.77000427246094,7610
2025-09-12 09:15:00,147.8000030517578,148.75,145.35000610351562,146.50999450683594,31795
2025-09-12 13:15:00,146.24000549316406,148.0,146.24000549316406,146.30999755859375,15651
2025-09-15 09:15:00,146.5,146.75,145.0,145.4199981689453,19968
2025-09-15 13:15:00,145.19000244140625,146.41000366210938,145.0,145.25,56345
2025-09-16 09:15:00,147.94000244140625,147.94000244140625,145.3000030517578,145.9199981689453,6622
2025-09-16 13:15:00,145.61000061035156,145.61000061035156,145.61000061035156,145.61000061035156,0
2025-09-17 09:15:00,144.3000030517578,147.77000427246094,144.3000030517578,146.0,45907
2025-09-17 13:15:00,146.0500030517578,146.92999267578125,145.0,145.77000427246094,33932
2025-09-18 09:15:00,146.60000610351562,147.88999938964844,145.42999267578125,146.0,33311
2025-09-18 13:15:00,146.2899932861328,147.5,146.0,147.5,14655
2025-09-19 09:15:00,148.0,148.22999572753906,145.5500030517578,145.89999389648438,18006
2025-09-19 13:15:00,145.89999389648438,148.0,145.05999755859375,145.77000427246094,19312
2025-09-22 09:15:00,147.64999389648438,147.64999389648438,142.3300018310547,144.6300048828125,63197
2025-09-22 13:15:00,144.85000610351562,145.92999267578125,144.22000122070312,145.05999755859375,52168
2025-09-23 09:15:00,145.25999450683594,145.58999633789062,144.0,144.88999938964844,8031
2025-09-23 13:15:00,144.8800048828125,144.8800048828125,143.5,144.07000732421875,35762
2025-09-24 09:15:00,143.88999938964844,145.9499969482422,142.9499969482422,145.5,13270
2025-09-24 13:15:00,145.5,145.72000122070312,145.11000061035156,145.5,14976
2025-09-25 09:15:00,143.58999633789062,145.0,142.5,143.5,31590
2025-09-25 13:15:00,143.5,144.39999389648438,143.5,143.9499969482422,15061
2025-09-26 09:15:00,142.64999389648438,143.64999389648438,137.1999969482422,139.25,96906
2025-09-26 13:15:00,139.0,139.99000549316406,137.1199951171875,138.3000030517578,42539
2025-09-29 09:15:00,136.1199951171875,137.36000061035156,129.2100067138672,129.3000030517578,174474
2025-09-29 13:15:00,129.55999755859375,130.49000549316406,127.25,128.2100067138672,64319
2025-09-30 09:15:00,128.0,129.75,124.5199966430664,124.77999877929688,24345
2025-09-30 13:15:00,124.7699966430664,126.6999969482422,124.01000213623048,125.0199966430664,17296
2025-10-01 09:15:00,127.0,127.5,124.26000213623048,126.97000122070312,21269
2025-10-01 13:15:00,126.97000122070312,130.39999389648438,126.9000015258789,128.6300048828125,52498
2025-10-03 09:15:00,126.95999908447266,130.3000030517578,126.8000030517578,128.8800048828125,11490
2025-10-03 13:15:00,128.8300018310547,129.0399932861328,127.0500030517578,127.0500030517578,15632
2025-10-06 09:15:00,128.4499969482422,130.08999633789062,122.7300033569336,124.0,77865
2025-10-06 13:15:00,124.0,124.1500015258789,122.6500015258789,123.29000091552734,34318
2025-10-07 09:15:00,123.9499969482422,127.98999786376952,123.94000244140624,126.08999633789062,36986
2025-10-07 13:15:00,125.91999816894533,126.93000030517578,124.36000061035156,125.75,28575
2025-10-08 09:15:00,126.9000015258789,126.9000015258789,120.36000061035156,121.0999984741211,93670
2025-10-08 13:15:00,121.3000030517578,122.4000015258789,120.0999984741211,121.0999984741211,47963
2025-10-09 09:15:00,121.0999984741211,122.20999908447266,111.6500015258789,112.66000366210938,152074
2025-10-09 13:15:00,112.06999969482422,113.26000213623048,110.16999816894533,111.1999969482422,160327
2025-10-10 09:15:00,112.8000030517578,114.75,111.73999786376952,114.1500015258789,41303
2025-10-10 13:15:00,114.05999755859376,114.5,113.0,113.5500030517578,39953
2025-10-13 09:15:00,113.1500015258789,114.79000091552734,110.73999786376952,110.73999786376952,35365
2025-10-13 13:15:00,110.75,111.0,108.75,109.80999755859376,59293
2025-10-14 09:15:00,111.6999969482422,112.9000015258789,109.12000274658205,109.68000030517578,17663
2025-10-14 13:15:00,109.66000366210938,110.0500030517578,109.0,109.79000091552734,31134
2025-10-15 09:15:00,111.01000213623048,111.01000213623048,107.41000366210938,107.9000015258789,49704
2025-10-15 13:15:00,107.87999725341795,108.5,106.1500015258789,107.38999938964844,46599
2025-10-16 09:15:00,107.91999816894533,119.0,107.75,115.93000030517578,294252
2025-10-16 13:15:00,115.95999908447266,128.86000061035156,113.6500015258789,124.12999725341795,401049
2025-10-17 09:15:00,124.26000213623048,124.26000213623048,116.33000183105467,117.20999908447266,97834
2025-10-17 13:15:00,117.20999908447266,119.16999816894533,116.05999755859376,118.1500015258789,122645
2025-10-20 09:15:00,119.47000122070312,119.47000122070312,116.3000030517578,118.3499984741211,34388
2025-10-20 13:15:00,118.8000030517578,121.88999938964844,118.5,119.25,77429
2025-10-21 13:15:00,119.76000213623048,121.4000015258789,118.0,118.91000366210938,23132
2025-10-23 09:15:00,119.0,121.56999969482422,119.0,119.56999969482422,45093
2025-10-23 13:15:00,119.55999755859376,120.5,119.08000183105467,119.43000030517578,31881
2025-10-24 09:15:00,121.0,121.87999725341795,118.5999984741211,121.0500030517578,36025
2025-10-24 13:15:00,121.0,121.0,119.0999984741211,120.0,22824
2025-10-27 09:15:00,121.8499984741211,130.39999389648438,120.54000091552734,125.22000122070312,326893
2025-10-27 13:15:00,125.22000122070312,126.55999755859376,124.01000213623048,124.47000122070312,77742
2025-10-28 09:15:00,124.38999938964844,129.08999633789062,124.01000213623048,127.20999908447266,72348
2025-10-28 13:15:00,127.3000030517578,129.60000610351562,127.1500015258789,128.47999572753906,86239
2025-10-29 09:15:00,128.8000030517578,130.77000427246094,125.6999969482422,129.0,83876
2025-10-29 13:15:00,128.60000610351562,128.60000610351562,124.3499984741211,126.1999969482422,61214
2025-10-30 09:15:00,126.55999755859376,130.4499969482422,125.3000030517578,126.29000091552734,17839
2025-10-30 13:15:00,126.55999755859376,127.41999816894533,125.0,126.12000274658205,33706
2025-10-31 09:15:00,118.44000244140624,121.7300033569336,117.0,117.5500030517578,212790
2025-10-31 13:15:00,117.51000213623048,118.22000122070312,115.5,116.1500015258789,123761
2025-11-03 09:15:00,118.5999984741211,118.6999969482422,113.68000030517578,115.08000183105467,32799
2025-11-03 13:15:00,114.7699966430664,116.80999755859376,114.01000213623048,115.37999725341795,32763
2025-11-04 09:15:00,116.0999984741211,116.0999984741211,113.16000366210938,114.08000183105467,16141
2025-11-04 13:15:00,113.79000091552734,114.52999877929688,113.0,113.55999755859376,19223
2025-11-06 09:15:00,113.5,114.0,110.66000366210938,111.33999633789062,15743
2025-11-06 13:15:00,111.33999633789062,111.33999633789062,107.8499984741211,108.75,88172
2025-11-07 09:15:00,110.04000091552734,110.04000091552734,107.0,107.91999816894533,34748
2025-11-07 13:15:00,108.5199966430664,112.48999786376952,108.0,111.08999633789062,41681
2025-11-10 09:15:00,111.37000274658205,113.5,109.3000030517578,111.72000122070312,26723
2025-11-10 13:15:00,111.72000122070312,113.37999725341795,110.0,111.26000213623048,22258
2025-11-11 09:15:00,113.5,113.5,109.0,110.0,7057
2025-11-11 13:15:00,110.08999633789062,111.0,109.77999877929688,110.18000030517578,13440
2025-11-12 09:15:00,113.0,113.0,109.87000274658205,111.06999969482422,8796
2025-11-12 13:15:00,110.9000015258789,111.93000030517578,110.08000183105467,110.95999908447266,14463
2025-11-13 09:15:00,112.0,112.0,109.5500030517578,110.62000274658205,11623
2025-11-13 13:15:00,110.58000183105467,110.87999725341795,109.25,110.0,15941
2025-11-14 09:15:00,111.98999786376952,112.5,109.25,110.41999816894533,17019
2025-11-14 13:15:00,110.33999633789062,110.33999633789062,107.87999725341795,108.77999877929688,43861
2025-11-17 09:15:00,109.1999969482422,112.0,108.51000213623048,110.44000244140624,22985
2025-11-17 13:15:00,110.30999755859376,111.9000015258789,110.22000122070312,111.16999816894533,13651
2025-11-18 09:15:00,110.93000030517578,114.33999633789062,109.5199966430664,113.55999755859376,44212
2025-11-18 13:15:00,113.9000015258789,115.0,111.55999755859376,112.41000366210938,61397
2025-11-19 09:15:00,112.0,112.29000091552734,110.0,110.83999633789062,18458
2025-11-19 13:15:00,110.8000030517578,111.1999969482422,110.2300033569336,110.9800033569336,13790
2025-11-20 09:15:00,111.0199966430664,111.5,110.0,110.5,9801
2025-11-20 13:15:00,110.69000244140624,110.75,109.5,109.9800033569336,11233
2025-11-21 09:15:00,109.5,112.9499969482422,109.3000030517578,111.9000015258789,25345
2025-11-21 13:15:00,111.9000015258789,111.9000015258789,109.1999969482422,109.70999908447266,28017
2025-11-24 09:15:00,109.6999969482422,111.88999938964844,108.0999984741211,108.27999877929688,6942
2025-11-24 13:15:00,108.52999877929688,108.69000244140624,105.43000030517578,106.1500015258789,21416
2025-11-25 09:15:00,106.16000366210938,107.4499969482422,105.4000015258789,107.08000183105467,10306
2025-11-25 13:15:00,106.9000015258789,107.4499969482422,106.01000213623048,106.55999755859376,10240
2025-11-26 09:15:00,107.08999633789062,112.7699966430664,107.08999633789062,108.55999755859376,12516
2025-11-26 13:15:00,108.55999755859376,109.23999786376952,108.0,108.68000030517578,8036
2025-11-27 09:15:00,108.0999984741211,111.08999633789062,107.0999984741211,110.22000122070312,27944
2025-11-27 13:15:00,110.22000122070312,111.77999877929688,110.0,111.13999938964844,25005
2025-11-28 09:15:00,110.5999984741211,121.0999984741211,110.5999984741211,118.5,215947
2025-11-28 13:15:00,118.5,119.0,115.02999877929688,115.94000244140624,107503
2025-12-01 09:15:00,116.98999786376952,116.98999786376952,111.1999969482422,112.47000122070312,27957
2025-12-01 13:15:00,112.4800033569336,112.48999786376952,111.51000213623048,112.08999633789062,30185
2025-12-02 09:15:00,111.01000213623048,111.56999969482422,109.58999633789062,110.43000030517578,20114
2025-12-02 13:15:00,110.16999816894533,110.4800033569336,109.1999969482422,109.66000366210938,12681
2025-12-03 09:15:00,109.66000366210938,112.5999984741211,109.51000213623048,110.2300033569336,11132
2025-12-03 13:15:00,110.20999908447266,110.5999984741211,109.0500030517578,109.76000213623048,14477
2025-12-04 09:15:00,109.01000213623048,111.77999877929688,109.01000213623048,109.44000244140624,10206
2025-12-04 13:15:00,109.44000244140624,110.58000183105467,109.12000274658205,109.70999908447266,11410
2025-12-05 09:15:00,111.05999755859376,111.05999755859376,107.0999984741211,107.25,15045
2025-12-05 13:15:00,107.26000213623048,107.98999786376952,107.0500030517578,107.3499984741211,18600
2025-12-08 09:15:00,107.3499984741211,111.01000213623048,107.29000091552734,108.18000030517578,13483
2025-12-08 13:15:00,108.16000366210938,108.20999908447266,106.8000030517578,107.1999969482422,18234
2025-12-09 09:15:00,107.1999969482422,108.55999755859376,102.31999969482422,108.12999725341795,60317
2025-12-09 13:15:00,108.1500015258789,109.4499969482422,107.1999969482422,107.91000366210938,22598
2025-12-10 09:15:00,107.91000366210938,110.25,107.11000061035156,109.55999755859376,14101
2025-12-10 13:15:00,109.55999755859376,112.51000213623048,109.0500030517578,110.91999816894533,27298
2025-12-11 09:15:00,110.9800033569336,111.69000244140624,108.2300033569336,108.2300033569336,9100
2025-12-11 13:15:00,108.1500015258789,109.1999969482422,107.16000366210938,108.72000122070312,18395
2025-12-12 09:15:00,110.0999984741211,110.4000015258789,109.4000015258789,109.91999816894533,6669
2025-12-12 13:15:00,109.72000122070312,110.6500015258789,108.5,109.44000244140624,15926
2025-12-15 09:15:00,108.3499984741211,110.18000030517578,107.80999755859376,108.33999633789062,12376
2025-12-15 13:15:00,108.0999984741211,109.0,108.0,108.52999877929688,16768
2025-12-16 09:15:00,108.52999877929688,108.93000030517578,107.66999816894533,108.1999969482422,13039
2025-12-16 13:15:00,108.3000030517578,108.5999984741211,107.52999877929688,107.63999938964844,10254
2025-12-17 09:15:00,107.83000183105467,107.83000183105467,105.5500030517578,105.5500030517578,8899
2025-12-17 13:15:00,105.5500030517578,106.0500030517578,105.05999755859376,105.98999786376952,11755
2025-12-18 09:15:00,105.0,106.0500030517578,103.9499969482422,104.76000213623048,15027
2025-12-18 13:15:00,104.87000274658205,104.87000274658205,101.0,101.94000244140624,73219
2025-12-19 09:15:00,101.98999786376952,103.83999633789062,101.66000366210938,102.4000015258789,13595
2025-12-19 13:15:00,102.37000274658205,103.5,101.91999816894533,103.12000274658205,33112
2025-12-22 09:15:00,104.1999969482422,107.9499969482422,103.5999984741211,106.55999755859376,17142
2025-12-22 13:15:00,106.4499969482422,107.16999816894533,105.5,106.83000183105467,15203
2025-12-23 09:15:00,108.4000015258789,108.4000015258789,104.25,104.72000122070312,71477
2025-12-23 13:15:00,104.72000122070312,105.5999984741211,104.1999969482422,105.1999969482422,26168
2025-12-24 09:15:00,107.5,107.5,105.12000274658205,105.43000030517578,10766
2025-12-24 13:15:00,105.41000366210938,106.75,105.13999938964844,106.5,20854
2025-12-26 09:15:00,105.3000030517578,106.29000091552734,104.81999969482422,105.16999816894533,3898
2025-12-26 13:15:00,105.16000366210938,106.18000030517578,104.5,104.9000015258789,12875
2025-12-29 09:15:00,105.0,105.77999877929688,103.25,103.3499984741211,9092
2025-12-29 13:15:00,103.36000061035156,104.98999786376952,103.01000213623048,104.38999938964844,15672
2025-12-30 09:15:00,106.0,107.0,103.3499984741211,103.5,8714
2025-12-30 13:15:00,103.4499969482422,106.0,103.25,104.05999755859376,9572
2025-12-31 09:15:00,106.5,106.5,104.0,105.36000061035156,5248
2025-12-31 13:15:00,105.5999984741211,105.5999984741211,103.2300033569336,104.05999755859376,40794
2026-01-01 09:15:00,106.47000122070312,106.47000122070312,103.5,103.5,6918
2026-01-01 13:15:00,104.08000183105467,104.58000183105467,103.1999969482422,104.18000030517578,12401
2026-01-02 09:15:00,103.41999816894533,106.88999938964844,103.41999816894533,106.26000213623048,22843
2026-01-02 13:15:00,106.0,106.36000061035156,104.91999816894533,105.0199966430664,28332
2026-01-05 09:15:00,107.0,108.0,103.83000183105467,105.41999816894533,17655
2026-01-05 13:15:00,105.41999816894533,106.0,104.61000061035156,104.91999816894533,6648
2026-01-06 09:15:00,104.02999877929688,104.88999938964844,103.31999969482422,103.8000030517578,4258
2026-01-06 13:15:00,103.8000030517578,104.18000030517578,103.36000061035156,104.16999816894533,11869
2026-01-07 09:15:00,103.8000030517578,104.08999633789062,102.6999969482422,103.0,15930
2026-01-07 13:15:00,103.0,103.98999786376952,102.6999969482422,103.41000366210938,17719
2026-01-08 09:15:00,103.0500030517578,104.12000274658205,99.5999984741211,100.08000183105467,50237
2026-01-08 13:15:00,100.08000183105467,100.41000366210938,97.1500015258789,97.1999969482422,85909
2026-01-09 09:15:00,100.9000015258789,100.9000015258789,96.0999984741211,97.8000030517578,15847
2026-01-09 13:15:00,97.5999984741211,98.19000244140624,96.0999984741211,98.19000244140624,25051
2026-01-12 09:15:00,99.4499969482422,99.4499969482422,94.9000015258789,95.6999969482422,33959
2026-01-12 13:15:00,95.6500015258789,96.4800033569336,95.0,95.63999938964844,21542
2026-01-13 09:15:00,97.02999877929688,97.5500030517578,95.77999877929688,96.23999786376952,15034
2026-01-13 13:15:00,96.0,96.1999969482422,95.5,96.04000091552734,9693
2026-01-14 09:15:00,96.0500030517578,98.0,95.62000274658205,97.33000183105467,15129
2026-01-14 13:15:00,97.52999877929688,97.86000061035156,96.72000122070312,96.72000122070312,14169
2026-01-16 09:15:00,97.0999984741211,98.0,94.01000213623048,94.3499984741211,43462
2026-01-16 13:15:00,94.56999969482422,95.0,93.5,94.01000213623048,18923
2026-01-19 09:15:00,94.5,94.79000091552734,91.5,92.93000030517578,21862
2026-01-19 13:15:00,92.62000274658205,93.9000015258789,91.2300033569336,92.41000366210938,11260
2026-01-20 09:15:00,93.79000091552734,93.79000091552734,91.13999938964844,91.56999969482422,9070
2026-01-20 13:15:00,91.55999755859376,91.55999755859376,88.1500015258789,89.29000091552734,27212
2026-01-21 09:15:00,89.9000015258789,92.9499969482422,88.44000244140625,91.9000015258789,22933
2026-01-21 13:15:00,92.5500030517578,92.5500030517578,90.01000213623047,90.88999938964844,25046
2026-01-22 09:15:00,92.9000015258789,93.83999633789062,90.5,91.55999755859376,11440
2026-01-22 13:15:00,91.5500030517578,93.0500030517578,91.4000015258789,92.3000030517578,7286
2026-01-23 09:15:00,93.0500030517578,93.16999816894533,90.80999755859376,91.97000122070312,6686
2026-01-23 13:15:00,91.5500030517578,91.5500030517578,89.01000213623047,89.48999786376953,15790
2026-01-27 09:15:00,89.80000305175781,89.98999786376953,88.20999908447266,88.70999908447266,10534
2026-01-27 13:15:00,88.70999908447266,93.9000015258789,86.0199966430664,89.25,19690
2026-01-28 09:15:00,89.25,94.77999877929688,89.0,91.0,52809
2026-01-28 13:15:00,91.29000091552734,92.0,89.4000015258789,90.48999786376952,23593
2026-01-29 09:15:00,90.79000091552734,91.20999908447266,88.0999984741211,89.05000305175781,43778
2026-01-29 13:15:00,89.0,90.0,88.0,88.19000244140625,32610
2026-01-30 09:15:00,87.73999786376953,90.54000091552734,86.62000274658203,89.3499984741211,37721
2026-01-30 13:15:00,89.3499984741211,90.66999816894533,88.19000244140625,89.16000366210938,16476
2026-02-02 13:15:00,90.97000122070312,90.97000122070312,90.97000122070312,90.97000122070312,0
2026-02-03 09:15:00,109.0,109.16000366210938,99.0,109.16000366210938,476192
2026-02-03 13:15:00,109.16000366210938,109.16000366210938,109.16000366210938,109.16000366210938,6074
2026-02-04 09:15:00,113.8000030517578,124.20999908447266,113.8000030517578,122.58000183105467,457592
2026-02-04 13:15:00,122.58000183105467,124.87000274658205,120.20999908447266,123.48999786376952,358840
2026-02-05 09:15:00,121.48999786376952,122.88999938964844,118.48999786376952,119.25,39003
2026-02-05 13:15:00,119.0,119.9499969482422,116.9000015258789,117.8000030517578,38045
2026-02-06 09:15:00,117.0,119.8000030517578,113.62999725341795,116.5,36276
2026-02-06 13:15:00,116.5,123.9000015258789,116.1999969482422,123.5,79477
2026-02-09 09:15:00,124.0,124.97000122070312,120.54000091552734,121.62000274658205,72906
2026-02-09 13:15:00,121.66999816894533,124.0,117.0999984741211,119.13999938964844,61055
2026-02-10 09:15:00,134.72999572753906,142.9600067138672,130.8000030517578,135.00999450683594,1762177
2026-02-10 13:15:00,135.00999450683594,135.8000030517578,128.0500030517578,129.08999633789062,320934
2026-02-11 09:15:00,129.39999389648438,131.8000030517578,126.61000061035156,127.4800033569336,47989
2026-02-11 13:15:00,127.4800033569336,127.98999786376952,127.01000213623048,127.30999755859376,34489
2026-02-12 09:15:00,127.0,127.0,123.4000015258789,124.5199966430664,22172
2026-02-12 13:15:00,124.01000213623048,126.2699966430664,121.2300033569336,123.41999816894533,89877
2026-02-13 09:15:00,122.0,122.62999725341795,120.01000213623048,121.25,19384
2026-02-13 13:15:00,121.5,121.81999969482422,118.3000030517578,119.62999725341795,47900
2026-02-16 09:15:00,117.02999877929688,123.0,117.02999877929688,119.9800033569336,34756
2026-02-16 13:15:00,119.9800033569336,120.0,119.0,119.52999877929688,16024
2026-02-17 09:15:00,118.94000244140624,126.1999969482422,118.36000061035156,125.05999755859376,110823
2026-02-17 13:15:00,124.91999816894533,125.5,122.0,123.48999786376952,47996
2026-02-18 09:15:00,124.5999984741211,126.0,122.0199966430664,122.66999816894533,16147
2026-02-18 13:15:00,122.79000091552734,123.02999877929688,121.0,121.0,46011
2026-02-19 09:15:00,122.6999969482422,126.4800033569336,121.0,121.3000030517578,14740
2026-02-19 13:15:00,121.30999755859376,121.70999908447266,119.04000091552734,120.27999877929688,24250
2026-02-20 09:15:00,120.37999725341795,121.5500030517578,117.61000061035156,118.56999969482422,17326
2026-02-20 13:15:00,118.5999984741211,119.95999908447266,117.1999969482422,117.8000030517578,30493
2026-02-23 09:15:00,118.83000183105467,123.41999816894533,117.4800033569336,118.18000030517578,29004
2026-02-23 13:15:00,118.11000061035156,119.12000274658205,117.12999725341795,117.45999908447266,15485
2026-02-24 09:15:00,116.18000030517578,117.0,114.5500030517578,114.7699966430664,15845
2026-02-24 13:15:00,114.7699966430664,115.5500030517578,113.51000213623048,115.1500015258789,21237
2026-02-25 09:15:00,115.1500015258789,118.20999908447266,111.79000091552734,112.75,87064
2026-02-25 13:15:00,112.7300033569336,120.9000015258789,112.0500030517578,116.6999969482422,206537
2026-02-26 09:15:00,115.8000030517578,116.7699966430664,111.8499984741211,112.36000061035156,95225
2026-02-26 13:15:00,112.36000061035156,112.94000244140624,111.0,112.4800033569336,60873
2026-02-27 09:15:00,113.25,113.98999786376952,109.61000061035156,111.13999938964844,20132
2026-02-27 13:15:00,111.13999938964844,117.0,111.01000213623048,114.51000213623048,68654
2026-03-02 09:15:00,110.0999984741211,111.9000015258789,107.83000183105467,108.9000015258789,40473
2026-03-02 13:15:00,108.83000183105467,110.44000244140624,108.18000030517578,109.68000030517578,42732
2026-03-04 09:15:00,107.0999984741211,108.0,104.51000213623048,105.26000213623048,23777
2026-03-04 13:15:00,105.11000061035156,105.8000030517578,104.0,104.48999786376952,28526
2026-03-05 09:15:00,104.48999786376952,107.87000274658205,103.44000244140624,105.12000274658205,29140
2026-03-05 13:15:00,105.0,106.37999725341795,103.86000061035156,105.86000061035156,38409
2026-03-06 09:15:00,105.33000183105467,122.3499984741211,105.33000183105467,118.75,1292157
2026-03-06 13:15:00,118.8000030517578,121.05999755859376,112.54000091552734,117.79000091552734,2075535
2026-03-09 09:15:00,115.98999786376952,115.98999786376952,111.0,112.68000030517578,62383
2026-03-09 13:15:00,112.68000030517578,116.68000030517578,111.61000061035156,115.16000366210938,132601
2026-03-10 09:15:00,117.3499984741211,117.3499984741211,113.16000366210938,116.2699966430664,43348
2026-03-10 13:15:00,116.2699966430664,122.0,116.1999969482422,121.01000213623048,157289
2026-03-11 09:15:00,119.1999969482422,123.73999786376952,119.1999969482422,119.5,68213
2026-03-11 13:15:00,119.48999786376952,122.1999969482422,119.20999908447266,120.06999969482422,111293
2026-03-12 09:15:00,120.0,127.16999816894533,117.5,124.9000015258789,158947
2026-03-12 13:15:00,124.9000015258789,125.31999969482422,122.6500015258789,124.0,50339
2026-03-13 09:15:00,122.0,124.29000091552734,121.0999984741211,122.0,41606
2026-03-13 13:15:00,122.16000366210938,123.88999938964844,121.62000274658205,122.69000244140624,32121
2026-03-16 09:15:00,120.8000030517578,121.0999984741211,118.16000366210938,119.9000015258789,41417
2026-03-16 13:15:00,119.9000015258789,121.66000366210938,119.12000274658205,120.16000366210938,28020
2026-03-17 09:15:00,120.76000213623048,121.1999969482422,119.31999969482422,120.0999984741211,67590
2026-03-17 13:15:00,120.0999984741211,122.44000244140624,119.5,120.0199966430664,144040
2026-03-18 09:15:00,120.0,124.0,119.08000183105467,122.8499984741211,55109
2026-03-18 13:15:00,122.75,128.7899932861328,122.43000030517578,126.3000030517578,238688
2026-03-19 09:15:00,125.9800033569336,126.93000030517578,120.51000213623048,120.51000213623048,65583
2026-03-19 13:15:00,120.33000183105467,120.9800033569336,118.62000274658205,119.52999877929688,56946
2026-03-20 09:15:00,120.9800033569336,124.0,120.66000366210938,121.22000122070312,17124
2026-03-20 13:15:00,121.5,122.4800033569336,118.1999969482422,118.1999969482422,26308
2026-03-23 09:15:00,117.43000030517578,119.38999938964844,116.29000091552734,117.5,60318
2026-03-23 13:15:00,117.5,119.9000015258789,117.5,119.6999969482422,36387
2026-03-24 09:15:00,119.1999969482422,121.83000183105467,118.0,120.6500015258789,29138
2026-03-24 13:15:00,120.6500015258789,120.8000030517578,118.0,118.04000091552734,12345
2026-03-25 09:15:00,119.0,122.6999969482422,119.0,120.9499969482422,22769
2026-03-25 13:15:00,120.6999969482422,122.1999969482422,119.3499984741211,121.1999969482422,61100
2026-03-27 09:15:00,120.5,121.7300033569336,118.0199966430664,119.3000030517578,35473
2026-03-27 13:15:00,118.83000183105467,119.5,118.58000183105467,119.01000213623048,54350
2026-03-30 09:15:00,117.0,119.29000091552734,116.0999984741211,117.4499969482422,39469
2026-03-30 13:15:00,117.05999755859376,117.3000030517578,114.02999877929688,114.94000244140624,68738
2026-04-01 09:15:00,123.0,123.0,117.9499969482422,121.3000030517578,18631
2026-04-01 13:15:00,121.0999984741211,122.0,120.0,120.98999786376952,23537
2026-04-02 09:15:00,119.0,121.5,117.0999984741211,121.05999755859376,18121
2026-04-02 13:15:00,121.1999969482422,124.19000244140624,121.1999969482422,123.13999938964844,34456
2026-04-06 09:15:00,126.5,126.5,121.80999755859376,123.72000122070312,15984
2026-04-06 13:15:00,123.37000274658205,124.04000091552734,122.9000015258789,123.3000030517578,16716
2026-04-07 09:15:00,122.5,125.79000091552734,122.41000366210938,124.87000274658205,27615
2026-04-07 13:15:00,124.87000274658205,125.0,123.4800033569336,124.20999908447266,10559
2026-04-08 09:15:00,127.0,129.1999969482422,124.83000183105467,127.94000244140624,70604
2026-04-08 13:15:00,127.94000244140624,127.94000244140624,126.20999908447266,126.5999984741211,29833
2026-04-09 09:15:00,128.39999389648438,129.5,123.0500030517578,123.0500030517578,118668
2026-04-09 13:15:00,123.16999816894533,124.02999877929688,122.0999984741211,122.66999816894533,42272
2026-04-10 09:15:00,124.51000213623048,125.9800033569336,123.01000213623048,123.81999969482422,17123
2026-04-10 13:15:00,123.8499984741211,124.48999786376952,123.0500030517578,123.62999725341795,21288
2026-04-13 09:15:00,122.0,124.0199966430664,120.41000366210938,122.86000061035156,29245
2026-04-13 13:15:00,123.38999938964844,127.6999969482422,121.72000122070312,126.41999816894533,130913
2026-04-15 09:15:00,129.0,130.47000122070312,127.5199966430664,129.0,39213
2026-04-15 13:15:00,128.97999572753906,130.1999969482422,127.1999969482422,128.0,65950
2026-04-16 09:15:00,129.33999633789062,137.88999938964844,127.80999755859376,136.25,350205
2026-04-16 13:15:00,136.00999450683594,138.49000549316406,134.41000366210938,137.0500030517578,200330
2026-04-17 09:15:00,137.89999389648438,142.5,136.14999389648438,141.60000610351562,150470
2026-04-17 13:15:00,141.39999389648438,142.42999267578125,140.1999969482422,140.60000610351562,55253
2026-04-20 09:15:00,140.60000610351562,140.60000610351562,135.6999969482422,138.0,0
2026-04-20 13:15:00,141.32000732421875,141.32000732421875,135.10000610351562,135.88999938964844,50995
2026-04-21 09:15:00,135.88999938964844,138.69000244140625,135.6999969482422,136.64999389648438,23776
2026-04-21 13:15:00,136.64999389648438,138.47999572753906,136.42999267578125,137.14999389648438,28826
2026-04-22 09:15:00,136.0,138.97000122070312,136.0,136.75,10282
2026-04-22 13:15:00,137.0,137.3000030517578,136.1300048828125,136.57000732421875,14232
2026-04-23 09:15:00,137.52000427246094,137.52000427246094,132.10000610351562,132.25999450683594,43421
2026-04-23 13:15:00,132.38999938964844,132.75,129.11000061035156,130.67999267578125,64544
2026-04-24 09:15:00,130.14999389648438,131.60000610351562,127.11000061035156,128.35000610351562,29982
2026-04-24 13:15:00,128.22000122070312,129.97000122070312,128.0,128.8000030517578,24035
2026-04-27 09:15:00,128.5,132.5500030517578,128.5,131.16000366210938,23235
2026-04-27 13:15:00,131.2899932861328,132.10000610351562,130.3000030517578,131.58999633789062,16951
2026-04-28 09:15:00,132.1199951171875,138.0,131.10000610351562,137.0,120331
2026-04-28 13:15:00,137.1199951171875,137.7899932861328,135.0,135.22000122070312,38767
2026-04-29 09:15:00,136.27000427246094,144.47999572753906,135.00999450683594,143.39999389648438,208434
2026-04-29 13:15:00,143.32000732421875,148.25,142.0,145.0,387741
2026-04-30 09:15:00,146.3000030517578,148.38999938964844,141.60000610351562,143.39999389648438,50151
2026-04-30 13:15:00,143.02999877929688,145.0,140.35000610351562,141.5,74357
2026-05-04 09:15:00,143.4499969482422,149.2899932861328,143.4499969482422,146.82000732421875,86244
2026-05-04 13:15:00,146.82000732421875,149.0,145.0,147.94000244140625,86805
2026-05-05 09:15:00,147.4600067138672,147.88999938964844,144.00999450683594,146.30999755859375,32543
2026-05-05 13:15:00,146.55999755859375,146.8000030517578,144.24000549316406,144.7100067138672,24513
2026-05-06 09:15:00,145.6999969482422,145.6999969482422,143.0,143.35000610351562,8807
2026-05-06 13:15:00,143.67999267578125,145.8000030517578,143.67999267578125,145.0,19491
2026-05-07 09:15:00,145.0,146.97999572753906,145.0,146.22000122070312,12053
2026-05-07 13:15:00,144.8000030517578,145.4600067138672,144.00999450683594,144.8000030517578,27938
2026-05-08 09:15:00,144.47999572753906,173.1999969482422,142.2100067138672,166.5,2294969
2026-05-08 13:15:00,166.5,166.5,159.0,160.22000122070312,457509
2026-05-11 09:15:00,161.6999969482422,162.7899932861328,155.3800048828125,156.39999389648438,71915
2026-05-11 13:15:00,156.41000366210938,157.0,154.3000030517578,155.6199951171875,58604
2026-05-12 09:15:00,154.0,154.5,145.86000061035156,146.25,84389
2026-05-12 13:15:00,146.83999633789062,147.1300048828125,143.0,143.94000244140625,81083
2026-05-13 09:15:00,147.8000030517578,151.3800048828125,144.6199951171875,147.52999877929688,67180
2026-05-13 13:15:00,147.1199951171875,148.57000732421875,146.0,147.44000244140625,48441
2026-05-14 09:15:00,148.42999267578125,151.3699951171875,145.25999450683594,147.0,35345
2026-05-14 13:15:00,147.7899932861328,147.7899932861328,145.0,145.57000732421875,27393
2026-05-15 09:15:00,146.0,147.60000610351562,141.5,142.60000610351562,84019
2026-05-15 13:15:00,142.4600067138672,143.47999572753906,141.3000030517578,142.1999969482422,139353
2026-05-18 09:15:00,141.39999389648438,142.1999969482422,136.0,140.0,61955
2026-05-18 13:15:00,140.4199981689453,141.57000732421875,140.0,140.60000610351562,44410
2026-05-19 09:15:00,137.50999450683594,141.0,134.4499969482422,135.66000366210938,48278
2026-05-19 13:15:00,135.5399932861328,136.89999389648438,135.10000610351562,135.8300018310547,69278
2026-05-20 09:15:00,136.39999389648438,138.58999633789062,133.5,135.0,30416
2026-05-20 13:15:00,135.0,135.8000030517578,134.05999755859375,134.6999969482422,23769
2026-05-21 09:15:00,135.0,139.85000610351562,135.0,137.8300018310547,46826
2026-05-21 13:15:00,138.27999877929688,139.44000244140625,133.60000610351562,134.99000549316406,85650
2026-05-22 09:15:00,135.75,138.55999755859375,135.0,136.99000549316406,24447
2026-05-22 13:15:00,136.97999572753906,138.2100067138672,135.0,136.3800048828125,40109
2026-05-25 09:15:00,138.39999389648438,140.97999572753906,135.64999389648438,137.0,101770
2026-05-25 13:15:00,137.0,137.69000244140625,137.0,137.5,30291
2026-05-26 09:15:00,136.5,143.39999389648438,136.5,138.5500030517578,43894
2026-05-26 13:15:00,138.47000122070312,138.6999969482422,136.57000732421875,137.0,50824
2026-05-27 09:15:00,137.2100067138672,141.47000122070312,137.16000366210938,138.4600067138672,88751
2026-05-27 13:15:00,138.4600067138672,139.47999572753906,136.57000732421875,136.60000610351562,41772
2026-05-29 09:15:00,138.0,145.97000122070312,138.0,142.2100067138672,157067
2026-05-29 13:15:00,142.02000427246094,144.0,139.05999755859375,140.49000549316406,91802
2026-06-01 09:15:00,140.5800018310547,147.77999877929688,140.5800018310547,145.14999389648438,155201
2026-06-01 13:15:00,145.10000610351562,145.38999938964844,140.5,140.5,54037
2026-06-02 09:15:00,139.58999633789062,141.8000030517578,137.00999450683594,138.17999267578125,41513
2026-06-02 13:15:00,138.49000549316406,141.6999969482422,137.8000030517578,139.8699951171875,82521
2026-06-03 09:15:00,140.1999969482422,141.00999450683594,136.77000427246094,137.0,39742
2026-06-03 13:15:00,137.0,137.99000549316406,136.10000610351562,137.0,49625
2026-06-04 09:15:00,137.44000244140625,145.1999969482422,137.44000244140625,142.80999755859375,81890
2026-06-04 13:15:00,142.80999755859375,142.99000549316406,140.0,140.0,75257
2026-06-05 09:15:00,140.4499969482422,142.92999267578125,138.14999389648438,141.92999267578125,67547
2026-06-05 13:15:00,141.22999572753906,141.9600067138672,139.75,140.74000549316406,34381
2026-06-08 09:15:00,138.41000366210938,140.1300048828125,137.3000030517578,138.6999969482422,24730
2026-06-08 13:15:00,138.97000122070312,143.0,137.52000427246094,141.80999755859375,108070
2026-06-09 09:15:00,144.83999633789062,148.77999877929688,142.97999572753906,144.69000244140625,50536
2026-06-09 13:15:00,144.2100067138672,144.9600067138672,143.2100067138672,143.6300048828125,44894
2026-06-10 09:15:00,144.5,147.92999267578125,139.67999267578125,140.2100067138672,92734
2026-06-10 13:15:00,140.5399932861328,140.5500030517578,136.6300048828125,137.69000244140625,98165
2026-06-11 09:15:00,137.5,140.3000030517578,137.0,137.1300048828125,16917
2026-06-11 13:15:00,137.17999267578125,137.17999267578125,133.6199951171875,135.52000427246094,39904
2026-06-12 09:15:00,136.50999450683594,139.05999755859375,135.52000427246094,136.99000549316406,30177
2026-06-12 13:15:00,136.9499969482422,139.89999389648438,136.60000610351562,139.33999633789062,44840
2026-06-15 09:15:00,139.94000244140625,144.99000549316406,139.94000244140625,140.89999389648438,38064
2026-06-15 13:15:00,140.89999389648438,140.89999389648438,137.1999969482422,138.44000244140625,42335
2026-06-16 09:15:00,138.9199981689453,142.0,137.16000366210938,138.8699951171875,39675
2026-06-16 13:15:00,138.8800048828125,140.0,137.63999938964844,138.77999877929688,23981
2026-06-17 09:15:00,139.14999389648438,139.1699981689453,136.8000030517578,136.80999755859375,40829
2026-06-17 13:15:00,136.80999755859375,138.80999755859375,136.4199981689453,137.99000549316406,42266
2026-06-18 09:15:00,139.3699951171875,140.1999969482422,136.58999633789062,137.91000366210938,57808
2026-06-18 13:15:00,137.89999389648438,138.47999572753906,137.0,137.3699951171875,25117
2026-06-19 09:15:00,138.0,138.0,136.60000610351562,136.8000030517578,11120
2026-06-19 13:15:00,136.6999969482422,137.8000030517578,136.52999877929688,137.5,31354
2026-06-22 09:15:00,138.00999450683594,142.25,137.83999633789062,141.89999389648438,65503
2026-06-22 13:15:00,142.0,142.60000610351562,139.22000122070312,139.9499969482422,55444
2026-06-23 09:15:00,140.5,142.8699951171875,138.22000122070312,140.3800048828125,35086
2026-06-23 13:15:00,140.0399932861328,140.39999389648438,138.10000610351562,139.14999389648438,27852
2026-06-24 09:15:00,138.94000244140625,141.5,137.1999969482422,138.99000549316406,18251
2026-06-24 13:15:00,139.49000549316406,140.39999389648438,138.7100067138672,139.8699951171875,26903
2026-06-25 09:15:00,140.0399932861328,141.89999389648438,131.91000366210938,132.36000061035156,219482
2026-06-25 13:15:00,132.35000610351562,134.5399932861328,132.22000122070312,133.0,70797
2026-06-29 09:15:00,133.1999969482422,136.97999572753906,131.61000061035156,136.38999938964844,41056
2026-06-29 13:15:00,136.13999938964844,136.97000122070312,135.5,136.16000366210938,37305
2026-06-30 09:15:00,137.14999389648438,139.5500030517578,134.8300018310547,137.63999938964844,50380
2026-06-30 13:15:00,137.63999938964844,137.63999938964844,134.5500030517578,135.83999633789062,38124
2026-07-01 09:15:00,135.0,137.38999938964844,134.4199981689453,135.7899932861328,16629
2026-07-01 13:15:00,135.60000610351562,135.64999389648438,134.50999450683594,135.1699981689453,18961
2026-07-02 09:15:00,136.0,153.8000030517578,135.75999450683594,153.1199951171875,1777871
2026-07-02 13:15:00,153.2100067138672,158.39999389648438,144.8800048828125,146.19000244140625,2063997
2026-07-03 09:15:00,147.3000030517578,147.97000122070312,143.0,143.1999969482422,66080
2026-07-03 13:15:00,143.0,143.35000610351562,142.11000061035156,142.6300048828125,43939
2026-07-06 09:15:00,142.02000427246094,143.38999938964844,140.50999450683594,141.1300048828125,46771
2026-07-06 13:15:00,141.19000244140625,142.0,140.5800018310547,141.14999389648438,25097
2026-07-07 09:15:00,142.36000061035156,143.22000122070312,138.0399932861328,141.64999389648438,77942
2026-07-07 13:15:00,141.5,142.1699981689453,139.50999450683594,140.25999450683594,27318
2026-07-08 09:15:00,138.86000061035156,145.0,138.86000061035156,140.91000366210938,33503
2026-07-08 13:15:00,140.7100067138672,141.1699981689453,135.66000366210938,137.8800048828125,59585
2026-07-09 09:15:00,137.0,140.61000061035156,137.0,139.3699951171875,60543
2026-07-09 13:15:00,139.39999389648438,139.60000610351562,133.41000366210938,133.86000061035156,266822
2026-07-10 09:15:00,135.8000030517578,137.6199951171875,133.10000610351562,134.64999389648438,81457
2026-07-10 13:15:00,134.25999450683594,141.5,133.14999389648438,140.0,159791
2026-07-13 09:15:00,137.8000030517578,140.38999938964844,137.8000030517578,139.57000732421875,13737
2026-07-13 13:15:00,139.05999755859375,139.7899932861328,134.11000061035156,135.0,151053
2026-07-14 09:15:00,136.0,136.99000549316406,133.6999969482422,133.77999877929688,32037
2026-07-14 13:15:00,133.99000549316406,133.99000549316406,130.75999450683594,132.2100067138672,57691
2026-07-15 09:15:00,133.1300048828125,135.72999572753906,131.61000061035156,131.8800048828125,76084
2026-07-15 13:15:00,131.88999938964844,132.14999389648438,131.0,132.02000427246094,44608
2026-07-16 09:15:00,132.47999572753906,134.08999633789062,131.1999969482422,131.36000061035156,39166
2026-07-16 13:15:00,131.38999938964844,133.5800018310547,130.5,132.8000030517578,46672
2026-07-17 09:15:00,132.75999450683594,133.0,127.1999969482422,128.0,56137
2026-07-17 13:15:00,128.0,129.0,127.72000122070312,128.5,36432
2026-07-20 09:15:00,130.0,130.85000610351562,126.5,127.5,85188
2026-07-20 13:15:00,127.87000274658205,128.1300048828125,126.5,127.9499969482422,52862
2026-07-21 09:15:00,127.9499969482422,149.0,127.9499969482422,140.91000366210938,5355339
2026-07-21 13:15:00,140.9499969482422,142.97000122070312,139.02000427246094,140.3000030517578,764305
2026-07-22 09:15:00,136.1999969482422,138.47000122070312,134.4199981689453,134.64999389648438,58800
2026-07-22 13:15:00,134.52000427246094,135.0,133.8000030517578,134.1699981689453,56578
2026-07-23 09:15:00,132.60000610351562,136.0,132.60000610351562,133.8800048828125,25206
2026-07-23 13:15:00,133.52999877929688,134.3800048828125,132.8000030517578,133.5,34424
2026-07-24 09:15:00,130.5,133.74000549316406,130.5,132.47999572753906,24052
2026-07-24 13:15:00,132.3000030517578,135.99000549316406,132.3000030517578,134.47000122070312,29438
2026-07-27 09:15:00,136.00999450683594,137.5,135.0,136.4199981689453,19054
2026-07-27 13:15:00,136.57000732421875,137.77999877929688,114.6500015258789,116.63999938964844,2742219
2026-07-28 09:15:00,115.01000213623048,119.37000274658205,115.01000213623048,116.43000030517578,92004
2026-07-28 13:15:00,116.29000091552734,117.5500030517578,115.91999816894533,116.31999969482422,96086
2026-07-29 09:15:00,117.0199966430664,118.4499969482422,115.61000061035156,116.12000274658205,44350
2026-07-29 13:15:00,116.0999984741211,116.77999877929688,116.0,116.2699966430664,44970
2026-07-30 09:15:00,116.2699966430664,116.69000244140624,114.62999725341795,115.5,16415
2026-07-30 13:15:00,115.76000213623048,116.0,114.11000061035156,115.11000061035156,32262
2026-07-31 09:15:00,116.6999969482422,116.6999969482422,114.5,116.4000015258789,26072
2026-07-31 13:15:00,116.5,122.08999633789062,116.3000030517578,122.0,166321
2026-08-03 09:15:00,121.86000061035156,122.81999969482422,120.70999908447266,121.4499969482422,34085
2026-08-03 13:15:00,121.4000015258789,122.0,120.41000366210938,121.0,26076
2026-08-04 09:15:00,120.30999755859376,121.9499969482422,120.1500015258789,121.19000244140624,12766
2026-08-04 13:15:00,121.33999633789062,125.69000244140624,121.11000061035156,124.3000030517578,81622
2026-08-05 09:15:00,124.0,127.25,124.0,126.0500030517578,70911
2026-08-05 13:15:00,125.86000061035156,127.48999786376952,125.06999969482422,126.0,85175
2026-08-06 09:15:00,125.97000122070312,125.97000122070312,124.0,124.5999984741211,16794
2026-08-06 13:15:00,124.3499984741211,125.2699966430664,124.0500030517578,124.1999969482422,22660
2026-08-07 09:15:00,121.61000061035156,125.18000030517578,121.61000061035156,124.66000366210938,13824
2026-08-07 13:15:00,124.5,126.0,124.33000183105469,125.61000061035156,28404
