Datetime,Open,High,Low,Close,Volume
2023-08-28 09:15:00,1737.0,1755.0,1724.5,1740.0,357998
2023-08-28 13:15:00,1740.0,1746.5,1734.6500244140625,1737.25,158528
2023-08-29 09:15:00,1747.0,1759.8499755859375,1737.6500244140625,1740.0,275052
2023-08-29 13:15:00,1740.0,1753.25,1740.0,1747.5,202111
2023-08-30 09:15:00,1760.0,1783.949951171875,1753.5,1782.75,367014
2023-08-30 13:15:00,1782.949951171875,1784.3499755859375,1775.0,1777.0,183227
2023-08-31 09:15:00,1780.5,1791.1500244140625,1768.949951171875,1779.0,122744
2023-08-31 13:15:00,1779.0,1798.800048828125,1777.0,1789.0,355571
2023-09-01 09:15:00,1791.800048828125,1793.8499755859375,1773.8499755859375,1780.9000244140625,111677
2023-09-01 13:15:00,1780.9000244140625,1784.0,1776.0,1779.0,179230
2023-09-04 09:15:00,1794.8499755859375,1800.050048828125,1776.0,1778.300048828125,438311
2023-09-04 13:15:00,1779.0,1800.0,1774.0,1787.550048828125,540766
2023-09-05 09:15:00,1797.5,1799.550048828125,1780.0,1790.0,188842
2023-09-05 13:15:00,1791.050048828125,1807.6500244140625,1788.699951171875,1796.9000244140625,244947
2023-09-06 09:15:00,1805.949951171875,1837.6500244140625,1804.199951171875,1825.8499755859373,429508
2023-09-06 13:15:00,1825.800048828125,1831.0,1820.0,1826.3499755859373,212011
2023-09-07 09:15:00,1850.8499755859373,1869.9000244140625,1831.300048828125,1840.0,529180
2023-09-07 13:15:00,1840.0,1855.5,1839.6500244140625,1849.199951171875,534987
2023-09-08 09:15:00,1872.0,1875.0,1830.0999755859373,1836.0,386507
2023-09-08 13:15:00,1836.050048828125,1856.0,1835.0,1849.199951171875,245811
2023-09-11 09:15:00,1863.550048828125,1864.6500244140625,1816.0,1820.0,330006
2023-09-11 13:15:00,1820.9000244140625,1822.949951171875,1790.0,1797.4000244140625,454525
2023-09-12 09:15:00,1802.050048828125,1809.699951171875,1758.949951171875,1776.75,272898
2023-09-12 13:15:00,1776.0999755859375,1783.75,1766.1500244140625,1769.75,196743
2023-09-13 09:15:00,1775.0,1802.050048828125,1768.050048828125,1783.6500244140625,297520
2023-09-13 13:15:00,1783.6500244140625,1785.0999755859375,1772.5999755859375,1779.0999755859375,110416
2023-09-14 09:15:00,1782.3499755859375,1788.550048828125,1767.949951171875,1776.3499755859375,131151
2023-09-14 13:15:00,1777.0,1783.949951171875,1770.75,1774.199951171875,176279
2023-09-15 09:15:00,1773.949951171875,1780.050048828125,1752.0,1756.4000244140625,263943
2023-09-15 13:15:00,1756.4000244140625,1766.199951171875,1756.1500244140625,1762.199951171875,237973
2023-09-18 09:15:00,1749.3499755859375,1756.800048828125,1723.0,1730.949951171875,244844
2023-09-18 13:15:00,1730.050048828125,1730.949951171875,1708.300048828125,1712.050048828125,250411
2023-09-20 09:15:00,1701.0,1730.449951171875,1699.9000244140625,1708.8499755859375,161208
2023-09-20 13:15:00,1709.699951171875,1717.0,1702.1500244140625,1714.0,209144
2023-09-21 09:15:00,1715.0,1724.5999755859375,1703.050048828125,1710.5,76270
2023-09-21 13:15:00,1711.3499755859375,1712.949951171875,1701.199951171875,1708.699951171875,66068
2023-09-22 09:15:00,1709.300048828125,1718.8499755859375,1699.5999755859375,1716.949951171875,133940
2023-09-22 13:15:00,1717.0,1726.0,1710.0,1719.5999755859375,162370
2023-09-25 09:15:00,1719.0,1730.0,1712.1500244140625,1722.199951171875,79155
2023-09-25 13:15:00,1722.550048828125,1724.050048828125,1710.0,1715.449951171875,68109
2023-09-26 09:15:00,1716.0,1724.25,1695.449951171875,1698.199951171875,179088
2023-09-26 13:15:00,1697.699951171875,1701.1500244140625,1683.0999755859375,1687.949951171875,215854
2023-09-27 09:15:00,1694.5999755859375,1700.9000244140625,1685.5,1699.0,157845
2023-09-27 13:15:00,1698.949951171875,1723.550048828125,1698.0,1715.0999755859375,255928
2023-09-28 09:15:00,1720.0,1729.949951171875,1706.5999755859375,1712.0,179241
2023-09-28 13:15:00,1711.8499755859375,1718.75,1701.199951171875,1711.449951171875,175218
2023-09-29 09:15:00,1720.0,1728.949951171875,1703.949951171875,1720.25,194605
2023-09-29 13:15:00,1720.0999755859375,1726.800048828125,1712.5999755859375,1716.949951171875,160012
2023-10-03 09:15:00,1711.0,1722.8499755859375,1705.300048828125,1720.1500244140625,101067
2023-10-03 13:15:00,1720.1500244140625,1722.4000244140625,1709.550048828125,1715.0,76390
2023-10-04 09:15:00,1710.0,1711.0,1687.5999755859375,1692.050048828125,132580
2023-10-04 13:15:00,1691.1500244140625,1701.199951171875,1686.0999755859375,1698.0,189432
2023-10-05 09:15:00,1700.050048828125,1707.699951171875,1693.1500244140625,1703.0,98302
2023-10-05 13:15:00,1703.0,1708.800048828125,1701.699951171875,1705.6500244140625,33628
2023-10-06 09:15:00,1701.25,1718.0,1700.9000244140625,1704.5999755859375,45344
2023-10-06 13:15:00,1704.5999755859375,1707.550048828125,1696.050048828125,1705.0,120255
2023-10-09 09:15:00,1694.75,1694.75,1662.0,1665.75,53276
2023-10-09 13:15:00,1665.1500244140625,1677.949951171875,1665.0,1674.800048828125,117830
2023-10-10 09:15:00,1688.0,1694.8499755859375,1671.449951171875,1693.3499755859375,76605
2023-10-10 13:15:00,1694.5,1699.6500244140625,1682.8499755859375,1687.25,75639
2023-10-11 09:15:00,1697.9000244140625,1714.199951171875,1697.9000244140625,1701.0,223979
2023-10-11 13:15:00,1701.0,1701.699951171875,1692.6500244140625,1696.199951171875,90703
2023-10-12 09:15:00,1705.949951171875,1764.8499755859375,1705.0,1748.0999755859375,779913
2023-10-12 13:15:00,1748.0999755859375,1771.0,1746.0,1770.0,512548
2023-10-13 09:15:00,1763.949951171875,1782.4000244140625,1742.8499755859375,1776.050048828125,450058
2023-10-13 13:15:00,1776.050048828125,1776.050048828125,1750.0,1752.8499755859375,248627
2023-10-16 09:15:00,1765.0,1766.75,1750.5,1757.75,213566
2023-10-16 13:15:00,1757.5999755859375,1757.9000244140625,1740.0,1742.0,201236
2023-10-17 09:15:00,1754.0,1754.3499755859375,1735.550048828125,1748.0999755859375,280154
2023-10-17 13:15:00,1748.1500244140625,1766.0,1746.5999755859375,1760.6500244140625,174761
2023-10-18 09:15:00,1764.9000244140625,1773.5,1756.449951171875,1772.0,139569
2023-10-18 13:15:00,1772.449951171875,1780.800048828125,1766.4000244140625,1772.0999755859375,157690
2023-10-19 09:15:00,1772.949951171875,1787.300048828125,1745.050048828125,1759.0999755859375,687373
2023-10-19 13:15:00,1760.0,1768.199951171875,1736.949951171875,1736.949951171875,691487
2023-10-20 09:15:00,1750.050048828125,1760.0,1687.5,1695.0,380693
2023-10-20 13:15:00,1695.0,1707.6500244140625,1685.0,1686.3499755859375,309949
2023-10-23 09:15:00,1698.949951171875,1698.949951171875,1625.949951171875,1626.5,200479
2023-10-23 13:15:00,1626.0999755859375,1631.5,1609.300048828125,1617.199951171875,217902
2023-10-25 09:15:00,1632.0,1641.5999755859375,1600.1500244140625,1600.3499755859375,307919
2023-10-25 13:15:00,1600.25,1625.800048828125,1600.25,1616.1500244140625,193890
2023-10-26 09:15:00,1619.199951171875,1619.199951171875,1567.8499755859375,1576.949951171875,410690
2023-10-26 13:15:00,1576.5,1583.949951171875,1566.449951171875,1580.0,331342
2023-10-27 09:15:00,1585.0,1613.949951171875,1585.0,1595.0,104615
2023-10-27 13:15:00,1595.0,1613.9000244140625,1594.050048828125,1605.0,157477
2023-10-30 09:15:00,1606.1500244140625,1606.1500244140625,1574.699951171875,1591.199951171875,100538
2023-10-30 13:15:00,1591.0,1598.300048828125,1586.0,1589.75,86414
2023-10-31 09:15:00,1591.0999755859375,1599.9000244140625,1587.050048828125,1598.300048828125,36136
2023-10-31 13:15:00,1598.300048828125,1609.8499755859375,1593.199951171875,1598.25,85732
2023-11-01 09:15:00,1600.050048828125,1615.5,1594.550048828125,1610.050048828125,274895
2023-11-01 13:15:00,1610.699951171875,1612.949951171875,1595.5999755859375,1601.0,83517
2023-11-02 09:15:00,1605.0,1620.0,1597.75,1608.699951171875,100211
2023-11-02 13:15:00,1608.9000244140625,1616.300048828125,1603.3499755859375,1613.050048828125,58384
2023-11-03 09:15:00,1619.6500244140625,1622.0,1611.0,1616.449951171875,25101
2023-11-03 13:15:00,1616.050048828125,1623.3499755859375,1607.699951171875,1612.0,88438
2023-11-06 09:15:00,1613.0999755859375,1657.0999755859375,1613.0999755859375,1650.199951171875,123713
2023-11-06 13:15:00,1650.75,1655.949951171875,1649.0,1653.1500244140625,70188
2023-11-07 09:15:00,1655.0,1669.0,1649.800048828125,1665.75,96354
2023-11-07 13:15:00,1663.800048828125,1668.949951171875,1658.25,1666.300048828125,83664
2023-11-08 09:15:00,1665.300048828125,1674.0,1650.1500244140625,1660.8499755859375,69074
2023-11-08 13:15:00,1660.699951171875,1673.449951171875,1658.800048828125,1671.300048828125,114013
2023-11-09 09:15:00,1676.800048828125,1676.800048828125,1656.0,1661.25,75592
2023-11-09 13:15:00,1662.1500244140625,1668.75,1658.199951171875,1664.949951171875,51567
2023-11-10 09:15:00,1670.0,1682.8499755859375,1665.0,1667.75,67988
2023-11-10 13:15:00,1668.949951171875,1668.949951171875,1654.050048828125,1664.0,69622
2023-11-13 09:15:00,1660.0,1661.3499755859375,1618.5999755859375,1634.3499755859375,207607
2023-11-13 13:15:00,1634.949951171875,1643.0999755859375,1632.0,1637.75,84765
2023-11-15 09:15:00,1659.5999755859375,1659.5999755859375,1639.0999755859375,1651.0,45425
2023-11-15 13:15:00,1651.5,1660.0,1644.699951171875,1647.550048828125,77615
2023-11-16 09:15:00,1648.0,1665.0,1640.0,1663.0,178742
2023-11-16 13:15:00,1663.5,1667.4000244140625,1652.949951171875,1660.800048828125,163577
2023-11-17 09:15:00,1656.6500244140625,1671.0,1651.050048828125,1651.050048828125,65160
2023-11-17 13:15:00,1650.550048828125,1669.0999755859375,1647.050048828125,1654.1500244140625,121581
2023-11-20 09:15:00,1655.4000244140625,1678.949951171875,1651.0999755859375,1666.0,66885
2023-11-20 13:15:00,1665.75,1674.0,1662.0,1668.0,42558
2023-11-21 09:15:00,1672.0,1693.0,1663.0999755859375,1689.0,167574
2023-11-21 13:15:00,1689.0,1694.6500244140625,1684.5,1688.0,169516
2023-11-22 09:15:00,1684.0,1695.0,1653.4000244140625,1659.050048828125,73232
2023-11-22 13:15:00,1659.050048828125,1662.0,1648.8499755859375,1656.0,67233
2023-11-23 09:15:00,1656.0999755859375,1665.0,1638.0,1642.050048828125,89809
2023-11-23 13:15:00,1642.050048828125,1656.949951171875,1642.050048828125,1653.3499755859375,137155
2023-11-24 09:15:00,1650.3499755859375,1665.699951171875,1646.6500244140625,1653.75,160606
2023-11-24 13:15:00,1654.4000244140625,1661.949951171875,1648.0,1648.0,91160
2023-11-28 09:15:00,1659.800048828125,1669.1500244140625,1649.6500244140625,1666.449951171875,150662
2023-11-28 13:15:00,1666.449951171875,1670.050048828125,1656.4000244140625,1670.0,150918
2023-11-29 09:15:00,1673.949951171875,1688.0,1663.050048828125,1687.0,177206
2023-11-29 13:15:00,1687.0,1709.949951171875,1686.5999755859375,1698.800048828125,379869
2023-11-30 09:15:00,1708.550048828125,1720.449951171875,1705.9000244140625,1713.9000244140625,217302
2023-11-30 13:15:00,1713.0,1726.0,1712.0999755859375,1717.5999755859375,393564
2023-12-01 09:15:00,1735.0,1756.449951171875,1730.0,1736.9000244140625,310863
2023-12-01 13:15:00,1736.949951171875,1745.949951171875,1731.4000244140625,1740.5,165182
2023-12-04 09:15:00,1766.199951171875,1768.25,1731.0,1756.75,264759
2023-12-04 13:15:00,1757.199951171875,1758.9000244140625,1746.6500244140625,1748.5,205412
2023-12-05 09:15:00,1744.199951171875,1751.25,1708.300048828125,1710.0,198863
2023-12-05 13:15:00,1710.0,1724.800048828125,1699.5,1720.75,371310
2023-12-06 09:15:00,1722.0,1744.949951171875,1722.0,1729.0,108469
2023-12-06 13:15:00,1729.25,1736.8499755859375,1726.4000244140625,1733.199951171875,113915
2023-12-07 09:15:00,1734.949951171875,1739.800048828125,1722.050048828125,1736.0,93374
2023-12-07 13:15:00,1736.0999755859375,1744.800048828125,1736.0,1740.199951171875,115391
2023-12-08 09:15:00,1748.449951171875,1759.0,1735.199951171875,1743.300048828125,181039
2023-12-08 13:15:00,1743.25,1749.5,1734.1500244140625,1744.8499755859375,60701
2023-12-11 09:15:00,1749.300048828125,1793.300048828125,1747.4000244140625,1771.25,231128
2023-12-11 13:15:00,1770.5999755859375,1779.300048828125,1766.699951171875,1770.0,321397
2023-12-12 09:15:00,1773.0,1780.1500244140625,1749.050048828125,1753.0999755859375,164109
2023-12-12 13:15:00,1753.199951171875,1761.0999755859375,1743.300048828125,1751.300048828125,87949
2023-12-13 09:15:00,1756.0,1762.9000244140625,1735.9000244140625,1755.949951171875,127609
2023-12-13 13:15:00,1757.449951171875,1760.0,1746.050048828125,1752.5999755859375,137995
2023-12-14 09:15:00,1761.5,1765.5999755859375,1751.4000244140625,1758.5,154586
2023-12-14 13:15:00,1758.0,1776.5,1753.0,1769.8499755859375,447612
2023-12-15 09:15:00,1793.8499755859375,1804.9000244140625,1756.0999755859375,1770.5,257599
2023-12-15 13:15:00,1771.9000244140625,1779.449951171875,1769.449951171875,1775.050048828125,244998
2023-12-18 09:15:00,1783.8499755859375,1830.4000244140625,1777.0,1819.0,517899
2023-12-18 13:15:00,1818.050048828125,1828.0,1807.0,1812.300048828125,577924
2023-12-19 09:15:00,1810.300048828125,1810.300048828125,1795.550048828125,1800.300048828125,87186
2023-12-19 13:15:00,1800.3499755859375,1823.949951171875,1798.6500244140625,1811.0,201063
2023-12-20 09:15:00,1825.0,1825.0,1797.0999755859375,1798.5999755859375,193978
2023-12-20 13:15:00,1797.6500244140625,1797.800048828125,1736.6500244140625,1750.25,517277
2023-12-21 09:15:00,1740.25,1774.449951171875,1724.550048828125,1753.800048828125,231820
2023-12-21 13:15:00,1753.800048828125,1755.25,1714.050048828125,1748.949951171875,365987
2023-12-22 09:15:00,1758.75,1761.949951171875,1703.4000244140625,1706.0,485855
2023-12-22 13:15:00,1705.0,1709.949951171875,1694.8499755859375,1698.0999755859375,355395
2023-12-26 09:15:00,1714.949951171875,1714.949951171875,1658.9000244140625,1666.75,352825
2023-12-26 13:15:00,1667.75,1668.0999755859375,1655.5999755859375,1659.0,264179
2023-12-27 09:15:00,1664.800048828125,1676.4000244140625,1646.699951171875,1650.800048828125,154585
2023-12-27 13:15:00,1651.550048828125,1676.550048828125,1650.0,1674.300048828125,309100
2023-12-28 09:15:00,1677.4000244140625,1678.199951171875,1655.0,1663.449951171875,153747
2023-12-28 13:15:00,1663.449951171875,1665.0,1650.449951171875,1656.5,234342
2023-12-29 09:15:00,1663.4000244140625,1670.0,1648.0,1653.800048828125,434599
2023-12-29 13:15:00,1653.699951171875,1666.4000244140625,1649.0,1659.050048828125,511317
2024-01-01 09:15:00,1671.0,1673.75,1659.0,1659.0,85829
2024-01-01 13:15:00,1659.0,1666.550048828125,1656.3499755859375,1658.0,125892
2024-01-02 09:15:00,1670.4000244140625,1670.449951171875,1648.0,1667.9000244140625,195202
2024-01-02 13:15:00,1667.9000244140625,1674.75,1663.0,1669.800048828125,109839
2024-01-03 09:15:00,1672.0,1718.800048828125,1668.75,1710.0,571220
2024-01-03 13:15:00,1710.0,1720.449951171875,1709.25,1715.0,312968
2024-01-04 09:15:00,1718.0,1718.0,1656.4000244140625,1670.050048828125,475050
2024-01-04 13:15:00,1670.0999755859375,1672.5,1663.050048828125,1669.050048828125,278383
2024-01-05 09:15:00,1676.0999755859375,1676.0999755859375,1648.550048828125,1658.199951171875,407487
2024-01-05 13:15:00,1657.699951171875,1658.0999755859375,1638.449951171875,1649.300048828125,262594
2024-01-08 09:15:00,1655.0,1655.0,1590.0,1592.5,527454
2024-01-08 13:15:00,1592.5,1596.699951171875,1580.0,1584.0,361952
2024-01-09 09:15:00,1598.0,1601.0,1577.0,1579.0,183425
2024-01-09 13:15:00,1579.199951171875,1584.949951171875,1556.25,1561.300048828125,268009
2024-01-10 09:15:00,1555.550048828125,1563.949951171875,1528.8499755859375,1529.699951171875,378422
2024-01-10 13:15:00,1529.6500244140625,1564.0,1529.5,1563.0,908296
2024-01-11 09:15:00,1566.0,1566.0,1533.5999755859375,1538.75,239222
2024-01-11 13:15:00,1538.75,1540.0,1522.3499755859375,1528.0,307383
2024-01-12 09:15:00,1536.0,1565.5,1524.800048828125,1531.199951171875,337492
2024-01-12 13:15:00,1531.0,1534.0,1525.0,1525.8499755859375,245555
2024-01-15 09:15:00,1541.0,1541.0,1505.0999755859375,1513.8499755859375,321716
2024-01-15 13:15:00,1512.949951171875,1517.0,1510.0,1511.0,245398
2024-01-16 09:15:00,1518.0,1524.699951171875,1505.0,1509.0999755859375,255769
2024-01-16 13:15:00,1509.1500244140625,1518.699951171875,1500.0,1508.5999755859375,288847
2024-01-17 09:15:00,1498.0,1517.699951171875,1490.8499755859375,1511.75,286472
2024-01-17 13:15:00,1511.699951171875,1516.300048828125,1506.0,1509.4000244140625,229724
2024-01-18 09:15:00,1509.8499755859375,1510.300048828125,1463.050048828125,1483.0,265993
2024-01-18 13:15:00,1482.449951171875,1483.5,1475.0,1480.0,313291
2024-01-19 09:15:00,1494.949951171875,1537.050048828125,1492.0,1520.75,429380
2024-01-19 13:15:00,1520.75,1521.949951171875,1496.449951171875,1507.0,265870
2024-01-23 09:15:00,1527.550048828125,1532.3499755859375,1488.699951171875,1491.0,143406
2024-01-23 13:15:00,1491.0,1496.1500244140625,1468.699951171875,1475.0,276739
2024-01-24 09:15:00,1477.0,1478.949951171875,1436.800048828125,1446.0,518139
2024-01-24 13:15:00,1446.199951171875,1456.0,1440.3499755859375,1451.300048828125,561465
2024-01-25 09:15:00,1459.699951171875,1477.0,1442.9000244140625,1448.5999755859375,232582
2024-01-25 13:15:00,1447.9000244140625,1464.550048828125,1446.9000244140625,1458.75,401859
2024-01-29 09:15:00,1478.0,1497.949951171875,1470.0,1491.449951171875,365089
2024-01-29 13:15:00,1491.4000244140625,1500.4000244140625,1488.6500244140625,1490.0,423245
2024-01-30 09:15:00,1490.75,1493.75,1481.4000244140625,1487.3499755859375,190141
2024-01-30 13:15:00,1487.300048828125,1491.6500244140625,1459.449951171875,1461.550048828125,195863
2024-01-31 09:15:00,1467.949951171875,1469.4000244140625,1452.0,1468.75,235889
2024-01-31 13:15:00,1468.75,1472.8499755859375,1418.0,1460.0,1300237
2024-02-01 09:15:00,1456.0999755859375,1489.4000244140625,1426.050048828125,1433.0999755859375,262733
2024-02-01 13:15:00,1433.1500244140625,1437.5,1425.0,1436.5,197621
2024-02-02 09:15:00,1439.0,1462.300048828125,1438.75,1441.449951171875,236047
2024-02-02 13:15:00,1440.5999755859375,1444.4000244140625,1432.5999755859375,1434.5,131819
2024-02-05 09:15:00,1440.449951171875,1442.199951171875,1426.300048828125,1432.800048828125,167145
2024-02-05 13:15:00,1432.800048828125,1438.0,1406.0999755859375,1411.699951171875,313724
2024-02-06 09:15:00,1416.0,1418.0,1406.1500244140625,1409.0,121152
2024-02-06 13:15:00,1408.949951171875,1415.300048828125,1404.6500244140625,1408.5999755859375,159516
2024-02-07 09:15:00,1421.0,1421.0,1398.449951171875,1400.1500244140625,281564
2024-02-07 13:15:00,1400.25,1410.9000244140625,1393.550048828125,1407.050048828125,374047
2024-02-08 09:15:00,1420.050048828125,1433.6500244140625,1411.0,1424.800048828125,476964
2024-02-08 13:15:00,1424.800048828125,1431.3499755859375,1423.0,1427.800048828125,437234
2024-02-09 09:15:00,1435.050048828125,1435.050048828125,1384.050048828125,1406.949951171875,352973
2024-02-09 13:15:00,1406.949951171875,1410.6500244140625,1400.0,1407.9000244140625,190794
2024-02-12 09:15:00,1406.0999755859375,1410.550048828125,1373.0999755859375,1377.0,244962
2024-02-12 13:15:00,1377.0,1377.4000244140625,1366.25,1371.050048828125,263041
2024-02-13 09:15:00,1376.949951171875,1376.949951171875,1350.0,1356.0,226459
2024-02-13 13:15:00,1356.4000244140625,1369.0,1355.0,1368.0,335814
2024-02-14 09:15:00,1358.699951171875,1378.0,1350.0,1367.050048828125,124554
2024-02-14 13:15:00,1367.0999755859375,1372.699951171875,1362.5,1368.75,189873
2024-02-15 09:15:00,1377.949951171875,1379.0,1358.5999755859375,1363.949951171875,163147
2024-02-15 13:15:00,1364.8499755859375,1365.949951171875,1358.9000244140625,1361.8499755859375,144932
2024-02-16 09:15:00,1366.8499755859375,1389.199951171875,1366.8499755859375,1378.300048828125,86644
2024-02-16 13:15:00,1378.1500244140625,1387.050048828125,1378.0,1384.0,185991
2024-02-19 09:15:00,1388.050048828125,1392.449951171875,1376.050048828125,1386.75,92407
2024-02-19 13:15:00,1388.9000244140625,1390.25,1380.0,1385.0,93553
2024-02-20 09:15:00,1385.0,1387.699951171875,1375.0,1375.9000244140625,92484
2024-02-20 13:15:00,1375.8499755859375,1377.550048828125,1371.050048828125,1376.949951171875,101573
2024-02-21 09:15:00,1383.25,1412.9000244140625,1381.0999755859375,1395.0,204568
2024-02-21 13:15:00,1395.0,1397.3499755859375,1375.5999755859375,1377.0,248405
2024-02-22 09:15:00,1390.050048828125,1390.050048828125,1370.4000244140625,1374.25,78097
2024-02-22 13:15:00,1374.0,1388.199951171875,1373.75,1381.0,128625
2024-02-23 09:15:00,1391.550048828125,1397.5,1382.9000244140625,1397.25,166110
2024-02-23 13:15:00,1397.0,1401.0,1385.0,1385.1500244140625,156827
2024-02-26 09:15:00,1394.0,1412.0,1385.050048828125,1407.5999755859375,90017
2024-02-26 13:15:00,1408.300048828125,1413.9000244140625,1405.0,1406.0,150652
2024-02-27 09:15:00,1407.949951171875,1412.199951171875,1388.3499755859375,1404.800048828125,492857
2024-02-27 13:15:00,1405.300048828125,1406.949951171875,1396.699951171875,1401.0,147599
2024-02-28 09:15:00,1404.0,1404.0,1367.75,1368.0,284463
2024-02-28 13:15:00,1368.0,1382.300048828125,1360.0,1361.800048828125,189021
2024-02-29 09:15:00,1373.3499755859375,1373.3499755859375,1351.0999755859375,1366.25,151737
2024-02-29 13:15:00,1366.25,1378.199951171875,1354.0,1366.300048828125,240157
2024-03-01 09:15:00,1378.9000244140625,1396.8499755859375,1371.050048828125,1392.0,286724
2024-03-01 13:15:00,1391.199951171875,1395.699951171875,1388.25,1393.9000244140625,137654
2024-03-04 09:15:00,1406.050048828125,1406.050048828125,1384.800048828125,1385.0,203347
2024-03-04 13:15:00,1385.0,1387.0,1379.550048828125,1384.0,140236
2024-03-05 09:15:00,1386.4000244140625,1393.0,1377.4000244140625,1385.949951171875,154239
2024-03-05 13:15:00,1386.0,1393.3499755859375,1385.0,1391.6500244140625,66290
2024-03-06 09:15:00,1381.699951171875,1390.1500244140625,1353.699951171875,1371.699951171875,143972
2024-03-06 13:15:00,1371.699951171875,1381.4000244140625,1367.050048828125,1375.5999755859375,105763
2024-03-07 09:15:00,1384.8499755859375,1406.550048828125,1377.75,1403.5999755859375,342170
2024-03-07 13:15:00,1403.6500244140625,1422.5,1403.0,1419.949951171875,486416
2024-03-11 09:15:00,1427.0,1427.0,1387.0999755859375,1392.050048828125,191420
2024-03-11 13:15:00,1392.0999755859375,1395.8499755859375,1375.0,1379.8499755859375,201926
2024-03-12 09:15:00,1379.050048828125,1379.050048828125,1343.0,1346.5999755859375,225529
2024-03-12 13:15:00,1346.5999755859375,1355.199951171875,1346.0,1350.0,185713
2024-03-13 09:15:00,1354.9000244140625,1358.0,1300.050048828125,1308.300048828125,441147
2024-03-13 13:15:00,1308.550048828125,1309.8499755859375,1291.25,1305.0,567614
2024-03-14 09:15:00,1295.0,1323.6500244140625,1286.5999755859375,1317.4000244140625,173991
2024-03-14 13:15:00,1317.449951171875,1324.3499755859375,1310.25,1322.0,137938
2024-03-15 09:15:00,1321.949951171875,1338.949951171875,1303.5999755859375,1310.300048828125,92642
2024-03-15 13:15:00,1311.050048828125,1318.8499755859375,1306.699951171875,1310.0999755859375,148939
2024-03-18 09:15:00,1309.949951171875,1317.0,1305.0,1308.0,231278
2024-03-18 13:15:00,1308.0,1315.949951171875,1304.5,1314.300048828125,162809
2024-03-19 09:15:00,1315.3499755859375,1315.3499755859375,1285.050048828125,1285.050048828125,171055
2024-03-19 13:15:00,1285.949951171875,1288.199951171875,1274.5,1275.800048828125,181832
2024-03-20 09:15:00,1280.449951171875,1282.449951171875,1247.9000244140625,1275.25,491094
2024-03-20 13:15:00,1275.699951171875,1278.699951171875,1267.4000244140625,1274.5999755859375,252018
2024-03-21 09:15:00,1285.4000244140625,1313.949951171875,1283.5999755859375,1310.800048828125,224243
2024-03-21 13:15:00,1310.800048828125,1322.1500244140625,1310.0,1316.5999755859375,173464
2024-03-22 09:15:00,1315.0,1337.800048828125,1315.0,1324.0999755859375,225218
2024-03-22 13:15:00,1324.0999755859375,1334.199951171875,1322.5999755859375,1330.9000244140625,242354
2024-03-26 09:15:00,1320.949951171875,1332.949951171875,1308.0,1332.199951171875,234717
2024-03-26 13:15:00,1331.300048828125,1332.9000244140625,1321.0,1322.0,160760
2024-03-27 09:15:00,1324.0,1332.050048828125,1311.449951171875,1327.75,171220
2024-03-27 13:15:00,1327.800048828125,1331.5,1322.6500244140625,1324.6500244140625,183565
2024-03-28 09:15:00,1329.0,1333.8499755859375,1320.0,1329.800048828125,221579
2024-03-28 13:15:00,1329.800048828125,1333.8499755859375,1324.0,1324.0,210147
2024-04-01 09:15:00,1328.300048828125,1373.699951171875,1328.300048828125,1370.0,167204
2024-04-01 13:15:00,1370.25,1388.699951171875,1369.0999755859375,1384.0,201652
2024-04-02 09:15:00,1387.0,1397.1500244140625,1375.699951171875,1384.3499755859375,173427
2024-04-02 13:15:00,1384.25,1394.5999755859375,1381.949951171875,1388.0,130785
2024-04-03 09:15:00,1389.699951171875,1404.800048828125,1377.0,1382.5,169880
2024-04-03 13:15:00,1382.75,1385.5,1378.8499755859375,1382.0,123258
2024-04-04 09:15:00,1395.0,1395.0,1378.300048828125,1387.0,215397
2024-04-04 13:15:00,1386.949951171875,1391.9000244140625,1385.0,1389.3499755859375,135526
2024-04-05 09:15:00,1387.4000244140625,1387.4000244140625,1362.050048828125,1377.5999755859375,191159
2024-04-05 13:15:00,1377.5999755859375,1383.5,1373.0,1378.0,142988
2024-04-08 09:15:00,1381.1500244140625,1399.0,1378.949951171875,1396.199951171875,151473
2024-04-08 13:15:00,1396.199951171875,1396.300048828125,1382.75,1390.800048828125,284761
2024-04-09 09:15:00,1390.0999755859375,1391.3499755859375,1371.050048828125,1383.699951171875,183721
2024-04-09 13:15:00,1383.6500244140625,1386.0,1372.0,1386.0,231219
2024-04-10 09:15:00,1396.300048828125,1412.0,1386.3499755859375,1408.0,206661
2024-04-10 13:15:00,1408.0,1418.6500244140625,1404.800048828125,1416.0,231551
2024-04-12 09:15:00,1425.949951171875,1425.949951171875,1396.199951171875,1408.5999755859375,569806
2024-04-12 13:15:00,1408.800048828125,1416.0,1408.25,1412.5,514862
2024-04-15 09:15:00,1393.050048828125,1404.949951171875,1365.0,1396.300048828125,385283
2024-04-15 13:15:00,1396.300048828125,1398.9000244140625,1393.300048828125,1396.300048828125,358360
2024-04-16 09:15:00,1373.1500244140625,1416.300048828125,1373.1500244140625,1384.800048828125,194140
2024-04-16 13:15:00,1384.800048828125,1399.0999755859375,1382.4000244140625,1385.050048828125,192741
2024-04-18 09:15:00,1398.4000244140625,1439.75,1385.8499755859375,1431.699951171875,703270
2024-04-18 13:15:00,1431.6500244140625,1435.199951171875,1422.050048828125,1432.25,393538
2024-04-19 09:15:00,1419.8499755859375,1429.0,1400.0999755859375,1427.5,325562
2024-04-19 13:15:00,1427.3499755859375,1432.699951171875,1419.4000244140625,1428.5999755859375,188707
2024-04-22 09:15:00,1436.0,1450.4000244140625,1430.0,1440.800048828125,187903
2024-04-22 13:15:00,1440.800048828125,1445.0,1430.050048828125,1432.0,132126
2024-04-23 09:15:00,1430.550048828125,1437.5,1412.5,1422.25,393725
2024-04-23 13:15:00,1421.5,1423.4000244140625,1415.75,1420.0,238777
2024-04-24 09:15:00,1423.949951171875,1425.449951171875,1400.550048828125,1409.0,228966
2024-04-24 13:15:00,1409.5,1413.300048828125,1402.3499755859375,1408.25,219731
2024-04-25 09:15:00,1415.0,1416.3499755859375,1400.050048828125,1411.9000244140625,330724
2024-04-25 13:15:00,1411.0,1414.0,1406.75,1409.4000244140625,176432
2024-04-26 09:15:00,1413.949951171875,1425.75,1402.3499755859375,1407.449951171875,264030
2024-04-26 13:15:00,1407.75,1409.800048828125,1395.0999755859375,1401.1500244140625,320835
2024-04-29 09:15:00,1409.800048828125,1409.800048828125,1378.0,1380.0,269573
2024-04-29 13:15:00,1379.449951171875,1381.050048828125,1374.0,1375.949951171875,217319
2024-04-30 09:15:00,1378.300048828125,1382.1500244140625,1366.3499755859375,1370.1500244140625,121686
2024-04-30 13:15:00,1370.0,1372.699951171875,1356.3499755859375,1358.9000244140625,325780
2024-05-02 09:15:00,1358.9000244140625,1359.800048828125,1342.0,1346.0,126367
2024-05-02 13:15:00,1346.25,1347.4000244140625,1337.0,1340.8499755859375,184020
2024-05-03 09:15:00,1349.949951171875,1349.949951171875,1317.199951171875,1319.0,180680
2024-05-03 13:15:00,1319.550048828125,1325.949951171875,1313.050048828125,1321.0,154036
2024-05-06 09:15:00,1327.050048828125,1327.050048828125,1297.0999755859375,1305.5,144844
2024-05-06 13:15:00,1305.0,1322.25,1305.0,1321.0,393598
2024-05-07 09:15:00,1321.800048828125,1321.800048828125,1293.8499755859375,1307.0,233226
2024-05-07 13:15:00,1307.0,1314.0,1303.3499755859375,1305.800048828125,179759
2024-05-08 09:15:00,1309.800048828125,1328.5,1297.0999755859375,1320.9000244140625,194316
2024-05-08 13:15:00,1321.050048828125,1326.300048828125,1315.6500244140625,1324.3499755859375,194553
2024-05-09 09:15:00,1321.949951171875,1321.949951171875,1293.6500244140625,1295.800048828125,221515
2024-05-09 13:15:00,1296.300048828125,1305.75,1295.800048828125,1300.9000244140625,376216
2024-05-10 09:15:00,1304.8499755859375,1304.8499755859375,1283.199951171875,1284.4000244140625,300540
2024-05-10 13:15:00,1283.9000244140625,1292.0,1278.699951171875,1288.0999755859375,141782
2024-05-13 09:15:00,1299.9000244140625,1314.449951171875,1268.300048828125,1309.5,223499
2024-05-13 13:15:00,1310.1500244140625,1319.8499755859375,1302.0,1315.5999755859375,125845
2024-05-14 09:15:00,1319.0,1334.5,1311.0999755859375,1330.3499755859375,189748
2024-05-14 13:15:00,1330.300048828125,1335.9000244140625,1282.1500244140625,1295.0,1625877
2024-05-15 09:15:00,1296.949951171875,1297.449951171875,1272.5,1285.5,541904
2024-05-15 13:15:00,1285.5,1292.0,1282.050048828125,1288.0,199522
2024-05-16 09:15:00,1296.5,1322.5999755859375,1290.0,1313.050048828125,568388
2024-05-16 13:15:00,1313.1500244140625,1324.8499755859375,1305.0,1322.5,324996
2024-05-17 09:15:00,1323.0,1334.0,1319.4000244140625,1325.800048828125,197972
2024-05-17 13:15:00,1325.800048828125,1328.0,1316.050048828125,1324.949951171875,139013
2024-05-21 09:15:00,1326.0,1357.8499755859375,1317.0,1345.449951171875,564314
2024-05-21 13:15:00,1345.0,1353.300048828125,1341.0,1346.699951171875,297239
2024-05-22 09:15:00,1355.0,1355.0,1328.9000244140625,1341.949951171875,144889
2024-05-22 13:15:00,1341.75,1348.3499755859375,1338.0,1344.449951171875,100849
2024-05-23 09:15:00,1345.199951171875,1349.0,1327.6500244140625,1343.0999755859375,114713
2024-05-23 13:15:00,1343.1500244140625,1353.4000244140625,1341.25,1345.0,125673
2024-05-24 09:15:00,1345.8499755859375,1349.9000244140625,1338.550048828125,1344.0,188274
2024-05-24 13:15:00,1344.199951171875,1345.4000244140625,1333.050048828125,1336.0999755859375,131145
2024-05-27 09:15:00,1342.3499755859375,1348.0,1327.0,1340.050048828125,270093
2024-05-27 13:15:00,1340.050048828125,1345.0,1334.199951171875,1335.4000244140625,176936
2024-05-28 09:15:00,1350.0,1353.800048828125,1318.3499755859375,1331.75,280363
2024-05-28 13:15:00,1331.6500244140625,1341.0,1330.0,1333.449951171875,173353
2024-05-29 09:15:00,1334.1500244140625,1342.9000244140625,1325.5,1336.699951171875,97215
2024-05-29 13:15:00,1336.5,1341.5999755859375,1333.050048828125,1335.0999755859375,98360
2024-05-30 09:15:00,1331.75,1331.75,1315.4000244140625,1320.4000244140625,103459
2024-05-30 13:15:00,1320.449951171875,1321.6500244140625,1308.199951171875,1317.199951171875,344546
2024-05-31 09:15:00,1318.8499755859375,1329.199951171875,1307.949951171875,1309.949951171875,129447
2024-05-31 13:15:00,1309.949951171875,1316.9000244140625,1307.8499755859375,1309.050048828125,89288
2024-06-03 09:15:00,1325.1500244140625,1337.0,1318.6500244140625,1334.300048828125,105877
2024-06-03 13:15:00,1334.25,1337.25,1325.6500244140625,1333.0,86658
2024-06-04 09:15:00,1326.0,1326.0,1204.199951171875,1275.75,370514
2024-06-04 13:15:00,1276.3499755859375,1293.0999755859375,1264.8499755859375,1270.0,145342
2024-06-05 09:15:00,1285.0,1329.949951171875,1281.5,1326.800048828125,159971
2024-06-05 13:15:00,1327.050048828125,1330.300048828125,1317.550048828125,1320.800048828125,110630
2024-06-06 09:15:00,1328.949951171875,1340.0,1320.6500244140625,1332.6500244140625,112566
2024-06-06 13:15:00,1332.25,1339.0,1328.300048828125,1338.5,78829
2024-06-07 09:15:00,1334.6500244140625,1355.0,1330.0,1342.4000244140625,87037
2024-06-07 13:15:00,1341.5,1345.1500244140625,1335.0,1338.3499755859375,91671
2024-06-10 09:15:00,1336.4000244140625,1366.949951171875,1333.6500244140625,1339.8499755859375,268054
2024-06-10 13:15:00,1339.8499755859375,1349.300048828125,1339.8499755859375,1345.75,157592
2024-06-11 09:15:00,1354.9000244140625,1381.949951171875,1348.050048828125,1378.949951171875,519579
2024-06-11 13:15:00,1379.0,1384.8499755859375,1375.050048828125,1379.5,345156
2024-06-12 09:15:00,1390.1500244140625,1405.0,1385.5999755859375,1397.949951171875,228945
2024-06-12 13:15:00,1397.9000244140625,1405.5,1393.050048828125,1396.449951171875,240181
2024-06-13 09:15:00,1395.8499755859375,1395.8499755859375,1367.550048828125,1386.6500244140625,158140
2024-06-13 13:15:00,1386.6500244140625,1393.300048828125,1384.699951171875,1391.6500244140625,117126
2024-06-14 09:15:00,1399.949951171875,1399.949951171875,1382.199951171875,1389.0999755859375,142654
2024-06-14 13:15:00,1389.3499755859375,1395.0,1385.0,1390.300048828125,125456
2024-06-18 09:15:00,1401.949951171875,1401.949951171875,1387.4000244140625,1397.949951171875,99536
2024-06-18 13:15:00,1397.4000244140625,1404.949951171875,1395.5999755859375,1403.25,142942
2024-06-19 09:15:00,1409.0,1409.0,1383.0,1398.5,228043
2024-06-19 13:15:00,1398.5999755859375,1400.0,1386.0,1389.0,112067
2024-06-20 09:15:00,1395.0999755859375,1395.4000244140625,1383.4000244140625,1384.75,71557
2024-06-20 13:15:00,1384.9000244140625,1385.9000244140625,1379.5999755859375,1385.0,114750
2024-06-21 09:15:00,1385.0,1454.6500244140625,1384.050048828125,1437.949951171875,1195539
2024-06-21 13:15:00,1437.300048828125,1446.0,1429.25,1429.25,452239
2024-06-24 09:15:00,1428.8499755859375,1444.449951171875,1416.3499755859375,1429.5999755859375,90762
2024-06-24 13:15:00,1429.050048828125,1431.9000244140625,1419.050048828125,1422.75,175898
2024-06-25 09:15:00,1431.0,1469.949951171875,1417.0,1430.550048828125,629336
2024-06-25 13:15:00,1430.0,1436.0,1425.199951171875,1426.0,168374
2024-06-26 09:15:00,1438.800048828125,1464.550048828125,1432.3499755859375,1446.3499755859375,352376
2024-06-26 13:15:00,1447.0999755859375,1457.8499755859375,1447.0,1451.699951171875,243854
2024-06-27 09:15:00,1460.050048828125,1472.5999755859375,1447.050048828125,1463.0,312386
2024-06-27 13:15:00,1462.5,1471.0,1454.5,1470.699951171875,336468
2024-06-28 09:15:00,1475.4000244140625,1475.4000244140625,1422.050048828125,1434.699951171875,530397
2024-06-28 13:15:00,1434.699951171875,1441.949951171875,1425.0999755859375,1432.9000244140625,213126
2024-07-01 09:15:00,1447.449951171875,1512.800048828125,1447.449951171875,1499.949951171875,1467418
2024-07-01 13:15:00,1499.800048828125,1504.9000244140625,1491.0,1497.0,426548
2024-07-02 09:15:00,1504.9000244140625,1504.9000244140625,1461.050048828125,1466.8499755859375,303647
2024-07-02 13:15:00,1465.0,1483.449951171875,1465.0,1471.0,270755
2024-07-03 09:15:00,1475.0,1475.0,1460.0,1463.050048828125,137541
2024-07-03 13:15:00,1463.0,1467.5999755859375,1455.199951171875,1459.0,153931
2024-07-04 09:15:00,1460.0,1482.0,1455.5999755859375,1475.4000244140625,294418
2024-07-04 13:15:00,1475.0999755859375,1481.3499755859375,1466.0,1466.9000244140625,105047
2024-07-05 09:15:00,1467.800048828125,1480.9000244140625,1464.550048828125,1476.800048828125,95880
2024-07-05 13:15:00,1476.800048828125,1477.949951171875,1463.1500244140625,1468.75,113145
2024-07-08 09:15:00,1476.4000244140625,1477.8499755859375,1447.949951171875,1459.550048828125,98501
2024-07-08 13:15:00,1460.0,1460.5,1450.25,1455.0,65300
2024-07-09 09:15:00,1464.050048828125,1471.800048828125,1455.0,1458.0999755859375,145184
2024-07-09 13:15:00,1457.699951171875,1460.949951171875,1452.699951171875,1456.449951171875,117194
2024-07-10 09:15:00,1462.25,1462.25,1421.0999755859375,1444.5999755859375,168686
2024-07-10 13:15:00,1444.75,1454.5,1442.0,1449.8499755859375,99915
2024-07-11 09:15:00,1442.949951171875,1475.550048828125,1442.949951171875,1460.050048828125,191498
2024-07-11 13:15:00,1460.550048828125,1464.800048828125,1457.050048828125,1460.199951171875,93662
2024-07-12 09:15:00,1468.4000244140625,1507.5999755859375,1464.1500244140625,1478.5,687741
2024-07-12 13:15:00,1478.5,1489.0,1470.0999755859375,1474.0,366428
2024-07-15 09:15:00,1474.800048828125,1494.949951171875,1467.6500244140625,1476.699951171875,178331
2024-07-15 13:15:00,1475.5999755859375,1477.449951171875,1454.3499755859375,1459.949951171875,154137
2024-07-16 09:15:00,1453.75,1466.300048828125,1438.199951171875,1443.0,352510
2024-07-16 13:15:00,1443.0,1453.5999755859375,1431.300048828125,1438.300048828125,115388
2024-07-18 09:15:00,1430.0,1432.199951171875,1401.5,1409.449951171875,368365
2024-07-18 13:15:00,1409.5,1419.300048828125,1407.300048828125,1413.550048828125,111565
2024-07-19 09:15:00,1416.800048828125,1428.0,1399.050048828125,1411.6500244140625,243064
2024-07-19 13:15:00,1411.300048828125,1424.9000244140625,1395.0,1395.949951171875,131872
2024-07-22 09:15:00,1352.449951171875,1440.0,1352.449951171875,1432.25,578441
2024-07-22 13:15:00,1431.699951171875,1433.4000244140625,1422.4000244140625,1425.699951171875,265636
2024-07-23 09:15:00,1420.0,1427.800048828125,1372.550048828125,1405.6500244140625,563239
2024-07-23 13:15:00,1403.0999755859375,1443.699951171875,1402.800048828125,1431.199951171875,158622
2024-07-24 09:15:00,1420.3499755859375,1484.550048828125,1419.0999755859375,1483.0,359934
2024-07-24 13:15:00,1482.5999755859375,1495.0,1478.0,1493.800048828125,373143
2024-07-25 09:15:00,1479.3499755859375,1510.0,1472.6500244140625,1496.5999755859375,375068
2024-07-25 13:15:00,1496.8499755859375,1502.0,1486.050048828125,1488.050048828125,217232
2024-07-26 09:15:00,1491.8499755859375,1507.5999755859375,1480.5,1486.5999755859375,202658
2024-07-26 13:15:00,1485.949951171875,1500.3499755859375,1484.25,1497.0,199176
2024-07-29 09:15:00,1500.0,1537.0999755859375,1498.9000244140625,1524.9000244140625,303935
2024-07-29 13:15:00,1524.8499755859375,1528.449951171875,1517.3499755859375,1523.699951171875,186035
2024-07-30 09:15:00,1527.0,1530.0,1513.3499755859375,1520.550048828125,176131
2024-07-30 13:15:00,1521.0999755859375,1525.9000244140625,1515.1500244140625,1518.75,84010
2024-07-31 09:15:00,1518.0,1535.5999755859375,1499.0,1503.5,144452
2024-07-31 13:15:00,1504.449951171875,1506.699951171875,1497.199951171875,1502.4000244140625,101726
2024-08-01 09:15:00,1502.75,1511.8499755859375,1480.5,1500.300048828125,87877
2024-08-01 13:15:00,1500.0999755859375,1504.449951171875,1487.5,1490.5999755859375,72794
2024-08-02 09:15:00,1480.300048828125,1494.8499755859375,1473.300048828125,1476.699951171875,138630
2024-08-02 13:15:00,1477.300048828125,1484.550048828125,1468.75,1473.449951171875,66888
2024-08-05 09:15:00,1451.0,1459.8499755859375,1401.4000244140625,1411.9000244140625,182135
2024-08-05 13:15:00,1411.949951171875,1420.5999755859375,1406.9000244140625,1417.800048828125,67726
2024-08-06 09:15:00,1419.0,1447.75,1419.0,1421.699951171875,133391
2024-08-06 13:15:00,1422.0,1423.550048828125,1401.3499755859375,1406.0,51863
2024-08-07 09:15:00,1417.199951171875,1463.1500244140625,1417.199951171875,1454.5,182560
2024-08-07 13:15:00,1453.6500244140625,1467.5999755859375,1450.0,1463.5999755859375,75289
2024-08-08 09:15:00,1455.4000244140625,1474.8499755859375,1450.0999755859375,1453.550048828125,112512
2024-08-08 13:15:00,1454.0,1460.25,1443.4000244140625,1458.300048828125,97029
2024-08-09 09:15:00,1470.0,1494.800048828125,1467.5,1487.0,219698
2024-08-09 13:15:00,1487.0,1505.0,1480.0999755859375,1501.199951171875,161520
2024-08-12 09:15:00,1500.949951171875,1509.050048828125,1479.449951171875,1490.9000244140625,131692
2024-08-12 13:15:00,1490.949951171875,1495.0,1471.6500244140625,1476.699951171875,76206
2024-08-13 09:15:00,1476.0,1487.050048828125,1467.0,1470.0,124667
2024-08-13 13:15:00,1470.0,1475.8499755859375,1450.0,1457.0,127580
2024-08-14 09:15:00,1460.0999755859375,1468.050048828125,1431.0,1431.0,183134
2024-08-14 13:15:00,1431.0,1449.3499755859375,1423.3499755859375,1443.0,118862
2024-08-16 09:15:00,1457.25,1499.0,1457.25,1496.5999755859375,535646
2024-08-16 13:15:00,1496.25,1503.199951171875,1492.3499755859375,1500.050048828125,209986
2024-08-19 09:15:00,1523.300048828125,1562.199951171875,1512.9000244140625,1516.4000244140625,380129
2024-08-19 13:15:00,1516.300048828125,1524.5999755859375,1513.550048828125,1520.5,198398
2024-08-20 09:15:00,1522.050048828125,1523.9000244140625,1488.050048828125,1503.550048828125,215251
2024-08-20 13:15:00,1503.0,1524.0,1497.050048828125,1503.949951171875,480768
2024-08-21 09:15:00,1503.949951171875,1526.300048828125,1502.8499755859375,1521.0999755859375,62136
2024-08-21 13:15:00,1521.9000244140625,1525.449951171875,1511.949951171875,1516.3499755859375,121827
2024-08-22 09:15:00,1525.0,1534.800048828125,1515.9000244140625,1521.699951171875,165470
2024-08-22 13:15:00,1521.699951171875,1521.949951171875,1512.050048828125,1514.0,88094
2024-08-23 09:15:00,1519.9000244140625,1519.9000244140625,1490.0,1490.9000244140625,178437
2024-08-23 13:15:00,1490.9000244140625,1491.25,1480.75,1488.449951171875,161510
2024-08-26 09:15:00,1497.949951171875,1515.949951171875,1489.4000244140625,1511.449951171875,120899
2024-08-26 13:15:00,1511.3499755859375,1516.5,1507.0999755859375,1511.9000244140625,71216
2024-08-27 09:15:00,1511.9000244140625,1523.699951171875,1504.550048828125,1521.199951171875,299082
2024-08-27 13:15:00,1521.5,1523.800048828125,1515.0999755859375,1519.949951171875,177174
2024-08-28 09:15:00,1522.0,1552.0,1520.0,1529.050048828125,244235
2024-08-28 13:15:00,1529.699951171875,1538.4000244140625,1514.6500244140625,1521.0,150156
2024-08-29 09:15:00,1517.050048828125,1524.5999755859375,1500.8499755859375,1506.1500244140625,65223
2024-08-29 13:15:00,1506.199951171875,1514.699951171875,1496.0999755859375,1513.3499755859375,110375
2024-08-30 09:15:00,1514.199951171875,1529.8499755859375,1511.1500244140625,1522.25,59470
2024-08-30 13:15:00,1521.0999755859375,1522.4000244140625,1510.9000244140625,1514.550048828125,50134
2024-09-02 09:15:00,1523.6500244140625,1523.6500244140625,1503.0,1515.0999755859375,59888
2024-09-02 13:15:00,1515.300048828125,1518.449951171875,1510.300048828125,1514.5,64607
2024-09-03 09:15:00,1515.0,1524.0,1508.3499755859375,1512.6500244140625,42208
2024-09-03 13:15:00,1512.6500244140625,1519.300048828125,1507.050048828125,1512.0999755859375,99661
2024-09-04 09:15:00,1503.1500244140625,1539.949951171875,1503.1500244140625,1521.800048828125,116366
2024-09-04 13:15:00,1521.9000244140625,1529.199951171875,1520.0,1526.0,85441
2024-09-05 09:15:00,1531.0,1582.4000244140625,1531.0,1570.75,915697
2024-09-05 13:15:00,1570.3499755859375,1590.949951171875,1569.550048828125,1582.0,614429
2024-09-06 09:15:00,1584.949951171875,1584.949951171875,1550.0,1556.0999755859375,407099
2024-09-06 13:15:00,1556.0,1577.0,1552.050048828125,1573.0,246501
2024-09-09 09:15:00,1564.0,1566.0999755859375,1542.199951171875,1553.0,69030
2024-09-09 13:15:00,1553.300048828125,1571.0,1553.0999755859375,1566.3499755859375,64845
2024-09-10 09:15:00,1570.0999755859375,1609.8499755859375,1570.0999755859375,1602.0,264587
2024-09-10 13:15:00,1601.800048828125,1610.6500244140625,1592.25,1592.25,155932
2024-09-11 09:15:00,1598.550048828125,1602.300048828125,1584.0999755859375,1595.0,53208
2024-09-11 13:15:00,1595.800048828125,1598.0,1578.300048828125,1587.5,55010
2024-09-12 09:15:00,1598.9000244140625,1607.75,1586.0,1597.0999755859375,113475
2024-09-12 13:15:00,1597.0,1601.550048828125,1589.300048828125,1594.699951171875,51035
2024-09-13 09:15:00,1599.0,1642.199951171875,1595.550048828125,1640.9000244140625,804642
2024-09-13 13:15:00,1640.5,1661.0,1636.800048828125,1651.0,698590
2024-09-16 09:15:00,1666.050048828125,1704.1500244140625,1659.1500244140625,1699.0999755859375,484216
2024-09-16 13:15:00,1699.0999755859375,1702.5999755859375,1687.25,1689.9000244140625,164663
2024-09-17 09:15:00,1690.0,1700.699951171875,1662.3499755859375,1676.3499755859375,466881
2024-09-17 13:15:00,1677.0,1678.9000244140625,1664.25,1670.1500244140625,73921
2024-09-18 09:15:00,1665.949951171875,1718.25,1665.949951171875,1670.4000244140625,259705
2024-09-18 13:15:00,1669.699951171875,1681.5999755859375,1660.699951171875,1676.5999755859375,82021
2024-09-19 09:15:00,1684.699951171875,1691.9000244140625,1636.5999755859375,1645.0,194299
2024-09-19 13:15:00,1645.0,1678.1500244140625,1644.5,1673.3499755859375,77849
2024-09-20 09:15:00,1684.3499755859375,1684.3499755859375,1656.5999755859375,1662.75,139862
2024-09-20 13:15:00,1663.050048828125,1665.1500244140625,1650.0,1654.199951171875,121020
2024-09-23 09:15:00,1661.9000244140625,1699.9000244140625,1652.0999755859375,1697.949951171875,507740
2024-09-23 13:15:00,1697.949951171875,1702.0,1692.050048828125,1701.0,213758
2024-09-24 09:15:00,1700.6500244140625,1705.25,1687.75,1699.300048828125,174450
2024-09-24 13:15:00,1699.0,1712.6500244140625,1697.300048828125,1704.75,122242
2024-09-25 09:15:00,1705.0,1733.699951171875,1689.9000244140625,1698.0,186117
2024-09-25 13:15:00,1698.0,1722.5999755859375,1695.25,1715.8499755859375,124961
2024-09-26 09:15:00,1710.75,1714.0,1692.199951171875,1707.25,88645
2024-09-26 13:15:00,1706.5999755859375,1748.0,1706.550048828125,1748.0,339235
2024-09-27 09:15:00,1731.9000244140625,1731.9000244140625,1695.050048828125,1695.75,113940
2024-09-27 13:15:00,1695.800048828125,1706.0,1675.3499755859375,1679.1500244140625,137206
2024-09-30 09:15:00,1676.0999755859375,1707.0,1656.0,1659.0999755859375,161924
2024-09-30 13:15:00,1659.800048828125,1668.0,1651.5,1663.6500244140625,149663
2024-10-01 09:15:00,1663.199951171875,1666.5,1641.550048828125,1653.050048828125,216727
2024-10-01 13:15:00,1653.4000244140625,1659.5,1640.5999755859375,1647.3499755859375,99018
2024-10-03 09:15:00,1615.0,1639.0,1612.449951171875,1629.5,203824
2024-10-03 13:15:00,1629.5,1633.699951171875,1625.0,1629.699951171875,116265
2024-10-04 09:15:00,1623.9000244140625,1634.0,1600.0,1613.75,101204
2024-10-04 13:15:00,1613.9000244140625,1619.199951171875,1587.050048828125,1595.0,187535
2024-10-07 09:15:00,1620.0,1620.0,1558.300048828125,1561.8499755859375,135802
2024-10-07 13:15:00,1562.1500244140625,1566.8499755859375,1545.0,1550.0,133480
2024-10-08 09:15:00,1559.9000244140625,1596.0,1548.5999755859375,1590.1500244140625,246075
2024-10-08 13:15:00,1591.050048828125,1609.949951171875,1586.300048828125,1606.3499755859375,195026
2024-10-09 09:15:00,1618.699951171875,1618.699951171875,1592.4000244140625,1604.5,57257
2024-10-09 13:15:00,1604.300048828125,1604.6500244140625,1592.300048828125,1599.5,50079
2024-10-10 09:15:00,1592.0,1624.449951171875,1589.0,1600.0999755859375,166190
2024-10-10 13:15:00,1600.949951171875,1612.300048828125,1596.9000244140625,1610.0,59800
2024-10-11 09:15:00,1612.0,1637.300048828125,1605.050048828125,1620.1500244140625,99205
2024-10-11 13:15:00,1620.1500244140625,1625.5,1605.199951171875,1616.6500244140625,84114
2024-10-14 09:15:00,1624.0,1628.0,1586.0,1586.4000244140625,156348
2024-10-14 13:15:00,1586.3499755859375,1595.949951171875,1584.800048828125,1589.0,85855
2024-10-15 09:15:00,1600.8499755859375,1644.800048828125,1580.800048828125,1593.0,582397
2024-10-15 13:15:00,1592.5,1630.0,1586.3499755859375,1620.75,834880
2024-10-16 09:15:00,1611.0,1627.5,1572.699951171875,1604.25,1057704
2024-10-16 13:15:00,1604.25,1635.0,1603.449951171875,1626.8499755859375,407829
2024-10-17 09:15:00,1625.949951171875,1627.550048828125,1595.0,1620.0,257009
2024-10-17 13:15:00,1620.0999755859375,1623.0,1603.550048828125,1613.0999755859375,114594
2024-10-18 09:15:00,1605.6500244140625,1658.199951171875,1595.050048828125,1616.8499755859375,524319
2024-10-18 13:15:00,1615.75,1623.5,1606.5999755859375,1610.0999755859375,129875
2024-10-21 09:15:00,1620.9000244140625,1620.9000244140625,1573.5,1577.949951171875,134500
2024-10-21 13:15:00,1577.949951171875,1587.5,1573.550048828125,1575.9000244140625,132337
2024-10-22 09:15:00,1580.699951171875,1581.8499755859375,1534.5,1535.9000244140625,224346
2024-10-22 13:15:00,1536.75,1542.949951171875,1526.3499755859375,1535.0,221224
2024-10-23 09:15:00,1533.0,1554.0,1514.8499755859375,1542.199951171875,289607
2024-10-23 13:15:00,1542.199951171875,1547.0999755859375,1523.0,1530.550048828125,106517
2024-10-24 09:15:00,1532.0999755859375,1534.5,1495.0,1503.199951171875,176639
2024-10-24 13:15:00,1502.4000244140625,1513.0,1496.050048828125,1508.5,105712
2024-10-25 09:15:00,1512.4000244140625,1512.4000244140625,1463.800048828125,1486.6500244140625,132879
2024-10-25 13:15:00,1486.800048828125,1499.449951171875,1471.5,1489.550048828125,100182
2024-10-28 09:15:00,1498.1500244140625,1542.75,1496.5999755859375,1541.0999755859375,102563
2024-10-28 13:15:00,1541.550048828125,1542.75,1526.0,1530.5,66765
2024-10-29 09:15:00,1537.300048828125,1537.300048828125,1496.25,1509.949951171875,109164
2024-10-29 13:15:00,1510.800048828125,1528.3499755859375,1502.0,1520.050048828125,107587
2024-10-30 09:15:00,1524.699951171875,1556.9000244140625,1518.300048828125,1551.25,152594
2024-10-30 13:15:00,1551.25,1568.0,1545.0,1559.9000244140625,159941
2024-10-31 09:15:00,1576.9000244140625,1578.949951171875,1546.9000244140625,1553.6500244140625,145365
2024-10-31 13:15:00,1553.800048828125,1576.199951171875,1551.0,1565.1500244140625,267074
2024-11-04 09:15:00,1575.300048828125,1575.300048828125,1441.0,1493.949951171875,1639538
2024-11-04 13:15:00,1494.050048828125,1504.449951171875,1475.0,1498.0,467473
2024-11-05 09:15:00,1485.3499755859375,1512.949951171875,1476.0,1480.050048828125,201745
2024-11-05 13:15:00,1481.0,1506.8499755859375,1479.0999755859375,1503.0,138786
2024-11-06 09:15:00,1510.949951171875,1526.0,1502.050048828125,1520.050048828125,72616
2024-11-06 13:15:00,1520.5,1526.199951171875,1511.9000244140625,1515.0,81359
2024-11-07 09:15:00,1520.0,1523.0,1503.4000244140625,1510.0,66170
2024-11-07 13:15:00,1510.300048828125,1511.449951171875,1497.4000244140625,1505.0,161301
2024-11-08 09:15:00,1499.949951171875,1499.949951171875,1464.300048828125,1470.050048828125,119873
2024-11-08 13:15:00,1470.050048828125,1475.449951171875,1464.449951171875,1467.199951171875,66816
2024-11-11 09:15:00,1464.5999755859375,1485.25,1452.5,1476.0,37800
2024-11-11 13:15:00,1475.75,1477.0,1461.050048828125,1464.0,37649
2024-11-12 09:15:00,1473.949951171875,1502.0,1473.949951171875,1482.449951171875,91409
2024-11-12 13:15:00,1482.050048828125,1486.4000244140625,1474.25,1478.949951171875,116741
2024-11-13 09:15:00,1476.6500244140625,1478.449951171875,1444.199951171875,1449.6500244140625,49392
2024-11-13 13:15:00,1449.0999755859375,1458.0,1436.75,1450.050048828125,71784
2024-11-14 09:15:00,1450.0,1478.949951171875,1449.25,1475.550048828125,352481
2024-11-14 13:15:00,1475.699951171875,1476.5,1458.800048828125,1461.550048828125,99746
2024-11-18 09:15:00,1451.5,1468.949951171875,1434.0,1449.1500244140625,342782
2024-11-18 13:15:00,1449.1500244140625,1463.6500244140625,1432.0,1435.949951171875,428192
2024-11-19 09:15:00,1447.8499755859375,1493.550048828125,1447.0,1492.699951171875,139032
2024-11-19 13:15:00,1492.550048828125,1493.1500244140625,1471.0,1474.9000244140625,173661
2024-11-21 09:15:00,1475.5,1480.5999755859375,1443.5999755859375,1448.0,107376
2024-11-21 13:15:00,1446.75,1449.699951171875,1442.25,1444.0,115009
2024-11-22 09:15:00,1446.0999755859375,1455.050048828125,1435.550048828125,1450.25,136433
2024-11-22 13:15:00,1450.25,1470.0999755859375,1448.4000244140625,1465.699951171875,251829
2024-11-25 09:15:00,1486.050048828125,1496.550048828125,1479.5999755859375,1488.949951171875,104476
2024-11-25 13:15:00,1488.1500244140625,1490.5999755859375,1474.75,1480.699951171875,138089
2024-11-26 09:15:00,1479.0,1484.5,1462.5,1479.25,165232
2024-11-26 13:15:00,1478.699951171875,1483.4000244140625,1474.300048828125,1479.699951171875,136781
2024-11-27 09:15:00,1484.1500244140625,1489.6500244140625,1462.9000244140625,1476.3499755859375,666719
2024-11-27 13:15:00,1476.25,1521.050048828125,1476.25,1514.199951171875,349102
2024-11-28 09:15:00,1519.949951171875,1542.0,1504.0,1512.5,144742
2024-11-28 13:15:00,1511.800048828125,1526.449951171875,1508.699951171875,1521.0,151789
2024-11-29 09:15:00,1532.0,1553.5999755859375,1528.0,1533.9000244140625,59353
2024-11-29 13:15:00,1533.8499755859375,1546.5,1532.8499755859375,1544.9000244140625,274765
2024-12-02 09:15:00,1561.25,1583.0,1548.1500244140625,1575.5,411728
2024-12-02 13:15:00,1576.4000244140625,1580.0,1560.300048828125,1579.949951171875,390811
2024-12-03 09:15:00,1582.949951171875,1600.0,1563.949951171875,1598.5,160696
2024-12-03 13:15:00,1599.0,1604.050048828125,1592.0999755859375,1598.5,199670
2024-12-04 09:15:00,1607.800048828125,1609.5999755859375,1589.75,1600.25,173994
2024-12-04 13:15:00,1599.449951171875,1600.3499755859375,1593.0,1597.050048828125,231447
2024-12-05 09:15:00,1610.0999755859375,1610.0999755859375,1561.25,1576.5,228715
2024-12-05 13:15:00,1576.550048828125,1584.9000244140625,1571.050048828125,1580.0,220254
2024-12-06 09:15:00,1587.1500244140625,1587.1500244140625,1526.6500244140625,1550.0,278564
2024-12-06 13:15:00,1550.0,1556.800048828125,1542.050048828125,1548.0,286536
2024-12-09 09:15:00,1565.699951171875,1565.699951171875,1493.6500244140625,1495.25,292781
2024-12-09 13:15:00,1495.25,1500.0,1474.949951171875,1484.949951171875,449280
2024-12-10 09:15:00,1489.0,1489.6500244140625,1470.0,1487.25,230934
2024-12-10 13:15:00,1487.0,1495.0,1482.0,1492.300048828125,204358
2024-12-11 09:15:00,1500.449951171875,1500.449951171875,1477.050048828125,1481.699951171875,105544
2024-12-11 13:15:00,1480.9000244140625,1490.449951171875,1478.25,1486.5999755859375,173009
2024-12-12 09:15:00,1480.949951171875,1480.949951171875,1457.0,1461.550048828125,132986
2024-12-12 13:15:00,1460.699951171875,1464.1500244140625,1455.300048828125,1460.0,161308
2024-12-13 09:15:00,1460.0,1463.1500244140625,1438.0999755859375,1450.0,270217
2024-12-13 13:15:00,1450.0,1458.4000244140625,1446.3499755859375,1454.0,151946
2024-12-16 09:15:00,1461.4000244140625,1484.699951171875,1456.1500244140625,1472.4000244140625,134388
2024-12-16 13:15:00,1472.9000244140625,1479.5999755859375,1471.0,1474.5,122994
2024-12-17 09:15:00,1470.75,1538.949951171875,1470.75,1490.300048828125,1194808
2024-12-17 13:15:00,1490.4000244140625,1501.0,1485.0,1489.0,389618
2024-12-18 09:15:00,1487.800048828125,1487.800048828125,1422.199951171875,1424.550048828125,540310
2024-12-18 13:15:00,1424.3499755859375,1425.0,1404.699951171875,1406.0,535889
2024-12-19 09:15:00,1386.199951171875,1407.5,1386.199951171875,1402.800048828125,91606
2024-12-19 13:15:00,1402.800048828125,1425.0,1400.0,1420.9000244140625,184872
2024-12-20 09:15:00,1424.5,1425.1500244140625,1395.9000244140625,1396.050048828125,208311
2024-12-20 13:15:00,1396.050048828125,1400.199951171875,1378.0,1378.0,253639
2024-12-23 09:15:00,1387.0,1404.949951171875,1351.0999755859375,1377.0,265392
2024-12-23 13:15:00,1377.0,1381.9000244140625,1358.449951171875,1362.9000244140625,349084
2024-12-24 09:15:00,1372.5999755859375,1383.050048828125,1358.3499755859375,1379.050048828125,130795
2024-12-24 13:15:00,1379.050048828125,1379.3499755859375,1367.199951171875,1373.8499755859375,152770
2024-12-26 09:15:00,1379.449951171875,1379.449951171875,1324.199951171875,1331.0,312557
2024-12-26 13:15:00,1330.25,1342.050048828125,1325.300048828125,1337.3499755859375,307055
2024-12-27 09:15:00,1338.4000244140625,1350.0,1331.050048828125,1336.6500244140625,106755
2024-12-27 13:15:00,1336.3499755859375,1344.949951171875,1334.5,1335.0,86274
2024-12-30 09:15:00,1337.25,1347.4000244140625,1318.050048828125,1319.0,183533
2024-12-30 13:15:00,1318.9000244140625,1321.0999755859375,1306.0999755859375,1312.0,177462
2024-12-31 09:15:00,1307.6500244140625,1308.3499755859375,1285.5999755859375,1305.25,86968
2024-12-31 13:15:00,1305.25,1312.9000244140625,1302.25,1304.0,86634
2025-01-01 09:15:00,1308.0,1320.0999755859375,1302.949951171875,1311.25,34487
2025-01-01 13:15:00,1311.5,1319.0999755859375,1309.800048828125,1317.25,87580
2025-01-02 09:15:00,1321.0,1321.0,1304.9000244140625,1314.9000244140625,74783
2025-01-02 13:15:00,1314.5,1323.199951171875,1313.0999755859375,1320.199951171875,86333
2025-01-03 09:15:00,1328.699951171875,1328.699951171875,1308.0,1308.25,94676
2025-01-03 13:15:00,1308.949951171875,1310.800048828125,1298.050048828125,1302.1500244140625,90731
2025-01-06 09:15:00,1305.050048828125,1308.199951171875,1252.1500244140625,1258.0999755859375,295733
2025-01-06 13:15:00,1258.5,1261.449951171875,1243.6500244140625,1252.5,347714
2025-01-07 09:15:00,1251.050048828125,1251.550048828125,1155.0,1212.3499755859375,1842901
2025-01-07 13:15:00,1212.3499755859375,1231.5999755859375,1203.5999755859375,1222.699951171875,586058
2025-01-08 09:15:00,1204.4000244140625,1207.25,1167.300048828125,1168.949951171875,320487
2025-01-08 13:15:00,1168.0,1183.9000244140625,1166.5,1176.449951171875,298454
2025-01-09 09:15:00,1181.8499755859375,1197.949951171875,1175.75,1181.4000244140625,453156
2025-01-09 13:15:00,1180.949951171875,1181.300048828125,1158.3499755859375,1162.0,207628
2025-01-10 09:15:00,1168.25,1168.25,1125.0,1145.6500244140625,287538
2025-01-10 13:15:00,1145.1500244140625,1145.800048828125,1131.0999755859375,1132.949951171875,220783
2025-01-13 09:15:00,1130.550048828125,1130.550048828125,1098.5999755859375,1100.0,234432
2025-01-13 13:15:00,1100.300048828125,1101.800048828125,1073.1500244140625,1080.0,423916
2025-01-14 09:15:00,1088.949951171875,1107.5,1077.449951171875,1080.75,328354
2025-01-14 13:15:00,1081.0,1093.4000244140625,1079.0,1092.75,349278
2025-01-15 09:15:00,1100.0999755859375,1107.5999755859375,1082.9000244140625,1088.550048828125,544608
2025-01-15 13:15:00,1088.5,1088.6500244140625,1080.1500244140625,1084.0,146480
2025-01-16 09:15:00,1099.449951171875,1122.3499755859375,1082.75,1084.1500244140625,293327
2025-01-16 13:15:00,1084.4000244140625,1090.3499755859375,1080.800048828125,1085.5,172292
2025-01-17 09:15:00,1092.050048828125,1105.0,1077.550048828125,1091.0999755859375,143816
2025-01-17 13:15:00,1091.300048828125,1110.75,1089.1500244140625,1102.199951171875,153336
2025-01-20 09:15:00,1109.6500244140625,1109.6500244140625,1082.949951171875,1098.949951171875,134364
2025-01-20 13:15:00,1098.5,1099.9000244140625,1090.0,1092.449951171875,118497
2025-01-21 09:15:00,1096.9000244140625,1110.0,1084.050048828125,1085.199951171875,270293
2025-01-21 13:15:00,1085.3499755859375,1086.9000244140625,1075.5,1076.9000244140625,170844
2025-01-22 09:15:00,1072.5,1073.6500244140625,1051.550048828125,1060.1500244140625,154982
2025-01-22 13:15:00,1060.300048828125,1072.5,1053.5,1068.699951171875,305233
2025-01-23 09:15:00,1066.949951171875,1089.300048828125,1061.699951171875,1085.550048828125,194432
2025-01-23 13:15:00,1086.449951171875,1095.300048828125,1084.8499755859375,1092.800048828125,165810
2025-01-24 09:15:00,1091.0999755859375,1099.199951171875,1064.550048828125,1071.800048828125,213301
2025-01-24 13:15:00,1072.1500244140625,1073.5,1060.300048828125,1063.0,144434
2025-01-27 09:15:00,1052.0,1055.199951171875,1035.050048828125,1043.0,181785
2025-01-27 13:15:00,1043.0999755859375,1043.800048828125,1030.0,1034.0,139813
2025-01-28 09:15:00,1045.0,1047.75,1026.0999755859375,1047.75,179414
2025-01-28 13:15:00,1047.949951171875,1058.699951171875,1041.0,1055.449951171875,268375
2025-01-29 09:15:00,1049.8499755859375,1077.3499755859375,1045.9000244140625,1072.6500244140625,177712
2025-01-29 13:15:00,1072.699951171875,1086.1500244140625,1071.8499755859375,1084.449951171875,84539
2025-01-30 09:15:00,1090.949951171875,1090.949951171875,1070.1500244140625,1072.949951171875,111720
2025-01-30 13:15:00,1072.300048828125,1073.0,1059.4000244140625,1067.199951171875,105240
2025-01-31 09:15:00,1075.0,1103.9000244140625,1067.300048828125,1094.449951171875,211883
2025-01-31 13:15:00,1094.550048828125,1094.800048828125,1077.550048828125,1086.949951171875,162387
2025-02-03 09:15:00,1128.449951171875,1131.5,1095.050048828125,1112.300048828125,128931
2025-02-03 13:15:00,1111.699951171875,1115.0,1104.4000244140625,1113.0,88641
2025-02-04 09:15:00,1116.550048828125,1121.4000244140625,1088.1500244140625,1099.800048828125,217973
2025-02-04 13:15:00,1099.699951171875,1112.0,1097.4000244140625,1106.699951171875,139907
2025-02-05 09:15:00,1103.0,1135.0,1103.0,1133.0999755859375,428292
2025-02-05 13:15:00,1133.0,1137.75,1128.199951171875,1132.0,163620
2025-02-06 09:15:00,1133.0999755859375,1149.949951171875,1103.949951171875,1118.550048828125,297761
2025-02-06 13:15:00,1117.9000244140625,1149.0,1086.550048828125,1126.949951171875,1168108
2025-02-07 09:15:00,1126.949951171875,1153.0,1066.199951171875,1083.25,590755
2025-02-07 13:15:00,1082.8499755859375,1092.800048828125,1074.300048828125,1088.3499755859375,380202
2025-02-10 09:15:00,1089.8499755859375,1118.6500244140625,1080.050048828125,1084.0999755859375,300586
2025-02-10 13:15:00,1084.0999755859375,1087.050048828125,1072.3499755859375,1075.75,187136
2025-02-11 09:15:00,1078.9000244140625,1082.25,1052.800048828125,1053.699951171875,141030
2025-02-11 13:15:00,1053.699951171875,1060.449951171875,1043.550048828125,1052.050048828125,147568
2025-02-12 09:15:00,1060.5,1073.800048828125,1030.5999755859375,1066.449951171875,282016
2025-02-12 13:15:00,1066.0999755859375,1071.0,1045.25,1054.300048828125,201078
2025-02-13 09:15:00,1059.5,1078.5,1049.3499755859375,1073.0,126258
2025-02-13 13:15:00,1072.0999755859375,1073.949951171875,1056.5,1060.0,179662
2025-02-14 09:15:00,1065.75,1072.449951171875,1012.0,1014.7000122070312,233812
2025-02-14 13:15:00,1014.5999755859376,1033.0,1006.7000122070312,1014.5999755859376,266114
2025-02-17 09:15:00,1021.3499755859376,1023.2000122070312,999.7000122070312,1005.3499755859376,180871
2025-02-17 13:15:00,1004.6500244140624,1014.2999877929688,1003.0,1009.3499755859376,141833
2025-02-18 09:15:00,1008.8499755859376,1011.6500244140624,988.0,991.8499755859376,195005
2025-02-18 13:15:00,991.8499755859376,996.0,983.0,983.5999755859376,182738
2025-02-19 09:15:00,986.9000244140624,993.9000244140624,977.0499877929688,981.0499877929688,197666
2025-02-19 13:15:00,981.4500122070312,992.5,979.8499755859376,991.8499755859376,143357
2025-02-20 09:15:00,987.7000122070312,1013.7000122070312,986.4000244140624,1009.75,220673
2025-02-20 13:15:00,1009.7000122070312,1014.0,1006.8499755859376,1009.2000122070312,134413
2025-02-21 09:15:00,1012.0,1025.0,1005.1500244140624,1011.5499877929688,113935
2025-02-21 13:15:00,1012.2000122070312,1016.75,1006.5499877929688,1012.0,126074
2025-02-24 09:15:00,1006.4000244140624,1019.5499877929688,994.1500244140624,1003.2999877929688,168310
2025-02-24 13:15:00,1003.0,1003.0999755859376,996.9500122070312,1000.5,148874
2025-02-25 09:15:00,1000.0,1024.25,967.0499877929688,990.7000122070312,451646
2025-02-25 13:15:00,990.7000122070312,994.5,977.0999755859376,980.3499755859376,176824
2025-02-27 09:15:00,988.25,989.25,917.7999877929688,923.4500122070312,522211
2025-02-27 13:15:00,923.4500122070312,938.9500122070312,901.5,907.4000244140624,962327
2025-02-28 09:15:00,904.5,916.4500122070312,894.0,899.25,183926
2025-02-28 13:15:00,899.2000122070312,980.75,874.0,893.0,389199
2025-03-03 09:15:00,908.75,920.4500122070312,889.5,900.0,165195
2025-03-03 13:15:00,899.7999877929688,900.2999877929688,891.0,891.0,134114
2025-03-04 09:15:00,890.0499877929688,931.8499755859376,876.5,927.0499877929688,416655
2025-03-04 13:15:00,926.75,935.8499755859376,917.9000244140624,928.0999755859376,235680
2025-03-05 09:15:00,929.2000122070312,962.2000122070312,929.2000122070312,958.0499877929688,121938
2025-03-05 13:15:00,958.0499877929688,962.0,945.4500122070312,949.9000244140624,204272
2025-03-06 09:15:00,976.0999755859376,979.4500122070312,962.1500244140624,966.0499877929688,99128
2025-03-06 13:15:00,965.9500122070312,983.2000122070312,960.2999877929688,980.0,291528
2025-03-07 09:15:00,981.8499755859376,989.0999755859376,970.0,970.8499755859376,96746
2025-03-07 13:15:00,970.0,971.0999755859376,959.0,962.2000122070312,148966
2025-03-10 09:15:00,956.75,972.4500122070312,956.75,964.9500122070312,85768
2025-03-10 13:15:00,965.4500122070312,966.7999877929688,936.0,941.4000244140624,119150
2025-03-11 09:15:00,934.7000122070312,939.75,909.2000122070312,928.7999877929688,148402
2025-03-11 13:15:00,928.3499755859376,948.5,926.2000122070312,939.5499877929688,77378
2025-03-12 09:15:00,939.0,943.7999877929688,910.0999755859376,916.0499877929688,90594
2025-03-12 13:15:00,916.9500122070312,923.4500122070312,913.5,916.75,87294
2025-03-13 09:15:00,922.2000122070312,928.6500244140624,903.7000122070312,903.9500122070312,105697
2025-03-13 13:15:00,903.9000244140624,904.2000122070312,898.0,900.0,177688
2025-03-17 09:15:00,893.4500122070312,904.0,884.2999877929688,887.25,121899
2025-03-17 13:15:00,888.0,913.6500244140624,887.2999877929688,900.0,177120
2025-03-18 09:15:00,924.6500244140624,948.4500122070312,913.4000244140624,943.25,293330
2025-03-18 13:15:00,942.2999877929688,965.5,941.7000122070312,959.0,447985
2025-03-19 09:15:00,960.7000122070312,983.5,951.25,975.5999755859376,215513
2025-03-19 13:15:00,975.5999755859376,979.75,971.7000122070312,975.9500122070312,107005
2025-03-20 09:15:00,990.1500244140624,993.0999755859376,958.5,959.9500122070312,117083
2025-03-20 13:15:00,959.3499755859376,962.9500122070312,953.75,959.7000122070312,177298
2025-03-21 09:15:00,962.0,974.9500122070312,959.4500122070312,965.0,108030
2025-03-21 13:15:00,965.0,978.5499877929688,960.5,974.4000244140624,162737
2025-03-24 09:15:00,985.5,1003.4000244140624,979.0999755859376,980.0,97782
2025-03-24 13:15:00,980.0,984.0,971.3499755859376,972.4500122070312,134845
2025-03-25 09:15:00,984.2999877929688,985.0,945.0,947.7000122070312,140659
2025-03-25 13:15:00,947.7000122070312,953.9500122070312,945.0499877929688,946.75,114731
2025-03-26 09:15:00,950.1500244140624,950.2999877929688,923.75,928.3499755859376,149503
2025-03-26 13:15:00,928.3499755859376,941.2000122070312,922.0,923.0,128944
2025-03-27 09:15:00,927.3499755859376,944.2999877929688,917.3499755859376,919.0,193385
2025-03-27 13:15:00,919.25,950.0,918.0,932.5,365150
2025-03-28 09:15:00,940.0,948.0499877929688,910.5499877929688,912.0,161335
2025-03-28 13:15:00,912.0,919.9500122070312,907.0,910.0,219019
2025-04-01 09:15:00,919.0,962.7999877929688,918.0499877929688,962.0999755859376,409970
2025-04-01 13:15:00,962.6500244140624,974.5999755859376,952.5,965.9500122070312,728713
2025-04-02 09:15:00,953.0999755859376,966.5499877929688,932.7000122070312,958.5999755859376,145692
2025-04-02 13:15:00,959.0499877929688,971.5999755859376,957.4000244140624,969.9500122070312,116826
2025-04-03 09:15:00,955.5,983.0,955.5,962.5,184582
2025-04-03 13:15:00,962.5999755859376,962.6500244140624,954.0499877929688,957.5,194426
2025-04-04 09:15:00,955.0,957.4000244140624,906.4000244140624,906.4000244140624,172213
2025-04-04 13:15:00,906.5,908.5499877929688,894.6500244140625,906.0,193977
2025-04-07 09:15:00,859.8499755859375,870.0,834.75,849.4000244140625,139325
2025-04-07 13:15:00,849.9000244140625,851.25,844.2000122070312,850.0,144780
2025-04-08 09:15:00,874.5,884.7000122070312,861.25,866.0999755859375,123833
2025-04-08 13:15:00,865.9000244140625,888.0,865.0,887.0,183004
2025-04-09 09:15:00,880.75,887.8499755859375,862.2999877929688,866.1500244140625,184892
2025-04-09 13:15:00,866.5999755859375,882.0,862.6500244140625,869.5,128950
2025-04-11 09:15:00,879.2999877929688,922.7000122070312,879.2999877929688,919.0,202228
2025-04-11 13:15:00,918.7999877929688,919.0,912.0499877929688,915.9500122070312,254763
2025-04-15 09:15:00,928.75,948.5,925.8499755859376,944.75,80752
2025-04-15 13:15:00,944.9000244140624,946.5,942.5499877929688,945.7999877929688,61400
2025-04-16 09:15:00,939.9500122070312,949.5999755859376,937.9000244140624,947.4000244140624,112636
2025-04-16 13:15:00,947.5,955.75,943.3499755859376,951.6500244140624,93668
2025-04-17 09:15:00,952.75,955.0,939.1500244140624,952.5999755859376,41409
2025-04-17 13:15:00,952.4500122070312,969.25,949.9000244140624,955.0499877929688,115338
2025-04-21 09:15:00,971.9000244140624,973.0,948.2000122070312,954.6500244140624,101953
2025-04-21 13:15:00,955.4000244140624,980.1500244140624,951.5999755859376,980.1500244140624,164954
2025-04-22 09:15:00,971.7000122070312,998.9000244140624,965.4000244140624,970.0,170391
2025-04-22 13:15:00,970.0,977.0499877929688,965.3499755859376,968.4500122070312,133150
2025-04-23 09:15:00,968.5,982.5499877929688,963.4000244140624,978.5499877929688,57444
2025-04-23 13:15:00,978.4500122070312,985.9000244140624,976.1500244140624,982.5499877929688,56726
2025-04-24 09:15:00,985.0,1016.7000122070312,975.25,1015.8499755859376,239135
2025-04-24 13:15:00,1015.0999755859376,1019.5,1007.25,1012.0,333453
2025-04-25 09:15:00,1019.9500122070312,1032.5999755859375,965.0,973.8499755859376,140060
2025-04-25 13:15:00,974.5,987.0999755859376,972.0,972.4000244140624,111891
2025-04-28 09:15:00,975.5499877929688,1002.25,970.8499755859376,986.9000244140624,78212
2025-04-28 13:15:00,987.25,987.2999877929688,975.5999755859376,980.5999755859376,58476
2025-04-29 09:15:00,991.4000244140624,991.4000244140624,966.0999755859376,966.7000122070312,42200
2025-04-29 13:15:00,966.0999755859376,972.5,960.2000122070312,962.0499877929688,69242
2025-04-30 09:15:00,962.7000122070312,971.0,946.2000122070312,954.75,68460
2025-04-30 13:15:00,954.8499755859376,955.5,935.0,937.4000244140624,102343
2025-05-02 09:15:00,943.0,957.9500122070312,931.1500244140624,948.1500244140624,62675
2025-05-02 13:15:00,948.7999877929688,958.0,948.5999755859376,955.0,59281
2025-05-05 09:15:00,949.0,954.9500122070312,942.4500122070312,950.2999877929688,31625
2025-05-05 13:15:00,949.7000122070312,956.0,946.5,950.0999755859376,60172
2025-05-06 09:15:00,948.7999877929688,956.0,932.0999755859376,935.2000122070312,36002
2025-05-06 13:15:00,934.5999755859376,946.6500244140624,930.0,930.25,58527
2025-05-07 09:15:00,927.5499877929688,934.5,915.2000122070312,922.4500122070312,78231
2025-05-07 13:15:00,922.4500122070312,939.9000244140624,922.4500122070312,935.9000244140624,40655
2025-05-08 09:15:00,931.25,953.0,931.25,945.0499877929688,61850
2025-05-08 13:15:00,945.5499877929688,945.5499877929688,929.0,929.0,70734
2025-05-09 09:15:00,920.0,927.8499755859376,915.25,921.5,25818
2025-05-09 13:15:00,921.0,925.0,917.0,921.4500122070312,51289
2025-05-12 09:15:00,944.0,966.4000244140624,938.6500244140624,959.9000244140624,174599
2025-05-12 13:15:00,960.5499877929688,969.9000244140624,954.0,962.7999877929688,248072
2025-05-13 09:15:00,953.1500244140624,960.0,945.0999755859376,945.5999755859376,107646
2025-05-13 13:15:00,945.5999755859376,951.7000122070312,940.5499877929688,945.6500244140624,77814
2025-05-14 09:15:00,946.2999877929688,951.75,936.0,949.2999877929688,194249
2025-05-14 13:15:00,949.25,970.1500244140624,946.0,968.0,211427
2025-05-15 09:15:00,966.5999755859376,992.7000122070312,949.75,982.0,283762
2025-05-15 13:15:00,981.5499877929688,995.0999755859376,976.1500244140624,991.25,378831
2025-05-16 09:15:00,990.0999755859376,1023.0,976.0499877929688,1019.9500122070312,210117
2025-05-16 13:15:00,1020.0,1025.0,1005.7000122070312,1010.6500244140624,175315
2025-05-19 09:15:00,1014.0,1031.0,1000.2999877929688,1001.5,78750
2025-05-19 13:15:00,1001.0999755859376,1001.75,989.75,991.75,120152
2025-05-20 09:15:00,991.9000244140624,991.9000244140624,955.8499755859376,960.0,185050
2025-05-20 13:15:00,960.0,974.0,954.0999755859376,972.4000244140624,367386
2025-05-21 09:15:00,969.5499877929688,975.25,957.0999755859376,958.6500244140624,104598
2025-05-21 13:15:00,959.1500244140624,961.8499755859376,955.0,956.0,113933
2025-05-22 09:15:00,954.0,972.7999877929688,950.0,959.5,165541
2025-05-22 13:15:00,959.5,961.8499755859376,951.7999877929688,955.7999877929688,106892
2025-05-23 09:15:00,959.4000244140624,984.5,953.5499877929688,976.2000122070312,103173
2025-05-23 13:15:00,976.6500244140624,977.7999877929688,971.7000122070312,972.7999877929688,76094
2025-05-26 09:15:00,985.0,985.0,972.0499877929688,978.5999755859376,44766
2025-05-26 13:15:00,979.5,991.9500122070312,977.25,988.9500122070312,118884
2025-05-27 09:15:00,988.5999755859376,998.8499755859376,985.5499877929688,990.5,101490
2025-05-27 13:15:00,991.2000122070312,997.5,990.0,992.5999755859376,52286
2025-05-28 09:15:00,985.0,1017.9500122070312,985.0,1012.5999755859376,163324
2025-05-28 13:15:00,1012.1500244140624,1017.5499877929688,1010.4500122070312,1015.0,133545
2025-05-29 09:15:00,1020.9500122070312,1021.5,1000.0499877929688,1002.4000244140624,67066
2025-05-29 13:15:00,1002.4000244140624,1005.7000122070312,998.2999877929688,1003.8499755859376,98871
2025-05-30 09:15:00,999.4500122070312,1004.5,990.6500244140624,1000.3499755859376,173312
2025-05-30 13:15:00,1000.3499755859376,1002.9500122070312,981.5999755859376,985.25,154065
2025-06-02 09:15:00,988.0,1044.9000244140625,985.0,1011.4500122070312,734304
2025-06-02 13:15:00,1011.4500122070312,1022.2000122070312,1000.0499877929688,1020.0,237755
2025-06-03 09:15:00,1014.9000244140624,1017.7999877929688,1001.8499755859376,1004.9000244140624,84364
2025-06-03 13:15:00,1005.4000244140624,1053.0,1002.0,1042.800048828125,475998
2025-06-04 09:15:00,1047.8499755859375,1079.0,1043.75,1060.050048828125,802943
2025-06-04 13:15:00,1060.050048828125,1067.0,1053.0999755859375,1060.0,171434
2025-06-05 09:15:00,1059.050048828125,1061.9000244140625,1040.3499755859375,1042.199951171875,117101
2025-06-05 13:15:00,1042.4000244140625,1044.949951171875,1035.0,1040.4000244140625,144839
2025-06-06 09:15:00,1046.8499755859375,1046.8499755859375,1022.0,1026.800048828125,87924
2025-06-06 13:15:00,1026.050048828125,1027.5,1017.2000122070312,1017.2999877929688,89855
2025-06-09 09:15:00,1031.050048828125,1031.050048828125,1017.0499877929688,1020.8499755859376,116966
2025-06-09 13:15:00,1020.9000244140624,1021.4000244140624,1011.0,1012.0,89813
2025-06-10 09:15:00,1020.8499755859376,1023.7999877929688,1006.25,1010.0,107927
2025-06-10 13:15:00,1009.5999755859376,1011.9500122070312,1006.0,1009.9500122070312,62605
2025-06-11 09:15:00,1016.9500122070312,1017.4000244140624,1005.0999755859376,1006.75,109408
2025-06-11 13:15:00,1006.1500244140624,1007.4500122070312,997.0,1000.0,95508
2025-06-12 09:15:00,1000.0,1003.0999755859376,983.5,986.0999755859376,141009
2025-06-12 13:15:00,986.0999755859376,990.1500244140624,974.9500122070312,983.4500122070312,96204
2025-06-13 09:15:00,970.5499877929688,970.5499877929688,953.0499877929688,957.4500122070312,288534
2025-06-13 13:15:00,957.4500122070312,959.5999755859376,951.5499877929688,955.9000244140624,173990
2025-06-16 09:15:00,960.0999755859376,961.2999877929688,936.1500244140624,954.4000244140624,67260
2025-06-16 13:15:00,954.4000244140624,969.7999877929688,953.7999877929688,967.7000122070312,70683
2025-06-17 09:15:00,955.9500122070312,965.75,952.25,957.5499877929688,62065
2025-06-17 13:15:00,957.5,959.5499877929688,949.5,951.5999755859376,89110
2025-06-18 09:15:00,949.0,958.9500122070312,943.0,952.4500122070312,144035
2025-06-18 13:15:00,952.7999877929688,958.9000244140624,949.25,952.5,74215
2025-06-19 09:15:00,955.0,970.9500122070312,951.1500244140624,959.7000122070312,83384
2025-06-19 13:15:00,959.7000122070312,967.4000244140624,951.0,952.0,82641
2025-06-20 09:15:00,961.0499877929688,967.9500122070312,946.8499755859376,952.0499877929688,61215
2025-06-20 13:15:00,952.2000122070312,953.5,937.2000122070312,940.6500244140624,168441
2025-06-23 09:15:00,938.4500122070312,951.0,934.0,946.2999877929688,69182
2025-06-23 13:15:00,946.2999877929688,953.5,945.6500244140624,951.9000244140624,82065
2025-06-24 09:15:00,955.0,980.0,952.1500244140624,966.1500244140624,219759
2025-06-24 13:15:00,966.25,972.0,958.0,964.0999755859376,76600
2025-06-25 09:15:00,968.2000122070312,982.0,961.9000244140624,971.9000244140624,76557
2025-06-25 13:15:00,972.1500244140624,972.1500244140624,964.75,965.0,66301
2025-06-26 09:15:00,969.9500122070312,972.2000122070312,960.0,962.0,63989
2025-06-26 13:15:00,962.0,969.9000244140624,961.25,965.0499877929688,100741
2025-06-27 09:15:00,970.9500122070312,981.0,966.2000122070312,969.1500244140624,122272
2025-06-27 13:15:00,969.5499877929688,972.0,964.25,968.1500244140624,33597
2025-06-30 09:15:00,965.5999755859376,971.9500122070312,956.9500122070312,959.0,48342
2025-06-30 13:15:00,959.0,972.5999755859376,958.0,970.0999755859376,45991
2025-07-01 09:15:00,968.0499877929688,970.0,956.0,963.25,93113
2025-07-01 13:15:00,963.0499877929688,970.0,958.3499755859376,961.0999755859376,78811
2025-07-02 09:15:00,962.4000244140624,965.0,956.0999755859376,958.2999877929688,87010
2025-07-02 13:15:00,958.2999877929688,962.2999877929688,956.9000244140624,956.9000244140624,50046
2025-07-03 09:15:00,966.25,974.0,956.0999755859376,969.2999877929688,129212
2025-07-03 13:15:00,970.1500244140624,982.0,967.6500244140624,977.0999755859376,129516
2025-07-04 09:15:00,980.0,987.7000122070312,970.4000244140624,973.5499877929688,118932
2025-07-04 13:15:00,973.5499877929688,983.0,972.7999877929688,976.0,70288
2025-07-07 09:15:00,975.5,975.5,962.0,964.2999877929688,82991
2025-07-07 13:15:00,964.2999877929688,983.4000244140624,964.0,975.0,129478
2025-07-08 09:15:00,970.0,978.3499755859376,964.0,964.0499877929688,181046
2025-07-08 13:15:00,964.0499877929688,975.0,964.0,971.75,139631
2025-07-09 09:15:00,971.5,1010.5,969.7999877929688,997.5999755859376,354283
2025-07-09 13:15:00,997.1500244140624,1005.9500122070312,994.4000244140624,1005.0,149854
2025-07-10 09:15:00,1002.0,1019.0,991.4500122070312,1012.9500122070312,332347
2025-07-10 13:15:00,1012.9500122070312,1016.0,999.5,1008.0,129588
2025-07-11 09:15:00,1002.6500244140624,1005.5999755859376,985.25,991.7999877929688,154110
2025-07-11 13:15:00,991.7999877929688,995.0,985.2999877929688,986.0,106449
2025-07-14 09:15:00,984.0,985.0,967.0,976.75,96495
2025-07-14 13:15:00,976.1500244140624,983.4500122070312,974.7000122070312,981.25,110335
2025-07-15 09:15:00,999.7999877929688,1017.0,985.0999755859376,997.0,501337
2025-07-15 13:15:00,997.0,998.2999877929688,987.9500122070312,990.0,127954
2025-07-16 09:15:00,977.0,988.5,973.0999755859376,979.0,123315
2025-07-16 13:15:00,979.0,981.2999877929688,976.0499877929688,979.3499755859376,62201
2025-07-17 09:15:00,979.1500244140624,984.5999755859376,975.75,976.7999877929688,69480
2025-07-17 13:15:00,977.5,977.9500122070312,973.0,973.5,53343
2025-07-18 09:15:00,980.0,992.0,958.4500122070312,987.75,268087
2025-07-18 13:15:00,987.75,1028.1500244140625,987.75,1019.0,1053227
2025-07-21 09:15:00,1021.2999877929688,1045.0,1018.0,1029.5,212630
2025-07-21 13:15:00,1029.5,1040.550048828125,1019.2999877929688,1026.0,237399
2025-07-22 09:15:00,1033.5999755859375,1042.5,1008.0999755859376,1019.5,297236
2025-07-22 13:15:00,1019.5499877929688,1023.7999877929688,1009.1500244140624,1015.0,99926
2025-07-23 09:15:00,1017.0499877929688,1035.0,1005.2999877929688,1024.449951171875,161813
2025-07-23 13:15:00,1024.3499755859375,1028.3499755859375,1016.75,1018.9500122070312,76258
2025-07-24 09:15:00,1013.25,1028.9000244140625,1004.4000244140624,1004.5499877929688,57327
2025-07-24 13:15:00,1004.5,1014.0,1004.5,1007.8499755859376,100320
2025-07-25 09:15:00,1007.25,1008.1500244140624,991.5,999.7999877929688,51970
2025-07-25 13:15:00,999.7999877929688,1004.0,995.3499755859376,1002.5,153401
2025-07-28 09:15:00,1005.0999755859376,1006.0,973.0499877929688,974.9000244140624,69669
2025-07-28 13:15:00,973.6500244140624,984.7000122070312,972.9000244140624,978.7000122070312,70521
2025-07-29 09:15:00,982.9000244140624,990.0,967.0,982.0499877929688,67801
2025-07-29 13:15:00,982.5,991.4500122070312,978.5,985.4500122070312,52459
2025-07-30 09:15:00,990.0,1008.0,990.0,992.75,63220
2025-07-30 13:15:00,993.0,993.1500244140624,985.0,986.5,41940
2025-07-31 09:15:00,991.9000244140624,1002.4000244140624,975.2999877929688,999.75,101767
2025-07-31 13:15:00,999.75,1004.9000244140624,999.0499877929688,1000.9500122070312,168660
2025-08-01 09:15:00,1009.7000122070312,1024.0,1005.0,1017.5999755859376,104813
2025-08-01 13:15:00,1017.0499877929688,1017.5,985.5499877929688,994.6500244140624,110347
2025-08-04 09:15:00,998.4500122070312,1009.4000244140624,990.0,1009.4000244140624,40081
2025-08-04 13:15:00,1009.3499755859376,1022.25,1008.3499755859376,1018.0,74439
2025-08-05 09:15:00,1013.4000244140624,1035.0,1011.4500122070312,1030.449951171875,193879
2025-08-05 13:15:00,1030.300048828125,1038.5999755859375,1029.949951171875,1036.199951171875,82418
2025-08-06 09:15:00,1035.6500244140625,1039.550048828125,1001.0499877929688,1010.0,126551
2025-08-06 13:15:00,1011.0,1041.9000244140625,1005.4000244140624,1034.0,994669
2025-08-07 09:15:00,1045.0,1084.949951171875,1045.0,1056.449951171875,618942
2025-08-07 13:15:00,1056.5,1078.0,1051.9000244140625,1066.0,349429
2025-08-08 09:15:00,1087.8499755859375,1117.800048828125,1072.75,1081.550048828125,853173
2025-08-08 13:15:00,1081.550048828125,1084.0,1056.949951171875,1071.25,192012
2025-08-11 09:15:00,1065.9000244140625,1084.0,1057.5,1083.800048828125,102847
2025-08-11 13:15:00,1083.300048828125,1096.0,1068.550048828125,1073.5,229816
2025-08-12 09:15:00,1078.0,1106.0,1078.0,1089.949951171875,172563
2025-08-12 13:15:00,1089.8499755859375,1095.25,1083.300048828125,1087.0,197148
2025-08-13 09:15:00,1099.0,1099.0,1075.0,1077.6500244140625,155681
2025-08-13 13:15:00,1077.5,1085.0,1070.1500244140625,1081.9000244140625,186564
2025-08-14 09:15:00,1084.050048828125,1087.0,1072.1500244140625,1075.5,173823
2025-08-14 13:15:00,1075.050048828125,1097.8499755859375,1072.0,1079.0,260185
2025-08-18 09:15:00,1090.0,1092.300048828125,1051.949951171875,1062.0,119645
2025-08-18 13:15:00,1061.5,1068.449951171875,1050.800048828125,1058.0,85058
2025-08-19 09:15:00,1065.0,1103.3499755859375,1065.0,1095.0,626186
2025-08-19 13:15:00,1095.0,1097.25,1093.5,1095.5999755859375,293861
2025-08-20 09:15:00,1090.25,1098.9000244140625,1082.5,1088.449951171875,132262
2025-08-20 13:15:00,1087.800048828125,1088.9000244140625,1081.550048828125,1084.9000244140625,67824
2025-08-21 09:15:00,1088.699951171875,1130.0,1086.449951171875,1127.050048828125,385200
2025-08-21 13:15:00,1127.3499755859375,1130.0,1109.75,1122.550048828125,250066
2025-08-22 09:15:00,1127.5,1137.9000244140625,1122.75,1130.5,202446
2025-08-22 13:15:00,1130.5,1134.449951171875,1126.449951171875,1132.0,83808
2025-08-25 09:15:00,1132.800048828125,1135.0,1107.25,1108.1500244140625,57249
2025-08-25 13:15:00,1108.0,1114.9000244140625,1105.6500244140625,1108.0,62480
2025-08-26 09:15:00,1106.0,1135.0,1100.25,1131.949951171875,353559
2025-08-26 13:15:00,1132.0,1147.699951171875,1112.0,1112.0,485633
2025-08-28 09:15:00,1128.0,1133.0,1113.0999755859375,1124.550048828125,111102
2025-08-28 13:15:00,1124.550048828125,1130.9000244140625,1115.050048828125,1130.9000244140625,135311
2025-08-29 09:15:00,1115.5,1124.75,1102.050048828125,1110.1500244140625,64049
2025-08-29 13:15:00,1110.25,1128.4000244140625,1107.550048828125,1125.0,185978
2025-09-01 09:15:00,1120.300048828125,1129.0999755859375,1110.9000244140625,1113.5999755859375,46219
2025-09-01 13:15:00,1113.5999755859375,1122.300048828125,1113.5999755859375,1119.300048828125,64173
2025-09-02 09:15:00,1111.5,1128.0,1103.800048828125,1114.800048828125,276871
2025-09-02 13:15:00,1114.800048828125,1123.699951171875,1111.0999755859375,1116.199951171875,64890
2025-09-03 09:15:00,1124.0,1126.0,1114.300048828125,1116.5999755859375,160313
2025-09-03 13:15:00,1116.300048828125,1139.699951171875,1107.5,1135.0,104457
2025-09-04 09:15:00,1137.800048828125,1138.9000244140625,1123.5999755859375,1128.0,191491
2025-09-04 13:15:00,1128.199951171875,1138.9000244140625,1124.0,1129.0999755859375,126902
2025-09-05 09:15:00,1128.5999755859375,1166.0,1109.300048828125,1126.9000244140625,769747
2025-09-05 13:15:00,1127.0,1150.0,1126.300048828125,1145.0,168276
2025-09-08 09:15:00,1142.0,1142.0,1116.0999755859375,1120.0,83945
2025-09-08 13:15:00,1120.0,1122.5,1101.800048828125,1111.800048828125,59107
2025-09-09 09:15:00,1116.800048828125,1160.0,1112.699951171875,1140.800048828125,389475
2025-09-09 13:15:00,1139.9000244140625,1142.0,1122.0,1135.800048828125,192515
2025-09-10 09:15:00,1130.699951171875,1137.4000244140625,1116.5,1118.199951171875,177407
2025-09-10 13:15:00,1118.199951171875,1131.5,1110.0,1125.0,181728
2025-09-11 09:15:00,1123.699951171875,1148.0,1123.0,1132.800048828125,243024
2025-09-11 13:15:00,1132.800048828125,1140.0,1128.699951171875,1136.9000244140625,100552
2025-09-12 09:15:00,1134.300048828125,1137.0,1121.0,1122.699951171875,93744
2025-09-12 13:15:00,1122.800048828125,1125.0,1119.0,1124.300048828125,58727
2025-09-15 09:15:00,1123.0,1126.0,1107.5999755859375,1119.300048828125,32432
2025-09-15 13:15:00,1119.300048828125,1122.0,1107.4000244140625,1114.0,90944
2025-09-16 09:15:00,1119.5,1145.0,1110.5999755859375,1142.4000244140625,274048
2025-09-16 13:15:00,1142.4000244140625,1149.0,1139.0999755859375,1146.0999755859375,82791
2025-09-17 09:15:00,1144.0999755859375,1149.0999755859375,1132.0999755859375,1138.5999755859375,126085
2025-09-17 13:15:00,1138.0,1139.5,1131.800048828125,1136.800048828125,45120
2025-09-18 09:15:00,1145.0,1145.0,1125.0,1126.4000244140625,54849
2025-09-18 13:15:00,1125.800048828125,1132.0,1125.800048828125,1131.0,60468
2025-09-19 09:15:00,1130.0,1130.0,1115.0999755859375,1116.5,97311
2025-09-19 13:15:00,1116.4000244140625,1120.199951171875,1110.0999755859375,1117.0,388051
2025-09-22 09:15:00,1113.5999755859375,1122.0999755859375,1107.5,1109.0999755859375,109648
2025-09-22 13:15:00,1109.800048828125,1110.0,1102.5,1108.0,89875
2025-09-23 09:15:00,1109.5999755859375,1119.800048828125,1100.0,1113.4000244140625,118340
2025-09-23 13:15:00,1113.0999755859375,1119.9000244140625,1107.0999755859375,1115.199951171875,111668
2025-09-24 09:15:00,1120.699951171875,1120.699951171875,1100.800048828125,1109.5,82924
2025-09-24 13:15:00,1109.699951171875,1115.0,1108.199951171875,1111.300048828125,53136
2025-09-25 09:15:00,1110.0,1115.0,1107.5,1111.0,58620
2025-09-25 13:15:00,1111.0999755859375,1112.9000244140625,1099.9000244140625,1110.0,146715
2025-09-26 09:15:00,1105.0999755859375,1119.9000244140625,1087.300048828125,1099.9000244140625,111447
2025-09-26 13:15:00,1100.0,1114.9000244140625,1094.5999755859375,1108.5,72527
2025-09-29 09:15:00,1107.0,1114.9000244140625,1098.5999755859375,1105.199951171875,19385
2025-09-29 13:15:00,1104.699951171875,1110.0,1097.0,1100.9000244140625,53037
2025-09-30 09:15:00,1090.0,1090.0,1067.699951171875,1078.5,165677
2025-09-30 13:15:00,1079.0,1079.5999755859375,1072.4000244140625,1072.4000244140625,164626
2025-10-01 09:15:00,1081.800048828125,1090.0,1073.0999755859375,1090.0,35556
2025-10-01 13:15:00,1090.0,1107.0,1087.5999755859375,1099.0,53528
2025-10-03 09:15:00,1098.0,1104.4000244140625,1082.699951171875,1089.0999755859375,60632
2025-10-03 13:15:00,1088.300048828125,1133.5,1088.300048828125,1126.0,271288
2025-10-06 09:15:00,1123.0,1128.800048828125,1108.5,1112.4000244140625,65345
2025-10-06 13:15:00,1112.0,1112.0,1106.0999755859375,1108.800048828125,68364
2025-10-07 09:15:00,1112.5,1112.5,1096.4000244140625,1097.4000244140625,133124
2025-10-07 13:15:00,1098.0,1100.0,1090.0,1090.0,54952
2025-10-08 09:15:00,1097.699951171875,1108.9000244140625,1087.800048828125,1094.9000244140625,73591
2025-10-08 13:15:00,1094.699951171875,1095.800048828125,1087.0999755859375,1090.0,68863
2025-10-09 09:15:00,1120.0,1121.5999755859375,1094.4000244140625,1094.4000244140625,303085
2025-10-09 13:15:00,1094.9000244140625,1096.800048828125,1091.0,1093.300048828125,293772
2025-10-10 09:15:00,1090.199951171875,1098.5,1087.5,1092.5999755859375,69641
2025-10-10 13:15:00,1092.300048828125,1093.0,1087.800048828125,1090.0,249294
2025-10-13 09:15:00,1094.4000244140625,1110.199951171875,1088.0,1100.0,129750
2025-10-13 13:15:00,1100.0,1100.0999755859375,1096.800048828125,1099.9000244140625,174081
2025-10-14 09:15:00,1105.9000244140625,1110.0,1092.199951171875,1108.4000244140625,140285
2025-10-14 13:15:00,1108.4000244140625,1110.0,1099.9000244140625,1108.5,174894
2025-10-15 09:15:00,1107.300048828125,1113.9000244140625,1099.0,1101.0,33998
2025-10-15 13:15:00,1101.0,1109.699951171875,1097.5,1105.0999755859375,68894
2025-10-16 09:15:00,1101.9000244140625,1115.0,1101.9000244140625,1104.5999755859375,25920
2025-10-16 13:15:00,1104.5,1104.5,1095.0,1098.0999755859375,72261
2025-10-17 09:15:00,1097.699951171875,1115.0,1090.0,1109.5999755859375,109041
2025-10-17 13:15:00,1108.699951171875,1125.800048828125,1073.0999755859375,1085.300048828125,772800
2025-10-20 09:15:00,1108.0,1154.5,1099.0999755859375,1152.5,376310
2025-10-20 13:15:00,1152.5,1167.5,1150.9000244140625,1157.9000244140625,516610
2025-10-21 13:15:00,1157.9000244140625,1174.199951171875,1145.0,1154.9000244140625,124001
2025-10-23 09:15:00,1159.4000244140625,1169.300048828125,1149.0,1159.4000244140625,211764
2025-10-23 13:15:00,1159.300048828125,1169.0,1146.4000244140625,1157.0,195784
2025-10-24 09:15:00,1154.5999755859375,1168.199951171875,1142.9000244140625,1149.199951171875,93987
2025-10-24 13:15:00,1149.199951171875,1168.0,1148.699951171875,1160.0,278597
2025-10-27 09:15:00,1170.0999755859375,1183.0,1162.699951171875,1169.4000244140625,103452
2025-10-27 13:15:00,1169.699951171875,1185.0,1168.0,1179.199951171875,147365
2025-10-28 09:15:00,1182.5,1223.0,1175.0999755859375,1183.9000244140625,162115
2025-10-28 13:15:00,1183.9000244140625,1189.5999755859375,1177.0,1177.0,169094
2025-10-29 09:15:00,1186.5,1212.0,1180.699951171875,1210.0,114352
2025-10-29 13:15:00,1210.0,1240.0,1209.5,1231.0,351564
2025-10-30 09:15:00,1233.0,1240.5999755859375,1226.300048828125,1237.0999755859375,86589
2025-10-30 13:15:00,1237.199951171875,1249.5999755859375,1235.0,1241.0,131818
2025-10-31 09:15:00,1231.9000244140625,1233.5,1211.699951171875,1219.0,183173
2025-10-31 13:15:00,1219.0999755859375,1222.800048828125,1200.800048828125,1202.300048828125,196448
2025-11-03 09:15:00,1207.699951171875,1224.0999755859375,1187.0999755859375,1198.9000244140625,87005
2025-11-03 13:15:00,1198.9000244140625,1216.300048828125,1196.0,1205.9000244140625,121357
2025-11-04 09:15:00,1200.0,1207.5,1165.0,1168.5,104234
2025-11-04 13:15:00,1168.5999755859375,1173.5,1158.199951171875,1162.0,131670
2025-11-06 09:15:00,1157.199951171875,1167.5,1136.199951171875,1144.5,149302
2025-11-06 13:15:00,1144.4000244140625,1151.4000244140625,1133.0999755859375,1142.9000244140625,137175
2025-11-07 09:15:00,1141.5,1157.0,1126.4000244140625,1154.5,59333
2025-11-07 13:15:00,1154.5,1159.0999755859375,1141.0,1149.800048828125,84278
2025-11-10 09:15:00,1153.199951171875,1153.199951171875,1128.300048828125,1128.5999755859375,46716
2025-11-10 13:15:00,1128.5999755859375,1130.0,1120.5,1120.800048828125,117695
2025-11-11 09:15:00,1127.4000244140625,1144.9000244140625,1122.300048828125,1127.699951171875,79276
2025-11-11 13:15:00,1127.0999755859375,1129.699951171875,1123.5,1127.9000244140625,72829
2025-11-12 09:15:00,1133.0,1133.0,1114.0,1114.5,51708
2025-11-12 13:15:00,1115.0,1116.5,1094.0,1098.699951171875,196114
2025-11-13 09:15:00,1102.699951171875,1111.5999755859375,1085.5999755859375,1089.699951171875,125828
2025-11-13 13:15:00,1089.699951171875,1096.5,1089.0999755859375,1092.300048828125,91657
2025-11-14 09:15:00,1096.199951171875,1107.199951171875,1088.300048828125,1091.699951171875,49621
2025-11-14 13:15:00,1091.699951171875,1093.0,1077.4000244140625,1080.5999755859375,82064
2025-11-17 09:15:00,1089.0,1120.4000244140625,1088.0999755859375,1116.300048828125,153100
2025-11-17 13:15:00,1116.0999755859375,1120.5999755859375,1102.5999755859375,1107.199951171875,161547
2025-11-18 09:15:00,1116.5999755859375,1123.800048828125,1106.0999755859375,1109.0,35971
2025-11-18 13:15:00,1109.0,1118.0,1103.300048828125,1113.0,76709
2025-11-19 09:15:00,1112.9000244140625,1118.5,1093.4000244140625,1111.199951171875,33986
2025-11-19 13:15:00,1112.4000244140625,1125.0,1107.699951171875,1114.9000244140625,104387
2025-11-20 09:15:00,1117.0,1117.0,1101.0,1106.5999755859375,43123
2025-11-20 13:15:00,1105.699951171875,1110.0,1096.5,1099.5,89961
2025-11-21 09:15:00,1105.199951171875,1105.199951171875,1088.300048828125,1095.4000244140625,37502
2025-11-21 13:15:00,1095.9000244140625,1098.9000244140625,1091.0,1094.0999755859375,55089
2025-11-24 09:15:00,1093.199951171875,1098.199951171875,1073.0,1074.300048828125,61672
2025-11-24 13:15:00,1074.0,1087.0,1066.199951171875,1077.199951171875,164290
2025-11-25 09:15:00,1075.4000244140625,1075.4000244140625,1035.5,1049.5999755859375,167182
2025-11-25 13:15:00,1049.5999755859375,1054.800048828125,1045.0999755859375,1049.5999755859375,108769
2025-11-26 09:15:00,1049.5999755859375,1074.800048828125,1047.0999755859375,1070.300048828125,93620
2025-11-26 13:15:00,1070.4000244140625,1092.199951171875,1069.5,1081.5,102491
2025-11-27 09:15:00,1083.0,1083.0,1061.9000244140625,1069.4000244140625,39302
2025-11-27 13:15:00,1069.300048828125,1071.5,1064.5,1069.4000244140625,50413
2025-11-28 09:15:00,1068.0,1078.0,1060.5,1075.5,58068
2025-11-28 13:15:00,1075.5,1076.699951171875,1065.0,1067.0999755859375,83800
2025-12-01 09:15:00,1067.0999755859375,1090.0,1067.0999755859375,1076.4000244140625,71341
2025-12-01 13:15:00,1076.5999755859375,1103.199951171875,1073.800048828125,1096.4000244140625,113494
2025-12-02 09:15:00,1103.9000244140625,1103.9000244140625,1089.199951171875,1095.0,22447
2025-12-02 13:15:00,1094.9000244140625,1106.9000244140625,1093.199951171875,1105.0,56108
2025-12-03 09:15:00,1104.0999755859375,1145.0,1104.0999755859375,1128.9000244140625,284256
2025-12-03 13:15:00,1128.5999755859375,1135.0,1124.4000244140625,1130.0,149610
2025-12-04 09:15:00,1127.9000244140625,1128.4000244140625,1096.0,1101.0999755859375,73587
2025-12-04 13:15:00,1100.800048828125,1106.4000244140625,1085.9000244140625,1090.0999755859375,111355
2025-12-05 09:15:00,1098.199951171875,1105.0,1086.699951171875,1089.5999755859375,57155
2025-12-05 13:15:00,1089.699951171875,1095.0,1086.4000244140625,1088.5,100161
2025-12-08 09:15:00,1099.9000244140625,1117.9000244140625,1087.0,1095.0999755859375,170801
2025-12-08 13:15:00,1095.0999755859375,1095.800048828125,1080.199951171875,1080.5,154462
2025-12-09 09:15:00,1083.0,1092.800048828125,1048.199951171875,1078.5,165612
2025-12-09 13:15:00,1078.5,1088.0,1075.0999755859375,1081.9000244140625,109187
2025-12-10 09:15:00,1077.0,1086.300048828125,1062.9000244140625,1063.0,40622
2025-12-10 13:15:00,1062.4000244140625,1066.300048828125,1053.699951171875,1059.5999755859375,43252
2025-12-11 09:15:00,1064.800048828125,1064.800048828125,1044.9000244140625,1055.0999755859375,24665
2025-12-11 13:15:00,1055.0999755859375,1066.0,1051.199951171875,1055.199951171875,41962
2025-12-12 09:15:00,1063.0999755859375,1074.0,1050.5,1055.0,57480
2025-12-12 13:15:00,1054.300048828125,1057.0,1050.0,1051.9000244140625,120371
2025-12-15 09:15:00,1076.0,1133.300048828125,1076.0,1099.5999755859375,1791284
2025-12-15 13:15:00,1099.5999755859375,1100.800048828125,1081.9000244140625,1086.0,601729
2025-12-16 09:15:00,1091.4000244140625,1091.4000244140625,1062.300048828125,1075.0,190970
2025-12-16 13:15:00,1075.0,1089.9000244140625,1075.0,1088.199951171875,118754
2025-12-17 09:15:00,1078.699951171875,1079.5,1068.199951171875,1070.0,61342
2025-12-17 13:15:00,1070.199951171875,1075.0,1059.5999755859375,1075.0,165767
2025-12-18 09:15:00,1059.4000244140625,1059.4000244140625,1045.0999755859375,1049.5,219956
2025-12-18 13:15:00,1049.5,1052.9000244140625,1042.699951171875,1045.0,235752
2025-12-19 09:15:00,1049.9000244140625,1062.300048828125,1043.699951171875,1053.0,161153
2025-12-19 13:15:00,1053.0,1065.0,1049.0,1063.0,264945
2025-12-22 09:15:00,1070.0,1070.0,1048.0,1053.0999755859375,204540
2025-12-22 13:15:00,1053.699951171875,1056.4000244140625,1042.699951171875,1043.0999755859375,171691
2025-12-23 09:15:00,1049.699951171875,1049.699951171875,1027.0999755859375,1035.0,124366
2025-12-23 13:15:00,1034.9000244140625,1037.0,1019.2000122070312,1024.699951171875,204447
2025-12-24 09:15:00,1025.0,1040.0,1019.0,1026.699951171875,268908
2025-12-24 13:15:00,1026.5,1029.699951171875,1021.0,1025.0,123496
2025-12-26 09:15:00,1027.0999755859375,1027.0999755859375,1001.0,1001.5,144437
2025-12-26 13:15:00,1001.5,1004.5,1000.0,1002.0,236590
2025-12-29 09:15:00,998.5999755859376,1013.0,995.5999755859376,1001.5,94643
2025-12-29 13:15:00,1000.5,1025.699951171875,998.0,1013.5999755859376,149428
2025-12-30 09:15:00,1008.0,1008.0,993.5999755859376,998.5,111893
2025-12-30 13:15:00,998.2000122070312,999.4000244140624,992.7000122070312,994.0,174505
2025-12-31 09:15:00,1001.7000122070312,1014.4000244140624,1001.7000122070312,1006.5,53820
2025-12-31 13:15:00,1007.0999755859376,1019.0,1005.0,1015.2000122070312,135590
2026-01-01 09:15:00,1014.7999877929688,1024.5,1014.7999877929688,1022.0999755859376,46752
2026-01-01 13:15:00,1022.0999755859376,1025.0,1011.0999755859376,1017.0,55453
2026-01-02 09:15:00,1032.5,1048.800048828125,1023.0999755859376,1037.0,351941
2026-01-02 13:15:00,1036.5999755859375,1038.800048828125,1027.5,1030.0,162503
2026-01-05 09:15:00,1040.0,1047.9000244140625,1025.0,1046.0,207989
2026-01-05 13:15:00,1046.0,1046.5999755859375,1032.199951171875,1037.0,201994
2026-01-06 09:15:00,1038.9000244140625,1053.699951171875,1030.5999755859375,1031.9000244140625,194777
2026-01-06 13:15:00,1032.0,1034.0999755859375,1025.4000244140625,1027.800048828125,217910
2026-01-07 09:15:00,1027.800048828125,1053.0,1025.5,1045.0,261338
2026-01-07 13:15:00,1044.800048828125,1046.9000244140625,1039.199951171875,1041.0,173858
2026-01-08 09:15:00,1045.0,1045.0,1020.7000122070312,1020.7999877929688,121231
2026-01-08 13:15:00,1020.7999877929688,1025.300048828125,1017.5,1023.2999877929688,176076
2026-01-09 09:15:00,1018.7000122070312,1028.0,1002.2000122070312,1016.7000122070312,103774
2026-01-09 13:15:00,1016.7000122070312,1016.7000122070312,1002.7000122070312,1007.0,106580
2026-01-12 09:15:00,999.7000122070312,999.7000122070312,957.0,966.7999877929688,241121
2026-01-12 13:15:00,966.5,994.5,964.7000122070312,981.0,271451
2026-01-13 09:15:00,986.7999877929688,1024.199951171875,986.7999877929688,1018.5999755859376,282697
2026-01-13 13:15:00,1019.0999755859376,1050.0999755859375,1017.0,1050.0999755859375,510067
2026-01-14 09:15:00,1035.0,1042.300048828125,1018.0,1019.0,141830
2026-01-14 13:15:00,1019.0,1025.5,1015.0,1017.0,222515
2026-01-16 09:15:00,1013.0999755859376,1025.5999755859375,1005.5,1018.7999877929688,79691
2026-01-16 13:15:00,1018.2000122070312,1031.199951171875,1012.5,1020.5,159209
2026-01-19 09:15:00,1019.7999877929688,1029.0,996.0999755859376,1000.4000244140624,139408
2026-01-19 13:15:00,999.9000244140624,1002.9000244140624,992.0,992.0,120161
2026-01-20 09:15:00,1000.2000122070312,1000.2000122070312,966.0,967.5999755859376,107597
2026-01-20 13:15:00,967.5999755859376,969.5,960.0,962.2999877929688,139020
2026-01-21 09:15:00,964.0,964.0,934.0999755859376,948.9000244140624,192468
2026-01-21 13:15:00,948.0,950.0,942.7999877929688,948.2000122070312,94543
2026-01-22 09:15:00,960.0,977.0999755859376,951.5,952.2000122070312,104555
2026-01-22 13:15:00,952.2000122070312,960.0,950.7000122070312,956.7999877929688,115140
2026-01-23 09:15:00,962.7999877929688,962.7999877929688,935.0999755859376,937.2999877929688,95054
2026-01-23 13:15:00,937.7000122070312,940.7000122070312,924.0,927.0999755859376,157165
2026-01-27 09:15:00,950.0,950.0,919.5,930.0,104716
2026-01-27 13:15:00,930.0,964.0,928.2000122070312,961.0,188528
2026-01-28 09:15:00,950.2000122070312,950.7000122070312,933.0,939.5,300212
2026-01-28 13:15:00,939.7000122070312,942.0,932.0999755859376,940.0,115556
2026-01-29 09:15:00,935.2999877929688,940.0,926.2999877929688,938.0,110137
2026-01-29 13:15:00,938.0,948.2999877929688,937.5,945.0,62267
2026-01-30 09:15:00,935.0,965.4000244140624,923.0,959.0,218921
2026-01-30 13:15:00,960.0,979.9000244140624,945.0999755859376,975.0,146696
2026-02-03 09:15:00,993.9500122070312,993.9500122070312,973.4500122070312,985.4500122070312,117179
2026-02-03 13:15:00,985.0,989.25,980.0,988.9500122070312,58196
2026-02-04 09:15:00,990.5999755859376,1010.0999755859376,986.0999755859376,1008.9000244140624,138623
2026-02-04 13:15:00,1008.9000244140624,1028.449951171875,1008.9000244140624,1014.9500122070312,233628
2026-02-05 09:15:00,1019.0,1024.75,1008.9500122070312,1015.5999755859376,52657
2026-02-05 13:15:00,1015.9500122070312,1032.449951171875,943.8499755859376,986.0,981869
2026-02-06 09:15:00,980.0,1000.0,959.25,993.5999755859376,134936
2026-02-06 13:15:00,993.5999755859376,1010.0499877929688,991.8499755859376,1000.0999755859376,153703
2026-02-09 09:15:00,1014.5,1029.5,998.0999755859376,1026.5,114996
2026-02-09 13:15:00,1026.5,1048.8499755859375,1026.5,1045.449951171875,246320
2026-02-10 09:15:00,1045.0,1065.0,1039.5,1064.199951171875,134661
2026-02-10 13:15:00,1063.949951171875,1078.699951171875,1059.0999755859375,1076.050048828125,206805
2026-02-11 09:15:00,1077.8499755859375,1091.5,1071.5,1089.550048828125,132454
2026-02-11 13:15:00,1089.550048828125,1113.75,1088.75,1108.75,232415
2026-02-12 09:15:00,1101.050048828125,1101.050048828125,1070.6500244140625,1079.4000244140625,180393
2026-02-12 13:15:00,1079.4000244140625,1087.6500244140625,1064.0,1081.5,238359
2026-02-13 09:15:00,1074.800048828125,1074.800048828125,1048.0999755859375,1066.3499755859375,86517
2026-02-13 13:15:00,1066.699951171875,1067.050048828125,1047.1500244140625,1053.1500244140625,143263
2026-02-16 09:15:00,1043.0999755859375,1045.0999755859375,1026.6500244140625,1037.050048828125,111026
2026-02-16 13:15:00,1036.300048828125,1038.5999755859375,1027.0,1030.800048828125,128076
2026-02-17 09:15:00,1030.75,1050.8499755859375,1024.949951171875,1038.9000244140625,151296
2026-02-17 13:15:00,1038.199951171875,1050.0,1037.0999755859375,1041.0,73571
2026-02-18 09:15:00,1037.800048828125,1048.5999755859375,1017.5499877929688,1048.5999755859375,99324
2026-02-18 13:15:00,1048.9000244140625,1056.9000244140625,1045.050048828125,1051.6500244140625,201398
2026-02-19 09:15:00,1042.4000244140625,1055.5999755859375,1019.0,1019.7999877929688,71505
2026-02-19 13:15:00,1020.1500244140624,1028.050048828125,1008.0,1023.5499877929688,299564
2026-02-20 09:15:00,1027.0,1033.800048828125,1015.8499755859376,1033.199951171875,25605
2026-02-20 13:15:00,1031.699951171875,1042.949951171875,1030.699951171875,1039.5999755859375,146241
2026-02-23 09:15:00,1045.9000244140625,1048.0,1017.2999877929688,1022.2999877929688,61982
2026-02-23 13:15:00,1021.75,1036.25,1021.0,1031.9000244140625,81123
2026-02-24 09:15:00,1022.5999755859376,1029.5,1006.7999877929688,1020.75,105673
2026-02-24 13:15:00,1020.75,1034.75,1019.4500122070312,1032.5,143796
2026-02-25 09:15:00,1035.0999755859375,1041.199951171875,1025.0,1030.1500244140625,75475
2026-02-25 13:15:00,1030.1500244140625,1044.949951171875,1024.199951171875,1036.0,69685
2026-02-26 09:15:00,1036.699951171875,1037.4000244140625,1022.7999877929688,1026.5999755859375,41702
2026-02-26 13:15:00,1026.550048828125,1035.9000244140625,1026.4000244140625,1035.0,108318
2026-02-27 09:15:00,1029.9000244140625,1035.0,1022.2000122070312,1025.9000244140625,47817
2026-02-27 13:15:00,1025.8499755859375,1027.0,1020.0,1022.2000122070312,114781
2026-03-02 09:15:00,1001.7999877929688,1031.800048828125,1001.7999877929688,1008.2000122070312,76365
2026-03-02 13:15:00,1008.2999877929688,1020.5999755859376,1000.0,1017.2000122070312,101066
2026-03-04 09:15:00,1005.0,1008.5,989.7999877929688,998.4000244140624,93728
2026-03-04 13:15:00,997.7000122070312,1013.7999877929688,995.7999877929688,1009.9000244140624,142886
2026-03-05 09:15:00,1009.9000244140624,1042.0,1009.9000244140624,1040.0,140554
2026-03-05 13:15:00,1040.0,1040.0999755859375,1021.2000122070312,1027.5,178344
2026-03-06 09:15:00,1025.0,1040.0,1021.5999755859376,1022.9000244140624,58181
2026-03-06 13:15:00,1022.9000244140624,1026.5,1021.0999755859376,1023.0,141563
2026-03-09 09:15:00,1000.0,1016.0999755859376,982.7999877929688,1013.5999755859376,296197
2026-03-09 13:15:00,1014.2999877929688,1027.0,1010.5999755859376,1025.0,194099
2026-03-10 09:15:00,1027.0,1044.9000244140625,1020.0,1044.0,117281
2026-03-10 13:15:00,1043.4000244140625,1048.300048828125,1039.800048828125,1045.0,121148
2026-03-11 09:15:00,1040.0,1057.5,1028.0999755859375,1034.0999755859375,116426
2026-03-11 13:15:00,1035.0,1036.0,1021.2999877929688,1022.0,165034
2026-03-12 09:15:00,1020.5999755859376,1020.5999755859376,995.5999755859376,1014.0999755859376,103592
2026-03-12 13:15:00,1013.7000122070312,1020.0,990.2000122070312,996.2999877929688,224912
2026-03-13 09:15:00,991.0,999.5999755859376,968.0,969.5999755859376,116437
2026-03-13 13:15:00,969.2999877929688,984.2000122070312,963.4000244140624,973.9000244140624,136635
2026-03-16 09:15:00,980.0,980.0,956.0,963.5,95189
2026-03-16 13:15:00,963.2000122070312,979.5,960.0999755859376,978.0,141041
2026-03-17 09:15:00,985.0,1007.7000122070312,982.2000122070312,1001.5999755859376,151229
2026-03-17 13:15:00,1001.5999755859376,1016.4000244140624,993.0999755859376,993.0999755859376,294008
2026-03-18 09:15:00,1012.7000122070312,1028.699951171875,1012.7000122070312,1021.7000122070312,129475
2026-03-18 13:15:00,1021.0999755859376,1024.800048828125,1015.0,1022.5,137507
2026-03-19 09:15:00,1008.9000244140624,1038.0,995.0,995.5,270980
2026-03-19 13:15:00,995.5,1004.7999877929688,991.0,997.2000122070312,280073
2026-03-20 09:15:00,1009.0,1029.0,997.7999877929688,1008.4000244140624,159125
2026-03-20 13:15:00,1008.7000122070312,1009.9000244140624,981.5,993.0,145560
2026-03-23 09:15:00,985.9000244140624,992.9000244140624,950.0,954.7999877929688,156978
2026-03-23 13:15:00,954.7999877929688,957.9000244140624,932.2000122070312,941.9000244140624,236418
2026-03-24 09:15:00,959.0,963.0999755859376,936.7000122070312,949.0,122215
2026-03-24 13:15:00,949.9000244140624,950.7000122070312,940.4000244140624,946.2999877929688,140090
2026-03-25 09:15:00,954.5,969.2000122070312,952.7000122070312,957.5999755859376,152977
2026-03-25 13:15:00,957.7000122070312,959.0,951.4000244140624,954.4000244140624,166886
2026-03-27 09:15:00,950.0,950.0,929.2999877929688,935.4000244140624,104029
2026-03-27 13:15:00,935.2999877929688,954.5,925.0999755859376,938.0,178292
2026-03-30 09:15:00,930.0,930.0,907.4000244140624,926.2000122070312,229771
2026-03-30 13:15:00,926.2000122070312,933.9000244140624,914.7999877929688,914.9000244140624,332810
2026-04-01 09:15:00,951.0,958.5999755859376,935.0999755859376,946.1500244140624,111336
2026-04-01 13:15:00,946.1500244140624,947.0,940.1500244140624,941.5499877929688,121278
2026-04-02 09:15:00,935.0,940.75,917.0,938.9000244140624,71082
2026-04-02 13:15:00,938.9000244140624,947.1500244140624,937.7000122070312,939.0,72859
2026-04-06 09:15:00,941.7999877929688,953.0499877929688,932.75,940.0,94298
2026-04-06 13:15:00,940.0,945.0,935.0,940.0,159941
2026-04-07 09:15:00,934.4000244140624,960.0,934.4000244140624,948.7999877929688,74448
2026-04-07 13:15:00,948.0999755859376,952.0,943.9000244140624,946.4000244140624,49618
2026-04-08 09:15:00,970.0,980.7000122070312,960.0,965.9500122070312,249055
2026-04-08 13:15:00,966.0,967.0,952.0,955.0499877929688,160230
2026-04-09 09:15:00,956.1500244140624,972.7999877929688,947.2000122070312,948.5999755859376,59344
2026-04-09 13:15:00,948.5999755859376,948.7999877929688,937.0,941.9500122070312,123881
2026-04-10 09:15:00,946.5,958.5999755859376,945.5499877929688,952.0499877929688,45583
2026-04-10 13:15:00,952.0,957.1500244140624,943.5,944.0,122664
2026-04-13 09:15:00,931.2000122070312,944.3499755859376,928.8499755859376,939.2000122070312,72560
2026-04-13 13:15:00,939.2000122070312,940.0,933.25,935.0,80984
2026-04-15 09:15:00,946.1500244140624,960.5999755859376,943.1500244140624,944.7999877929688,143270
2026-04-15 13:15:00,944.7999877929688,945.0,941.2000122070312,942.0,84132
2026-04-16 09:15:00,950.0,960.0,944.7000122070312,945.5999755859376,60052
2026-04-16 13:15:00,945.4500122070312,952.2000122070312,944.9000244140624,950.8499755859376,45749
2026-04-17 09:15:00,953.9500122070312,959.4500122070312,937.9000244140624,939.7999877929688,150643
2026-04-17 13:15:00,939.7999877929688,940.0999755859376,935.9000244140624,937.7999877929688,183539
2026-04-20 09:15:00,940.7999877929688,940.7999877929688,925.5999755859376,930.7999877929688,0
2026-04-20 13:15:00,937.6500244140624,939.9000244140624,937.6500244140624,938.0499877929688,344146
2026-04-21 09:15:00,939.2999877929688,975.9500122070312,939.2999877929688,970.25,156695
2026-04-21 13:15:00,970.7999877929688,976.0,969.1500244140624,971.0,138603
2026-04-22 09:15:00,973.0,982.0,969.0,978.6500244140624,65085
2026-04-22 13:15:00,978.6500244140624,994.9000244140624,978.5499877929688,986.6500244140624,152337
2026-04-23 09:15:00,1001.2000122070312,1010.2000122070312,989.6500244140624,1007.0999755859376,213192
2026-04-23 13:15:00,1006.5499877929688,1008.0,1003.5499877929688,1005.0,290640
2026-04-24 09:15:00,1007.0,1012.0999755859376,993.3499755859376,1006.5999755859376,139943
2026-04-24 13:15:00,1007.2999877929688,1009.0,996.9500122070312,999.0,880305
2026-04-27 09:15:00,1007.5,1028.75,1007.5,1020.4500122070312,143105
2026-04-27 13:15:00,1020.4500122070312,1023.0,1014.9000244140624,1023.0,231126
2026-04-28 09:15:00,1025.0,1079.4000244140625,1025.0,1070.300048828125,415035
2026-04-28 13:15:00,1071.25,1077.050048828125,1050.050048828125,1055.0,230485
2026-04-29 09:15:00,1058.5999755859375,1092.0,1053.050048828125,1091.0,181760
2026-04-29 13:15:00,1091.0,1098.050048828125,1084.0,1093.0,198598
2026-04-30 09:15:00,1085.5,1085.5,1056.800048828125,1070.550048828125,105862
2026-04-30 13:15:00,1070.550048828125,1075.0,1065.0,1074.449951171875,129312
2026-05-04 09:15:00,1070.699951171875,1082.0999755859375,1060.0999755859375,1061.699951171875,63944
2026-05-04 13:15:00,1062.5999755859375,1065.0,1054.0,1059.0999755859375,54740
2026-05-05 09:15:00,1055.0999755859375,1079.0,1055.0999755859375,1069.5,57047
2026-05-05 13:15:00,1069.9000244140625,1070.4000244140625,1059.800048828125,1063.0999755859375,51303
2026-05-06 09:15:00,1066.0,1081.0999755859375,1060.0,1061.699951171875,51218
2026-05-06 13:15:00,1061.699951171875,1074.5,1060.0,1070.199951171875,61951
2026-05-07 09:15:00,1061.800048828125,1090.0,1061.800048828125,1066.0,91712
2026-05-07 13:15:00,1066.0,1073.0,1062.9000244140625,1068.0,118558
2026-05-08 09:15:00,1062.5,1075.4000244140625,1062.5,1072.699951171875,47370
2026-05-08 13:15:00,1072.5,1076.0,1068.699951171875,1075.0,50693
2026-05-11 09:15:00,1069.9000244140625,1079.0,1037.0999755859375,1079.0,133355
2026-05-11 13:15:00,1079.0,1108.199951171875,1021.0999755859376,1023.0,2124531
2026-05-12 09:15:00,1044.9000244140625,1044.9000244140625,1000.2999877929688,1015.2999877929688,168008
2026-05-12 13:15:00,1015.2000122070312,1021.7999877929688,1004.2999877929688,1015.2000122070312,201162
2026-05-13 09:15:00,1001.0,1031.300048828125,999.0999755859376,1026.800048828125,186554
2026-05-13 13:15:00,1026.699951171875,1029.9000244140625,1020.0999755859376,1024.0,66880
2026-05-14 09:15:00,1026.800048828125,1032.4000244140625,1008.5999755859376,1028.0,49854
2026-05-14 13:15:00,1027.9000244140625,1029.0,1019.7000122070312,1027.199951171875,48402
2026-05-15 09:15:00,1030.4000244140625,1031.0,1018.4000244140624,1022.0999755859376,44236
2026-05-15 13:15:00,1021.5999755859376,1023.0,1004.5999755859376,1009.9000244140624,64667
2026-05-18 09:15:00,998.5,1011.2000122070312,990.2000122070312,1004.2999877929688,75035
2026-05-18 13:15:00,1004.2999877929688,1011.9000244140624,1001.5999755859376,1009.7000122070312,36676
2026-05-19 09:15:00,1010.0,1012.7999877929688,998.5999755859376,1004.5,25058
2026-05-19 13:15:00,1004.0,1028.4000244140625,1003.7000122070312,1015.9000244140624,75403
2026-05-20 09:15:00,1003.0,1003.0,995.0,999.2000122070312,31954
2026-05-20 13:15:00,999.2999877929688,1000.0,993.0,994.0,47920
2026-05-21 09:15:00,1000.5,1003.5,992.0999755859376,992.5999755859376,30269
2026-05-21 13:15:00,992.5999755859376,996.2999877929688,984.0,985.5,48955
2026-05-22 09:15:00,998.4000244140624,998.4000244140624,979.0999755859376,982.0,64487
2026-05-22 13:15:00,981.5999755859376,982.7999877929688,978.5,979.7999877929688,106666
2026-05-25 09:15:00,986.0999755859376,1005.0999755859376,986.0999755859376,996.7999877929688,109645
2026-05-25 13:15:00,996.7999877929688,999.2999877929688,979.0,984.9000244140624,99769
2026-05-26 09:15:00,983.5999755859376,992.0,970.7999877929688,973.2999877929688,80550
2026-05-26 13:15:00,973.2999877929688,974.7000122070312,965.5999755859376,967.9000244140624,101058
2026-05-27 09:15:00,972.5999755859376,979.2999877929688,964.0999755859376,968.0,40048
2026-05-27 13:15:00,968.4000244140624,969.4000244140624,951.2999877929688,960.5,109421
2026-05-29 09:15:00,957.9000244140624,972.0,957.9000244140624,961.7000122070312,44171
2026-05-29 13:15:00,961.7999877929688,970.2999877929688,959.7999877929688,967.0,134879
2026-06-01 09:15:00,962.0,987.7000122070312,960.5,976.0499877929688,103471
2026-06-01 13:15:00,975.0499877929688,984.9500122070312,971.7000122070312,981.6500244140624,67410
2026-06-02 09:15:00,975.2000122070312,984.5,955.9500122070312,982.5499877929688,57763
2026-06-02 13:15:00,983.0,990.0,979.0999755859376,986.8499755859376,61623
2026-06-03 09:15:00,985.7999877929688,985.7999877929688,965.0499877929688,972.5999755859376,58167
2026-06-03 13:15:00,972.2000122070312,980.8499755859376,972.0999755859376,978.0,39020
2026-06-04 09:15:00,974.0499877929688,984.0,974.0,975.6500244140624,21163
2026-06-04 13:15:00,975.0499877929688,979.9500122070312,974.0,977.5,29570
2026-06-05 09:15:00,977.0,999.4000244140624,976.0499877929688,981.0499877929688,69390
2026-06-05 13:15:00,980.9500122070312,983.0,971.2000122070312,977.0,69825
2026-06-08 09:15:00,964.0,989.5,959.0499877929688,972.0,20456
2026-06-08 13:15:00,972.7000122070312,973.75,962.1500244140624,966.4000244140624,30944
2026-06-09 09:15:00,969.0,973.5999755859376,965.7999877929688,966.75,23226
2026-06-09 13:15:00,966.75,968.4000244140624,962.7000122070312,966.5,32775
2026-06-10 09:15:00,977.7999877929688,977.7999877929688,951.0,955.5,80928
2026-06-10 13:15:00,955.2000122070312,960.9500122070312,955.2000122070312,957.7000122070312,87337
2026-06-11 09:15:00,953.5,954.8499755859376,934.5,945.2999877929688,50185
2026-06-11 13:15:00,945.7000122070312,950.0,942.5499877929688,945.1500244140624,34221
2026-06-12 09:15:00,958.7000122070312,958.7000122070312,939.7000122070312,942.0,72268
2026-06-12 13:15:00,942.0,952.4500122070312,939.6500244140624,943.5,169603
2026-06-15 09:15:00,945.0,961.2999877929688,945.0,948.7999877929688,58863
2026-06-15 13:15:00,948.7999877929688,950.2000122070312,942.0,943.7999877929688,77383
2026-06-16 09:15:00,955.8499755859376,959.0,946.1500244140624,956.9000244140624,49785
2026-06-16 13:15:00,956.7000122070312,959.0,947.2000122070312,948.9000244140624,93442
2026-06-17 09:15:00,953.5,967.4000244140624,949.4000244140624,954.75,114190
2026-06-17 13:15:00,954.7999877929688,962.9000244140624,954.3499755859376,960.7000122070312,61601
2026-06-18 09:15:00,963.4000244140624,964.7999877929688,949.0,955.7000122070312,53348
2026-06-18 13:15:00,956.25,959.0,954.2999877929688,957.25,32717
2026-06-19 09:15:00,961.6500244140624,961.6500244140624,938.5,942.2999877929688,120379
2026-06-19 13:15:00,941.6500244140624,951.5,940.6500244140624,948.9000244140624,107590
2026-06-22 09:15:00,948.9000244140624,972.0,948.9000244140624,969.75,113678
2026-06-22 13:15:00,969.7999877929688,984.5999755859376,969.7999877929688,981.0,163991
2026-06-23 09:15:00,979.2000122070312,990.5,964.1500244140624,966.2999877929688,56531
2026-06-23 13:15:00,966.2000122070312,977.0,964.0,977.0,50273
2026-06-24 09:15:00,973.0,991.8499755859376,962.0499877929688,988.2000122070312,112675
2026-06-24 13:15:00,988.25,991.0,985.1500244140624,990.0,76189
2026-06-25 09:15:00,989.3499755859376,1003.4500122070312,982.4500122070312,990.0999755859376,68917
2026-06-25 13:15:00,989.0499877929688,997.0,982.0,986.4000244140624,51002
2026-06-29 09:15:00,985.0,989.8499755859376,967.5999755859376,972.0999755859376,34332
2026-06-29 13:15:00,971.7000122070312,972.0999755859376,959.25,961.4000244140624,48168
2026-06-30 09:15:00,966.5,972.0499877929688,959.5,962.2000122070312,26599
2026-06-30 13:15:00,962.2000122070312,965.8499755859376,959.0,961.0,38906
2026-07-01 09:15:00,963.5,994.7000122070312,963.5,983.5,161458
2026-07-01 13:15:00,982.5499877929688,986.4000244140624,975.0999755859376,978.1500244140624,58040
2026-07-02 09:15:00,988.0499877929688,995.0,973.9500122070312,988.0,24940
2026-07-02 13:15:00,988.0,989.0,982.0999755859376,985.4000244140624,28998
2026-07-03 09:15:00,989.9000244140624,1004.0,981.0499877929688,990.2999877929688,179386
2026-07-03 13:15:00,991.1500244140624,1004.0,990.5499877929688,1001.25,76115
2026-07-06 09:15:00,1000.0,1014.9000244140624,996.0,1006.0499877929688,84736
2026-07-06 13:15:00,1004.9000244140624,1018.9500122070312,1004.0,1013.0,152136
2026-07-07 09:15:00,1014.2999877929688,1014.2999877929688,990.0,1007.6500244140624,64448
2026-07-07 13:15:00,1006.9000244140624,1007.9500122070312,1001.0,1003.0,46865
2026-07-08 09:15:00,992.7999877929688,1006.9500122070312,992.2000122070312,995.2000122070312,59784
2026-07-08 13:15:00,995.5,996.1500244140624,970.5999755859376,976.25,132046
2026-07-09 09:15:00,971.0,989.7999877929688,970.2000122070312,986.1500244140624,47003
2026-07-09 13:15:00,986.0999755859376,996.9500122070312,985.0,989.0499877929688,97912
2026-07-10 09:15:00,989.5,1008.25,987.5999755859376,1003.6500244140624,38009
2026-07-10 13:15:00,1003.4000244140624,1005.0,1000.0,1001.2999877929688,28236
2026-07-13 09:15:00,996.0,1028.550048828125,993.0999755859376,1018.7999877929688,96181
2026-07-13 13:15:00,1018.7999877929688,1032.300048828125,1015.0999755859376,1020.5499877929688,127064
2026-07-14 09:15:00,1012.5,1025.0,1003.75,1011.4000244140624,47750
2026-07-14 13:15:00,1011.4000244140624,1014.4500122070312,1006.25,1011.4500122070312,33913
2026-07-15 09:15:00,1006.0,1024.699951171875,1000.7999877929688,1010.3499755859376,143001
2026-07-15 13:15:00,1010.3499755859376,1016.75,1000.4000244140624,1012.0,89213
2026-07-16 09:15:00,1011.0999755859376,1019.9000244140624,1003.6500244140624,1011.9000244140624,52926
2026-07-16 13:15:00,1011.8499755859376,1011.8499755859376,1000.2999877929688,1005.0,47948
2026-07-17 09:15:00,1010.25,1010.25,993.0,1000.4500122070312,66384
2026-07-17 13:15:00,1000.3499755859376,1000.8499755859376,997.9500122070312,998.5999755859376,22983
2026-07-20 09:15:00,1002.0,1024.0,998.0,1021.0,113908
2026-07-20 13:15:00,1021.8499755859376,1022.75,1013.5499877929688,1019.25,106256
2026-07-21 09:15:00,1016.75,1020.9500122070312,1001.0,1001.0499877929688,41259
2026-07-21 13:15:00,1001.2000122070312,1003.4500122070312,996.5,1001.0999755859376,62473
2026-07-22 09:15:00,1004.7000122070312,1006.4000244140624,990.0499877929688,997.0,42779
2026-07-22 13:15:00,996.1500244140624,999.6500244140624,990.5,992.6500244140624,26579
2026-07-23 09:15:00,987.0,1026.5999755859375,981.4500122070312,1014.0,769832
2026-07-23 13:15:00,1012.0499877929688,1042.8499755859375,1000.0,1007.4000244140624,1221422
2026-07-24 09:15:00,1013.3499755859376,1061.550048828125,1013.3499755859376,1055.3499755859375,983299
2026-07-24 13:15:00,1055.1500244140625,1069.949951171875,1052.6500244140625,1063.949951171875,470753
2026-07-27 09:15:00,1073.449951171875,1130.0,1073.449951171875,1120.550048828125,515187
2026-07-27 13:15:00,1120.550048828125,1136.8499755859375,1118.050048828125,1120.0,501661
2026-07-28 09:15:00,1119.9000244140625,1163.0,1119.9000244140625,1135.0,464309
2026-07-28 13:15:00,1135.0,1135.0,1114.699951171875,1115.0,204434
2026-07-29 09:15:00,1124.0,1151.800048828125,1121.6500244140625,1145.0,171950
2026-07-29 13:15:00,1145.0,1145.449951171875,1137.949951171875,1140.0,176892
2026-07-30 09:15:00,1139.8499755859375,1150.5999755859375,1121.050048828125,1131.5,174895
2026-07-30 13:15:00,1131.5,1136.4000244140625,1119.8499755859375,1125.0,140347
2026-07-31 09:15:00,1137.449951171875,1143.550048828125,1125.1500244140625,1129.800048828125,47362
2026-07-31 13:15:00,1129.800048828125,1136.300048828125,1123.5,1130.5999755859375,95156
2026-08-03 09:15:00,1146.300048828125,1151.0,1131.9000244140625,1138.5,252306
2026-08-03 13:15:00,1137.5999755859375,1146.5999755859375,1131.5,1131.5,187822
2026-08-04 09:15:00,1139.9000244140625,1149.699951171875,1131.5999755859375,1147.4000244140625,74352
2026-08-04 13:15:00,1147.4000244140625,1193.5999755859375,1140.5999755859375,1181.5999755859375,359812
2026-08-05 09:15:00,1182.0,1187.0999755859375,1164.699951171875,1180.5999755859375,72761
2026-08-05 13:15:00,1180.5999755859375,1181.9000244140625,1157.0,1160.300048828125,157723
2026-08-06 09:15:00,1161.9000244140625,1169.800048828125,1156.0999755859375,1163.0,49576
2026-08-06 13:15:00,1162.0999755859375,1164.5999755859375,1130.0,1150.4000244140625,52133
2026-08-07 09:15:00,1138.4000244140625,1168.0999755859375,1138.4000244140625,1158.199951171875,32029
2026-08-07 13:15:00,1158.199951171875,1159.5999755859375,1151.0,1158.0,73484
