Datetime,Open,High,Low,Close,Volume
2023-08-28 09:15:00,1058.0,1072.6500244140625,1046.75,1056.199951171875,117562
2023-08-28 13:15:00,1057.0,1063.0,1030.0999755859375,1037.449951171875,155344
2023-08-29 09:15:00,1047.0,1055.199951171875,1023.0,1030.5,114217
2023-08-29 13:15:00,1030.4000244140625,1041.550048828125,1029.699951171875,1032.1500244140625,113070
2023-08-30 09:15:00,1032.5,1041.9000244140625,1019.75,1028.199951171875,371579
2023-08-30 13:15:00,1029.050048828125,1047.75,1026.0,1046.0,166200
2023-08-31 09:15:00,1049.949951171875,1074.0,1044.0,1067.949951171875,61601
2023-08-31 13:15:00,1067.300048828125,1070.0,1050.0,1051.0,116327
2023-09-01 09:15:00,1044.0999755859375,1068.0,1044.0999755859375,1055.25,36847
2023-09-01 13:15:00,1055.25,1058.0,1051.449951171875,1058.0,39130
2023-09-04 09:15:00,1059.0,1063.5,1047.0,1051.0999755859375,122154
2023-09-04 13:15:00,1051.75,1054.0,1043.0,1044.5999755859375,94928
2023-09-05 09:15:00,1050.050048828125,1069.25,1047.699951171875,1064.949951171875,188655
2023-09-05 13:15:00,1064.949951171875,1084.0,1046.3499755859375,1060.0,170598
2023-09-06 09:15:00,1064.449951171875,1071.050048828125,1042.199951171875,1043.6500244140625,90050
2023-09-06 13:15:00,1043.25,1044.449951171875,1034.0,1035.4000244140625,116124
2023-09-07 09:15:00,1043.0,1051.9000244140625,1030.050048828125,1034.0999755859375,307046
2023-09-07 13:15:00,1034.0999755859375,1034.449951171875,1029.550048828125,1033.0,84534
2023-09-08 09:15:00,1033.8499755859375,1038.8499755859375,1023.25,1024.4000244140625,177097
2023-09-08 13:15:00,1024.75,1024.75,1012.0,1015.0,118120
2023-09-11 09:15:00,1015.0,1057.5999755859375,1013.5499877929688,1021.8499755859376,504696
2023-09-11 13:15:00,1021.8499755859376,1035.0,1014.0,1030.0,142064
2023-09-12 09:15:00,1032.0,1049.8499755859375,1019.0,1019.5,71373
2023-09-12 13:15:00,1020.2999877929688,1022.5499877929688,1018.9500122070312,1020.2000122070312,80350
2023-09-13 09:15:00,1029.050048828125,1029.050048828125,1013.4000244140624,1016.5499877929688,143871
2023-09-13 13:15:00,1016.5499877929688,1021.0,1010.5999755859376,1021.0,72448
2023-09-14 09:15:00,1024.0,1033.550048828125,1019.0,1021.2999877929688,118672
2023-09-14 13:15:00,1021.1500244140624,1025.0,1019.0,1025.0,66689
2023-09-15 09:15:00,1024.050048828125,1034.300048828125,1019.0,1025.0,99116
2023-09-15 13:15:00,1024.699951171875,1075.0,1018.9500122070312,1025.949951171875,1700291
2023-09-18 09:15:00,1026.4000244140625,1046.0,1026.4000244140625,1029.9000244140625,230324
2023-09-18 13:15:00,1030.050048828125,1032.300048828125,1016.5499877929688,1020.2000122070312,61892
2023-09-20 09:15:00,1026.300048828125,1040.0,1022.3499755859376,1029.800048828125,107175
2023-09-20 13:15:00,1029.800048828125,1039.449951171875,1026.0,1035.1500244140625,72860
2023-09-21 09:15:00,1038.699951171875,1048.0,1029.949951171875,1031.5,28976
2023-09-21 13:15:00,1031.300048828125,1039.949951171875,1028.0,1037.0,37668
2023-09-22 09:15:00,1034.5999755859375,1046.550048828125,1021.0499877929688,1042.0,85237
2023-09-22 13:15:00,1042.0,1050.0,1040.300048828125,1049.199951171875,141868
2023-09-25 09:15:00,1054.949951171875,1055.75,1031.5999755859375,1050.0,69952
2023-09-25 13:15:00,1050.0,1050.0,1030.25,1034.949951171875,86625
2023-09-26 09:15:00,1034.5,1052.5,1034.5,1041.699951171875,46307
2023-09-26 13:15:00,1042.550048828125,1043.550048828125,1026.300048828125,1034.300048828125,55657
2023-09-27 09:15:00,1037.050048828125,1042.949951171875,1033.0,1037.5999755859375,19875
2023-09-27 13:15:00,1037.75,1040.0,1034.199951171875,1037.0,150597
2023-09-28 09:15:00,1033.0999755859375,1053.0,1033.0999755859375,1037.8499755859375,35982
2023-09-28 13:15:00,1036.949951171875,1040.0,1029.550048828125,1032.6500244140625,214134
2023-09-29 09:15:00,1039.0,1039.449951171875,1022.3499755859376,1030.550048828125,20210
2023-09-29 13:15:00,1030.550048828125,1035.0,1025.699951171875,1029.050048828125,160160
2023-10-03 09:15:00,1030.0,1050.0,1030.0,1049.050048828125,245057
2023-10-03 13:15:00,1049.050048828125,1051.050048828125,1042.0999755859375,1044.949951171875,60581
2023-10-04 09:15:00,1044.9000244140625,1050.8499755859375,1035.0,1035.0999755859375,57612
2023-10-04 13:15:00,1035.1500244140625,1039.550048828125,1035.0,1037.0,29510
2023-10-05 09:15:00,1038.300048828125,1041.0999755859375,1035.0,1035.0,31994
2023-10-05 13:15:00,1035.0999755859375,1037.300048828125,1034.8499755859375,1035.0999755859375,45174
2023-10-06 09:15:00,1039.9000244140625,1039.9000244140625,1029.5,1034.550048828125,28191
2023-10-06 13:15:00,1034.550048828125,1048.300048828125,1032.0,1033.5999755859375,43325
2023-10-09 09:15:00,1041.199951171875,1047.800048828125,1029.300048828125,1046.5,23246
2023-10-09 13:15:00,1046.5,1051.699951171875,1042.0,1045.6500244140625,59485
2023-10-10 09:15:00,1055.0,1072.0,1049.0,1059.8499755859375,142606
2023-10-10 13:15:00,1059.949951171875,1062.6500244140625,1055.949951171875,1060.449951171875,44909
2023-10-11 09:15:00,1058.949951171875,1074.0999755859375,1052.0,1058.8499755859375,42434
2023-10-11 13:15:00,1059.6500244140625,1060.0,1038.050048828125,1038.050048828125,67519
2023-10-12 09:15:00,1052.699951171875,1069.699951171875,1049.0999755859375,1061.550048828125,55743
2023-10-12 13:15:00,1062.5,1065.1500244140625,1060.0,1063.0,95711
2023-10-13 09:15:00,1059.699951171875,1072.0,1050.0,1070.75,49138
2023-10-13 13:15:00,1070.0,1087.800048828125,1069.0,1070.050048828125,111420
2023-10-16 09:15:00,1087.0,1089.949951171875,1060.1500244140625,1063.5999755859375,76407
2023-10-16 13:15:00,1063.5999755859375,1066.1500244140625,1058.1500244140625,1059.800048828125,56573
2023-10-17 09:15:00,1068.9000244140625,1085.6500244140625,1061.6500244140625,1081.449951171875,43352
2023-10-17 13:15:00,1081.449951171875,1094.949951171875,1076.8499755859375,1088.0,116812
2023-10-18 09:15:00,1083.0,1088.25,1060.5999755859375,1064.699951171875,24560
2023-10-18 13:15:00,1064.699951171875,1065.949951171875,1045.5,1050.0,64226
2023-10-19 09:15:00,1048.050048828125,1076.0,1045.199951171875,1073.3499755859375,50985
2023-10-19 13:15:00,1073.3499755859375,1085.0999755859375,1072.0,1077.6500244140625,104690
2023-10-20 09:15:00,1077.6500244140625,1097.050048828125,1076.0,1090.6500244140625,84733
2023-10-20 13:15:00,1092.0,1096.550048828125,1070.6500244140625,1076.550048828125,90735
2023-10-23 09:15:00,1086.0999755859375,1139.0,1075.050048828125,1093.0,336564
2023-10-23 13:15:00,1093.0,1127.5,1090.0,1111.3499755859375,169285
2023-10-25 09:15:00,1129.949951171875,1135.3499755859375,1093.0,1121.0,194408
2023-10-25 13:15:00,1121.0,1142.0,1121.0,1136.0,164705
2023-10-26 09:15:00,1132.9000244140625,1136.6500244140625,1071.75,1135.0,399838
2023-10-26 13:15:00,1135.0,1147.800048828125,1122.1500244140625,1132.949951171875,129493
2023-10-27 09:15:00,1124.199951171875,1136.8499755859375,1114.0,1129.949951171875,101841
2023-10-27 13:15:00,1130.0,1141.1500244140625,1118.050048828125,1130.449951171875,103039
2023-10-30 09:15:00,1141.949951171875,1141.949951171875,1115.0,1136.0,33333
2023-10-30 13:15:00,1136.0,1142.0,1125.0,1139.0,63490
2023-10-31 09:15:00,1115.0,1119.8499755859375,1062.199951171875,1092.0,159619
2023-10-31 13:15:00,1092.699951171875,1094.199951171875,1055.25,1059.75,547358
2023-11-01 09:15:00,1072.9000244140625,1076.1500244140625,1044.050048828125,1065.5,144737
2023-11-01 13:15:00,1064.8499755859375,1067.9000244140625,1046.3499755859375,1056.75,33688
2023-11-02 09:15:00,1066.25,1077.9000244140625,1061.75,1067.050048828125,59104
2023-11-02 13:15:00,1067.050048828125,1070.0,1047.0,1055.0,69661
2023-11-03 09:15:00,1062.949951171875,1063.4000244140625,1044.0,1048.0999755859375,107267
2023-11-03 13:15:00,1047.25,1048.75,1034.0,1046.800048828125,58168
2023-11-06 09:15:00,1055.949951171875,1055.949951171875,1022.0,1024.1500244140625,38770
2023-11-06 13:15:00,1025.0999755859375,1027.4000244140625,1020.0999755859376,1026.5,48667
2023-11-07 09:15:00,1029.800048828125,1032.0,992.9500122070312,1007.0,210726
2023-11-07 13:15:00,1007.0,1016.3499755859376,1006.2999877929688,1009.7000122070312,123620
2023-11-08 09:15:00,1010.0,1030.449951171875,1010.0,1017.4000244140624,79222
2023-11-08 13:15:00,1017.0999755859376,1022.9500122070312,1014.0,1019.25,27320
2023-11-09 09:15:00,1021.0,1026.25,1001.25,1008.8499755859376,51758
2023-11-09 13:15:00,1008.2999877929688,1013.0,1007.0,1010.0,45746
2023-11-10 09:15:00,1009.4000244140624,1020.9500122070312,1004.0,1019.9500122070312,13788
2023-11-10 13:15:00,1019.9500122070312,1025.550048828125,1015.3499755859376,1021.5,24266
2023-11-13 09:15:00,1038.3499755859375,1038.550048828125,1019.5,1022.5,24460
2023-11-13 13:15:00,1022.2999877929688,1024.0,1015.0499877929688,1017.0499877929688,32120
2023-11-15 09:15:00,1029.8499755859375,1038.8499755859375,1029.0,1037.050048828125,21167
2023-11-15 13:15:00,1036.4000244140625,1036.6500244140625,1012.3499755859376,1019.25,48192
2023-11-16 09:15:00,1020.6500244140624,1087.0,1020.6500244140624,1055.25,221242
2023-11-16 13:15:00,1055.8499755859375,1060.0,1048.050048828125,1056.0,57561
2023-11-17 09:15:00,1059.300048828125,1084.0,1050.050048828125,1071.0,67519
2023-11-17 13:15:00,1071.0,1093.0999755859375,1071.0,1084.5,87624
2023-11-20 09:15:00,1080.050048828125,1178.0,1074.0,1130.0,410142
2023-11-20 13:15:00,1129.0,1129.0,1107.050048828125,1114.949951171875,136242
2023-11-21 09:15:00,1126.550048828125,1126.550048828125,1089.0,1089.5999755859375,65358
2023-11-21 13:15:00,1089.9000244140625,1104.0,1085.5999755859375,1104.0,53847
2023-11-22 09:15:00,1104.949951171875,1159.449951171875,1104.949951171875,1148.5999755859375,141816
2023-11-22 13:15:00,1148.6500244140625,1152.0,1123.0,1131.300048828125,90394
2023-11-23 09:15:00,1130.9000244140625,1167.5,1125.0,1127.4000244140625,50042
2023-11-23 13:15:00,1126.8499755859375,1130.0,1112.300048828125,1116.050048828125,47669
2023-11-24 09:15:00,1124.949951171875,1140.5999755859375,1110.0,1114.9000244140625,26892
2023-11-24 13:15:00,1113.9000244140625,1122.5999755859375,1092.6500244140625,1096.550048828125,54409
2023-11-28 09:15:00,1096.550048828125,1117.800048828125,1096.550048828125,1113.300048828125,43812
2023-11-28 13:15:00,1112.6500244140625,1115.0,1081.550048828125,1092.1500244140625,46267
2023-11-29 09:15:00,1101.699951171875,1101.699951171875,1075.0,1075.6500244140625,34714
2023-11-29 13:15:00,1075.6500244140625,1076.75,1070.050048828125,1075.0,22589
2023-11-30 09:15:00,1074.300048828125,1092.5,1069.25,1075.8499755859375,155663
2023-11-30 13:15:00,1075.8499755859375,1080.949951171875,1069.9000244140625,1073.300048828125,182909
2023-12-01 09:15:00,1073.0,1120.0,1073.0,1115.3499755859375,116768
2023-12-01 13:15:00,1114.699951171875,1115.8499755859375,1093.0,1102.0,34854
2023-12-04 09:15:00,1122.8499755859375,1132.0999755859375,1100.449951171875,1103.0,70571
2023-12-04 13:15:00,1103.0,1112.9000244140625,1094.5999755859375,1109.550048828125,87518
2023-12-05 09:15:00,1109.949951171875,1135.0,1102.800048828125,1125.75,68812
2023-12-05 13:15:00,1125.75,1130.5,1119.0,1122.449951171875,37212
2023-12-06 09:15:00,1131.949951171875,1131.949951171875,1106.949951171875,1108.949951171875,33700
2023-12-06 13:15:00,1109.5,1110.449951171875,1076.949951171875,1085.0,244266
2023-12-07 09:15:00,1114.0,1114.0,1078.3499755859375,1091.6500244140625,99733
2023-12-07 13:15:00,1092.0999755859375,1092.5,1083.5999755859375,1090.0,34229
2023-12-08 09:15:00,1096.5999755859375,1146.699951171875,1090.9000244140625,1120.0,151426
2023-12-08 13:15:00,1119.5999755859375,1123.550048828125,1086.050048828125,1095.0,166797
2023-12-11 09:15:00,1093.6500244140625,1128.449951171875,1093.6500244140625,1113.699951171875,79716
2023-12-11 13:15:00,1114.0,1118.949951171875,1102.8499755859375,1113.0,41084
2023-12-12 09:15:00,1109.3499755859375,1154.949951171875,1109.3499755859375,1130.0,32174
2023-12-12 13:15:00,1130.0,1130.0,1089.0,1090.0,132654
2023-12-13 09:15:00,1096.6500244140625,1110.3499755859375,1082.050048828125,1109.300048828125,78826
2023-12-13 13:15:00,1108.9000244140625,1111.0,1092.0,1101.050048828125,41351
2023-12-14 09:15:00,1101.5,1129.8499755859375,1101.5,1109.5999755859375,60201
2023-12-14 13:15:00,1109.5999755859375,1122.5999755859375,1097.3499755859375,1119.0,72577
2023-12-15 09:15:00,1121.25,1136.3499755859375,1121.25,1125.300048828125,28549
2023-12-15 13:15:00,1125.0999755859375,1128.699951171875,1123.0,1125.550048828125,20723
2023-12-18 09:15:00,1125.5999755859375,1171.0,1122.550048828125,1161.300048828125,112169
2023-12-18 13:15:00,1160.050048828125,1165.300048828125,1140.0,1151.25,51321
2023-12-19 09:15:00,1163.25,1169.949951171875,1149.199951171875,1163.5999755859375,86525
2023-12-19 13:15:00,1163.5,1168.0,1161.550048828125,1165.6500244140625,42207
2023-12-20 09:15:00,1169.800048828125,1169.800048828125,1122.300048828125,1135.4000244140625,47418
2023-12-20 13:15:00,1134.050048828125,1135.199951171875,1089.050048828125,1108.949951171875,121086
2023-12-21 09:15:00,1101.6500244140625,1128.9000244140625,1080.050048828125,1110.25,33651
2023-12-21 13:15:00,1110.25,1118.9000244140625,1091.949951171875,1114.949951171875,27913
2023-12-22 09:15:00,1115.0,1132.0,1107.5,1121.800048828125,35318
2023-12-22 13:15:00,1120.75,1127.3499755859375,1101.0999755859375,1113.0,31402
2023-12-26 09:15:00,1125.0,1128.800048828125,1115.699951171875,1123.5,12498
2023-12-26 13:15:00,1124.449951171875,1127.0,1118.0,1127.0,25918
2023-12-27 09:15:00,1126.0,1148.0,1125.0,1144.0999755859375,41047
2023-12-27 13:15:00,1143.6500244140625,1145.0,1124.25,1137.0,49771
2023-12-28 09:15:00,1144.949951171875,1215.25,1143.0,1200.050048828125,326694
2023-12-28 13:15:00,1200.050048828125,1202.050048828125,1173.0,1193.800048828125,274785
2023-12-29 09:15:00,1193.3499755859375,1195.0,1161.550048828125,1185.0,78372
2023-12-29 13:15:00,1185.0,1196.8499755859375,1185.0,1190.0,96352
2024-01-01 09:15:00,1200.4000244140625,1203.800048828125,1183.0,1200.0,59804
2024-01-01 13:15:00,1201.199951171875,1224.0,1200.050048828125,1220.300048828125,160324
2024-01-02 09:15:00,1234.199951171875,1234.199951171875,1197.050048828125,1204.4000244140625,47092
2024-01-02 13:15:00,1204.4000244140625,1215.300048828125,1199.949951171875,1203.050048828125,38658
2024-01-03 09:15:00,1207.199951171875,1212.1500244140625,1195.25,1200.0999755859375,32896
2024-01-03 13:15:00,1200.0,1210.0,1195.0,1201.75,56104
2024-01-04 09:15:00,1204.3499755859375,1238.4000244140625,1195.5999755859375,1220.0,46968
2024-01-04 13:15:00,1220.050048828125,1247.949951171875,1215.9000244140625,1226.0,95747
2024-01-05 09:15:00,1235.0,1256.5999755859375,1228.0,1242.300048828125,49902
2024-01-05 13:15:00,1242.0999755859375,1256.0,1234.25,1251.1500244140625,52086
2024-01-08 09:15:00,1251.5,1285.0,1251.5,1275.1500244140625,63726
2024-01-08 13:15:00,1275.9000244140625,1295.050048828125,1274.949951171875,1290.1500244140625,69440
2024-01-09 09:15:00,1320.0,1329.8499755859375,1271.4000244140625,1307.050048828125,69014
2024-01-09 13:15:00,1307.1500244140625,1321.8499755859375,1294.0,1301.8499755859375,58690
2024-01-10 09:15:00,1300.949951171875,1313.550048828125,1260.1500244140625,1265.0,49233
2024-01-10 13:15:00,1263.800048828125,1328.199951171875,1259.9000244140625,1312.75,99251
2024-01-11 09:15:00,1302.300048828125,1322.199951171875,1302.300048828125,1311.75,6598
2024-01-11 13:15:00,1312.0,1318.1500244140625,1286.050048828125,1294.75,257332
2024-01-12 09:15:00,1289.050048828125,1309.949951171875,1271.4000244140625,1304.4000244140625,45031
2024-01-12 13:15:00,1304.4000244140625,1304.8499755859375,1275.5,1283.199951171875,39874
2024-01-15 09:15:00,1280.0,1323.449951171875,1280.0,1299.6500244140625,143679
2024-01-15 13:15:00,1298.9000244140625,1300.6500244140625,1268.300048828125,1278.0,38419
2024-01-16 09:15:00,1294.0,1298.0,1267.6500244140625,1280.0,38309
2024-01-16 13:15:00,1280.0,1286.5,1272.0,1278.9000244140625,49587
2024-01-17 09:15:00,1277.0,1280.5,1252.5,1254.5,13746
2024-01-17 13:15:00,1254.3499755859375,1260.0,1227.25,1260.0,84796
2024-01-18 09:15:00,1241.550048828125,1292.300048828125,1241.550048828125,1268.25,64242
2024-01-18 13:15:00,1269.5,1290.050048828125,1263.25,1290.0,46222
2024-01-19 09:15:00,1296.6500244140625,1305.449951171875,1258.050048828125,1261.0999755859375,43363
2024-01-19 13:15:00,1262.75,1265.3499755859375,1255.25,1263.050048828125,33063
2024-01-23 09:15:00,1258.5999755859375,1260.449951171875,1208.25,1216.5,41754
2024-01-23 13:15:00,1216.449951171875,1253.3499755859375,1212.949951171875,1245.0,52207
2024-01-24 09:15:00,1237.050048828125,1251.4000244140625,1215.0,1222.6500244140625,61264
2024-01-24 13:15:00,1221.4000244140625,1229.5999755859375,1214.0,1214.0,29573
2024-01-25 09:15:00,1205.050048828125,1227.5999755859375,1204.050048828125,1227.5999755859375,54937
2024-01-25 13:15:00,1226.9000244140625,1227.0,1205.0,1205.0,28932
2024-01-29 09:15:00,1217.0,1244.199951171875,1207.5,1226.5,16820
2024-01-29 13:15:00,1225.5999755859375,1243.949951171875,1222.050048828125,1241.0,13134
2024-01-30 09:15:00,1240.0,1240.0,1207.5999755859375,1214.0999755859375,57557
2024-01-30 13:15:00,1214.0,1228.75,1212.0999755859375,1221.949951171875,68006
2024-01-31 09:15:00,1221.9000244140625,1233.5,1210.0,1216.699951171875,79968
2024-01-31 13:15:00,1216.699951171875,1220.5,1214.25,1218.5,49364
2024-02-01 09:15:00,1221.050048828125,1222.949951171875,1176.199951171875,1192.449951171875,42433
2024-02-01 13:15:00,1191.449951171875,1195.050048828125,1180.1500244140625,1194.0,41798
2024-02-02 09:15:00,1191.449951171875,1193.0,1176.300048828125,1183.25,69362
2024-02-02 13:15:00,1183.25,1185.0,1172.550048828125,1182.0,44302
2024-02-05 09:15:00,1182.0,1208.050048828125,1177.25,1200.0,43172
2024-02-05 13:15:00,1198.800048828125,1206.0,1171.199951171875,1183.0,49753
2024-02-06 09:15:00,1190.0,1212.949951171875,1188.25,1206.050048828125,25930
2024-02-06 13:15:00,1206.0999755859375,1230.0,1206.0999755859375,1230.0,137436
2024-02-07 09:15:00,1238.0,1263.0,1216.4000244140625,1249.5,62381
2024-02-07 13:15:00,1249.75,1255.0,1235.8499755859375,1253.5999755859375,43071
2024-02-08 09:15:00,1250.0,1273.0,1223.050048828125,1262.949951171875,97230
2024-02-08 13:15:00,1263.0,1265.300048828125,1244.800048828125,1244.800048828125,24879
2024-02-09 09:15:00,1243.8499755859375,1253.5999755859375,1223.300048828125,1253.25,124037
2024-02-09 13:15:00,1252.0,1253.949951171875,1231.300048828125,1234.0,17103
2024-02-12 09:15:00,1247.550048828125,1255.0,1205.4000244140625,1251.449951171875,43140
2024-02-12 13:15:00,1251.5999755859375,1263.5,1244.25,1256.6500244140625,30183
2024-02-13 09:15:00,1264.9000244140625,1279.0,1250.0,1276.0,43121
2024-02-13 13:15:00,1274.800048828125,1280.0,1260.449951171875,1279.0,43289
2024-02-14 09:15:00,1276.5,1290.050048828125,1257.800048828125,1282.3499755859375,24242
2024-02-14 13:15:00,1281.1500244140625,1333.25,1278.550048828125,1317.5999755859375,62412
2024-02-15 09:15:00,1330.0,1338.4000244140625,1298.0,1301.449951171875,36900
2024-02-15 13:15:00,1301.1500244140625,1304.4000244140625,1265.550048828125,1269.6500244140625,44456
2024-02-16 09:15:00,1276.0999755859375,1284.5,1251.050048828125,1255.0,57655
2024-02-16 13:15:00,1255.0,1259.9000244140625,1228.699951171875,1245.0,59833
2024-02-19 09:15:00,1251.25,1268.9000244140625,1234.550048828125,1247.949951171875,26608
2024-02-19 13:15:00,1248.0,1270.5999755859375,1241.949951171875,1260.6500244140625,31108
2024-02-20 09:15:00,1270.0,1279.949951171875,1253.0,1275.0,56098
2024-02-20 13:15:00,1275.0,1301.949951171875,1262.449951171875,1274.949951171875,125950
2024-02-21 09:15:00,1273.25,1288.75,1268.550048828125,1288.699951171875,17988
2024-02-21 13:15:00,1288.699951171875,1292.949951171875,1262.5999755859375,1275.0999755859375,55158
2024-02-22 09:15:00,1279.050048828125,1290.0,1255.3499755859375,1283.8499755859375,55025
2024-02-22 13:15:00,1285.0,1290.0,1270.1500244140625,1290.0,16095
2024-02-23 09:15:00,1287.800048828125,1288.050048828125,1272.0999755859375,1285.050048828125,18249
2024-02-23 13:15:00,1285.050048828125,1292.449951171875,1272.0,1280.4000244140625,16557
2024-02-26 09:15:00,1287.949951171875,1303.0,1273.300048828125,1299.0,24014
2024-02-26 13:15:00,1299.0,1299.699951171875,1285.5,1294.949951171875,21478
2024-02-27 09:15:00,1292.949951171875,1298.949951171875,1272.5,1287.6500244140625,19605
2024-02-27 13:15:00,1287.050048828125,1293.9000244140625,1280.0,1286.3499755859375,18900
2024-02-28 09:15:00,1293.949951171875,1416.0,1286.5999755859375,1400.25,1874640
2024-02-28 13:15:00,1402.9000244140625,1487.449951171875,1385.0,1454.949951171875,1317203
2024-02-29 09:15:00,1424.449951171875,1428.5999755859375,1362.949951171875,1368.300048828125,1047893
2024-02-29 13:15:00,1368.1500244140625,1372.4000244140625,1343.0,1351.0,391484
2024-03-01 09:15:00,1346.550048828125,1403.0999755859375,1332.050048828125,1345.449951171875,161702
2024-03-01 13:15:00,1345.449951171875,1350.0,1300.0,1300.0,143282
2024-03-04 09:15:00,1294.5,1296.0999755859375,1218.0,1218.5,339072
2024-03-04 13:15:00,1220.050048828125,1224.9000244140625,1189.0,1190.0,235077
2024-03-05 09:15:00,1202.0,1222.25,1141.0,1143.75,199262
2024-03-05 13:15:00,1143.75,1162.050048828125,1143.050048828125,1159.5,268498
2024-03-06 09:15:00,1162.5999755859375,1166.5999755859375,1122.0,1129.5999755859375,140607
2024-03-06 13:15:00,1129.5999755859375,1130.0,1114.9000244140625,1119.0,75570
2024-03-07 09:15:00,1141.949951171875,1165.949951171875,1123.8499755859375,1129.0,106253
2024-03-07 13:15:00,1129.0999755859375,1130.0,1125.0,1130.0,55647
2024-03-11 09:15:00,1137.6500244140625,1153.949951171875,1128.0,1135.0,59106
2024-03-11 13:15:00,1134.949951171875,1135.5999755859375,1128.449951171875,1133.5999755859375,66071
2024-03-12 09:15:00,1143.0,1143.0,1105.050048828125,1114.300048828125,69739
2024-03-12 13:15:00,1114.199951171875,1114.949951171875,1098.0,1100.0,128387
2024-03-13 09:15:00,1095.0,1139.9000244140625,1095.0,1114.0999755859375,250998
2024-03-13 13:15:00,1114.1500244140625,1115.449951171875,1099.199951171875,1104.4000244140625,143604
2024-03-14 09:15:00,1104.550048828125,1158.9000244140625,1100.0,1138.3499755859375,64056
2024-03-14 13:15:00,1137.5,1139.1500244140625,1100.0,1108.449951171875,72614
2024-03-15 09:15:00,1116.8499755859375,1135.699951171875,1103.5999755859375,1110.0,16790
2024-03-15 13:15:00,1109.5,1112.4000244140625,1101.1500244140625,1106.0999755859375,38791
2024-03-18 09:15:00,1105.0,1138.75,1105.0,1129.449951171875,37136
2024-03-18 13:15:00,1128.699951171875,1141.699951171875,1119.4000244140625,1127.0,46683
2024-03-19 09:15:00,1125.0,1203.3499755859375,1121.550048828125,1184.949951171875,396969
2024-03-19 13:15:00,1184.949951171875,1189.949951171875,1170.050048828125,1182.0,143959
2024-03-20 09:15:00,1181.4000244140625,1217.9000244140625,1176.3499755859375,1215.0999755859375,71393
2024-03-20 13:15:00,1215.5,1311.8499755859375,1215.0,1300.0999755859375,292904
2024-03-21 09:15:00,1270.0,1278.949951171875,1233.0,1242.199951171875,74856
2024-03-21 13:15:00,1242.0999755859375,1253.699951171875,1228.5,1236.0,127500
2024-03-22 09:15:00,1233.3499755859375,1272.449951171875,1222.0,1262.6500244140625,70695
2024-03-22 13:15:00,1262.949951171875,1273.0,1232.449951171875,1248.3499755859375,72420
2024-03-26 09:15:00,1240.75,1270.0999755859375,1208.25,1259.5999755859375,55362
2024-03-26 13:15:00,1258.6500244140625,1286.300048828125,1250.0,1258.75,52211
2024-03-27 09:15:00,1261.1500244140625,1268.3499755859375,1247.800048828125,1258.949951171875,22315
2024-03-27 13:15:00,1259.300048828125,1265.0,1236.199951171875,1253.8499755859375,31308
2024-03-28 09:15:00,1265.5999755859375,1266.1500244140625,1244.050048828125,1253.3499755859375,34920
2024-03-28 13:15:00,1253.8499755859375,1324.8499755859375,1251.25,1298.0,152012
2024-04-01 09:15:00,1310.0,1358.5999755859375,1300.949951171875,1347.050048828125,57639
2024-04-01 13:15:00,1347.0999755859375,1364.0,1342.0999755859375,1353.699951171875,59285
2024-04-02 09:15:00,1359.949951171875,1389.9000244140625,1340.050048828125,1377.75,339586
2024-04-02 13:15:00,1377.75,1379.949951171875,1344.0,1360.1500244140625,87152
2024-04-03 09:15:00,1354.550048828125,1364.800048828125,1332.0,1339.199951171875,31955
2024-04-03 13:15:00,1341.25,1348.3499755859375,1323.9000244140625,1343.9000244140625,312698
2024-04-04 09:15:00,1359.949951171875,1393.5,1350.3499755859375,1373.0,121138
2024-04-04 13:15:00,1373.5,1378.449951171875,1356.199951171875,1369.6500244140625,43481
2024-04-05 09:15:00,1365.0,1368.3499755859375,1340.050048828125,1344.0,35452
2024-04-05 13:15:00,1344.0,1354.3499755859375,1343.0,1347.9000244140625,29786
2024-04-08 09:15:00,1368.75,1384.8499755859375,1359.199951171875,1383.5999755859375,20392
2024-04-08 13:15:00,1383.5999755859375,1390.0,1361.0,1376.0999755859375,46673
2024-04-09 09:15:00,1389.75,1389.75,1350.050048828125,1352.949951171875,16503
2024-04-09 13:15:00,1352.8499755859375,1365.050048828125,1340.300048828125,1351.1500244140625,37008
2024-04-10 09:15:00,1360.0,1360.949951171875,1323.5,1338.300048828125,31724
2024-04-10 13:15:00,1338.300048828125,1352.1500244140625,1328.050048828125,1352.0,23309
2024-04-12 09:15:00,1352.949951171875,1368.9000244140625,1344.0,1350.0,43347
2024-04-12 13:15:00,1350.0,1350.0,1329.800048828125,1340.6500244140625,39033
2024-04-15 09:15:00,1350.0,1350.0,1304.75,1316.8499755859375,18402
2024-04-15 13:15:00,1315.5,1329.0,1310.050048828125,1320.6500244140625,51821
2024-04-16 09:15:00,1300.3499755859375,1320.800048828125,1300.3499755859375,1314.050048828125,5175
2024-04-16 13:15:00,1314.050048828125,1317.3499755859375,1307.300048828125,1313.0,16336
2024-04-18 09:15:00,1312.0999755859375,1317.5999755859375,1289.0,1300.0,29609
2024-04-18 13:15:00,1300.0,1304.0,1287.199951171875,1299.0,40902
2024-04-19 09:15:00,1299.0,1311.0,1292.0999755859375,1307.449951171875,17685
2024-04-19 13:15:00,1307.449951171875,1314.199951171875,1295.949951171875,1297.550048828125,18508
2024-04-22 09:15:00,1306.050048828125,1310.9000244140625,1291.0,1306.1500244140625,32484
2024-04-22 13:15:00,1305.050048828125,1307.949951171875,1292.6500244140625,1296.0,25454
2024-04-23 09:15:00,1304.0,1332.0,1297.0,1320.6500244140625,25515
2024-04-23 13:15:00,1321.9000244140625,1349.6500244140625,1320.3499755859375,1346.75,36316
2024-04-24 09:15:00,1365.4000244140625,1369.800048828125,1355.4000244140625,1362.9000244140625,23576
2024-04-24 13:15:00,1361.4000244140625,1362.949951171875,1351.550048828125,1356.300048828125,19848
2024-04-25 09:15:00,1363.0,1363.0,1316.0,1316.8499755859375,49637
2024-04-25 13:15:00,1316.9000244140625,1320.4000244140625,1306.0,1316.300048828125,92651
2024-04-26 09:15:00,1332.0,1352.5,1322.050048828125,1341.199951171875,43028
2024-04-26 13:15:00,1341.9000244140625,1352.9000244140625,1335.199951171875,1343.550048828125,27753
2024-04-29 09:15:00,1350.0,1358.6500244140625,1335.0,1350.199951171875,16694
2024-04-29 13:15:00,1350.0,1365.949951171875,1347.050048828125,1362.0,49439
2024-04-30 09:15:00,1377.949951171875,1378.5,1366.0,1375.050048828125,27723
2024-04-30 13:15:00,1375.300048828125,1378.0,1370.0,1377.949951171875,36441
2024-05-02 09:15:00,1386.0,1429.9000244140625,1384.6500244140625,1419.75,128675
2024-05-02 13:15:00,1419.75,1419.800048828125,1376.75,1397.25,137140
2024-05-03 09:15:00,1398.050048828125,1470.0,1398.050048828125,1451.5,274706
2024-05-03 13:15:00,1450.699951171875,1489.25,1420.5,1464.0,180109
2024-05-06 09:15:00,1478.949951171875,1648.0,1476.0999755859375,1597.5999755859375,1310715
2024-05-06 13:15:00,1597.550048828125,1599.0,1553.0,1591.0,403141
2024-05-07 09:15:00,1548.5,1548.5,1455.25,1462.699951171875,133887
2024-05-07 13:15:00,1462.25,1474.0,1440.0,1442.0,131574
2024-05-08 09:15:00,1441.0999755859375,1441.0999755859375,1337.75,1353.6500244140625,444700
2024-05-08 13:15:00,1352.699951171875,1363.0,1349.0,1362.5,174871
2024-05-09 09:15:00,1368.0,1419.949951171875,1366.8499755859375,1393.0,386036
2024-05-09 13:15:00,1392.699951171875,1407.300048828125,1384.5,1400.25,74714
2024-05-10 09:15:00,1403.0,1407.3499755859375,1355.550048828125,1361.5,44079
2024-05-10 13:15:00,1362.4000244140625,1431.449951171875,1360.0,1406.0,75902
2024-05-13 09:15:00,1403.4000244140625,1403.4000244140625,1338.1500244140625,1373.9000244140625,72423
2024-05-13 13:15:00,1374.75,1375.0,1345.5999755859375,1360.050048828125,54195
2024-05-14 09:15:00,1360.0,1375.75,1340.6500244140625,1366.0,16652
2024-05-14 13:15:00,1366.0,1371.25,1351.0,1353.699951171875,20830
2024-05-15 09:15:00,1366.0,1366.0,1332.5,1338.75,38768
2024-05-15 13:15:00,1339.449951171875,1342.199951171875,1329.3499755859375,1335.0,43566
2024-05-16 09:15:00,1338.800048828125,1369.8499755859375,1338.800048828125,1352.5,38693
2024-05-16 13:15:00,1352.0999755859375,1355.949951171875,1340.050048828125,1348.0,22085
2024-05-17 09:15:00,1355.0,1366.9000244140625,1332.9000244140625,1342.0999755859375,23743
2024-05-17 13:15:00,1342.199951171875,1350.0,1335.1500244140625,1341.0,33840
2024-05-21 09:15:00,1374.0,1374.0,1328.0,1329.550048828125,77113
2024-05-21 13:15:00,1330.0,1330.5999755859375,1323.3499755859375,1325.0,64469
2024-05-22 09:15:00,1323.050048828125,1323.050048828125,1263.0999755859375,1265.0,189330
2024-05-22 13:15:00,1264.800048828125,1265.1500244140625,1254.050048828125,1254.5,113922
2024-05-23 09:15:00,1260.25,1260.25,1243.75,1244.5999755859375,29898
2024-05-23 13:15:00,1244.6500244140625,1251.3499755859375,1244.5999755859375,1250.0,45750
2024-05-24 09:15:00,1250.0,1251.5999755859375,1205.5999755859375,1207.5999755859375,151077
2024-05-24 13:15:00,1207.4000244140625,1258.800048828125,1204.0999755859375,1255.5,141670
2024-05-27 09:15:00,1247.0,1264.4000244140625,1218.300048828125,1256.9000244140625,58379
2024-05-27 13:15:00,1256.9000244140625,1258.449951171875,1244.6500244140625,1253.0,35321
2024-05-28 09:15:00,1252.949951171875,1295.0,1245.0,1267.5999755859375,113822
2024-05-28 13:15:00,1267.1500244140625,1281.050048828125,1256.4000244140625,1260.0,67477
2024-05-29 09:15:00,1264.949951171875,1267.0999755859375,1245.3499755859375,1250.0,24787
2024-05-29 13:15:00,1250.0,1250.949951171875,1240.949951171875,1249.0,25579
2024-05-30 09:15:00,1260.9000244140625,1260.9000244140625,1223.0,1228.5,19260
2024-05-30 13:15:00,1227.550048828125,1236.800048828125,1220.449951171875,1228.050048828125,34730
2024-05-31 09:15:00,1235.449951171875,1284.0,1222.1500244140625,1277.300048828125,86661
2024-05-31 13:15:00,1277.9000244140625,1312.949951171875,1276.0,1300.0,244023
2024-06-03 09:15:00,1332.550048828125,1347.8499755859375,1267.3499755859375,1276.8499755859375,77378
2024-06-03 13:15:00,1276.8499755859375,1293.9000244140625,1276.050048828125,1279.0999755859375,53495
2024-06-04 09:15:00,1279.949951171875,1279.949951171875,1220.0,1240.300048828125,61720
2024-06-04 13:15:00,1240.300048828125,1275.199951171875,1234.800048828125,1250.0,42972
2024-06-05 09:15:00,1242.0999755859375,1318.949951171875,1233.0,1287.449951171875,108470
2024-06-05 13:15:00,1287.75,1300.0999755859375,1258.6500244140625,1282.1500244140625,50007
2024-06-06 09:15:00,1324.4000244140625,1324.4000244140625,1265.0,1309.9000244140625,171354
2024-06-06 13:15:00,1309.300048828125,1314.949951171875,1288.0,1305.0,53684
2024-06-07 09:15:00,1290.0,1325.949951171875,1290.0,1312.8499755859375,12806
2024-06-07 13:15:00,1312.949951171875,1316.800048828125,1305.0,1310.0,26955
2024-06-10 09:15:00,1311.550048828125,1343.699951171875,1305.0,1313.550048828125,46904
2024-06-10 13:15:00,1314.949951171875,1318.75,1297.5999755859375,1299.050048828125,82605
2024-06-11 09:15:00,1303.0,1311.550048828125,1295.6500244140625,1309.050048828125,38741
2024-06-11 13:15:00,1309.5999755859375,1310.0,1295.0,1308.0,50551
2024-06-12 09:15:00,1310.0,1332.449951171875,1309.0999755859375,1332.199951171875,61757
2024-06-12 13:15:00,1332.25,1332.949951171875,1323.0999755859375,1328.0,38499
2024-06-13 09:15:00,1345.0,1360.949951171875,1298.9000244140625,1311.5,98451
2024-06-13 13:15:00,1310.550048828125,1316.0,1300.0999755859375,1315.8499755859375,95511
2024-06-14 09:15:00,1315.199951171875,1326.5,1306.5,1312.3499755859375,186015
2024-06-14 13:15:00,1312.300048828125,1313.300048828125,1300.0,1311.0,45164
2024-06-18 09:15:00,1320.0,1327.3499755859375,1310.0,1318.9000244140625,120650
2024-06-18 13:15:00,1318.8499755859375,1325.449951171875,1313.5,1320.550048828125,40345
2024-06-19 09:15:00,1306.0,1336.1500244140625,1294.1500244140625,1303.949951171875,107563
2024-06-19 13:15:00,1303.9000244140625,1306.3499755859375,1293.0,1297.9000244140625,36086
2024-06-20 09:15:00,1304.8499755859375,1314.1500244140625,1296.550048828125,1296.550048828125,20948
2024-06-20 13:15:00,1296.5,1300.449951171875,1281.0,1294.25,31057
2024-06-21 09:15:00,1310.0,1310.0,1281.0999755859375,1281.5,21005
2024-06-21 13:15:00,1281.5,1307.199951171875,1281.5,1294.199951171875,73907
2024-06-24 09:15:00,1303.0,1304.949951171875,1292.0,1294.0999755859375,29157
2024-06-24 13:15:00,1294.050048828125,1297.9000244140625,1261.0,1271.199951171875,91685
2024-06-25 09:15:00,1274.949951171875,1286.0,1260.0999755859375,1265.699951171875,41224
2024-06-25 13:15:00,1266.949951171875,1276.8499755859375,1265.050048828125,1271.4000244140625,22168
2024-06-26 09:15:00,1272.6500244140625,1295.0,1270.0,1290.5999755859375,65746
2024-06-26 13:15:00,1291.25,1295.0,1272.0999755859375,1275.5999755859375,26025
2024-06-27 09:15:00,1278.0,1286.949951171875,1261.0,1265.550048828125,31413
2024-06-27 13:15:00,1266.0,1269.449951171875,1256.5,1261.949951171875,45937
2024-06-28 09:15:00,1259.9000244140625,1268.0,1248.0,1249.949951171875,24305
2024-06-28 13:15:00,1249.949951171875,1259.0,1242.5,1259.0,27817
2024-07-01 09:15:00,1246.0,1266.0,1246.0,1258.800048828125,10333
2024-07-01 13:15:00,1257.5,1260.550048828125,1243.5,1257.4000244140625,17379
2024-07-02 09:15:00,1260.300048828125,1260.3499755859375,1245.1500244140625,1256.75,38659
2024-07-02 13:15:00,1255.800048828125,1262.1500244140625,1254.050048828125,1259.0,44267
2024-07-03 09:15:00,1264.0,1302.0,1256.0,1290.550048828125,98552
2024-07-03 13:15:00,1290.050048828125,1300.0,1289.0,1297.0,26647
2024-07-04 09:15:00,1300.0,1326.5,1300.0,1319.75,72851
2024-07-04 13:15:00,1319.75,1320.949951171875,1312.0,1316.5999755859375,30001
2024-07-05 09:15:00,1323.449951171875,1323.449951171875,1282.0,1283.449951171875,42489
2024-07-05 13:15:00,1282.300048828125,1307.0,1274.4000244140625,1298.3499755859375,45214
2024-07-08 09:15:00,1294.6500244140625,1299.449951171875,1266.0,1268.949951171875,21386
2024-07-08 13:15:00,1268.949951171875,1300.0,1266.0,1290.550048828125,43508
2024-07-09 09:15:00,1294.75,1294.75,1266.0,1268.25,21304
2024-07-09 13:15:00,1268.25,1269.6500244140625,1255.5999755859375,1261.0,42055
2024-07-10 09:15:00,1269.5,1276.550048828125,1245.0,1254.5999755859375,18426
2024-07-10 13:15:00,1254.5999755859375,1277.0,1251.4000244140625,1273.0,43633
2024-07-11 09:15:00,1274.0,1274.0,1247.5999755859375,1250.0,43320
2024-07-11 13:15:00,1250.0,1250.5999755859375,1248.25,1250.0,34467
2024-07-12 09:15:00,1250.0,1259.199951171875,1237.4000244140625,1238.5999755859375,37867
2024-07-12 13:15:00,1238.5999755859375,1238.5999755859375,1229.4000244140625,1230.0,50455
2024-07-15 09:15:00,1224.6500244140625,1227.699951171875,1200.0,1209.800048828125,54175
2024-07-15 13:15:00,1209.9000244140625,1210.9000244140625,1207.4000244140625,1209.5,41723
2024-07-16 09:15:00,1205.199951171875,1213.9000244140625,1199.050048828125,1200.8499755859375,155957
2024-07-16 13:15:00,1200.75,1201.0,1180.0999755859375,1185.4000244140625,77163
2024-07-18 09:15:00,1181.4000244140625,1182.949951171875,1147.949951171875,1165.449951171875,283377
2024-07-18 13:15:00,1164.4000244140625,1170.949951171875,1151.5,1164.199951171875,64759
2024-07-19 09:15:00,1164.0,1190.0,1159.300048828125,1164.949951171875,192133
2024-07-19 13:15:00,1164.449951171875,1165.1500244140625,1161.0,1165.0,28632
2024-07-22 09:15:00,1161.550048828125,1180.0,1142.5999755859375,1148.699951171875,65820
2024-07-22 13:15:00,1148.300048828125,1150.449951171875,1140.0,1140.0,63860
2024-07-23 09:15:00,1152.3499755859375,1155.75,1124.0999755859375,1138.75,57881
2024-07-23 13:15:00,1138.75,1139.800048828125,1115.050048828125,1120.0,82781
2024-07-24 09:15:00,1138.800048828125,1138.800048828125,1109.050048828125,1124.5,230636
2024-07-24 13:15:00,1122.449951171875,1125.949951171875,1098.050048828125,1099.0999755859375,161964
2024-07-25 09:15:00,1098.9000244140625,1124.0,1080.3499755859375,1113.449951171875,210880
2024-07-25 13:15:00,1113.0,1154.9000244140625,1112.0999755859375,1152.25,401507
2024-07-26 09:15:00,1154.0,1171.9000244140625,1140.699951171875,1170.25,96124
2024-07-26 13:15:00,1170.0999755859375,1174.25,1166.0999755859375,1168.0,52633
2024-07-29 09:15:00,1188.0,1206.9000244140625,1162.199951171875,1172.949951171875,66075
2024-07-29 13:15:00,1173.0,1177.5,1167.300048828125,1171.0,33190
2024-07-30 09:15:00,1173.4000244140625,1192.1500244140625,1155.0,1186.949951171875,130136
2024-07-30 13:15:00,1186.3499755859375,1189.5999755859375,1182.0,1184.25,30390
2024-07-31 09:15:00,1187.949951171875,1203.699951171875,1185.0,1191.75,37887
2024-07-31 13:15:00,1190.3499755859375,1195.0,1176.75,1183.0,54178
2024-08-01 09:15:00,1190.800048828125,1190.800048828125,1178.050048828125,1183.199951171875,62576
2024-08-01 13:15:00,1183.199951171875,1199.0,1182.1500244140625,1195.949951171875,60855
2024-08-02 09:15:00,1189.800048828125,1201.199951171875,1181.4000244140625,1194.75,49439
2024-08-02 13:15:00,1193.5999755859375,1198.949951171875,1182.050048828125,1184.0,39666
2024-08-05 09:15:00,1184.3499755859375,1184.3499755859375,1154.699951171875,1170.4000244140625,39290
2024-08-05 13:15:00,1169.800048828125,1177.0,1165.0,1167.9000244140625,24191
2024-08-06 09:15:00,1169.0,1201.050048828125,1169.0,1197.9000244140625,62714
2024-08-06 13:15:00,1197.5,1204.949951171875,1186.4000244140625,1193.0,196008
2024-08-07 09:15:00,1209.0,1216.1500244140625,1176.5,1184.4000244140625,63206
2024-08-07 13:15:00,1184.25,1186.199951171875,1176.9000244140625,1181.1500244140625,40222
2024-08-08 09:15:00,1185.050048828125,1214.5,1183.800048828125,1208.1500244140625,68273
2024-08-08 13:15:00,1208.449951171875,1214.0,1206.9000244140625,1212.25,40918
2024-08-09 09:15:00,1219.0,1234.050048828125,1213.5999755859375,1215.0,20444
2024-08-09 13:15:00,1215.0,1229.4000244140625,1210.8499755859375,1227.050048828125,26735
2024-08-12 09:15:00,1225.0,1242.0,1215.6500244140625,1239.5999755859375,33274
2024-08-12 13:15:00,1240.0,1244.050048828125,1233.949951171875,1240.0,39752
2024-08-13 09:15:00,1230.0,1230.0,1196.050048828125,1202.949951171875,48448
2024-08-13 13:15:00,1202.0,1206.0,1201.199951171875,1202.3499755859375,48623
2024-08-14 09:15:00,1198.5999755859375,1221.5999755859375,1182.800048828125,1220.5,92451
2024-08-14 13:15:00,1220.5999755859375,1226.75,1214.050048828125,1215.0,33321
2024-08-16 09:15:00,1208.199951171875,1209.449951171875,1181.3499755859375,1193.199951171875,54697
2024-08-16 13:15:00,1192.0999755859375,1199.0,1191.949951171875,1197.300048828125,47813
2024-08-19 09:15:00,1196.949951171875,1202.0,1180.0,1188.0,42453
2024-08-19 13:15:00,1188.0,1210.0,1188.0,1205.550048828125,48946
2024-08-20 09:15:00,1201.25,1217.949951171875,1200.050048828125,1202.3499755859375,31261
2024-08-20 13:15:00,1201.5,1206.449951171875,1200.0,1201.4000244140625,16975
2024-08-21 09:15:00,1202.949951171875,1212.949951171875,1195.050048828125,1206.5999755859375,79320
2024-08-21 13:15:00,1207.3499755859375,1211.9000244140625,1205.699951171875,1209.949951171875,16411
2024-08-22 09:15:00,1209.0,1219.6500244140625,1201.199951171875,1215.3499755859375,94780
2024-08-22 13:15:00,1214.8499755859375,1218.449951171875,1210.0,1212.550048828125,129489
2024-08-23 09:15:00,1218.0,1257.5,1218.0,1241.300048828125,172816
2024-08-23 13:15:00,1241.6500244140625,1243.9000244140625,1230.4000244140625,1235.5999755859375,19433
2024-08-26 09:15:00,1254.1500244140625,1254.1500244140625,1232.5,1238.300048828125,16726
2024-08-26 13:15:00,1238.3499755859375,1241.75,1230.0,1234.550048828125,16264
2024-08-27 09:15:00,1239.8499755859375,1248.449951171875,1230.8499755859375,1234.949951171875,22441
2024-08-27 13:15:00,1235.3499755859375,1250.0,1235.0,1250.0,19194
2024-08-28 09:15:00,1248.949951171875,1259.0,1236.1500244140625,1243.25,43398
2024-08-28 13:15:00,1243.300048828125,1244.8499755859375,1235.550048828125,1241.4000244140625,13099
2024-08-29 09:15:00,1245.949951171875,1256.3499755859375,1238.0,1247.800048828125,68793
2024-08-29 13:15:00,1246.699951171875,1249.6500244140625,1238.0,1239.0,15017
2024-08-30 09:15:00,1242.0,1248.0,1235.1500244140625,1244.9000244140625,49248
2024-08-30 13:15:00,1244.300048828125,1275.0,1242.6500244140625,1265.050048828125,70838
2024-09-02 09:15:00,1279.0999755859375,1281.3499755859375,1264.050048828125,1276.75,44523
2024-09-02 13:15:00,1275.3499755859375,1284.3499755859375,1273.300048828125,1276.0,37722
2024-09-03 09:15:00,1281.0,1289.0,1265.050048828125,1275.199951171875,44500
2024-09-03 13:15:00,1275.199951171875,1275.800048828125,1256.0999755859375,1266.050048828125,38583
2024-09-04 09:15:00,1266.1500244140625,1274.300048828125,1250.050048828125,1261.449951171875,519333
2024-09-04 13:15:00,1261.25,1279.949951171875,1260.25,1266.1500244140625,41832
2024-09-05 09:15:00,1271.0,1300.0999755859375,1271.0,1284.699951171875,83116
2024-09-05 13:15:00,1284.699951171875,1284.9000244140625,1278.0,1281.25,32790
2024-09-06 09:15:00,1286.0,1317.5999755859375,1283.199951171875,1285.0,25760
2024-09-06 13:15:00,1285.0,1287.6500244140625,1277.3499755859375,1278.699951171875,11897
2024-09-09 09:15:00,1289.949951171875,1289.949951171875,1261.25,1266.800048828125,11634
2024-09-09 13:15:00,1267.199951171875,1280.449951171875,1267.199951171875,1278.0,18853
2024-09-10 09:15:00,1300.9000244140625,1311.949951171875,1289.550048828125,1307.9000244140625,69050
2024-09-10 13:15:00,1307.0,1316.25,1306.6500244140625,1316.25,57887
2024-09-11 09:15:00,1317.0999755859375,1360.449951171875,1317.0999755859375,1353.199951171875,156834
2024-09-11 13:15:00,1353.199951171875,1360.550048828125,1323.6500244140625,1329.6500244140625,57453
2024-09-12 09:15:00,1332.949951171875,1332.949951171875,1309.0,1310.9000244140625,32133
2024-09-12 13:15:00,1310.699951171875,1317.0,1307.550048828125,1316.300048828125,22355
2024-09-13 09:15:00,1322.0999755859375,1347.25,1306.550048828125,1330.6500244140625,77670
2024-09-13 13:15:00,1330.550048828125,1331.949951171875,1314.8499755859375,1319.0,23286
2024-09-16 09:15:00,1339.0,1339.6500244140625,1317.449951171875,1327.5,38191
2024-09-16 13:15:00,1328.800048828125,1332.949951171875,1301.949951171875,1317.550048828125,61445
2024-09-17 09:15:00,1322.0999755859375,1328.949951171875,1307.699951171875,1312.5,12914
2024-09-17 13:15:00,1310.75,1318.0,1310.0,1316.9000244140625,16314
2024-09-18 09:15:00,1303.0,1327.0,1291.0999755859375,1293.800048828125,15817
2024-09-18 13:15:00,1293.949951171875,1295.8499755859375,1282.699951171875,1290.800048828125,18312
2024-09-19 09:15:00,1293.699951171875,1392.9000244140625,1293.699951171875,1361.4000244140625,799319
2024-09-19 13:15:00,1361.4000244140625,1409.550048828125,1356.050048828125,1386.25,2103444
2024-09-20 09:15:00,1353.9000244140625,1368.0,1329.199951171875,1350.449951171875,78137
2024-09-20 13:15:00,1350.449951171875,1389.4000244140625,1349.300048828125,1380.0,100967
2024-09-23 09:15:00,1372.449951171875,1384.5999755859375,1362.0999755859375,1384.5999755859375,31717
2024-09-23 13:15:00,1381.0,1385.5,1361.699951171875,1365.4000244140625,42134
2024-09-24 09:15:00,1363.5,1386.949951171875,1348.0,1376.0,75661
2024-09-24 13:15:00,1376.949951171875,1394.0,1375.6500244140625,1388.0999755859375,50123
2024-09-25 09:15:00,1388.0,1395.949951171875,1372.25,1376.800048828125,37374
2024-09-25 13:15:00,1378.199951171875,1392.5,1374.6500244140625,1388.800048828125,32338
2024-09-26 09:15:00,1397.800048828125,1517.3499755859375,1397.800048828125,1437.0,3089485
2024-09-26 13:15:00,1438.1500244140625,1452.5,1393.8499755859375,1407.0,412791
2024-09-27 09:15:00,1407.0,1432.550048828125,1375.050048828125,1400.449951171875,68168
2024-09-27 13:15:00,1400.449951171875,1409.0,1398.0,1398.0,205891
2024-09-30 09:15:00,1404.5,1442.550048828125,1389.75,1405.050048828125,67680
2024-09-30 13:15:00,1405.5,1417.0,1390.0,1399.8499755859375,30265
2024-10-01 09:15:00,1393.050048828125,1418.8499755859375,1380.0,1412.050048828125,65186
2024-10-01 13:15:00,1412.050048828125,1464.5,1409.3499755859375,1445.300048828125,146536
2024-10-03 09:15:00,1440.550048828125,1440.550048828125,1385.300048828125,1390.25,53602
2024-10-03 13:15:00,1390.1500244140625,1410.8499755859375,1387.0,1404.699951171875,58989
2024-10-04 09:15:00,1400.0,1419.300048828125,1373.1500244140625,1380.9000244140625,25212
2024-10-04 13:15:00,1382.3499755859375,1393.1500244140625,1375.0,1379.1500244140625,82241
2024-10-07 09:15:00,1377.1500244140625,1394.449951171875,1339.1500244140625,1349.25,100781
2024-10-07 13:15:00,1349.25,1377.949951171875,1339.949951171875,1375.800048828125,42789
2024-10-08 09:15:00,1377.25,1409.0,1362.949951171875,1397.949951171875,60816
2024-10-08 13:15:00,1396.050048828125,1400.0,1391.050048828125,1395.949951171875,9350
2024-10-09 09:15:00,1410.9000244140625,1421.949951171875,1391.8499755859375,1409.8499755859375,31158
2024-10-09 13:15:00,1409.8499755859375,1415.0,1400.0,1407.699951171875,22552
2024-10-10 09:15:00,1398.5999755859375,1416.0999755859375,1390.050048828125,1406.5999755859375,24699
2024-10-10 13:15:00,1406.449951171875,1407.050048828125,1396.8499755859375,1399.9000244140625,11350
2024-10-11 09:15:00,1400.0,1414.199951171875,1390.0999755859375,1408.800048828125,16027
2024-10-11 13:15:00,1409.0,1413.800048828125,1406.0999755859375,1406.300048828125,21812
2024-10-14 09:15:00,1416.5,1417.550048828125,1391.1500244140625,1404.25,12274
2024-10-14 13:15:00,1404.4000244140625,1410.0,1400.0,1405.0,11252
2024-10-15 09:15:00,1414.949951171875,1474.0999755859375,1414.949951171875,1451.25,107964
2024-10-15 13:15:00,1452.050048828125,1473.8499755859375,1450.0,1468.949951171875,71551
2024-10-16 09:15:00,1470.449951171875,1470.449951171875,1437.449951171875,1458.800048828125,25615
2024-10-16 13:15:00,1458.050048828125,1461.6500244140625,1446.25,1459.0,17246
2024-10-17 09:15:00,1451.3499755859375,1460.699951171875,1431.800048828125,1451.5,21799
2024-10-17 13:15:00,1452.5,1460.0,1449.300048828125,1455.800048828125,16531
2024-10-18 09:15:00,1430.0,1444.949951171875,1418.4000244140625,1436.3499755859375,13101
2024-10-18 13:15:00,1436.3499755859375,1441.300048828125,1423.199951171875,1428.5,19277
2024-10-21 09:15:00,1423.3499755859375,1429.0,1404.800048828125,1410.300048828125,8998
2024-10-21 13:15:00,1410.3499755859375,1412.8499755859375,1390.949951171875,1399.050048828125,14996
2024-10-22 09:15:00,1388.75,1388.75,1354.800048828125,1358.949951171875,26508
2024-10-22 13:15:00,1359.0,1365.9000244140625,1337.4000244140625,1352.5999755859375,27443
2024-10-23 09:15:00,1342.75,1385.199951171875,1340.4000244140625,1379.050048828125,11973
2024-10-23 13:15:00,1380.8499755859375,1389.199951171875,1370.3499755859375,1379.550048828125,16495
2024-10-24 09:15:00,1372.449951171875,1396.9000244140625,1351.9000244140625,1353.5999755859375,21572
2024-10-24 13:15:00,1353.550048828125,1395.0,1353.3499755859375,1372.699951171875,23014
2024-10-25 09:15:00,1375.0,1397.449951171875,1364.050048828125,1368.25,27904
2024-10-25 13:15:00,1368.300048828125,1440.800048828125,1367.4000244140625,1405.800048828125,53248
2024-10-28 09:15:00,1450.800048828125,1499.949951171875,1440.0,1497.4000244140625,244546
2024-10-28 13:15:00,1496.3499755859375,1500.0,1493.75,1498.0,148496
2024-10-29 09:15:00,1497.0,1516.0,1471.0999755859375,1491.699951171875,125955
2024-10-29 13:15:00,1491.5,1491.5,1460.0,1460.0,265532
2024-10-30 09:15:00,1460.0,1485.9000244140625,1452.949951171875,1483.0999755859375,14915
2024-10-30 13:15:00,1481.4000244140625,1494.9000244140625,1473.0,1490.0,109671
2024-10-31 09:15:00,1486.8499755859375,1637.949951171875,1486.8499755859375,1597.6500244140625,1789328
2024-10-31 13:15:00,1598.949951171875,1628.0,1592.5999755859375,1614.199951171875,502498
2024-11-04 09:15:00,1575.0,1688.4000244140625,1574.8499755859375,1603.75,1616767
2024-11-04 13:15:00,1603.449951171875,1662.8499755859375,1601.0999755859375,1630.3499755859375,951205
2024-11-05 09:15:00,1615.0,1615.0,1546.0,1559.3499755859375,127286
2024-11-05 13:15:00,1559.550048828125,1565.0,1540.199951171875,1546.050048828125,189093
2024-11-06 09:15:00,1542.199951171875,1578.9000244140625,1542.199951171875,1568.6500244140625,65502
2024-11-06 13:15:00,1570.0999755859375,1577.6500244140625,1565.0,1570.0,57165
2024-11-07 09:15:00,1568.0,1601.050048828125,1546.800048828125,1586.199951171875,26941
2024-11-07 13:15:00,1587.25,1602.0,1584.050048828125,1594.5999755859375,51982
2024-11-08 09:15:00,1602.0,1604.949951171875,1571.25,1580.0,24198
2024-11-08 13:15:00,1580.0,1592.550048828125,1574.0,1584.449951171875,48489
2024-11-11 09:15:00,1596.5999755859375,1615.050048828125,1545.5999755859375,1575.949951171875,36140
2024-11-11 13:15:00,1574.4000244140625,1587.199951171875,1567.9000244140625,1576.0,29267
2024-11-12 09:15:00,1550.199951171875,1663.699951171875,1550.199951171875,1623.25,369971
2024-11-12 13:15:00,1624.0,1632.4000244140625,1619.199951171875,1624.9000244140625,232662
2024-11-13 09:15:00,1611.050048828125,1611.050048828125,1571.0,1600.0999755859375,50507
2024-11-13 13:15:00,1600.050048828125,1610.0999755859375,1593.449951171875,1600.0,80691
2024-11-14 09:15:00,1618.5999755859375,1683.5,1610.0,1634.6500244140625,337948
2024-11-14 13:15:00,1635.3499755859375,1665.800048828125,1632.050048828125,1650.0,234438
2024-11-18 09:15:00,1652.25,1652.25,1578.050048828125,1586.949951171875,52951
2024-11-18 13:15:00,1587.5999755859375,1608.0,1584.4000244140625,1596.050048828125,62126
2024-11-19 09:15:00,1604.4000244140625,1604.4000244140625,1545.300048828125,1579.5999755859375,47487
2024-11-19 13:15:00,1579.5999755859375,1582.5,1575.050048828125,1578.5,45129
2024-11-21 09:15:00,1560.050048828125,1593.0,1524.050048828125,1575.0999755859375,83147
2024-11-21 13:15:00,1574.5,1584.0,1569.949951171875,1573.800048828125,39340
2024-11-22 09:15:00,1579.800048828125,1600.0,1561.550048828125,1590.0999755859375,46168
2024-11-22 13:15:00,1590.3499755859375,1595.949951171875,1577.800048828125,1578.0999755859375,44393
2024-11-25 09:15:00,1640.0,1668.8499755859375,1595.050048828125,1648.3499755859375,164193
2024-11-25 13:15:00,1648.3499755859375,1653.8499755859375,1627.25,1633.8499755859375,125388
2024-11-26 09:15:00,1646.949951171875,1708.9000244140625,1630.0,1644.550048828125,91825
2024-11-26 13:15:00,1644.550048828125,1656.75,1631.8499755859375,1635.0,65959
2024-11-27 09:15:00,1648.800048828125,1655.300048828125,1601.5999755859375,1606.9000244140625,85479
2024-11-27 13:15:00,1606.949951171875,1616.3499755859375,1572.199951171875,1588.9000244140625,148277
2024-11-28 09:15:00,1588.0,1588.0,1522.5,1529.550048828125,132614
2024-11-28 13:15:00,1528.5,1529.949951171875,1515.0,1524.5,164381
2024-11-29 09:15:00,1534.1500244140625,1564.800048828125,1520.050048828125,1555.800048828125,75918
2024-11-29 13:15:00,1555.75,1600.0,1550.8499755859375,1589.4000244140625,114441
2024-12-02 09:15:00,1585.1500244140625,1632.800048828125,1579.949951171875,1623.0,64680
2024-12-02 13:15:00,1622.9000244140625,1623.0,1611.199951171875,1617.800048828125,35687
2024-12-03 09:15:00,1610.0,1658.0,1610.0,1643.1500244140625,37324
2024-12-03 13:15:00,1643.199951171875,1654.4000244140625,1637.300048828125,1650.449951171875,64903
2024-12-04 09:15:00,1650.449951171875,1693.800048828125,1650.449951171875,1680.0,111527
2024-12-04 13:15:00,1680.0,1686.0,1672.449951171875,1677.0,51212
2024-12-05 09:15:00,1694.5,1694.5,1655.1500244140625,1661.5,15624
2024-12-05 13:15:00,1661.050048828125,1661.699951171875,1630.0,1645.75,69186
2024-12-06 09:15:00,1650.0,1650.0,1622.5,1627.75,23940
2024-12-06 13:15:00,1627.75,1648.5,1627.75,1646.9000244140625,20609
2024-12-09 09:15:00,1649.75,1679.949951171875,1628.0,1673.800048828125,37097
2024-12-09 13:15:00,1673.800048828125,1677.25,1653.949951171875,1662.8499755859375,43093
2024-12-10 09:15:00,1687.75,1701.5999755859375,1644.0,1646.050048828125,35532
2024-12-10 13:15:00,1645.75,1656.800048828125,1625.199951171875,1632.3499755859375,67961
2024-12-11 09:15:00,1632.3499755859375,1649.199951171875,1624.050048828125,1634.949951171875,22119
2024-12-11 13:15:00,1633.8499755859375,1656.300048828125,1629.0999755859375,1635.0,23823
2024-12-12 09:15:00,1643.0,1643.0,1614.050048828125,1620.550048828125,18935
2024-12-12 13:15:00,1620.550048828125,1630.949951171875,1620.550048828125,1628.1500244140625,17117
2024-12-13 09:15:00,1638.949951171875,1638.949951171875,1590.75,1602.050048828125,26885
2024-12-13 13:15:00,1602.3499755859375,1648.75,1593.0,1626.9000244140625,60184
2024-12-16 09:15:00,1610.0,1613.949951171875,1581.550048828125,1587.3499755859375,29839
2024-12-16 13:15:00,1586.25,1590.0,1582.0,1589.0,23601
2024-12-17 09:15:00,1614.949951171875,1614.949951171875,1567.0,1612.5999755859375,33482
2024-12-17 13:15:00,1612.5999755859375,1612.8499755859375,1582.3499755859375,1597.0,33919
2024-12-18 09:15:00,1597.0,1607.9000244140625,1579.3499755859375,1594.3499755859375,55375
2024-12-18 13:15:00,1594.3499755859375,1605.949951171875,1585.050048828125,1599.0,95633
2024-12-19 09:15:00,1597.9000244140625,1597.9000244140625,1571.3499755859375,1579.050048828125,17555
2024-12-19 13:15:00,1580.0,1588.050048828125,1571.5,1574.6500244140625,46560
2024-12-20 09:15:00,1577.75,1587.449951171875,1543.0999755859375,1546.25,19244
2024-12-20 13:15:00,1544.75,1565.0,1533.300048828125,1545.0,51769
2024-12-23 09:15:00,1540.5,1550.0,1504.8499755859375,1526.25,51563
2024-12-23 13:15:00,1526.4000244140625,1559.949951171875,1526.050048828125,1532.699951171875,59906
2024-12-24 09:15:00,1520.050048828125,1540.5999755859375,1514.949951171875,1520.300048828125,21360
2024-12-24 13:15:00,1520.199951171875,1543.199951171875,1517.699951171875,1538.5,24716
2024-12-26 09:15:00,1545.0,1546.5,1498.5999755859375,1498.5999755859375,25067
2024-12-26 13:15:00,1500.0999755859375,1506.8499755859375,1491.199951171875,1497.4000244140625,56804
2024-12-27 09:15:00,1500.0999755859375,1509.800048828125,1482.0,1505.199951171875,27991
2024-12-27 13:15:00,1505.1500244140625,1513.199951171875,1498.800048828125,1502.4000244140625,27859
2024-12-30 09:15:00,1500.0,1509.3499755859375,1490.5,1491.0,8565
2024-12-30 13:15:00,1491.0,1493.050048828125,1476.050048828125,1488.550048828125,30969
2024-12-31 09:15:00,1510.0,1513.8499755859375,1478.0999755859375,1490.0999755859375,19444
2024-12-31 13:15:00,1491.300048828125,1506.75,1488.1500244140625,1499.550048828125,26028
2025-01-01 09:15:00,1499.800048828125,1558.4000244140625,1499.800048828125,1550.0999755859375,31112
2025-01-01 13:15:00,1550.0,1565.949951171875,1550.0,1551.050048828125,33465
2025-01-02 09:15:00,1550.0,1570.9000244140625,1538.0999755859375,1550.300048828125,7691
2025-01-02 13:15:00,1551.9000244140625,1569.5999755859375,1550.0,1556.449951171875,112063
2025-01-03 09:15:00,1566.0,1588.25,1554.5999755859375,1557.25,21830
2025-01-03 13:15:00,1557.1500244140625,1566.75,1547.6500244140625,1551.550048828125,26441
2025-01-06 09:15:00,1603.949951171875,1618.5999755859375,1562.449951171875,1604.9000244140625,138002
2025-01-06 13:15:00,1605.0,1606.5,1578.0,1580.6500244140625,91068
2025-01-07 09:15:00,1611.8499755859375,1635.0999755859375,1599.949951171875,1618.4000244140625,43217
2025-01-07 13:15:00,1619.4000244140625,1641.5999755859375,1613.75,1636.0,89838
2025-01-08 09:15:00,1644.050048828125,1645.0,1590.0,1592.25,19095
2025-01-08 13:15:00,1592.25,1620.949951171875,1591.949951171875,1613.0,22177
2025-01-09 09:15:00,1582.050048828125,1605.9000244140625,1566.0999755859375,1570.550048828125,11322
2025-01-09 13:15:00,1568.8499755859375,1604.75,1563.75,1576.3499755859375,37921
2025-01-10 09:15:00,1580.0,1580.0,1536.0999755859375,1538.1500244140625,18082
2025-01-10 13:15:00,1538.3499755859375,1575.25,1522.0999755859375,1550.0,82705
2025-01-13 09:15:00,1497.699951171875,1543.699951171875,1497.699951171875,1517.9000244140625,37293
2025-01-13 13:15:00,1515.199951171875,1539.0,1500.0,1503.0,86441
2025-01-14 09:15:00,1517.949951171875,1520.3499755859375,1476.1500244140625,1480.0999755859375,30846
2025-01-14 13:15:00,1480.5999755859375,1508.75,1447.449951171875,1469.25,112363
2025-01-15 09:15:00,1489.25,1489.25,1454.8499755859375,1455.300048828125,20144
2025-01-15 13:15:00,1455.300048828125,1458.0999755859375,1443.0999755859375,1447.0,30375
2025-01-16 09:15:00,1464.6500244140625,1470.3499755859375,1425.949951171875,1459.550048828125,23187
2025-01-16 13:15:00,1459.699951171875,1477.6500244140625,1456.25,1469.0,31895
2025-01-17 09:15:00,1463.1500244140625,1464.3499755859375,1446.0,1452.0,16951
2025-01-17 13:15:00,1451.1500244140625,1466.949951171875,1448.800048828125,1457.199951171875,31587
2025-01-20 09:15:00,1440.0,1463.6500244140625,1430.199951171875,1459.8499755859375,43850
2025-01-20 13:15:00,1458.8499755859375,1465.3499755859375,1450.0,1458.0999755859375,34419
2025-01-21 09:15:00,1458.699951171875,1460.5999755859375,1432.5999755859375,1438.550048828125,30640
2025-01-21 13:15:00,1438.5999755859375,1449.699951171875,1435.050048828125,1443.1500244140625,19763
2025-01-22 09:15:00,1432.0,1437.199951171875,1401.199951171875,1406.0,58045
2025-01-22 13:15:00,1406.0,1413.449951171875,1392.0,1394.9000244140625,43139
2025-01-23 09:15:00,1393.0,1474.8499755859375,1380.0,1460.199951171875,201970
2025-01-23 13:15:00,1461.0,1484.949951171875,1454.0,1471.4000244140625,143910
2025-01-24 09:15:00,1452.800048828125,1489.75,1449.199951171875,1456.9000244140625,12520
2025-01-24 13:15:00,1456.949951171875,1460.550048828125,1442.0999755859375,1448.75,28298
2025-01-27 09:15:00,1368.550048828125,1404.800048828125,1360.1500244140625,1384.4000244140625,87713
2025-01-27 13:15:00,1383.050048828125,1429.9000244140625,1365.5999755859375,1391.0999755859375,102087
2025-01-28 09:15:00,1415.0,1415.0,1353.800048828125,1376.699951171875,32893
2025-01-28 13:15:00,1377.0,1392.5,1370.0999755859375,1371.949951171875,29244
2025-01-29 09:15:00,1373.0,1392.6500244140625,1369.050048828125,1385.550048828125,9873
2025-01-29 13:15:00,1385.550048828125,1406.5,1385.550048828125,1399.0,13965
2025-01-30 09:15:00,1406.25,1472.8499755859375,1393.050048828125,1443.199951171875,65124
2025-01-30 13:15:00,1442.75,1442.75,1425.4000244140625,1430.0,30141
2025-01-31 09:15:00,1429.9000244140625,1429.9000244140625,1406.6500244140625,1414.8499755859375,31233
2025-01-31 13:15:00,1415.0,1444.3499755859375,1410.0,1423.75,38632
2025-02-03 09:15:00,1405.1500244140625,1425.8499755859375,1387.550048828125,1402.4000244140625,20007
2025-02-03 13:15:00,1401.4000244140625,1407.8499755859375,1390.0,1400.0,19791
2025-02-04 09:15:00,1411.0,1415.25,1366.050048828125,1367.550048828125,36934
2025-02-04 13:15:00,1367.0,1384.4000244140625,1360.6500244140625,1375.5,120539
2025-02-05 09:15:00,1399.8499755859375,1399.8499755859375,1368.75,1379.5,75064
2025-02-05 13:15:00,1379.300048828125,1383.8499755859375,1370.0,1375.550048828125,35931
2025-02-06 09:15:00,1390.0,1390.0,1369.4000244140625,1376.8499755859375,50714
2025-02-06 13:15:00,1377.699951171875,1380.0,1367.550048828125,1377.949951171875,40896
2025-02-07 09:15:00,1378.4000244140625,1388.3499755859375,1378.199951171875,1384.550048828125,12090
2025-02-07 13:15:00,1386.199951171875,1389.449951171875,1380.0,1389.449951171875,15099
2025-02-10 09:15:00,1390.0,1400.0,1334.449951171875,1335.5,64345
2025-02-10 13:15:00,1335.5,1373.5,1335.050048828125,1369.0,86776
2025-02-11 09:15:00,1354.6500244140625,1356.4000244140625,1298.0999755859375,1307.800048828125,61709
2025-02-11 13:15:00,1309.0,1317.449951171875,1303.6500244140625,1308.300048828125,40096
2025-02-12 09:15:00,1310.199951171875,1322.0,1261.5,1284.300048828125,130194
2025-02-12 13:15:00,1284.300048828125,1285.3499755859375,1275.0,1279.8499755859375,65647
2025-02-13 09:15:00,1276.0,1325.050048828125,1268.4000244140625,1323.4000244140625,117639
2025-02-13 13:15:00,1323.449951171875,1326.550048828125,1306.800048828125,1310.0,66663
2025-02-14 09:15:00,1315.449951171875,1324.699951171875,1285.800048828125,1299.050048828125,62346
2025-02-14 13:15:00,1299.5,1302.0999755859375,1284.4000244140625,1299.949951171875,77241
2025-02-17 09:15:00,1276.050048828125,1303.5999755859375,1272.9000244140625,1283.800048828125,16227
2025-02-17 13:15:00,1283.199951171875,1299.0,1282.9000244140625,1297.550048828125,19922
2025-02-18 09:15:00,1296.300048828125,1337.4000244140625,1263.0999755859375,1275.300048828125,26247
2025-02-18 13:15:00,1275.300048828125,1280.0,1264.1500244140625,1274.800048828125,45261
2025-02-19 09:15:00,1265.050048828125,1324.800048828125,1256.6500244140625,1308.050048828125,80490
2025-02-19 13:15:00,1309.699951171875,1314.5,1275.199951171875,1290.0,122124
2025-02-20 09:15:00,1281.5,1332.0,1281.5,1303.6500244140625,75388
2025-02-20 13:15:00,1304.550048828125,1309.9000244140625,1295.0,1298.0,150797
2025-02-21 09:15:00,1301.300048828125,1328.9000244140625,1293.1500244140625,1326.1500244140625,34805
2025-02-21 13:15:00,1325.949951171875,1326.75,1309.3499755859375,1322.449951171875,20663
2025-02-24 09:15:00,1322.949951171875,1352.949951171875,1300.0,1334.5999755859375,170597
2025-02-24 13:15:00,1333.800048828125,1342.0,1314.550048828125,1316.050048828125,47155
2025-02-25 09:15:00,1316.699951171875,1342.949951171875,1314.199951171875,1330.550048828125,384011
2025-02-25 13:15:00,1330.449951171875,1334.0999755859375,1325.050048828125,1329.949951171875,23566
2025-02-27 09:15:00,1327.0999755859375,1337.699951171875,1302.4000244140625,1309.800048828125,21550
2025-02-27 13:15:00,1308.550048828125,1316.5999755859375,1286.800048828125,1300.0,37185
2025-02-28 09:15:00,1289.75,1294.800048828125,1255.050048828125,1255.9000244140625,15980
2025-02-28 13:15:00,1256.199951171875,1259.5999755859375,1231.1500244140625,1243.949951171875,87383
2025-03-03 09:15:00,1239.5999755859375,1250.5999755859375,1218.550048828125,1234.300048828125,29019
2025-03-03 13:15:00,1235.0999755859375,1260.0,1226.699951171875,1260.0,48397
2025-03-04 09:15:00,1237.5999755859375,1288.0,1231.0,1280.550048828125,23266
2025-03-04 13:15:00,1280.800048828125,1296.949951171875,1275.1500244140625,1286.800048828125,22310
2025-03-05 09:15:00,1292.0,1335.050048828125,1290.4000244140625,1329.199951171875,45076
2025-03-05 13:15:00,1329.0999755859375,1337.449951171875,1322.0,1323.25,42701
2025-03-06 09:15:00,1335.0,1335.0,1311.9000244140625,1318.25,86427
2025-03-06 13:15:00,1318.3499755859375,1320.0,1302.199951171875,1305.0,60991
2025-03-07 09:15:00,1291.0,1309.5,1285.0,1290.449951171875,194390
2025-03-07 13:15:00,1291.949951171875,1300.5999755859375,1275.0,1275.0,37041
2025-03-10 09:15:00,1281.699951171875,1302.0999755859375,1268.0,1270.8499755859375,14230
2025-03-10 13:15:00,1270.9000244140625,1283.5999755859375,1268.0,1272.0,25644
2025-03-11 09:15:00,1290.0,1290.0,1236.4000244140625,1250.0,20580
2025-03-11 13:15:00,1250.0,1254.25,1240.1500244140625,1245.0,23549
2025-03-12 09:15:00,1265.0,1265.0,1227.0999755859375,1234.8499755859375,13758
2025-03-12 13:15:00,1234.8499755859375,1250.0,1232.449951171875,1250.0,24935
2025-03-13 09:15:00,1240.5999755859375,1274.0,1227.550048828125,1256.5999755859375,242413
2025-03-13 13:15:00,1256.949951171875,1270.699951171875,1243.8499755859375,1260.75,32395
2025-03-17 09:15:00,1270.4000244140625,1278.4000244140625,1230.300048828125,1242.0999755859375,224065
2025-03-17 13:15:00,1242.0,1256.550048828125,1238.050048828125,1250.0999755859375,195079
2025-03-18 09:15:00,1250.1500244140625,1320.0,1250.1500244140625,1304.800048828125,96931
2025-03-18 13:15:00,1304.199951171875,1305.5,1291.5,1298.800048828125,52533
2025-03-19 09:15:00,1303.25,1315.6500244140625,1288.1500244140625,1290.0,139600
2025-03-19 13:15:00,1290.0,1292.550048828125,1284.0,1285.0,99932
2025-03-20 09:15:00,1300.6500244140625,1317.949951171875,1295.050048828125,1298.8499755859375,52410
2025-03-20 13:15:00,1299.8499755859375,1312.0,1298.1500244140625,1300.0,107305
2025-03-21 09:15:00,1307.75,1330.0,1303.25,1313.3499755859375,99780
2025-03-21 13:15:00,1313.300048828125,1313.949951171875,1298.0,1302.0999755859375,49771
2025-03-24 09:15:00,1301.0,1357.449951171875,1295.0,1348.0999755859375,624338
2025-03-24 13:15:00,1348.0999755859375,1364.550048828125,1340.050048828125,1360.0,110150
2025-03-25 09:15:00,1381.0,1381.0,1331.800048828125,1343.050048828125,25872
2025-03-25 13:15:00,1342.1500244140625,1346.0,1335.5999755859375,1339.0,25874
2025-03-26 09:15:00,1348.949951171875,1358.550048828125,1325.050048828125,1330.4000244140625,29240
2025-03-26 13:15:00,1330.3499755859375,1345.949951171875,1327.050048828125,1345.949951171875,39456
2025-03-27 09:15:00,1337.4000244140625,1367.5,1325.300048828125,1355.949951171875,278390
2025-03-27 13:15:00,1355.1500244140625,1390.0,1350.449951171875,1385.050048828125,168746
2025-03-28 09:15:00,1368.0,1455.0999755859375,1368.0,1452.6500244140625,139016
2025-03-28 13:15:00,1450.0,1450.0,1390.199951171875,1401.699951171875,148029
2025-04-01 09:15:00,1400.0,1417.199951171875,1360.1500244140625,1362.949951171875,44569
2025-04-01 13:15:00,1362.300048828125,1378.0,1356.6500244140625,1376.0,29686
2025-04-02 09:15:00,1370.0,1389.050048828125,1356.5,1366.1500244140625,24953
2025-04-02 13:15:00,1366.1500244140625,1377.0,1364.199951171875,1370.25,163492
2025-04-03 09:15:00,1370.0,1383.5,1363.25,1368.550048828125,16905
2025-04-03 13:15:00,1368.5999755859375,1390.0,1365.4000244140625,1390.0,21775
2025-04-04 09:15:00,1380.0,1436.300048828125,1375.0,1417.3499755859375,1379817
2025-04-04 13:15:00,1418.0,1422.0,1395.9000244140625,1404.8499755859375,475378
2025-04-07 09:15:00,1380.3499755859375,1419.449951171875,1366.9000244140625,1403.5,209144
2025-04-07 13:15:00,1402.5,1410.0,1390.0,1397.949951171875,105171
2025-04-08 09:15:00,1458.0,1516.800048828125,1430.0,1499.949951171875,512204
2025-04-08 13:15:00,1499.5999755859375,1500.050048828125,1475.0,1479.6500244140625,228622
2025-04-09 09:15:00,1480.0,1516.4000244140625,1466.300048828125,1489.8499755859375,131296
2025-04-09 13:15:00,1490.0,1490.0,1480.5999755859375,1484.949951171875,97957
2025-04-11 09:15:00,1502.3499755859375,1535.0,1491.300048828125,1522.199951171875,127964
2025-04-11 13:15:00,1522.1500244140625,1549.699951171875,1511.0,1530.8499755859375,151857
2025-04-15 09:15:00,1562.5,1577.0,1510.4000244140625,1544.5,76587
2025-04-15 13:15:00,1545.0,1575.0,1539.0,1565.199951171875,67215
2025-04-16 09:15:00,1526.0,1569.4000244140625,1513.9000244140625,1517.9000244140625,190516
2025-04-16 13:15:00,1517.9000244140625,1517.9000244140625,1502.800048828125,1510.0,88038
2025-04-17 09:15:00,1512.0,1512.0,1496.699951171875,1500.300048828125,50148
2025-04-17 13:15:00,1500.300048828125,1506.0,1500.0,1503.199951171875,32077
2025-04-21 09:15:00,1518.199951171875,1518.199951171875,1487.0,1490.0,76070
2025-04-21 13:15:00,1489.800048828125,1490.800048828125,1488.0,1490.0,47567
2025-04-22 09:15:00,1489.800048828125,1489.800048828125,1449.0,1449.5999755859375,62225
2025-04-22 13:15:00,1449.5999755859375,1451.0999755859375,1437.9000244140625,1440.0,60564
2025-04-23 09:15:00,1457.0,1466.800048828125,1432.199951171875,1458.5,43355
2025-04-23 13:15:00,1458.699951171875,1460.0999755859375,1443.699951171875,1448.0,38935
2025-04-24 09:15:00,1456.5,1456.5,1429.0999755859375,1441.0999755859375,55686
2025-04-24 13:15:00,1441.199951171875,1448.800048828125,1427.0,1435.5,59378
2025-04-25 09:15:00,1429.5,1429.5,1383.199951171875,1399.0,29558
2025-04-25 13:15:00,1399.5999755859375,1411.4000244140625,1369.300048828125,1397.0999755859375,99829
2025-04-28 09:15:00,1388.5999755859375,1399.0999755859375,1370.0,1389.0999755859375,17634
2025-04-28 13:15:00,1388.300048828125,1394.9000244140625,1373.0,1383.5,44737
2025-04-29 09:15:00,1375.0,1385.5,1350.0,1353.0999755859375,41774
2025-04-29 13:15:00,1353.0999755859375,1360.0,1352.4000244140625,1357.300048828125,58710
2025-04-30 09:15:00,1365.0,1417.800048828125,1357.300048828125,1402.5999755859375,132802
2025-04-30 13:15:00,1402.5999755859375,1402.5999755859375,1373.800048828125,1373.800048828125,80056
2025-05-02 09:15:00,1390.0999755859375,1408.9000244140625,1354.0999755859375,1371.5,24135
2025-05-02 13:15:00,1371.199951171875,1375.4000244140625,1356.0999755859375,1360.199951171875,71024
2025-05-05 09:15:00,1360.0,1375.800048828125,1338.0,1343.0,32320
2025-05-05 13:15:00,1343.699951171875,1350.0,1341.0999755859375,1350.0,24871
2025-05-06 09:15:00,1336.0999755859375,1370.0,1312.199951171875,1363.300048828125,106134
2025-05-06 13:15:00,1363.0,1366.699951171875,1353.800048828125,1358.800048828125,62078
2025-05-07 09:15:00,1349.9000244140625,1355.4000244140625,1326.0,1340.800048828125,14486
2025-05-07 13:15:00,1340.800048828125,1365.0,1339.0,1361.0999755859375,47252
2025-05-08 09:15:00,1370.9000244140625,1378.800048828125,1356.300048828125,1371.5,50342
2025-05-08 13:15:00,1371.199951171875,1371.5999755859375,1329.0999755859375,1330.0999755859375,31664
2025-05-09 09:15:00,1304.0,1345.800048828125,1304.0,1338.9000244140625,217070
2025-05-09 13:15:00,1338.9000244140625,1348.4000244140625,1331.300048828125,1343.5,20690
2025-05-12 09:15:00,1370.4000244140625,1371.0999755859375,1348.699951171875,1349.5,35681
2025-05-12 13:15:00,1349.5,1355.9000244140625,1346.0999755859375,1354.0,18203
2025-05-13 09:15:00,1360.5,1371.300048828125,1345.5,1347.800048828125,58990
2025-05-13 13:15:00,1347.800048828125,1364.9000244140625,1344.0,1359.9000244140625,35139
2025-05-14 09:15:00,1358.0999755859375,1379.0,1348.699951171875,1363.0,110144
2025-05-14 13:15:00,1363.5,1383.0,1363.5,1377.9000244140625,82402
2025-05-15 09:15:00,1389.9000244140625,1394.300048828125,1369.0999755859375,1382.699951171875,89837
2025-05-15 13:15:00,1384.0,1390.0,1382.0,1387.199951171875,43887
2025-05-16 09:15:00,1401.5999755859375,1401.5999755859375,1371.0,1382.5,44394
2025-05-16 13:15:00,1382.0999755859375,1385.9000244140625,1363.0,1367.800048828125,50305
2025-05-19 09:15:00,1362.300048828125,1364.9000244140625,1349.300048828125,1360.0,29625
2025-05-19 13:15:00,1360.0,1360.699951171875,1352.0999755859375,1354.800048828125,26986
2025-05-20 09:15:00,1358.0,1366.5999755859375,1345.0,1346.199951171875,29618
2025-05-20 13:15:00,1346.199951171875,1352.699951171875,1342.4000244140625,1347.0999755859375,36319
2025-05-21 09:15:00,1347.300048828125,1358.699951171875,1332.0,1336.199951171875,41809
2025-05-21 13:15:00,1336.199951171875,1339.5,1330.5999755859375,1333.9000244140625,36188
2025-05-22 09:15:00,1333.9000244140625,1339.9000244140625,1313.0999755859375,1327.5,67159
2025-05-22 13:15:00,1328.0,1357.9000244140625,1325.0999755859375,1355.0,111844
2025-05-23 09:15:00,1368.9000244140625,1368.9000244140625,1348.699951171875,1358.4000244140625,30216
2025-05-23 13:15:00,1356.4000244140625,1359.5999755859375,1350.0,1352.300048828125,15315
2025-05-26 09:15:00,1353.0,1357.9000244140625,1318.0,1353.0999755859375,34003
2025-05-26 13:15:00,1353.0999755859375,1359.699951171875,1341.0,1357.5,53192
2025-05-27 09:15:00,1349.0,1400.199951171875,1338.300048828125,1391.5,209459
2025-05-27 13:15:00,1392.5,1412.9000244140625,1391.0999755859375,1401.0,222791
2025-05-28 09:15:00,1409.5999755859375,1419.699951171875,1399.699951171875,1406.0,60914
2025-05-28 13:15:00,1405.9000244140625,1411.699951171875,1400.199951171875,1405.0,94567
2025-05-29 09:15:00,1419.800048828125,1424.0,1401.699951171875,1406.0,73651
2025-05-29 13:15:00,1405.9000244140625,1408.4000244140625,1392.0999755859375,1394.0,58099
2025-05-30 09:15:00,1405.0,1445.0,1395.0999755859375,1415.5,179471
2025-05-30 13:15:00,1415.5999755859375,1417.0,1388.0,1394.4000244140625,66718
2025-06-02 09:15:00,1409.5999755859375,1417.0,1391.5,1411.5,26099
2025-06-02 13:15:00,1410.0999755859375,1412.0,1355.0,1372.0,139190
2025-06-03 09:15:00,1379.5999755859375,1416.9000244140625,1376.0999755859375,1403.9000244140625,55122
2025-06-03 13:15:00,1402.800048828125,1407.5999755859375,1395.5999755859375,1402.0,39601
2025-06-04 09:15:00,1400.0,1407.9000244140625,1387.4000244140625,1397.0,107256
2025-06-04 13:15:00,1397.4000244140625,1399.9000244140625,1389.800048828125,1390.0,41349
2025-06-05 09:15:00,1392.0,1427.4000244140625,1378.699951171875,1422.0999755859375,68151
2025-06-05 13:15:00,1421.4000244140625,1436.800048828125,1416.4000244140625,1430.0,108044
2025-06-06 09:15:00,1440.0,1440.0,1411.0,1413.0999755859375,75524
2025-06-06 13:15:00,1414.0,1417.199951171875,1410.0,1414.199951171875,38178
2025-06-09 09:15:00,1415.0,1417.300048828125,1404.699951171875,1407.5999755859375,25036
2025-06-09 13:15:00,1408.199951171875,1412.0,1406.0999755859375,1410.4000244140625,28654
2025-06-10 09:15:00,1405.0999755859375,1422.800048828125,1405.0999755859375,1415.699951171875,114196
2025-06-10 13:15:00,1415.699951171875,1421.5,1410.0999755859375,1417.0999755859375,69840
2025-06-11 09:15:00,1424.800048828125,1424.800048828125,1386.300048828125,1390.0,54745
2025-06-11 13:15:00,1390.0,1399.9000244140625,1376.5,1380.0,103265
2025-06-12 09:15:00,1392.9000244140625,1468.300048828125,1388.0,1445.800048828125,349406
2025-06-12 13:15:00,1445.0,1470.0,1440.0,1450.0,331874
2025-06-13 09:15:00,1447.4000244140625,1447.4000244140625,1411.0,1412.4000244140625,93856
2025-06-13 13:15:00,1412.300048828125,1426.199951171875,1412.0,1421.5999755859375,24372
2025-06-16 09:15:00,1422.0,1447.4000244140625,1412.199951171875,1445.199951171875,51385
2025-06-16 13:15:00,1446.0,1455.0,1444.300048828125,1450.4000244140625,21510
2025-06-17 09:15:00,1450.4000244140625,1451.199951171875,1419.5,1423.9000244140625,104834
2025-06-17 13:15:00,1423.199951171875,1435.0999755859375,1412.699951171875,1430.0,57219
2025-06-18 09:15:00,1423.199951171875,1459.0,1423.0999755859375,1449.199951171875,117236
2025-06-18 13:15:00,1447.199951171875,1478.0,1445.699951171875,1458.9000244140625,242506
2025-06-19 09:15:00,1457.0,1461.199951171875,1443.699951171875,1449.5999755859375,57522
2025-06-19 13:15:00,1449.5,1450.800048828125,1438.0,1440.199951171875,37054
2025-06-20 09:15:00,1440.199951171875,1460.0,1434.800048828125,1455.0,19270
2025-06-20 13:15:00,1455.0,1459.0,1445.0999755859375,1449.0,62138
2025-06-23 09:15:00,1450.0,1481.0,1450.0,1475.0,52125
2025-06-23 13:15:00,1474.699951171875,1477.300048828125,1466.5,1471.5999755859375,74284
2025-06-24 09:15:00,1480.0,1480.0,1432.300048828125,1450.0,184157
2025-06-24 13:15:00,1450.0,1451.5,1437.199951171875,1440.0,113312
2025-06-25 09:15:00,1454.0,1490.0,1447.199951171875,1485.199951171875,51338
2025-06-25 13:15:00,1485.699951171875,1492.800048828125,1468.4000244140625,1475.0,88212
2025-06-26 09:15:00,1486.800048828125,1529.800048828125,1481.300048828125,1528.300048828125,135210
2025-06-26 13:15:00,1525.0999755859375,1530.0,1504.0,1506.4000244140625,82877
2025-06-27 09:15:00,1523.0,1530.9000244140625,1501.300048828125,1513.0,19294
2025-06-27 13:15:00,1513.0999755859375,1514.800048828125,1500.0,1513.199951171875,32634
2025-06-30 09:15:00,1524.0,1532.5999755859375,1516.5,1529.0,20477
2025-06-30 13:15:00,1529.0999755859375,1570.4000244140625,1527.699951171875,1562.0,124239
2025-07-01 09:15:00,1572.300048828125,1573.0,1528.0999755859375,1530.9000244140625,37901
2025-07-01 13:15:00,1530.800048828125,1590.0,1526.300048828125,1548.0,130711
2025-07-02 09:15:00,1564.0,1564.0,1505.9000244140625,1514.4000244140625,327379
2025-07-02 13:15:00,1513.699951171875,1527.0,1510.0,1513.9000244140625,142379
2025-07-03 09:15:00,1521.0999755859375,1570.4000244140625,1514.300048828125,1565.0999755859375,96319
2025-07-03 13:15:00,1565.199951171875,1594.300048828125,1563.0,1571.0,172874
2025-07-04 09:15:00,1591.4000244140625,1624.0,1571.800048828125,1621.199951171875,156724
2025-07-04 13:15:00,1621.300048828125,1638.699951171875,1588.699951171875,1599.4000244140625,159585
2025-07-07 09:15:00,1604.5,1604.5,1552.0999755859375,1562.0999755859375,67530
2025-07-07 13:15:00,1562.5999755859375,1579.300048828125,1556.800048828125,1566.699951171875,20387
2025-07-08 09:15:00,1561.0,1575.9000244140625,1535.0,1541.0999755859375,67522
2025-07-08 13:15:00,1541.300048828125,1546.0,1533.0,1540.699951171875,19226
2025-07-09 09:15:00,1536.5,1547.0999755859375,1523.0,1528.699951171875,67603
2025-07-09 13:15:00,1528.699951171875,1530.0,1521.0999755859375,1525.800048828125,18500
2025-07-10 09:15:00,1525.800048828125,1538.5999755859375,1518.4000244140625,1520.5999755859375,120989
2025-07-10 13:15:00,1521.0,1543.300048828125,1520.0,1531.4000244140625,49724
2025-07-11 09:15:00,1531.4000244140625,1581.5999755859375,1531.4000244140625,1534.800048828125,53264
2025-07-11 13:15:00,1534.9000244140625,1535.800048828125,1522.699951171875,1527.199951171875,33742
2025-07-14 09:15:00,1537.800048828125,1537.800048828125,1511.5,1523.199951171875,239853
2025-07-14 13:15:00,1523.699951171875,1540.5,1519.699951171875,1540.0,25393
2025-07-15 09:15:00,1545.5,1555.199951171875,1530.0999755859375,1534.0,86333
2025-07-15 13:15:00,1533.199951171875,1537.0,1517.0999755859375,1521.0,76574
2025-07-16 09:15:00,1529.0,1560.0,1520.4000244140625,1546.9000244140625,66872
2025-07-16 13:15:00,1547.9000244140625,1549.699951171875,1533.800048828125,1542.5999755859375,33080
2025-07-17 09:15:00,1553.9000244140625,1553.9000244140625,1528.0,1539.0999755859375,67630
2025-07-17 13:15:00,1539.0999755859375,1544.300048828125,1528.199951171875,1532.4000244140625,45492
2025-07-18 09:15:00,1544.5999755859375,1544.5999755859375,1519.0,1533.4000244140625,88903
2025-07-18 13:15:00,1533.0,1537.5,1523.0999755859375,1526.5,31717
2025-07-21 09:15:00,1533.9000244140625,1533.9000244140625,1500.300048828125,1505.0999755859375,28268
2025-07-21 13:15:00,1504.5,1510.800048828125,1502.800048828125,1506.0999755859375,37559
2025-07-22 09:15:00,1510.0,1533.300048828125,1509.5,1524.5999755859375,178634
2025-07-22 13:15:00,1525.5999755859375,1540.699951171875,1518.300048828125,1520.9000244140625,49668
2025-07-23 09:15:00,1524.9000244140625,1540.0,1516.699951171875,1520.4000244140625,88861
2025-07-23 13:15:00,1520.699951171875,1538.5,1519.0,1534.5,93598
2025-07-24 09:15:00,1535.9000244140625,1628.0,1527.9000244140625,1620.9000244140625,637564
2025-07-24 13:15:00,1619.5999755859375,1644.5999755859375,1618.0999755859375,1619.800048828125,400140
2025-07-25 09:15:00,1617.9000244140625,1619.800048828125,1562.4000244140625,1565.9000244140625,131534
2025-07-25 13:15:00,1565.5999755859375,1566.199951171875,1539.9000244140625,1556.699951171875,116336
2025-07-28 09:15:00,1542.0,1567.9000244140625,1528.800048828125,1533.0999755859375,23531
2025-07-28 13:15:00,1532.199951171875,1546.5999755859375,1530.5999755859375,1540.800048828125,32585
2025-07-29 09:15:00,1527.800048828125,1561.5999755859375,1524.699951171875,1547.699951171875,42579
2025-07-29 13:15:00,1547.0999755859375,1547.800048828125,1519.800048828125,1530.0,35868
2025-07-30 09:15:00,1531.199951171875,1548.199951171875,1520.0,1525.0,59782
2025-07-30 13:15:00,1525.0,1526.300048828125,1514.4000244140625,1517.0,20874
2025-07-31 09:15:00,1515.800048828125,1532.4000244140625,1499.9000244140625,1518.9000244140625,35208
2025-07-31 13:15:00,1517.9000244140625,1530.0,1507.9000244140625,1510.199951171875,52838
2025-08-01 09:15:00,1525.0,1539.5999755859375,1522.0,1534.199951171875,167319
2025-08-01 13:15:00,1534.0999755859375,1536.0999755859375,1525.0,1526.5999755859375,8264
2025-08-04 09:15:00,1548.9000244140625,1548.9000244140625,1498.699951171875,1511.5,37103
2025-08-04 13:15:00,1511.5,1513.0,1488.5999755859375,1502.199951171875,85505
2025-08-05 09:15:00,1503.0,1519.0,1475.699951171875,1481.800048828125,94971
2025-08-05 13:15:00,1482.0,1513.4000244140625,1477.0,1502.699951171875,247315
2025-08-06 09:15:00,1498.0,1512.0999755859375,1474.199951171875,1483.800048828125,29724
2025-08-06 13:15:00,1483.4000244140625,1489.5,1478.0999755859375,1484.4000244140625,10325
2025-08-07 09:15:00,1477.0,1489.0,1464.0,1487.699951171875,31949
2025-08-07 13:15:00,1488.699951171875,1488.699951171875,1475.0,1479.9000244140625,21857
2025-08-08 09:15:00,1490.5,1490.5,1452.0999755859375,1461.300048828125,55596
2025-08-08 13:15:00,1461.300048828125,1489.0,1455.0,1488.9000244140625,103271
2025-08-11 09:15:00,1481.0,1508.9000244140625,1465.800048828125,1505.0,43200
2025-08-11 13:15:00,1505.0,1509.0,1498.300048828125,1503.9000244140625,38186
2025-08-12 09:15:00,1521.4000244140625,1547.699951171875,1512.5999755859375,1540.199951171875,73177
2025-08-12 13:15:00,1540.199951171875,1540.4000244140625,1532.300048828125,1536.0,28006
2025-08-13 09:15:00,1541.0,1569.0,1537.5999755859375,1548.5,159580
2025-08-13 13:15:00,1548.699951171875,1550.5999755859375,1545.800048828125,1548.199951171875,11426
2025-08-14 09:15:00,1561.4000244140625,1562.5999755859375,1528.0999755859375,1541.0,120468
2025-08-14 13:15:00,1542.0999755859375,1560.699951171875,1541.0999755859375,1544.0,29333
2025-08-18 09:15:00,1555.0999755859375,1583.5999755859375,1547.0,1567.800048828125,38162
2025-08-18 13:15:00,1567.300048828125,1570.5999755859375,1550.800048828125,1565.0,18050
2025-08-19 09:15:00,1577.5999755859375,1591.300048828125,1559.300048828125,1565.5999755859375,43367
2025-08-19 13:15:00,1564.4000244140625,1578.0,1561.0,1568.0,49940
2025-08-20 09:15:00,1577.4000244140625,1585.0,1570.5999755859375,1576.0,9555
2025-08-20 13:15:00,1576.0,1583.4000244140625,1574.300048828125,1576.0,12256
2025-08-21 09:15:00,1580.0999755859375,1591.0,1570.199951171875,1588.800048828125,29985
2025-08-21 13:15:00,1589.5,1590.0999755859375,1585.0,1586.0,29111
2025-08-22 09:15:00,1586.300048828125,1591.699951171875,1561.0999755859375,1582.5999755859375,25592
2025-08-22 13:15:00,1582.5999755859375,1586.5999755859375,1566.300048828125,1572.0,13210
2025-08-25 09:15:00,1577.300048828125,1577.300048828125,1532.5,1535.5999755859375,23179
2025-08-25 13:15:00,1535.0,1539.0999755859375,1520.0,1528.800048828125,67202
2025-08-26 09:15:00,1514.5999755859375,1518.5999755859375,1497.800048828125,1508.0,32821
2025-08-26 13:15:00,1506.699951171875,1527.699951171875,1505.0,1505.0,54915
2025-08-28 09:15:00,1499.199951171875,1502.300048828125,1488.699951171875,1491.199951171875,10848
2025-08-28 13:15:00,1491.0999755859375,1501.199951171875,1488.0,1496.199951171875,12009
2025-08-29 09:15:00,1506.5,1514.300048828125,1494.5,1506.0,18657
2025-08-29 13:15:00,1506.699951171875,1514.5,1491.199951171875,1491.800048828125,44882
2025-09-01 09:15:00,1513.5,1513.5,1480.0999755859375,1502.0,54642
2025-09-01 13:15:00,1502.0,1507.9000244140625,1496.4000244140625,1505.5,27622
2025-09-02 09:15:00,1505.0,1509.4000244140625,1491.0,1505.0999755859375,6349
2025-09-02 13:15:00,1505.0999755859375,1509.800048828125,1492.300048828125,1506.199951171875,22291
2025-09-03 09:15:00,1515.0,1525.699951171875,1497.0,1510.0,125076
2025-09-03 13:15:00,1510.0,1511.0,1503.0,1507.699951171875,224807
2025-09-04 09:15:00,1530.0,1533.4000244140625,1510.0,1520.800048828125,34077
2025-09-04 13:15:00,1520.9000244140625,1521.800048828125,1516.5999755859375,1518.0999755859375,25633
2025-09-05 09:15:00,1519.5,1524.0,1497.0,1498.9000244140625,12499
2025-09-05 13:15:00,1499.0999755859375,1516.300048828125,1497.0,1510.4000244140625,38082
2025-09-08 09:15:00,1510.0,1510.0,1479.9000244140625,1480.0999755859375,323309
2025-09-08 13:15:00,1481.0,1486.800048828125,1480.0,1480.0,28740
2025-09-09 09:15:00,1505.800048828125,1505.800048828125,1474.800048828125,1480.300048828125,78497
2025-09-09 13:15:00,1480.0,1486.4000244140625,1479.800048828125,1480.0,76072
2025-09-10 09:15:00,1500.0,1501.800048828125,1480.0,1490.4000244140625,76443
2025-09-10 13:15:00,1490.9000244140625,1494.800048828125,1483.0999755859375,1485.0,17311
2025-09-11 09:15:00,1505.0,1505.0,1478.9000244140625,1481.199951171875,31177
2025-09-11 13:15:00,1481.199951171875,1490.4000244140625,1480.0,1490.4000244140625,36206
2025-09-12 09:15:00,1499.0,1499.0,1457.0999755859375,1461.800048828125,72409
2025-09-12 13:15:00,1461.699951171875,1471.800048828125,1442.4000244140625,1450.0,114094
2025-09-15 09:15:00,1451.0,1457.0999755859375,1440.0,1442.4000244140625,191216
2025-09-15 13:15:00,1442.0999755859375,1464.0,1440.5,1455.300048828125,59492
2025-09-16 09:15:00,1456.5999755859375,1464.0,1451.5,1456.5,16787
2025-09-16 13:15:00,1456.5,1457.0999755859375,1452.4000244140625,1454.0999755859375,5537
2025-09-17 09:15:00,1472.199951171875,1472.199951171875,1448.199951171875,1448.199951171875,28931
2025-09-17 13:15:00,1448.300048828125,1465.0,1441.0,1455.0,52555
2025-09-18 09:15:00,1455.0,1469.800048828125,1445.5,1449.800048828125,19810
2025-09-18 13:15:00,1449.9000244140625,1451.0,1447.0,1449.0999755859375,10558
2025-09-19 09:15:00,1451.9000244140625,1451.9000244140625,1423.199951171875,1425.0999755859375,57750
2025-09-19 13:15:00,1425.0999755859375,1426.0999755859375,1416.0999755859375,1417.0,55344
2025-09-22 09:15:00,1418.800048828125,1418.800048828125,1405.0999755859375,1408.0,26311
2025-09-22 13:15:00,1408.0,1413.5999755859375,1396.0,1411.5,53518
2025-09-23 09:15:00,1419.0,1419.0,1396.300048828125,1399.9000244140625,90153
2025-09-23 13:15:00,1399.9000244140625,1417.9000244140625,1393.300048828125,1412.5,71556
2025-09-24 09:15:00,1416.199951171875,1417.5,1398.0,1398.0,14819
2025-09-24 13:15:00,1398.0,1400.0,1390.0,1390.199951171875,24869
2025-09-25 09:15:00,1397.199951171875,1397.199951171875,1387.0,1391.9000244140625,14684
2025-09-25 13:15:00,1392.0,1393.0999755859375,1383.0,1385.0,24078
2025-09-26 09:15:00,1382.5999755859375,1382.5999755859375,1337.0999755859375,1351.0999755859375,81512
2025-09-26 13:15:00,1351.0999755859375,1369.0,1345.0,1361.800048828125,47417
2025-09-29 09:15:00,1365.0,1369.199951171875,1348.0999755859375,1349.9000244140625,18596
2025-09-29 13:15:00,1349.9000244140625,1361.5999755859375,1330.699951171875,1350.0,46580
2025-09-30 09:15:00,1350.0999755859375,1367.0,1342.5,1361.800048828125,41816
2025-09-30 13:15:00,1362.0999755859375,1363.699951171875,1350.5,1350.5,67649
2025-10-01 09:15:00,1356.0,1356.0,1335.5,1345.199951171875,150303
2025-10-01 13:15:00,1345.0,1356.5,1340.0,1343.5999755859375,125459
2025-10-03 09:15:00,1350.300048828125,1373.5,1338.9000244140625,1341.800048828125,47583
2025-10-03 13:15:00,1341.800048828125,1361.5,1335.5999755859375,1354.199951171875,51812
2025-10-06 09:15:00,1364.0,1364.0,1325.300048828125,1331.0999755859375,116417
2025-10-06 13:15:00,1330.4000244140625,1332.800048828125,1326.0,1328.9000244140625,78086
2025-10-07 09:15:00,1332.0999755859375,1353.199951171875,1330.0,1336.699951171875,225729
2025-10-07 13:15:00,1336.9000244140625,1344.0,1328.0,1331.0,304840
2025-10-08 09:15:00,1342.300048828125,1356.5999755859375,1319.5,1319.5,98239
2025-10-08 13:15:00,1319.9000244140625,1320.9000244140625,1308.0,1310.0,62129
2025-10-09 09:15:00,1318.9000244140625,1323.9000244140625,1302.699951171875,1320.0,662838
2025-10-09 13:15:00,1320.0,1325.5,1318.0,1319.0,238085
2025-10-10 09:15:00,1325.9000244140625,1360.9000244140625,1320.300048828125,1345.0,204141
2025-10-10 13:15:00,1345.800048828125,1349.9000244140625,1340.0,1346.0,113776
2025-10-13 09:15:00,1346.5,1350.4000244140625,1334.0,1337.300048828125,130207
2025-10-13 13:15:00,1337.300048828125,1339.5999755859375,1327.9000244140625,1332.0,44832
2025-10-14 09:15:00,1340.0999755859375,1340.0999755859375,1326.199951171875,1332.699951171875,21288
2025-10-14 13:15:00,1332.699951171875,1333.5999755859375,1325.5,1330.0,74625
2025-10-15 09:15:00,1330.300048828125,1340.5,1321.300048828125,1322.699951171875,36011
2025-10-15 13:15:00,1322.4000244140625,1329.0,1319.0,1326.9000244140625,40362
2025-10-16 09:15:00,1330.0,1334.300048828125,1314.0,1317.0,30082
2025-10-16 13:15:00,1316.300048828125,1321.5,1309.9000244140625,1319.0999755859375,334220
2025-10-17 09:15:00,1335.0999755859375,1362.0,1328.0,1354.5,203669
2025-10-17 13:15:00,1354.0,1355.0,1346.5,1348.800048828125,94215
2025-10-20 09:15:00,1369.0999755859375,1375.300048828125,1328.5999755859375,1334.0,105729
2025-10-20 13:15:00,1334.0,1343.9000244140625,1333.300048828125,1340.0,149924
2025-10-21 13:15:00,1363.9000244140625,1378.0,1352.0,1360.0,79083
2025-10-23 09:15:00,1375.699951171875,1397.0999755859375,1357.0,1359.0,93665
2025-10-23 13:15:00,1359.0,1364.0999755859375,1359.0,1360.5999755859375,194742
2025-10-24 09:15:00,1370.0,1371.300048828125,1351.5999755859375,1365.0,167996
2025-10-24 13:15:00,1365.0999755859375,1369.0999755859375,1362.199951171875,1365.0,120753
2025-10-27 09:15:00,1373.800048828125,1373.800048828125,1345.0999755859375,1359.0999755859375,186090
2025-10-27 13:15:00,1359.4000244140625,1363.0999755859375,1357.300048828125,1359.9000244140625,108427
2025-10-28 09:15:00,1370.0,1388.300048828125,1363.5,1372.5,23049
2025-10-28 13:15:00,1370.699951171875,1380.0,1370.5,1377.0999755859375,28836
2025-10-29 09:15:00,1380.0,1392.0,1371.300048828125,1385.199951171875,24452
2025-10-29 13:15:00,1385.0,1394.0,1384.800048828125,1388.5999755859375,31917
2025-10-30 09:15:00,1378.9000244140625,1385.800048828125,1371.5,1380.9000244140625,21914
2025-10-30 13:15:00,1380.300048828125,1383.4000244140625,1379.0,1380.4000244140625,24507
2025-10-31 09:15:00,1378.4000244140625,1379.9000244140625,1360.199951171875,1364.300048828125,20916
2025-10-31 13:15:00,1364.5999755859375,1372.9000244140625,1364.0999755859375,1372.9000244140625,51170
2025-11-03 09:15:00,1375.0,1383.9000244140625,1358.5,1372.9000244140625,60453
2025-11-03 13:15:00,1371.300048828125,1382.199951171875,1370.199951171875,1375.5999755859375,61311
2025-11-04 09:15:00,1384.9000244140625,1395.9000244140625,1372.199951171875,1391.699951171875,51531
2025-11-04 13:15:00,1391.800048828125,1393.0999755859375,1387.0,1392.0,119830
2025-11-06 09:15:00,1398.9000244140625,1398.9000244140625,1378.5,1380.0,77127
2025-11-06 13:15:00,1381.199951171875,1381.199951171875,1360.4000244140625,1365.0,38889
2025-11-07 09:15:00,1361.199951171875,1381.9000244140625,1342.0,1377.0,36161
2025-11-07 13:15:00,1377.0,1378.0,1371.0,1373.5,25181
2025-11-10 09:15:00,1378.5,1378.5,1339.0,1347.0999755859375,77294
2025-11-10 13:15:00,1347.0999755859375,1353.9000244140625,1338.300048828125,1353.9000244140625,150228
2025-11-11 09:15:00,1352.0999755859375,1361.800048828125,1338.0,1360.0,14860
2025-11-11 13:15:00,1360.0999755859375,1360.0999755859375,1342.4000244140625,1358.0,55318
2025-11-12 09:15:00,1365.0,1365.0,1350.0,1353.5999755859375,52526
2025-11-12 13:15:00,1353.699951171875,1361.5,1352.4000244140625,1361.5,37242
2025-11-13 09:15:00,1360.0,1367.699951171875,1345.0,1352.0999755859375,32989
2025-11-13 13:15:00,1351.9000244140625,1359.699951171875,1351.699951171875,1359.699951171875,25637
2025-11-14 09:15:00,1345.0999755859375,1345.0999755859375,1327.0,1337.5,66190
2025-11-14 13:15:00,1337.5,1344.699951171875,1336.5999755859375,1341.5,70601
2025-11-17 09:15:00,1350.0,1350.0,1294.0999755859375,1310.0,111421
2025-11-17 13:15:00,1310.0,1316.4000244140625,1302.0999755859375,1306.0,257703
2025-11-18 09:15:00,1309.5,1309.5,1279.0,1300.0,200075
2025-11-18 13:15:00,1300.0,1302.0,1296.5,1300.4000244140625,93766
2025-11-19 09:15:00,1300.5,1341.5999755859375,1297.4000244140625,1334.9000244140625,99718
2025-11-19 13:15:00,1334.5,1346.5999755859375,1330.800048828125,1335.300048828125,80912
2025-11-20 09:15:00,1337.5999755859375,1340.0,1330.0,1337.199951171875,13567
2025-11-20 13:15:00,1337.0,1342.199951171875,1336.5999755859375,1337.4000244140625,14175
2025-11-21 09:15:00,1340.0,1343.9000244140625,1315.5,1326.9000244140625,36280
2025-11-21 13:15:00,1325.800048828125,1335.0,1324.5999755859375,1332.0,82035
2025-11-24 09:15:00,1343.800048828125,1343.800048828125,1326.199951171875,1332.699951171875,29765
2025-11-24 13:15:00,1334.0,1355.0,1331.4000244140625,1350.0,83665
2025-11-25 09:15:00,1348.9000244140625,1348.9000244140625,1322.0,1345.0,39484
2025-11-25 13:15:00,1345.0,1350.199951171875,1343.9000244140625,1346.300048828125,45187
2025-11-26 09:15:00,1343.4000244140625,1351.0,1331.5,1350.0999755859375,88068
2025-11-26 13:15:00,1350.0999755859375,1352.5,1348.0,1351.4000244140625,39102
2025-11-27 09:15:00,1355.699951171875,1356.9000244140625,1338.300048828125,1355.9000244140625,22614
2025-11-27 13:15:00,1355.9000244140625,1360.9000244140625,1352.199951171875,1355.0,85487
2025-11-28 09:15:00,1350.0,1353.9000244140625,1332.0,1351.4000244140625,36823
2025-11-28 13:15:00,1351.4000244140625,1353.199951171875,1351.0,1351.300048828125,28814
2025-12-01 09:15:00,1342.199951171875,1349.0,1322.0,1326.0,62280
2025-12-01 13:15:00,1326.0,1330.300048828125,1325.0,1329.0,65560
2025-12-02 09:15:00,1339.0,1339.0,1322.5999755859375,1332.5999755859375,23286
2025-12-02 13:15:00,1331.300048828125,1338.0,1331.0,1335.4000244140625,13664
2025-12-03 09:15:00,1340.5999755859375,1360.0,1335.4000244140625,1349.800048828125,27145
2025-12-03 13:15:00,1349.699951171875,1352.0,1343.0,1348.0,29287
2025-12-04 09:15:00,1358.9000244140625,1358.9000244140625,1344.0999755859375,1350.0,10144
2025-12-04 13:15:00,1349.199951171875,1352.5,1344.0,1347.5999755859375,21826
2025-12-05 09:15:00,1330.0,1350.0,1330.0,1343.5,14628
2025-12-05 13:15:00,1343.5,1358.9000244140625,1338.9000244140625,1350.9000244140625,40376
2025-12-08 09:15:00,1354.0,1354.0999755859375,1330.0999755859375,1340.0,34070
2025-12-08 13:15:00,1340.0,1352.5999755859375,1336.5,1344.4000244140625,34029
2025-12-09 09:15:00,1340.0999755859375,1351.0,1324.9000244140625,1348.800048828125,59908
2025-12-09 13:15:00,1347.9000244140625,1356.5999755859375,1344.4000244140625,1351.800048828125,22485
2025-12-10 09:15:00,1350.0,1356.199951171875,1342.199951171875,1355.0,22947
2025-12-10 13:15:00,1355.0,1367.9000244140625,1350.0,1365.0,53434
2025-12-11 09:15:00,1365.0,1368.9000244140625,1351.800048828125,1367.4000244140625,19550
2025-12-11 13:15:00,1368.300048828125,1379.0,1366.300048828125,1377.9000244140625,336083
2025-12-12 09:15:00,1381.0,1387.800048828125,1374.5,1382.199951171875,27905
2025-12-12 13:15:00,1383.0999755859375,1388.0,1380.0999755859375,1386.5999755859375,43928
2025-12-15 09:15:00,1383.5,1383.5,1346.5,1348.4000244140625,65655
2025-12-15 13:15:00,1348.699951171875,1369.300048828125,1345.0,1362.0,76210
2025-12-16 09:15:00,1365.0999755859375,1365.0999755859375,1335.0,1338.0,14242
2025-12-16 13:15:00,1336.800048828125,1338.9000244140625,1331.4000244140625,1335.0999755859375,25881
2025-12-17 09:15:00,1330.0999755859375,1334.9000244140625,1310.0999755859375,1316.300048828125,14565
2025-12-17 13:15:00,1315.0999755859375,1317.0,1313.300048828125,1315.0,24862
2025-12-18 09:15:00,1301.0,1318.0,1288.300048828125,1315.9000244140625,14727
2025-12-18 13:15:00,1315.9000244140625,1329.300048828125,1311.9000244140625,1320.800048828125,46943
2025-12-19 09:15:00,1319.5999755859375,1321.9000244140625,1306.0,1308.9000244140625,8870
2025-12-19 13:15:00,1308.9000244140625,1340.0999755859375,1308.300048828125,1317.800048828125,48845
2025-12-22 09:15:00,1319.5,1358.9000244140625,1319.5,1354.800048828125,29850
2025-12-22 13:15:00,1353.699951171875,1363.699951171875,1349.300048828125,1360.0,33523
2025-12-23 09:15:00,1358.9000244140625,1360.0,1337.0,1355.0999755859375,16514
2025-12-23 13:15:00,1355.0,1363.5999755859375,1354.699951171875,1359.4000244140625,24029
2025-12-24 09:15:00,1361.0,1376.800048828125,1357.5999755859375,1360.0,19104
2025-12-24 13:15:00,1360.0,1363.5999755859375,1353.199951171875,1359.5,40814
2025-12-26 09:15:00,1351.0,1359.9000244140625,1335.0999755859375,1337.0,8486
2025-12-26 13:15:00,1337.0,1347.199951171875,1337.0,1345.0,20107
2025-12-29 09:15:00,1357.800048828125,1357.800048828125,1329.5,1334.0,19560
2025-12-29 13:15:00,1334.0,1335.0999755859375,1329.5,1330.0999755859375,12900
2025-12-30 09:15:00,1329.4000244140625,1329.4000244140625,1310.300048828125,1313.699951171875,38565
2025-12-30 13:15:00,1313.5999755859375,1329.0999755859375,1313.0,1318.0999755859375,41517
2025-12-31 09:15:00,1322.0,1325.0,1307.0,1320.199951171875,14360
2025-12-31 13:15:00,1320.300048828125,1321.5999755859375,1310.699951171875,1319.199951171875,26829
2026-01-01 09:15:00,1333.5,1333.5,1311.199951171875,1314.0,9355
2026-01-01 13:15:00,1313.199951171875,1319.9000244140625,1312.0,1313.4000244140625,10546
2026-01-02 09:15:00,1311.0,1327.0999755859375,1308.0999755859375,1325.9000244140625,55008
2026-01-02 13:15:00,1325.9000244140625,1326.0,1313.0999755859375,1313.0999755859375,18347
2026-01-05 09:15:00,1318.5,1318.5,1302.0999755859375,1315.199951171875,19162
2026-01-05 13:15:00,1315.199951171875,1317.4000244140625,1313.300048828125,1315.4000244140625,22849
2026-01-06 09:15:00,1324.800048828125,1324.800048828125,1305.0,1308.5999755859375,25590
2026-01-06 13:15:00,1308.4000244140625,1311.699951171875,1294.4000244140625,1295.199951171875,80263
2026-01-07 09:15:00,1294.0,1299.199951171875,1286.0,1291.5,12184
2026-01-07 13:15:00,1292.199951171875,1298.9000244140625,1290.0,1291.5,21234
2026-01-08 09:15:00,1292.0999755859375,1292.0999755859375,1270.0999755859375,1282.0999755859375,278945
2026-01-08 13:15:00,1282.5,1284.9000244140625,1280.199951171875,1282.0,72941
2026-01-09 09:15:00,1294.800048828125,1294.800048828125,1269.0,1272.300048828125,39401
2026-01-09 13:15:00,1272.800048828125,1274.4000244140625,1271.0999755859375,1274.0,36861
2026-01-12 09:15:00,1257.9000244140625,1276.0999755859375,1250.0999755859375,1260.0,24270
2026-01-12 13:15:00,1260.4000244140625,1266.4000244140625,1256.199951171875,1260.0,19524
2026-01-13 09:15:00,1262.4000244140625,1262.4000244140625,1245.0999755859375,1250.9000244140625,27162
2026-01-13 13:15:00,1250.9000244140625,1269.199951171875,1249.300048828125,1256.699951171875,36503
2026-01-14 09:15:00,1248.0,1267.699951171875,1245.199951171875,1265.0999755859375,59178
2026-01-14 13:15:00,1265.0999755859375,1265.800048828125,1250.0,1255.0,27859
2026-01-16 09:15:00,1255.0,1258.5,1241.0999755859375,1256.9000244140625,103517
2026-01-16 13:15:00,1257.5999755859375,1285.0,1255.4000244140625,1266.4000244140625,18331
2026-01-19 09:15:00,1264.800048828125,1266.4000244140625,1253.5999755859375,1260.0999755859375,34765
2026-01-19 13:15:00,1259.699951171875,1270.0,1254.5999755859375,1259.0,23872
2026-01-20 09:15:00,1253.0,1253.0,1212.699951171875,1220.0,122846
2026-01-20 13:15:00,1219.4000244140625,1220.300048828125,1204.699951171875,1210.0,163640
2026-01-21 09:15:00,1225.0,1225.0,1194.0,1204.0999755859375,54247
2026-01-21 13:15:00,1204.0999755859375,1211.9000244140625,1198.0999755859375,1205.300048828125,114838
2026-01-22 09:15:00,1202.5999755859375,1203.800048828125,1185.199951171875,1187.0,118968
2026-01-22 13:15:00,1187.0999755859375,1210.0,1171.699951171875,1194.0,345056
2026-01-23 09:15:00,1177.0,1191.9000244140625,1160.800048828125,1186.800048828125,26112
2026-01-23 13:15:00,1186.800048828125,1192.4000244140625,1185.0,1186.5999755859375,29895
2026-01-27 09:15:00,1192.5,1192.5,1154.9000244140625,1183.5,32387
2026-01-27 13:15:00,1183.5,1199.0,1182.0,1189.5,15621
2026-01-28 09:15:00,1182.4000244140625,1191.800048828125,1167.699951171875,1185.4000244140625,43843
2026-01-28 13:15:00,1188.300048828125,1191.800048828125,1185.0,1189.300048828125,39785
2026-01-29 09:15:00,1184.0,1190.9000244140625,1156.300048828125,1188.0999755859375,75202
2026-01-29 13:15:00,1188.0999755859375,1190.0,1179.0,1179.0,39823
2026-01-30 09:15:00,1150.0,1163.699951171875,1128.199951171875,1130.0,136788
2026-01-30 13:15:00,1130.0,1184.5999755859375,1123.4000244140625,1150.0,218622
2026-02-03 09:15:00,1156.0,1163.0,1132.0,1140.9000244140625,102270
2026-02-03 13:15:00,1140.9000244140625,1144.800048828125,1111.0,1114.0,223925
2026-02-04 09:15:00,1114.0,1128.0999755859375,1092.0,1122.4000244140625,185975
2026-02-04 13:15:00,1122.5,1126.199951171875,1119.0,1122.0,43207
2026-02-05 09:15:00,1116.5,1116.5,1092.5,1103.800048828125,62777
2026-02-05 13:15:00,1103.800048828125,1130.5999755859375,1103.800048828125,1130.5999755859375,70618
2026-02-06 09:15:00,1127.9000244140625,1127.9000244140625,1099.4000244140625,1119.4000244140625,29898
2026-02-06 13:15:00,1119.0,1131.0,1116.0,1116.0,54714
2026-02-09 09:15:00,1126.0,1144.5999755859375,1118.199951171875,1142.199951171875,71476
2026-02-09 13:15:00,1142.9000244140625,1154.0,1142.199951171875,1154.0,76554
2026-02-10 09:15:00,1149.9000244140625,1217.699951171875,1149.0999755859375,1215.0,147530
2026-02-10 13:15:00,1215.0,1217.4000244140625,1193.699951171875,1210.0,127638
2026-02-11 09:15:00,1214.800048828125,1242.5,1210.800048828125,1212.699951171875,47680
2026-02-11 13:15:00,1212.0,1223.0,1210.5,1220.0999755859375,52393
2026-02-12 09:15:00,1221.9000244140625,1222.699951171875,1202.0999755859375,1216.5999755859375,46395
2026-02-12 13:15:00,1217.199951171875,1219.5,1214.0999755859375,1215.300048828125,24233
2026-02-13 09:15:00,1217.0,1217.0,1195.5,1200.699951171875,33255
2026-02-13 13:15:00,1200.699951171875,1201.800048828125,1177.5,1192.9000244140625,35227
2026-02-16 09:15:00,1196.5999755859375,1205.0,1170.0999755859375,1177.300048828125,61074
2026-02-16 13:15:00,1178.0,1185.300048828125,1175.699951171875,1180.800048828125,35861
2026-02-17 09:15:00,1196.9000244140625,1234.699951171875,1180.0,1232.5999755859375,94949
2026-02-17 13:15:00,1232.5999755859375,1241.0,1212.0999755859375,1216.0999755859375,37418
2026-02-18 09:15:00,1232.800048828125,1232.800048828125,1206.0999755859375,1211.0,9037
2026-02-18 13:15:00,1211.0,1215.9000244140625,1208.0,1209.699951171875,11454
2026-02-19 09:15:00,1238.0,1238.0,1201.5999755859375,1212.4000244140625,17898
2026-02-19 13:15:00,1212.0,1214.4000244140625,1187.300048828125,1201.4000244140625,24090
2026-02-20 09:15:00,1209.5999755859375,1212.800048828125,1191.9000244140625,1192.0999755859375,13604
2026-02-20 13:15:00,1192.0,1200.0,1190.199951171875,1197.0,14617
2026-02-23 09:15:00,1197.0,1225.5999755859375,1191.0,1211.9000244140625,41599
2026-02-23 13:15:00,1211.9000244140625,1218.699951171875,1210.0999755859375,1217.0999755859375,15972
2026-02-24 09:15:00,1213.800048828125,1217.0999755859375,1197.5,1203.699951171875,12449
2026-02-24 13:15:00,1203.699951171875,1210.199951171875,1195.300048828125,1199.0999755859375,13999
2026-02-25 09:15:00,1199.0,1213.4000244140625,1199.0,1208.199951171875,15351
2026-02-25 13:15:00,1207.0999755859375,1211.4000244140625,1205.0999755859375,1207.0,23049
2026-02-26 09:15:00,1205.0999755859375,1221.5999755859375,1202.5999755859375,1211.0999755859375,20244
2026-02-26 13:15:00,1210.300048828125,1211.9000244140625,1205.199951171875,1207.800048828125,30892
2026-02-27 09:15:00,1219.800048828125,1219.800048828125,1191.4000244140625,1192.800048828125,15510
2026-02-27 13:15:00,1191.9000244140625,1194.5,1185.0999755859375,1192.0,22437
2026-03-02 09:15:00,1136.0,1181.9000244140625,1136.0,1180.199951171875,21835
2026-03-02 13:15:00,1180.0999755859375,1209.9000244140625,1175.0,1201.0,42905
2026-03-04 09:15:00,1170.199951171875,1215.0,1170.199951171875,1211.300048828125,51422
2026-03-04 13:15:00,1212.300048828125,1225.199951171875,1202.800048828125,1204.4000244140625,84951
2026-03-05 09:15:00,1214.699951171875,1218.5,1165.5999755859375,1195.0999755859375,65792
2026-03-05 13:15:00,1195.0999755859375,1213.5,1189.300048828125,1210.5,71368
2026-03-06 09:15:00,1206.9000244140625,1206.9000244140625,1173.300048828125,1176.0,38133
2026-03-06 13:15:00,1175.800048828125,1201.0999755859375,1164.0999755859375,1182.0999755859375,113551
2026-03-09 09:15:00,1180.0999755859375,1187.0,1153.5,1170.699951171875,31501
2026-03-09 13:15:00,1170.699951171875,1190.0,1165.699951171875,1170.300048828125,40301
2026-03-10 09:15:00,1198.300048828125,1198.300048828125,1162.0,1178.5999755859375,63508
2026-03-10 13:15:00,1178.5,1191.9000244140625,1177.0999755859375,1183.199951171875,41749
2026-03-11 09:15:00,1184.9000244140625,1203.800048828125,1175.800048828125,1196.0999755859375,28671
2026-03-11 13:15:00,1196.0,1214.0,1195.199951171875,1206.0999755859375,63664
2026-03-12 09:15:00,1199.300048828125,1199.300048828125,1167.0,1170.699951171875,55657
2026-03-12 13:15:00,1170.800048828125,1179.5999755859375,1167.0999755859375,1171.0,86265
2026-03-13 09:15:00,1165.0,1165.0,1135.5,1141.5999755859375,66595
2026-03-13 13:15:00,1141.199951171875,1143.0999755859375,1130.5,1132.699951171875,27078
2026-03-16 09:15:00,1132.699951171875,1138.199951171875,1116.699951171875,1121.0,16568
2026-03-16 13:15:00,1120.0,1127.5,1107.0,1118.0,55015
2026-03-17 09:15:00,1118.5,1131.0,1109.800048828125,1125.0,23550
2026-03-17 13:15:00,1125.5,1133.5999755859375,1123.0,1130.0,27970
2026-03-18 09:15:00,1123.5,1133.0,1110.5,1111.0999755859375,101245
2026-03-18 13:15:00,1111.300048828125,1131.5,1108.199951171875,1120.0,191085
2026-03-19 09:15:00,1101.0,1113.9000244140625,1101.0,1111.0999755859375,14123
2026-03-19 13:15:00,1110.0,1113.199951171875,1092.0,1105.800048828125,195377
2026-03-20 09:15:00,1106.0,1124.199951171875,1101.5999755859375,1121.699951171875,17985
2026-03-20 13:15:00,1122.0,1123.800048828125,1109.199951171875,1114.300048828125,54387
2026-03-23 09:15:00,1109.9000244140625,1109.9000244140625,1084.300048828125,1100.4000244140625,67078
2026-03-23 13:15:00,1100.4000244140625,1112.800048828125,1099.5,1107.0,132862
2026-03-24 09:15:00,1125.800048828125,1148.800048828125,1106.300048828125,1138.699951171875,54800
2026-03-24 13:15:00,1138.9000244140625,1152.0,1135.0,1148.0,46832
2026-03-25 09:15:00,1136.0999755859375,1180.4000244140625,1136.0999755859375,1173.5,39212
2026-03-25 13:15:00,1173.5,1176.0,1162.5,1168.4000244140625,29970
2026-03-27 09:15:00,1168.0,1177.9000244140625,1157.5,1166.300048828125,128677
2026-03-27 13:15:00,1166.300048828125,1171.199951171875,1150.300048828125,1164.4000244140625,64619
2026-03-30 09:15:00,1156.5999755859375,1157.5999755859375,1134.5,1156.4000244140625,62226
2026-03-30 13:15:00,1156.699951171875,1172.300048828125,1135.0999755859375,1163.0999755859375,135155
2026-04-01 09:15:00,1180.5,1183.4000244140625,1165.199951171875,1173.699951171875,37615
2026-04-01 13:15:00,1173.800048828125,1179.5999755859375,1172.0,1175.199951171875,136627
2026-04-02 09:15:00,1150.0999755859375,1150.199951171875,1120.5,1141.4000244140625,88064
2026-04-02 13:15:00,1141.0999755859375,1152.0999755859375,1140.0999755859375,1149.5,55719
2026-04-06 09:15:00,1170.0,1172.5,1150.0,1171.199951171875,16453
2026-04-06 13:15:00,1171.199951171875,1172.0,1164.0,1169.9000244140625,49211
2026-04-07 09:15:00,1169.800048828125,1223.0,1157.300048828125,1222.5999755859375,58695
2026-04-07 13:15:00,1221.0999755859375,1320.4000244140625,1206.5999755859375,1227.300048828125,3061486
2026-04-08 09:15:00,1239.9000244140625,1258.300048828125,1212.0,1253.199951171875,110323
2026-04-08 13:15:00,1252.4000244140625,1281.5999755859375,1248.800048828125,1271.0999755859375,88589
2026-04-09 09:15:00,1252.0999755859375,1254.9000244140625,1226.5999755859375,1244.800048828125,80299
2026-04-09 13:15:00,1244.9000244140625,1259.5,1242.0999755859375,1254.0,61857
2026-04-10 09:15:00,1231.5,1260.800048828125,1231.5,1249.5,30842
2026-04-10 13:15:00,1248.699951171875,1259.9000244140625,1245.300048828125,1249.699951171875,29792
2026-04-13 09:15:00,1227.0999755859375,1288.699951171875,1227.0999755859375,1281.0,60782
2026-04-13 13:15:00,1281.0,1288.4000244140625,1273.0,1275.800048828125,43744
2026-04-15 09:15:00,1277.9000244140625,1287.800048828125,1270.199951171875,1271.199951171875,57498
2026-04-15 13:15:00,1272.4000244140625,1274.9000244140625,1261.5999755859375,1265.0,50723
2026-04-16 09:15:00,1275.300048828125,1279.0,1236.699951171875,1242.4000244140625,21396
2026-04-16 13:15:00,1241.800048828125,1262.199951171875,1240.699951171875,1251.0,49799
2026-04-17 09:15:00,1269.5,1269.5,1243.5999755859375,1243.800048828125,12567
2026-04-17 13:15:00,1243.5999755859375,1257.9000244140625,1241.9000244140625,1249.0999755859375,50343
2026-04-20 09:15:00,1276.0,1276.0,1236.300048828125,1255.0,0
2026-04-20 13:15:00,1248.4000244140625,1248.4000244140625,1238.0999755859375,1246.0999755859375,107478
2026-04-21 09:15:00,1254.9000244140625,1279.0,1245.699951171875,1276.0,28381
2026-04-21 13:15:00,1275.0,1279.9000244140625,1265.0999755859375,1274.5,36897
2026-04-22 09:15:00,1276.199951171875,1319.5999755859375,1275.0999755859375,1297.199951171875,129624
2026-04-22 13:15:00,1297.9000244140625,1304.300048828125,1280.4000244140625,1289.0,79259
2026-04-23 09:15:00,1280.5999755859375,1303.0,1267.0,1269.0,40266
2026-04-23 13:15:00,1269.5999755859375,1275.0,1264.0999755859375,1270.0,28376
2026-04-24 09:15:00,1269.4000244140625,1269.4000244140625,1225.5,1227.0999755859375,29456
2026-04-24 13:15:00,1227.0999755859375,1250.0,1225.0,1246.0,42130
2026-04-27 09:15:00,1248.0,1265.0,1238.4000244140625,1257.0,16058
2026-04-27 13:15:00,1258.4000244140625,1262.300048828125,1250.300048828125,1253.0,31139
2026-04-28 09:15:00,1258.0,1268.300048828125,1238.5,1247.0999755859375,22344
2026-04-28 13:15:00,1246.9000244140625,1249.4000244140625,1230.0999755859375,1248.800048828125,71087
2026-04-29 09:15:00,1254.9000244140625,1265.0,1247.0999755859375,1262.5999755859375,44133
2026-04-29 13:15:00,1264.199951171875,1271.0999755859375,1246.0999755859375,1256.0,54323
2026-04-30 09:15:00,1257.800048828125,1261.9000244140625,1249.800048828125,1252.5,18154
2026-04-30 13:15:00,1252.5,1260.0,1249.9000244140625,1251.0,24674
2026-05-04 09:15:00,1260.0,1281.800048828125,1251.0999755859375,1257.5999755859375,24796
2026-05-04 13:15:00,1256.5,1265.0,1253.0,1260.699951171875,23413
2026-05-05 09:15:00,1250.0,1259.699951171875,1236.5,1240.5999755859375,83166
2026-05-05 13:15:00,1241.699951171875,1265.0,1239.5,1257.800048828125,67816
2026-05-06 09:15:00,1270.0999755859375,1283.0,1261.9000244140625,1282.300048828125,341260
2026-05-06 13:15:00,1282.4000244140625,1295.0,1272.0,1283.4000244140625,93596
2026-05-07 09:15:00,1293.9000244140625,1316.199951171875,1283.4000244140625,1297.0,38142
2026-05-07 13:15:00,1296.5999755859375,1300.9000244140625,1287.9000244140625,1292.199951171875,50065
2026-05-08 09:15:00,1299.0,1335.0,1276.5999755859375,1322.4000244140625,619809
2026-05-08 13:15:00,1322.699951171875,1324.9000244140625,1301.300048828125,1311.0,162278
2026-05-11 09:15:00,1310.0,1319.9000244140625,1285.0999755859375,1296.300048828125,237841
2026-05-11 13:15:00,1296.9000244140625,1306.0,1290.0,1300.0,71146
2026-05-12 09:15:00,1293.9000244140625,1306.699951171875,1279.0,1284.5999755859375,41029
2026-05-12 13:15:00,1286.5,1289.300048828125,1260.0,1263.199951171875,45250
2026-05-13 09:15:00,1269.9000244140625,1315.9000244140625,1269.9000244140625,1313.9000244140625,59233
2026-05-13 13:15:00,1314.300048828125,1314.800048828125,1292.0,1304.4000244140625,90512
2026-05-14 09:15:00,1304.4000244140625,1314.5,1285.0999755859375,1292.5,11885
2026-05-14 13:15:00,1291.0,1322.9000244140625,1290.0,1316.199951171875,111354
2026-05-15 09:15:00,1316.300048828125,1340.9000244140625,1305.800048828125,1330.9000244140625,59572
2026-05-15 13:15:00,1332.0999755859375,1338.0,1330.0,1337.0,87322
2026-05-18 09:15:00,1328.4000244140625,1356.0,1324.5,1351.300048828125,115029
2026-05-18 13:15:00,1351.199951171875,1353.800048828125,1347.0,1351.0,35274
2026-05-19 09:15:00,1360.0,1362.5,1340.5,1355.199951171875,33681
2026-05-19 13:15:00,1355.199951171875,1356.4000244140625,1350.0999755859375,1350.5999755859375,17092
2026-05-20 09:15:00,1351.9000244140625,1351.9000244140625,1325.4000244140625,1343.0999755859375,29553
2026-05-20 13:15:00,1343.199951171875,1353.0,1331.699951171875,1342.0,55847
2026-05-21 09:15:00,1355.4000244140625,1364.9000244140625,1336.0999755859375,1348.199951171875,19210
2026-05-21 13:15:00,1348.9000244140625,1350.0,1342.0,1350.0,26899
2026-05-22 09:15:00,1357.800048828125,1358.0,1322.0,1350.699951171875,54535
2026-05-22 13:15:00,1350.699951171875,1360.0,1349.4000244140625,1353.5,55423
2026-05-25 09:15:00,1370.0,1372.300048828125,1317.5,1347.800048828125,57712
2026-05-25 13:15:00,1347.800048828125,1362.0,1340.5,1359.5999755859375,58375
2026-05-26 09:15:00,1354.0,1390.0,1344.5,1376.0999755859375,85854
2026-05-26 13:15:00,1376.699951171875,1378.0,1353.9000244140625,1356.0,35142
2026-05-27 09:15:00,1361.0,1372.0,1346.0,1349.0,13084
2026-05-27 13:15:00,1348.5999755859375,1379.9000244140625,1348.0,1377.0,45635
2026-05-29 09:15:00,1379.0,1379.0,1361.0,1361.5999755859375,21833
2026-05-29 13:15:00,1362.300048828125,1393.9000244140625,1361.0,1389.5999755859375,81338
2026-06-01 09:15:00,1381.0,1390.699951171875,1357.0,1358.800048828125,11428
2026-06-01 13:15:00,1358.0999755859375,1379.4000244140625,1351.199951171875,1351.199951171875,38599
2026-06-02 09:15:00,1348.0,1357.9000244140625,1318.9000244140625,1331.699951171875,32976
2026-06-02 13:15:00,1331.5,1347.9000244140625,1330.4000244140625,1339.0,84640
2026-06-03 09:15:00,1342.800048828125,1342.800048828125,1311.699951171875,1322.699951171875,18055
2026-06-03 13:15:00,1322.699951171875,1360.199951171875,1321.0999755859375,1359.0,44322
2026-06-04 09:15:00,1354.199951171875,1361.0,1341.0,1345.699951171875,13010
2026-06-04 13:15:00,1344.800048828125,1358.800048828125,1337.0,1345.199951171875,84202
2026-06-05 09:15:00,1356.9000244140625,1365.9000244140625,1332.0999755859375,1339.4000244140625,40247
2026-06-05 13:15:00,1339.5999755859375,1350.0,1336.800048828125,1345.0,29960
2026-06-08 09:15:00,1341.0,1349.9000244140625,1330.0999755859375,1345.300048828125,20321
2026-06-08 13:15:00,1345.699951171875,1348.800048828125,1330.0999755859375,1342.0,32908
2026-06-09 09:15:00,1361.0999755859375,1361.0999755859375,1328.0,1328.0,39836
2026-06-09 13:15:00,1328.0,1335.5,1318.0,1319.0,43649
2026-06-10 09:15:00,1320.0999755859375,1349.800048828125,1313.5,1345.699951171875,52160
2026-06-10 13:15:00,1345.0,1353.699951171875,1330.199951171875,1340.5999755859375,65499
2026-06-11 09:15:00,1330.5999755859375,1349.5,1330.5999755859375,1342.9000244140625,14404
2026-06-11 13:15:00,1343.0999755859375,1343.0999755859375,1339.0,1340.199951171875,16379
2026-06-12 09:15:00,1349.9000244140625,1364.0,1341.0,1356.0,27787
2026-06-12 13:15:00,1355.5999755859375,1368.0,1347.699951171875,1365.0,33034
2026-06-15 09:15:00,1376.0,1424.0999755859375,1376.0,1420.0,190289
2026-06-15 13:15:00,1421.0,1424.0,1413.5,1418.5999755859375,70034
2026-06-16 09:15:00,1430.0,1430.0,1409.5999755859375,1419.5999755859375,37946
2026-06-16 13:15:00,1420.300048828125,1429.0,1418.0,1418.0,28998
2026-06-17 09:15:00,1425.9000244140625,1444.0,1422.300048828125,1439.199951171875,25641
2026-06-17 13:15:00,1439.0999755859375,1449.0,1437.0,1444.5,32014
2026-06-18 09:15:00,1437.300048828125,1442.4000244140625,1416.300048828125,1426.5999755859375,14352
2026-06-18 13:15:00,1427.5999755859375,1452.199951171875,1420.4000244140625,1448.0,46317
2026-06-19 09:15:00,1442.800048828125,1470.5999755859375,1436.0,1445.4000244140625,48715
2026-06-19 13:15:00,1445.5,1494.4000244140625,1430.5,1470.800048828125,151376
2026-06-22 09:15:00,1475.0,1486.199951171875,1451.0,1452.0,55825
2026-06-22 13:15:00,1452.800048828125,1453.800048828125,1439.0,1450.0,51772
2026-06-23 09:15:00,1456.5999755859375,1485.5,1441.0,1443.5999755859375,48052
2026-06-23 13:15:00,1442.9000244140625,1444.0999755859375,1437.800048828125,1440.699951171875,44040
2026-06-24 09:15:00,1432.199951171875,1462.9000244140625,1425.0,1433.300048828125,24182
2026-06-24 13:15:00,1435.800048828125,1439.699951171875,1429.0,1434.0999755859375,20596
2026-06-25 09:15:00,1447.9000244140625,1454.0,1430.0,1435.199951171875,35001
2026-06-25 13:15:00,1435.0999755859375,1438.5,1430.5999755859375,1433.300048828125,15880
2026-06-29 09:15:00,1430.0999755859375,1454.0,1395.9000244140625,1398.699951171875,41862
2026-06-29 13:15:00,1398.699951171875,1415.699951171875,1390.0,1399.0,78452
2026-06-30 09:15:00,1412.9000244140625,1430.0,1397.0,1422.4000244140625,25341
2026-06-30 13:15:00,1422.300048828125,1427.5,1406.0,1406.0,100896
2026-07-01 09:15:00,1413.0,1434.5,1407.5,1420.699951171875,17599
2026-07-01 13:15:00,1420.699951171875,1425.0,1412.0999755859375,1419.800048828125,40996
2026-07-02 09:15:00,1419.0999755859375,1421.300048828125,1400.5,1415.699951171875,48196
2026-07-02 13:15:00,1415.5999755859375,1423.699951171875,1406.5999755859375,1417.699951171875,47194
2026-07-03 09:15:00,1422.0999755859375,1440.5999755859375,1420.5,1426.4000244140625,13322
2026-07-03 13:15:00,1427.800048828125,1450.0,1420.0,1440.0,44334
2026-07-06 09:15:00,1447.199951171875,1458.199951171875,1438.0,1442.699951171875,32729
2026-07-06 13:15:00,1443.4000244140625,1445.0,1437.0999755859375,1440.0,13253
2026-07-07 09:15:00,1446.800048828125,1446.800048828125,1415.9000244140625,1417.5,31620
2026-07-07 13:15:00,1417.5,1423.0,1417.0,1420.0,72110
2026-07-08 09:15:00,1431.9000244140625,1439.699951171875,1411.4000244140625,1428.0,26888
2026-07-08 13:15:00,1428.199951171875,1437.300048828125,1405.5999755859375,1428.300048828125,63836
2026-07-09 09:15:00,1439.9000244140625,1508.699951171875,1426.699951171875,1480.0,143286
2026-07-09 13:15:00,1480.0999755859375,1489.0,1475.0999755859375,1480.0,45501
2026-07-10 09:15:00,1492.5999755859375,1492.5999755859375,1471.0,1479.0,14557
2026-07-10 13:15:00,1478.300048828125,1492.0,1457.0999755859375,1463.0,37901
2026-07-13 09:15:00,1454.0999755859375,1496.9000244140625,1454.0999755859375,1483.800048828125,34574
2026-07-13 13:15:00,1483.9000244140625,1488.199951171875,1476.9000244140625,1480.0,20809
2026-07-14 09:15:00,1482.9000244140625,1482.9000244140625,1455.0999755859375,1460.800048828125,22239
2026-07-14 13:15:00,1460.300048828125,1492.0,1459.9000244140625,1491.0,70318
2026-07-15 09:15:00,1486.5,1501.9000244140625,1468.300048828125,1500.300048828125,46807
2026-07-15 13:15:00,1500.4000244140625,1508.0,1497.0,1501.5999755859375,24801
2026-07-16 09:15:00,1501.5,1503.199951171875,1481.300048828125,1489.0999755859375,26915
2026-07-16 13:15:00,1489.699951171875,1494.5,1477.699951171875,1480.9000244140625,32480
2026-07-17 09:15:00,1485.300048828125,1490.0,1470.0,1478.5,11549
2026-07-17 13:15:00,1478.300048828125,1505.0,1475.5999755859375,1482.0,34141
2026-07-20 09:15:00,1498.199951171875,1498.199951171875,1476.5999755859375,1493.9000244140625,19815
2026-07-20 13:15:00,1495.0,1498.0,1487.300048828125,1489.0,23588
2026-07-21 09:15:00,1480.0,1500.199951171875,1477.5999755859375,1486.5999755859375,24845
2026-07-21 13:15:00,1488.199951171875,1489.0,1480.0999755859375,1483.699951171875,19702
2026-07-22 09:15:00,1480.0,1489.800048828125,1452.0999755859375,1476.300048828125,16104
2026-07-22 13:15:00,1477.0,1496.800048828125,1470.0,1483.0,46499
2026-07-23 09:15:00,1495.699951171875,1495.699951171875,1460.0,1462.800048828125,18235
2026-07-23 13:15:00,1462.800048828125,1472.0,1450.0999755859375,1470.0,34842
2026-07-24 09:15:00,1463.9000244140625,1475.300048828125,1436.9000244140625,1460.5,12593
2026-07-24 13:15:00,1460.699951171875,1468.0,1449.5999755859375,1468.0,14148
2026-07-27 09:15:00,1475.199951171875,1485.9000244140625,1466.0,1476.199951171875,10900
2026-07-27 13:15:00,1476.300048828125,1486.0,1476.300048828125,1482.5999755859375,25600
2026-07-28 09:15:00,1489.0,1489.0,1467.0999755859375,1472.4000244140625,5717
2026-07-28 13:15:00,1472.4000244140625,1476.0,1467.0,1469.5,10914
2026-07-29 09:15:00,1479.9000244140625,1500.0,1470.4000244140625,1499.5,24028
2026-07-29 13:15:00,1499.800048828125,1499.9000244140625,1491.199951171875,1493.800048828125,26541
2026-07-30 09:15:00,1494.0,1514.9000244140625,1478.5999755859375,1504.0999755859375,25703
2026-07-30 13:15:00,1504.0999755859375,1535.0,1502.0999755859375,1530.5,75797
2026-07-31 09:15:00,1527.5,1542.0,1458.300048828125,1528.4000244140625,76751
2026-07-31 13:15:00,1528.4000244140625,1532.199951171875,1524.0,1525.0,27040
2026-08-03 09:15:00,1550.0,1574.199951171875,1547.800048828125,1570.0,71511
2026-08-03 13:15:00,1570.5,1573.0,1530.5999755859375,1545.5999755859375,34656
2026-08-04 09:15:00,1540.0999755859375,1583.199951171875,1535.199951171875,1575.0,82546
2026-08-04 13:15:00,1574.699951171875,1583.9000244140625,1561.0,1579.0,39054
2026-08-05 09:15:00,1577.300048828125,1610.0,1564.199951171875,1597.9000244140625,165289
2026-08-05 13:15:00,1598.800048828125,1600.0,1591.5,1600.0,37199
2026-08-06 09:15:00,1598.4000244140625,1605.9000244140625,1581.0,1587.9000244140625,32924
2026-08-06 13:15:00,1587.9000244140625,1589.0,1561.0,1573.199951171875,27585
2026-08-07 09:15:00,1561.0,1565.0,1531.5999755859375,1561.0999755859375,26131
2026-08-07 13:15:00,1561.0,1564.300048828125,1550.9000244140625,1553.800048828125,18758
