Datetime,Open,High,Low,Close,Volume
2023-08-28 09:15:00,1198.0,1239.75,1197.6500244140625,1217.5,24069
2023-08-28 13:15:00,1217.5,1233.0,1204.9000244140625,1218.050048828125,10159
2023-08-29 09:15:00,1220.0,1239.9000244140625,1216.300048828125,1235.0,49588
2023-08-29 13:15:00,1234.3499755859375,1249.0,1226.3499755859375,1241.6500244140625,17775
2023-08-30 09:15:00,1245.0,1253.699951171875,1211.0,1221.8499755859375,28459
2023-08-30 13:15:00,1220.5999755859375,1234.0999755859375,1219.3499755859375,1228.5999755859375,22043
2023-08-31 09:15:00,1229.75,1238.0,1214.050048828125,1215.1500244140625,6912
2023-08-31 13:15:00,1215.0,1215.550048828125,1188.050048828125,1201.9000244140625,31581
2023-09-01 09:15:00,1215.199951171875,1215.199951171875,1162.300048828125,1188.0,28710
2023-09-01 13:15:00,1188.0,1199.0,1171.9000244140625,1188.0999755859375,16313
2023-09-04 09:15:00,1208.8499755859375,1260.0,1208.8499755859375,1217.050048828125,15593
2023-09-04 13:15:00,1219.8499755859375,1232.9000244140625,1213.5,1225.4000244140625,11291
2023-09-05 09:15:00,1219.699951171875,1235.949951171875,1218.0,1220.3499755859375,12921
2023-09-05 13:15:00,1220.0,1245.949951171875,1209.800048828125,1240.5999755859375,25609
2023-09-06 09:15:00,1252.949951171875,1254.949951171875,1225.0,1231.949951171875,10780
2023-09-06 13:15:00,1232.449951171875,1249.550048828125,1222.25,1242.300048828125,7012
2023-09-07 09:15:00,1248.0,1282.800048828125,1227.449951171875,1280.0,22594
2023-09-07 13:15:00,1280.0,1296.0,1277.300048828125,1294.800048828125,22905
2023-09-08 09:15:00,1304.800048828125,1305.1500244140625,1269.0,1294.25,14347
2023-09-08 13:15:00,1296.0,1299.949951171875,1263.050048828125,1269.6500244140625,11630
2023-09-11 09:15:00,1276.0,1280.8499755859375,1257.4000244140625,1258.300048828125,14371
2023-09-11 13:15:00,1257.449951171875,1265.0,1251.0,1257.0,6964
2023-09-12 09:15:00,1260.0,1265.199951171875,1149.050048828125,1178.9000244140625,85654
2023-09-12 13:15:00,1175.949951171875,1185.050048828125,1162.0,1175.550048828125,43939
2023-09-13 09:15:00,1152.25,1237.199951171875,1139.4000244140625,1227.0999755859375,27674
2023-09-13 13:15:00,1227.050048828125,1278.050048828125,1219.050048828125,1269.699951171875,36381
2023-09-14 09:15:00,1277.0,1290.4000244140625,1260.5,1268.25,10675
2023-09-14 13:15:00,1265.199951171875,1278.949951171875,1254.5999755859375,1271.8499755859375,7017
2023-09-15 09:15:00,1282.75,1284.949951171875,1260.050048828125,1263.6500244140625,7094
2023-09-15 13:15:00,1264.0999755859375,1269.0,1250.0,1257.3499755859375,4579
2023-09-18 09:15:00,1260.0,1271.0,1252.199951171875,1263.6500244140625,4382
2023-09-18 13:15:00,1263.25,1268.699951171875,1256.550048828125,1264.6500244140625,2004
2023-09-20 09:15:00,1262.0,1302.0,1251.0,1293.0,24814
2023-09-20 13:15:00,1290.5,1344.0,1287.050048828125,1319.949951171875,65718
2023-09-21 09:15:00,1315.0,1359.0,1297.949951171875,1341.0,42073
2023-09-21 13:15:00,1338.0999755859375,1345.300048828125,1320.0,1336.75,14666
2023-09-22 09:15:00,1334.949951171875,1340.949951171875,1302.0999755859375,1321.6500244140625,4245
2023-09-22 13:15:00,1322.0,1335.4000244140625,1315.5999755859375,1330.449951171875,7544
2023-09-25 09:15:00,1327.0,1327.0,1297.1500244140625,1307.0999755859375,5551
2023-09-25 13:15:00,1307.9000244140625,1310.0,1284.3499755859375,1300.0,14211
2023-09-26 09:15:00,1281.0,1311.0,1280.0,1300.050048828125,11486
2023-09-26 13:15:00,1300.050048828125,1326.25,1300.050048828125,1318.5999755859375,9936
2023-09-27 09:15:00,1325.199951171875,1328.949951171875,1304.0999755859375,1308.9000244140625,2941
2023-09-27 13:15:00,1310.9000244140625,1320.0999755859375,1308.050048828125,1316.050048828125,6560
2023-09-28 09:15:00,1322.6500244140625,1322.6500244140625,1291.199951171875,1295.0,8937
2023-09-28 13:15:00,1294.5,1294.5,1277.0,1281.3499755859375,6715
2023-09-29 09:15:00,1294.0,1312.4000244140625,1291.300048828125,1300.0,9416
2023-09-29 13:15:00,1298.0999755859375,1303.8499755859375,1282.0,1293.550048828125,3645
2023-10-03 09:15:00,1300.0,1306.3499755859375,1289.0,1296.050048828125,6087
2023-10-03 13:15:00,1294.949951171875,1296.050048828125,1283.050048828125,1291.25,2557
2023-10-04 09:15:00,1297.75,1297.75,1235.050048828125,1248.800048828125,9647
2023-10-04 13:15:00,1247.0999755859375,1287.949951171875,1235.0,1279.5,17896
2023-10-05 09:15:00,1295.449951171875,1295.449951171875,1269.0,1271.949951171875,1727
2023-10-05 13:15:00,1270.0999755859375,1274.9000244140625,1265.050048828125,1270.8499755859375,4614
2023-10-06 09:15:00,1279.1500244140625,1283.550048828125,1270.0999755859375,1277.800048828125,2455
2023-10-06 13:15:00,1277.800048828125,1279.949951171875,1266.050048828125,1272.1500244140625,2965
2023-10-09 09:15:00,1254.0,1266.949951171875,1235.0,1239.949951171875,6201
2023-10-09 13:15:00,1239.0,1258.5999755859375,1230.050048828125,1250.75,6650
2023-10-10 09:15:00,1257.050048828125,1261.0,1239.0,1241.75,1979
2023-10-10 13:15:00,1244.949951171875,1252.449951171875,1238.8499755859375,1248.1500244140625,6409
2023-10-11 09:15:00,1254.4000244140625,1275.0,1234.449951171875,1239.9000244140625,6789
2023-10-11 13:15:00,1239.75,1250.0,1237.5,1247.0,4493
2023-10-12 09:15:00,1252.3499755859375,1294.0,1246.949951171875,1263.8499755859375,14727
2023-10-12 13:15:00,1264.800048828125,1271.949951171875,1258.949951171875,1266.199951171875,4038
2023-10-13 09:15:00,1272.550048828125,1275.699951171875,1251.199951171875,1257.5,2952
2023-10-13 13:15:00,1257.5999755859375,1319.1500244140625,1253.25,1306.5,11299
2023-10-16 09:15:00,1298.75,1405.5999755859375,1287.9000244140625,1383.8499755859375,100865
2023-10-16 13:15:00,1383.8499755859375,1389.6500244140625,1371.0,1381.0,17275
2023-10-17 09:15:00,1390.0999755859375,1437.0,1390.0,1419.0,28020
2023-10-17 13:15:00,1420.0,1448.050048828125,1420.0,1447.0,46501
2023-10-18 09:15:00,1451.199951171875,1451.199951171875,1401.050048828125,1428.050048828125,14747
2023-10-18 13:15:00,1428.050048828125,1433.050048828125,1365.0,1406.199951171875,24614
2023-10-19 09:15:00,1450.0,1458.0,1402.5,1422.8499755859375,22640
2023-10-19 13:15:00,1422.949951171875,1429.699951171875,1408.5,1428.699951171875,30481
2023-10-20 09:15:00,1432.949951171875,1457.0,1417.8499755859375,1446.0,25401
2023-10-20 13:15:00,1445.449951171875,1469.5,1439.6500244140625,1456.0,34976
2023-10-23 09:15:00,1455.5999755859375,1470.0999755859375,1380.0,1380.0,14983
2023-10-23 13:15:00,1382.449951171875,1382.449951171875,1359.0999755859375,1369.800048828125,27058
2023-10-25 09:15:00,1390.9000244140625,1390.9000244140625,1329.300048828125,1335.0,10792
2023-10-25 13:15:00,1335.0,1373.0,1330.0,1372.8499755859375,7306
2023-10-26 09:15:00,1359.949951171875,1359.949951171875,1309.0,1346.4000244140625,8117
2023-10-26 13:15:00,1346.699951171875,1358.5999755859375,1332.0999755859375,1348.0,3580
2023-10-27 09:15:00,1367.199951171875,1388.5999755859375,1365.949951171875,1370.9000244140625,6585
2023-10-27 13:15:00,1370.4000244140625,1375.0,1349.800048828125,1353.800048828125,6825
2023-10-30 09:15:00,1368.4000244140625,1393.800048828125,1330.5,1388.050048828125,10079
2023-10-30 13:15:00,1389.9000244140625,1391.0999755859375,1366.300048828125,1386.25,11933
2023-10-31 09:15:00,1393.1500244140625,1405.0,1379.050048828125,1395.949951171875,6919
2023-10-31 13:15:00,1393.75,1413.949951171875,1391.0999755859375,1407.199951171875,4512
2023-11-01 09:15:00,1404.949951171875,1404.949951171875,1376.5,1379.8499755859375,4074
2023-11-01 13:15:00,1379.8499755859375,1437.0,1375.050048828125,1435.0,24443
2023-11-02 09:15:00,1440.0,1464.0,1420.75,1449.0,73879
2023-11-02 13:15:00,1449.0,1464.949951171875,1440.1500244140625,1442.0,15994
2023-11-03 09:15:00,1456.0,1495.5,1445.0,1490.0,32275
2023-11-03 13:15:00,1490.0,1495.5,1470.25,1494.0,17383
2023-11-06 09:15:00,1489.75,1505.0,1480.0,1486.199951171875,5788
2023-11-06 13:15:00,1484.5999755859375,1503.0,1480.0,1490.25,7997
2023-11-07 09:15:00,1490.25,1503.0,1441.199951171875,1447.199951171875,20233
2023-11-07 13:15:00,1446.949951171875,1455.949951171875,1444.4000244140625,1449.8499755859375,10114
2023-11-08 09:15:00,1445.050048828125,1466.949951171875,1445.050048828125,1453.949951171875,4993
2023-11-08 13:15:00,1454.300048828125,1455.3499755859375,1441.0999755859375,1450.949951171875,6298
2023-11-09 09:15:00,1453.800048828125,1453.800048828125,1430.050048828125,1430.75,5947
2023-11-09 13:15:00,1430.699951171875,1446.25,1427.4000244140625,1431.449951171875,6139
2023-11-10 09:15:00,1441.0999755859375,1467.949951171875,1425.9000244140625,1464.8499755859375,3883
2023-11-10 13:15:00,1462.0,1467.5999755859375,1453.0999755859375,1458.3499755859375,2486
2023-11-13 09:15:00,1484.199951171875,1484.199951171875,1460.8499755859375,1468.949951171875,3448
2023-11-13 13:15:00,1468.699951171875,1475.0,1464.050048828125,1467.0,3489
2023-11-15 09:15:00,1474.199951171875,1485.800048828125,1439.949951171875,1446.199951171875,11403
2023-11-15 13:15:00,1440.949951171875,1447.949951171875,1426.9000244140625,1446.0,7294
2023-11-16 09:15:00,1448.4000244140625,1473.949951171875,1443.1500244140625,1452.9000244140625,5939
2023-11-16 13:15:00,1457.9000244140625,1466.75,1437.0,1445.0999755859375,5392
2023-11-17 09:15:00,1455.0,1484.0,1445.3499755859375,1477.0,7463
2023-11-17 13:15:00,1475.199951171875,1477.0,1467.5,1476.949951171875,5071
2023-11-20 09:15:00,1475.0,1490.0,1412.199951171875,1422.300048828125,42006
2023-11-20 13:15:00,1423.949951171875,1427.5,1410.199951171875,1418.0,19133
2023-11-21 09:15:00,1424.550048828125,1438.199951171875,1417.3499755859375,1435.1500244140625,2233
2023-11-21 13:15:00,1433.1500244140625,1451.0,1420.050048828125,1431.449951171875,10520
2023-11-22 09:15:00,1433.949951171875,1443.949951171875,1410.1500244140625,1439.0,3373
2023-11-22 13:15:00,1437.949951171875,1500.949951171875,1434.5,1471.5,38794
2023-11-23 09:15:00,1483.5999755859375,1484.0,1406.4000244140625,1414.949951171875,24096
2023-11-23 13:15:00,1414.800048828125,1417.3499755859375,1401.949951171875,1406.0,10179
2023-11-24 09:15:00,1413.0999755859375,1435.25,1408.6500244140625,1408.6500244140625,4145
2023-11-24 13:15:00,1406.1500244140625,1413.449951171875,1390.050048828125,1395.800048828125,5565
2023-11-28 09:15:00,1407.75,1411.9000244140625,1382.4000244140625,1398.550048828125,3196
2023-11-28 13:15:00,1398.9000244140625,1403.9000244140625,1385.0999755859375,1390.550048828125,5129
2023-11-29 09:15:00,1381.0,1409.5,1369.5999755859375,1374.9000244140625,11407
2023-11-29 13:15:00,1375.4000244140625,1387.050048828125,1369.0,1374.0999755859375,4640
2023-11-30 09:15:00,1374.1500244140625,1397.0,1366.050048828125,1379.8499755859375,7223
2023-11-30 13:15:00,1378.5,1396.5999755859375,1370.0,1396.5999755859375,3532
2023-12-01 09:15:00,1390.75,1424.9000244140625,1386.0,1416.949951171875,3676
2023-12-01 13:15:00,1416.699951171875,1422.949951171875,1400.0999755859375,1402.3499755859375,6133
2023-12-04 09:15:00,1410.1500244140625,1429.0999755859375,1382.0999755859375,1400.0,4836
2023-12-04 13:15:00,1400.0,1418.300048828125,1394.8499755859375,1405.3499755859375,4014
2023-12-05 09:15:00,1417.0,1417.0,1373.050048828125,1374.4000244140625,5205
2023-12-05 13:15:00,1375.0,1380.0,1374.4000244140625,1380.0,6164
2023-12-06 09:15:00,1384.050048828125,1395.0,1365.050048828125,1369.050048828125,4377
2023-12-06 13:15:00,1369.3499755859375,1378.0,1350.0,1359.25,12543
2023-12-07 09:15:00,1354.1500244140625,1380.0,1345.699951171875,1355.949951171875,4832
2023-12-07 13:15:00,1362.1500244140625,1376.800048828125,1361.050048828125,1365.0,4163
2023-12-08 09:15:00,1374.300048828125,1399.9000244140625,1370.0,1377.25,3648
2023-12-08 13:15:00,1377.949951171875,1383.300048828125,1366.3499755859375,1379.75,4062
2023-12-11 09:15:00,1388.75,1388.75,1362.0,1365.25,3164
2023-12-11 13:15:00,1365.199951171875,1369.0,1362.0,1365.949951171875,1923
2023-12-12 09:15:00,1365.949951171875,1372.800048828125,1347.949951171875,1353.25,5707
2023-12-12 13:15:00,1353.3499755859375,1361.949951171875,1351.8499755859375,1357.449951171875,1569
2023-12-13 09:15:00,1363.9000244140625,1363.9000244140625,1332.050048828125,1347.75,8908
2023-12-13 13:15:00,1348.75,1364.5,1331.25,1358.699951171875,7761
2023-12-14 09:15:00,1354.3499755859375,1374.0,1354.3499755859375,1363.8499755859375,3343
2023-12-14 13:15:00,1362.0999755859375,1371.9000244140625,1350.0,1359.4000244140625,1860
2023-12-15 09:15:00,1359.5,1364.0,1324.6500244140625,1338.0,11284
2023-12-15 13:15:00,1337.0,1339.5999755859375,1324.0,1337.0,21459
2023-12-18 09:15:00,1340.0,1350.0,1323.550048828125,1330.1500244140625,9357
2023-12-18 13:15:00,1329.199951171875,1335.0,1323.6500244140625,1325.0,5453
2023-12-19 09:15:00,1330.550048828125,1371.699951171875,1330.550048828125,1353.949951171875,23669
2023-12-19 13:15:00,1353.5,1368.0,1350.25,1357.9000244140625,6053
2023-12-20 09:15:00,1364.699951171875,1386.949951171875,1342.0,1360.0,16080
2023-12-20 13:15:00,1360.75,1361.699951171875,1304.75,1317.199951171875,13754
2023-12-21 09:15:00,1305.0,1350.0,1292.0,1335.6500244140625,4132
2023-12-21 13:15:00,1335.25,1393.25,1335.25,1388.0,18828
2023-12-22 09:15:00,1391.8499755859375,1396.050048828125,1346.699951171875,1353.9000244140625,8632
2023-12-22 13:15:00,1354.75,1375.0,1349.0,1365.0,4735
2023-12-26 09:15:00,1376.9000244140625,1378.0,1347.6500244140625,1374.5,3726
2023-12-26 13:15:00,1376.25,1376.25,1353.199951171875,1369.050048828125,2422
2023-12-27 09:15:00,1375.0,1375.0,1343.8499755859375,1349.6500244140625,3690
2023-12-27 13:15:00,1349.5,1372.0,1347.5999755859375,1366.699951171875,10904
2023-12-28 09:15:00,1373.550048828125,1378.199951171875,1340.5,1352.0,5324
2023-12-28 13:15:00,1354.550048828125,1362.75,1350.0,1358.75,9125
2023-12-29 09:15:00,1358.75,1362.949951171875,1340.25,1343.8499755859375,4195
2023-12-29 13:15:00,1344.949951171875,1350.6500244140625,1331.6500244140625,1335.699951171875,5310
2024-01-01 09:15:00,1307.0,1337.9000244140625,1307.0,1333.25,12548
2024-01-01 13:15:00,1330.0,1337.050048828125,1327.050048828125,1333.0999755859375,5263
2024-01-02 09:15:00,1333.0,1360.6500244140625,1325.949951171875,1336.949951171875,6881
2024-01-02 13:15:00,1335.449951171875,1350.949951171875,1331.5999755859375,1344.949951171875,8347
2024-01-03 09:15:00,1350.0,1379.0,1342.5,1370.75,9190
2024-01-03 13:15:00,1371.0,1419.25,1368.5,1409.449951171875,41511
2024-01-04 09:15:00,1418.0,1421.4000244140625,1385.050048828125,1400.300048828125,16328
2024-01-04 13:15:00,1400.300048828125,1403.75,1398.050048828125,1399.8499755859375,8515
2024-01-05 09:15:00,1405.0,1425.0,1392.3499755859375,1421.6500244140625,11989
2024-01-05 13:15:00,1421.6500244140625,1423.1500244140625,1400.050048828125,1410.0,6331
2024-01-08 09:15:00,1411.0,1416.0,1383.0999755859375,1400.0,4919
2024-01-08 13:15:00,1399.1500244140625,1399.6500244140625,1362.949951171875,1362.949951171875,5520
2024-01-09 09:15:00,1380.6500244140625,1396.9000244140625,1372.0,1388.4000244140625,6999
2024-01-09 13:15:00,1388.0999755859375,1402.0,1384.050048828125,1390.0,7632
2024-01-10 09:15:00,1394.75,1408.5999755859375,1383.449951171875,1404.25,11041
2024-01-10 13:15:00,1403.300048828125,1412.949951171875,1402.5,1408.0999755859375,3948
2024-01-11 09:15:00,1410.0,1414.0,1400.0,1414.0,3121
2024-01-11 13:15:00,1416.0,1432.800048828125,1408.0999755859375,1416.0,11700
2024-01-12 09:15:00,1408.0,1425.0,1400.5,1424.199951171875,6339
2024-01-12 13:15:00,1425.8499755859375,1438.0,1403.0999755859375,1405.0,7816
2024-01-15 09:15:00,1419.5,1440.699951171875,1401.050048828125,1439.699951171875,5755
2024-01-15 13:15:00,1439.699951171875,1445.0,1431.050048828125,1441.0,11064
2024-01-16 09:15:00,1446.0,1465.0,1433.050048828125,1452.0,12405
2024-01-16 13:15:00,1452.050048828125,1466.0,1448.0,1463.5999755859375,6629
2024-01-17 09:15:00,1463.5999755859375,1474.0,1431.3499755859375,1468.800048828125,9008
2024-01-17 13:15:00,1468.300048828125,1480.949951171875,1467.9000244140625,1478.25,11356
2024-01-18 09:15:00,1489.949951171875,1491.5,1431.0,1483.9000244140625,12796
2024-01-18 13:15:00,1485.0,1557.0,1478.550048828125,1553.199951171875,53334
2024-01-19 09:15:00,1564.0,1580.0,1524.8499755859375,1565.5999755859375,18597
2024-01-19 13:15:00,1565.75,1573.949951171875,1544.0,1552.050048828125,6290
2024-01-23 09:15:00,1560.0,1641.199951171875,1535.050048828125,1561.199951171875,44919
2024-01-23 13:15:00,1560.0,1573.0,1532.0,1559.1500244140625,13100
2024-01-24 09:15:00,1569.949951171875,1580.8499755859375,1547.949951171875,1557.800048828125,17610
2024-01-24 13:15:00,1554.5999755859375,1571.0,1548.1500244140625,1566.050048828125,8969
2024-01-25 09:15:00,1576.25,1591.949951171875,1556.8499755859375,1587.0,6868
2024-01-25 13:15:00,1591.4000244140625,1620.800048828125,1587.949951171875,1615.9000244140625,12070
2024-01-29 09:15:00,1621.0,1637.949951171875,1574.550048828125,1590.0,7567
2024-01-29 13:15:00,1590.0,1633.550048828125,1590.0,1620.949951171875,16741
2024-01-30 09:15:00,1637.199951171875,1637.199951171875,1594.4000244140625,1599.9000244140625,1968
2024-01-30 13:15:00,1597.0,1605.8499755859375,1560.0,1584.449951171875,4414
2024-01-31 09:15:00,1592.4000244140625,1619.0,1588.3499755859375,1604.9000244140625,3407
2024-01-31 13:15:00,1602.3499755859375,1624.949951171875,1583.199951171875,1610.0,11237
2024-02-01 09:15:00,1617.199951171875,1625.199951171875,1601.0,1609.25,3469
2024-02-01 13:15:00,1618.949951171875,1619.0,1602.050048828125,1616.300048828125,2769
2024-02-02 09:15:00,1679.949951171875,1695.0,1650.0,1650.25,51000
2024-02-02 13:15:00,1651.75,1664.949951171875,1651.0,1658.199951171875,19910
2024-02-05 09:15:00,1665.0,1687.800048828125,1660.050048828125,1685.0,11604
2024-02-05 13:15:00,1685.0,1704.0,1652.1500244140625,1673.25,25882
2024-02-06 09:15:00,1679.550048828125,1689.550048828125,1642.0,1653.6500244140625,8451
2024-02-06 13:15:00,1655.300048828125,1670.0999755859375,1649.5999755859375,1665.050048828125,7591
2024-02-07 09:15:00,1665.050048828125,1698.9000244140625,1665.050048828125,1689.300048828125,5259
2024-02-07 13:15:00,1688.6500244140625,1689.949951171875,1663.949951171875,1670.800048828125,5068
2024-02-08 09:15:00,1679.199951171875,1681.449951171875,1636.0,1655.050048828125,4252
2024-02-08 13:15:00,1657.949951171875,1659.9000244140625,1643.0,1646.8499755859375,5434
2024-02-09 09:15:00,1643.699951171875,1653.9000244140625,1601.75,1630.8499755859375,1955
2024-02-09 13:15:00,1625.050048828125,1630.050048828125,1607.1500244140625,1623.75,1707
2024-02-12 09:15:00,1606.1500244140625,1626.949951171875,1570.550048828125,1570.5999755859375,3328
2024-02-12 13:15:00,1570.8499755859375,1580.75,1514.0,1538.6500244140625,12633
2024-02-13 09:15:00,1538.449951171875,1555.4000244140625,1506.550048828125,1539.699951171875,9784
2024-02-13 13:15:00,1539.449951171875,1544.0999755859375,1519.199951171875,1527.75,5249
2024-02-14 09:15:00,1527.75,1549.75,1515.5,1545.550048828125,1367
2024-02-14 13:15:00,1546.75,1560.199951171875,1538.949951171875,1541.949951171875,4000
2024-02-15 09:15:00,1588.9000244140625,1664.949951171875,1588.9000244140625,1646.199951171875,35577
2024-02-15 13:15:00,1642.949951171875,1646.4000244140625,1620.4000244140625,1621.0,8227
2024-02-16 09:15:00,1644.300048828125,1739.949951171875,1641.199951171875,1655.550048828125,43472
2024-02-16 13:15:00,1657.699951171875,1664.949951171875,1642.5999755859375,1650.449951171875,8598
2024-02-19 09:15:00,1658.75,1691.0,1626.0,1627.5,6439
2024-02-19 13:15:00,1625.0,1635.300048828125,1620.0,1624.550048828125,8308
2024-02-20 09:15:00,1632.699951171875,1635.5999755859375,1596.8499755859375,1616.3499755859375,11963
2024-02-20 13:15:00,1616.3499755859375,1633.9000244140625,1604.0,1609.949951171875,8767
2024-02-21 09:15:00,1609.949951171875,1635.800048828125,1585.0,1598.699951171875,13685
2024-02-21 13:15:00,1598.5,1635.0,1595.050048828125,1629.9000244140625,6768
2024-02-22 09:15:00,1637.5,1674.949951171875,1630.8499755859375,1670.0,7352
2024-02-22 13:15:00,1669.449951171875,1670.0,1652.199951171875,1661.449951171875,5172
2024-02-23 09:15:00,1673.3499755859375,1674.0999755859375,1622.5,1626.4000244140625,4256
2024-02-23 13:15:00,1629.949951171875,1632.0,1621.75,1629.9000244140625,2358
2024-02-26 09:15:00,1607.0,1633.699951171875,1599.050048828125,1608.8499755859375,3871
2024-02-26 13:15:00,1608.8499755859375,1612.0,1591.3499755859375,1597.949951171875,4917
2024-02-27 09:15:00,1605.949951171875,1605.949951171875,1570.0,1574.5999755859375,3030
2024-02-27 13:15:00,1574.5999755859375,1590.800048828125,1560.199951171875,1566.25,16245
2024-02-28 09:15:00,1566.300048828125,1583.5,1523.0,1538.0,9508
2024-02-28 13:15:00,1537.449951171875,1553.699951171875,1515.050048828125,1516.0,9152
2024-02-29 09:15:00,1549.0999755859375,1549.0999755859375,1514.0,1524.949951171875,12056
2024-02-29 13:15:00,1524.5999755859375,1528.5999755859375,1511.0,1523.0,6327
2024-03-01 09:15:00,1529.949951171875,1580.25,1520.0,1524.3499755859375,9683
2024-03-01 13:15:00,1524.3499755859375,1540.300048828125,1508.3499755859375,1536.5,10777
2024-03-04 09:15:00,1560.6500244140625,1560.6500244140625,1530.0999755859375,1535.050048828125,2547
2024-03-04 13:15:00,1531.699951171875,1547.300048828125,1512.8499755859375,1514.0,4072
2024-03-05 09:15:00,1497.0,1510.199951171875,1467.0,1470.8499755859375,8553
2024-03-05 13:15:00,1470.8499755859375,1480.5999755859375,1462.050048828125,1475.75,9789
2024-03-06 09:15:00,1483.1500244140625,1612.949951171875,1444.0,1585.199951171875,122180
2024-03-06 13:15:00,1585.0999755859375,1588.8499755859375,1492.199951171875,1535.0,129217
2024-03-07 09:15:00,1522.75,1539.0,1501.300048828125,1505.050048828125,3752
2024-03-07 13:15:00,1505.25,1512.550048828125,1483.199951171875,1491.0,4833
2024-03-11 09:15:00,1490.0,1493.9000244140625,1451.1500244140625,1461.699951171875,7657
2024-03-11 13:15:00,1461.699951171875,1466.199951171875,1450.0,1450.0,2682
2024-03-12 09:15:00,1454.0,1465.3499755859375,1441.25,1444.300048828125,8012
2024-03-12 13:15:00,1444.300048828125,1458.800048828125,1427.199951171875,1441.199951171875,4428
2024-03-13 09:15:00,1441.3499755859375,1444.949951171875,1376.050048828125,1408.8499755859375,10281
2024-03-13 13:15:00,1409.75,1418.9000244140625,1360.0,1391.0,7358
2024-03-14 09:15:00,1370.1500244140625,1465.0,1370.1500244140625,1461.050048828125,2551
2024-03-14 13:15:00,1461.050048828125,1484.0,1459.1500244140625,1468.300048828125,12085
2024-03-15 09:15:00,1474.300048828125,1474.449951171875,1443.050048828125,1468.5,1560
2024-03-15 13:15:00,1468.5,1479.0,1450.0,1463.550048828125,2483
2024-03-18 09:15:00,1465.0,1511.800048828125,1443.4000244140625,1511.800048828125,5452
2024-03-18 13:15:00,1515.0,1541.5999755859375,1500.0999755859375,1533.4000244140625,8054
2024-03-19 09:15:00,1541.0999755859375,1541.0999755859375,1500.050048828125,1513.949951171875,1513
2024-03-19 13:15:00,1511.0,1516.9000244140625,1495.050048828125,1501.75,2010
2024-03-20 09:15:00,1495.699951171875,1513.3499755859375,1483.5,1503.1500244140625,845
2024-03-20 13:15:00,1498.6500244140625,1502.0999755859375,1485.0,1499.5999755859375,1962
2024-03-21 09:15:00,1494.050048828125,1509.3499755859375,1494.050048828125,1501.0,608
2024-03-21 13:15:00,1500.949951171875,1516.949951171875,1495.0,1502.949951171875,2187
2024-03-22 09:15:00,1502.949951171875,1520.0,1500.0,1509.0,1127
2024-03-22 13:15:00,1509.0,1525.0,1505.75,1519.300048828125,8002
2024-03-26 09:15:00,1518.9000244140625,1529.0,1491.0,1498.0999755859375,3873
2024-03-26 13:15:00,1498.0999755859375,1517.199951171875,1484.949951171875,1495.25,3923
2024-03-27 09:15:00,1502.75,1528.0,1495.300048828125,1505.800048828125,4186
2024-03-27 13:15:00,1504.050048828125,1509.949951171875,1458.949951171875,1488.0,4293
2024-03-28 09:15:00,1501.75,1538.6500244140625,1490.0,1527.0,8228
2024-03-28 13:15:00,1530.0,1539.0,1510.0,1528.449951171875,8568
2024-04-01 09:15:00,1528.449951171875,1555.0,1521.300048828125,1538.0,2066
2024-04-01 13:15:00,1535.0,1553.9000244140625,1533.25,1543.0999755859375,4355
2024-04-02 09:15:00,1543.0999755859375,1572.0,1543.0999755859375,1556.8499755859375,3110
2024-04-02 13:15:00,1560.0,1562.949951171875,1540.0,1540.0,1880
2024-04-03 09:15:00,1539.800048828125,1571.050048828125,1539.800048828125,1565.0999755859375,2931
2024-04-03 13:15:00,1567.699951171875,1567.800048828125,1545.0,1564.0,3547
2024-04-04 09:15:00,1562.699951171875,1576.0,1542.1500244140625,1575.0,5246
2024-04-04 13:15:00,1574.949951171875,1574.949951171875,1545.199951171875,1546.9000244140625,4416
2024-04-05 09:15:00,1542.050048828125,1576.0,1542.050048828125,1565.8499755859375,3837
2024-04-05 13:15:00,1568.6500244140625,1583.949951171875,1557.25,1576.5999755859375,3470
2024-04-08 09:15:00,1587.0999755859375,1610.0,1580.050048828125,1585.199951171875,1949
2024-04-08 13:15:00,1584.0,1598.0,1576.25,1588.449951171875,3529
2024-04-09 09:15:00,1589.0,1592.0,1540.050048828125,1541.0999755859375,2941
2024-04-09 13:15:00,1543.75,1549.9000244140625,1531.0,1541.9000244140625,4731
2024-04-10 09:15:00,1549.0,1557.199951171875,1517.949951171875,1518.800048828125,2216
2024-04-10 13:15:00,1518.0,1525.0,1515.050048828125,1516.75,3823
2024-04-12 09:15:00,1501.0,1548.1500244140625,1501.0,1540.0,3116
2024-04-12 13:15:00,1542.949951171875,1543.0,1499.0,1508.8499755859375,7115
2024-04-15 09:15:00,1499.0,1535.0,1465.0,1533.6500244140625,3601
2024-04-15 13:15:00,1532.6500244140625,1532.6500244140625,1500.0,1503.75,3733
2024-04-16 09:15:00,1502.1500244140625,1562.050048828125,1490.0,1529.949951171875,8653
2024-04-16 13:15:00,1529.5,1539.0,1511.699951171875,1520.3499755859375,2930
2024-04-18 09:15:00,1528.0,1560.050048828125,1517.949951171875,1523.949951171875,6216
2024-04-18 13:15:00,1523.949951171875,1524.9000244140625,1501.3499755859375,1511.3499755859375,3611
2024-04-19 09:15:00,1495.0,1513.449951171875,1484.25,1505.25,6563
2024-04-19 13:15:00,1503.0,1508.0,1490.050048828125,1491.5,1991
2024-04-22 09:15:00,1501.199951171875,1529.0999755859375,1501.199951171875,1516.5999755859375,1396
2024-04-22 13:15:00,1518.5999755859375,1525.0999755859375,1515.0,1520.0999755859375,1484
2024-04-23 09:15:00,1527.75,1538.0,1514.8499755859375,1528.0,2636
2024-04-23 13:15:00,1528.5999755859375,1554.5,1523.199951171875,1540.199951171875,3283
2024-04-24 09:15:00,1547.9000244140625,1556.949951171875,1545.0,1553.699951171875,1938
2024-04-24 13:15:00,1552.3499755859375,1563.9000244140625,1530.0999755859375,1541.949951171875,3318
2024-04-25 09:15:00,1540.0,1559.8499755859375,1531.8499755859375,1539.050048828125,3841
2024-04-25 13:15:00,1539.0,1555.0,1535.449951171875,1548.75,1943
2024-04-26 09:15:00,1552.0,1588.0,1551.0,1579.5999755859375,12335
2024-04-26 13:15:00,1579.0,1579.5999755859375,1550.0,1559.550048828125,7563
2024-04-29 09:15:00,1550.0,1580.4000244140625,1550.0,1559.949951171875,2331
2024-04-29 13:15:00,1557.75,1569.0,1540.050048828125,1569.0,3985
2024-04-30 09:15:00,1568.4000244140625,1575.0,1546.6500244140625,1550.9000244140625,4315
2024-04-30 13:15:00,1546.0,1555.050048828125,1525.5999755859375,1533.0,5665
2024-05-02 09:15:00,1525.0,1525.0,1484.1500244140625,1500.0,29063
2024-05-02 13:15:00,1502.800048828125,1519.9000244140625,1486.0,1508.449951171875,14898
2024-05-03 09:15:00,1507.949951171875,1508.449951171875,1470.0,1485.0,9271
2024-05-03 13:15:00,1485.0,1485.0,1469.0,1471.449951171875,11765
2024-05-06 09:15:00,1477.949951171875,1478.0,1418.25,1445.050048828125,3381
2024-05-06 13:15:00,1444.9000244140625,1455.0,1444.5,1449.0,2747
2024-05-07 09:15:00,1449.0,1449.0,1419.699951171875,1421.9000244140625,3568
2024-05-07 13:15:00,1421.949951171875,1435.0,1420.300048828125,1431.050048828125,1214
2024-05-08 09:15:00,1433.5999755859375,1440.0,1412.0999755859375,1427.8499755859375,1129
2024-05-08 13:15:00,1425.050048828125,1458.0,1423.0,1438.1500244140625,2543
2024-05-09 09:15:00,1454.0,1487.4000244140625,1436.5,1468.8499755859375,4293
2024-05-09 13:15:00,1461.449951171875,1461.449951171875,1434.050048828125,1450.5999755859375,6673
2024-05-10 09:15:00,1457.9000244140625,1470.8499755859375,1419.9000244140625,1450.0,13082
2024-05-10 13:15:00,1447.949951171875,1468.449951171875,1435.0999755859375,1446.3499755859375,2117
2024-05-13 09:15:00,1453.5999755859375,1517.75,1410.0,1484.6500244140625,29269
2024-05-13 13:15:00,1485.3499755859375,1504.0,1479.0,1499.949951171875,3405
2024-05-14 09:15:00,1507.449951171875,1507.449951171875,1470.0,1487.0,3047
2024-05-14 13:15:00,1488.199951171875,1492.1500244140625,1482.0999755859375,1482.9000244140625,6124
2024-05-15 09:15:00,1492.550048828125,1492.550048828125,1472.300048828125,1473.0,1292
2024-05-15 13:15:00,1473.0999755859375,1477.449951171875,1447.0,1453.699951171875,3518
2024-05-16 09:15:00,1475.5,1520.0,1475.5,1502.449951171875,16667
2024-05-16 13:15:00,1503.3499755859375,1503.3499755859375,1486.699951171875,1490.199951171875,6834
2024-05-17 09:15:00,1501.9000244140625,1529.800048828125,1493.75,1515.050048828125,5244
2024-05-17 13:15:00,1511.0,1525.0,1511.0,1514.5999755859375,1930
2024-05-21 09:15:00,1504.0,1515.0,1481.1500244140625,1484.5,4819
2024-05-21 13:15:00,1482.5999755859375,1489.9000244140625,1478.25,1480.699951171875,5196
2024-05-22 09:15:00,1488.1500244140625,1536.25,1486.9000244140625,1520.0,12629
2024-05-22 13:15:00,1524.9000244140625,1526.949951171875,1489.9000244140625,1494.3499755859375,5686
2024-05-23 09:15:00,1490.0,1497.449951171875,1478.800048828125,1487.5999755859375,3462
2024-05-23 13:15:00,1487.5999755859375,1505.0,1479.4000244140625,1481.25,3720
2024-05-24 09:15:00,1488.5,1501.699951171875,1482.449951171875,1490.199951171875,3145
2024-05-24 13:15:00,1492.0,1497.550048828125,1471.0999755859375,1481.0,4255
2024-05-27 09:15:00,1481.0,1481.0,1435.0,1452.800048828125,2687
2024-05-27 13:15:00,1452.8499755859375,1478.6500244140625,1450.0,1463.050048828125,4764
2024-05-28 09:15:00,1440.0,1465.050048828125,1440.0,1451.6500244140625,2639
2024-05-28 13:15:00,1451.8499755859375,1470.0,1450.4000244140625,1463.0999755859375,1443
2024-05-29 09:15:00,1463.5,1497.0,1448.699951171875,1482.5,4570
2024-05-29 13:15:00,1485.0,1489.8499755859375,1431.1500244140625,1443.449951171875,5039
2024-05-30 09:15:00,1445.0,1456.449951171875,1431.699951171875,1434.449951171875,4341
2024-05-30 13:15:00,1436.3499755859375,1439.949951171875,1428.5999755859375,1434.199951171875,2658
2024-05-31 09:15:00,1443.8499755859375,1448.949951171875,1417.0,1430.0,5796
2024-05-31 13:15:00,1430.0,1434.25,1422.0,1426.800048828125,4712
2024-06-03 09:15:00,1446.5999755859375,1477.9000244140625,1425.0,1435.050048828125,1833
2024-06-03 13:15:00,1437.550048828125,1438.3499755859375,1422.0,1422.0,6635
2024-06-04 09:15:00,1440.0,1458.949951171875,1381.0999755859375,1408.550048828125,10254
2024-06-04 13:15:00,1408.550048828125,1422.449951171875,1391.0,1395.0,3666
2024-06-05 09:15:00,1409.4000244140625,1449.949951171875,1386.0,1446.9000244140625,2410
2024-06-05 13:15:00,1446.0,1464.0,1442.699951171875,1452.699951171875,4837
2024-06-06 09:15:00,1465.0,1468.449951171875,1437.050048828125,1450.0999755859375,5778
2024-06-06 13:15:00,1452.75,1453.8499755859375,1439.8499755859375,1450.1500244140625,6127
2024-06-07 09:15:00,1450.1500244140625,1476.0,1438.5999755859375,1472.0,11838
2024-06-07 13:15:00,1474.1500244140625,1494.449951171875,1466.0,1477.199951171875,4944
2024-06-10 09:15:00,1492.5,1530.0,1477.8499755859375,1522.9000244140625,17279
2024-06-10 13:15:00,1524.0,1585.0,1521.5999755859375,1555.0,56348
2024-06-11 09:15:00,1562.0,1594.550048828125,1543.1500244140625,1561.0,3369
2024-06-11 13:15:00,1560.0,1565.5999755859375,1551.199951171875,1559.300048828125,5992
2024-06-12 09:15:00,1573.0,1573.0,1545.75,1554.0,3286
2024-06-12 13:15:00,1552.449951171875,1556.199951171875,1541.050048828125,1555.550048828125,6527
2024-06-13 09:15:00,1564.949951171875,1564.949951171875,1533.699951171875,1541.949951171875,2442
2024-06-13 13:15:00,1541.800048828125,1545.550048828125,1530.0,1535.800048828125,3396
2024-06-14 09:15:00,1545.800048828125,1550.0,1521.3499755859375,1537.5999755859375,6619
2024-06-14 13:15:00,1537.25,1537.550048828125,1519.5999755859375,1524.699951171875,2117
2024-06-18 09:15:00,1529.75,1547.199951171875,1515.300048828125,1532.800048828125,4712
2024-06-18 13:15:00,1537.449951171875,1559.1500244140625,1535.050048828125,1538.9000244140625,13593
2024-06-19 09:15:00,1546.5999755859375,1550.4000244140625,1515.0,1520.3499755859375,3614
2024-06-19 13:15:00,1520.050048828125,1578.9000244140625,1520.0,1555.3499755859375,8069
2024-06-20 09:15:00,1563.1500244140625,1563.1500244140625,1539.75,1555.949951171875,2461
2024-06-20 13:15:00,1552.699951171875,1557.9000244140625,1549.9000244140625,1557.0,3997
2024-06-21 09:15:00,1555.550048828125,1562.050048828125,1551.0,1551.5999755859375,1589
2024-06-21 13:15:00,1552.800048828125,1574.5,1552.800048828125,1574.5,13827
2024-06-24 09:15:00,1551.050048828125,1577.949951171875,1551.050048828125,1557.5,2361
2024-06-24 13:15:00,1556.0,1565.0,1552.0,1557.25,4782
2024-06-25 09:15:00,1568.199951171875,1569.699951171875,1551.5,1556.4000244140625,1364
2024-06-25 13:15:00,1556.8499755859375,1570.0,1532.199951171875,1561.4000244140625,5074
2024-06-26 09:15:00,1572.0,1572.0,1550.5,1562.9000244140625,4059
2024-06-26 13:15:00,1560.5999755859375,1667.9000244140625,1559.25,1634.5,29468
2024-06-27 09:15:00,1636.0,1670.0,1610.0,1624.550048828125,8220
2024-06-27 13:15:00,1623.9000244140625,1636.0,1590.0,1609.199951171875,9024
2024-06-28 09:15:00,1590.0,1647.800048828125,1584.699951171875,1627.300048828125,8759
2024-06-28 13:15:00,1630.3499755859375,1665.9000244140625,1627.0,1640.0999755859375,15727
2024-07-01 09:15:00,1643.0,1665.9000244140625,1633.050048828125,1649.5,8496
2024-07-01 13:15:00,1649.550048828125,1651.0,1605.0,1610.4000244140625,9496
2024-07-02 09:15:00,1611.25,1632.699951171875,1595.0,1596.1500244140625,2435
2024-07-02 13:15:00,1601.949951171875,1629.699951171875,1592.949951171875,1621.199951171875,2402
2024-07-03 09:15:00,1631.800048828125,1631.800048828125,1591.449951171875,1597.0,4342
2024-07-03 13:15:00,1597.0,1616.0,1565.550048828125,1579.0,7547
2024-07-04 09:15:00,1590.0,1599.5999755859375,1579.199951171875,1582.75,3913
2024-07-04 13:15:00,1582.75,1586.800048828125,1557.199951171875,1569.199951171875,3249
2024-07-05 09:15:00,1575.0,1642.5999755859375,1555.550048828125,1630.5,13416
2024-07-05 13:15:00,1627.6500244140625,1630.5,1615.699951171875,1626.0,6806
2024-07-08 09:15:00,1635.6500244140625,1644.5,1615.75,1627.9000244140625,4289
2024-07-08 13:15:00,1627.9000244140625,1679.949951171875,1619.0999755859375,1632.9000244140625,11194
2024-07-09 09:15:00,1632.9000244140625,1639.199951171875,1584.949951171875,1588.300048828125,6744
2024-07-09 13:15:00,1589.449951171875,1598.9000244140625,1585.0,1593.199951171875,3443
2024-07-10 09:15:00,1593.199951171875,1596.0,1544.949951171875,1570.1500244140625,8637
2024-07-10 13:15:00,1572.4000244140625,1581.949951171875,1545.0,1558.050048828125,1758
2024-07-11 09:15:00,1565.8499755859375,1585.199951171875,1553.3499755859375,1573.949951171875,6050
2024-07-11 13:15:00,1574.050048828125,1579.0,1547.0999755859375,1571.050048828125,4963
2024-07-12 09:15:00,1578.949951171875,1596.0,1561.5999755859375,1596.0,4649
2024-07-12 13:15:00,1593.0999755859375,1597.949951171875,1552.0,1562.9000244140625,3494
2024-07-15 09:15:00,1576.5999755859375,1728.75,1576.5999755859375,1692.0,137488
2024-07-15 13:15:00,1693.199951171875,1698.3499755859375,1620.6500244140625,1640.5,24667
2024-07-16 09:15:00,1667.6500244140625,1796.0,1645.550048828125,1768.449951171875,68119
2024-07-16 13:15:00,1769.75,1849.0,1760.0,1827.25,128788
2024-07-18 09:15:00,1830.449951171875,1994.949951171875,1777.0,1908.0,179195
2024-07-18 13:15:00,1904.699951171875,1908.0,1800.0,1812.0,53062
2024-07-19 09:15:00,1790.050048828125,1820.0999755859373,1755.199951171875,1772.5,14964
2024-07-19 13:15:00,1766.5999755859375,1807.4000244140625,1764.050048828125,1794.4000244140625,8068
2024-07-22 09:15:00,1803.0,2065.35009765625,1803.0,1874.6500244140625,326971
2024-07-22 13:15:00,1872.0,1907.0,1807.0,1826.25,90858
2024-07-23 09:15:00,1849.9000244140625,1954.550048828125,1813.0,1889.25,133723
2024-07-23 13:15:00,1890.0,1905.0,1871.050048828125,1900.0,20422
2024-07-24 09:15:00,1898.0,1973.5,1892.300048828125,1905.8499755859373,36879
2024-07-24 13:15:00,1905.4000244140625,2042.449951171875,1900.0,1996.0,40920
2024-07-25 09:15:00,1980.8499755859373,2016.4000244140625,1944.5,1959.949951171875,13422
2024-07-25 13:15:00,1961.449951171875,2007.9000244140625,1961.0,1976.0,14663
2024-07-26 09:15:00,1952.25,1986.0,1933.1500244140625,1939.449951171875,14229
2024-07-26 13:15:00,1934.6500244140625,1940.8499755859373,1902.0,1929.5999755859373,12583
2024-07-29 09:15:00,1929.949951171875,1941.6500244140625,1838.0,1847.0,24473
2024-07-29 13:15:00,1846.1500244140625,1863.0,1841.4000244140625,1863.0,8896
2024-07-30 09:15:00,1850.0,2037.75,1850.0,1975.449951171875,59588
2024-07-30 13:15:00,1974.949951171875,1999.0,1959.949951171875,1983.4000244140625,32050
2024-07-31 09:15:00,1978.800048828125,1986.5999755859373,1952.0,1962.0,14760
2024-07-31 13:15:00,1962.0,1974.75,1944.3499755859373,1960.3499755859373,10110
2024-08-01 09:15:00,1963.6500244140625,2037.949951171875,1952.199951171875,1955.5999755859373,25813
2024-08-01 13:15:00,1955.8499755859373,1993.4000244140625,1943.25,1974.9000244140625,10624
2024-08-02 09:15:00,1940.0,2013.449951171875,1940.0,1962.050048828125,18934
2024-08-02 13:15:00,1960.6500244140625,1975.1500244140625,1945.949951171875,1961.050048828125,4993
2024-08-05 09:15:00,1902.449951171875,1949.8499755859373,1872.75,1888.199951171875,9913
2024-08-05 13:15:00,1890.0,1910.6500244140625,1873.9000244140625,1875.0,9331
2024-08-06 09:15:00,1908.3499755859373,1947.9000244140625,1882.6500244140625,1891.25,9367
2024-08-06 13:15:00,1890.5999755859373,1917.4000244140625,1880.0,1885.0999755859373,5030
2024-08-07 09:15:00,1894.550048828125,1921.0,1871.449951171875,1905.1500244140625,9709
2024-08-07 13:15:00,1904.1500244140625,1958.699951171875,1890.75,1953.5999755859373,15893
2024-08-08 09:15:00,1965.0,2123.0,1956.5,2096.800048828125,129690
2024-08-08 13:15:00,2096.800048828125,2220.0,2073.800048828125,2199.0,110951
2024-08-09 09:15:00,2172.60009765625,2240.89990234375,2121.0,2176.050048828125,39913
2024-08-09 13:15:00,2175.0,2198.14990234375,2160.25,2180.0,13300
2024-08-12 09:15:00,2178.64990234375,2295.949951171875,2123.300048828125,2193.14990234375,36028
2024-08-12 13:15:00,2193.0,2241.949951171875,2099.60009765625,2118.0,25681
2024-08-13 09:15:00,2131.0,2165.050048828125,2080.0,2091.699951171875,19632
2024-08-13 13:15:00,2087.60009765625,2095.75,2030.0,2062.0,20231
2024-08-14 09:15:00,2050.0,2150.0,2023.0,2107.14990234375,20487
2024-08-14 13:15:00,2106.800048828125,2132.0,2070.0,2109.800048828125,13274
2024-08-16 09:15:00,2109.25,2116.85009765625,2071.85009765625,2081.10009765625,6142
2024-08-16 13:15:00,2077.550048828125,2100.0,2075.0,2092.89990234375,4576
2024-08-19 09:15:00,2100.39990234375,2160.0,2091.14990234375,2124.800048828125,3940
2024-08-19 13:15:00,2127.800048828125,2137.199951171875,2110.0,2123.75,6922
2024-08-20 09:15:00,2140.0,2153.35009765625,2082.050048828125,2106.85009765625,6428
2024-08-20 13:15:00,2106.10009765625,2125.0,2082.25,2107.800048828125,5760
2024-08-21 09:15:00,2095.0,2159.35009765625,2095.0,2126.5,12416
2024-08-21 13:15:00,2129.699951171875,2143.0,2108.199951171875,2134.10009765625,5595
2024-08-22 09:15:00,2160.0,2212.39990234375,2112.10009765625,2141.64990234375,13869
2024-08-22 13:15:00,2141.64990234375,2169.949951171875,2118.0,2132.050048828125,10428
2024-08-23 09:15:00,2156.75,2156.800048828125,2117.0,2128.64990234375,6433
2024-08-23 13:15:00,2128.0,2135.0,2119.35009765625,2128.949951171875,3945
2024-08-26 09:15:00,2139.60009765625,2223.0,2127.050048828125,2179.949951171875,31785
2024-08-26 13:15:00,2179.949951171875,2181.0,2159.64990234375,2171.85009765625,5238
2024-08-27 09:15:00,2188.0,2231.85009765625,2175.0,2186.949951171875,18912
2024-08-27 13:15:00,2187.550048828125,2200.0,2155.0,2168.10009765625,5596
2024-08-28 09:15:00,2179.949951171875,2194.89990234375,2157.10009765625,2172.89990234375,10077
2024-08-28 13:15:00,2176.25,2176.25,2131.0,2141.300048828125,8245
2024-08-29 09:15:00,2153.449951171875,2169.949951171875,2090.10009765625,2094.39990234375,11829
2024-08-29 13:15:00,2095.949951171875,2104.949951171875,2078.949951171875,2088.39990234375,5116
2024-08-30 09:15:00,2098.85009765625,2114.949951171875,2076.0,2100.050048828125,6001
2024-08-30 13:15:00,2100.050048828125,2119.699951171875,2086.5,2105.550048828125,3774
2024-09-02 09:15:00,2106.0,2171.949951171875,2106.0,2125.0,5792
2024-09-02 13:15:00,2122.14990234375,2131.5,2115.0,2123.39990234375,3614
2024-09-03 09:15:00,2115.39990234375,2130.0,2100.050048828125,2103.550048828125,5968
2024-09-03 13:15:00,2103.5,2160.39990234375,2097.85009765625,2116.550048828125,8150
2024-09-04 09:15:00,2066.0,2115.699951171875,2065.0,2090.699951171875,8446
2024-09-04 13:15:00,2090.800048828125,2233.0,2090.699951171875,2192.050048828125,27401
2024-09-05 09:15:00,2233.949951171875,2250.949951171875,2176.050048828125,2225.199951171875,24747
2024-09-05 13:15:00,2225.199951171875,2250.0,2215.0,2243.10009765625,12861
2024-09-06 09:15:00,2273.10009765625,2398.0,2260.35009765625,2350.64990234375,132989
2024-09-06 13:15:00,2346.550048828125,2357.0,2298.5,2319.89990234375,21069
2024-09-09 09:15:00,2349.0,2354.449951171875,2227.800048828125,2316.050048828125,12986
2024-09-09 13:15:00,2312.550048828125,2400.0,2300.0,2378.449951171875,12099
2024-09-10 09:15:00,2378.0,2389.449951171875,2319.300048828125,2380.0,39760
2024-09-10 13:15:00,2383.449951171875,2421.85009765625,2372.0,2382.14990234375,20633
2024-09-11 09:15:00,2368.25,2389.800048828125,2301.449951171875,2305.0,43455
2024-09-11 13:15:00,2305.050048828125,2310.0,2246.60009765625,2256.0,20335
2024-09-12 09:15:00,2269.199951171875,2330.0,2260.050048828125,2300.0,20400
2024-09-12 13:15:00,2298.5,2325.0,2269.60009765625,2298.449951171875,10034
2024-09-13 09:15:00,2290.5,2344.39990234375,2268.300048828125,2292.5,22813
2024-09-13 13:15:00,2295.89990234375,2308.0,2267.35009765625,2277.75,32235
2024-09-16 09:15:00,2311.699951171875,2350.5,2291.14990234375,2307.699951171875,5459
2024-09-16 13:15:00,2308.39990234375,2309.949951171875,2280.300048828125,2309.949951171875,9527
2024-09-17 09:15:00,2300.0,2311.449951171875,2230.550048828125,2230.89990234375,8975
2024-09-17 13:15:00,2232.75,2240.0,2195.0,2231.050048828125,7479
2024-09-18 09:15:00,2211.800048828125,2245.0,2180.10009765625,2181.75,6755
2024-09-18 13:15:00,2178.699951171875,2189.949951171875,2161.800048828125,2174.75,2564
2024-09-19 09:15:00,2174.699951171875,2207.949951171875,2070.0,2117.199951171875,13975
2024-09-19 13:15:00,2115.89990234375,2126.050048828125,2092.550048828125,2112.449951171875,5230
2024-09-20 09:15:00,2127.85009765625,2185.050048828125,2108.39990234375,2173.0,8962
2024-09-20 13:15:00,2173.0,2262.0,2155.550048828125,2248.199951171875,17053
2024-09-23 09:15:00,2260.0,2281.949951171875,2220.60009765625,2239.39990234375,5594
2024-09-23 13:15:00,2233.0,2234.699951171875,2176.0,2201.10009765625,2939
2024-09-24 09:15:00,2205.39990234375,2265.0,2185.449951171875,2198.050048828125,11226
2024-09-24 13:15:00,2201.949951171875,2209.800048828125,2160.0,2174.89990234375,3217
2024-09-25 09:15:00,2196.64990234375,2226.949951171875,2135.5,2209.64990234375,10804
2024-09-25 13:15:00,2205.199951171875,2249.89990234375,2200.60009765625,2222.949951171875,9170
2024-09-26 09:15:00,2200.0,2268.85009765625,2200.0,2230.800048828125,5082
2024-09-26 13:15:00,2230.35009765625,2268.949951171875,2230.0,2263.0,4841
2024-09-27 09:15:00,2260.0,2306.949951171875,2246.050048828125,2280.300048828125,11639
2024-09-27 13:15:00,2280.050048828125,2305.0,2252.5,2290.300048828125,2634
2024-09-30 09:15:00,2290.300048828125,2347.0,2258.050048828125,2331.85009765625,33345
2024-09-30 13:15:00,2332.10009765625,2365.0,2327.800048828125,2354.5,9121
2024-10-01 09:15:00,2349.89990234375,2477.60009765625,2332.0,2458.0,50755
2024-10-01 13:15:00,2458.0,2544.449951171875,2450.050048828125,2505.0,39257
2024-10-03 09:15:00,2520.0,2648.449951171875,2480.0,2613.199951171875,74143
2024-10-03 13:15:00,2608.14990234375,2647.949951171875,2573.550048828125,2614.800048828125,22417
2024-10-04 09:15:00,2589.85009765625,2594.0,2491.0,2519.949951171875,11813
2024-10-04 13:15:00,2510.050048828125,2650.0,2510.050048828125,2609.199951171875,16484
2024-10-07 09:15:00,2626.199951171875,2942.449951171875,2522.85009765625,2683.699951171875,208518
2024-10-07 13:15:00,2699.699951171875,2732.050048828125,2631.10009765625,2656.550048828125,58423
2024-10-08 09:15:00,2655.0,2868.0,2639.050048828125,2750.0,68652
2024-10-08 13:15:00,2750.0,2775.949951171875,2731.25,2741.85009765625,29082
2024-10-09 09:15:00,2767.89990234375,2789.949951171875,2719.300048828125,2743.050048828125,17893
2024-10-09 13:15:00,2743.050048828125,2747.75,2697.550048828125,2728.35009765625,10936
2024-10-10 09:15:00,2733.949951171875,2742.0,2668.050048828125,2741.5,4434
2024-10-10 13:15:00,2742.0,2810.0,2738.550048828125,2789.949951171875,11662
2024-10-11 09:15:00,2759.199951171875,2830.949951171875,2752.800048828125,2802.5,3989
2024-10-11 13:15:00,2801.0,2825.0,2791.0,2806.89990234375,7921
2024-10-14 09:15:00,2802.800048828125,2811.949951171875,2659.199951171875,2668.89990234375,29769
2024-10-14 13:15:00,2665.550048828125,2748.89990234375,2657.449951171875,2686.449951171875,19086
2024-10-15 09:15:00,2695.0,2973.949951171875,2691.550048828125,2850.0,50563
2024-10-15 13:15:00,2850.0,2855.0,2780.14990234375,2825.300048828125,26970
2024-10-16 09:15:00,2858.10009765625,2889.0,2810.0,2825.64990234375,9710
2024-10-16 13:15:00,2825.0,2827.949951171875,2813.199951171875,2818.800048828125,7091
2024-10-17 09:15:00,2836.199951171875,2869.949951171875,2815.0,2834.64990234375,5951
2024-10-17 13:15:00,2834.64990234375,2839.199951171875,2780.0,2797.550048828125,6146
2024-10-18 09:15:00,2821.64990234375,2902.14990234375,2726.35009765625,2800.0,13830
2024-10-18 13:15:00,2800.14990234375,2820.0,2780.199951171875,2782.5,4329
2024-10-21 09:15:00,2777.550048828125,2802.949951171875,2734.89990234375,2746.050048828125,4090
2024-10-21 13:15:00,2746.050048828125,2754.85009765625,2740.0,2749.85009765625,14163
2024-10-22 09:15:00,2769.60009765625,2769.60009765625,2640.050048828125,2648.25,5339
2024-10-22 13:15:00,2647.0,2647.0,2575.449951171875,2594.60009765625,9329
2024-10-23 09:15:00,2550.050048828125,2649.0,2524.60009765625,2591.5,5413
2024-10-23 13:15:00,2591.5,2601.550048828125,2516.199951171875,2551.10009765625,8702
2024-10-24 09:15:00,2525.5,2595.550048828125,2525.5,2547.39990234375,6437
2024-10-24 13:15:00,2546.60009765625,2563.050048828125,2489.5,2515.60009765625,9162
2024-10-25 09:15:00,2515.25,2524.949951171875,2360.0,2388.64990234375,17018
2024-10-25 13:15:00,2388.64990234375,2390.0,2320.0,2367.949951171875,17735
2024-10-28 09:15:00,2379.050048828125,2442.800048828125,2328.050048828125,2426.35009765625,7672
2024-10-28 13:15:00,2431.050048828125,2461.550048828125,2418.050048828125,2448.5,4520
2024-10-29 09:15:00,2478.14990234375,2478.14990234375,2370.0,2398.449951171875,5950
2024-10-29 13:15:00,2403.39990234375,2403.39990234375,2375.0,2385.5,3378
2024-10-30 09:15:00,2397.449951171875,2461.89990234375,2397.449951171875,2437.64990234375,2465
2024-10-30 13:15:00,2437.0,2449.800048828125,2419.5,2446.0,5188
2024-10-31 09:15:00,2422.60009765625,2483.75,2422.60009765625,2476.85009765625,2659
2024-10-31 13:15:00,2480.550048828125,2520.449951171875,2475.85009765625,2508.199951171875,4458
2024-11-04 09:15:00,2650.0,2650.0,2541.60009765625,2552.949951171875,5295
2024-11-04 13:15:00,2552.14990234375,2587.199951171875,2552.0,2575.25,4291
2024-11-05 09:15:00,2602.199951171875,2744.800048828125,2575.0,2668.0,18820
2024-11-05 13:15:00,2667.64990234375,2675.0,2604.75,2634.800048828125,9883
2024-11-06 09:15:00,2677.25,2677.25,2612.25,2648.050048828125,3235
2024-11-06 13:15:00,2648.0,2688.0,2642.5,2678.0,5161
2024-11-07 09:15:00,2700.0,2728.0,2638.550048828125,2668.800048828125,2280
2024-11-07 13:15:00,2661.89990234375,2675.25,2635.85009765625,2664.14990234375,4010
2024-11-08 09:15:00,2630.0,2637.550048828125,2475.0,2516.699951171875,32052
2024-11-08 13:15:00,2511.25,2530.0,2463.0,2487.64990234375,11258
2024-11-11 09:15:00,2487.39990234375,2487.39990234375,2352.10009765625,2356.39990234375,13465
2024-11-11 13:15:00,2352.10009765625,2357.89990234375,2312.300048828125,2340.0,13159
2024-11-12 09:15:00,2324.949951171875,2355.75,2290.050048828125,2302.14990234375,7080
2024-11-12 13:15:00,2300.0,2300.800048828125,2250.0,2250.0,5479
2024-11-13 09:15:00,2238.949951171875,2266.35009765625,2171.0,2188.85009765625,4716
2024-11-13 13:15:00,2189.25,2210.14990234375,2149.949951171875,2161.949951171875,9044
2024-11-14 09:15:00,2140.050048828125,2215.60009765625,2140.050048828125,2172.550048828125,4973
2024-11-14 13:15:00,2177.699951171875,2180.0,2127.449951171875,2157.64990234375,4453
2024-11-18 09:15:00,2157.0,2157.949951171875,2084.75,2128.39990234375,4750
2024-11-18 13:15:00,2130.699951171875,2131.949951171875,2083.25,2100.0,8075
2024-11-19 09:15:00,2111.949951171875,2141.25,2074.050048828125,2074.050048828125,8031
2024-11-19 13:15:00,2078.89990234375,2086.949951171875,2021.25,2046.0,9203
2024-11-21 09:15:00,2068.0,2077.10009765625,2028.050048828125,2064.199951171875,3654
2024-11-21 13:15:00,2060.550048828125,2071.60009765625,2018.0999755859373,2032.25,3698
2024-11-22 09:15:00,2048.64990234375,2048.64990234375,1975.0,1986.25,10585
2024-11-22 13:15:00,1984.75,2009.0,1954.5999755859373,1991.949951171875,14595
2024-11-25 09:15:00,2016.1500244140625,2058.0,1985.0,1995.050048828125,12066
2024-11-25 13:15:00,2002.949951171875,2012.449951171875,1996.1500244140625,2004.8499755859373,7465
2024-11-26 09:15:00,2007.0,2040.449951171875,1994.0,2009.9000244140625,1941
2024-11-26 13:15:00,2011.75,2035.9000244140625,2011.75,2030.0,3775
2024-11-27 09:15:00,2030.0,2065.0,2006.5999755859373,2051.0,4080
2024-11-27 13:15:00,2051.0,2079.699951171875,2040.0,2060.449951171875,3709
2024-11-28 09:15:00,2080.0,2142.949951171875,2054.10009765625,2140.0,7298
2024-11-28 13:15:00,2134.5,2160.0,2120.0,2136.449951171875,10566
2024-11-29 09:15:00,2153.199951171875,2294.60009765625,2146.550048828125,2215.39990234375,22317
2024-11-29 13:15:00,2215.35009765625,2247.35009765625,2198.39990234375,2217.449951171875,11855
2024-12-02 09:15:00,2217.449951171875,2245.5,2195.050048828125,2222.64990234375,3401
2024-12-02 13:15:00,2223.0,2262.699951171875,2221.0,2248.75,5748
2024-12-03 09:15:00,2271.25,2289.75,2222.75,2229.0,4240
2024-12-03 13:15:00,2232.0,2233.800048828125,2211.699951171875,2219.64990234375,4587
2024-12-04 09:15:00,2239.0,2239.0,2197.0,2207.64990234375,4017
2024-12-04 13:15:00,2204.5,2216.0,2203.0,2203.0,2839
2024-12-05 09:15:00,2208.0,2221.449951171875,2153.449951171875,2176.60009765625,4647
2024-12-05 13:15:00,2174.5,2199.75,2171.449951171875,2189.60009765625,4231
2024-12-06 09:15:00,2192.0,2224.0,2186.050048828125,2217.85009765625,3456
2024-12-06 13:15:00,2216.75,2226.050048828125,2205.0,2215.0,4707
2024-12-09 09:15:00,2215.10009765625,2295.550048828125,2205.64990234375,2250.199951171875,5860
2024-12-09 13:15:00,2250.199951171875,2259.0,2234.050048828125,2246.39990234375,4888
2024-12-10 09:15:00,2270.89990234375,2294.699951171875,2230.10009765625,2284.89990234375,6847
2024-12-10 13:15:00,2278.800048828125,2335.0,2270.0,2335.0,13038
2024-12-11 09:15:00,2362.0,2390.800048828125,2299.75,2316.5,8978
2024-12-11 13:15:00,2316.5,2340.25,2292.0,2310.199951171875,8906
2024-12-12 09:15:00,2298.25,2307.75,2262.199951171875,2287.0,3849
2024-12-12 13:15:00,2286.5,2290.0,2275.0,2279.14990234375,2100
2024-12-13 09:15:00,2268.5,2314.35009765625,2243.10009765625,2272.449951171875,4211
2024-12-13 13:15:00,2276.25,2290.0,2250.0,2270.39990234375,3192
2024-12-16 09:15:00,2267.64990234375,2334.64990234375,2267.64990234375,2278.800048828125,2466
2024-12-16 13:15:00,2276.39990234375,2300.199951171875,2253.10009765625,2266.0,3612
2024-12-17 09:15:00,2300.0,2300.0,2213.60009765625,2244.60009765625,4257
2024-12-17 13:15:00,2244.699951171875,2246.550048828125,2211.10009765625,2228.75,2367
2024-12-18 09:15:00,2228.300048828125,2247.5,2183.550048828125,2196.0,4061
2024-12-18 13:15:00,2196.0,2199.5,2184.75,2184.75,1857
2024-12-19 09:15:00,2177.949951171875,2279.949951171875,2154.050048828125,2270.0,4696
2024-12-19 13:15:00,2270.25,2285.0,2231.199951171875,2251.0,8637
2024-12-20 09:15:00,2254.800048828125,2269.949951171875,2192.10009765625,2196.5,2301
2024-12-20 13:15:00,2196.89990234375,2260.5,2180.050048828125,2206.39990234375,5980
2024-12-23 09:15:00,2210.39990234375,2230.949951171875,2160.0,2174.949951171875,1102
2024-12-23 13:15:00,2175.5,2200.0,2171.5,2186.800048828125,1453
2024-12-24 09:15:00,2191.10009765625,2205.199951171875,2130.0,2142.14990234375,3345
2024-12-24 13:15:00,2142.050048828125,2180.10009765625,2141.550048828125,2163.550048828125,4292
2024-12-26 09:15:00,2180.0,2182.25,2110.050048828125,2139.550048828125,3231
2024-12-26 13:15:00,2139.5,2163.35009765625,2125.10009765625,2141.14990234375,4177
2024-12-27 09:15:00,2159.14990234375,2159.14990234375,2113.35009765625,2125.699951171875,2241
2024-12-27 13:15:00,2126.0,2145.0,2105.0,2119.60009765625,3627
2024-12-30 09:15:00,2098.050048828125,2129.85009765625,2064.85009765625,2096.300048828125,4400
2024-12-30 13:15:00,2096.550048828125,2119.5,2077.0,2094.0,3676
2024-12-31 09:15:00,2086.0,2162.0,2064.14990234375,2149.60009765625,8229
2024-12-31 13:15:00,2143.5,2211.89990234375,2143.5,2211.89990234375,11690
2025-01-01 09:15:00,2206.25,2268.449951171875,2190.10009765625,2237.550048828125,3050
2025-01-01 13:15:00,2236.64990234375,2236.64990234375,2172.199951171875,2196.550048828125,5172
2025-01-02 09:15:00,2196.550048828125,2232.0,2168.75,2222.0,3534
2025-01-02 13:15:00,2217.699951171875,2217.699951171875,2189.14990234375,2199.199951171875,2110
2025-01-03 09:15:00,2210.0,2335.5,2187.0,2315.0,15451
2025-01-03 13:15:00,2312.0,2352.5,2308.0,2337.5,17044
2025-01-06 09:15:00,2291.0,2320.0,2226.5,2252.75,6697
2025-01-06 13:15:00,2255.0,2264.449951171875,2201.60009765625,2216.0,5178
2025-01-07 09:15:00,2249.25,2317.10009765625,2233.85009765625,2314.85009765625,5366
2025-01-07 13:15:00,2316.0,2329.0,2299.949951171875,2325.14990234375,7959
2025-01-08 09:15:00,2345.0,2353.949951171875,2267.550048828125,2279.949951171875,2955
2025-01-08 13:15:00,2275.050048828125,2314.0,2267.0,2299.10009765625,4422
2025-01-09 09:15:00,2299.10009765625,2299.10009765625,2250.0,2253.300048828125,4225
2025-01-09 13:15:00,2251.449951171875,2253.64990234375,2200.550048828125,2201.050048828125,4175
2025-01-10 09:15:00,2209.449951171875,2209.449951171875,2127.300048828125,2130.300048828125,3501
2025-01-10 13:15:00,2130.300048828125,2135.0,2100.0,2112.25,2713
2025-01-13 09:15:00,2125.0,2139.949951171875,2022.0,2039.5999755859373,11146
2025-01-13 13:15:00,2038.949951171875,2042.550048828125,1990.0,2004.0999755859373,6340
2025-01-14 09:15:00,2000.0,2031.949951171875,1984.050048828125,2008.4000244140625,3115
2025-01-14 13:15:00,2012.25,2073.0,2008.5999755859373,2057.64990234375,2291
2025-01-15 09:15:00,2079.89990234375,2091.0,2028.0999755859373,2058.050048828125,4376
2025-01-15 13:15:00,2058.050048828125,2058.050048828125,2036.800048828125,2037.0999755859373,1776
2025-01-16 09:15:00,2058.0,2092.300048828125,2042.6500244140625,2055.14990234375,1406
2025-01-16 13:15:00,2055.199951171875,2078.10009765625,2050.10009765625,2067.10009765625,1695
2025-01-17 09:15:00,2046.0,2075.89990234375,2038.75,2067.800048828125,1985
2025-01-17 13:15:00,2075.14990234375,2095.60009765625,2069.050048828125,2082.449951171875,1985
2025-01-20 09:15:00,2099.449951171875,2164.949951171875,2068.0,2144.10009765625,5095
2025-01-20 13:15:00,2141.0,2205.0,2140.0,2195.0,10199
2025-01-21 09:15:00,2180.35009765625,2208.39990234375,2121.300048828125,2141.10009765625,7157
2025-01-21 13:15:00,2141.5,2163.75,2133.0,2133.10009765625,3020
2025-01-22 09:15:00,2118.39990234375,2128.85009765625,2068.0,2070.39990234375,2224
2025-01-22 13:15:00,2068.0,2084.0,2068.0,2076.5,2081
2025-01-23 09:15:00,2095.550048828125,2166.800048828125,2076.60009765625,2160.550048828125,2768
2025-01-23 13:15:00,2160.800048828125,2175.0,2141.39990234375,2163.14990234375,3298
2025-01-24 09:15:00,2155.0,2161.89990234375,2068.0,2104.449951171875,2341
2025-01-24 13:15:00,2112.5,2112.5,2068.0,2084.14990234375,2900
2025-01-27 09:15:00,2084.14990234375,2350.0,2084.14990234375,2287.0,209487
2025-01-27 13:15:00,2287.0,2319.0,2213.949951171875,2214.89990234375,77034
2025-01-28 09:15:00,2221.800048828125,2225.0,2100.199951171875,2178.0,16513
2025-01-28 13:15:00,2178.550048828125,2262.35009765625,2173.25,2231.699951171875,15253
2025-01-29 09:15:00,2259.949951171875,2440.0,2230.0,2413.300048828125,51531
2025-01-29 13:15:00,2416.800048828125,2430.0,2360.0,2424.0,19681
2025-01-30 09:15:00,2434.199951171875,2486.0,2379.449951171875,2435.300048828125,11612
2025-01-30 13:15:00,2438.89990234375,2450.0,2384.39990234375,2393.85009765625,9358
2025-01-31 09:15:00,2320.0,2450.0,2320.0,2443.699951171875,14518
2025-01-31 13:15:00,2443.199951171875,2460.0,2400.0,2440.64990234375,11617
2025-02-03 09:15:00,2449.550048828125,2449.550048828125,2382.949951171875,2429.60009765625,4253
2025-02-03 13:15:00,2429.60009765625,2440.0,2404.0,2405.64990234375,3390
2025-02-04 09:15:00,2436.25,2575.0,2436.25,2557.550048828125,21689
2025-02-04 13:15:00,2556.64990234375,2613.85009765625,2540.0,2553.14990234375,26974
2025-02-05 09:15:00,2589.949951171875,2625.0,2490.550048828125,2516.10009765625,6357
2025-02-05 13:15:00,2521.35009765625,2526.0,2442.199951171875,2452.0,9985
2025-02-06 09:15:00,2472.0,2559.949951171875,2462.550048828125,2496.199951171875,9811
2025-02-06 13:15:00,2495.699951171875,2542.25,2495.699951171875,2530.300048828125,5589
2025-02-07 09:15:00,2532.0,2532.0,2470.449951171875,2499.10009765625,3504
2025-02-07 13:15:00,2498.5,2510.0,2475.0,2496.199951171875,2889
2025-02-10 09:15:00,2513.10009765625,2513.300048828125,2387.60009765625,2412.60009765625,6471
2025-02-10 13:15:00,2412.64990234375,2418.10009765625,2385.300048828125,2397.550048828125,5408
2025-02-11 09:15:00,2397.0,2400.0,2270.0,2281.10009765625,11525
2025-02-11 13:15:00,2284.949951171875,2317.300048828125,2275.0,2299.75,6990
2025-02-12 09:15:00,2299.75,2333.0,2220.0,2332.0,5998
2025-02-12 13:15:00,2332.0,2343.5,2285.800048828125,2315.35009765625,4289
2025-02-13 09:15:00,2291.60009765625,2424.89990234375,2291.60009765625,2368.050048828125,6536
2025-02-13 13:15:00,2361.14990234375,2390.0,2333.85009765625,2378.050048828125,8075
2025-02-14 09:15:00,2390.050048828125,2424.949951171875,2200.0,2201.300048828125,5548
2025-02-14 13:15:00,2205.89990234375,2261.949951171875,2202.550048828125,2241.5,6688
2025-02-17 09:15:00,2286.35009765625,2286.35009765625,2160.050048828125,2202.800048828125,4936
2025-02-17 13:15:00,2198.64990234375,2245.0,2192.89990234375,2216.449951171875,3939
2025-02-18 09:15:00,2183.199951171875,2232.89990234375,2132.75,2164.0,4614
2025-02-18 13:15:00,2163.699951171875,2201.0,2159.14990234375,2185.800048828125,3158
2025-02-19 09:15:00,2158.300048828125,2295.800048828125,2154.60009765625,2292.64990234375,5126
2025-02-19 13:15:00,2290.0,2330.0,2279.89990234375,2316.35009765625,4476
2025-02-20 09:15:00,2300.0,2395.0,2294.60009765625,2360.949951171875,1814
2025-02-20 13:15:00,2360.85009765625,2367.0,2309.39990234375,2321.550048828125,4736
2025-02-21 09:15:00,2321.550048828125,2388.949951171875,2321.550048828125,2350.449951171875,3120
2025-02-21 13:15:00,2350.5,2397.199951171875,2346.199951171875,2370.050048828125,5688
2025-02-24 09:15:00,2370.050048828125,2387.949951171875,2314.14990234375,2343.199951171875,6223
2025-02-24 13:15:00,2344.35009765625,2346.0,2261.300048828125,2274.0,6215
2025-02-25 09:15:00,2259.949951171875,2380.0,2259.949951171875,2340.25,9860
2025-02-25 13:15:00,2345.25,2361.10009765625,2326.050048828125,2345.550048828125,4288
2025-02-27 09:15:00,2345.550048828125,2345.550048828125,2215.0,2232.25,4236
2025-02-27 13:15:00,2234.25,2261.60009765625,2201.0,2237.64990234375,4157
2025-02-28 09:15:00,2195.949951171875,2195.949951171875,2050.0,2066.5,6958
2025-02-28 13:15:00,2066.5,2106.60009765625,2060.0,2098.949951171875,4675
2025-03-03 09:15:00,2120.0,2120.0,1962.5,2016.4000244140625,13197
2025-03-03 13:15:00,2017.0,2020.0,2001.5999755859373,2012.449951171875,4141
2025-03-04 09:15:00,2014.9000244140625,2114.75,1951.0999755859373,2078.89990234375,7843
2025-03-04 13:15:00,2084.199951171875,2108.0,2075.050048828125,2091.0,3100
2025-03-05 09:15:00,2120.0,2172.14990234375,2084.300048828125,2101.0,4215
2025-03-05 13:15:00,2100.0,2137.14990234375,2080.0,2132.0,4582
2025-03-06 09:15:00,2165.0,2200.0,2139.300048828125,2176.60009765625,2914
2025-03-06 13:15:00,2174.5,2195.0,2170.300048828125,2170.300048828125,2903
2025-03-07 09:15:00,2187.14990234375,2240.0,2170.300048828125,2204.0,3500
2025-03-07 13:15:00,2210.0,2220.0,2110.199951171875,2155.0,13886
2025-03-10 09:15:00,2154.89990234375,2173.64990234375,2087.0,2089.10009765625,2974
2025-03-10 13:15:00,2089.050048828125,2092.0,2064.10009765625,2073.35009765625,3331
2025-03-11 09:15:00,2053.39990234375,2077.85009765625,2005.25,2058.949951171875,4737
2025-03-11 13:15:00,2059.800048828125,2091.89990234375,2012.199951171875,2037.0999755859373,4669
2025-03-12 09:15:00,2037.949951171875,2057.89990234375,2010.699951171875,2029.75,2325
2025-03-12 13:15:00,2031.5,2118.699951171875,2021.300048828125,2084.89990234375,8594
2025-03-13 09:15:00,2099.89990234375,2139.050048828125,2054.550048828125,2085.199951171875,4223
2025-03-13 13:15:00,2081.64990234375,2089.550048828125,2050.0,2059.10009765625,2902
2025-03-17 09:15:00,2081.35009765625,2169.89990234375,2065.0,2128.0,7110
2025-03-17 13:15:00,2128.0,2137.949951171875,2103.0,2108.64990234375,3365
2025-03-18 09:15:00,2119.0,2238.0,2110.050048828125,2221.800048828125,6288
2025-03-18 13:15:00,2221.800048828125,2228.5,2204.60009765625,2217.5,6177
2025-03-19 09:15:00,2225.0,2263.60009765625,2220.050048828125,2263.0,2220
2025-03-19 13:15:00,2257.300048828125,2299.949951171875,2257.300048828125,2276.14990234375,4841
2025-03-20 09:15:00,2276.14990234375,2337.89990234375,2266.0,2320.85009765625,4258
2025-03-20 13:15:00,2320.800048828125,2341.800048828125,2310.050048828125,2319.89990234375,4721
2025-03-21 09:15:00,2327.85009765625,2388.800048828125,2305.85009765625,2325.0,3332
2025-03-21 13:15:00,2317.14990234375,2355.5,2304.75,2333.699951171875,4781
2025-03-24 09:15:00,2355.050048828125,2368.800048828125,2310.25,2343.35009765625,5177
2025-03-24 13:15:00,2343.39990234375,2343.39990234375,2313.10009765625,2328.64990234375,1996
2025-03-25 09:15:00,2326.39990234375,2336.0,2245.0,2251.0,5530
2025-03-25 13:15:00,2245.89990234375,2266.0,2232.5,2255.449951171875,3917
2025-03-26 09:15:00,2260.0,2313.85009765625,2260.0,2283.0,2088
2025-03-26 13:15:00,2283.0,2294.949951171875,2242.25,2277.300048828125,3109
2025-03-27 09:15:00,2264.35009765625,2277.949951171875,2220.89990234375,2229.449951171875,3022
2025-03-27 13:15:00,2231.64990234375,2269.85009765625,2230.10009765625,2243.199951171875,2350
2025-03-28 09:15:00,2233.949951171875,2320.0,2233.949951171875,2298.5,2897
2025-03-28 13:15:00,2310.0,2310.0,2275.0,2281.550048828125,2420
2025-04-01 09:15:00,2277.949951171875,2317.89990234375,2240.0,2259.85009765625,2593
2025-04-01 13:15:00,2254.050048828125,2269.0,2221.14990234375,2256.550048828125,2234
2025-04-02 09:15:00,2280.949951171875,2290.300048828125,2222.0,2288.0,2647
2025-04-02 13:15:00,2288.0,2368.949951171875,2287.949951171875,2340.050048828125,8812
2025-04-03 09:15:00,2351.449951171875,2420.0,2283.0,2310.050048828125,4033
2025-04-03 13:15:00,2307.300048828125,2339.0,2279.0,2312.39990234375,6168
2025-04-04 09:15:00,2277.75,2301.300048828125,2171.800048828125,2173.199951171875,5458
2025-04-04 13:15:00,2170.0,2189.60009765625,2147.10009765625,2161.949951171875,5109
2025-04-07 09:15:00,1835.0,2070.64990234375,1835.0,1968.300048828125,6798
2025-04-07 13:15:00,1965.800048828125,2020.0,1965.800048828125,2020.0,6605
2025-04-08 09:15:00,2060.0,2089.300048828125,2005.0,2053.75,3407
2025-04-08 13:15:00,2050.60009765625,2065.85009765625,2026.199951171875,2038.699951171875,3246
2025-04-09 09:15:00,2035.0,2035.0,1951.0999755859373,1958.800048828125,2554
2025-04-09 13:15:00,1961.300048828125,1984.949951171875,1949.0,1969.5,2964
2025-04-11 09:15:00,2028.949951171875,2103.0,2014.0,2075.75,3937
2025-04-11 13:15:00,2075.550048828125,2096.89990234375,2056.199951171875,2063.949951171875,2754
2025-04-15 09:15:00,2099.10009765625,2180.0,2099.10009765625,2165.39990234375,4697
2025-04-15 13:15:00,2164.300048828125,2185.0,2145.0,2168.199951171875,3485
2025-04-16 09:15:00,2190.5,2223.89990234375,2190.5,2193.699951171875,2063
2025-04-16 13:15:00,2194.39990234375,2203.800048828125,2170.0,2185.0,2432
2025-04-17 09:15:00,2195.0,2233.0,2164.89990234375,2228.89990234375,2164
2025-04-17 13:15:00,2229.800048828125,2235.0,2179.5,2201.800048828125,2171
2025-04-21 09:15:00,2175.0,2240.0,2173.10009765625,2239.800048828125,2427
2025-04-21 13:15:00,2226.10009765625,2226.10009765625,2172.699951171875,2179.199951171875,3811
2025-04-22 09:15:00,2165.0,2269.800048828125,2165.0,2231.10009765625,3089
2025-04-22 13:15:00,2231.0,2273.39990234375,2225.199951171875,2257.60009765625,4372
2025-04-23 09:15:00,2265.0,2290.0,2231.0,2279.10009765625,5414
2025-04-23 13:15:00,2280.0,2321.60009765625,2273.699951171875,2301.0,8476
2025-04-24 09:15:00,2305.0,2349.0,2272.60009765625,2323.199951171875,10850
2025-04-24 13:15:00,2320.800048828125,2333.39990234375,2311.699951171875,2333.39990234375,4368
2025-04-25 09:15:00,2358.5,2358.5,2213.699951171875,2267.10009765625,6527
2025-04-25 13:15:00,2264.60009765625,2275.300048828125,2228.10009765625,2244.300048828125,4717
2025-04-28 09:15:00,2250.199951171875,2344.39990234375,2109.0,2128.0,15405
2025-04-28 13:15:00,2129.300048828125,2138.300048828125,2105.0,2125.0,9068
2025-04-29 09:15:00,2245.5,2374.89990234375,2125.0,2133.199951171875,273754
2025-04-29 13:15:00,2130.5,2225.5,2130.199951171875,2140.0,104317
2025-04-30 09:15:00,2209.89990234375,2209.89990234375,2102.10009765625,2110.699951171875,11065
2025-04-30 13:15:00,2114.0,2125.300048828125,2074.0,2091.300048828125,9084
2025-05-02 09:15:00,2149.800048828125,2149.800048828125,2084.800048828125,2104.89990234375,3543
2025-05-02 13:15:00,2105.300048828125,2117.699951171875,2078.0,2089.800048828125,7063
2025-05-05 09:15:00,2111.0,2128.60009765625,2080.10009765625,2090.10009765625,2976
2025-05-05 13:15:00,2092.39990234375,2110.39990234375,2081.0,2089.199951171875,4005
2025-05-06 09:15:00,2081.10009765625,2098.39990234375,1989.9000244140625,2003.0,20905
2025-05-06 13:15:00,2004.4000244140625,2018.0,1991.0,2017.0,10796
2025-05-07 09:15:00,1956.199951171875,2044.0,1956.199951171875,2025.800048828125,3724
2025-05-07 13:15:00,2028.699951171875,2032.4000244140625,2006.0,2023.800048828125,7245
2025-05-08 09:15:00,2044.5,2044.9000244140625,2013.800048828125,2023.0,3539
2025-05-08 13:15:00,2020.5,2027.800048828125,2002.0999755859373,2003.800048828125,4378
2025-05-09 09:15:00,1943.5,2029.300048828125,1943.5,2008.800048828125,3364
2025-05-09 13:15:00,2010.699951171875,2042.0,2003.0999755859373,2032.9000244140625,2617
2025-05-12 09:15:00,2099.0,2109.0,2065.0,2101.60009765625,2561
2025-05-12 13:15:00,2104.800048828125,2105.10009765625,2080.10009765625,2090.300048828125,2008
2025-05-13 09:15:00,2096.10009765625,2250.0,2064.10009765625,2149.60009765625,65541
2025-05-13 13:15:00,2149.60009765625,2160.0,2140.0,2144.0,7294
2025-05-14 09:15:00,2148.0,2150.0,2120.10009765625,2130.0,2737
2025-05-14 13:15:00,2125.39990234375,2165.0,2125.0,2157.89990234375,7286
2025-05-15 09:15:00,2175.39990234375,2175.39990234375,2135.0,2149.800048828125,1820
2025-05-15 13:15:00,2147.89990234375,2163.199951171875,2134.5,2144.60009765625,6512
2025-05-16 09:15:00,2144.699951171875,2179.0,2139.60009765625,2176.60009765625,5854
2025-05-16 13:15:00,2171.199951171875,2178.89990234375,2160.0,2170.199951171875,4042
2025-05-19 09:15:00,2190.199951171875,2200.0,2145.60009765625,2155.89990234375,6210
2025-05-19 13:15:00,2157.0,2164.89990234375,2147.0,2153.800048828125,2700
2025-05-20 09:15:00,2153.89990234375,2203.800048828125,2140.89990234375,2193.10009765625,5556
2025-05-20 13:15:00,2194.60009765625,2195.0,2136.0,2144.0,6588
2025-05-21 09:15:00,2162.0,2176.0,2140.300048828125,2162.300048828125,2927
2025-05-21 13:15:00,2156.10009765625,2193.39990234375,2156.10009765625,2170.89990234375,5808
2025-05-22 09:15:00,2183.10009765625,2185.0,2143.39990234375,2149.39990234375,1794
2025-05-22 13:15:00,2151.699951171875,2179.89990234375,2140.0,2172.300048828125,53252
2025-05-23 09:15:00,2185.5,2255.0,2160.10009765625,2211.89990234375,6177
2025-05-23 13:15:00,2211.800048828125,2212.800048828125,2173.10009765625,2188.800048828125,5727
2025-05-26 09:15:00,2188.60009765625,2212.0,2158.5,2163.5,4700
2025-05-26 13:15:00,2163.800048828125,2184.199951171875,2154.199951171875,2155.10009765625,6327
2025-05-27 09:15:00,2174.0,2193.300048828125,2155.39990234375,2160.60009765625,3462
2025-05-27 13:15:00,2160.89990234375,2167.699951171875,2151.10009765625,2164.0,3675
2025-05-28 09:15:00,2151.0,2186.89990234375,2151.0,2177.39990234375,2033
2025-05-28 13:15:00,2178.0,2180.0,2151.10009765625,2161.10009765625,3971
2025-05-29 09:15:00,2172.0,2179.60009765625,2155.199951171875,2161.60009765625,2007
2025-05-29 13:15:00,2162.0,2177.0,2145.699951171875,2158.89990234375,2824
2025-05-30 09:15:00,2172.0,2189.699951171875,2141.199951171875,2175.300048828125,7001
2025-05-30 13:15:00,2175.39990234375,2189.39990234375,2169.300048828125,2178.0,3262
2025-06-02 09:15:00,2187.0,2213.89990234375,2162.0,2190.39990234375,6279
2025-06-02 13:15:00,2192.199951171875,2198.199951171875,2160.89990234375,2178.0,5275
2025-06-03 09:15:00,2172.0,2196.39990234375,2168.60009765625,2174.5,5796
2025-06-03 13:15:00,2177.0,2186.10009765625,2173.199951171875,2179.0,7422
2025-06-04 09:15:00,2190.5,2220.0,2175.60009765625,2188.0,7192
2025-06-04 13:15:00,2190.800048828125,2190.800048828125,2161.199951171875,2165.199951171875,4392
2025-06-05 09:15:00,2180.5,2193.199951171875,2161.39990234375,2169.10009765625,1477
2025-06-05 13:15:00,2170.89990234375,2176.60009765625,2157.0,2169.199951171875,3774
2025-06-06 09:15:00,2169.199951171875,2182.0,2136.0,2136.0,6097
2025-06-06 13:15:00,2136.0,2162.0,2136.0,2141.699951171875,5216
2025-06-09 09:15:00,2154.5,2157.0,2129.39990234375,2156.0,6895
2025-06-09 13:15:00,2155.89990234375,2162.0,2150.60009765625,2162.0,7297
2025-06-10 09:15:00,2167.5,2206.0,2159.10009765625,2176.39990234375,9305
2025-06-10 13:15:00,2176.699951171875,2190.800048828125,2165.0,2178.60009765625,3856
2025-06-11 09:15:00,2188.0,2190.5,2166.199951171875,2171.10009765625,1119
2025-06-11 13:15:00,2169.10009765625,2215.60009765625,2140.60009765625,2202.0,14976
2025-06-12 09:15:00,2226.5,2392.800048828125,2219.39990234375,2299.39990234375,87817
2025-06-12 13:15:00,2302.39990234375,2308.10009765625,2232.10009765625,2245.300048828125,14253
2025-06-13 09:15:00,2215.300048828125,2372.800048828125,2200.0,2307.0,47193
2025-06-13 13:15:00,2310.89990234375,2354.300048828125,2302.699951171875,2341.5,15826
2025-06-16 09:15:00,2385.0,2442.10009765625,2335.10009765625,2408.10009765625,28198
2025-06-16 13:15:00,2407.60009765625,2422.300048828125,2379.39990234375,2399.300048828125,8477
2025-06-17 09:15:00,2450.0,2450.0,2337.39990234375,2342.5,27774
2025-06-17 13:15:00,2343.5,2374.0,2336.10009765625,2358.300048828125,4148
2025-06-18 09:15:00,2334.699951171875,2354.89990234375,2266.10009765625,2268.39990234375,21172
2025-06-18 13:15:00,2268.39990234375,2271.0,2245.10009765625,2261.10009765625,4970
2025-06-19 09:15:00,2278.0,2335.0,2266.800048828125,2318.10009765625,18251
2025-06-19 13:15:00,2334.5,2440.0,2325.39990234375,2410.0,89709
2025-06-20 09:15:00,2446.699951171875,2461.699951171875,2346.300048828125,2391.300048828125,31528
2025-06-20 13:15:00,2390.0,2424.89990234375,2330.0,2348.199951171875,18855
2025-06-23 09:15:00,2345.0,2371.0,2322.300048828125,2356.5,4661
2025-06-23 13:15:00,2355.39990234375,2449.699951171875,2341.10009765625,2413.89990234375,9749
2025-06-24 09:15:00,2434.0,2439.89990234375,2388.800048828125,2420.60009765625,14952
2025-06-24 13:15:00,2418.699951171875,2426.0,2390.10009765625,2405.0,5048
2025-06-25 09:15:00,2421.0,2460.0,2395.10009765625,2406.0,9673
2025-06-25 13:15:00,2408.5,2462.0,2395.5,2460.0,6637
2025-06-26 09:15:00,2459.89990234375,2464.89990234375,2395.699951171875,2415.89990234375,16308
2025-06-26 13:15:00,2413.0,2439.89990234375,2411.0,2428.199951171875,3566
2025-06-27 09:15:00,2406.0,2443.300048828125,2388.39990234375,2405.0,9752
2025-06-27 13:15:00,2404.89990234375,2414.5,2391.199951171875,2401.0,7295
2025-06-30 09:15:00,2419.10009765625,2484.89990234375,2413.0,2466.39990234375,7944
2025-06-30 13:15:00,2467.5,2490.0,2456.800048828125,2480.800048828125,7993
2025-07-01 09:15:00,2528.89990234375,2550.0,2490.10009765625,2536.300048828125,20335
2025-07-01 13:15:00,2542.89990234375,2582.0,2522.0,2535.800048828125,11424
2025-07-02 09:15:00,2548.39990234375,2555.0,2470.199951171875,2481.89990234375,11215
2025-07-02 13:15:00,2481.0,2509.10009765625,2479.0,2501.10009765625,5135
2025-07-03 09:15:00,2468.0,2543.5,2468.0,2515.199951171875,3568
2025-07-03 13:15:00,2510.0,2522.5,2490.0,2491.0,6867
2025-07-04 09:15:00,2504.89990234375,2535.60009765625,2492.199951171875,2535.60009765625,4608
2025-07-04 13:15:00,2535.60009765625,2546.800048828125,2502.60009765625,2505.0,9567
2025-07-07 09:15:00,2520.89990234375,2720.0,2512.199951171875,2688.300048828125,64975
2025-07-07 13:15:00,2689.0,2697.5,2620.0,2650.0,42722
2025-07-08 09:15:00,2667.699951171875,2671.39990234375,2556.39990234375,2589.10009765625,23768
2025-07-08 13:15:00,2587.60009765625,2603.89990234375,2556.199951171875,2571.0,33200
2025-07-09 09:15:00,2580.0,2580.0,2507.800048828125,2521.800048828125,14796
2025-07-09 13:15:00,2524.10009765625,2540.0,2513.0,2523.0,7007
2025-07-10 09:15:00,2525.0,2561.5,2518.5,2527.5,9841
2025-07-10 13:15:00,2529.39990234375,2554.89990234375,2520.0,2528.300048828125,5452
2025-07-11 09:15:00,2521.0,2575.0,2521.0,2545.0,12412
2025-07-11 13:15:00,2545.5,2558.60009765625,2519.89990234375,2524.89990234375,4815
2025-07-14 09:15:00,2507.0,2539.10009765625,2461.699951171875,2488.89990234375,9366
2025-07-14 13:15:00,2486.5,2504.39990234375,2478.0,2493.199951171875,5090
2025-07-15 09:15:00,2510.39990234375,2563.0,2476.60009765625,2498.5,3598
2025-07-15 13:15:00,2498.5,2565.0,2493.800048828125,2558.5,42710
2025-07-16 09:15:00,2569.699951171875,2670.60009765625,2561.0,2650.0,36934
2025-07-16 13:15:00,2650.10009765625,2668.0,2626.10009765625,2657.800048828125,4705
2025-07-17 09:15:00,2644.0,2658.0,2533.10009765625,2565.199951171875,23900
2025-07-17 13:15:00,2565.39990234375,2569.60009765625,2540.10009765625,2551.10009765625,11893
2025-07-18 09:15:00,2567.89990234375,2569.199951171875,2472.800048828125,2510.0,32509
2025-07-18 13:15:00,2511.89990234375,2524.89990234375,2498.0,2507.5,6522
2025-07-21 09:15:00,2520.89990234375,2570.0,2504.60009765625,2563.0,16060
2025-07-21 13:15:00,2564.800048828125,2580.89990234375,2549.39990234375,2558.10009765625,13431
2025-07-22 09:15:00,2580.0,2584.0,2542.89990234375,2577.300048828125,14758
2025-07-22 13:15:00,2577.300048828125,2605.39990234375,2560.0,2564.0,5404
2025-07-23 09:15:00,2603.5,2603.5,2519.60009765625,2533.60009765625,8061
2025-07-23 13:15:00,2534.0,2535.10009765625,2462.5,2494.300048828125,4893
2025-07-24 09:15:00,2476.5,2544.60009765625,2476.5,2525.800048828125,6683
2025-07-24 13:15:00,2525.39990234375,2544.10009765625,2506.5,2516.60009765625,2187
2025-07-25 09:15:00,2504.10009765625,2531.199951171875,2420.39990234375,2508.60009765625,15801
2025-07-25 13:15:00,2509.300048828125,2539.39990234375,2472.5,2535.0,6643
2025-07-28 09:15:00,2366.699951171875,2366.699951171875,2236.39990234375,2301.0,79626
2025-07-28 13:15:00,2301.800048828125,2306.60009765625,2228.699951171875,2245.0,25465
2025-07-29 09:15:00,2260.0,2315.0,2260.0,2302.800048828125,25767
2025-07-29 13:15:00,2303.39990234375,2305.10009765625,2245.0,2266.800048828125,19115
2025-07-30 09:15:00,2267.199951171875,2368.89990234375,2250.0,2351.10009765625,28660
2025-07-30 13:15:00,2352.199951171875,2425.10009765625,2351.0,2405.800048828125,5047
2025-07-31 09:15:00,2381.10009765625,2424.0,2344.800048828125,2400.0,14421
2025-07-31 13:15:00,2400.0,2419.800048828125,2399.0,2401.0,7333
2025-08-01 09:15:00,2385.0,2401.39990234375,2334.300048828125,2340.199951171875,5653
2025-08-01 13:15:00,2340.199951171875,2363.39990234375,2339.10009765625,2350.699951171875,4364
2025-08-04 09:15:00,2350.699951171875,2365.10009765625,2331.199951171875,2352.199951171875,1264
2025-08-04 13:15:00,2352.300048828125,2358.300048828125,2338.199951171875,2349.800048828125,2832
2025-08-05 09:15:00,2337.300048828125,2348.89990234375,2301.5,2332.0,5452
2025-08-05 13:15:00,2333.0,2337.300048828125,2320.0,2331.199951171875,4350
2025-08-06 09:15:00,2330.0,2341.10009765625,2274.800048828125,2315.89990234375,2197
2025-08-06 13:15:00,2312.39990234375,2314.10009765625,2275.0,2294.199951171875,2179
2025-08-07 09:15:00,2250.0,2282.800048828125,2250.0,2272.699951171875,8326
2025-08-07 13:15:00,2271.5,2290.10009765625,2271.39990234375,2280.60009765625,3436
2025-08-08 09:15:00,2278.10009765625,2340.0,2252.10009765625,2321.199951171875,7451
2025-08-08 13:15:00,2327.699951171875,2366.300048828125,2322.0,2340.699951171875,5499
2025-08-11 09:15:00,2339.0,2339.60009765625,2282.60009765625,2292.199951171875,1809
2025-08-11 13:15:00,2292.39990234375,2310.39990234375,2286.0,2294.0,1152
2025-08-12 09:15:00,2310.0,2316.699951171875,2262.699951171875,2312.0,2064
2025-08-12 13:15:00,2314.300048828125,2316.60009765625,2276.60009765625,2292.10009765625,2104
2025-08-13 09:15:00,2300.0,2300.10009765625,2262.89990234375,2266.10009765625,5480
2025-08-13 13:15:00,2266.5,2306.0,2263.10009765625,2281.60009765625,3410
2025-08-14 09:15:00,2297.5,2303.89990234375,2251.699951171875,2263.60009765625,2777
2025-08-14 13:15:00,2263.300048828125,2280.300048828125,2261.0,2262.699951171875,3450
2025-08-18 09:15:00,2280.0,2329.89990234375,2256.199951171875,2283.199951171875,3142
2025-08-18 13:15:00,2282.60009765625,2302.0,2280.0,2283.60009765625,3074
2025-08-19 09:15:00,2301.0,2324.699951171875,2275.0,2304.10009765625,9588
2025-08-19 13:15:00,2308.5,2308.5,2285.0,2291.0,5340
2025-08-20 09:15:00,2291.0,2343.89990234375,2290.800048828125,2315.89990234375,2890
2025-08-20 13:15:00,2325.39990234375,2357.60009765625,2315.10009765625,2343.60009765625,4805
2025-08-21 09:15:00,2357.89990234375,2359.800048828125,2312.39990234375,2335.0,4472
2025-08-21 13:15:00,2335.0,2360.10009765625,2330.0,2340.800048828125,3848
2025-08-22 09:15:00,2355.0,2370.800048828125,2326.199951171875,2356.10009765625,3678
2025-08-22 13:15:00,2358.5,2369.89990234375,2336.5,2337.0,1932
2025-08-25 09:15:00,2358.0,2378.0,2335.199951171875,2355.199951171875,2665
2025-08-25 13:15:00,2352.0,2368.0,2340.5,2347.10009765625,1004
2025-08-26 09:15:00,2330.0,2351.89990234375,2294.10009765625,2326.39990234375,9836
2025-08-26 13:15:00,2322.10009765625,2326.89990234375,2300.0,2301.60009765625,1064
2025-08-28 09:15:00,2301.5,2347.300048828125,2265.0,2335.0,5908
2025-08-28 13:15:00,2335.0,2337.89990234375,2311.0,2311.199951171875,7078
2025-08-29 09:15:00,2333.5,2360.0,2301.800048828125,2330.0,4308
2025-08-29 13:15:00,2330.0,2337.39990234375,2305.0,2305.0,5092
2025-09-01 09:15:00,2320.5,2336.0,2301.300048828125,2328.800048828125,1249
2025-09-01 13:15:00,2334.5,2348.699951171875,2325.10009765625,2339.800048828125,1867
2025-09-02 09:15:00,2340.0,2396.0,2329.199951171875,2374.60009765625,2518
2025-09-02 13:15:00,2372.39990234375,2372.39990234375,2326.0,2336.0,2739
2025-09-03 09:15:00,2326.10009765625,2391.89990234375,2326.10009765625,2370.0,3171
2025-09-03 13:15:00,2372.699951171875,2383.199951171875,2355.10009765625,2369.199951171875,1324
2025-09-04 09:15:00,2385.5,2403.89990234375,2350.10009765625,2385.5,3821
2025-09-04 13:15:00,2387.0,2390.0,2365.0,2367.89990234375,2315
2025-09-05 09:15:00,2372.89990234375,2428.800048828125,2352.300048828125,2385.199951171875,6068
2025-09-05 13:15:00,2389.39990234375,2392.10009765625,2370.0,2370.10009765625,1671
2025-09-08 09:15:00,2398.0,2424.0,2375.199951171875,2390.199951171875,2650
2025-09-08 13:15:00,2394.300048828125,2395.300048828125,2362.0,2373.10009765625,1190
2025-09-09 09:15:00,2387.0,2427.89990234375,2360.10009765625,2400.0,5301
2025-09-09 13:15:00,2400.0,2405.10009765625,2377.60009765625,2381.199951171875,2851
2025-09-10 09:15:00,2396.0,2414.0,2385.0,2387.0,2922
2025-09-10 13:15:00,2386.0,2407.10009765625,2385.10009765625,2401.60009765625,1976
2025-09-11 09:15:00,2401.5,2430.10009765625,2390.0,2400.39990234375,1570
2025-09-11 13:15:00,2400.300048828125,2414.800048828125,2381.199951171875,2383.0,2270
2025-09-12 09:15:00,2383.0,2403.0,2356.0,2385.0,9225
2025-09-12 13:15:00,2385.0,2403.39990234375,2370.0,2380.300048828125,1323
2025-09-15 09:15:00,2390.0,2408.60009765625,2350.0,2385.0,2150
2025-09-15 13:15:00,2385.10009765625,2399.89990234375,2319.699951171875,2346.60009765625,2723
2025-09-16 09:15:00,2388.89990234375,2394.0,2342.0,2390.5,8647
2025-09-16 13:15:00,2378.10009765625,2388.699951171875,2373.699951171875,2388.699951171875,942
2025-09-17 09:15:00,2388.699951171875,2408.300048828125,2386.300048828125,2402.0,1640
2025-09-17 13:15:00,2400.0,2409.199951171875,2388.10009765625,2399.39990234375,2821
2025-09-18 09:15:00,2399.39990234375,2409.199951171875,2375.199951171875,2385.0,9522
2025-09-18 13:15:00,2385.0,2404.699951171875,2375.199951171875,2394.60009765625,1360
2025-09-19 09:15:00,2411.0,2459.60009765625,2374.60009765625,2452.0,6276
2025-09-19 13:15:00,2456.800048828125,2456.89990234375,2427.199951171875,2440.89990234375,8493
2025-09-22 09:15:00,2440.89990234375,2451.800048828125,2400.10009765625,2413.300048828125,2185
2025-09-22 13:15:00,2408.199951171875,2415.0,2395.10009765625,2403.89990234375,1697
2025-09-23 09:15:00,2419.0,2432.10009765625,2383.0,2401.10009765625,6781
2025-09-23 13:15:00,2401.0,2414.89990234375,2400.0,2401.0,2311
2025-09-24 09:15:00,2404.300048828125,2430.0,2383.10009765625,2410.0,1282
2025-09-24 13:15:00,2412.10009765625,2412.10009765625,2383.10009765625,2394.39990234375,1007
2025-09-25 09:15:00,2400.0,2409.699951171875,2376.0,2401.0,2343
2025-09-25 13:15:00,2401.0,2407.39990234375,2397.699951171875,2405.0,1182
2025-09-26 09:15:00,2400.89990234375,2400.89990234375,2317.0,2335.300048828125,3340
2025-09-26 13:15:00,2333.89990234375,2333.89990234375,2290.199951171875,2319.89990234375,4001
2025-09-29 09:15:00,2305.199951171875,2330.699951171875,2267.199951171875,2268.89990234375,1689
2025-09-29 13:15:00,2268.199951171875,2277.5,2222.199951171875,2235.0,3496
2025-09-30 09:15:00,2244.300048828125,2272.5,2236.0,2250.10009765625,761
2025-09-30 13:15:00,2248.10009765625,2251.0,2225.0,2234.199951171875,1528
2025-10-01 09:15:00,2254.39990234375,2300.0,2251.0,2277.699951171875,2455
2025-10-01 13:15:00,2277.699951171875,2289.60009765625,2252.5,2264.800048828125,2128
2025-10-03 09:15:00,2255.10009765625,2280.89990234375,2255.10009765625,2267.199951171875,1410
2025-10-03 13:15:00,2266.300048828125,2281.199951171875,2250.0,2269.699951171875,1246
2025-10-06 09:15:00,2283.5,2289.0,2236.0,2239.199951171875,2129
2025-10-06 13:15:00,2239.199951171875,2260.0,2230.0,2252.39990234375,2089
2025-10-07 09:15:00,2256.39990234375,2291.89990234375,2248.60009765625,2277.10009765625,3528
2025-10-07 13:15:00,2281.39990234375,2293.10009765625,2273.0,2289.699951171875,1169
2025-10-08 09:15:00,2292.0,2299.0,2271.5,2285.0,1814
2025-10-08 13:15:00,2285.0,2295.0,2253.5,2266.0,1402
2025-10-09 09:15:00,2263.800048828125,2279.699951171875,2254.0,2254.0,1646
2025-10-09 13:15:00,2256.0,2277.0,2256.0,2267.800048828125,2107
2025-10-10 09:15:00,2260.0,2328.10009765625,2260.0,2315.199951171875,1616
2025-10-10 13:15:00,2316.0,2339.89990234375,2305.300048828125,2318.0,2006
2025-10-13 09:15:00,2326.5,2329.10009765625,2284.300048828125,2290.0,1831
2025-10-13 13:15:00,2283.300048828125,2313.5,2276.10009765625,2297.0,1605
2025-10-14 09:15:00,2313.0,2331.0,2255.60009765625,2267.5,85910
2025-10-14 13:15:00,2268.89990234375,2320.199951171875,2268.89990234375,2304.10009765625,17359
2025-10-15 09:15:00,2283.10009765625,2348.0,2283.10009765625,2287.60009765625,1501
2025-10-15 13:15:00,2286.0,2299.39990234375,2277.10009765625,2291.0,2471
2025-10-16 09:15:00,2307.5,2312.199951171875,2287.800048828125,2310.0,1979
2025-10-16 13:15:00,2311.199951171875,2320.199951171875,2293.39990234375,2306.0,1888
2025-10-17 09:15:00,2287.0,2310.0,2278.0,2280.89990234375,1607
2025-10-17 13:15:00,2280.89990234375,2295.0,2262.39990234375,2277.800048828125,2706
2025-10-20 09:15:00,2277.800048828125,2413.0,2240.60009765625,2356.10009765625,120881
2025-10-20 13:15:00,2359.699951171875,2420.39990234375,2359.699951171875,2400.10009765625,83713
2025-10-21 13:15:00,2400.10009765625,2431.60009765625,2400.10009765625,2411.60009765625,3310
2025-10-23 09:15:00,2421.199951171875,2428.0,2365.199951171875,2366.39990234375,5644
2025-10-23 13:15:00,2366.39990234375,2377.699951171875,2334.199951171875,2345.10009765625,2979
2025-10-24 09:15:00,2367.5,2380.89990234375,2317.199951171875,2369.5,3061
2025-10-24 13:15:00,2374.199951171875,2394.800048828125,2342.39990234375,2348.0,2271
2025-10-27 09:15:00,2340.0,2386.699951171875,2340.0,2375.0,2187
2025-10-27 13:15:00,2375.0,2385.5,2366.10009765625,2381.0,2110
2025-10-28 09:15:00,2392.89990234375,2442.0,2365.800048828125,2401.699951171875,2277
2025-10-28 13:15:00,2401.699951171875,2403.800048828125,2370.0,2377.5,2706
2025-10-29 09:15:00,2387.0,2434.39990234375,2361.800048828125,2420.10009765625,4987
2025-10-29 13:15:00,2420.0,2449.0,2418.10009765625,2443.0,2798
2025-10-30 09:15:00,2445.0,2483.800048828125,2433.10009765625,2458.0,2513
2025-10-30 13:15:00,2453.0,2467.10009765625,2414.199951171875,2431.10009765625,3528
2025-10-31 09:15:00,2397.10009765625,2451.89990234375,2397.10009765625,2434.39990234375,2506
2025-10-31 13:15:00,2430.10009765625,2438.0,2392.0,2403.89990234375,2003
2025-11-03 09:15:00,2418.39990234375,2461.800048828125,2399.699951171875,2447.0,1668
2025-11-03 13:15:00,2447.0,2451.0,2432.0,2432.39990234375,935
2025-11-04 09:15:00,2438.0,2461.0,2434.199951171875,2447.0,821
2025-11-04 13:15:00,2445.0,2470.0,2445.0,2462.60009765625,2408
2025-11-06 09:15:00,2460.0,2479.199951171875,2411.0,2465.0,2832
2025-11-06 13:15:00,2474.300048828125,2474.300048828125,2435.0,2450.300048828125,2407
2025-11-07 09:15:00,2449.0,2449.0,2375.0,2403.60009765625,2841
2025-11-07 13:15:00,2403.800048828125,2426.699951171875,2397.800048828125,2400.39990234375,1946
2025-11-10 09:15:00,2364.39990234375,2401.89990234375,2341.39990234375,2350.10009765625,3685
2025-11-10 13:15:00,2350.10009765625,2358.39990234375,2340.300048828125,2345.10009765625,2487
2025-11-11 09:15:00,2355.0,2410.0,2337.0,2370.800048828125,3100
2025-11-11 13:15:00,2371.699951171875,2394.0,2353.800048828125,2366.10009765625,1425
2025-11-12 09:15:00,2366.199951171875,2381.39990234375,2341.5,2364.5,1208
2025-11-12 13:15:00,2360.5,2371.0,2346.0,2364.0,1933
2025-11-13 09:15:00,2370.0,2370.0,2331.300048828125,2336.89990234375,1545
2025-11-13 13:15:00,2327.0,2342.0,2310.10009765625,2333.60009765625,3360
2025-11-14 09:15:00,2310.0,2349.5,2310.0,2316.800048828125,966
2025-11-14 13:15:00,2312.0,2319.39990234375,2280.300048828125,2293.300048828125,3060
2025-11-17 09:15:00,2307.0,2343.5,2299.300048828125,2325.199951171875,1491
2025-11-17 13:15:00,2325.699951171875,2327.800048828125,2302.300048828125,2322.800048828125,1035
2025-11-18 09:15:00,2316.60009765625,2319.5,2278.800048828125,2313.39990234375,71215
2025-11-18 13:15:00,2312.89990234375,2331.5,2290.0,2299.800048828125,4455
2025-11-19 09:15:00,2302.10009765625,2329.199951171875,2250.10009765625,2254.5,16513
2025-11-19 13:15:00,2254.0,2262.89990234375,2240.0,2251.0,9742
2025-11-20 09:15:00,2254.89990234375,2275.0,2238.39990234375,2242.39990234375,728
2025-11-20 13:15:00,2240.0,2241.800048828125,2220.0,2223.10009765625,1896
2025-11-21 09:15:00,2239.0,2263.89990234375,2212.300048828125,2254.89990234375,2945
2025-11-21 13:15:00,2249.699951171875,2262.89990234375,2240.5,2240.60009765625,3208
2025-11-24 09:15:00,2242.800048828125,2267.199951171875,2207.699951171875,2225.199951171875,1582
2025-11-24 13:15:00,2220.10009765625,2255.60009765625,2220.0,2247.699951171875,6414
2025-11-25 09:15:00,2261.5,2261.5,2227.5,2237.800048828125,1498
2025-11-25 13:15:00,2237.0,2260.699951171875,2231.699951171875,2251.199951171875,2050
2025-11-26 09:15:00,2264.5,2267.800048828125,2237.0,2240.699951171875,2069
2025-11-26 13:15:00,2239.800048828125,2245.5,2222.199951171875,2231.699951171875,1576
2025-11-27 09:15:00,2233.89990234375,2237.800048828125,2201.699951171875,2207.39990234375,1411
2025-11-27 13:15:00,2208.699951171875,2235.0,2205.5,2230.10009765625,3087
2025-11-28 09:15:00,2230.10009765625,2292.199951171875,2218.60009765625,2275.300048828125,3233
2025-11-28 13:15:00,2279.5,2285.0,2253.10009765625,2284.89990234375,1734
2025-12-01 09:15:00,2289.39990234375,2289.39990234375,2227.39990234375,2233.699951171875,1918
2025-12-01 13:15:00,2237.699951171875,2243.10009765625,2216.0,2225.199951171875,3610
2025-12-02 09:15:00,2225.199951171875,2234.89990234375,2216.800048828125,2221.5,894
2025-12-02 13:15:00,2225.89990234375,2225.89990234375,2203.0,2215.0,3074
2025-12-03 09:15:00,2215.0,2219.199951171875,2200.800048828125,2208.199951171875,1089
2025-12-03 13:15:00,2209.199951171875,2228.0,2206.0,2210.60009765625,2103
2025-12-04 09:15:00,2224.0,2243.89990234375,2202.60009765625,2243.800048828125,947
2025-12-04 13:15:00,2243.0,2243.0,2203.699951171875,2205.10009765625,1714
2025-12-05 09:15:00,2216.0,2222.0,2198.10009765625,2208.5,765
2025-12-05 13:15:00,2210.300048828125,2213.89990234375,2196.0,2201.0,2953
2025-12-08 09:15:00,2200.10009765625,2225.0,2175.0,2201.39990234375,4355
2025-12-08 13:15:00,2205.39990234375,2252.0,2203.199951171875,2244.89990234375,3481
2025-12-09 09:15:00,2242.10009765625,2280.0,2190.199951171875,2263.0,11534
2025-12-09 13:15:00,2264.0,2305.89990234375,2244.89990234375,2298.300048828125,3925
2025-12-10 09:15:00,2263.800048828125,2328.0,2263.800048828125,2299.89990234375,3551
2025-12-10 13:15:00,2300.0,2308.60009765625,2276.5,2297.800048828125,3380
2025-12-11 09:15:00,2280.0,2319.60009765625,2266.10009765625,2315.699951171875,2032
2025-12-11 13:15:00,2311.5,2318.89990234375,2291.0,2305.699951171875,1123
2025-12-12 09:15:00,2299.800048828125,2330.0,2290.699951171875,2322.199951171875,1637
2025-12-12 13:15:00,2322.39990234375,2322.39990234375,2304.0,2316.39990234375,2554
2025-12-15 09:15:00,2175.0,2367.89990234375,2175.0,2364.89990234375,5390
2025-12-15 13:15:00,2357.699951171875,2374.300048828125,2350.0,2370.5,3927
2025-12-16 09:15:00,2377.60009765625,2386.0,2335.89990234375,2338.39990234375,551
2025-12-16 13:15:00,2341.699951171875,2344.89990234375,2312.0,2321.699951171875,1026
2025-12-17 09:15:00,2339.5,2353.89990234375,2309.39990234375,2344.39990234375,1162
2025-12-17 13:15:00,2349.0,2392.199951171875,2340.39990234375,2368.10009765625,2822
2025-12-18 09:15:00,2350.699951171875,2350.699951171875,2309.199951171875,2334.39990234375,2764
2025-12-18 13:15:00,2332.39990234375,2365.0,2314.800048828125,2341.0,1065
2025-12-19 09:15:00,2301.0,2371.0,2301.0,2333.39990234375,1546
2025-12-19 13:15:00,2335.60009765625,2358.0,2331.699951171875,2342.0,1412
2025-12-22 09:15:00,2343.39990234375,2365.199951171875,2331.699951171875,2332.10009765625,1054
2025-12-22 13:15:00,2330.0,2343.0,2322.0,2333.10009765625,1229
2025-12-23 09:15:00,2306.60009765625,2355.0,2306.60009765625,2350.10009765625,1685
2025-12-23 13:15:00,2350.0,2357.10009765625,2350.0,2353.39990234375,849
2025-12-24 09:15:00,2339.699951171875,2371.699951171875,2339.699951171875,2350.699951171875,518
2025-12-24 13:15:00,2355.0,2368.0,2345.39990234375,2352.300048828125,937
2025-12-26 09:15:00,2341.39990234375,2366.5,2341.39990234375,2360.10009765625,576
2025-12-26 13:15:00,2360.10009765625,2373.800048828125,2354.800048828125,2369.0,921
2025-12-29 09:15:00,2325.0,2370.0,2322.0,2330.60009765625,2245
2025-12-29 13:15:00,2327.300048828125,2349.0,2302.0,2313.0,1825
2025-12-30 09:15:00,2310.0,2317.10009765625,2270.0,2278.199951171875,1225
2025-12-30 13:15:00,2284.699951171875,2315.800048828125,2251.10009765625,2284.60009765625,3844
2025-12-31 09:15:00,2260.0,2295.89990234375,2247.10009765625,2288.300048828125,1625
2025-12-31 13:15:00,2284.300048828125,2334.800048828125,2280.0,2322.300048828125,3411
2026-01-01 09:15:00,2322.300048828125,2330.10009765625,2280.0,2294.5,1087
2026-01-01 13:15:00,2290.10009765625,2315.60009765625,2290.0,2312.699951171875,2655
2026-01-02 09:15:00,2285.0,2330.0,2285.0,2321.89990234375,2039
2026-01-02 13:15:00,2317.5,2330.0,2300.0,2300.0,1091
2026-01-05 09:15:00,2302.5,2354.5,2288.800048828125,2346.89990234375,2499
2026-01-05 13:15:00,2338.699951171875,2339.60009765625,2301.0,2310.699951171875,2068
2026-01-06 09:15:00,2310.0,2330.10009765625,2296.89990234375,2329.0,778
2026-01-06 13:15:00,2321.199951171875,2340.0,2305.0,2322.800048828125,1498
2026-01-07 09:15:00,2302.5,2357.89990234375,2295.39990234375,2335.89990234375,592
2026-01-07 13:15:00,2336.60009765625,2350.699951171875,2322.800048828125,2332.800048828125,1912
2026-01-08 09:15:00,2321.10009765625,2351.699951171875,2302.0,2343.0,1911
2026-01-08 13:15:00,2343.0,2357.0,2332.800048828125,2334.300048828125,6436
2026-01-09 09:15:00,2335.0,2344.89990234375,2275.89990234375,2297.0,901
2026-01-09 13:15:00,2294.0,2350.699951171875,2277.0,2334.300048828125,4617
2026-01-12 09:15:00,2310.0,2330.60009765625,2294.5,2319.800048828125,3257
2026-01-12 13:15:00,2320.0,2347.699951171875,2304.0,2313.10009765625,3433
2026-01-13 09:15:00,2327.60009765625,2331.0,2290.0,2295.5,1097
2026-01-13 13:15:00,2295.300048828125,2324.39990234375,2283.10009765625,2317.300048828125,1378
2026-01-14 09:15:00,2281.0,2317.10009765625,2281.0,2297.10009765625,613
2026-01-14 13:15:00,2298.0,2320.0,2285.0,2313.0,2425
2026-01-16 09:15:00,2309.89990234375,2357.89990234375,2294.89990234375,2338.5,2048
2026-01-16 13:15:00,2338.5,2340.0,2282.0,2307.199951171875,3479
2026-01-19 09:15:00,2300.199951171875,2320.199951171875,2271.60009765625,2293.89990234375,1957
2026-01-19 13:15:00,2292.800048828125,2312.800048828125,2282.0,2293.5,2037
2026-01-20 09:15:00,2286.0,2300.0,2272.0,2289.199951171875,3166
2026-01-20 13:15:00,2289.199951171875,2289.199951171875,2221.800048828125,2227.60009765625,4763
2026-01-21 09:15:00,2226.0,2229.89990234375,2178.0,2200.10009765625,2076
2026-01-21 13:15:00,2200.300048828125,2215.0,2169.0,2203.60009765625,3770
2026-01-22 09:15:00,2212.5,2225.0,2183.0,2210.39990234375,976
2026-01-22 13:15:00,2204.0,2230.0,2200.800048828125,2216.199951171875,1321
2026-01-23 09:15:00,2222.5,2222.5,2168.0,2168.0,932
2026-01-23 13:15:00,2168.60009765625,2168.60009765625,2130.10009765625,2142.0,2264
2026-01-27 09:15:00,2125.10009765625,2135.0,2067.699951171875,2101.0,3257
2026-01-27 13:15:00,2101.0,2126.199951171875,2100.0,2101.0,2942
2026-01-28 09:15:00,2001.0,2017.0,1880.0,1950.0,145841
2026-01-28 13:15:00,1950.0,2022.5999755859373,1915.0,1965.0,38596
2026-01-29 09:15:00,1998.9000244140625,2045.9000244140625,1968.5,2012.0999755859373,29387
2026-01-29 13:15:00,2012.4000244140625,2014.9000244140625,1975.699951171875,1982.300048828125,3942
2026-01-30 09:15:00,1992.199951171875,2007.9000244140625,1971.0,2007.0,5243
2026-01-30 13:15:00,2005.800048828125,2015.0,1982.300048828125,2008.199951171875,5470
2026-02-03 09:15:00,2025.0,2030.0,1960.0,1984.800048828125,8105
2026-02-03 13:15:00,1984.5999755859373,1990.199951171875,1965.0,1975.0,3010
2026-02-04 09:15:00,1970.0999755859373,1998.9000244140625,1956.5,1966.800048828125,3727
2026-02-04 13:15:00,1975.4000244140625,1982.699951171875,1961.199951171875,1961.199951171875,2955
2026-02-05 09:15:00,1971.699951171875,1987.800048828125,1962.4000244140625,1985.800048828125,1330
2026-02-05 13:15:00,1981.5,2008.800048828125,1976.9000244140625,2001.199951171875,2086
2026-02-06 09:15:00,2001.0999755859373,2001.0999755859373,1967.300048828125,1978.699951171875,1526
2026-02-06 13:15:00,1979.0,1985.800048828125,1975.0,1975.5,3225
2026-02-09 09:15:00,1975.5,1981.5,1950.0999755859373,1967.0,2793
2026-02-09 13:15:00,1962.199951171875,2004.0,1960.199951171875,2000.0,6649
2026-02-10 09:15:00,2030.0,2060.89990234375,1999.199951171875,2043.0,6489
2026-02-10 13:15:00,2046.800048828125,2093.800048828125,2042.5999755859373,2071.699951171875,6132
2026-02-11 09:15:00,2089.39990234375,2089.39990234375,2031.0999755859373,2035.699951171875,1771
2026-02-11 13:15:00,2034.0,2047.0,2031.0,2035.0,2612
2026-02-12 09:15:00,2036.0,2039.0,1995.199951171875,2017.0,1625
2026-02-12 13:15:00,2016.199951171875,2019.300048828125,1996.0,1996.0,2029
2026-02-13 09:15:00,2002.5,2012.300048828125,1981.699951171875,1994.199951171875,1534
2026-02-13 13:15:00,1994.4000244140625,2000.199951171875,1953.4000244140625,1973.0,2581
2026-02-16 09:15:00,1974.5999755859373,1982.199951171875,1951.5,1953.5,2116
2026-02-16 13:15:00,1953.5,1968.0,1950.0,1968.0,2676
2026-02-17 09:15:00,1962.300048828125,1978.699951171875,1956.0,1970.0999755859373,1857
2026-02-17 13:15:00,1972.4000244140625,1980.5,1967.0,1974.5,927
2026-02-18 09:15:00,1971.5999755859373,1994.9000244140625,1963.9000244140625,1985.5,1357
2026-02-18 13:15:00,1986.199951171875,1999.5999755859373,1927.699951171875,1980.0,8333
2026-02-19 09:15:00,1952.699951171875,1970.0,1934.0,1935.300048828125,1927
2026-02-19 13:15:00,1939.0,1945.800048828125,1920.5999755859373,1926.5,1845
2026-02-20 09:15:00,1920.0,1920.0,1899.800048828125,1901.0,1705
2026-02-20 13:15:00,1901.0,1912.0999755859373,1901.0,1903.699951171875,2869
2026-02-23 09:15:00,1913.0,1919.300048828125,1885.0,1901.5,1176
2026-02-23 13:15:00,1903.5,1915.0,1890.0,1908.5999755859373,1481
2026-02-24 09:15:00,1900.0,1902.9000244140625,1881.0,1884.0999755859373,1166
2026-02-24 13:15:00,1884.0999755859373,1899.800048828125,1872.0,1882.300048828125,4709
2026-02-25 09:15:00,1880.0,1924.9000244140625,1876.9000244140625,1902.0,4130
2026-02-25 13:15:00,1895.0,1921.5,1883.9000244140625,1901.4000244140625,4223
2026-02-26 09:15:00,1914.199951171875,1933.0,1879.4000244140625,1897.199951171875,1645
2026-02-26 13:15:00,1897.800048828125,1932.0,1888.0,1909.300048828125,3108
2026-02-27 09:15:00,1890.0,1909.5999755859373,1870.0999755859373,1879.800048828125,2062
2026-02-27 13:15:00,1877.4000244140625,1889.9000244140625,1864.0,1874.4000244140625,2796
2026-03-02 09:15:00,1780.699951171875,1839.9000244140625,1780.699951171875,1795.4000244140625,3198
2026-03-02 13:15:00,1795.300048828125,1827.0,1790.0,1805.800048828125,2270
2026-03-04 09:15:00,1796.800048828125,1821.0,1765.0,1802.0999755859373,4727
2026-03-04 13:15:00,1806.9000244140625,1815.0,1800.199951171875,1814.9000244140625,2360
2026-03-05 09:15:00,1803.9000244140625,1844.9000244140625,1803.9000244140625,1844.9000244140625,2902
2026-03-05 13:15:00,1850.0,1882.9000244140625,1833.699951171875,1875.9000244140625,6019
2026-03-06 09:15:00,1859.199951171875,1881.9000244140625,1848.0,1872.4000244140625,2461
2026-03-06 13:15:00,1875.5999755859373,1884.0999755859373,1851.4000244140625,1875.0,17396
2026-03-09 09:15:00,1870.0,1870.0,1802.9000244140625,1850.0,2641
2026-03-09 13:15:00,1850.699951171875,1864.9000244140625,1835.0,1854.199951171875,1861
2026-03-10 09:15:00,1850.0,1911.9000244140625,1836.0999755859373,1910.9000244140625,2486
2026-03-10 13:15:00,1904.0,1921.0,1893.800048828125,1908.5999755859373,3599
2026-03-11 09:15:00,1906.0,1916.0,1893.0,1893.0,506
2026-03-11 13:15:00,1889.199951171875,1916.0,1883.800048828125,1916.0,2872
2026-03-12 09:15:00,1875.0,1985.0,1870.0,1956.9000244140625,5861
2026-03-12 13:15:00,1960.4000244140625,1975.0,1951.0,1975.0,4210
2026-03-13 09:15:00,1935.4000244140625,1954.0,1905.0,1907.0,4619
2026-03-13 13:15:00,1906.5999755859373,1915.0999755859373,1871.9000244140625,1900.0,2447
2026-03-16 09:15:00,1880.9000244140625,1935.5999755859373,1850.0,1928.5999755859373,3678
2026-03-16 13:15:00,1926.0,1928.5,1881.0999755859373,1894.699951171875,8520
2026-03-17 09:15:00,1889.300048828125,1922.800048828125,1889.300048828125,1911.5,1685
2026-03-17 13:15:00,1909.0,1914.800048828125,1884.0999755859373,1898.199951171875,982
2026-03-18 09:15:00,1907.5,1921.9000244140625,1859.9000244140625,1889.300048828125,7596
2026-03-18 13:15:00,1890.5,1929.0,1888.300048828125,1920.0,7384
2026-03-19 09:15:00,1891.5,1894.300048828125,1830.199951171875,1830.5999755859373,3547
2026-03-19 13:15:00,1830.199951171875,1834.0,1815.0,1822.9000244140625,3735
2026-03-20 09:15:00,1825.0,1896.0,1825.0,1890.0,5262
2026-03-20 13:15:00,1890.0,1894.800048828125,1863.4000244140625,1879.699951171875,2840
2026-03-23 09:15:00,1870.0,1870.0,1769.0,1770.0,3762
2026-03-23 13:15:00,1770.5,1775.4000244140625,1733.4000244140625,1737.0999755859375,7161
2026-03-24 09:15:00,1750.9000244140625,1810.9000244140625,1741.0,1799.9000244140625,4761
2026-03-24 13:15:00,1799.699951171875,1812.0,1761.699951171875,1781.300048828125,5089
2026-03-25 09:15:00,1791.9000244140625,1847.9000244140625,1791.9000244140625,1827.4000244140625,1974
2026-03-25 13:15:00,1826.4000244140625,1934.0,1826.4000244140625,1930.0,11024
2026-03-27 09:15:00,1911.9000244140625,1911.9000244140625,1860.0,1896.5,2661
2026-03-27 13:15:00,1896.5,1896.5,1852.5,1864.5999755859373,5813
2026-03-30 09:15:00,1860.0,1888.0,1797.0,1875.199951171875,5350
2026-03-30 13:15:00,1875.300048828125,1875.300048828125,1809.300048828125,1857.699951171875,8636
2026-04-01 09:15:00,1941.0999755859373,1941.0999755859373,1892.0999755859373,1908.800048828125,938
2026-04-01 13:15:00,1908.699951171875,1915.0,1855.0,1877.5999755859373,2629
2026-04-02 09:15:00,1890.0,1929.800048828125,1840.5,1919.199951171875,2257
2026-04-02 13:15:00,1922.5,1925.0,1909.300048828125,1921.199951171875,875
2026-04-06 09:15:00,1901.0,1930.0,1888.5999755859373,1928.5999755859373,1185
2026-04-06 13:15:00,1920.0,1925.0,1893.300048828125,1900.5,930
2026-04-07 09:15:00,1913.699951171875,1920.0,1888.300048828125,1896.5,549
2026-04-07 13:15:00,1896.5,1912.800048828125,1888.0,1890.800048828125,1127
2026-04-08 09:15:00,1930.0,1950.0,1880.9000244140625,1889.5,4080
2026-04-08 13:15:00,1889.5,1893.5999755859373,1856.0999755859373,1872.5999755859373,4647
2026-04-09 09:15:00,1881.199951171875,1902.0,1877.0999755859373,1890.0,2125
2026-04-09 13:15:00,1883.300048828125,1890.0,1880.0,1887.0999755859373,957
2026-04-10 09:15:00,1903.0,1905.0,1884.0999755859373,1890.0,1938
2026-04-10 13:15:00,1886.5,1889.0,1870.0,1881.0,5112
2026-04-13 09:15:00,1881.0,1904.9000244140625,1851.0,1891.4000244140625,1177
2026-04-13 13:15:00,1891.4000244140625,1896.300048828125,1866.5,1878.5,1615
2026-04-15 09:15:00,1873.0999755859373,1916.5999755859373,1873.0999755859373,1897.9000244140625,2930
2026-04-15 13:15:00,1897.5,1924.199951171875,1896.0999755859373,1919.0999755859373,5959
2026-04-16 09:15:00,1944.9000244140625,1945.0,1901.9000244140625,1912.699951171875,7788
2026-04-16 13:15:00,1918.699951171875,1924.5,1890.0,1900.0,8233
2026-04-17 09:15:00,1914.9000244140625,1998.0999755859373,1903.0,1976.0,99851
2026-04-17 13:15:00,1972.199951171875,2043.9000244140625,1962.0,2024.5999755859373,18332
2026-04-20 09:15:00,2023.800048828125,2038.800048828125,1970.0,2029.300048828125,0
2026-04-20 13:15:00,2024.5999755859373,2033.800048828125,1985.0,1985.0,7973
2026-04-21 09:15:00,2014.9000244140625,2019.9000244140625,1992.9000244140625,2004.199951171875,1137
2026-04-21 13:15:00,2004.199951171875,2011.300048828125,1993.0,1998.699951171875,1043
2026-04-22 09:15:00,1977.800048828125,1994.9000244140625,1972.0,1977.699951171875,1979
2026-04-22 13:15:00,1977.699951171875,1989.699951171875,1953.9000244140625,1965.199951171875,2652
2026-04-23 09:15:00,1972.0,2074.10009765625,1972.0,2019.5999755859373,5371
2026-04-23 13:15:00,2018.5,2053.0,2011.0,2011.4000244140625,5145
2026-04-24 09:15:00,1995.0,2080.0,1986.699951171875,2038.0,11702
2026-04-24 13:15:00,2034.4000244140625,2048.699951171875,2016.0,2016.0,3576
2026-04-27 09:15:00,2011.9000244140625,2065.89990234375,2010.0,2011.4000244140625,5750
2026-04-27 13:15:00,2010.800048828125,2028.4000244140625,2003.699951171875,2016.199951171875,11943
2026-04-28 09:15:00,2019.800048828125,2074.89990234375,2019.800048828125,2072.800048828125,4903
2026-04-28 13:15:00,2070.10009765625,2074.0,2030.0999755859373,2045.800048828125,10132
2026-04-29 09:15:00,2045.800048828125,2087.89990234375,2022.4000244140625,2047.300048828125,3252
2026-04-29 13:15:00,2046.0,2048.0,2026.199951171875,2030.5,2214
2026-04-30 09:15:00,2060.0,2309.800048828125,2060.0,2285.89990234375,910160
2026-04-30 13:15:00,2284.0,2332.0,2215.10009765625,2295.0,765069
2026-05-04 09:15:00,2310.10009765625,2438.199951171875,2298.0,2386.0,33117
2026-05-04 13:15:00,2388.699951171875,2433.0,2375.60009765625,2417.0,46258
2026-05-05 09:15:00,2387.0,2410.0,2315.0,2325.0,22533
2026-05-05 13:15:00,2325.0,2371.89990234375,2308.0,2333.0,43532
2026-05-06 09:15:00,2364.0,2396.0,2303.89990234375,2369.0,8124
2026-05-06 13:15:00,2360.10009765625,2395.10009765625,2360.10009765625,2378.10009765625,8586
2026-05-07 09:15:00,2400.0,2524.0,2378.10009765625,2485.699951171875,29618
2026-05-07 13:15:00,2480.39990234375,2506.699951171875,2474.60009765625,2492.0,12625
2026-05-08 09:15:00,2500.0,2503.300048828125,2442.199951171875,2460.0,3410
2026-05-08 13:15:00,2460.0,2479.0,2447.0,2468.10009765625,6325
2026-05-11 09:15:00,2480.0,2480.0,2410.0,2460.699951171875,3775
2026-05-11 13:15:00,2462.699951171875,2462.699951171875,2409.0,2414.199951171875,3513
2026-05-12 09:15:00,2400.0,2415.199951171875,2344.10009765625,2344.10009765625,3485
2026-05-12 13:15:00,2345.10009765625,2351.699951171875,2300.300048828125,2311.10009765625,3384
2026-05-13 09:15:00,2310.0,2383.89990234375,2302.10009765625,2367.699951171875,2056
2026-05-13 13:15:00,2362.10009765625,2366.699951171875,2315.0,2333.199951171875,1805
2026-05-14 09:15:00,2348.5,2358.60009765625,2278.0,2317.699951171875,1990
2026-05-14 13:15:00,2314.0,2375.0,2314.0,2348.39990234375,3866
2026-05-15 09:15:00,2348.0,2377.0,2310.5,2340.39990234375,2642
2026-05-15 13:15:00,2335.0,2340.39990234375,2277.199951171875,2292.5,2775
2026-05-18 09:15:00,2270.5,2336.10009765625,2249.10009765625,2290.800048828125,3711
2026-05-18 13:15:00,2290.5,2312.39990234375,2290.0,2290.0,1510
2026-05-19 09:15:00,2273.0,2326.699951171875,2273.0,2300.800048828125,1165
2026-05-19 13:15:00,2306.89990234375,2310.0,2274.89990234375,2282.60009765625,2393
2026-05-20 09:15:00,2285.0,2355.0,2285.0,2296.5,2949
2026-05-20 13:15:00,2298.300048828125,2316.5,2286.0,2301.89990234375,2793
2026-05-21 09:15:00,2300.0,2330.89990234375,2269.89990234375,2277.800048828125,995
2026-05-21 13:15:00,2274.39990234375,2285.199951171875,2270.0,2274.199951171875,1188
2026-05-22 09:15:00,2274.199951171875,2329.0,2258.800048828125,2313.199951171875,2193
2026-05-22 13:15:00,2309.89990234375,2310.0,2291.0,2293.89990234375,1677
2026-05-25 09:15:00,2308.0,2312.89990234375,2257.199951171875,2266.699951171875,7075
2026-05-25 13:15:00,2267.300048828125,2267.300048828125,2243.0,2253.699951171875,2218
2026-05-26 09:15:00,2253.699951171875,2296.0,2235.0,2242.89990234375,2002
2026-05-26 13:15:00,2238.60009765625,2242.800048828125,2205.0,2205.0,3042
2026-05-27 09:15:00,2221.0,2235.5,2200.0,2209.800048828125,3029
2026-05-27 13:15:00,2205.699951171875,2240.0,2203.10009765625,2232.60009765625,3173
2026-05-29 09:15:00,2235.0,2250.0,2192.199951171875,2246.5,3182
2026-05-29 13:15:00,2250.60009765625,2258.800048828125,2189.39990234375,2224.699951171875,7970
2026-06-01 09:15:00,2224.0,2224.0,2188.800048828125,2188.800048828125,1329
2026-06-01 13:15:00,2190.60009765625,2198.89990234375,2163.300048828125,2172.39990234375,1484
2026-06-02 09:15:00,2176.0,2232.0,2176.0,2205.199951171875,1672
2026-06-02 13:15:00,2204.39990234375,2213.89990234375,2180.0,2182.0,1627
2026-06-03 09:15:00,2192.0,2243.89990234375,2192.0,2208.60009765625,890
2026-06-03 13:15:00,2211.60009765625,2219.89990234375,2185.0,2198.199951171875,1747
2026-06-04 09:15:00,2189.60009765625,2209.800048828125,2181.10009765625,2185.0,1342
2026-06-04 13:15:00,2181.10009765625,2181.10009765625,2140.0,2161.5,7684
2026-06-05 09:15:00,2172.5,2184.699951171875,2112.5,2112.60009765625,2867
2026-06-05 13:15:00,2112.60009765625,2180.10009765625,2100.5,2161.60009765625,8513
2026-06-08 09:15:00,2154.89990234375,2199.0,2113.300048828125,2117.10009765625,1302
2026-06-08 13:15:00,2122.10009765625,2122.5,2065.300048828125,2072.0,2734
2026-06-09 09:15:00,2089.0,2119.199951171875,2086.5,2110.0,659
2026-06-09 13:15:00,2108.0,2119.5,2087.0,2110.10009765625,2302
2026-06-10 09:15:00,2130.0,2138.89990234375,2090.39990234375,2122.60009765625,1469
2026-06-10 13:15:00,2122.199951171875,2127.89990234375,2091.0,2120.0,2790
2026-06-11 09:15:00,2113.5,2310.0,2111.89990234375,2214.89990234375,98565
2026-06-11 13:15:00,2218.300048828125,2231.199951171875,2185.300048828125,2199.60009765625,21693
2026-06-12 09:15:00,2204.89990234375,2298.39990234375,2188.199951171875,2219.699951171875,3649
2026-06-12 13:15:00,2222.300048828125,2233.0,2201.10009765625,2230.10009765625,4359
2026-06-15 09:15:00,2258.10009765625,2331.89990234375,2226.60009765625,2306.800048828125,10235
2026-06-15 13:15:00,2301.699951171875,2307.89990234375,2286.0,2297.699951171875,4659
2026-06-16 09:15:00,2286.199951171875,2320.0,2265.0,2282.699951171875,3276
2026-06-16 13:15:00,2288.699951171875,2304.89990234375,2276.0,2288.699951171875,3272
2026-06-17 09:15:00,2291.0,2330.0,2272.10009765625,2301.0,2536
2026-06-17 13:15:00,2305.60009765625,2325.800048828125,2301.0,2302.0,1889
2026-06-18 09:15:00,2330.0,2330.0,2274.0,2282.39990234375,2204
2026-06-18 13:15:00,2282.39990234375,2289.60009765625,2274.0,2278.10009765625,2285
2026-06-19 09:15:00,2280.0,2289.0,2261.300048828125,2275.0,658
2026-06-19 13:15:00,2275.0,2318.800048828125,2271.0,2318.800048828125,1410
2026-06-22 09:15:00,2300.0,2317.800048828125,2277.0,2312.300048828125,1477
2026-06-22 13:15:00,2311.39990234375,2350.0,2294.60009765625,2334.60009765625,3905
2026-06-23 09:15:00,2331.800048828125,2395.5,2320.0,2334.300048828125,3047
2026-06-23 13:15:00,2334.300048828125,2339.89990234375,2285.0,2307.5,3133
2026-06-24 09:15:00,2298.0,2324.800048828125,2295.10009765625,2309.89990234375,736
2026-06-24 13:15:00,2307.60009765625,2308.699951171875,2284.5,2284.5,1061
2026-06-25 09:15:00,2290.0,2319.60009765625,2277.10009765625,2280.89990234375,1038
2026-06-25 13:15:00,2275.0,2290.0,2275.0,2275.0,2047
2026-06-29 09:15:00,2200.0,2309.0,2200.0,2269.699951171875,1249
2026-06-29 13:15:00,2269.0,2293.0,2257.300048828125,2278.39990234375,3028
2026-06-30 09:15:00,2286.39990234375,2300.0,2262.60009765625,2286.699951171875,2262
2026-06-30 13:15:00,2285.10009765625,2305.800048828125,2284.300048828125,2292.5,2571
2026-07-01 09:15:00,2315.800048828125,2388.0,2305.0,2367.699951171875,10294
2026-07-01 13:15:00,2368.39990234375,2382.89990234375,2335.0,2350.0,4775
2026-07-02 09:15:00,2370.0,2480.0,2352.199951171875,2420.60009765625,2932
2026-07-02 13:15:00,2420.60009765625,2431.699951171875,2390.10009765625,2390.10009765625,4273
2026-07-03 09:15:00,2403.300048828125,2475.0,2399.0,2407.39990234375,1841
2026-07-03 13:15:00,2412.89990234375,2426.39990234375,2400.199951171875,2415.0,2455
2026-07-06 09:15:00,2385.800048828125,2476.89990234375,2385.800048828125,2420.0,1807
2026-07-06 13:15:00,2425.0,2450.0,2404.89990234375,2416.5,1607
2026-07-07 09:15:00,2440.60009765625,2449.0,2399.0,2411.10009765625,3057
2026-07-07 13:15:00,2406.0,2468.0,2403.0,2440.300048828125,4838
2026-07-08 09:15:00,2472.300048828125,2575.199951171875,2468.89990234375,2560.0,46065
2026-07-08 13:15:00,2566.60009765625,2569.0,2436.5,2452.300048828125,25049
2026-07-09 09:15:00,2422.0,2531.800048828125,2370.0,2510.60009765625,7027
2026-07-09 13:15:00,2512.89990234375,2675.0,2493.0,2656.800048828125,62948
2026-07-10 09:15:00,2641.300048828125,2889.0,2618.10009765625,2861.0,84559
2026-07-10 13:15:00,2858.0,2875.0,2834.300048828125,2856.89990234375,37593
2026-07-13 09:15:00,2823.60009765625,2952.89990234375,2823.60009765625,2854.699951171875,21383
2026-07-13 13:15:00,2853.0,2853.0,2803.5,2807.0,10653
2026-07-14 09:15:00,2808.0,2860.699951171875,2743.199951171875,2765.199951171875,5372
2026-07-14 13:15:00,2768.89990234375,2771.699951171875,2735.0,2740.199951171875,3914
2026-07-15 09:15:00,2774.89990234375,2837.60009765625,2723.10009765625,2806.10009765625,20909
2026-07-15 13:15:00,2810.60009765625,2990.0,2798.300048828125,2965.199951171875,125457
2026-07-16 09:15:00,2977.699951171875,2983.89990234375,2906.199951171875,2912.0,21331
2026-07-16 13:15:00,2915.199951171875,2941.0,2891.300048828125,2921.89990234375,6620
2026-07-17 09:15:00,2931.5,2939.89990234375,2827.60009765625,2850.0,3506
2026-07-17 13:15:00,2845.0,2886.0,2835.0,2842.5,6306
2026-07-20 09:15:00,2854.5,3055.800048828125,2822.89990234375,3027.800048828125,73075
2026-07-20 13:15:00,3033.89990234375,3060.0,2972.800048828125,3017.10009765625,39508
2026-07-21 09:15:00,3046.10009765625,3080.5,2902.300048828125,2920.199951171875,10233
2026-07-21 13:15:00,2919.800048828125,3039.5,2917.0,3025.0,13489
2026-07-22 09:15:00,3003.10009765625,3039.300048828125,2918.5,3005.5,7603
2026-07-22 13:15:00,3001.0,3021.0,2956.0,3004.89990234375,21975
2026-07-23 09:15:00,2990.0,2990.0,2910.199951171875,2910.300048828125,3467
2026-07-23 13:15:00,2908.0,2918.5,2887.39990234375,2902.5,4977
2026-07-24 09:15:00,2831.89990234375,2945.89990234375,2831.89990234375,2899.60009765625,2427
2026-07-24 13:15:00,2896.800048828125,3000.0,2870.0,2970.0,3878
2026-07-27 09:15:00,2920.5,2984.89990234375,2900.0,2948.0,6497
2026-07-27 13:15:00,2944.699951171875,2945.0,2915.0,2928.10009765625,6943
2026-07-28 09:15:00,2912.0,2924.60009765625,2867.300048828125,2880.0,2430
2026-07-28 13:15:00,2876.699951171875,2906.0,2856.39990234375,2888.699951171875,3773
2026-07-29 09:15:00,2964.699951171875,2999.0,2768.89990234375,2886.0,37656
2026-07-29 13:15:00,2886.0,2897.300048828125,2822.5,2836.0,8002
2026-07-30 09:15:00,2860.0,2897.199951171875,2770.89990234375,2785.699951171875,9112
2026-07-30 13:15:00,2784.0,2800.0,2770.0,2778.10009765625,7253
2026-07-31 09:15:00,2821.0,2821.0,2752.0,2808.300048828125,4320
2026-07-31 13:15:00,2800.60009765625,2809.0,2755.5,2768.199951171875,5868
2026-08-03 09:15:00,2779.89990234375,2819.5,2768.800048828125,2779.5,5742
2026-08-03 13:15:00,2779.10009765625,2805.0,2738.800048828125,2756.800048828125,4724
2026-08-04 09:15:00,2756.89990234375,2784.89990234375,2727.10009765625,2772.199951171875,3185
2026-08-04 13:15:00,2772.0,2772.199951171875,2732.5,2745.699951171875,2964
2026-08-05 09:15:00,2773.10009765625,2773.10009765625,2662.5,2706.0,7667
2026-08-05 13:15:00,2711.0,2725.0,2692.0,2707.800048828125,3490
2026-08-06 09:15:00,2724.0,2760.89990234375,2696.10009765625,2703.39990234375,4359
2026-08-06 13:15:00,2703.39990234375,2711.5,2657.0,2688.89990234375,2273
2026-08-07 09:15:00,2660.10009765625,2709.89990234375,2645.800048828125,2665.0,4280
2026-08-07 13:15:00,2665.5,2671.89990234375,2648.199951171875,2661.300048828125,2808
