Datetime,Open,High,Low,Close,Volume
2023-08-28 09:15:00,6.503704071044922,6.740740776062012,6.474074363708496,6.696296215057373,44611
2023-08-28 13:15:00,6.696296215057373,6.696296215057373,6.518518447875977,6.577777862548828,11589
2023-08-29 09:15:00,6.666666507720947,6.800000190734863,6.518518447875977,6.666666507720947,75248
2023-08-29 13:15:00,6.666666507720947,6.696296215057373,6.607407093048096,6.622222423553467,63187
2023-08-30 09:15:00,6.755555152893066,6.755555152893066,6.577777862548828,6.666666507720947,80468
2023-08-30 13:15:00,6.666666507720947,6.740740776062012,6.6370368003845215,6.696296215057373,110406
2023-08-31 09:15:00,6.785184860229492,6.785184860229492,6.548148155212402,6.607407093048096,29714
2023-08-31 13:15:00,6.607407093048096,6.6370368003845215,6.577777862548828,6.577777862548828,99660
2023-09-01 09:15:00,6.666666507720947,6.666666507720947,6.577777862548828,6.607407093048096,34098
2023-09-01 13:15:00,6.607407093048096,6.607407093048096,6.459259033203125,6.459259033203125,162579
2023-09-04 09:15:00,6.488888740539551,6.592592716217041,6.459259033203125,6.503704071044922,52194
2023-09-04 13:15:00,6.503704071044922,6.548148155212402,6.459259033203125,6.488888740539551,187430
2023-09-05 09:15:00,6.518518447875977,6.607407093048096,6.414814472198486,6.488888740539551,53350
2023-09-05 13:15:00,6.429629802703857,6.548148155212402,6.429629802703857,6.488888740539551,68343
2023-09-06 09:15:00,6.488888740539551,6.577777862548828,6.414814472198486,6.518518447875977,75492
2023-09-06 13:15:00,6.518518447875977,6.5333333015441895,6.266666412353516,6.3851847648620605,86612
2023-09-07 09:15:00,6.400000095367432,6.518518447875977,6.370370388031006,6.400000095367432,55159
2023-09-07 13:15:00,6.414814472198486,6.44444465637207,6.3851847648620605,6.3851847648620605,30683
2023-09-08 09:15:00,6.34074068069458,6.44444465637207,6.311110973358154,6.370370388031006,18098
2023-09-08 13:15:00,6.370370388031006,6.488888740539551,6.370370388031006,6.400000095367432,33781
2023-09-11 09:15:00,6.562963008880615,6.562963008880615,6.088888645172119,6.459259033203125,74224
2023-09-11 13:15:00,6.459259033203125,6.518518447875977,6.400000095367432,6.44444465637207,75991
2023-09-12 09:15:00,6.459259033203125,6.459259033203125,6.222222328186035,6.281481742858887,32792
2023-09-12 13:15:00,6.281481742858887,6.459259033203125,6.1777777671813965,6.296296119689941,144608
2023-09-13 09:15:00,6.222222328186035,6.251852035522461,6.0740742683410645,6.118518352508545,32029
2023-09-13 13:15:00,6.118518352508545,6.162962913513184,6.044444561004639,6.0740742683410645,171517
2023-09-14 09:15:00,6.0740742683410645,6.370370388031006,6.044444561004639,6.222222328186035,56519
2023-09-14 13:15:00,6.281481742858887,6.34074068069458,6.133333683013916,6.1777777671813965,60222
2023-09-15 09:15:00,6.222222328186035,6.34074068069458,5.955555438995361,6.266666412353516,86214
2023-09-15 13:15:00,6.266666412353516,6.281481742858887,6.088888645172119,6.10370397567749,98297
2023-09-18 09:15:00,6.192592620849609,6.192592620849609,6.014814376831055,6.162962913513184,53039
2023-09-18 13:15:00,6.162962913513184,6.162962913513184,6.0740742683410645,6.088888645172119,21862
2023-09-20 09:15:00,6.1777777671813965,6.370370388031006,6.088888645172119,6.162962913513184,518623
2023-09-20 13:15:00,6.148148059844971,6.192592620849609,6.0740742683410645,6.088888645172119,298296
2023-09-21 09:15:00,6.222222328186035,6.222222328186035,6.088888645172119,6.088888645172119,267643
2023-09-21 13:15:00,6.088888645172119,6.133333683013916,6.014814376831055,6.014814376831055,598848
2023-09-22 09:15:00,6.222222328186035,6.222222328186035,5.970370292663574,6.014814376831055,616794
2023-09-22 13:15:00,6.014814376831055,6.118518352508545,6.0,6.029629707336426,415924
2023-09-25 09:15:00,6.34074068069458,6.622222423553467,6.23703670501709,6.622222423553467,84983
2023-09-25 13:15:00,6.622222423553467,6.622222423553467,6.622222423553467,6.622222423553467,37795
2023-09-26 09:15:00,6.933333396911621,7.125925540924072,6.933333396911621,7.096296310424805,1066583
2023-09-26 13:15:00,7.096296310424805,7.214815139770508,7.037036895751953,7.037036895751953,2186804
2023-09-27 09:15:00,7.051851749420166,7.377777576446533,6.962963104248047,7.125925540924072,1631164
2023-09-27 13:15:00,7.125925540924072,7.274074077606201,7.081481456756592,7.140740871429443,1170646
2023-09-28 09:15:00,7.244444847106934,7.422222137451172,7.170370578765869,7.170370578765869,1321967
2023-09-28 13:15:00,7.185184955596924,7.31851863861084,7.051851749420166,7.125925540924072,1120701
2023-09-29 09:15:00,7.229629516601562,7.377777576446533,7.081481456756592,7.111111164093018,972086
2023-09-29 13:15:00,7.111111164093018,7.259259223937988,7.081481456756592,7.170370578765869,358336
2023-10-03 09:15:00,7.140740871429443,7.199999809265137,6.992592811584473,7.140740871429443,366216
2023-10-03 13:15:00,7.140740871429443,7.155555248260498,7.081481456756592,7.096296310424805,718764
2023-10-04 09:15:00,7.259259223937988,7.377777576446533,7.185184955596924,7.199999809265137,692992
2023-10-04 13:15:00,7.199999809265137,7.348147869110107,7.199999809265137,7.274074077606201,875596
2023-10-05 09:15:00,7.3629631996154785,7.6148152351379395,7.3629631996154785,7.422222137451172,575863
2023-10-05 13:15:00,7.422222137451172,7.437036991119385,7.170370578765869,7.244444847106934,1715922
2023-10-06 09:15:00,7.244444847106934,7.540740966796875,7.244444847106934,7.392592906951904,625622
2023-10-06 13:15:00,7.392592906951904,7.392592906951904,7.274074077606201,7.303703784942627,678408
2023-10-09 09:15:00,7.422222137451172,7.540740966796875,7.111111164093018,7.481481552124023,933119
2023-10-09 13:15:00,7.451851844787598,7.525925636291504,7.407407283782959,7.407407283782959,973699
2023-10-10 09:15:00,7.496295928955078,7.55555534362793,7.437036991119385,7.451851844787598,422243
2023-10-10 13:15:00,7.451851844787598,7.496295928955078,7.348147869110107,7.46666669845581,738741
2023-10-11 09:15:00,7.525925636291504,7.629629611968994,7.46666669845581,7.6148152351379395,1046457
2023-10-11 13:15:00,7.6148152351379395,7.6148152351379395,7.540740966796875,7.570370197296143,698435
2023-10-12 09:15:00,7.6148152351379395,8.0,7.481481552124023,7.718518257141113,1627315
2023-10-12 13:15:00,7.718518257141113,7.851851940155029,7.629629611968994,7.718518257141113,1423485
2023-10-13 09:15:00,7.8222222328186035,7.89629602432251,7.76296329498291,7.866666316986084,852846
2023-10-13 13:15:00,7.881481647491455,7.940740585327148,7.703703880310059,7.733333587646484,1500446
2023-10-16 09:15:00,7.911111354827881,8.088889122009277,7.851851940155029,7.89629602432251,1445932
2023-10-16 13:15:00,7.89629602432251,8.40000057220459,7.881481647491455,8.088889122009277,3366873
2023-10-17 09:15:00,8.296296119689941,8.607407569885254,8.296296119689941,8.429630279541016,1536935
2023-10-17 13:15:00,8.429630279541016,8.503704071044922,8.296296119689941,8.44444465637207,2119377
2023-10-18 09:15:00,8.592592239379883,8.622221946716309,8.355555534362793,8.370369911193848,863572
2023-10-18 13:15:00,8.370369911193848,8.414814949035645,8.296296119689941,8.325925827026367,675183
2023-10-19 09:15:00,8.44444465637207,8.44444465637207,8.266666412353516,8.296296119689941,1180311
2023-10-19 13:15:00,8.296296119689941,8.355555534362793,8.20740795135498,8.311110496520996,1104318
2023-10-20 09:15:00,8.370369911193848,8.44444465637207,8.325925827026367,8.370369911193848,964348
2023-10-20 13:15:00,8.370369911193848,8.622221946716309,8.325925827026367,8.577777862548828,1462688
2023-10-23 09:15:00,8.651851654052734,8.755555152893066,8.459259033203125,8.474074363708496,360525
2023-10-23 13:15:00,8.474074363708496,8.562962532043457,8.459259033203125,8.503704071044922,910442
2023-10-25 09:15:00,8.711111068725586,8.711111068725586,8.222222328186035,8.23703670501709,1260235
2023-10-25 13:15:00,8.20740795135498,8.325925827026367,8.04444408416748,8.177778244018555,992482
2023-10-26 09:15:00,8.19259262084961,8.19259262084961,7.881481647491455,8.0,650995
2023-10-26 13:15:00,8.014814376831055,8.118518829345703,7.955555438995361,8.029629707336426,533459
2023-10-27 09:15:00,8.133333206176758,8.296296119689941,8.103703498840332,8.251852035522461,888645
2023-10-27 13:15:00,8.251852035522461,8.251852035522461,8.118518829345703,8.162962913513184,513878
2023-10-30 09:15:00,8.20740795135498,8.44444465637207,8.133333206176758,8.222222328186035,897150
2023-10-30 13:15:00,8.20740795135498,8.251852035522461,8.148148536682129,8.222222328186035,465921
2023-10-31 09:15:00,8.23703670501709,8.23703670501709,8.029629707336426,8.059259414672852,778418
2023-10-31 13:15:00,8.059259414672852,8.44444465637207,8.029629707336426,8.251852035522461,528171
2023-11-01 09:15:00,8.355555534362793,8.44444465637207,8.162962913513184,8.222222328186035,920064
2023-11-01 13:15:00,8.222222328186035,8.266666412353516,8.133333206176758,8.148148536682129,447030
2023-11-02 09:15:00,8.23703670501709,8.370369911193848,8.177778244018555,8.311110496520996,662823
2023-11-02 13:15:00,8.325925827026367,8.40000057220459,8.251852035522461,8.325925827026367,454169
2023-11-03 09:15:00,8.44444465637207,8.548148155212402,8.355555534362793,8.474074363708496,980958
2023-11-03 13:15:00,8.474074363708496,8.48888874053955,8.370369911193848,8.429630279541016,147191
2023-11-06 09:15:00,8.518518447875977,8.548148155212402,8.414814949035645,8.48888874053955,527731
2023-11-06 13:15:00,8.48888874053955,8.533332824707031,8.44444465637207,8.518518447875977,718118
2023-11-07 09:15:00,8.562962532043457,8.562962532043457,8.370369911193848,8.503704071044922,751333
2023-11-07 13:15:00,8.48888874053955,8.562962532043457,8.44444465637207,8.518518447875977,820498
2023-11-08 09:15:00,8.592592239379883,8.651851654052734,8.370369911193848,8.518518447875977,773351
2023-11-08 13:15:00,8.533332824707031,8.622221946716309,8.503704071044922,8.503704071044922,365491
2023-11-09 09:15:00,8.607407569885254,8.68148136138916,8.562962532043457,8.562962532043457,630031
2023-11-09 13:15:00,8.577777862548828,8.666666984558105,8.533332824707031,8.607407569885254,581547
2023-11-10 09:15:00,8.533332824707031,8.622221946716309,8.459259033203125,8.548148155212402,661830
2023-11-10 13:15:00,8.548148155212402,8.622221946716309,8.459259033203125,8.533332824707031,341559
2023-11-13 09:15:00,8.503704071044922,8.562962532043457,8.23703670501709,8.340740203857422,366703
2023-11-13 13:15:00,8.340740203857422,8.385185241699219,8.251852035522461,8.251852035522461,921912
2023-11-15 09:15:00,8.340740203857422,8.533332824707031,8.19259262084961,8.325925827026367,121085
2023-11-15 13:15:00,8.325925827026367,8.518518447875977,8.296296119689941,8.48888874053955,995974
2023-11-16 09:15:00,8.48888874053955,8.503704071044922,8.414814949035645,8.459259033203125,609640
2023-11-16 13:15:00,8.44444465637207,8.48888874053955,8.40000057220459,8.429630279541016,934699
2023-11-17 09:15:00,8.44444465637207,8.48888874053955,8.355555534362793,8.40000057220459,486895
2023-11-17 13:15:00,8.385185241699219,8.474074363708496,8.355555534362793,8.44444465637207,591114
2023-11-20 09:15:00,8.592592239379883,8.651851654052734,8.44444465637207,8.48888874053955,578636
2023-11-20 13:15:00,8.533332824707031,8.87407398223877,8.459259033203125,8.859259605407715,1940785
2023-11-21 09:15:00,9.185185432434082,9.185185432434082,8.68148136138916,8.948148727416992,492404
2023-11-21 13:15:00,8.948148727416992,8.977777481079102,8.87407398223877,8.948148727416992,776713
2023-11-22 09:15:00,9.037036895751951,9.170371055603027,8.933333396911621,8.977777481079102,260564
2023-11-22 13:15:00,8.977777481079102,9.051851272583008,8.948148727416992,8.992592811584473,448983
2023-11-23 09:15:00,9.229629516601562,9.881481170654297,9.096296310424805,9.881481170654297,3551742
2023-11-23 13:15:00,9.881481170654297,9.881481170654297,9.851851463317873,9.866666793823242,1307207
2023-11-24 09:15:00,9.940740585327148,10.370369911193848,9.096296310424805,9.12592601776123,2561121
2023-11-24 13:15:00,9.12592601776123,9.333333015441896,9.096296310424805,9.185185432434082,1700239
2023-11-28 09:15:00,9.36296272277832,9.377778053283691,8.992592811584473,9.051851272583008,616187
2023-11-28 13:15:00,9.037036895751951,9.051851272583008,8.88888931274414,8.948148727416992,570117
2023-11-29 09:15:00,8.992592811584473,9.022222518920898,8.800000190734863,8.844444274902344,282072
2023-11-29 13:15:00,8.844444274902344,8.87407398223877,8.800000190734863,8.829628944396973,508695
2023-11-30 09:15:00,8.829628944396973,8.87407398223877,8.63703727722168,8.785184860229492,345042
2023-11-30 13:15:00,8.800000190734863,8.814814567565918,8.711111068725586,8.740740776062012,759428
2023-12-01 09:15:00,8.88888931274414,9.06666660308838,8.859259605407715,8.933333396911621,374479
2023-12-01 13:15:00,8.948148727416992,9.377778053283691,8.87407398223877,9.037036895751951,1144552
2023-12-04 09:15:00,9.36296272277832,9.955554962158203,9.096296310424805,9.940740585327148,4086626
2023-12-04 13:15:00,9.955554962158203,9.955554962158203,9.866666793823242,9.940740585327148,1651694
2023-12-05 09:15:00,9.940740585327148,10.014814376831056,9.274073600769045,9.348148345947266,1577527
2023-12-05 13:15:00,9.348148345947266,9.496295928955078,9.303703308105469,9.407407760620115,1071495
2023-12-06 09:15:00,9.718518257141112,9.925926208496094,9.348148345947266,9.377778053283691,1886861
2023-12-06 13:15:00,9.36296272277832,9.377778053283691,9.199999809265137,9.244444847106934,931663
2023-12-07 09:15:00,9.274073600769045,9.36296272277832,9.155555725097656,9.229629516601562,460146
2023-12-07 13:15:00,9.229629516601562,9.229629516601562,9.096296310424805,9.140740394592283,672834
2023-12-08 09:15:00,9.214815139770508,9.288888931274414,8.814814567565918,8.903703689575195,921973
2023-12-08 13:15:00,8.88888931274414,8.992592811584473,8.800000190734863,8.87407398223877,731427
2023-12-11 09:15:00,8.977777481079102,9.229629516601562,8.785184860229492,8.829628944396973,1130401
2023-12-11 13:15:00,8.829628944396973,8.918519020080566,8.711111068725586,8.740740776062012,1171262
2023-12-12 09:15:00,8.87407398223877,8.933333396911621,8.533332824707031,8.800000190734863,822884
2023-12-12 13:15:00,8.800000190734863,8.992592811584473,8.755555152893066,8.992592811584473,713359
2023-12-13 09:15:00,8.918519020080566,9.333333015441896,8.87407398223877,9.11111068725586,1559017
2023-12-13 13:15:00,9.11111068725586,9.140740394592283,8.977777481079102,9.11111068725586,766481
2023-12-14 09:15:00,9.199999809265137,9.244444847106934,9.096296310424805,9.12592601776123,2268991
2023-12-14 13:15:00,9.12592601776123,9.140740394592283,8.992592811584473,9.140740394592283,577095
2023-12-15 09:15:00,9.12592601776123,9.244444847106934,9.037036895751951,9.096296310424805,818402
2023-12-15 13:15:00,9.096296310424805,9.185185432434082,9.007407188415527,9.140740394592283,600054
2023-12-18 09:15:00,9.214815139770508,9.229629516601562,9.022222518920898,9.140740394592283,1105643
2023-12-18 13:15:00,9.155555725097656,9.170371055603027,9.06666660308838,9.081480979919434,533448
2023-12-19 09:15:00,9.11111068725586,9.185185432434082,9.007407188415527,9.037036895751951,479403
2023-12-19 13:15:00,9.037036895751951,9.06666660308838,9.022222518920898,9.06666660308838,260507
2023-12-20 09:15:00,9.051851272583008,9.170371055603027,8.933333396911621,8.948148727416992,280697
2023-12-20 13:15:00,8.962963104248047,8.992592811584473,8.63703727722168,8.829628944396973,1025459
2023-12-21 09:15:00,8.725926399230957,8.87407398223877,8.63703727722168,8.785184860229492,192233
2023-12-21 13:15:00,8.785184860229492,8.87407398223877,8.740740776062012,8.859259605407715,873703
2023-12-22 09:15:00,8.962963104248047,9.051851272583008,8.800000190734863,8.844444274902344,534856
2023-12-22 13:15:00,8.844444274902344,9.214815139770508,8.814814567565918,9.140740394592283,856849
2023-12-26 09:15:00,9.229629516601562,9.244444847106934,9.081480979919434,9.12592601776123,488953
2023-12-26 13:15:00,9.12592601776123,9.12592601776123,8.977777481079102,9.037036895751951,594892
2023-12-27 09:15:00,9.081480979919434,9.52592658996582,9.007407188415527,9.11111068725586,753251
2023-12-27 13:15:00,9.096296310424805,9.214815139770508,9.037036895751951,9.11111068725586,1032740
2023-12-28 09:15:00,9.214815139770508,9.244444847106934,9.007407188415527,9.081480979919434,655781
2023-12-28 13:15:00,9.081480979919434,9.12592601776123,9.051851272583008,9.096296310424805,474014
2023-12-29 09:15:00,9.06666660308838,9.140740394592283,8.903703689575195,8.948148727416992,630898
2023-12-29 13:15:00,8.933333396911621,8.948148727416992,8.87407398223877,8.88888931274414,720846
2024-01-01 09:15:00,8.88888931274414,8.962963104248047,8.785184860229492,8.87407398223877,221006
2024-01-01 13:15:00,8.859259605407715,8.948148727416992,8.844444274902344,8.88888931274414,358219
2024-01-02 09:15:00,8.918519020080566,8.933333396911621,8.785184860229492,8.800000190734863,416466
2024-01-02 13:15:00,8.800000190734863,8.829628944396973,8.755555152893066,8.785184860229492,411192
2024-01-03 09:15:00,8.829628944396973,8.829628944396973,8.755555152893066,8.755555152893066,205874
2024-01-03 13:15:00,8.770370483398438,8.785184860229492,8.711111068725586,8.725926399230957,815069
2024-01-04 09:15:00,8.88888931274414,9.214815139770508,8.859259605407715,9.051851272583008,1187987
2024-01-04 13:15:00,9.051851272583008,9.06666660308838,8.88888931274414,8.918519020080566,759595
2024-01-05 09:15:00,8.992592811584473,9.037036895751951,8.844444274902344,8.859259605407715,1482950
2024-01-05 13:15:00,8.844444274902344,8.903703689575195,8.785184860229492,8.829628944396973,810285
2024-01-08 09:15:00,9.022222518920898,9.214815139770508,8.903703689575195,9.022222518920898,2001159
2024-01-08 13:15:00,9.022222518920898,9.155555725097656,8.962963104248047,9.037036895751951,1025747
2024-01-09 09:15:00,9.06666660308838,9.185185432434082,9.022222518920898,9.037036895751951,660932
2024-01-09 13:15:00,9.022222518920898,9.037036895751951,8.962963104248047,9.007407188415527,505786
2024-01-10 09:15:00,9.096296310424805,9.392592430114746,9.037036895751951,9.244444847106934,4760001
2024-01-10 13:15:00,9.259259223937988,9.259259223937988,9.140740394592283,9.140740394592283,1471425
2024-01-11 09:15:00,9.333333015441896,10.162962913513184,9.333333015441896,9.659258842468262,6527988
2024-01-11 13:15:00,9.659258842468262,9.659258842468262,9.407407760620115,9.585185050964355,4997406
2024-01-12 09:15:00,9.777777671813965,9.911110877990724,9.12592601776123,9.303703308105469,2566479
2024-01-12 13:15:00,9.288888931274414,9.333333015441896,9.140740394592283,9.214815139770508,2243148
2024-01-15 09:15:00,9.466667175292969,10.785185813903809,9.466667175292969,10.740740776062012,11197128
2024-01-15 13:15:00,10.740740776062012,11.007408142089844,10.325925827026367,10.948148727416992,10629902
2024-01-16 09:15:00,11.12592601776123,11.466667175292969,10.651851654052734,10.814814567565918,3028566
2024-01-16 13:15:00,10.785185813903809,10.93333339691162,10.696295738220217,10.903703689575195,2614798
2024-01-17 09:15:00,10.785185813903809,11.31851863861084,10.488889694213867,10.91851806640625,2898925
2024-01-17 13:15:00,10.91851806640625,11.022222518920898,10.844444274902344,10.977777481079102,1875450
2024-01-18 09:15:00,11.007408142089844,11.377778053283691,10.666666984558104,10.87407398223877,1898852
2024-01-18 13:15:00,10.88888931274414,10.903703689575195,10.533332824707031,10.63703727722168,2611022
2024-01-19 09:15:00,11.844444274902344,12.755556106567385,11.44444465637207,12.755556106567385,1869820
2024-01-19 13:15:00,12.755556106567385,12.755556106567385,12.755556106567385,12.755556106567385,138701
2024-01-23 09:15:00,14.622222900390623,14.88888931274414,13.044445037841797,13.044445037841797,355865
2024-01-23 13:15:00,13.044445037841797,13.11111068725586,13.044445037841797,13.044445037841797,685830
2024-01-24 09:15:00,12.755556106567385,12.977778434753418,11.755556106567385,12.266666412353516,1435931
2024-01-24 13:15:00,12.266666412353516,12.44444465637207,12.088889122009276,12.311111450195312,964451
2024-01-25 09:15:00,12.866666793823242,13.288888931274414,12.822222709655762,12.977778434753418,725790
2024-01-25 13:15:00,12.977778434753418,13.133333206176758,12.88888931274414,13.11111068725586,772301
2024-01-29 09:15:00,13.777777671813965,13.88888931274414,13.222222328186035,13.288888931274414,627128
2024-01-29 13:15:00,13.288888931274414,13.733333587646484,13.222222328186035,13.466666221618652,1246664
2024-01-30 09:15:00,13.533333778381348,13.533333778381348,12.93333339691162,13.06666660308838,581186
2024-01-30 13:15:00,13.022221565246582,13.133333206176758,12.977778434753418,13.088889122009276,438412
2024-01-31 09:15:00,13.022221565246582,13.088889122009276,12.355555534362791,12.422222137451172,1998349
2024-01-31 13:15:00,12.44444465637207,12.44444465637207,12.355555534362791,12.44444465637207,627657
2024-02-01 09:15:00,12.533333778381348,12.622221946716309,12.133333206176758,12.311111450195312,646703
2024-02-01 13:15:00,12.311111450195312,12.51111125946045,12.244443893432615,12.355555534362791,277485
2024-02-02 09:15:00,11.755556106567385,12.222222328186035,11.577777862548828,11.844444274902344,3191243
2024-02-02 13:15:00,11.911110877990724,11.977778434753418,11.799999237060549,11.88888931274414,841790
2024-02-05 09:15:00,11.644444465637209,11.866666793823242,10.755556106567385,10.799999237060549,1851322
2024-02-05 13:15:00,10.799999237060549,10.822222709655762,10.711111068725586,10.755556106567385,1619239
2024-02-06 09:15:00,10.755556106567385,11.266666412353516,10.733333587646484,11.266666412353516,705251
2024-02-06 13:15:00,11.266666412353516,11.266666412353516,11.222222328186035,11.266666412353516,1416376
2024-02-07 09:15:00,11.377778053283691,11.733333587646484,11.0,11.088889122009276,842895
2024-02-07 13:15:00,11.11111068725586,11.222222328186035,11.06666660308838,11.155555725097656,729749
2024-02-08 09:15:00,11.244443893432615,11.288888931274414,10.711111068725586,10.866666793823242,623702
2024-02-08 13:15:00,10.866666793823242,10.866666793823242,10.733333587646484,10.822222709655762,527303
2024-02-09 09:15:00,10.822222709655762,10.844444274902344,10.244443893432615,10.399999618530272,1009283
2024-02-09 13:15:00,10.44444465637207,10.44444465637207,10.355555534362791,10.422222137451172,379818
2024-02-12 09:15:00,10.533333778381348,10.688888549804688,9.866666793823242,10.0,756551
2024-02-12 13:15:00,10.0,10.0,9.866666793823242,9.866666793823242,575532
2024-02-13 09:15:00,9.844444274902344,9.977778434753418,9.377778053283691,9.822222709655762,716024
2024-02-13 13:15:00,9.822222709655762,10.355555534362791,9.777777671813965,10.355555534362791,1106432
2024-02-14 09:15:00,10.0,10.866666793823242,9.911110877990724,10.866666793823242,1149902
2024-02-14 13:15:00,10.866666793823242,10.866666793823242,10.822222709655762,10.866666793823242,846690
2024-02-15 09:15:00,10.911110877990724,11.399999618530272,10.911110877990724,11.200000762939451,544747
2024-02-15 13:15:00,11.177777290344238,11.200000762939451,10.666666984558104,10.666666984558104,1078864
2024-02-16 09:15:00,10.777777671813965,10.844444274902344,10.355555534362791,10.422222137451172,1784104
2024-02-16 13:15:00,10.422222137451172,10.44444465637207,10.355555534362791,10.377778053283691,574604
2024-02-19 09:15:00,10.666666984558104,10.866666793823242,10.666666984558104,10.866666793823242,655774
2024-02-19 13:15:00,10.866666793823242,10.866666793823242,10.844444274902344,10.866666793823242,485862
2024-02-20 09:15:00,10.666666984558104,10.822222709655762,10.577777862548828,10.711111068725586,342569
2024-02-20 13:15:00,10.711111068725586,10.711111068725586,10.622221946716309,10.688888549804688,311509
2024-02-21 09:15:00,10.844444274902344,10.844444274902344,10.44444465637207,10.577777862548828,379774
2024-02-21 13:15:00,10.622221946716309,10.666666984558104,10.422222137451172,10.55555534362793,424733
2024-02-22 09:15:00,10.577777862548828,11.044445037841797,10.577777862548828,10.911110877990724,973863
2024-02-22 13:15:00,10.911110877990724,10.911110877990724,10.577777862548828,10.577777862548828,646757
2024-02-23 09:15:00,10.733333587646484,10.93333339691162,10.533333778381348,10.666666984558104,870324
2024-02-23 13:15:00,10.666666984558104,10.688888549804688,10.48888874053955,10.48888874053955,723296
2024-02-26 09:15:00,10.666666984558104,10.666666984558104,10.222222328186035,10.355555534362791,304577
2024-02-26 13:15:00,10.377778053283691,10.622221946716309,10.355555534362791,10.533333778381348,563451
2024-02-27 09:15:00,10.311111450195312,10.48888874053955,10.311111450195312,10.355555534362791,212255
2024-02-27 13:15:00,10.355555534362791,10.355555534362791,10.155555725097656,10.244443893432615,435909
2024-02-28 09:15:00,10.244443893432615,10.333333015441896,9.822222709655762,9.822222709655762,604448
2024-02-28 13:15:00,9.866666793823242,9.955554962158203,9.822222709655762,9.88888931274414,423848
2024-02-29 09:15:00,9.88888931274414,10.133333206176758,9.688888549804688,10.088889122009276,258427
2024-02-29 13:15:00,10.11111068725586,10.377778053283691,10.088889122009276,10.333333015441896,1223927
2024-03-01 09:15:00,10.422222137451172,10.622221946716309,10.333333015441896,10.466666221618652,679423
2024-03-01 13:15:00,10.44444465637207,10.466666221618652,10.244443893432615,10.333333015441896,317736
2024-03-04 09:15:00,10.466666221618652,10.48888874053955,10.133333206176758,10.266666412353516,289948
2024-03-04 13:15:00,10.266666412353516,10.288888931274414,10.133333206176758,10.200000762939451,226760
2024-03-05 09:15:00,10.133333206176758,10.133333206176758,9.93333339691162,10.022221565246582,146183
2024-03-05 13:15:00,10.0,10.022221565246582,9.88888931274414,10.0,245700
2024-03-06 09:15:00,9.977778434753418,10.06666660308838,9.48888874053955,9.51111125946045,457093
2024-03-06 13:15:00,9.533333778381348,9.866666793823242,9.48888874053955,9.755556106567385,482863
2024-03-07 09:15:00,9.777777671813965,9.977778434753418,9.577777862548828,9.600000381469728,332072
2024-03-07 13:15:00,9.622221946716309,9.755556106567385,9.577777862548828,9.666666984558104,239278
2024-03-11 09:15:00,9.777777671813965,9.955554962158203,9.399999618530272,9.466666221618652,273510
2024-03-11 13:15:00,9.466666221618652,9.48888874053955,9.377778053283691,9.399999618530272,250998
2024-03-12 09:15:00,9.733333587646484,9.733333587646484,8.933333396911621,8.933333396911621,751813
2024-03-12 13:15:00,8.933333396911621,9.088889122009276,8.933333396911621,9.044445037841797,834660
2024-03-13 09:15:00,8.911110877990723,9.133333206176758,8.600000381469727,8.600000381469727,713708
2024-03-13 13:15:00,8.600000381469727,8.600000381469727,8.600000381469727,8.600000381469727,112474
2024-03-14 09:15:00,8.422222137451172,9.022221565246582,8.177777290344238,9.022221565246582,599214
2024-03-14 13:15:00,9.022221565246582,9.022221565246582,8.666666984558105,8.866666793823242,375189
2024-03-15 09:15:00,9.088889122009276,9.177777290344238,8.666666984558105,9.155555725097656,254625
2024-03-15 13:15:00,9.155555725097656,9.288888931274414,9.022221565246582,9.155555725097656,312165
2024-03-18 09:15:00,9.288888931274414,9.333333015441896,9.06666660308838,9.11111068725586,417424
2024-03-18 13:15:00,9.088889122009276,9.222222328186035,9.044445037841797,9.133333206176758,884729
2024-03-19 09:15:00,9.222222328186035,9.222222328186035,8.88888931274414,9.0,338694
2024-03-19 13:15:00,9.0,9.088889122009276,8.844444274902344,8.88888931274414,342551
2024-03-20 09:15:00,8.911110877990723,9.288888931274414,8.88888931274414,9.266666412353516,987289
2024-03-20 13:15:00,9.266666412353516,9.288888931274414,9.200000762939451,9.244443893432615,168731
2024-03-21 09:15:00,9.377778053283691,9.688888549804688,9.244443893432615,9.266666412353516,619336
2024-03-21 13:15:00,9.266666412353516,9.333333015441896,9.088889122009276,9.088889122009276,661125
2024-03-22 09:15:00,9.044445037841797,9.133333206176758,8.911110877990723,9.06666660308838,389502
2024-03-22 13:15:00,9.06666660308838,9.06666660308838,8.933333396911621,8.955554962158203,649548
2024-03-26 09:15:00,8.977778434753418,9.022221565246582,8.822222709655762,8.88888931274414,241756
2024-03-26 13:15:00,8.88888931274414,8.977778434753418,8.88888931274414,8.933333396911621,833175
2024-03-27 09:15:00,8.933333396911621,9.0,8.88888931274414,8.88888931274414,385868
2024-03-27 13:15:00,8.911110877990723,8.955554962158203,8.844444274902344,8.866666793823242,909362
2024-03-28 09:15:00,8.911110877990723,9.0,8.600000381469727,8.711111068725586,383678
2024-03-28 13:15:00,8.711111068725586,9.06666660308838,8.644444465637207,8.911110877990723,887758
2024-04-01 09:15:00,9.177777290344238,9.266666412353516,9.06666660308838,9.244443893432615,203913
2024-04-01 13:15:00,9.244443893432615,9.355555534362791,9.200000762939451,9.333333015441896,626358
2024-04-02 09:15:00,9.533333778381348,9.711111068725586,9.399999618530272,9.48888874053955,326300
2024-04-02 13:15:00,9.48888874053955,9.55555534362793,9.422222137451172,9.51111125946045,740918
2024-04-03 09:15:00,9.533333778381348,9.93333339691162,9.48888874053955,9.93333339691162,155696
2024-04-03 13:15:00,9.93333339691162,9.93333339691162,9.93333339691162,9.93333339691162,22360
2024-04-04 09:15:00,10.311111450195312,10.422222137451172,10.11111068725586,10.266666412353516,433353
2024-04-04 13:15:00,10.266666412353516,10.377778053283691,10.200000762939451,10.333333015441896,547907
2024-04-05 09:15:00,10.266666412353516,10.377778053283691,10.044445037841797,10.177777290344238,565534
2024-04-05 13:15:00,10.155555725097656,10.311111450195312,10.088889122009276,10.288888931274414,678196
2024-04-08 09:15:00,10.399999618530272,10.51111125946045,10.155555725097656,10.288888931274414,597237
2024-04-08 13:15:00,10.311111450195312,10.533333778381348,10.222222328186035,10.48888874053955,1424998
2024-04-09 09:15:00,10.51111125946045,10.622221946716309,10.288888931274414,10.333333015441896,315637
2024-04-09 13:15:00,10.333333015441896,10.355555534362791,10.155555725097656,10.266666412353516,942834
2024-04-10 09:15:00,10.288888931274414,10.355555534362791,10.155555725097656,10.222222328186035,532818
2024-04-10 13:15:00,10.222222328186035,10.48888874053955,10.200000762939451,10.48888874053955,891963
2024-04-12 09:15:00,10.533333778381348,11.311111450195312,10.533333778381348,11.155555725097656,3883331
2024-04-12 13:15:00,11.155555725097656,11.399999618530272,11.155555725097656,11.399999618530272,2868715
2024-04-15 09:15:00,10.844444274902344,11.133333206176758,10.533333778381348,11.022221565246582,897573
2024-04-15 13:15:00,11.0,11.044445037841797,10.911110877990724,11.022221565246582,1200634
2024-04-16 09:15:00,10.977778434753418,11.644444465637209,10.844444274902344,11.266666412353516,897852
2024-04-16 13:15:00,11.266666412353516,11.55555534362793,11.222222328186035,11.466666221618652,1604546
2024-04-18 09:15:00,11.644444465637209,11.733333587646484,11.06666660308838,11.44444465637207,653163
2024-04-18 13:15:00,11.44444465637207,11.466666221618652,11.222222328186035,11.288888931274414,662007
2024-04-19 09:15:00,11.133333206176758,11.244443893432615,10.955554962158203,11.11111068725586,579373
2024-04-19 13:15:00,11.11111068725586,11.466666221618652,11.06666660308838,11.155555725097656,1495673
2024-04-22 09:15:00,11.244443893432615,11.55555534362793,11.133333206176758,11.333333015441896,978277
2024-04-22 13:15:00,11.333333015441896,11.466666221618652,11.266666412353516,11.333333015441896,1016863
2024-04-23 09:15:00,11.666666984558104,12.044445037841797,11.577777862548828,11.822222709655762,2182376
2024-04-23 13:15:00,11.844444274902344,12.022221565246582,11.688888549804688,11.88888931274414,1793506
2024-04-24 09:15:00,12.0,12.088889122009276,11.866666793823242,11.911110877990724,547040
2024-04-24 13:15:00,11.911110877990724,12.088889122009276,11.911110877990724,12.0,1349974
2024-04-25 09:15:00,12.022221565246582,12.200000762939451,11.866666793823242,12.022221565246582,1341643
2024-04-25 13:15:00,12.044445037841797,12.177777290344238,12.0,12.06666660308838,872886
2024-04-26 09:15:00,12.222222328186035,12.244443893432615,11.799999237060549,11.911110877990724,938858
2024-04-26 13:15:00,11.911110877990724,12.11111068725586,11.844444274902344,12.0,1396302
2024-04-29 09:15:00,12.11111068725586,12.200000762939451,11.955554962158203,11.955554962158203,724612
2024-04-29 13:15:00,11.955554962158203,12.06666660308838,11.911110877990724,11.911110877990724,1626070
2024-04-30 09:15:00,12.0,12.11111068725586,11.799999237060549,11.866666793823242,1023112
2024-04-30 13:15:00,11.866666793823242,11.88888931274414,11.799999237060549,11.822222709655762,435042
2024-05-02 09:15:00,11.911110877990724,12.022221565246582,11.688888549804688,11.755556106567385,1294739
2024-05-02 13:15:00,11.777777671813965,11.799999237060549,11.48888874053955,11.666666984558104,1392765
2024-05-03 09:15:00,11.733333587646484,11.755556106567385,11.288888931274414,11.422222137451172,361674
2024-05-03 13:15:00,11.399999618530272,11.600000381469728,11.222222328186035,11.466666221618652,1291916
2024-05-06 09:15:00,11.733333587646484,11.955554962158203,11.51111125946045,11.799999237060549,838509
2024-05-06 13:15:00,11.822222709655762,12.155555725097656,11.711111068725586,12.088889122009276,2343426
2024-05-07 09:15:00,12.133333206176758,12.177777290344238,11.822222709655762,11.88888931274414,1507510
2024-05-07 13:15:00,11.866666793823242,12.06666660308838,11.866666793823242,11.977778434753418,1128016
2024-05-08 09:15:00,12.06666660308838,12.155555725097656,11.93333339691162,12.044445037841797,601944
2024-05-08 13:15:00,12.06666660308838,12.06666660308838,11.955554962158203,11.977778434753418,984152
2024-05-09 09:15:00,12.088889122009276,12.600000381469728,12.06666660308838,12.311111450195312,2048413
2024-05-09 13:15:00,12.311111450195312,12.44444465637207,12.177777290344238,12.222222328186035,1391983
2024-05-10 09:15:00,12.55555534362793,12.688888549804688,12.266666412353516,12.311111450195312,1787469
2024-05-10 13:15:00,12.311111450195312,12.44444465637207,12.244443893432615,12.355555534362791,724932
2024-05-13 09:15:00,12.377778053283691,12.466666221618652,11.911110877990724,12.155555725097656,420105
2024-05-13 13:15:00,12.133333206176758,12.44444465637207,12.06666660308838,12.177777290344238,1631462
2024-05-14 09:15:00,12.266666412353516,12.666666984558104,12.133333206176758,12.533333778381348,1821265
2024-05-14 13:15:00,12.533333778381348,12.600000381469728,12.399999618530272,12.44444465637207,1072162
2024-05-15 09:15:00,12.533333778381348,12.822222709655762,12.48888874053955,12.55555534362793,510092
2024-05-15 13:15:00,12.55555534362793,12.666666984558104,12.288888931274414,12.622221946716309,1137110
2024-05-16 09:15:00,12.777777671813965,12.777777671813965,12.51111125946045,12.600000381469728,1512697
2024-05-16 13:15:00,12.622221946716309,12.777777671813965,12.533333778381348,12.733333587646484,2239592
2024-05-17 09:15:00,12.622221946716309,12.666666984558104,12.399999618530272,12.422222137451172,846770
2024-05-17 13:15:00,12.422222137451172,12.577777862548828,12.422222137451172,12.48888874053955,781987
2024-05-21 09:15:00,12.533333778381348,12.577777862548828,12.311111450195312,12.422222137451172,587671
2024-05-21 13:15:00,12.422222137451172,12.600000381469728,12.377778053283691,12.55555534362793,1974725
2024-05-22 09:15:00,12.44444465637207,12.577777862548828,12.244443893432615,12.44444465637207,1134234
2024-05-22 13:15:00,12.44444465637207,12.533333778381348,12.355555534362791,12.422222137451172,1071036
2024-05-23 09:15:00,12.377778053283691,12.622221946716309,12.355555534362791,12.422222137451172,1161407
2024-05-23 13:15:00,12.422222137451172,12.533333778381348,12.333333015441896,12.422222137451172,474178
2024-05-24 09:15:00,12.44444465637207,12.93333339691162,12.355555534362791,12.600000381469728,1687815
2024-05-24 13:15:00,12.600000381469728,12.911110877990724,12.577777862548828,12.88888931274414,2566306
2024-05-27 09:15:00,13.133333206176758,13.822222709655762,12.955554962158203,13.355555534362791,3929786
2024-05-27 13:15:00,13.333333015441896,13.44444465637207,13.088889122009276,13.11111068725586,1437288
2024-05-28 09:15:00,13.777777671813965,13.822222709655762,13.377778053283691,13.44444465637207,619722
2024-05-28 13:15:00,13.44444465637207,13.755556106567385,13.311111450195312,13.600000381469728,1305700
2024-05-29 09:15:00,13.755556106567385,13.866666793823242,13.333333015441896,13.799999237060549,1942232
2024-05-29 13:15:00,13.777777671813965,13.88888931274414,13.600000381469728,13.866666793823242,1800311
2024-05-30 09:15:00,13.844444274902344,14.11111068725586,13.688888549804688,13.955554962158203,1872494
2024-05-30 13:15:00,13.977778434753418,14.044445037841797,13.822222709655762,14.0,1625484
2024-05-31 09:15:00,14.06666660308838,14.200000762939451,13.866666793823242,14.044445037841797,1940996
2024-05-31 13:15:00,14.022221565246582,14.11111068725586,13.88888931274414,14.0,1619670
2024-06-03 09:15:00,14.266666412353516,14.266666412353516,14.0,14.022221565246582,880891
2024-06-03 13:15:00,14.0,14.133333206176758,13.088889122009276,13.844444274902344,1061873
2024-06-04 09:15:00,13.955554962158203,13.955554962158203,12.466666221618652,12.755556106567385,1529859
2024-06-04 13:15:00,12.755556106567385,13.155555725097656,12.666666984558104,13.11111068725586,886448
2024-06-05 09:15:00,13.200000762939451,13.311111450195312,12.644444465637209,12.977778434753418,343079
2024-06-05 13:15:00,12.955554962158203,13.51111125946045,12.955554962158203,13.422222137451172,1530914
2024-06-06 09:15:00,13.533333778381348,13.755556106567385,13.466666221618652,13.55555534362793,763964
2024-06-06 13:15:00,13.55555534362793,13.688888549804688,13.155555725097656,13.333333015441896,1945595
2024-06-07 09:15:00,13.399999618530272,13.666666984558104,13.399999618530272,13.600000381469728,1475610
2024-06-07 13:15:00,13.600000381469728,13.711111068725586,13.44444465637207,13.622221946716309,1684434
2024-06-10 09:15:00,13.79555606842041,13.880000114440918,13.355555534362791,13.386667251586914,665827
2024-06-10 13:15:00,13.386667251586914,13.404444694519045,12.737777709960938,12.844444274902344,1648994
2024-06-11 09:15:00,12.911110877990724,13.031110763549805,12.688888549804688,12.74666690826416,430541
2024-06-11 13:15:00,12.755556106567385,12.786666870117188,12.666666984558104,12.706666946411133,958334
2024-06-12 09:15:00,12.644444465637209,12.897777557373049,12.640000343322754,12.804444313049316,729828
2024-06-12 13:15:00,12.79111099243164,13.026666641235352,12.64888858795166,12.88888931274414,3208799
2024-06-13 09:15:00,13.0,13.057777404785156,12.831111907958984,12.942222595214844,685180
2024-06-13 13:15:00,12.93777847290039,13.088889122009276,12.853333473205566,13.031110763549805,918780
2024-06-14 09:15:00,13.106666564941406,13.30666732788086,12.946666717529297,13.013333320617676,564384
2024-06-14 13:15:00,13.031110763549805,13.031110763549805,12.69777774810791,12.822222709655762,1517944
2024-06-18 09:15:00,12.884444236755373,13.022221565246582,12.728888511657717,12.786666870117188,532268
2024-06-18 13:15:00,12.786666870117188,13.0,12.720000267028809,12.88888931274414,1281543
2024-06-19 09:15:00,13.008889198303224,13.235555648803713,12.93333339691162,13.035555839538574,608729
2024-06-19 13:15:00,13.057777404785156,13.11111068725586,12.955554962158203,13.035555839538574,1460972
2024-06-20 09:15:00,13.102222442626951,14.200000762939451,13.102222442626951,13.524444580078123,7084416
2024-06-20 13:15:00,13.533333778381348,13.533333778381348,13.115555763244627,13.151111602783203,2439951
2024-06-21 09:15:00,13.30666732788086,13.600000381469728,12.880000114440918,12.942222595214844,1087771
2024-06-21 13:15:00,12.942222595214844,13.053333282470703,12.911110877990724,12.93333339691162,656343
2024-06-24 09:15:00,13.008889198303224,13.11111068725586,12.466666221618652,12.533333778381348,1504170
2024-06-24 13:15:00,12.537776947021484,12.5600004196167,12.448888778686523,12.49333381652832,1558809
2024-06-25 09:15:00,12.49333381652832,12.74222183227539,12.44444465637207,12.466666221618652,1264345
2024-06-25 13:15:00,12.462223052978516,12.515555381774902,12.44444465637207,12.48888874053955,1484628
2024-06-26 09:15:00,12.524444580078123,12.528888702392578,12.364444732666016,12.408888816833496,962821
2024-06-26 13:15:00,12.413333892822266,12.475555419921877,12.342222213745115,12.435555458068848,1246519
2024-06-27 09:15:00,12.324443817138672,12.435555458068848,12.288888931274414,12.293333053588867,547187
2024-06-27 13:15:00,12.288888931274414,12.435555458068848,12.235555648803713,12.31999969482422,1180156
2024-06-28 09:15:00,12.382222175598145,12.502222061157228,12.231111526489258,12.431110382080078,547553
2024-06-28 13:15:00,12.431110382080078,12.431110382080078,12.288888931274414,12.386667251586914,1380092
2024-07-01 09:15:00,12.533333778381348,12.60444450378418,12.422222137451172,12.457777976989746,279259
2024-07-01 13:15:00,12.448888778686523,12.622221946716309,12.44444465637207,12.50666618347168,1299205
2024-07-02 09:15:00,12.55555534362793,12.600000381469728,12.337778091430664,12.44444465637207,877224
2024-07-02 13:15:00,12.431110382080078,12.853333473205566,12.359999656677246,12.44444465637207,1761877
2024-07-03 09:15:00,12.528888702392578,12.577777862548828,12.453333854675291,12.515555381774902,240701
2024-07-03 13:15:00,12.515555381774902,12.520000457763672,12.382222175598145,12.51111125946045,1776514
2024-07-04 09:15:00,12.502222061157228,12.524444580078123,12.271111488342283,12.324443817138672,951860
2024-07-04 13:15:00,12.324443817138672,12.4399995803833,12.266666412353516,12.293333053588867,855053
2024-07-05 09:15:00,12.386667251586914,12.422222137451172,12.231111526489258,12.359999656677246,347273
2024-07-05 13:15:00,12.355555534362791,12.426666259765623,12.222222328186035,12.271111488342283,1515517
2024-07-08 09:15:00,12.435555458068848,12.435555458068848,12.06666660308838,12.128889083862305,648173
2024-07-08 13:15:00,12.119999885559082,12.32888889312744,12.06666660308838,12.32888889312744,997324
2024-07-09 09:15:00,12.30666732788086,12.337778091430664,12.0,12.04888916015625,785018
2024-07-09 13:15:00,12.057777404785156,12.133333206176758,12.004444122314451,12.084444999694824,1167610
2024-07-10 09:15:00,12.137777328491213,12.31999969482422,11.83555507659912,12.217777252197266,1073328
2024-07-10 13:15:00,12.222222328186035,12.226666450500488,11.782222747802734,11.84000015258789,1092585
2024-07-11 09:15:00,11.93333339691162,12.053333282470703,11.537776947021484,11.613332748413086,2264516
2024-07-11 13:15:00,11.622221946716309,11.635555267333984,11.520000457763672,11.55555534362793,1241056
2024-07-12 09:15:00,11.617777824401855,11.662221908569336,11.528888702392578,11.551111221313477,717521
2024-07-12 13:15:00,11.5600004196167,11.733333587646484,11.551111221313477,11.675556182861328,993321
2024-07-15 09:15:00,11.773333549499512,11.773333549499512,11.520000457763672,11.644444465637209,917968
2024-07-15 13:15:00,11.635555267333984,11.711111068725586,11.55555534362793,11.622221946716309,912652
2024-07-16 09:15:00,11.69777774810791,11.79111099243164,11.528888702392578,11.662221908569336,1212367
2024-07-16 13:15:00,11.662221908569336,11.662221908569336,11.20888900756836,11.551111221313477,750990
2024-07-18 09:15:00,11.777777671813965,12.155555725097656,11.564444541931152,12.044445037841797,5729515
2024-07-18 13:15:00,12.071110725402832,12.84000015258789,12.031110763549805,12.733333587646484,4575333
2024-07-19 09:15:00,12.848888397216797,13.222222328186035,12.74222183227539,12.799999237060549,4861422
2024-07-19 13:15:00,12.79111099243164,13.035555839538574,12.471111297607422,12.866666793823242,1474270
2024-07-22 09:15:00,12.662221908569336,12.706666946411133,12.19111156463623,12.248888969421388,469998
2024-07-22 13:15:00,12.24000072479248,12.386667251586914,12.008889198303224,12.355555534362791,954371
2024-07-23 09:15:00,12.551111221313477,12.551111221313477,11.564444541931152,12.200000762939451,1191450
2024-07-23 13:15:00,12.168888092041016,12.520000457763672,12.137777328491213,12.422222137451172,873628
2024-07-24 09:15:00,12.422222137451172,12.640000343322754,12.333333015441896,12.462223052978516,254542
2024-07-24 13:15:00,12.475555419921877,12.520000457763672,12.399999618530272,12.422222137451172,1477672
2024-07-25 09:15:00,12.311111450195312,12.373332977294922,12.088889122009276,12.31999969482422,217049
2024-07-25 13:15:00,12.31999969482422,12.520000457763672,12.18666648864746,12.39111042022705,909515
2024-07-26 09:15:00,12.600000381469728,12.773333549499512,12.51111125946045,12.591111183166504,1991669
2024-07-26 13:15:00,12.591111183166504,12.955554962158203,12.577777862548828,12.666666984558104,1449344
2024-07-29 09:15:00,13.48888874053955,13.48888874053955,12.977778434753418,13.06222152709961,686119
2024-07-29 13:15:00,13.053333282470703,13.30222225189209,12.977778434753418,13.226666450500488,1447841
2024-07-30 09:15:00,13.30666732788086,13.448888778686523,13.11111068725586,13.168888092041016,1904026
2024-07-30 13:15:00,13.173333168029783,13.279999732971191,12.893333435058594,12.973333358764648,1345008
2024-07-31 09:15:00,13.075555801391602,13.177777290344238,12.924444198608398,12.982221603393556,1444037
2024-07-31 13:15:00,12.986666679382324,13.022221565246582,12.799999237060549,12.880000114440918,1185181
2024-08-01 09:15:00,12.964444160461426,13.119999885559082,12.720000267028809,12.799999237060549,1259773
2024-08-01 13:15:00,12.786666870117188,12.884444236755373,12.5600004196167,12.711111068725586,661401
2024-08-02 09:15:00,12.466666221618652,12.617777824401855,12.368888854980469,12.497777938842772,456558
2024-08-02 13:15:00,12.497777938842772,12.69777774810791,12.435555458068848,12.55555534362793,1409551
2024-08-05 09:15:00,12.41777801513672,12.426666259765623,11.964444160461426,12.035555839538574,487993
2024-08-05 13:15:00,12.057777404785156,12.195555686950684,11.782222747802734,12.0,343009
2024-08-06 09:15:00,12.11111068725586,12.30222225189209,11.955554962158203,12.128889083862305,753559
2024-08-06 13:15:00,12.128889083862305,12.173333168029783,11.755556106567385,11.911110877990724,1159385
2024-08-07 09:15:00,12.11111068725586,12.146666526794434,11.964444160461426,12.09333324432373,639018
2024-08-07 13:15:00,12.09333324432373,12.133333206176758,11.977778434753418,12.0,1129203
2024-08-08 09:15:00,12.044445037841797,12.151111602783203,11.93777847290039,12.079999923706056,551932
2024-08-08 13:15:00,12.09333324432373,12.14222240447998,12.031110763549805,12.14222240447998,1389298
2024-08-09 09:15:00,12.288888931274414,13.0,12.288888931274414,12.715556144714355,2912130
2024-08-09 13:15:00,12.715556144714355,12.955554962158203,12.515555381774902,12.74222183227539,1497105
2024-08-12 09:15:00,13.057777404785156,13.057777404785156,12.50666618347168,12.83555507659912,462344
2024-08-12 13:15:00,12.83555507659912,13.90666675567627,12.826666831970217,13.711111068725586,8258569
2024-08-13 09:15:00,14.15999984741211,14.15999984741211,13.640000343322754,13.755556106567385,1064033
2024-08-13 13:15:00,13.777777671813965,14.097777366638184,13.533333778381348,13.955554962158203,3087954
2024-08-14 09:15:00,14.013333320617676,14.013333320617676,13.764444351196287,13.79555606842041,1231674
2024-08-14 13:15:00,13.79555606842041,14.128889083862305,13.777777671813965,13.955554962158203,3426447
2024-08-16 09:15:00,14.173333168029783,14.377777099609377,13.955554962158203,14.031110763549805,633181
2024-08-16 13:15:00,14.026666641235352,14.06222152709961,13.826666831970217,13.982221603393556,1848824
2024-08-19 09:15:00,13.875555038452148,14.119999885559082,13.60444450378418,13.911110877990724,1516965
2024-08-19 13:15:00,13.902222633361816,13.911110877990724,13.613332748413086,13.85777759552002,1262725
2024-08-20 09:15:00,13.866666793823242,13.977778434753418,13.55555534362793,13.591111183166504,1218086
2024-08-20 13:15:00,13.591111183166504,14.222222328186035,13.591111183166504,14.16444492340088,7008636
2024-08-21 09:15:00,14.266666412353516,14.422222137451172,14.04888916015625,14.20444393157959,4114549
2024-08-21 13:15:00,14.20444393157959,14.217777252197266,13.382222175598145,13.74666690826416,3810351
2024-08-22 09:15:00,13.866666793823242,13.973333358764648,13.595555305480955,13.844444274902344,889401
2024-08-22 13:15:00,13.844444274902344,13.844444274902344,13.622221946716309,13.662221908569336,1496825
2024-08-23 09:15:00,13.777777671813965,13.844444274902344,13.644444465637209,13.751111030578612,1003264
2024-08-23 13:15:00,13.755556106567385,13.831111907958984,13.586666107177734,13.755556106567385,1539421
2024-08-26 09:15:00,13.95111083984375,13.95111083984375,13.551111221313477,13.720000267028809,778283
2024-08-26 13:15:00,13.733333587646484,13.777777671813965,13.422222137451172,13.528888702392578,1966939
2024-08-27 09:15:00,13.622221946716309,13.644444465637209,13.426666259765623,13.497777938842772,944902
2024-08-27 13:15:00,13.497777938842772,13.724444389343262,13.48888874053955,13.5600004196167,1509402
2024-08-28 09:15:00,13.591111183166504,13.64888858795166,13.51111125946045,13.58222198486328,863120
2024-08-28 13:15:00,13.573333740234377,13.640000343322754,13.44444465637207,13.466666221618652,1292272
2024-08-29 09:15:00,13.55555534362793,13.733333587646484,13.515555381774902,13.564444541931152,547362
2024-08-29 13:15:00,13.542222023010254,13.586666107177734,13.44444465637207,13.479999542236328,2385675
2024-08-30 09:15:00,13.5600004196167,13.706666946411133,13.44444465637207,13.542222023010254,1551277
2024-08-30 13:15:00,13.515555381774902,14.0,13.51111125946045,13.986666679382324,2869115
2024-09-02 09:15:00,14.235554695129396,14.235554695129396,13.955554962158203,14.0,665490
2024-09-02 13:15:00,14.0,14.200000762939451,13.706666946411133,14.200000762939451,1984013
2024-09-03 09:15:00,14.11111068725586,14.155555725097656,13.924444198608398,13.995555877685549,1528389
2024-09-03 13:15:00,13.982221603393556,14.088889122009276,13.893333435058594,14.044445037841797,1219109
2024-09-04 09:15:00,13.928889274597168,14.662222862243652,13.733333587646484,14.19111156463623,2950005
2024-09-04 13:15:00,14.15999984741211,14.311111450195312,14.04888916015625,14.28888988494873,2393689
2024-09-05 09:15:00,14.431111335754396,15.684444427490234,14.315555572509766,15.342222213745115,14769287
2024-09-05 13:15:00,15.342222213745115,16.133333206176758,15.342222213745115,16.128889083862305,14394607
2024-09-06 09:15:00,16.502222061157227,16.502222061157227,15.675556182861328,15.822221755981444,10735476
2024-09-06 13:15:00,15.79555606842041,15.875555992126465,15.426666259765623,15.70222282409668,2906682
2024-09-09 09:15:00,15.84444522857666,16.1200008392334,15.133333206176758,15.360000610351562,1319915
2024-09-09 13:15:00,15.337777137756348,15.511112213134766,15.29777717590332,15.44444465637207,1592769
2024-09-10 09:15:00,15.688888549804688,15.995555877685549,15.519999504089355,15.564444541931152,4302402
2024-09-10 13:15:00,15.577777862548828,15.875555992126465,15.471111297607422,15.728888511657717,3006139
2024-09-11 09:15:00,15.84000015258789,16.22222137451172,15.59111213684082,16.057777404785156,5320203
2024-09-11 13:15:00,16.07111167907715,16.29777717590332,15.71111011505127,15.799999237060549,2157401
2024-09-12 09:15:00,15.9022216796875,16.079999923706055,15.582222938537598,15.622222900390623,2075854
2024-09-12 13:15:00,15.622222900390623,15.768888473510742,15.519999504089355,15.60444450378418,2117029
2024-09-13 09:15:00,15.706666946411133,16.137779235839844,15.706666946411133,15.88888931274414,729389
2024-09-13 13:15:00,15.88888931274414,16.440000534057617,15.799999237060549,16.182222366333008,4474580
2024-09-16 09:15:00,16.626667022705078,16.768888473510742,16.133333206176758,16.373332977294922,2240631
2024-09-16 13:15:00,16.38222312927246,16.488887786865234,16.248889923095703,16.39555549621582,2991991
2024-09-17 09:15:00,16.50666618347168,16.524444580078125,16.008888244628906,16.16888999938965,1552250
2024-09-17 13:15:00,16.177778244018555,16.328889846801758,16.102222442626953,16.231111526489258,2102582
2024-09-18 09:15:00,16.213333129882812,16.33333396911621,15.933332443237305,16.044443130493164,1334629
2024-09-18 13:15:00,16.057777404785156,16.084444046020508,15.93777847290039,16.01333236694336,570075
2024-09-19 09:15:00,16.088890075683594,16.311111450195312,15.30222225189209,15.635555267333984,6122229
2024-09-19 13:15:00,15.635555267333984,16.044443130493164,15.577777862548828,15.893332481384276,2328693
2024-09-20 09:15:00,15.875555992126465,16.066667556762695,15.586666107177734,15.74222183227539,2381938
2024-09-20 13:15:00,15.74222183227539,15.880000114440918,15.448887825012209,15.755556106567385,1807846
2024-09-23 09:15:00,16.0,16.11111068725586,15.822221755981444,15.84444522857666,692426
2024-09-23 13:15:00,15.822221755981444,16.0222225189209,15.55555534362793,15.55555534362793,1710759
2024-09-24 09:15:00,15.55555534362793,15.84000015258789,15.35111141204834,15.559999465942385,2949073
2024-09-24 13:15:00,15.582222938537598,15.933332443237305,15.564444541931152,15.799999237060549,2389879
2024-09-25 09:15:00,15.90666675567627,15.93777847290039,15.613333702087402,15.719999313354492,3295088
2024-09-25 13:15:00,15.719999313354492,15.733333587646484,15.337777137756348,15.426666259765623,1189599
2024-09-26 09:15:00,15.59999942779541,15.737777709960938,15.49333381652832,15.551112174987791,936994
2024-09-26 13:15:00,15.54222297668457,15.608888626098633,15.368889808654783,15.466666221618652,1774467
2024-09-27 09:15:00,15.911110877990724,15.911110877990724,14.977778434753418,15.168889045715332,2524064
2024-09-27 13:15:00,15.173333168029783,15.25333309173584,14.95111083984375,15.053333282470703,916635
2024-09-30 09:15:00,15.133333206176758,15.466666221618652,14.71111011505127,14.90666675567627,1055060
2024-09-30 13:15:00,14.90666675567627,15.133333206176758,14.893332481384276,15.0,1092138
2024-10-01 09:15:00,14.95555591583252,15.04888916015625,14.804445266723633,14.893332481384276,1424367
2024-10-01 13:15:00,14.871110916137695,15.386666297912598,14.848888397216797,15.106667518615724,2742212
2024-10-03 09:15:00,14.755556106567385,15.0,14.715556144714355,14.875555992126465,2537080
2024-10-03 13:15:00,14.875555992126465,14.924445152282717,14.488887786865234,14.515555381774902,1202521
2024-10-04 09:15:00,14.662222862243652,14.662222862243652,14.088889122009276,14.44444465637207,893442
2024-10-04 13:15:00,14.44444465637207,14.55555534362793,14.28888988494873,14.537776947021484,1029806
2024-10-07 09:15:00,14.577777862548828,14.751110076904297,13.986666679382324,14.16444492340088,1908599
2024-10-07 13:15:00,14.16444492340088,14.333333015441896,13.804444313049316,13.897777557373049,1552285
2024-10-08 09:15:00,13.964444160461426,14.893332481384276,13.626667022705078,14.60444450378418,2765480
2024-10-08 13:15:00,14.59999942779541,14.666666984558104,14.226665496826172,14.391111373901367,1672427
2024-10-09 09:15:00,14.568888664245604,14.662222862243652,14.333333015441896,14.422222137451172,1728042
2024-10-09 13:15:00,14.435555458068848,14.44444465637207,14.195555686950684,14.20444393157959,842867
2024-10-10 09:15:00,14.368889808654783,14.546666145324709,13.968889236450195,14.04888916015625,2233629
2024-10-10 13:15:00,14.04888916015625,14.06222152709961,13.844444274902344,13.995555877685549,318080
2024-10-11 09:15:00,14.013333320617676,14.40000057220459,13.777777671813965,14.075555801391602,1027149
2024-10-11 13:15:00,14.04888916015625,14.551112174987791,14.0,14.315555572509766,1433790
2024-10-14 09:15:00,14.453333854675291,14.551112174987791,13.986666679382324,14.0,515074
2024-10-14 13:15:00,13.986666679382324,14.106666564941406,13.871110916137695,13.90666675567627,510394
2024-10-15 09:15:00,13.995555877685549,14.595555305480955,13.50666618347168,13.600000381469728,4643815
2024-10-15 13:15:00,13.60888957977295,13.751111030578612,13.462223052978516,13.533333778381348,1835034
2024-10-16 09:15:00,13.640000343322754,13.84000015258789,13.453333854675291,13.479999542236328,1022631
2024-10-16 13:15:00,13.479999542236328,13.50666618347168,13.18666648864746,13.279999732971191,1545468
2024-10-17 09:15:00,13.333333015441896,13.373332977294922,13.071110725402832,13.19111156463623,420626
2024-10-17 13:15:00,13.173333168029783,13.182222366333008,12.804444313049316,13.017778396606444,868797
2024-10-18 09:15:00,12.79111099243164,13.195555686950684,12.666666984558104,12.986666679382324,815921
2024-10-18 13:15:00,13.017778396606444,13.24000072479248,12.968889236450195,13.017778396606444,1168622
2024-10-21 09:15:00,13.004444122314451,13.55555534362793,12.64888858795166,12.711111068725586,5125843
2024-10-21 13:15:00,12.675556182861328,12.817777633666992,12.58222198486328,12.675556182861328,837695
2024-10-22 09:15:00,12.799999237060549,13.262222290039062,12.133333206176758,12.311111450195312,7184446
2024-10-22 13:15:00,12.346667289733888,13.19111156463623,12.333333015441896,12.666666984558104,5225840
2024-10-23 09:15:00,13.475555419921877,13.475555419921877,12.04888916015625,12.368888854980469,662476
2024-10-23 13:15:00,12.355555534362791,12.577777862548828,12.155555725097656,12.266666412353516,1998846
2024-10-24 09:15:00,12.368888854980469,12.662221908569336,12.084444999694824,12.30222225189209,1635268
2024-10-24 13:15:00,12.30666732788086,12.32888889312744,12.0,12.044445037841797,664282
2024-10-25 09:15:00,12.133333206176758,12.182222366333008,11.90666675567627,12.0,681617
2024-10-25 13:15:00,11.995555877685549,12.24000072479248,11.822222709655762,11.88888931274414,779546
2024-10-28 09:15:00,12.06666660308838,12.30222225189209,11.902222633361816,12.177777290344238,259946
2024-10-28 13:15:00,12.182222366333008,12.4399995803833,12.088889122009276,12.386667251586914,1640981
2024-10-29 09:15:00,12.222222328186035,12.551111221313477,12.119999885559082,12.364444732666016,1704966
2024-10-29 13:15:00,12.364444732666016,12.426666259765623,12.24000072479248,12.315555572509766,308822
2024-10-30 09:15:00,12.311111450195312,12.826666831970217,12.235555648803713,12.684444427490234,1306092
2024-10-30 13:15:00,12.68000030517578,12.684444427490234,12.399999618530272,12.48888874053955,434644
2024-10-31 09:15:00,12.386667251586914,12.893333435058594,12.355555534362791,12.724444389343262,1195302
2024-10-31 13:15:00,12.720000267028809,12.79111099243164,12.497777938842772,12.657777786254885,813902
2024-11-04 09:15:00,12.893333435058594,12.986666679382324,12.399999618530272,12.515555381774902,475345
2024-11-04 13:15:00,12.515555381774902,12.524444580078123,12.293333053588867,12.44444465637207,1016137
2024-11-05 09:15:00,12.337778091430664,12.777777671813965,12.337778091430664,12.600000381469728,1637563
2024-11-05 13:15:00,12.600000381469728,12.74666690826416,12.577777862548828,12.635555267333984,1010600
2024-11-06 09:15:00,12.81333351135254,12.81333351135254,12.5600004196167,12.591111183166504,359525
2024-11-06 13:15:00,12.591111183166504,12.631111145019531,12.515555381774902,12.617777824401855,1525560
2024-11-07 09:15:00,12.644444465637209,12.728888511657717,12.471111297607422,12.55555534362793,649118
2024-11-07 13:15:00,12.55555534362793,12.688888549804688,12.520000457763672,12.564444541931152,1893691
2024-11-08 09:15:00,12.684444427490234,12.684444427490234,12.453333854675291,12.49333381652832,154193
2024-11-08 13:15:00,12.49333381652832,12.600000381469728,12.359999656677246,12.528888702392578,1841902
2024-11-11 09:15:00,12.55555534362793,12.577777862548828,12.44444465637207,12.533333778381348,610542
2024-11-11 13:15:00,12.524444580078123,12.577777862548828,12.293333053588867,12.422222137451172,1532105
2024-11-12 09:15:00,12.502222061157228,12.533333778381348,12.30222225189209,12.315555572509766,596618
2024-11-12 13:15:00,12.333333015441896,12.44444465637207,12.222222328186035,12.235555648803713,1295621
2024-11-13 09:15:00,12.333333015441896,12.333333015441896,11.942222595214844,12.079999923706056,243321
2024-11-13 13:15:00,12.09333324432373,12.18666648864746,11.902222633361816,12.106666564941406,1737667
2024-11-14 09:15:00,12.0,12.04888916015625,11.79111099243164,12.044445037841797,960401
2024-11-14 13:15:00,12.044445037841797,12.151111602783203,11.93333339691162,12.0,827709
2024-11-18 09:15:00,12.102222442626951,12.39111042022705,11.93777847290039,12.182222366333008,777105
2024-11-18 13:15:00,12.182222366333008,12.213333129882812,11.866666793823242,12.0,1114875
2024-11-19 09:15:00,12.079999923706056,12.311111450195312,12.0,12.288888931274414,842457
2024-11-19 13:15:00,12.288888931274414,12.533333778381348,12.14222240447998,12.373332977294922,657665
2024-11-21 09:15:00,12.231111526489258,12.333333015441896,12.022221565246582,12.04888916015625,451605
2024-11-21 13:15:00,12.057777404785156,12.11111068725586,11.88888931274414,11.88888931274414,1758136
2024-11-22 09:15:00,11.995555877685549,12.25333309173584,11.928889274597168,12.11111068725586,486956
2024-11-22 13:15:00,12.11111068725586,12.44444465637207,12.09333324432373,12.30666732788086,1624177
2024-11-25 09:15:00,12.51111125946045,12.51111125946045,12.355555534362791,12.373332977294922,701695
2024-11-25 13:15:00,12.373332977294922,12.466666221618652,12.0,12.182222366333008,864300
2024-11-26 09:15:00,12.177777290344238,12.288888931274414,12.102222442626951,12.284443855285645,761491
2024-11-26 13:15:00,12.279999732971191,12.377778053283691,12.226666450500488,12.355555534362791,1028032
2024-11-27 09:15:00,12.373332977294922,12.466666221618652,12.25333309173584,12.355555534362791,412633
2024-11-27 13:15:00,12.355555534362791,12.44444465637207,12.279999732971191,12.355555534362791,3094760
2024-11-28 09:15:00,12.377778053283691,12.435555458068848,12.168888092041016,12.24000072479248,997044
2024-11-28 13:15:00,12.248888969421388,12.248888969421388,12.133333206176758,12.14222240447998,805708
2024-11-29 09:15:00,12.30222225189209,12.324443817138672,12.017778396606444,12.14222240447998,691937
2024-11-29 13:15:00,12.137777328491213,12.244443893432615,11.897777557373049,11.942222595214844,1303895
2024-12-02 09:15:00,11.995555877685549,12.057777404785156,11.911110877990724,11.960000038146973,352989
2024-12-02 13:15:00,11.960000038146973,11.991110801696776,11.897777557373049,11.95111083984375,1983237
2024-12-03 09:15:00,12.017778396606444,12.079999923706056,11.942222595214844,11.995555877685549,704038
2024-12-03 13:15:00,11.995555877685549,12.266666412353516,11.991110801696776,12.200000762939451,1238521
2024-12-04 09:15:00,12.177777290344238,12.533333778381348,12.177777290344238,12.284443855285645,582916
2024-12-04 13:15:00,12.284443855285645,12.355555534362791,12.155555725097656,12.217777252197266,708297
2024-12-05 09:15:00,12.30222225189209,12.355555534362791,12.195555686950684,12.30222225189209,1021175
2024-12-05 13:15:00,12.30666732788086,12.315555572509766,12.004444122314451,12.128889083862305,1160762
2024-12-06 09:15:00,12.293333053588867,12.297778129577637,12.115555763244627,12.226666450500488,699547
2024-12-06 13:15:00,12.222222328186035,12.346667289733888,12.06666660308838,12.133333206176758,1584771
2024-12-09 09:15:00,12.146666526794434,12.48888874053955,12.146666526794434,12.373332977294922,532507
2024-12-09 13:15:00,12.39111042022705,12.431110382080078,12.177777290344238,12.200000762939451,1848973
2024-12-10 09:15:00,12.30666732788086,12.35111141204834,12.09333324432373,12.124444961547852,806937
2024-12-10 13:15:00,12.133333206176758,12.173333168029783,12.088889122009276,12.102222442626951,475003
2024-12-11 09:15:00,12.137777328491213,12.18666648864746,11.982221603393556,12.044445037841797,483250
2024-12-11 13:15:00,12.039999961853027,12.39111042022705,12.017778396606444,12.297778129577637,3150107
2024-12-12 09:15:00,12.311111450195312,12.431110382080078,12.115555763244627,12.177777290344238,738514
2024-12-12 13:15:00,12.177777290344238,12.755556106567385,12.088889122009276,12.462223052978516,3328242
2024-12-13 09:15:00,12.471111297607422,12.471111297607422,12.14222240447998,12.24000072479248,793322
2024-12-13 13:15:00,12.24000072479248,12.311111450195312,12.18666648864746,12.311111450195312,487519
2024-12-16 09:15:00,12.359999656677246,12.39555549621582,12.18666648864746,12.222222328186035,463461
2024-12-16 13:15:00,12.226666450500488,12.25777816772461,12.115555763244627,12.155555725097656,595149
2024-12-17 09:15:00,12.177777290344238,12.244443893432615,12.022221565246582,12.20444393157959,206397
2024-12-17 13:15:00,12.19111156463623,12.44444465637207,12.04888916015625,12.386667251586914,2189851
2024-12-18 09:15:00,12.333333015441896,12.333333015441896,12.146666526794434,12.18666648864746,784531
2024-12-18 13:15:00,12.177777290344238,12.297778129577637,12.088889122009276,12.137777328491213,953907
2024-12-19 09:15:00,12.119999885559082,12.128889083862305,11.955554962158203,12.039999961853027,555474
2024-12-19 13:15:00,12.044445037841797,12.177777290344238,12.008889198303224,12.119999885559082,1735436
2024-12-20 09:15:00,12.146666526794434,12.18666648864746,11.875555038452148,11.875555038452148,946290
2024-12-20 13:15:00,11.88888931274414,12.106666564941406,11.822222709655762,11.955554962158203,806783
2024-12-23 09:15:00,12.053333282470703,12.124444961547852,11.666666984558104,12.026666641235352,440155
2024-12-23 13:15:00,12.022221565246582,12.177777290344238,11.911110877990724,11.977778434753418,2183964
2024-12-24 09:15:00,12.0,12.115555763244627,11.84000015258789,11.928889274597168,546432
2024-12-24 13:15:00,11.915555000305176,12.177777290344238,11.915555000305176,12.106666564941406,1872809
2024-12-26 09:15:00,12.0,12.155555725097656,11.93333339691162,12.11111068725586,459573
2024-12-26 13:15:00,12.106666564941406,12.11111068725586,12.017778396606444,12.057777404785156,991552
2024-12-27 09:15:00,12.035555839538574,12.097777366638184,11.960000038146973,12.022221565246582,1021662
2024-12-27 13:15:00,12.017778396606444,12.177777290344238,11.995555877685549,12.088889122009276,385577
2024-12-30 09:15:00,12.04888916015625,12.102222442626951,11.960000038146973,12.013333320617676,67845
2024-12-30 13:15:00,12.004444122314451,12.084444999694824,11.826666831970217,11.911110877990724,2374340
2024-12-31 09:15:00,11.93333339691162,12.013333320617676,11.88888931274414,11.968889236450195,619326
2024-12-31 13:15:00,11.982221603393556,12.222222328186035,11.897777557373049,11.960000038146973,2316398
2025-01-01 09:15:00,12.04888916015625,12.16444492340088,12.031110763549805,12.053333282470703,1235650
2025-01-01 13:15:00,12.075555801391602,12.177777290344238,12.04888916015625,12.06666660308838,1145125
2025-01-02 09:15:00,12.097777366638184,12.244443893432615,12.017778396606444,12.088889122009276,705819
2025-01-02 13:15:00,12.088889122009276,12.195555686950684,12.0,12.133333206176758,1183214
2025-01-03 09:15:00,12.16444492340088,12.262222290039062,12.044445037841797,12.079999923706056,887617
2025-01-03 13:15:00,12.071110725402832,12.14222240447998,11.955554962158203,12.0,1268797
2025-01-06 09:15:00,12.0,12.06222152709961,11.875555038452148,11.955554962158203,552592
2025-01-06 13:15:00,11.964444160461426,12.06666660308838,11.844444274902344,12.0,1617167
2025-01-07 09:15:00,11.871110916137695,12.079999923706056,11.871110916137695,11.884444236755373,125225
2025-01-07 13:15:00,11.884444236755373,12.0,11.764444351196287,11.964444160461426,1343066
2025-01-08 09:15:00,12.0,12.0,11.875555038452148,11.920000076293944,1203883
2025-01-08 13:15:00,11.920000076293944,11.928889274597168,11.622221946716309,11.684444427490234,1047662
2025-01-09 09:15:00,11.924444198608398,11.986666679382324,11.826666831970217,11.875555038452148,519492
2025-01-09 13:15:00,11.875555038452148,11.920000076293944,11.83555507659912,11.85777759552002,1080096
2025-01-10 09:15:00,11.85777759552002,11.915555000305176,11.69333267211914,11.751111030578612,1128406
2025-01-10 13:15:00,11.755556106567385,11.915555000305176,11.67111110687256,11.74666690826416,774094
2025-01-13 09:15:00,11.720000267028809,11.724444389343262,11.30666732788086,11.311111450195312,767109
2025-01-13 13:15:00,11.31999969482422,11.32888889312744,10.777777671813965,11.057777404785156,1894244
2025-01-14 09:15:00,11.222222328186035,11.222222328186035,10.83555507659912,10.866666793823242,719636
2025-01-14 13:15:00,10.866666793823242,12.595555305480955,10.848888397216797,11.675556182861328,1164085
2025-01-15 09:15:00,11.85777759552002,12.217777252197266,11.85777759552002,12.06222152709961,1206790
2025-01-15 13:15:00,12.06222152709961,12.06222152709961,11.635555267333984,11.702221870422363,1624740
2025-01-16 09:15:00,11.755556106567385,12.044445037841797,11.711111068725586,11.74666690826416,845009
2025-01-16 13:15:00,11.751111030578612,11.80888843536377,11.640000343322754,11.688888549804688,1897314
2025-01-17 09:15:00,11.84000015258789,11.84000015258789,11.564444541931152,11.586666107177734,1212351
2025-01-17 13:15:00,11.586666107177734,11.657777786254885,11.31999969482422,11.58222198486328,1319962
2025-01-20 09:15:00,11.688888549804688,11.942222595214844,11.177777290344238,11.222222328186035,1272748
2025-01-20 13:15:00,11.222222328186035,11.262222290039062,10.986666679382324,11.04888916015625,2123056
2025-01-21 09:15:00,11.057777404785156,11.146666526794434,10.81333351135254,10.83555507659912,656078
2025-01-21 13:15:00,10.844444274902344,10.875555038452148,10.74222183227539,10.844444274902344,922325
2025-01-22 09:15:00,10.817777633666992,10.822222709655762,10.155555725097656,10.25333309173584,907146
2025-01-22 13:15:00,10.275555610656738,10.284443855285645,10.031110763549805,10.11111068725586,2600365
2025-01-23 09:15:00,10.119999885559082,10.25777816772461,10.06666660308838,10.128889083862305,198503
2025-01-23 13:15:00,10.124444961547852,10.284443855285645,9.982221603393556,10.057777404785156,1602196
2025-01-24 09:15:00,10.200000762939451,10.48888874053955,10.008889198303224,10.32888889312744,1393196
2025-01-24 13:15:00,10.324443817138672,10.728888511657717,10.226666450500488,10.466666221618652,721392
2025-01-27 09:15:00,10.337778091430664,10.453333854675291,9.893333435058594,9.946666717529297,398791
2025-01-27 13:15:00,9.946666717529297,10.262222290039062,9.644444465637209,10.133333206176758,2541863
2025-01-28 09:15:00,10.231111526489258,10.32888889312744,9.786666870117188,10.057777404785156,410702
2025-01-28 13:15:00,10.06666660308838,10.06666660308838,9.79555606842041,9.85777759552002,2335565
2025-01-29 09:15:00,9.995555877685549,10.039999961853027,9.74666690826416,9.75999927520752,485123
2025-01-29 13:15:00,9.764444351196287,9.85777759552002,9.706666946411133,9.75999927520752,1644729
2025-01-30 09:15:00,9.946666717529297,10.844444274902344,9.688888549804688,9.866666793823242,6928740
2025-01-30 13:15:00,9.85777759552002,9.991110801696776,9.786666870117188,9.822222709655762,2234896
2025-01-31 09:15:00,10.124444961547852,10.266666412353516,9.777777671813965,9.84000015258789,813330
2025-01-31 13:15:00,9.84000015258789,9.88888931274414,9.720000267028809,9.74222183227539,1571379
2025-02-03 09:15:00,9.524444580078123,9.528888702392578,9.297778129577637,9.368888854980469,232097
2025-02-03 13:15:00,9.368888854980469,9.386667251586914,9.128889083862305,9.32888889312744,2169183
2025-02-04 09:15:00,9.51111125946045,10.06666660308838,9.151111602783203,9.288888931274414,2996890
2025-02-04 13:15:00,9.262222290039062,9.333333015441896,9.200000762939451,9.30666732788086,1254345
2025-02-05 09:15:00,9.386667251586914,9.55555534362793,9.106666564941406,9.177777290344238,814834
2025-02-05 13:15:00,9.177777290344238,9.235555648803713,9.0,9.022221565246582,1993618
2025-02-06 09:15:00,9.146666526794434,9.822222709655762,9.008889198303224,9.551111221313477,3570240
2025-02-06 13:15:00,9.551111221313477,9.799999237060549,9.30666732788086,9.355555534362791,4075604
2025-02-07 09:15:00,9.502222061157228,9.644444465637209,9.288888931274414,9.324443817138672,716236
2025-02-07 13:15:00,9.324443817138672,9.359999656677246,8.942222595214844,9.035555839538574,2146263
2025-02-10 09:15:00,9.026666641235352,9.088889122009276,8.573333740234375,8.74222183227539,2505054
2025-02-10 13:15:00,8.724444389343262,8.933333396911621,8.622221946716309,8.866666793823242,1848091
2025-02-11 09:15:00,8.942222595214844,9.0,8.479999542236328,8.48888874053955,649544
2025-02-11 13:15:00,8.48888874053955,8.542222023010254,8.457777976989746,8.51111125946045,1868963
2025-02-12 09:15:00,8.706666946411133,8.706666946411133,8.0,8.222222328186035,1156619
2025-02-12 13:15:00,8.222222328186035,8.222222328186035,7.844444274902344,8.035555839538574,2678464
2025-02-13 09:15:00,8.044445037841797,8.155555725097656,7.946666240692139,8.013333320617676,383789
2025-02-13 13:15:00,8.0,8.177777290344238,7.92888879776001,8.0,1672849
2025-02-14 09:15:00,8.200000762939453,8.213333129882812,7.69777774810791,7.715555667877197,523102
2025-02-14 13:15:00,7.720000267028809,7.755556106567383,7.564444541931152,7.595555782318115,2162266
2025-02-17 09:15:00,7.7733330726623535,7.7733330726623535,7.359999656677246,7.631111145019531,465133
2025-02-17 13:15:00,7.613332748413086,7.991110801696777,7.533333778381348,7.991110801696777,1885082
2025-02-18 09:15:00,7.888888835906982,8.026666641235352,7.622221946716309,7.893333435058594,931076
2025-02-18 13:15:00,7.888888835906982,8.466666221618652,7.87999963760376,8.373332977294922,1366439
2025-02-19 09:15:00,8.275555610656738,8.528888702392578,8.24000072479248,8.382222175598145,372652
2025-02-19 13:15:00,8.368888854980469,8.466666221618652,8.279999732971191,8.44444465637207,2480807
2025-02-20 09:15:00,8.435555458068848,8.60888957977295,8.328888893127441,8.342222213745117,820310
2025-02-20 13:15:00,8.342222213745117,8.5600004196167,8.315555572509766,8.448888778686523,2011364
2025-02-21 09:15:00,8.435555458068848,8.662221908569336,8.422222137451172,8.484444618225098,417152
2025-02-21 13:15:00,8.484444618225098,8.520000457763672,8.364444732666016,8.399999618530273,2151690
2025-02-24 09:15:00,8.368888854980469,8.568889617919922,8.288888931274414,8.528888702392578,847140
2025-02-24 13:15:00,8.528888702392578,8.533333778381348,8.319999694824219,8.431110382080078,2359361
2025-02-25 09:15:00,8.542222023010254,8.631111145019531,8.457777976989746,8.48888874053955,1090720
2025-02-25 13:15:00,8.48888874053955,8.644444465637207,8.479999542236328,8.644444465637207,1826345
2025-02-27 09:15:00,8.866666793823242,8.911110877990723,8.755556106567383,8.88888931274414,468818
2025-02-27 13:15:00,8.88888931274414,9.311111450195312,8.866666793823242,9.106666564941406,3379308
2025-02-28 09:15:00,9.19111156463623,9.297778129577637,8.74222183227539,8.902222633361816,1167372
2025-02-28 13:15:00,8.911110877990723,8.95111083984375,8.69333267211914,8.786666870117188,2899968
2025-03-03 09:15:00,8.813333511352539,8.848888397216797,8.520000457763672,8.626667022705078,472018
2025-03-03 13:15:00,8.626667022705078,8.666666984558105,8.315555572509766,8.435555458068848,2782968
2025-03-04 09:15:00,12.493332862854004,12.919999122619627,12.446666717529297,12.779999732971191,323039
2025-03-04 13:15:00,12.773333549499512,13.0,12.68000030517578,12.913333892822266,2325055
2025-03-05 09:15:00,12.986666679382324,13.766666412353516,12.873332977294922,13.619999885559082,2053982
2025-03-05 13:15:00,13.619999885559082,13.866665840148926,13.466667175292969,13.74666690826416,2562263
2025-03-06 09:15:00,13.866665840148926,14.133334159851074,13.366665840148926,13.393333435058594,1327299
2025-03-06 13:15:00,13.380000114440918,13.666666984558104,13.233333587646484,13.426666259765623,3098296
2025-03-07 09:15:00,13.646666526794434,13.986666679382324,13.426666259765623,13.9399995803833,1469700
2025-03-07 13:15:00,13.946666717529297,13.973332405090332,13.68000030517578,13.813332557678224,3436690
2025-03-10 09:15:00,14.489999771118164,16.520000457763672,14.18000030517578,14.449999809265137,1106819
2025-03-10 13:15:00,14.449999809265137,14.600000381469728,13.529999732971191,14.050000190734863,3305210
2025-03-11 09:15:00,13.979999542236328,13.989999771118164,12.229999542236328,13.09000015258789,5301795
2025-03-11 13:15:00,13.050000190734863,13.3100004196167,12.93000030517578,13.140000343322754,2793585
2025-03-12 09:15:00,13.029999732971191,13.170000076293944,12.40999984741211,12.520000457763672,820963
2025-03-12 13:15:00,12.489999771118164,12.59000015258789,12.220000267028809,12.369999885559082,1549274
2025-03-13 09:15:00,12.369999885559082,12.829999923706056,12.210000038146973,12.34000015258789,801002
2025-03-13 13:15:00,12.329999923706056,12.609999656677246,12.270000457763672,12.56999969482422,1811879
2025-03-17 09:15:00,12.59000015258789,12.640000343322754,12.300000190734863,12.34000015258789,317221
2025-03-17 13:15:00,12.31999969482422,12.859999656677246,12.300000190734863,12.739999771118164,4649627
2025-03-18 09:15:00,12.989999771118164,12.989999771118164,12.56999969482422,12.600000381469728,606862
2025-03-18 13:15:00,12.619999885559082,12.850000381469728,12.56999969482422,12.800000190734863,4076800
2025-03-19 09:15:00,12.779999732971191,12.93000030517578,12.520000457763672,12.579999923706056,2025044
2025-03-19 13:15:00,12.579999923706056,12.649999618530272,12.300000190734863,12.399999618530272,2389454
2025-03-20 09:15:00,12.640000343322754,12.699999809265137,12.420000076293944,12.56999969482422,1418125
2025-03-20 13:15:00,12.550000190734863,12.789999961853027,12.420000076293944,12.56999969482422,3466687
2025-03-21 09:15:00,12.6899995803833,12.6899995803833,12.470000267028809,12.510000228881836,654879
2025-03-21 13:15:00,12.529999732971191,12.600000381469728,12.329999923706056,12.350000381469728,1725192
2025-03-24 09:15:00,12.550000190734863,12.75,12.420000076293944,12.5600004196167,1977603
2025-03-24 13:15:00,12.579999923706056,12.649999618530272,12.470000267028809,12.539999961853027,4103514
2025-03-25 09:15:00,12.68000030517578,12.720000267028809,12.3100004196167,12.399999618530272,1412692
2025-03-25 13:15:00,12.399999618530272,12.539999961853027,12.34000015258789,12.4399995803833,6903400
2025-03-26 09:15:00,12.529999732971191,12.579999923706056,12.270000457763672,12.3100004196167,2537112
2025-03-26 13:15:00,12.350000381469728,12.5,12.130000114440918,12.390000343322754,8409717
2025-03-27 09:15:00,12.5600004196167,12.5600004196167,12.220000267028809,12.289999961853027,1247385
2025-03-27 13:15:00,12.270000457763672,12.470000267028809,12.260000228881836,12.40999984741211,6487372
2025-03-28 09:15:00,12.420000076293944,12.489999771118164,12.260000228881836,12.380000114440918,702788
2025-03-28 13:15:00,12.399999618530272,12.649999618530272,12.3100004196167,12.539999961853027,5723393
2025-04-01 09:15:00,12.510000228881836,12.65999984741211,12.40999984741211,12.40999984741211,318679
2025-04-01 13:15:00,12.420000076293944,12.479999542236328,12.380000114440918,12.449999809265137,742211
2025-04-02 09:15:00,12.550000190734863,12.649999618530272,12.34000015258789,12.609999656677246,939507
2025-04-02 13:15:00,12.609999656677246,12.6899995803833,12.539999961853027,12.640000343322754,3759333
2025-04-03 09:15:00,12.56999969482422,12.630000114440918,12.4399995803833,12.479999542236328,1129229
2025-04-03 13:15:00,12.479999542236328,12.8100004196167,12.470000267028809,12.739999771118164,4298088
2025-04-04 09:15:00,12.800000190734863,12.84000015258789,12.420000076293944,12.5,603000
2025-04-04 13:15:00,12.460000038146973,12.68000030517578,12.4399995803833,12.600000381469728,1893114
2025-04-07 09:15:00,11.109999656677246,12.270000457763672,11.109999656677246,11.970000267028809,751430
2025-04-07 13:15:00,11.970000267028809,12.4399995803833,11.960000038146973,12.399999618530272,2487999
2025-04-08 09:15:00,12.619999885559082,12.649999618530272,12.31999969482422,12.460000038146973,345148
2025-04-08 13:15:00,12.460000038146973,12.81999969482422,12.380000114440918,12.81999969482422,3890254
2025-04-09 09:15:00,12.65999984741211,12.8100004196167,12.510000228881836,12.699999809265137,339950
2025-04-09 13:15:00,12.699999809265137,12.800000190734863,12.550000190734863,12.739999771118164,2350313
2025-04-11 09:15:00,12.90999984741211,13.15999984741211,12.880000114440918,13.06999969482422,1819414
2025-04-11 13:15:00,13.06999969482422,13.079999923706056,12.850000381469728,12.970000267028809,2941191
2025-04-15 09:15:00,13.239999771118164,13.979999542236328,13.100000381469728,13.949999809265137,4391078
2025-04-15 13:15:00,13.979999542236328,14.149999618530272,13.859999656677246,14.149999618530272,5809256
2025-04-16 09:15:00,14.25,14.300000190734863,13.890000343322754,13.979999542236328,3803802
2025-04-16 13:15:00,13.979999542236328,15.100000381469728,13.9399995803833,14.850000381469728,7945462
2025-04-17 09:15:00,15.130000114440918,15.31999969482422,14.93000030517578,15.210000038146973,1980565
2025-04-17 13:15:00,15.220000267028809,15.300000190734863,14.550000190734863,14.729999542236328,4842508
2025-04-21 09:15:00,14.989999771118164,14.989999771118164,14.039999961853027,14.140000343322754,1899869
2025-04-21 13:15:00,14.140000343322754,14.140000343322754,13.84000015258789,13.899999618530272,3233708
2025-04-22 09:15:00,14.050000190734863,14.100000381469728,13.760000228881836,13.899999618530272,535995
2025-04-22 13:15:00,13.899999618530272,14.15999984741211,13.5,13.550000190734863,4083390
2025-04-23 09:15:00,14.050000190734863,14.050000190734863,13.470000267028809,13.489999771118164,784553
2025-04-23 13:15:00,13.489999771118164,13.649999618530272,13.460000038146973,13.600000381469728,4042558
2025-04-24 09:15:00,13.609999656677246,13.75,13.550000190734863,13.670000076293944,328761
2025-04-24 13:15:00,13.699999809265137,14.09000015258789,13.550000190734863,13.970000267028809,5506518
2025-04-25 09:15:00,14.079999923706056,14.149999618530272,13.460000038146973,13.600000381469728,542463
2025-04-25 13:15:00,13.609999656677246,13.670000076293944,13.220000267028809,13.40999984741211,1649051
2025-04-28 09:15:00,13.56999969482422,13.68000030517578,13.09000015258789,13.15999984741211,748371
2025-04-28 13:15:00,13.15999984741211,13.4399995803833,13.149999618530272,13.350000381469728,3637099
2025-04-29 09:15:00,13.529999732971191,13.550000190734863,13.15999984741211,13.15999984741211,830627
2025-04-29 13:15:00,13.199999809265137,13.760000228881836,12.869999885559082,13.470000267028809,6082066
2025-04-30 09:15:00,13.510000228881836,13.550000190734863,13.220000267028809,13.229999542236328,289509
2025-04-30 13:15:00,13.229999542236328,13.4399995803833,13.100000381469728,13.380000114440918,2602006
2025-05-02 09:15:00,13.470000267028809,13.529999732971191,13.15999984741211,13.34000015258789,780302
2025-05-02 13:15:00,13.34000015258789,13.600000381469728,13.15999984741211,13.4399995803833,4370161
2025-05-05 09:15:00,13.539999961853027,13.539999961853027,13.31999969482422,13.369999885559082,352398
2025-05-05 13:15:00,13.399999618530272,13.4399995803833,13.25,13.279999732971191,2431891
2025-05-06 09:15:00,13.489999771118164,13.489999771118164,13.130000114440918,13.199999809265137,530354
2025-05-06 13:15:00,13.220000267028809,13.31999969482422,13.0,13.260000228881836,6331859
2025-05-07 09:15:00,13.350000381469728,13.5,13.100000381469728,13.300000190734863,3670830
2025-05-07 13:15:00,13.300000190734863,13.489999771118164,13.1899995803833,13.1899995803833,3489099
2025-05-08 09:15:00,13.260000228881836,13.5,13.15999984741211,13.300000190734863,1546974
2025-05-08 13:15:00,13.289999961853027,13.520000457763672,13.25,13.449999809265137,3367481
2025-05-09 09:15:00,13.300000190734863,13.350000381469728,13.140000343322754,13.229999542236328,131435
2025-05-09 13:15:00,13.239999771118164,13.3100004196167,13.079999923706056,13.199999809265137,4671232
2025-05-12 09:15:00,13.550000190734863,13.550000190734863,13.31999969482422,13.40999984741211,387487
2025-05-12 13:15:00,13.40999984741211,13.5,13.34000015258789,13.399999618530272,2356259
2025-05-13 09:15:00,13.4399995803833,13.479999542236328,13.300000190734863,13.329999923706056,1688267
2025-05-13 13:15:00,13.329999923706056,13.390000343322754,13.109999656677246,13.239999771118164,2825713
2025-05-14 09:15:00,13.34000015258789,13.34000015258789,13.229999542236328,13.279999732971191,1153279
2025-05-14 13:15:00,13.279999732971191,13.6899995803833,13.199999809265137,13.65999984741211,5830144
2025-05-15 09:15:00,13.529999732971191,13.550000190734863,13.43000030517578,13.4399995803833,562771
2025-05-15 13:15:00,13.449999809265137,13.800000190734863,13.43000030517578,13.800000190734863,3701466
2025-05-16 09:15:00,14.0,15.18000030517578,14.0,14.380000114440918,4871628
2025-05-16 13:15:00,14.380000114440918,14.770000457763672,14.25,14.670000076293944,9778155
2025-05-19 09:15:00,14.640000343322754,14.84000015258789,14.420000076293944,14.59000015258789,887243
2025-05-19 13:15:00,14.609999656677246,14.850000381469728,14.550000190734863,14.75,3366406
2025-05-20 09:15:00,14.729999542236328,15.199999809265137,14.479999542236328,14.829999923706056,5131726
2025-05-20 13:15:00,14.850000381469728,15.149999618530272,14.770000457763672,15.0,4079952
2025-05-21 09:15:00,15.010000228881836,15.029999732971191,14.779999732971191,14.850000381469728,840742
2025-05-21 13:15:00,14.84000015258789,15.010000228881836,14.59000015258789,14.760000228881836,4592512
2025-05-22 09:15:00,15.15999984741211,15.1899995803833,14.600000381469728,14.649999618530272,808861
2025-05-22 13:15:00,14.649999618530272,15.100000381469728,14.510000228881836,14.920000076293944,4896060
2025-05-23 09:15:00,15.029999732971191,15.029999732971191,14.789999961853027,14.880000114440918,676865
2025-05-23 13:15:00,14.869999885559082,14.989999771118164,14.81999969482422,14.880000114440918,2929929
2025-05-26 09:15:00,14.920000076293944,14.93000030517578,14.65999984741211,14.68000030517578,1081267
2025-05-26 13:15:00,14.68000030517578,14.770000457763672,14.550000190734863,14.600000381469728,4144646
2025-05-27 09:15:00,14.649999618530272,14.710000038146973,14.550000190734863,14.579999923706056,613668
2025-05-27 13:15:00,14.579999923706056,14.640000343322754,14.470000267028809,14.640000343322754,2226469
2025-05-28 09:15:00,14.649999618530272,14.649999618530272,14.5,14.539999961853027,381294
2025-05-28 13:15:00,14.539999961853027,14.670000076293944,14.470000267028809,14.600000381469728,4458636
2025-05-29 09:15:00,14.75,14.75,14.380000114440918,14.390000343322754,1130482
2025-05-29 13:15:00,14.390000343322754,14.949999809265137,14.359999656677246,14.779999732971191,6911315
2025-05-30 09:15:00,14.789999961853027,14.789999961853027,14.520000457763672,14.65999984741211,1130809
2025-05-30 13:15:00,14.65999984741211,14.960000038146973,14.579999923706056,14.890000343322754,6263253
2025-06-02 09:15:00,14.960000038146973,15.0,14.65999984741211,14.720000267028809,1106322
2025-06-02 13:15:00,14.720000267028809,15.0,14.68000030517578,14.710000038146973,5538504
2025-06-03 09:15:00,14.90999984741211,14.90999984741211,14.699999809265137,14.720000267028809,506538
2025-06-03 13:15:00,14.729999542236328,14.81999969482422,14.600000381469728,14.6899995803833,4159527
2025-06-04 09:15:00,14.760000228881836,14.970000267028809,14.609999656677246,14.829999923706056,1839567
2025-06-04 13:15:00,14.880000114440918,14.920000076293944,14.779999732971191,14.880000114440918,4979452
2025-06-05 09:15:00,14.960000038146973,14.960000038146973,14.729999542236328,14.760000228881836,690993
2025-06-05 13:15:00,14.760000228881836,15.0,14.670000076293944,14.93000030517578,3560663
2025-06-06 09:15:00,14.9399995803833,14.9399995803833,14.739999771118164,14.850000381469728,826143
2025-06-06 13:15:00,14.850000381469728,14.859999656677246,14.5600004196167,14.720000267028809,5133449
2025-06-09 09:15:00,14.6899995803833,14.800000190734863,14.579999923706056,14.609999656677246,343034
2025-06-09 13:15:00,14.619999885559082,15.0600004196167,14.600000381469728,14.899999618530272,7015386
2025-06-10 09:15:00,14.93000030517578,14.93000030517578,14.729999542236328,14.789999961853027,309355
2025-06-10 13:15:00,14.770000457763672,14.890000343322754,14.65999984741211,14.739999771118164,4570269
2025-06-11 09:15:00,14.75,14.800000190734863,14.68000030517578,14.75,1040295
2025-06-11 13:15:00,14.760000228881836,14.84000015258789,14.59000015258789,14.720000267028809,4016757
2025-06-12 09:15:00,14.710000038146973,14.729999542236328,14.649999618530272,14.65999984741211,664306
2025-06-12 13:15:00,14.670000076293944,14.850000381469728,14.5600004196167,14.770000457763672,1801590
2025-06-13 09:15:00,14.739999771118164,14.739999771118164,14.520000457763672,14.56999969482422,847559
2025-06-13 13:15:00,14.59000015258789,14.880000114440918,14.56999969482422,14.869999885559082,6141232
2025-06-16 09:15:00,14.789999961853027,14.789999961853027,14.550000190734863,14.630000114440918,471122
2025-06-16 13:15:00,14.640000343322754,14.770000457763672,14.470000267028809,14.649999618530272,7535546
2025-06-17 09:15:00,14.670000076293944,14.670000076293944,14.550000190734863,14.630000114440918,657135
2025-06-17 13:15:00,14.619999885559082,14.970000267028809,14.520000457763672,14.93000030517578,10994725
2025-06-18 09:15:00,14.90999984741211,15.149999618530272,14.699999809265137,15.079999923706056,3856223
2025-06-18 13:15:00,15.079999923706056,16.200000762939453,14.979999542236328,15.8100004196167,9566396
2025-06-19 09:15:00,15.8100004196167,16.329999923706055,14.43000030517578,14.43000030517578,6734415
2025-06-19 13:15:00,14.4399995803833,14.890000343322754,14.260000228881836,14.529999732971191,6877317
2025-06-20 09:15:00,14.75,14.770000457763672,14.260000228881836,14.630000114440918,4482695
2025-06-20 13:15:00,14.630000114440918,14.760000228881836,14.449999809265137,14.550000190734863,5585749
2025-06-23 09:15:00,14.640000343322754,14.6899995803833,14.289999961853027,14.5600004196167,1378893
2025-06-23 13:15:00,14.5600004196167,14.75,14.460000038146973,14.670000076293944,6112347
2025-06-24 09:15:00,14.8100004196167,14.829999923706056,14.56999969482422,14.68000030517578,3018627
2025-06-24 13:15:00,14.68000030517578,14.75,14.5,14.5,4381320
2025-06-25 09:15:00,14.640000343322754,14.649999618530272,14.4399995803833,14.489999771118164,2898487
2025-06-25 13:15:00,14.5,14.779999732971191,14.489999771118164,14.699999809265137,8808151
2025-06-26 09:15:00,15.0,15.140000343322754,14.779999732971191,14.93000030517578,2323029
2025-06-26 13:15:00,14.93000030517578,14.9399995803833,14.550000190734863,14.609999656677246,4761683
2025-06-27 09:15:00,14.710000038146973,14.710000038146973,14.510000228881836,14.600000381469728,1821104
2025-06-27 13:15:00,14.609999656677246,14.979999542236328,14.600000381469728,14.829999923706056,8193552
2025-06-30 09:15:00,14.899999618530272,14.979999542236328,14.75,14.760000228881836,811643
2025-06-30 13:15:00,14.770000457763672,14.829999923706056,14.600000381469728,14.6899995803833,4954193
2025-07-01 09:15:00,14.720000267028809,14.760000228881836,14.5600004196167,14.670000076293944,1062258
2025-07-01 13:15:00,14.670000076293944,14.729999542236328,14.619999885559082,14.710000038146973,3642067
2025-07-02 09:15:00,14.68000030517578,14.760000228881836,14.529999732971191,14.640000343322754,1447353
2025-07-02 13:15:00,14.630000114440918,14.670000076293944,14.510000228881836,14.529999732971191,4779032
2025-07-03 09:15:00,14.670000076293944,14.670000076293944,14.489999771118164,14.520000457763672,885816
2025-07-03 13:15:00,14.529999732971191,14.84000015258789,14.479999542236328,14.770000457763672,3972114
2025-07-04 09:15:00,14.699999809265137,14.9399995803833,14.68000030517578,14.710000038146973,1809876
2025-07-04 13:15:00,14.710000038146973,15.050000190734863,14.68000030517578,14.9399995803833,6294706
2025-07-07 09:15:00,14.979999542236328,15.59000015258789,14.859999656677246,15.539999961853027,3023849
2025-07-07 13:15:00,15.539999961853027,15.579999923706056,15.1899995803833,15.289999961853027,3719193
2025-07-08 09:15:00,15.4399995803833,15.75,15.170000076293944,15.510000228881836,4044785
2025-07-08 13:15:00,15.510000228881836,15.649999618530272,15.369999885559082,15.550000190734863,5141129
2025-07-09 09:15:00,15.640000343322754,15.779999732971191,15.350000381469728,15.390000343322754,2298608
2025-07-09 13:15:00,15.420000076293944,15.59000015258789,15.300000190734863,15.359999656677246,8093922
2025-07-10 09:15:00,15.5,15.649999618530272,15.300000190734863,15.59000015258789,2676284
2025-07-10 13:15:00,15.59000015258789,15.600000381469728,15.229999542236328,15.4399995803833,6947093
2025-07-11 09:15:00,15.460000038146973,15.739999771118164,15.369999885559082,15.619999885559082,3781841
2025-07-11 13:15:00,15.609999656677246,16.350000381469727,15.600000381469728,16.149999618530273,6349934
2025-07-14 09:15:00,16.260000228881836,16.389999389648438,15.81999969482422,15.960000038146973,1277540
2025-07-14 13:15:00,15.960000038146973,16.350000381469727,15.93000030517578,16.1299991607666,2999524
2025-07-15 09:15:00,15.989999771118164,16.049999237060547,15.050000190734863,15.850000381469728,6351202
2025-07-15 13:15:00,15.859999656677246,15.880000114440918,15.649999618530272,15.68000030517578,4212179
2025-07-16 09:15:00,15.630000114440918,15.920000076293944,15.5,15.869999885559082,1701238
2025-07-16 13:15:00,15.869999885559082,15.899999618530272,15.640000343322754,15.760000228881836,5195431
2025-07-17 09:15:00,15.779999732971191,15.979999542236328,15.6899995803833,15.899999618530272,3716911
2025-07-17 13:15:00,15.859999656677246,15.90999984741211,15.720000267028809,15.829999923706056,3285747
2025-07-18 09:15:00,15.880000114440918,15.890000343322754,15.649999618530272,15.739999771118164,1858425
2025-07-18 13:15:00,15.739999771118164,17.1200008392334,15.699999809265137,16.639999389648438,9469042
2025-07-21 09:15:00,16.3799991607666,16.799999237060547,16.299999237060547,16.68000030517578,1321277
2025-07-21 13:15:00,16.65999984741211,17.350000381469727,16.600000381469727,16.920000076293945,6082144
2025-07-22 09:15:00,16.799999237060547,17.030000686645508,16.65999984741211,16.780000686645508,2119660
2025-07-22 13:15:00,16.790000915527344,16.989999771118164,16.75,16.989999771118164,5500123
2025-07-23 09:15:00,16.940000534057617,17.110000610351562,16.829999923706055,16.84000015258789,3708714
2025-07-23 13:15:00,16.84000015258789,17.100000381469727,16.809999465942383,16.969999313354492,4142041
2025-07-24 09:15:00,16.90999984741211,16.989999771118164,16.709999084472656,16.729999542236328,1203747
2025-07-24 13:15:00,16.739999771118164,16.959999084472656,16.6299991607666,16.799999237060547,4304979
2025-07-25 09:15:00,16.8700008392334,17.229999542236328,16.760000228881836,17.149999618530273,4123673
2025-07-25 13:15:00,17.18000030517578,17.5,17.09000015258789,17.350000381469727,7209585
2025-07-28 09:15:00,17.510000228881836,17.510000228881836,17.040000915527344,17.149999618530273,1036001
2025-07-28 13:15:00,17.139999389648438,17.309999465942383,17.110000610351562,17.200000762939453,3789211
2025-07-29 09:15:00,17.100000381469727,17.479999542236328,16.899999618530273,17.350000381469727,2210131
2025-07-29 13:15:00,17.309999465942383,17.479999542236328,16.950000762939453,17.3700008392334,6210670
2025-07-30 09:15:00,17.440000534057617,18.010000228881836,17.270000457763672,17.899999618530273,3819130
2025-07-30 13:15:00,17.8700008392334,17.989999771118164,17.799999237060547,17.940000534057617,4732091
2025-07-31 09:15:00,17.700000762939453,17.760000228881836,17.219999313354492,17.65999984741211,2315117
2025-07-31 13:15:00,17.68000030517578,17.790000915527344,17.270000457763672,17.270000457763672,4231555
2025-08-01 09:15:00,17.5,17.739999771118164,17.31999969482422,17.639999389648438,3557909
2025-08-01 13:15:00,17.639999389648438,18.100000381469727,17.579999923706055,18.0,4376839
2025-08-04 09:15:00,18.020000457763672,18.32999992370605,17.90999984741211,18.040000915527344,2446358
2025-08-04 13:15:00,18.049999237060547,18.049999237060547,17.649999618530273,17.799999237060547,4153877
2025-08-05 09:15:00,17.899999618530273,18.049999237060547,17.75,17.860000610351562,1417935
2025-08-05 13:15:00,17.8700008392334,18.040000915527344,17.770000457763672,17.93000030517578,3589216
2025-08-06 09:15:00,17.81999969482422,17.899999618530273,17.3799991607666,17.43000030517578,3729386
2025-08-06 13:15:00,17.43000030517578,17.850000381469727,17.420000076293945,17.81999969482422,4884416
2025-08-07 09:15:00,17.709999084472656,17.729999542236328,17.510000228881836,17.6200008392334,918977
2025-08-07 13:15:00,17.6200008392334,17.850000381469727,17.56999969482422,17.84000015258789,4178488
2025-08-08 09:15:00,17.670000076293945,18.299999237060547,17.670000076293945,18.06999969482422,5147891
2025-08-08 13:15:00,18.049999237060547,18.13999938964844,17.290000915527344,17.600000381469727,3695812
2025-08-11 09:15:00,17.979999542236328,17.979999542236328,17.510000228881836,17.549999237060547,1196957
2025-08-11 13:15:00,17.549999237060547,18.399999618530277,17.549999237060547,18.309999465942383,7398468
2025-08-12 09:15:00,18.1299991607666,18.290000915527344,18.049999237060547,18.170000076293945,441974
2025-08-12 13:15:00,18.190000534057617,18.21999931335449,17.959999084472656,18.049999237060547,3705799
2025-08-13 09:15:00,18.299999237060547,18.420000076293945,18.030000686645508,18.350000381469727,3467119
2025-08-13 13:15:00,18.350000381469727,18.420000076293945,18.25,18.3799991607666,3107444
2025-08-14 09:15:00,18.38999938964844,19.21999931335449,18.280000686645508,19.07999992370605,10772011
2025-08-14 13:15:00,19.07999992370605,19.15999984741211,18.6200008392334,18.809999465942383,2081970
2025-08-18 09:15:00,18.950000762939453,19.01000022888184,18.649999618530277,18.950000762939453,2983560
2025-08-18 13:15:00,18.979999542236328,19.030000686645508,18.850000381469727,18.899999618530277,3539590
2025-08-19 09:15:00,18.90999984741211,19.0,18.790000915527344,18.88999938964844,1161829
2025-08-19 13:15:00,18.88999938964844,19.149999618530277,18.700000762939453,18.96999931335449,6669982
2025-08-20 09:15:00,18.93000030517578,19.100000381469727,18.8700008392334,18.950000762939453,2308030
2025-08-20 13:15:00,18.959999084472656,19.200000762939453,18.809999465942383,18.959999084472656,3597335
2025-08-21 09:15:00,19.200000762939453,19.209999084472656,19.01000022888184,19.040000915527344,1836791
2025-08-21 13:15:00,19.040000915527344,19.06999969482422,16.5,18.899999618530277,8982122
2025-08-22 09:15:00,19.0,19.149999618530277,18.84000015258789,18.96999931335449,1107676
2025-08-22 13:15:00,19.0,19.209999084472656,18.84000015258789,18.93000030517578,6104135
2025-08-25 09:15:00,19.18000030517578,19.18000030517578,18.959999084472656,19.059999465942383,1532547
2025-08-25 13:15:00,19.059999465942383,19.209999084472656,18.86000061035156,19.13999938964844,4274758
2025-08-26 09:15:00,19.030000686645508,19.15999984741211,18.90999984741211,18.950000762939453,3410628
2025-08-26 13:15:00,18.950000762939453,19.030000686645508,18.700000762939453,18.82999992370605,4274251
2025-08-28 09:15:00,18.84000015258789,19.040000915527344,18.6299991607666,18.989999771118164,3043625
2025-08-28 13:15:00,18.989999771118164,19.280000686645508,18.899999618530277,19.09000015258789,5933128
2025-08-29 09:15:00,19.1299991607666,19.309999465942383,19.059999465942383,19.18000030517578,1522222
2025-08-29 13:15:00,19.18000030517578,19.280000686645508,19.0,19.149999618530277,3771857
2025-09-01 09:15:00,19.399999618530277,19.440000534057617,19.1299991607666,19.200000762939453,2913752
2025-09-01 13:15:00,19.200000762939453,19.38999938964844,19.15999984741211,19.3700008392334,3984570
2025-09-02 09:15:00,19.299999237060547,19.71999931335449,19.15999984741211,19.63999938964844,5023405
2025-09-02 13:15:00,19.63999938964844,20.09000015258789,19.59000015258789,19.82999992370605,8018655
2025-09-03 09:15:00,19.950000762939453,20.190000534057617,19.8700008392334,20.09000015258789,2615044
2025-09-03 13:15:00,20.11000061035156,20.149999618530277,20.0,20.030000686645508,3617725
2025-09-04 09:15:00,20.1299991607666,20.200000762939453,20.049999237060547,20.1200008392334,583391
2025-09-04 13:15:00,20.11000061035156,20.36000061035156,20.030000686645508,20.18000030517578,4538545
2025-09-05 09:15:00,20.38999938964844,20.440000534057617,20.25,20.32999992370605,1780968
2025-09-05 13:15:00,20.350000381469727,20.5,20.15999984741211,20.3700008392334,6145216
2025-09-08 09:15:00,20.56999969482422,20.56999969482422,20.18000030517578,20.290000915527344,2402222
2025-09-08 13:15:00,20.290000915527344,20.440000534057617,20.25,20.31999969482422,2251089
2025-09-09 09:15:00,20.5,20.68000030517578,20.40999984741211,20.57999992370605,1192413
2025-09-09 13:15:00,20.559999465942383,20.600000381469727,20.5,20.549999237060547,4311821
2025-09-10 09:15:00,20.68000030517578,20.729999542236328,20.559999465942383,20.65999984741211,4380035
2025-09-10 13:15:00,20.65999984741211,21.06999969482422,20.61000061035156,20.979999542236328,5661875
2025-09-11 09:15:00,21.15999984741211,21.25,20.96999931335449,21.190000534057617,4356632
2025-09-11 13:15:00,21.190000534057617,21.440000534057617,21.149999618530277,21.40999984741211,1892517
2025-09-12 09:15:00,21.540000915527344,21.989999771118164,21.40999984741211,21.700000762939453,3854453
2025-09-12 13:15:00,21.700000762939453,21.940000534057617,21.57999992370605,21.780000686645508,3843267
2025-09-15 09:15:00,21.86000061035156,22.38999938964844,21.850000381469727,21.959999084472656,2793222
2025-09-15 13:15:00,21.959999084472656,22.350000381469727,21.8799991607666,22.190000534057617,3522333
2025-09-16 09:15:00,22.21999931335449,22.350000381469727,22.030000686645508,22.049999237060547,2164618
2025-09-16 13:15:00,21.920000076293945,21.93000030517578,21.61000061035156,21.700000762939453,5322100
2025-09-17 09:15:00,21.709999084472656,21.790000915527344,21.030000686645508,21.36000061035156,3006929
2025-09-17 13:15:00,21.3799991607666,21.549999237060547,21.31999969482422,21.46999931335449,6189158
2025-09-18 09:15:00,21.59000015258789,21.6299991607666,21.209999084472656,21.3700008392334,3113481
2025-09-18 13:15:00,21.3700008392334,21.450000762939453,21.25,21.3799991607666,4168780
2025-09-19 09:15:00,21.440000534057617,21.600000381469727,21.309999465942383,21.43000030517578,2221937
2025-09-19 13:15:00,21.420000076293945,21.489999771118164,21.32999992370605,21.350000381469727,2775481
2025-09-22 09:15:00,21.399999618530277,21.57999992370605,21.299999237060547,21.31999969482422,3013264
2025-09-22 13:15:00,21.350000381469727,21.5,21.229999542236328,21.40999984741211,4152263
2025-09-23 09:15:00,21.450000762939453,21.540000915527344,21.36000061035156,21.5,1602708
2025-09-23 13:15:00,21.5,22.049999237060547,21.46999931335449,21.86000061035156,6466964
2025-09-24 09:15:00,21.899999618530277,21.979999542236328,21.61000061035156,21.63999938964844,2328507
2025-09-24 13:15:00,21.63999938964844,21.700000762939453,21.399999618530277,21.6299991607666,4856857
2025-09-25 09:15:00,21.5,21.809999465942383,21.46999931335449,21.549999237060547,1301870
2025-09-25 13:15:00,21.549999237060547,21.989999771118164,21.46999931335449,21.809999465942383,10132530
2025-09-26 09:15:00,21.799999237060547,21.809999465942383,21.459999084472656,21.46999931335449,4861233
2025-09-26 13:15:00,21.5,21.780000686645508,21.229999542236328,21.59000015258789,7309145
2025-09-29 09:15:00,21.61000061035156,21.6200008392334,21.200000762939453,21.26000022888184,2984949
2025-09-29 13:15:00,21.290000915527344,21.450000762939453,21.25,21.399999618530277,3090923
2025-09-30 09:15:00,21.540000915527344,21.57999992370605,21.200000762939453,21.25,4524703
2025-09-30 13:15:00,21.270000457763672,21.5,21.149999618530277,21.479999542236328,6711659
2025-10-01 09:15:00,21.6200008392334,22.18000030517578,21.43000030517578,21.780000686645508,7761650
2025-10-01 13:15:00,21.71999931335449,22.270000457763672,21.65999984741211,22.149999618530277,9322743
2025-10-03 09:15:00,22.31999969482422,22.770000457763672,22.149999618530277,22.399999618530277,9192493
2025-10-03 13:15:00,22.420000076293945,22.46999931335449,21.790000915527344,22.209999084472656,5985810
2025-10-06 09:15:00,22.5,22.51000022888184,22.100000381469727,22.1200008392334,4331697
2025-10-06 13:15:00,22.1200008392334,22.950000762939453,22.059999465942383,22.700000762939453,7167892
2025-10-07 09:15:00,22.68000030517578,22.86000061035156,22.450000762939453,22.799999237060547,3256140
2025-10-07 13:15:00,22.790000915527344,22.93000030517578,22.149999618530277,22.149999618530277,6173562
2025-10-08 09:15:00,22.5,22.59000015258789,22.11000061035156,22.209999084472656,1065823
2025-10-08 13:15:00,22.229999542236328,22.600000381469727,22.100000381469727,22.440000534057617,8016032
2025-10-09 09:15:00,22.5,22.81999969482422,22.3700008392334,22.68000030517578,2234029
2025-10-09 13:15:00,22.68000030517578,23.100000381469727,22.59000015258789,23.020000457763672,6369632
2025-10-10 09:15:00,22.940000534057617,23.229999542236328,22.8700008392334,23.0,857278
2025-10-10 13:15:00,23.030000686645508,23.07999992370605,22.700000762939453,22.700000762939453,9858926
2025-10-13 09:15:00,22.780000686645508,22.790000915527344,22.459999084472656,22.530000686645508,3185110
2025-10-13 13:15:00,22.549999237060547,22.979999542236328,22.489999771118164,22.670000076293945,2871504
2025-10-14 09:15:00,22.780000686645508,22.780000686645508,22.25,22.399999618530277,1355361
2025-10-14 13:15:00,22.399999618530277,22.57999992370605,22.350000381469727,22.46999931335449,9804713
2025-10-15 09:15:00,22.56999969482422,22.90999984741211,22.299999237060547,22.6299991607666,2710732
2025-10-15 13:15:00,22.61000061035156,22.739999771118164,22.3799991607666,22.51000022888184,3121789
2025-10-16 09:15:00,22.68000030517578,22.75,22.450000762939453,22.600000381469727,1928756
2025-10-16 13:15:00,22.6200008392334,23.200000762939453,22.540000915527344,23.100000381469727,7633435
2025-10-17 09:15:00,23.280000686645508,23.399999618530277,23.01000022888184,23.200000762939453,5004608
2025-10-17 13:15:00,23.15999984741211,23.38999938964844,23.07999992370605,23.21999931335449,4674381
2025-10-20 09:15:00,23.5,23.5,23.200000762939453,23.32999992370605,1678495
2025-10-20 13:15:00,23.32999992370605,23.350000381469727,22.799999237060547,22.899999618530277,5272261
2025-10-21 13:15:00,23.07999992370605,23.399999618530277,23.049999237060547,23.21999931335449,1776886
2025-10-23 09:15:00,23.209999084472656,23.209999084472656,22.540000915527344,22.8799991607666,2827039
2025-10-23 13:15:00,22.8700008392334,23.56999969482422,22.82999992370605,23.5,7512387
2025-10-24 09:15:00,23.46999931335449,23.530000686645508,23.170000076293945,23.229999542236328,919672
2025-10-24 13:15:00,23.239999771118164,23.46999931335449,23.200000762939453,23.3799991607666,6313913
2025-10-27 09:15:00,23.270000457763672,23.770000457763672,23.270000457763672,23.479999542236328,5039427
2025-10-27 13:15:00,23.479999542236328,23.770000457763672,23.3799991607666,23.649999618530277,2766118
2025-10-28 09:15:00,23.729999542236328,23.729999542236328,23.34000015258789,23.440000534057617,1396021
2025-10-28 13:15:00,23.420000076293945,23.59000015258789,23.32999992370605,23.450000762939453,5679087
2025-10-29 09:15:00,23.3799991607666,23.649999618530277,23.190000534057617,23.57999992370605,5232970
2025-10-29 13:15:00,23.57999992370605,23.76000022888184,23.450000762939453,23.549999237060547,4240363
2025-10-30 09:15:00,23.549999237060547,23.549999237060547,23.32999992370605,23.43000030517578,1367656
2025-10-30 13:15:00,23.43000030517578,23.850000381469727,23.399999618530277,23.809999465942383,8719745
2025-10-31 09:15:00,23.75,24.049999237060547,23.75,23.920000076293945,2144620
2025-10-31 13:15:00,23.940000534057617,23.96999931335449,23.76000022888184,23.920000076293945,7923476
2025-11-03 09:15:00,24.1200008392334,24.1200008392334,23.84000015258789,24.06999969482422,5226816
2025-11-03 13:15:00,24.06999969482422,24.200000762939453,23.950000762939453,24.049999237060547,8032765
2025-11-04 09:15:00,24.209999084472656,24.459999084472656,24.01000022888184,24.350000381469727,1572497
2025-11-04 13:15:00,24.350000381469727,24.38999938964844,24.100000381469727,24.190000534057617,8248504
2025-11-06 09:15:00,24.940000534057617,25.209999084472656,24.549999237060547,25.190000534057617,5050900
2025-11-06 13:15:00,25.190000534057617,25.350000381469727,24.950000762939453,25.13999938964844,8875825
2025-11-07 09:15:00,25.309999465942383,25.3799991607666,25.059999465942383,25.170000076293945,2828919
2025-11-07 13:15:00,25.170000076293945,25.239999771118164,24.040000915527344,24.68000030517578,7555700
2025-11-10 09:15:00,25.790000915527344,26.0,25.040000915527344,25.3799991607666,5914115
2025-11-10 13:15:00,25.3799991607666,25.549999237060547,25.18000030517578,25.350000381469727,7910648
2025-11-11 09:15:00,25.479999542236328,25.489999771118164,25.01000022888184,25.11000061035156,4539563
2025-11-11 13:15:00,25.11000061035156,25.18000030517578,25.030000686645508,25.1200008392334,10826199
2025-11-12 09:15:00,25.36000061035156,25.450000762939453,24.86000061035156,25.01000022888184,3051500
2025-11-12 13:15:00,25.01000022888184,25.190000534057617,24.940000534057617,25.06999969482422,4147334
2025-11-13 09:15:00,25.1299991607666,25.190000534057617,24.899999618530277,24.93000030517578,2481643
2025-11-13 13:15:00,24.93000030517578,24.96999931335449,24.780000686645508,24.86000061035156,4052533
2025-11-14 09:15:00,24.86000061035156,24.950000762939453,24.649999618530277,24.649999618530277,2986937
2025-11-14 13:15:00,24.649999618530277,24.68000030517578,24.559999465942383,24.559999465942383,2604086
2025-11-17 09:15:00,24.700000762939453,25.450000762939453,24.5,25.18000030517578,3811173
2025-11-17 13:15:00,25.18000030517578,25.299999237060547,24.809999465942383,25.01000022888184,6845153
2025-11-18 09:15:00,25.049999237060547,25.15999984741211,24.950000762939453,25.09000015258789,1665871
2025-11-18 13:15:00,25.09000015258789,25.799999237060547,25.0,25.600000381469727,11600092
2025-11-19 09:15:00,25.780000686645508,25.940000534057617,25.6200008392334,25.799999237060547,4753012
2025-11-19 13:15:00,25.799999237060547,25.940000534057617,25.68000030517578,25.850000381469727,4071532
2025-11-20 09:15:00,25.90999984741211,26.790000915527344,25.81999969482422,26.309999465942383,6970883
2025-11-20 13:15:00,26.299999237060547,26.40999984741211,26.09000015258789,26.299999237060547,7612295
2025-11-21 09:15:00,26.399999618530277,26.559999465942383,26.11000061035156,26.450000762939453,7720179
2025-11-21 13:15:00,26.43000030517578,26.59000015258789,26.21999931335449,26.299999237060547,5364480
2025-11-24 09:15:00,26.3700008392334,26.3799991607666,25.86000061035156,26.07999992370605,5242297
2025-11-24 13:15:00,26.06999969482422,26.18000030517578,25.8700008392334,26.0,4529922
2025-11-25 09:15:00,26.26000022888184,26.450000762939453,25.450000762939453,26.25,3271059
2025-11-25 13:15:00,26.25,26.350000381469727,25.770000457763672,26.100000381469727,5458048
2025-11-26 09:15:00,26.18000030517578,26.18000030517578,25.899999618530277,26.1200008392334,1236919
2025-11-26 13:15:00,26.1200008392334,26.25,25.61000061035156,25.82999992370605,6620262
2025-11-27 09:15:00,25.950000762939453,26.25,25.649999618530277,26.040000915527344,1389196
2025-11-27 13:15:00,26.040000915527344,26.040000915527344,25.549999237060547,25.780000686645508,9247117
2025-11-28 09:15:00,25.8799991607666,26.399999618530277,25.76000022888184,26.229999542236328,3066871
2025-11-28 13:15:00,26.229999542236328,26.600000381469727,25.959999084472656,26.46999931335449,8625053
2025-12-01 09:15:00,26.56999969482422,27.25,26.25,26.59000015258789,4388823
2025-12-01 13:15:00,26.61000061035156,27.100000381469727,26.59000015258789,26.989999771118164,7301058
2025-12-02 09:15:00,26.989999771118164,27.1200008392334,26.86000061035156,26.90999984741211,5114770
2025-12-02 13:15:00,26.899999618530277,26.90999984741211,26.56999969482422,26.729999542236328,4535203
2025-12-03 09:15:00,26.75,26.8799991607666,26.51000022888184,26.57999992370605,1817624
2025-12-03 13:15:00,26.57999992370605,26.68000030517578,26.5,26.6200008392334,4867835
2025-12-04 09:15:00,26.61000061035156,27.149999618530277,26.61000061035156,26.899999618530277,1115512
2025-12-04 13:15:00,26.950000762939453,27.09000015258789,26.88999938964844,27.0,7971457
2025-12-05 09:15:00,27.0,27.46999931335449,26.989999771118164,27.290000915527344,3360632
2025-12-05 13:15:00,27.270000457763672,27.600000381469727,27.07999992370605,27.5,12667407
2025-12-08 09:15:00,27.75,27.799999237060547,27.200000762939453,27.21999931335449,2900343
2025-12-08 13:15:00,27.21999931335449,27.290000915527344,27.040000915527344,27.049999237060547,7876366
2025-12-09 09:15:00,27.100000381469727,27.3799991607666,26.63999938964844,27.229999542236328,2845030
2025-12-09 13:15:00,27.229999542236328,27.559999465942383,27.100000381469727,27.489999771118164,5695340
2025-12-10 09:15:00,27.5,27.6299991607666,27.32999992370605,27.5,2040063
2025-12-10 13:15:00,27.459999084472656,27.57999992370605,27.25,27.25,4672644
2025-12-11 09:15:00,27.36000061035156,27.57999992370605,27.26000022888184,27.459999084472656,1512885
2025-12-11 13:15:00,27.459999084472656,27.700000762939453,27.450000762939453,27.549999237060547,6201474
2025-12-12 09:15:00,27.350000381469727,28.290000915527344,27.350000381469727,27.96999931335449,7337411
2025-12-12 13:15:00,28.0,28.280000686645508,27.93000030517578,27.959999084472656,9920582
2025-12-15 09:15:00,28.06999969482422,28.239999771118164,27.899999618530277,28.06999969482422,1702104
2025-12-15 13:15:00,28.049999237060547,28.299999237060547,28.0,28.25,7348668
2025-12-16 09:15:00,28.25,28.549999237060547,28.11000061035156,28.46999931335449,3434248
2025-12-16 13:15:00,28.46999931335449,28.549999237060547,28.450000762939453,28.549999237060547,5353766
2025-12-17 09:15:00,28.6200008392334,28.729999542236328,28.43000030517578,28.59000015258789,2876456
2025-12-17 13:15:00,28.56999969482422,28.6200008392334,28.059999465942383,28.209999084472656,6578446
2025-12-18 09:15:00,28.270000457763672,28.399999618530277,28.239999771118164,28.350000381469727,4656891
2025-12-18 13:15:00,28.350000381469727,28.57999992370605,28.280000686645508,28.51000022888184,4812843
2025-12-19 09:15:00,28.5,28.5,28.100000381469727,28.18000030517578,3636839
2025-12-19 13:15:00,28.18000030517578,28.420000076293945,28.059999465942383,28.280000686645508,6738014
2025-12-22 09:15:00,28.36000061035156,28.489999771118164,28.06999969482422,28.190000534057617,4747640
2025-12-22 13:15:00,28.190000534057617,28.270000457763672,28.01000022888184,28.190000534057617,7622327
2025-12-23 09:15:00,28.270000457763672,28.6200008392334,28.25,28.489999771118164,2784193
2025-12-23 13:15:00,28.489999771118164,28.61000061035156,28.21999931335449,28.350000381469727,8383318
2025-12-24 09:15:00,28.479999542236328,28.549999237060547,28.149999618530277,28.420000076293945,5897173
2025-12-24 13:15:00,28.43000030517578,28.520000457763672,28.31999969482422,28.40999984741211,4430806
2025-12-26 09:15:00,28.34000015258789,28.40999984741211,28.239999771118164,28.299999237060547,4081325
2025-12-26 13:15:00,28.299999237060547,28.38999938964844,28.170000076293945,28.290000915527344,5262165
2025-12-29 09:15:00,28.21999931335449,28.32999992370605,28.049999237060547,28.270000457763672,2069161
2025-12-29 13:15:00,28.270000457763672,28.270000457763672,28.07999992370605,28.190000534057617,8560473
2025-12-30 09:15:00,28.25,28.479999542236328,27.959999084472656,28.399999618530277,6528724
2025-12-30 13:15:00,28.399999618530277,28.450000762939453,28.200000762939453,28.32999992370605,7144960
2025-12-31 09:15:00,28.43000030517578,28.549999237060547,28.26000022888184,28.350000381469727,3344639
2025-12-31 13:15:00,28.36000061035156,28.36000061035156,28.059999465942383,28.200000762939453,6376928
2026-01-01 09:15:00,28.299999237060547,28.34000015258789,28.15999984741211,28.31999969482422,1591862
2026-01-01 13:15:00,28.31999969482422,28.850000381469727,28.299999237060547,28.799999237060547,9181132
2026-01-02 09:15:00,28.76000022888184,29.100000381469727,28.63999938964844,28.75,3586469
2026-01-02 13:15:00,28.739999771118164,28.75,28.36000061035156,28.46999931335449,5715850
2026-01-05 09:15:00,28.100000381469727,28.600000381469727,28.020000457763672,28.530000686645508,2187107
2026-01-05 13:15:00,28.530000686645508,28.90999984741211,28.3799991607666,28.780000686645508,6376401
2026-01-06 09:15:00,28.799999237060547,29.149999618530277,28.799999237060547,28.93000030517578,4663265
2026-01-06 13:15:00,28.950000762939453,29.059999465942383,28.799999237060547,28.82999992370605,4884608
2026-01-07 09:15:00,28.940000534057617,29.25,28.90999984741211,29.059999465942383,3317730
2026-01-07 13:15:00,29.059999465942383,29.149999618530277,29.0,29.059999465942383,6020746
2026-01-08 09:15:00,29.25,29.25,28.709999084472656,28.82999992370605,1660284
2026-01-08 13:15:00,28.82999992370605,29.07999992370605,28.649999618530277,28.82999992370605,7294228
2026-01-09 09:15:00,28.790000915527344,29.049999237060547,28.520000457763672,28.899999618530277,1453685
2026-01-09 13:15:00,28.88999938964844,29.01000022888184,28.440000534057617,28.65999984741211,11000087
2026-01-12 09:15:00,28.690000534057617,28.739999771118164,28.020000457763672,28.299999237060547,3552379
2026-01-12 13:15:00,28.309999465942383,28.5,28.25,28.3700008392334,8416792
2026-01-13 09:15:00,28.520000457763672,28.90999984741211,28.479999542236328,28.76000022888184,3132726
2026-01-13 13:15:00,28.799999237060547,28.84000015258789,28.479999542236328,28.6299991607666,4738455
2026-01-14 09:15:00,28.559999465942383,28.82999992370605,28.459999084472656,28.75,1677339
2026-01-14 13:15:00,28.770000457763672,28.920000076293945,28.6299991607666,28.700000762939453,6148259
2026-01-16 09:15:00,28.899999618530277,28.920000076293945,28.71999931335449,28.8799991607666,1836839
2026-01-16 13:15:00,28.850000381469727,28.920000076293945,28.63999938964844,28.799999237060547,5675183
2026-01-19 09:15:00,28.940000534057617,28.940000534057617,28.6200008392334,28.65999984741211,1038345
2026-01-19 13:15:00,28.65999984741211,28.979999542236328,28.61000061035156,28.899999618530277,7724337
2026-01-20 09:15:00,29.0,29.0,28.700000762939453,28.709999084472656,441937
2026-01-20 13:15:00,28.709999084472656,28.899999618530277,28.700000762939453,28.8799991607666,5361375
2026-01-21 09:15:00,28.739999771118164,28.84000015258789,28.559999465942383,28.809999465942383,2479224
2026-01-21 13:15:00,28.809999465942383,28.850000381469727,28.63999938964844,28.709999084472656,4645317
2026-01-22 09:15:00,29.100000381469727,29.709999084472656,28.88999938964844,29.68000030517578,7688969
2026-01-22 13:15:00,29.65999984741211,30.190000534057617,27.100000381469727,29.18000030517578,11260047
2026-01-23 09:15:00,29.940000534057617,30.049999237060547,29.440000534057617,29.84000015258789,4282328
2026-01-23 13:15:00,29.84000015258789,29.88999938964844,29.600000381469727,29.600000381469727,5000956
2026-01-27 09:15:00,29.799999237060547,29.850000381469727,28.920000076293945,29.09000015258789,4032680
2026-01-27 13:15:00,29.1200008392334,29.25,28.71999931335449,28.8799991607666,8114305
2026-01-28 09:15:00,29.11000061035156,29.239999771118164,28.299999237060547,28.600000381469727,2670957
2026-01-28 13:15:00,28.63999938964844,28.8700008392334,28.450000762939453,28.690000534057617,5660887
2026-01-29 09:15:00,29.0,29.0,28.600000381469727,28.71999931335449,1376651
2026-01-29 13:15:00,28.75,29.07999992370605,28.690000534057617,28.809999465942383,5095844
2026-01-30 09:15:00,28.850000381469727,29.09000015258789,28.709999084472656,28.96999931335449,1974134
2026-01-30 13:15:00,28.96999931335449,29.01000022888184,28.690000534057617,28.799999237060547,5019877
2026-02-02 13:15:00,28.479999542236328,28.479999542236328,28.479999542236328,28.479999542236328,0
2026-02-03 09:15:00,29.5,29.68000030517578,28.649999618530277,28.709999084472656,4853915
2026-02-03 13:15:00,28.709999084472656,28.989999771118164,28.670000076293945,28.940000534057617,8890214
2026-02-04 09:15:00,28.90999984741211,29.799999237060547,28.81999969482422,29.649999618530277,3083135
2026-02-04 13:15:00,29.649999618530277,29.90999984741211,29.56999969482422,29.899999618530277,4962371
2026-02-05 09:15:00,30.0,30.6200008392334,29.899999618530277,30.040000915527344,1353428
2026-02-05 13:15:00,30.040000915527344,30.5,29.75,30.309999465942383,9073743
2026-02-06 09:15:00,30.450000762939453,30.75,30.0,30.729999542236328,2839148
2026-02-06 13:15:00,30.729999542236328,30.850000381469727,30.51000022888184,30.690000534057617,5666614
2026-02-09 09:15:00,30.84000015258789,30.989999771118164,30.540000915527344,30.780000686645508,2275208
2026-02-09 13:15:00,30.799999237060547,30.84000015258789,30.209999084472656,30.399999618530277,7371752
2026-02-10 09:15:00,30.6200008392334,30.850000381469727,30.31999969482422,30.68000030517578,4845958
2026-02-10 13:15:00,30.709999084472656,30.790000915527344,30.5,30.520000457763672,4575517
2026-02-11 09:15:00,30.770000457763672,30.770000457763672,30.459999084472656,30.6299991607666,2700983
2026-02-11 13:15:00,30.6299991607666,30.799999237060547,30.600000381469727,30.649999618530277,5547574
2026-02-12 09:15:00,30.799999237060547,31.479999542236328,30.59000015258789,30.729999542236328,6533060
2026-02-12 13:15:00,30.75,30.75,30.13999938964844,30.13999938964844,5955583
2026-02-13 09:15:00,30.440000534057617,30.540000915527344,30.1299991607666,30.479999542236328,3261454
2026-02-13 13:15:00,30.479999542236328,30.700000762939453,30.25,30.420000076293945,3989822
2026-02-16 09:15:00,30.51000022888184,30.81999969482422,30.38999938964844,30.559999465942383,2073414
2026-02-16 13:15:00,30.61000061035156,30.75,30.489999771118164,30.549999237060547,6442084
2026-02-17 09:15:00,30.51000022888184,31.059999465942383,30.51000022888184,31.030000686645508,3147217
2026-02-17 13:15:00,31.030000686645508,31.31999969482422,30.88999938964844,31.200000762939453,6785658
2026-02-18 09:15:00,31.31999969482422,31.46999931335449,31.06999969482422,31.13999938964844,1219310
2026-02-18 13:15:00,31.149999618530277,31.450000762939453,31.07999992370605,31.280000686645508,6111362
2026-02-19 09:15:00,31.299999237060547,31.989999771118164,31.299999237060547,31.940000534057617,3938672
2026-02-19 13:15:00,31.940000534057617,32.0,31.649999618530277,31.799999237060547,5253604
2026-02-20 09:15:00,32.0,32.38999938964844,31.600000381469727,32.119998931884766,3151441
2026-02-20 13:15:00,32.150001525878906,32.189998626708984,31.770000457763672,32.0,5597108
2026-02-23 09:15:00,32.290000915527344,32.29999923706055,31.88999938964844,32.2400016784668,4335629
2026-02-23 13:15:00,32.2400016784668,32.38999938964844,32.0099983215332,32.38999938964844,7028434
2026-02-24 09:15:00,32.099998474121094,32.349998474121094,32.0099983215332,32.22999954223633,2681758
2026-02-24 13:15:00,32.22999954223633,32.45000076293945,31.68000030517578,32.09000015258789,8056270
2026-02-25 09:15:00,32.20000076293945,32.36000061035156,31.799999237060547,32.099998474121094,7087733
2026-02-25 13:15:00,32.099998474121094,32.45000076293945,32.02000045776367,32.20000076293945,3819598
2026-02-26 09:15:00,32.38999938964844,32.400001525878906,32.130001068115234,32.20000076293945,3604376
2026-02-26 13:15:00,32.20000076293945,32.29999923706055,32.099998474121094,32.189998626708984,5690825
2026-02-27 09:15:00,32.13999938964844,32.369998931884766,32.0099983215332,32.31999969482422,1820078
2026-02-27 13:15:00,32.33000183105469,32.40999984741211,32.08000183105469,32.2400016784668,4844146
2026-03-02 09:15:00,31.700000762939453,31.88999938964844,31.200000762939453,31.34000015258789,2676350
2026-03-02 13:15:00,31.34000015258789,32.349998474121094,31.13999938964844,31.76000022888184,8095716
2026-03-04 09:15:00,31.299999237060547,32.0,31.21999931335449,31.940000534057617,1573008
2026-03-04 13:15:00,31.940000534057617,32.029998779296875,31.57999992370605,31.700000762939453,4460911
2026-03-05 09:15:00,32.09000015258789,32.849998474121094,32.0,32.29999923706055,4015673
2026-03-05 13:15:00,32.290000915527344,32.63999938964844,31.90999984741211,32.20000076293945,9033956
2026-03-06 09:15:00,32.41999816894531,32.720001220703125,32.29999923706055,32.68000030517578,5726172
2026-03-06 13:15:00,32.68000030517578,32.75,32.099998474121094,32.369998931884766,6102371
2026-03-09 09:15:00,32.290000915527344,32.369998931884766,31.540000915527344,31.76000022888184,1488283
2026-03-09 13:15:00,31.790000915527344,32.20000076293945,31.6299991607666,32.0,8264865
2026-03-10 09:15:00,32.220001220703125,32.529998779296875,32.20000076293945,32.400001525878906,2809234
2026-03-10 13:15:00,32.36000061035156,32.41999816894531,32.04999923706055,32.27000045776367,6450897
2026-03-11 09:15:00,32.400001525878906,32.650001525878906,32.150001525878906,32.16999816894531,3570033
2026-03-11 13:15:00,32.13999938964844,32.33000183105469,32.060001373291016,32.16999816894531,4113954
2026-03-12 09:15:00,32.189998626708984,32.290000915527344,32.0099983215332,32.2400016784668,2487609
2026-03-12 13:15:00,32.2400016784668,32.439998626708984,32.0099983215332,32.189998626708984,7446119
2026-03-13 09:15:00,32.189998626708984,32.27000045776367,32.0,32.150001525878906,1970259
2026-03-13 13:15:00,32.18000030517578,32.189998626708984,31.979999542236328,32.06999969482422,6631168
2026-03-16 09:15:00,32.04999923706055,32.29999923706055,31.809999465942383,31.950000762939453,4954301
2026-03-16 13:15:00,31.90999984741211,32.04999923706055,29.299999237060547,29.709999084472656,6680046
2026-03-17 09:15:00,32.060001373291016,32.2400016784668,31.190000534057617,31.959999084472656,2244224
2026-03-17 13:15:00,31.8700008392334,32.0099983215332,31.68000030517578,31.770000457763672,7329557
2026-03-18 09:15:00,32.0,32.189998626708984,31.850000381469727,31.899999618530277,1846411
2026-03-18 13:15:00,31.899999618530277,32.040000915527344,31.51000022888184,31.8700008392334,4400690
2026-03-19 09:15:00,31.989999771118164,31.989999771118164,31.549999237060547,31.76000022888184,2157768
2026-03-19 13:15:00,31.76000022888184,31.799999237060547,31.26000022888184,31.399999618530277,6724299
2026-03-20 09:15:00,32.040000915527344,32.040000915527344,31.559999465942383,31.700000762939453,2123642
2026-03-20 13:15:00,31.700000762939453,31.770000457763672,30.979999542236328,31.61000061035156,6433110
2026-03-23 09:15:00,31.549999237060547,31.549999237060547,30.90999984741211,31.190000534057617,2294414
2026-03-23 13:15:00,31.149999618530277,31.25,29.68000030517578,30.290000915527344,6157706
2026-03-24 09:15:00,31.530000686645508,31.530000686645508,30.90999984741211,31.100000381469727,3000098
2026-03-24 13:15:00,31.1299991607666,31.299999237060547,31.040000915527344,31.15999984741211,6571025
2026-03-25 09:15:00,31.43000030517578,31.43000030517578,31.11000061035156,31.270000457763672,2814877
2026-03-25 13:15:00,31.26000022888184,31.299999237060547,30.899999618530277,31.11000061035156,4349701
2026-03-27 09:15:00,31.399999618530277,31.399999618530277,30.899999618530277,30.96999931335449,1816377
2026-03-27 13:15:00,31.0,31.059999465942383,30.799999237060547,30.989999771118164,5819785
2026-03-30 09:15:00,31.049999237060547,31.049999237060547,30.200000762939453,30.450000762939453,1442678
2026-03-30 13:15:00,30.440000534057617,30.450000762939453,29.600000381469727,30.209999084472656,5937696
2026-04-01 09:15:00,30.959999084472656,31.290000915527344,30.799999237060547,31.270000457763672,3437590
2026-04-01 13:15:00,31.270000457763672,31.290000915527344,29.65999984741211,30.239999771118164,4810623
2026-04-02 09:15:00,30.43000030517578,30.84000015258789,29.90999984741211,30.770000457763672,2151919
2026-04-02 13:15:00,30.770000457763672,30.81999969482422,30.350000381469727,30.57999992370605,3151174
2026-04-06 09:15:00,30.670000076293945,30.950000762939453,30.25,30.649999618530277,2259890
2026-04-06 13:15:00,30.63999938964844,30.649999618530277,30.32999992370605,30.649999618530277,7173882
2026-04-07 09:15:00,30.5,32.650001525878906,30.299999237060547,32.20000076293945,4013242
2026-04-07 13:15:00,32.18000030517578,32.2400016784668,31.530000686645508,31.600000381469727,4416663
2026-04-08 09:15:00,32.25,32.439998626708984,31.649999618530277,31.71999931335449,1938163
2026-04-08 13:15:00,31.71999931335449,31.799999237060547,31.520000457763672,31.57999992370605,5047022
2026-04-09 09:15:00,31.709999084472656,32.25,31.600000381469727,32.25,3244262
2026-04-09 13:15:00,32.22999954223633,32.43000030517578,31.809999465942383,32.31999969482422,5543675
2026-04-10 09:15:00,32.33000183105469,33.619998931884766,32.2599983215332,33.459999084472656,7423103
2026-04-10 13:15:00,33.459999084472656,33.4900016784668,33.119998931884766,33.220001220703125,4553957
2026-04-13 09:15:00,33.099998474121094,33.400001525878906,32.56999969482422,33.18000030517578,2068079
2026-04-13 13:15:00,33.209999084472656,33.47999954223633,32.790000915527344,33.02000045776367,8918574
2026-04-15 09:15:00,33.43000030517578,33.58000183105469,33.040000915527344,33.189998626708984,2912647
2026-04-15 13:15:00,33.189998626708984,33.349998474121094,32.79999923706055,33.0099983215332,6336985
2026-04-16 09:15:00,33.209999084472656,33.29999923706055,32.91999816894531,33.11000061035156,2448173
2026-04-16 13:15:00,33.11000061035156,33.25,32.849998474121094,32.9900016784668,4947356
2026-04-17 09:15:00,33.150001525878906,33.29999923706055,33.04999923706055,33.11000061035156,1033547
2026-04-17 13:15:00,33.11000061035156,33.20000076293945,32.95000076293945,33.20000076293945,5613285
2026-04-20 09:15:00,33.04999923706055,33.369998931884766,32.959999084472656,33.2400016784668,0
2026-04-20 13:15:00,33.040000915527344,33.900001525878906,33.040000915527344,33.84000015258789,10960892
2026-04-21 09:15:00,33.810001373291016,34.09000015258789,33.689998626708984,33.720001220703125,2391570
2026-04-21 13:15:00,33.720001220703125,33.9900016784668,33.650001525878906,33.959999084472656,6901529
2026-04-22 09:15:00,33.900001525878906,34.09000015258789,33.7599983215332,33.81999969482422,1859758
2026-04-22 13:15:00,33.81999969482422,34.15999984741211,33.15999984741211,33.369998931884766,7194798
2026-04-23 09:15:00,33.619998931884766,33.95000076293945,33.5099983215332,33.720001220703125,3248285
2026-04-23 13:15:00,33.70000076293945,33.720001220703125,33.2400016784668,33.5,7135455
2026-04-24 09:15:00,33.630001068115234,33.68000030517578,33.33000183105469,33.4900016784668,1818841
2026-04-24 13:15:00,33.45000076293945,33.56999969482422,33.06999969482422,33.400001525878906,4166309
2026-04-27 09:15:00,33.31999969482422,33.65999984741211,33.25,33.34000015258789,1900578
2026-04-27 13:15:00,33.33000183105469,33.66999816894531,33.25,33.310001373291016,6375904
2026-04-28 09:15:00,33.22999954223633,33.43000030517578,33.130001068115234,33.2400016784668,2178587
2026-04-28 13:15:00,33.2400016784668,33.66999816894531,33.119998931884766,33.40999984741211,7144071
2026-04-29 09:15:00,33.31999969482422,33.540000915527344,33.31999969482422,33.400001525878906,1195318
2026-04-29 13:15:00,33.43000030517578,33.900001525878906,33.25,33.56999969482422,7726675
2026-04-30 09:15:00,33.36000061035156,33.68000030517578,33.36000061035156,33.540000915527344,1377570
2026-04-30 13:15:00,33.529998779296875,33.95000076293945,33.459999084472656,33.7400016784668,8567668
2026-05-04 09:15:00,33.7599983215332,33.97999954223633,33.560001373291016,33.689998626708984,2710370
2026-05-04 13:15:00,33.689998626708984,33.689998626708984,33.2400016784668,33.29999923706055,7258354
2026-05-05 09:15:00,33.41999816894531,33.79999923706055,33.41999816894531,33.63999938964844,1449214
2026-05-05 13:15:00,33.61000061035156,33.95000076293945,33.38999938964844,33.61000061035156,7025468
2026-05-06 09:15:00,33.619998931884766,33.709999084472656,33.529998779296875,33.630001068115234,2069474
2026-05-06 13:15:00,33.630001068115234,33.75,33.459999084472656,33.650001525878906,7383665
2026-05-07 09:15:00,33.709999084472656,33.709999084472656,33.470001220703125,33.52000045776367,2245610
2026-05-07 13:15:00,33.540000915527344,34.209999084472656,33.45000076293945,33.9900016784668,10388636
2026-05-08 09:15:00,34.220001220703125,34.61000061035156,34.06999969482422,34.279998779296875,3194306
2026-05-08 13:15:00,34.310001373291016,34.63999938964844,34.08000183105469,34.459999084472656,11946563
2026-05-11 09:15:00,34.220001220703125,34.63999938964844,34.220001220703125,34.47999954223633,2985399
2026-05-11 13:15:00,34.5,34.849998474121094,34.400001525878906,34.70000076293945,9179687
2026-05-12 09:15:00,34.70000076293945,35.099998474121094,34.630001068115234,34.779998779296875,3603373
2026-05-12 13:15:00,34.77000045776367,34.79999923706055,34.599998474121094,34.61000061035156,6613072
2026-05-13 09:15:00,34.75,34.90999984741211,34.5,34.66999816894531,3080856
2026-05-13 13:15:00,34.66999816894531,34.709999084472656,33.810001373291016,34.119998931884766,8779076
2026-05-14 09:15:00,34.349998474121094,34.369998931884766,33.619998931884766,33.72999954223633,2979022
2026-05-14 13:15:00,33.709999084472656,33.75,33.310001373291016,33.459999084472656,6436460
2026-05-15 09:15:00,34.15999984741211,34.15999984741211,33.5099983215332,33.7400016784668,2223298
2026-05-15 13:15:00,33.7400016784668,33.900001525878906,33.310001373291016,33.52000045776367,6624114
2026-05-18 09:15:00,33.52000045776367,33.66999816894531,33.0,33.4900016784668,1956891
2026-05-18 13:15:00,33.4900016784668,33.9900016784668,33.349998474121094,33.70000076293945,12099703
2026-05-19 09:15:00,34.20000076293945,34.400001525878906,34.0,34.09000015258789,4719956
2026-05-19 13:15:00,34.11000061035156,34.790000915527344,33.900001525878906,34.0,8064678
2026-05-20 09:15:00,34.27000045776367,35.5,34.27000045776367,35.459999084472656,6123006
2026-05-20 13:15:00,35.4900016784668,35.54999923706055,35.209999084472656,35.459999084472656,5733659
2026-05-21 09:15:00,35.90999984741211,37.540000915527344,35.70000076293945,37.43000030517578,10496278
2026-05-21 13:15:00,37.400001525878906,38.29999923706055,37.400001525878906,37.84999847412109,13874646
2026-05-22 09:15:00,38.34000015258789,39.209999084472656,38.02000045776367,38.459999084472656,4212511
2026-05-22 13:15:00,38.459999084472656,38.77999877929688,38.38999938964844,38.59999847412109,7047866
2026-05-25 09:15:00,39.0,39.540000915527344,38.400001525878906,38.709999084472656,4054409
2026-05-25 13:15:00,38.77000045776367,39.20000076293945,38.52999877929688,38.83000183105469,8459382
2026-05-26 09:15:00,39.2400016784668,39.2400016784668,38.63999938964844,38.84999847412109,6662801
2026-05-26 13:15:00,38.810001373291016,38.86000061035156,38.52999877929688,38.58000183105469,3826519
2026-05-27 09:15:00,38.619998931884766,40.04999923706055,38.619998931884766,40.0,6476766
2026-05-27 13:15:00,40.0,40.150001525878906,39.54999923706055,40.06999969482422,7320276
2026-05-29 09:15:00,40.400001525878906,40.45000076293945,39.5099983215332,39.77000045776367,3805482
2026-05-29 13:15:00,39.75,39.79999923706055,38.68000030517578,39.31999969482422,9869057
2026-06-01 09:15:00,39.959999084472656,39.959999084472656,35.90999984741211,36.13999938964844,5059907
2026-06-01 13:15:00,36.18000030517578,37.29999923706055,35.79999923706055,37.20000076293945,11545880
2026-06-02 09:15:00,36.97999954223633,37.43999862670898,36.02000045776367,36.79999923706055,5096865
2026-06-02 13:15:00,36.79999923706055,37.060001373291016,36.43999862670898,36.810001373291016,10615417
2026-06-03 09:15:00,36.77000045776367,37.27000045776367,36.59999847412109,36.900001525878906,1826406
2026-06-03 13:15:00,36.900001525878906,36.900001525878906,36.68000030517578,36.7400016784668,5699645
2026-06-04 09:15:00,36.88999938964844,37.369998931884766,36.7599983215332,37.290000915527344,2756836
2026-06-04 13:15:00,37.22999954223633,37.91999816894531,37.119998931884766,37.5,8265942
2026-06-05 09:15:00,37.84999847412109,37.84999847412109,37.25,37.47999954223633,4096461
2026-06-05 13:15:00,37.47999954223633,37.540000915527344,37.0,37.09999847412109,8842675
2026-06-08 09:15:00,37.0,37.09999847412109,36.720001220703125,36.7599983215332,2476562
2026-06-08 13:15:00,36.77000045776367,36.810001373291016,36.2599983215332,36.38999938964844,6428656
2026-06-09 09:15:00,36.7400016784668,37.2400016784668,36.0099983215332,37.13999938964844,5150907
2026-06-09 13:15:00,37.13999938964844,37.22999954223633,36.970001220703125,37.040000915527344,7373371
2026-06-10 09:15:00,37.20000076293945,37.29999923706055,36.95000076293945,37.06999969482422,2147292
2026-06-10 13:15:00,37.11000061035156,37.16999816894531,36.65999984741211,36.68000030517578,7305186
2026-06-11 09:15:00,36.79999923706055,37.2599983215332,36.61000061035156,36.97999954223633,2637007
2026-06-11 13:15:00,36.97999954223633,37.20000076293945,36.900001525878906,36.93999862670898,7494703
2026-06-12 09:15:00,37.0,37.650001525878906,37.0,37.56999969482422,8582082
2026-06-12 13:15:00,37.56999969482422,37.59999847412109,36.720001220703125,37.18000030517578,8569437
2026-06-15 09:15:00,37.5,37.630001068115234,37.27000045776367,37.29999923706055,2684199
2026-06-15 13:15:00,37.33000183105469,37.540000915527344,36.93999862670898,37.13999938964844,5851384
2026-06-16 09:15:00,37.400001525878906,37.4900016784668,37.2599983215332,37.41999816894531,1803350
2026-06-16 13:15:00,37.40999984741211,37.5,37.130001068115234,37.43000030517578,7175543
2026-06-17 09:15:00,37.45000076293945,37.900001525878906,37.31999969482422,37.65999984741211,5916507
2026-06-17 13:15:00,37.66999816894531,37.68000030517578,37.400001525878906,37.5,8823256
2026-06-18 09:15:00,37.68000030517578,39.59999847412109,37.5099983215332,39.09999847412109,19255555
2026-06-18 13:15:00,39.09999847412109,40.70000076293945,38.880001068115234,39.880001068115234,10860909
2026-06-19 09:15:00,40.34999847412109,45.0,40.16999816894531,44.43999862670898,33032131
2026-06-19 13:15:00,44.400001525878906,44.5,42.25,43.59000015258789,19204153
2026-06-22 09:15:00,43.84000015258789,44.79999923706055,43.790000915527344,44.13999938964844,2767941
2026-06-22 13:15:00,44.11000061035156,44.25,43.79999923706055,44.130001068115234,6655273
2026-06-23 09:15:00,42.70000076293945,42.70000076293945,41.400001525878906,41.75,2758034
2026-06-23 13:15:00,41.75,41.93999862670898,41.40999984741211,41.58000183105469,5603778
2026-06-24 09:15:00,41.630001068115234,41.959999084472656,41.45000076293945,41.65999984741211,1227965
2026-06-24 13:15:00,41.720001220703125,41.88999938964844,41.38999938964844,41.619998931884766,9772253
2026-06-25 09:15:00,41.70000076293945,41.970001220703125,41.5099983215332,41.630001068115234,2175525
2026-06-25 13:15:00,41.630001068115234,41.79999923706055,41.5,41.52000045776367,5197191
2026-06-29 09:15:00,41.81999969482422,41.86000061035156,41.459999084472656,41.790000915527344,1799280
2026-06-29 13:15:00,41.83000183105469,41.970001220703125,41.650001525878906,41.75,5622930
2026-06-30 09:15:00,42.09999847412109,42.18999862670898,41.459999084472656,41.56999969482422,2131306
2026-06-30 13:15:00,41.59000015258789,41.59000015258789,41.290000915527344,41.380001068115234,5040509
2026-07-01 09:15:00,41.34000015258789,41.79999923706055,41.220001220703125,41.7400016784668,1533218
2026-07-01 13:15:00,41.75,42.5,41.709999084472656,42.45000076293945,3941705
2026-07-02 09:15:00,42.209999084472656,42.31999969482422,41.810001373291016,42.16999816894531,2115148
2026-07-02 13:15:00,42.20000076293945,42.34000015258789,42.0,42.150001525878906,5874242
2026-07-03 09:15:00,42.7400016784668,42.7400016784668,41.79999923706055,41.900001525878906,2408704
2026-07-03 13:15:00,41.880001068115234,42.41999816894531,41.79999923706055,42.380001068115234,4966216
2026-07-06 09:15:00,42.16999816894531,42.34000015258789,42.09999847412109,42.209999084472656,2150099
2026-07-06 13:15:00,42.209999084472656,42.33000183105469,42.0099983215332,42.16999816894531,3524829
2026-07-07 09:15:00,42.43999862670898,42.43999862670898,41.95000076293945,42.11000061035156,2127486
2026-07-07 13:15:00,42.09999847412109,42.220001220703125,42.09999847412109,42.119998931884766,5137898
2026-07-08 09:15:00,42.380001068115234,42.380001068115234,42.02999877929688,42.31999969482422,2027812
2026-07-08 13:15:00,42.31999969482422,42.34999847412109,41.70000076293945,42.060001373291016,4536681
2026-07-09 09:15:00,42.18000030517578,42.34999847412109,42.09999847412109,42.18999862670898,2535112
2026-07-09 13:15:00,42.18999862670898,42.2400016784668,42.09000015258789,42.18000030517578,3976868
2026-07-10 09:15:00,42.29999923706055,43.2400016784668,42.20000076293945,42.540000915527344,2222256
2026-07-10 13:15:00,42.540000915527344,42.54999923706055,42.20000076293945,42.380001068115234,2480010
2026-07-13 09:15:00,42.20000076293945,42.459999084472656,42.119998931884766,42.45000076293945,1226523
2026-07-13 13:15:00,42.41999816894531,42.459999084472656,42.060001373291016,42.25,4867111
2026-07-14 09:15:00,42.400001525878906,42.5,42.27999877929688,42.5,2263479
2026-07-14 13:15:00,42.5,42.52999877929688,42.2400016784668,42.290000915527344,4485472
2026-07-15 09:15:00,42.27999877929688,42.369998931884766,42.16999816894531,42.18000030517578,3984090
2026-07-15 13:15:00,42.15999984741211,42.56999969482422,42.119998931884766,42.119998931884766,5620367
2026-07-16 09:15:00,42.310001373291016,42.400001525878906,42.150001525878906,42.27000045776367,3445710
2026-07-16 13:15:00,42.27000045776367,42.40999984741211,42.20000076293945,42.22999954223633,4003476
2026-07-17 09:15:00,42.38999938964844,42.38999938964844,42.060001373291016,42.16999816894531,1816835
2026-07-17 13:15:00,42.119998931884766,42.40999984741211,42.09999847412109,42.20000076293945,5296150
2026-07-20 09:15:00,42.27000045776367,42.38999938964844,42.18000030517578,42.36000061035156,1619755
2026-07-20 13:15:00,42.36000061035156,42.400001525878906,42.150001525878906,42.20000076293945,2858403
2026-07-21 09:15:00,42.34000015258789,42.34999847412109,42.20000076293945,42.25,3384744
2026-07-21 13:15:00,42.25,42.29999923706055,40.93999862670898,41.27999877929688,2738019
2026-07-22 09:15:00,42.25,42.25,42.04999923706055,42.11000061035156,1651277
2026-07-22 13:15:00,42.119998931884766,42.2400016784668,41.95000076293945,42.18000030517578,6425393
2026-07-23 09:15:00,42.310001373291016,42.34999847412109,42.16999816894531,42.2400016784668,2736276
2026-07-23 13:15:00,42.25,42.29999923706055,42.119998931884766,42.119998931884766,4396199
2026-07-24 09:15:00,42.25,42.29999923706055,42.04999923706055,42.09000015258789,2319704
2026-07-24 13:15:00,42.09000015258789,42.13999938964844,42.04999923706055,42.06999969482422,3766853
2026-07-27 09:15:00,42.27000045776367,42.400001525878906,42.18000030517578,42.20000076293945,1249863
2026-07-27 13:15:00,42.20000076293945,42.220001220703125,42.0099983215332,42.09000015258789,4938117
2026-07-28 09:15:00,42.20000076293945,42.20000076293945,42.02000045776367,42.09000015258789,1825130
2026-07-28 13:15:00,42.09000015258789,42.119998931884766,42.0099983215332,42.040000915527344,4458458
2026-07-29 09:15:00,42.25,42.25,42.150001525878906,42.20000076293945,1305987
2026-07-29 13:15:00,42.18999862670898,42.22999954223633,42.0,42.09999847412109,4289481
2026-07-30 09:15:00,42.18000030517578,42.380001068115234,42.09999847412109,42.16999816894531,2759305
2026-07-30 13:15:00,42.16999816894531,42.27000045776367,41.709999084472656,42.119998931884766,5586880
2026-07-31 09:15:00,42.29999923706055,42.900001525878906,41.95000076293945,42.220001220703125,2891354
2026-07-31 13:15:00,42.20000076293945,42.220001220703125,41.77999877929688,42.0099983215332,6185372
2026-08-03 09:15:00,42.36000061035156,42.38999938964844,42.150001525878906,42.25,1754145
2026-08-03 13:15:00,42.25,42.25,40.79999923706055,41.9900016784668,4610713
2026-08-04 09:15:00,42.34000015258789,42.34000015258789,41.52999877929688,41.59000015258789,1724833
2026-08-04 13:15:00,41.59999847412109,41.869998931884766,40.77999877929688,41.52999877929688,3868082
2026-08-05 09:15:00,41.650001525878906,41.7599983215332,40.880001068115234,41.59999847412109,535780
2026-08-05 13:15:00,41.58000183105469,41.59999847412109,41.0,41.29999923706055,3871695
2026-08-06 09:15:00,41.41999816894531,41.41999816894531,41.02000045776367,41.06999969482422,1206523
2026-08-06 13:15:00,41.06999969482422,42.06999969482422,40.900001525878906,41.09999847412109,3373489
2026-08-07 09:15:00,41.2599983215332,41.540000915527344,41.18000030517578,41.22999954223633,1299767
2026-08-07 13:15:00,41.25,41.29999923706055,41.04999923706055,41.15999984741211,2715701
