Datetime,Open,High,Low,Close,Volume
2023-08-28 09:15:00,95.5500030517578,96.25,93.8000030517578,95.6999969482422,258654
2023-08-28 13:15:00,95.8499984741211,95.9000015258789,94.9000015258789,95.4000015258789,180163
2023-08-29 09:15:00,96.3000030517578,96.9000015258789,93.4000015258789,94.0500030517578,587260
2023-08-29 13:15:00,94.0500030517578,94.4499969482422,93.5500030517578,94.0,237014
2023-08-30 09:15:00,95.0999984741211,96.9000015258789,94.4499969482422,94.9000015258789,684065
2023-08-30 13:15:00,94.9000015258789,95.0999984741211,94.5500030517578,94.9499969482422,184484
2023-08-31 09:15:00,95.5,96.4000015258789,94.75,95.4000015258789,218032
2023-08-31 13:15:00,95.3000030517578,96.0,95.0500030517578,96.0,168030
2023-09-01 09:15:00,95.9499969482422,99.4000015258789,95.6500015258789,96.5999984741211,773055
2023-09-01 13:15:00,96.5999984741211,97.75,95.9000015258789,97.3000030517578,508710
2023-09-04 09:15:00,98.0999984741211,100.3000030517578,97.5,98.25,265731
2023-09-04 13:15:00,98.25,98.5999984741211,97.0,97.6500015258789,261123
2023-09-05 09:15:00,98.9499969482422,100.4000015258789,96.9499969482422,97.3499984741211,332301
2023-09-05 13:15:00,97.1999969482422,98.5,97.1500015258789,98.5,185851
2023-09-06 09:15:00,99.0,99.0,95.3000030517578,96.5,310594
2023-09-06 13:15:00,96.5,96.75,95.75,96.6999969482422,168439
2023-09-07 09:15:00,96.1500015258789,97.3499984741211,95.1500015258789,96.9000015258789,189390
2023-09-07 13:15:00,96.8499984741211,97.1999969482422,96.25,96.5500030517578,125863
2023-09-08 09:15:00,96.8499984741211,97.4499969482422,96.0500030517578,97.25,200678
2023-09-08 13:15:00,97.3499984741211,97.3499984741211,96.0500030517578,96.5,145100
2023-09-11 09:15:00,96.5500030517578,97.0999984741211,95.0500030517578,95.3000030517578,255011
2023-09-11 13:15:00,95.1500015258789,95.4499969482422,95.0,95.1500015258789,149675
2023-09-12 09:15:00,95.8499984741211,96.8000030517578,87.80000305175781,90.5,586706
2023-09-12 13:15:00,90.4499969482422,91.3499984741211,89.5999984741211,90.0999984741211,213387
2023-09-13 09:15:00,90.5500030517578,92.0999984741211,88.6500015258789,91.25,242554
2023-09-13 13:15:00,91.25,92.4000015258789,90.5,91.9499969482422,171143
2023-09-14 09:15:00,92.4499969482422,93.6999969482422,92.25,92.5500030517578,83390
2023-09-14 13:15:00,92.4499969482422,92.75,91.5,92.3000030517578,189867
2023-09-15 09:15:00,92.8000030517578,93.4000015258789,90.9000015258789,91.5500030517578,174668
2023-09-15 13:15:00,91.4000015258789,91.9000015258789,90.9499969482422,91.75,103291
2023-09-18 09:15:00,91.5,91.5,90.0,90.05000305175781,112424
2023-09-18 13:15:00,90.0,90.5,89.5999984741211,90.1500015258789,116769
2023-09-20 09:15:00,90.0,90.4000015258789,88.69999694824219,89.8499984741211,274991
2023-09-20 13:15:00,89.69999694824219,89.8499984741211,89.0,89.1500015258789,111511
2023-09-21 09:15:00,89.05000305175781,91.25,89.05000305175781,90.3499984741211,111946
2023-09-21 13:15:00,90.4000015258789,91.3000030517578,89.4000015258789,90.3000030517578,255327
2023-09-22 09:15:00,91.0999984741211,91.5999984741211,89.0,91.25,144156
2023-09-22 13:15:00,91.3000030517578,94.9000015258789,90.5999984741211,94.4499969482422,949731
2023-09-25 09:15:00,94.6999969482422,94.75,92.1999969482422,93.1999969482422,214315
2023-09-25 13:15:00,93.25,93.5999984741211,92.25,92.6500015258789,147633
2023-09-26 09:15:00,92.6999969482422,93.6500015258789,91.5500030517578,91.9000015258789,112872
2023-09-26 13:15:00,91.8499984741211,92.0,91.3000030517578,91.5999984741211,104119
2023-09-27 09:15:00,92.0,93.3499984741211,91.9499969482422,92.0999984741211,40839
2023-09-27 13:15:00,92.1999969482422,92.1999969482422,91.6999969482422,91.9499969482422,114028
2023-09-28 09:15:00,92.0,92.5500030517578,90.8000030517578,91.0999984741211,80344
2023-09-28 13:15:00,91.0999984741211,91.3000030517578,90.0999984741211,90.6500015258789,111677
2023-09-29 09:15:00,90.9000015258789,91.8000030517578,90.6500015258789,91.25,68719
2023-09-29 13:15:00,91.1500015258789,91.5999984741211,90.6999969482422,91.0,116169
2023-10-03 09:15:00,91.4000015258789,92.6500015258789,91.0,91.75,174392
2023-10-03 13:15:00,91.75,91.8499984741211,91.0500030517578,91.3499984741211,88741
2023-10-04 09:15:00,91.5,93.25,90.0999984741211,90.6999969482422,247490
2023-10-04 13:15:00,90.6500015258789,91.25,90.5999984741211,91.0500030517578,108816
2023-10-05 09:15:00,91.75,92.5,91.25,91.6500015258789,81531
2023-10-05 13:15:00,91.6500015258789,92.3499984741211,91.5500030517578,92.0,110963
2023-10-06 09:15:00,92.4499969482422,93.8499984741211,92.0,93.5,223194
2023-10-06 13:15:00,93.5,93.5999984741211,93.0,93.3000030517578,196421
2023-10-09 09:15:00,93.1999969482422,93.1999969482422,89.5,89.80000305175781,166539
2023-10-09 13:15:00,89.80000305175781,90.3499984741211,89.3499984741211,89.5,112165
2023-10-10 09:15:00,90.1500015258789,90.9000015258789,89.80000305175781,90.3000030517578,55850
2023-10-10 13:15:00,90.3000030517578,90.8499984741211,90.1999969482422,90.6500015258789,74147
2023-10-11 09:15:00,91.25,94.0,91.1999969482422,92.75,284338
2023-10-11 13:15:00,92.6999969482422,92.9499969482422,92.1999969482422,92.75,123048
2023-10-12 09:15:00,93.0500030517578,94.9000015258789,92.6999969482422,94.0999984741211,234425
2023-10-12 13:15:00,93.9499969482422,94.0999984741211,93.1999969482422,93.6500015258789,120761
2023-10-13 09:15:00,93.6500015258789,96.25,93.0999984741211,93.8000030517578,142024
2023-10-13 13:15:00,93.5999984741211,93.9000015258789,92.6999969482422,92.9000015258789,187110
2023-10-16 09:15:00,92.4499969482422,94.0,92.1999969482422,92.4000015258789,146729
2023-10-16 13:15:00,92.25,92.4499969482422,91.3499984741211,91.9499969482422,163024
2023-10-17 09:15:00,92.6999969482422,93.1999969482422,91.6999969482422,91.8499984741211,164121
2023-10-17 13:15:00,91.9499969482422,92.0,91.0500030517578,91.5,104267
2023-10-18 09:15:00,91.75,95.5999984741211,91.75,93.3499984741211,472671
2023-10-18 13:15:00,93.3499984741211,94.5500030517578,93.0999984741211,93.5999984741211,217744
2023-10-19 09:15:00,92.8000030517578,94.25,92.5500030517578,93.3000030517578,129471
2023-10-19 13:15:00,93.1999969482422,95.0,93.0500030517578,94.5999984741211,340635
2023-10-20 09:15:00,94.4499969482422,96.1999969482422,92.25,92.3499984741211,173239
2023-10-20 13:15:00,92.3499984741211,92.9499969482422,92.25,92.5,103506
2023-10-23 09:15:00,92.8000030517578,93.0,88.19999694824219,88.69999694824219,319482
2023-10-23 13:15:00,88.5999984741211,89.5,87.0,89.25,275241
2023-10-25 09:15:00,88.8499984741211,89.19999694824219,85.5,85.5999984741211,132292
2023-10-25 13:15:00,85.5999984741211,87.6500015258789,85.5,87.25,99193
2023-10-26 09:15:00,86.94999694824219,86.94999694824219,83.19999694824219,85.6500015258789,183992
2023-10-26 13:15:00,85.5,86.80000305175781,84.5,86.30000305175781,190114
2023-10-27 09:15:00,87.30000305175781,90.6500015258789,87.0,87.0999984741211,746722
2023-10-27 13:15:00,87.25,87.5,86.30000305175781,87.30000305175781,395626
2023-10-30 09:15:00,87.5,87.69999694824219,85.44999694824219,86.1500015258789,99120
2023-10-30 13:15:00,86.19999694824219,86.75,85.55000305175781,86.0,126684
2023-10-31 09:15:00,86.5999984741211,87.3499984741211,86.0999984741211,86.44999694824219,55875
2023-10-31 13:15:00,86.44999694824219,86.75,85.4000015258789,85.8499984741211,71287
2023-11-01 09:15:00,86.30000305175781,86.3499984741211,85.4000015258789,85.5,65784
2023-11-01 13:15:00,85.8499984741211,86.30000305175781,85.0,85.25,64550
2023-11-02 09:15:00,85.9000015258789,86.19999694824219,85.1500015258789,85.44999694824219,120515
2023-11-02 13:15:00,85.44999694824219,85.9000015258789,85.05000305175781,85.55000305175781,48592
2023-11-03 09:15:00,86.4000015258789,86.94999694824219,85.6500015258789,86.6500015258789,143456
2023-11-03 13:15:00,86.6500015258789,86.80000305175781,86.0,86.25,75455
2023-11-06 09:15:00,86.44999694824219,87.25,86.05000305175781,86.3499984741211,147193
2023-11-06 13:15:00,86.25,86.4000015258789,85.5,86.0999984741211,113453
2023-11-07 09:15:00,85.94999694824219,88.9000015258789,85.69999694824219,87.4000015258789,91676
2023-11-07 13:15:00,87.4000015258789,88.0999984741211,87.3499984741211,88.0999984741211,90778
2023-11-08 09:15:00,88.5999984741211,88.8499984741211,87.55000305175781,87.5999984741211,44025
2023-11-08 13:15:00,87.69999694824219,87.69999694824219,86.55000305175781,86.75,93582
2023-11-09 09:15:00,87.3499984741211,87.3499984741211,86.1500015258789,86.55000305175781,60077
2023-11-09 13:15:00,86.55000305175781,86.69999694824219,86.0,86.1500015258789,48611
2023-11-10 09:15:00,85.6500015258789,86.4000015258789,85.30000305175781,86.4000015258789,33202
2023-11-10 13:15:00,86.4000015258789,86.4000015258789,85.25,85.44999694824219,104052
2023-11-13 09:15:00,86.69999694824219,87.30000305175781,85.69999694824219,86.9000015258789,127324
2023-11-13 13:15:00,86.9000015258789,88.0,86.80000305175781,87.30000305175781,120569
2023-11-15 09:15:00,88.5,90.0,88.0,88.44999694824219,279355
2023-11-15 13:15:00,88.44999694824219,89.5999984741211,88.3499984741211,89.1500015258789,78852
2023-11-16 09:15:00,89.4000015258789,90.1500015258789,88.3499984741211,88.5999984741211,115529
2023-11-16 13:15:00,88.6500015258789,88.94999694824219,88.5,88.6500015258789,64141
2023-11-17 09:15:00,88.19999694824219,89.19999694824219,88.19999694824219,88.5,98729
2023-11-17 13:15:00,88.5,88.5,87.5,87.9000015258789,132287
2023-11-20 09:15:00,88.3499984741211,88.55000305175781,86.55000305175781,86.8499984741211,65300
2023-11-20 13:15:00,86.94999694824219,87.0,86.44999694824219,86.69999694824219,74238
2023-11-21 09:15:00,87.55000305175781,87.69999694824219,86.30000305175781,86.55000305175781,68765
2023-11-21 13:15:00,86.5999984741211,86.75,85.9000015258789,86.0999984741211,89583
2023-11-22 09:15:00,86.0999984741211,87.0,85.94999694824219,86.75,69346
2023-11-22 13:15:00,86.75,88.19999694824219,86.6500015258789,87.44999694824219,174644
2023-11-23 09:15:00,87.44999694824219,87.94999694824219,86.55000305175781,87.30000305175781,81351
2023-11-23 13:15:00,87.1500015258789,87.5999984741211,87.0,87.1500015258789,43970
2023-11-24 09:15:00,87.1500015258789,88.3499984741211,86.9000015258789,87.30000305175781,35816
2023-11-24 13:15:00,87.25,87.75,86.5,87.25,70327
2023-11-28 09:15:00,86.55000305175781,88.25,86.55000305175781,87.3499984741211,109984
2023-11-28 13:15:00,87.3499984741211,87.75,86.80000305175781,87.0,95959
2023-11-29 09:15:00,87.69999694824219,88.30000305175781,87.30000305175781,87.80000305175781,159104
2023-11-29 13:15:00,87.80000305175781,87.94999694824219,87.5,87.5999984741211,50965
2023-11-30 09:15:00,88.05000305175781,90.5,86.69999694824219,88.80000305175781,383013
2023-11-30 13:15:00,89.0,90.0999984741211,88.55000305175781,89.4000015258789,267870
2023-12-01 09:15:00,90.3499984741211,91.5500030517578,90.25,90.6500015258789,89030
2023-12-01 13:15:00,90.75,90.8499984741211,90.25,90.5,96969
2023-12-04 09:15:00,91.75,92.0500030517578,90.6999969482422,91.3499984741211,101211
2023-12-04 13:15:00,91.4000015258789,91.5999984741211,91.0500030517578,91.1999969482422,76775
2023-12-05 09:15:00,91.1500015258789,91.5999984741211,88.69999694824219,89.69999694824219,162273
2023-12-05 13:15:00,89.69999694824219,90.1999969482422,89.55000305175781,89.8499984741211,104915
2023-12-06 09:15:00,90.3000030517578,90.4000015258789,89.0,89.4000015258789,116580
2023-12-06 13:15:00,89.25,89.80000305175781,88.9000015258789,89.0999984741211,105759
2023-12-07 09:15:00,89.19999694824219,90.4499969482422,88.6500015258789,89.25,151511
2023-12-07 13:15:00,89.4000015258789,89.6500015258789,89.05000305175781,89.25,114193
2023-12-08 09:15:00,89.94999694824219,91.3499984741211,89.25,89.44999694824219,114543
2023-12-08 13:15:00,89.44999694824219,90.1999969482422,89.0999984741211,90.0,97966
2023-12-11 09:15:00,90.4000015258789,90.75,89.9000015258789,90.05000305175781,114370
2023-12-11 13:15:00,90.1500015258789,90.4499969482422,89.6500015258789,90.3000030517578,132467
2023-12-12 09:15:00,90.3000030517578,95.0,89.6500015258789,93.1500015258789,1298474
2023-12-12 13:15:00,93.25,96.1999969482422,93.0999984741211,95.0,1501489
2023-12-13 09:15:00,95.5999984741211,96.25,94.0999984741211,94.8000030517578,228485
2023-12-13 13:15:00,94.8000030517578,95.4000015258789,93.8000030517578,94.5,367740
2023-12-14 09:15:00,95.5,95.5500030517578,92.8499984741211,93.0500030517578,507936
2023-12-14 13:15:00,93.1500015258789,94.5,92.9499969482422,94.5,280262
2023-12-15 09:15:00,94.5999984741211,95.25,92.1500015258789,92.8499984741211,446375
2023-12-15 13:15:00,92.8499984741211,92.9499969482422,92.3000030517578,92.6500015258789,170550
2023-12-18 09:15:00,93.0,94.9499969482422,92.0,93.9499969482422,352104
2023-12-18 13:15:00,93.9499969482422,94.6999969482422,93.8000030517578,94.1500015258789,154601
2023-12-19 09:15:00,94.8499984741211,98.3000030517578,94.3499984741211,96.8000030517578,1478022
2023-12-19 13:15:00,96.9000015258789,96.9000015258789,95.1999969482422,95.4000015258789,443501
2023-12-20 09:15:00,96.0,97.9000015258789,94.5,95.4000015258789,1120631
2023-12-20 13:15:00,95.3499984741211,95.4000015258789,89.30000305175781,89.80000305175781,773304
2023-12-21 09:15:00,89.0999984741211,92.4000015258789,88.5999984741211,91.75,217142
2023-12-21 13:15:00,91.75,92.5,91.0999984741211,92.1500015258789,99073
2023-12-22 09:15:00,93.25,94.0999984741211,91.6500015258789,91.8499984741211,225025
2023-12-22 13:15:00,91.8000030517578,92.4499969482422,91.0,92.4499969482422,152066
2023-12-26 09:15:00,92.3000030517578,92.8499984741211,92.0500030517578,92.5500030517578,115920
2023-12-26 13:15:00,92.5500030517578,92.75,92.3499984741211,92.6500015258789,81560
2023-12-27 09:15:00,93.8000030517578,97.0999984741211,93.8000030517578,94.3499984741211,741642
2023-12-27 13:15:00,94.25,94.9499969482422,93.8499984741211,94.3499984741211,226724
2023-12-28 09:15:00,95.0,96.4000015258789,93.8000030517578,95.6999969482422,343245
2023-12-28 13:15:00,95.8000030517578,96.8000030517578,95.1500015258789,95.3499984741211,356715
2023-12-29 09:15:00,95.75,95.75,93.5,93.8000030517578,229135
2023-12-29 13:15:00,93.9000015258789,94.25,93.3000030517578,93.75,161901
2024-01-01 09:15:00,94.25,99.9499969482422,93.9499969482422,99.0999984741211,973491
2024-01-01 13:15:00,99.0999984741211,99.9000015258789,97.5999984741211,98.0,819328
2024-01-02 09:15:00,98.6999969482422,101.8000030517578,96.5,98.4000015258789,480689
2024-01-02 13:15:00,98.3000030517578,100.3000030517578,98.25,98.9499969482422,488735
2024-01-03 09:15:00,99.0500030517578,99.3000030517578,97.1999969482422,97.6500015258789,200619
2024-01-03 13:15:00,97.6999969482422,98.0,97.0,97.1999969482422,152635
2024-01-04 09:15:00,97.9499969482422,99.25,97.1500015258789,98.5500030517578,267750
2024-01-04 13:15:00,98.3499984741211,99.3499984741211,97.5,98.3000030517578,221378
2024-01-05 09:15:00,98.5,99.0,95.75,96.9000015258789,331473
2024-01-05 13:15:00,96.9000015258789,97.0,95.75,97.0,172329
2024-01-08 09:15:00,97.0500030517578,103.4000015258789,97.0500030517578,102.5999984741211,2088132
2024-01-08 13:15:00,102.5999984741211,102.5999984741211,100.3000030517578,101.9499969482422,792597
2024-01-09 09:15:00,105.0,106.0500030517578,101.9499969482422,104.0999984741211,1008656
2024-01-09 13:15:00,104.0999984741211,105.6999969482422,103.0,105.5,844477
2024-01-10 09:15:00,104.9499969482422,106.4000015258789,101.6999969482422,102.6999969482422,630385
2024-01-10 13:15:00,102.6999969482422,103.8000030517578,102.25,103.6500015258789,287858
2024-01-11 09:15:00,105.5,107.9000015258789,103.3499984741211,104.1500015258789,436698
2024-01-11 13:15:00,104.0999984741211,104.6999969482422,103.1999969482422,103.5999984741211,310221
2024-01-12 09:15:00,104.0,106.3499984741211,102.1999969482422,105.6999969482422,731141
2024-01-12 13:15:00,105.5500030517578,110.1999969482422,105.5500030517578,107.0,1933288
2024-01-15 09:15:00,108.0500030517578,111.9000015258789,106.8499984741211,111.0,1644047
2024-01-15 13:15:00,111.0,111.0999984741211,109.1500015258789,110.0,579236
2024-01-16 09:15:00,110.0999984741211,110.6500015258789,103.3000030517578,103.75,592756
2024-01-16 13:15:00,104.0999984741211,106.9499969482422,103.5999984741211,106.8000030517578,521890
2024-01-17 09:15:00,105.9499969482422,107.5,104.1500015258789,105.0,283145
2024-01-17 13:15:00,105.0,105.9000015258789,103.9499969482422,105.5,343910
2024-01-18 09:15:00,104.6500015258789,114.5,101.5,113.75,3501707
2024-01-18 13:15:00,113.75,114.0,111.1500015258789,113.9000015258789,2068781
2024-01-19 09:15:00,114.9000015258789,123.6500015258789,114.9000015258789,117.3499984741211,7203819
2024-01-19 13:15:00,117.0999984741211,117.3000030517578,113.25,113.8000030517578,2942127
2024-01-23 09:15:00,118.5,119.0,115.0,116.4000015258789,1472289
2024-01-23 13:15:00,116.1999969482422,117.0999984741211,115.0,116.4000015258789,748317
2024-01-24 09:15:00,116.3499984741211,117.5999984741211,114.0500030517578,115.25,476774
2024-01-24 13:15:00,115.1999969482422,116.6999969482422,114.8000030517578,116.0999984741211,363915
2024-01-25 09:15:00,117.1500015258789,117.6500015258789,114.0999984741211,114.4499969482422,468046
2024-01-25 13:15:00,114.4499969482422,118.4000015258789,114.0500030517578,118.0500030517578,751212
2024-01-29 09:15:00,118.5,119.0,115.5500030517578,116.9499969482422,443209
2024-01-29 13:15:00,117.0,117.0,115.75,116.1500015258789,347902
2024-01-30 09:15:00,117.4000015258789,118.5,115.1999969482422,116.1999969482422,291117
2024-01-30 13:15:00,116.0999984741211,116.75,115.3000030517578,116.0500030517578,253172
2024-01-31 09:15:00,116.5,117.8499984741211,115.0999984741211,115.8000030517578,632658
2024-01-31 13:15:00,116.0,116.4000015258789,115.1999969482422,115.9000015258789,277253
2024-02-01 09:15:00,117.25,118.9000015258789,116.5,117.8499984741211,577105
2024-02-01 13:15:00,118.0,118.5,116.3499984741211,116.6999969482422,305425
2024-02-02 09:15:00,117.5,117.9499969482422,115.3000030517578,115.8000030517578,533237
2024-02-02 13:15:00,115.5500030517578,117.1500015258789,115.3000030517578,117.1500015258789,214004
2024-02-05 09:15:00,117.75,117.8000030517578,115.0,115.3000030517578,247292
2024-02-05 13:15:00,115.5,115.5,113.5999984741211,114.1999969482422,364958
2024-02-06 09:15:00,114.9000015258789,115.1500015258789,111.9000015258789,113.0500030517578,264165
2024-02-06 13:15:00,112.8499984741211,113.9000015258789,112.8000030517578,113.4499969482422,148931
2024-02-07 09:15:00,114.75,117.5999984741211,112.4000015258789,116.9499969482422,687756
2024-02-07 13:15:00,116.9000015258789,117.0,115.4000015258789,116.0999984741211,356117
2024-02-08 09:15:00,116.9499969482422,116.9499969482422,114.3000030517578,114.5500030517578,275895
2024-02-08 13:15:00,114.4000015258789,114.9499969482422,113.5500030517578,114.0999984741211,225974
2024-02-09 09:15:00,115.0,115.5500030517578,109.6999969482422,112.6999969482422,477530
2024-02-09 13:15:00,112.75,114.5500030517578,111.5,112.8499984741211,223617
2024-02-12 09:15:00,113.9000015258789,114.0500030517578,109.9499969482422,110.75,275871
2024-02-12 13:15:00,110.9000015258789,112.0999984741211,110.0500030517578,110.5,185502
2024-02-13 09:15:00,109.25,110.25,106.75,108.5999984741211,163570
2024-02-13 13:15:00,108.6500015258789,110.8000030517578,108.3499984741211,110.1999969482422,129793
2024-02-14 09:15:00,109.6500015258789,110.75,107.9000015258789,110.25,245378
2024-02-14 13:15:00,110.5,110.9000015258789,108.9000015258789,109.4499969482422,277505
2024-02-15 09:15:00,109.9499969482422,112.4000015258789,109.9499969482422,111.1999969482422,151226
2024-02-15 13:15:00,111.25,111.4499969482422,111.0,111.4000015258789,77139
2024-02-16 09:15:00,112.0,112.9000015258789,110.5999984741211,112.1999969482422,197130
2024-02-16 13:15:00,112.1999969482422,112.3499984741211,111.0999984741211,111.4499969482422,119930
2024-02-19 09:15:00,112.0500030517578,113.5999984741211,111.6999969482422,113.3499984741211,113615
2024-02-19 13:15:00,113.3499984741211,113.5,112.9499969482422,113.25,113840
2024-02-20 09:15:00,113.5,114.4000015258789,111.5500030517578,111.8000030517578,103197
2024-02-20 13:15:00,111.9000015258789,114.25,111.1999969482422,113.1500015258789,128146
2024-02-21 09:15:00,113.1500015258789,113.5,110.6500015258789,111.0,227131
2024-02-21 13:15:00,111.0,112.1999969482422,109.1500015258789,109.8499984741211,260606
2024-02-22 09:15:00,109.9499969482422,110.6999969482422,108.4000015258789,108.8499984741211,107875
2024-02-22 13:15:00,109.0,109.9499969482422,108.8000030517578,109.0,83878
2024-02-23 09:15:00,110.0,110.4000015258789,108.4499969482422,108.5999984741211,146432
2024-02-23 13:15:00,108.5500030517578,108.75,107.9000015258789,108.6999969482422,165178
2024-02-26 09:15:00,109.0,109.3499984741211,107.0500030517578,107.3499984741211,124939
2024-02-26 13:15:00,107.3499984741211,107.6999969482422,106.9000015258789,107.1500015258789,164364
2024-02-27 09:15:00,107.3499984741211,108.4000015258789,107.0,107.3000030517578,97936
2024-02-27 13:15:00,107.4000015258789,107.5500030517578,105.5999984741211,106.5999984741211,162047
2024-02-28 09:15:00,107.1999969482422,107.4000015258789,103.5999984741211,103.9499969482422,190332
2024-02-28 13:15:00,104.0,104.75,103.5500030517578,104.0999984741211,118119
2024-02-29 09:15:00,104.6999969482422,104.75,102.6999969482422,103.5,144988
2024-02-29 13:15:00,103.6500015258789,104.0500030517578,103.0,103.3499984741211,144986
2024-03-01 09:15:00,103.9000015258789,106.9499969482422,103.9000015258789,106.0,136761
2024-03-01 13:15:00,105.8000030517578,107.0,105.4499969482422,106.1999969482422,86007
2024-03-04 09:15:00,108.0999984741211,108.1999969482422,104.8000030517578,106.25,145999
2024-03-04 13:15:00,106.0500030517578,106.6500015258789,104.6999969482422,105.5999984741211,107122
2024-03-05 09:15:00,105.75,106.5,104.5,105.5,85519
2024-03-05 13:15:00,105.3000030517578,105.5,104.5500030517578,104.75,76596
2024-03-06 09:15:00,104.5999984741211,104.5999984741211,100.5,101.6500015258789,161986
2024-03-06 13:15:00,101.6500015258789,102.5,101.3499984741211,102.25,82789
2024-03-07 09:15:00,102.8000030517578,103.75,101.8499984741211,102.1999969482422,94876
2024-03-07 13:15:00,102.1999969482422,102.4499969482422,101.8000030517578,102.0,70135
2024-03-11 09:15:00,106.3000030517578,110.9499969482422,104.5,105.5500030517578,823268
2024-03-11 13:15:00,105.6999969482422,107.0999984741211,104.5,105.0,635231
2024-03-12 09:15:00,105.5,106.5,100.5,101.0,278233
2024-03-12 13:15:00,101.3000030517578,102.5500030517578,100.9499969482422,101.5500030517578,173104
2024-03-13 09:15:00,101.5999984741211,102.75,96.0500030517578,97.75,455717
2024-03-13 13:15:00,97.75,98.25,93.5,95.3000030517578,295868
2024-03-14 09:15:00,93.6500015258789,100.3000030517578,93.6500015258789,98.9000015258789,170877
2024-03-14 13:15:00,98.8499984741211,100.3000030517578,97.9499969482422,99.8000030517578,153706
2024-03-15 09:15:00,101.6500015258789,103.1999969482422,98.0999984741211,98.9000015258789,178241
2024-03-15 13:15:00,98.8499984741211,102.1999969482422,98.5999984741211,99.9499969482422,191477
2024-03-18 09:15:00,100.9499969482422,100.9499969482422,98.3499984741211,98.75,72999
2024-03-18 13:15:00,98.75,99.4499969482422,98.0999984741211,98.6500015258789,115942
2024-03-19 09:15:00,98.5500030517578,99.0,96.3499984741211,97.0999984741211,94695
2024-03-19 13:15:00,97.1500015258789,97.4000015258789,96.5500030517578,97.4000015258789,68274
2024-03-20 09:15:00,97.5,98.1999969482422,95.0500030517578,96.0,161746
2024-03-20 13:15:00,96.0,96.0500030517578,95.5,96.0,76889
2024-03-21 09:15:00,97.0500030517578,99.3499984741211,96.9499969482422,98.8000030517578,102856
2024-03-21 13:15:00,98.6500015258789,98.9000015258789,98.1999969482422,98.5999984741211,83287
2024-03-22 09:15:00,98.1500015258789,99.8000030517578,97.8000030517578,99.5999984741211,114132
2024-03-22 13:15:00,99.6999969482422,99.6999969482422,97.6500015258789,98.1500015258789,219051
2024-03-26 09:15:00,98.3499984741211,98.6500015258789,96.1999969482422,97.25,168209
2024-03-26 13:15:00,97.0999984741211,97.8000030517578,96.5,97.0,124396
2024-03-27 09:15:00,97.0500030517578,98.8000030517578,96.25,98.4499969482422,387074
2024-03-27 13:15:00,99.1500015258789,99.5500030517578,97.8000030517578,98.3499984741211,281995
2024-03-28 09:15:00,98.25,99.5,97.5999984741211,98.0,127863
2024-03-28 13:15:00,98.3000030517578,98.3000030517578,97.0,97.1999969482422,125587
2024-04-01 09:15:00,99.0,101.6999969482422,99.0,101.3499984741211,133647
2024-04-01 13:15:00,101.5,103.4000015258789,101.4000015258789,103.4000015258789,204972
2024-04-02 09:15:00,102.9000015258789,104.3499984741211,102.4499969482422,103.8499984741211,118255
2024-04-02 13:15:00,103.8499984741211,107.5,102.4000015258789,106.0,574677
2024-04-03 09:15:00,106.0,106.8499984741211,104.8000030517578,106.0999984741211,159588
2024-04-03 13:15:00,106.0999984741211,106.4499969482422,104.9499969482422,105.0,274057
2024-04-04 09:15:00,106.6999969482422,107.5,104.3000030517578,106.1999969482422,301497
2024-04-04 13:15:00,106.1999969482422,107.0,105.5500030517578,106.3000030517578,134772
2024-04-05 09:15:00,105.9499969482422,109.4499969482422,105.4000015258789,108.75,393161
2024-04-05 13:15:00,108.6999969482422,114.9000015258789,108.4000015258789,113.5999984741211,1490225
2024-04-08 09:15:00,114.5500030517578,114.6999969482422,111.5999984741211,112.8000030517578,315090
2024-04-08 13:15:00,112.3000030517578,112.8499984741211,112.0,112.5,159085
2024-04-09 09:15:00,112.3000030517578,113.6999969482422,110.6500015258789,112.1500015258789,213321
2024-04-09 13:15:00,111.9000015258789,114.6500015258789,111.0500030517578,114.5,352829
2024-04-10 09:15:00,114.5999984741211,117.5500030517578,114.0,115.3000030517578,643287
2024-04-10 13:15:00,115.4499969482422,118.4000015258789,114.9000015258789,117.5,745331
2024-04-12 09:15:00,117.0,117.0,114.0,114.5,172819
2024-04-12 13:15:00,114.5,118.8499984741211,114.3499984741211,116.1999969482422,581626
2024-04-15 09:15:00,113.5,114.1999969482422,108.8499984741211,113.1999969482422,265691
2024-04-15 13:15:00,113.1999969482422,113.3000030517578,111.3499984741211,111.9000015258789,167002
2024-04-16 09:15:00,110.4499969482422,113.4499969482422,110.25,111.8000030517578,114463
2024-04-16 13:15:00,111.75,112.6999969482422,111.3499984741211,112.1999969482422,86171
2024-04-18 09:15:00,113.5,115.8000030517578,113.5,114.3499984741211,206958
2024-04-18 13:15:00,114.4000015258789,114.5,111.5,112.0999984741211,213749
2024-04-19 09:15:00,108.9000015258789,113.0500030517578,108.5999984741211,112.4000015258789,208401
2024-04-19 13:15:00,112.5500030517578,113.5,111.6999969482422,112.4000015258789,204207
2024-04-22 09:15:00,114.0,115.4499969482422,112.4499969482422,114.5999984741211,158586
2024-04-22 13:15:00,114.5999984741211,114.8000030517578,112.5999984741211,113.0999984741211,196632
2024-04-23 09:15:00,113.1999969482422,114.8000030517578,112.6500015258789,113.9000015258789,121851
2024-04-23 13:15:00,113.75,115.0500030517578,113.0999984741211,113.8000030517578,327306
2024-04-24 09:15:00,114.8000030517578,117.4499969482422,113.6999969482422,114.4000015258789,352953
2024-04-24 13:15:00,114.1500015258789,115.9000015258789,114.0,115.25,168272
2024-04-25 09:15:00,115.8499984741211,118.6999969482422,113.6999969482422,113.8000030517578,737714
2024-04-25 13:15:00,113.8000030517578,113.8000030517578,110.5500030517578,112.6500015258789,743069
2024-04-26 09:15:00,114.4499969482422,114.4499969482422,111.0,112.3499984741211,170734
2024-04-26 13:15:00,112.3499984741211,112.4499969482422,111.0500030517578,111.4499969482422,199464
2024-04-29 09:15:00,116.3499984741211,116.3499984741211,113.0,114.5,2776578
2024-04-29 13:15:00,114.5,115.3000030517578,113.6500015258789,114.1999969482422,956200
2024-04-30 09:15:00,115.0,115.0,111.5,111.75,362685
2024-04-30 13:15:00,111.75,112.75,111.0,111.3000030517578,298858
2024-05-02 09:15:00,112.6500015258789,115.5,110.8000030517578,113.4499969482422,1334401
2024-05-02 13:15:00,113.4499969482422,113.9499969482422,113.25,113.75,485227
2024-05-03 09:15:00,114.9499969482422,114.9499969482422,112.6999969482422,113.25,269147
2024-05-03 13:15:00,113.1999969482422,113.75,112.5,113.4499969482422,208831
2024-05-06 09:15:00,114.5,114.6999969482422,110.5,111.8000030517578,198614
2024-05-06 13:15:00,111.8000030517578,112.0,111.3000030517578,112.0,116651
2024-05-07 09:15:00,112.0,112.5,108.1500015258789,108.5,316708
2024-05-07 13:15:00,108.5,110.0,108.1999969482422,109.4499969482422,173476
2024-05-08 09:15:00,108.4000015258789,110.5,108.0500030517578,109.8000030517578,65040
2024-05-08 13:15:00,109.9499969482422,110.0,108.4499969482422,108.8000030517578,138528
2024-05-09 09:15:00,109.0,109.3499984741211,106.0500030517578,106.3000030517578,116620
2024-05-09 13:15:00,106.0500030517578,106.4000015258789,105.0,106.0,139650
2024-05-10 09:15:00,105.8000030517578,105.9000015258789,103.0500030517578,103.5,195829
2024-05-10 13:15:00,103.5,105.5,103.25,105.5,99955
2024-05-13 09:15:00,104.9000015258789,104.9000015258789,102.0999984741211,103.5999984741211,151886
2024-05-13 13:15:00,103.5999984741211,104.1500015258789,102.8000030517578,104.0500030517578,122938
2024-05-14 09:15:00,103.6500015258789,105.75,103.4499969482422,105.4000015258789,127686
2024-05-14 13:15:00,105.4000015258789,106.3499984741211,105.3000030517578,106.0999984741211,113778
2024-05-15 09:15:00,107.0,107.3000030517578,105.75,106.5,76234
2024-05-15 13:15:00,106.5,107.5,106.25,107.5,71646
2024-05-16 09:15:00,108.0,108.0,106.6500015258789,107.25,106796
2024-05-16 13:15:00,107.1999969482422,107.3000030517578,106.4000015258789,107.1999969482422,83823
2024-05-17 09:15:00,106.8000030517578,107.0500030517578,105.9499969482422,106.25,170929
2024-05-17 13:15:00,106.3499984741211,107.0999984741211,106.0,106.8000030517578,141537
2024-05-21 09:15:00,107.8499984741211,107.8499984741211,106.4000015258789,107.0,113292
2024-05-21 13:15:00,107.0,107.4000015258789,106.5500030517578,107.4000015258789,90561
2024-05-22 09:15:00,106.9499969482422,107.4499969482422,104.6999969482422,106.0999984741211,119333
2024-05-22 13:15:00,105.9000015258789,106.1999969482422,105.1500015258789,105.8000030517578,104170
2024-05-23 09:15:00,105.4499969482422,106.5,105.3000030517578,106.0,87386
2024-05-23 13:15:00,106.0,106.1999969482422,105.5500030517578,106.0500030517578,80433
2024-05-24 09:15:00,106.0,106.4000015258789,105.5,105.6999969482422,95577
2024-05-24 13:15:00,105.75,106.0999984741211,105.5,106.0,88944
2024-05-27 09:15:00,105.9499969482422,106.3000030517578,105.0,105.25,58720
2024-05-27 13:15:00,105.1999969482422,105.6500015258789,105.0,105.5,94491
2024-05-28 09:15:00,105.5,105.5999984741211,104.3000030517578,104.4000015258789,101307
2024-05-28 13:15:00,104.5500030517578,110.8000030517578,104.5500030517578,110.6999969482422,1672353
2024-05-29 09:15:00,109.5500030517578,112.5,108.4499969482422,110.8499984741211,210052
2024-05-29 13:15:00,110.9499969482422,111.0,108.4000015258789,108.9499969482422,183071
2024-05-30 09:15:00,108.0,108.5,105.6999969482422,105.8499984741211,115842
2024-05-30 13:15:00,105.8499984741211,105.9499969482422,104.5,104.8000030517578,215554
2024-05-31 09:15:00,105.25,105.25,103.4000015258789,104.0,234907
2024-05-31 13:15:00,104.0,104.8000030517578,103.5,103.6999969482422,166116
2024-06-03 09:15:00,106.5,106.5,104.3000030517578,105.25,167220
2024-06-03 13:15:00,105.25,105.9499969482422,105.0,105.5500030517578,173646
2024-06-04 09:15:00,105.0,105.0999984741211,95.1999969482422,101.1500015258789,438131
2024-06-04 13:15:00,101.25,103.8499984741211,99.3499984741211,100.1500015258789,161688
2024-06-05 09:15:00,100.6999969482422,107.0999984741211,98.3000030517578,103.3499984741211,815656
2024-06-05 13:15:00,103.25,104.4499969482422,101.5999984741211,102.5,229085
2024-06-06 09:15:00,104.3000030517578,105.5999984741211,103.5999984741211,104.5999984741211,157357
2024-06-06 13:15:00,104.4000015258789,105.4000015258789,104.1500015258789,105.3000030517578,79200
2024-06-07 09:15:00,105.25,106.0999984741211,104.5,105.6999969482422,121621
2024-06-07 13:15:00,105.6999969482422,106.75,105.1500015258789,106.75,157002
2024-06-10 09:15:00,106.4000015258789,111.1999969482422,106.4000015258789,109.3000030517578,578823
2024-06-10 13:15:00,109.3000030517578,110.0199966430664,108.56999969482422,108.98999786376952,194629
2024-06-11 09:15:00,109.94000244140624,110.5999984741211,108.6500015258789,109.6500015258789,192737
2024-06-11 13:15:00,109.75,110.0,109.0,109.48999786376952,96165
2024-06-12 09:15:00,109.1999969482422,114.2300033569336,109.1999969482422,110.72000122070312,348061
2024-06-12 13:15:00,110.62000274658205,112.48999786376952,110.0500030517578,111.23999786376952,444089
2024-06-13 09:15:00,112.5999984741211,113.0,110.8000030517578,110.8000030517578,485305
2024-06-13 13:15:00,110.93000030517578,111.0,110.0999984741211,110.5,248942
2024-06-14 09:15:00,112.63999938964844,113.98999786376952,112.51000213623048,112.9000015258789,785157
2024-06-14 13:15:00,112.9000015258789,112.9499969482422,111.3000030517578,111.9800033569336,501968
2024-06-18 09:15:00,112.8499984741211,112.8499984741211,110.5,110.98999786376952,151895
2024-06-18 13:15:00,110.9000015258789,110.9499969482422,110.5,110.66000366210938,143094
2024-06-19 09:15:00,110.83999633789062,111.25,109.0999984741211,110.33000183105467,143453
2024-06-19 13:15:00,110.16999816894533,110.6500015258789,109.4499969482422,109.68000030517578,114896
2024-06-20 09:15:00,110.6999969482422,112.3499984741211,109.2300033569336,110.83999633789062,367414
2024-06-20 13:15:00,110.98999786376952,111.30999755859376,110.5,110.76000213623048,172717
2024-06-21 09:15:00,111.5,111.5,109.3499984741211,109.8000030517578,181038
2024-06-21 13:15:00,109.66000366210938,110.4000015258789,109.37999725341795,109.75,88939
2024-06-24 09:15:00,109.5,110.1500015258789,108.4000015258789,109.37000274658205,134675
2024-06-24 13:15:00,109.47000122070312,110.0,109.16000366210938,109.9000015258789,112819
2024-06-25 09:15:00,111.0,113.6500015258789,110.3000030517578,110.5,672418
2024-06-25 13:15:00,110.41000366210938,110.83999633789062,110.0,110.25,175279
2024-06-26 09:15:00,110.72000122070312,113.86000061035156,109.48999786376952,111.58000183105467,1488990
2024-06-26 13:15:00,111.68000030517578,112.41000366210938,110.56999969482422,111.25,516252
2024-06-27 09:15:00,113.0,117.0,112.01000213623048,112.3000030517578,1065371
2024-06-27 13:15:00,112.31999969482422,112.38999938964844,111.08000183105467,111.75,968098
2024-06-28 09:15:00,112.6999969482422,112.9800033569336,111.0500030517578,111.4800033569336,241705
2024-06-28 13:15:00,111.47000122070312,112.0,111.26000213623048,111.41000366210938,242357
2024-07-01 09:15:00,112.3000030517578,112.48999786376952,110.54000091552734,112.08000183105467,322222
2024-07-01 13:15:00,112.01000213623048,115.4000015258789,111.86000061035156,113.81999969482422,956035
2024-07-02 09:15:00,114.75,115.48999786376952,113.1500015258789,114.37999725341795,446540
2024-07-02 13:15:00,114.37999725341795,114.5,113.61000061035156,113.9499969482422,324323
2024-07-03 09:15:00,114.94000244140624,114.94000244140624,113.8000030517578,113.9000015258789,212045
2024-07-03 13:15:00,113.97000122070312,114.0,113.1999969482422,113.58000183105467,102780
2024-07-04 09:15:00,114.5,117.73999786376952,111.04000091552734,112.63999938964844,2743908
2024-07-04 13:15:00,112.61000061035156,113.4800033569336,112.05999755859376,113.1999969482422,409170
2024-07-05 09:15:00,112.91000366210938,113.6999969482422,111.6500015258789,113.38999938964844,308253
2024-07-05 13:15:00,113.37999725341795,114.48999786376952,113.0,114.0,452496
2024-07-08 09:15:00,114.9499969482422,117.0,113.75,115.80999755859376,718000
2024-07-08 13:15:00,115.66000366210938,115.9000015258789,114.61000061035156,115.1500015258789,417993
2024-07-09 09:15:00,115.5,117.26000213623048,114.62000274658205,115.0,242027
2024-07-09 13:15:00,115.0,115.13999938964844,112.4499969482422,114.4000015258789,487793
2024-07-10 09:15:00,115.8499984741211,115.8499984741211,111.08999633789062,112.91000366210938,627829
2024-07-10 13:15:00,112.91000366210938,113.5,112.4000015258789,112.91000366210938,119426
2024-07-11 09:15:00,114.0,115.37999725341795,112.9499969482422,114.62999725341795,437762
2024-07-11 13:15:00,114.61000061035156,114.7300033569336,113.5500030517578,113.97000122070312,98584
2024-07-12 09:15:00,114.3499984741211,114.76000213623048,112.48999786376952,112.91000366210938,354093
2024-07-12 13:15:00,112.91000366210938,113.5,112.6999969482422,112.94000244140624,182866
2024-07-15 09:15:00,113.9800033569336,116.9800033569336,112.97000122070312,115.3499984741211,1040511
2024-07-15 13:15:00,115.37000274658205,115.48999786376952,114.4000015258789,114.9499969482422,175087
2024-07-16 09:15:00,115.44000244140624,118.48999786376952,115.43000030517578,115.51000213623048,1291964
2024-07-16 13:15:00,115.5999984741211,115.61000061035156,114.0500030517578,115.5,539615
2024-07-18 09:15:00,115.4000015258789,116.41000366210938,113.5,114.0,333464
2024-07-18 13:15:00,114.0,114.88999938964844,113.8000030517578,114.1999969482422,278467
2024-07-19 09:15:00,109.23999786376952,111.33999633789062,106.61000061035156,107.30999755859376,1007563
2024-07-19 13:15:00,107.37999725341795,108.12000274658205,107.0999984741211,107.95999908447266,279396
2024-07-22 09:15:00,106.0,109.31999969482422,104.5,108.73999786376952,197310
2024-07-22 13:15:00,108.48999786376952,109.13999938964844,108.48999786376952,109.0999984741211,119753
2024-07-23 09:15:00,109.0999984741211,110.04000091552734,103.25,106.5500030517578,502786
2024-07-23 13:15:00,106.54000091552734,107.6999969482422,105.58000183105467,107.6500015258789,253845
2024-07-24 09:15:00,107.5,109.0,107.4000015258789,108.13999938964844,105472
2024-07-24 13:15:00,108.1999969482422,108.62000274658205,106.68000030517578,107.81999969482422,243389
2024-07-25 09:15:00,106.4000015258789,109.30999755859376,106.4000015258789,108.5,135479
2024-07-25 13:15:00,108.5,109.19000244140624,107.16000366210938,109.0,167185
2024-07-26 09:15:00,108.98999786376952,109.13999938964844,108.0,108.5,239411
2024-07-26 13:15:00,108.5199966430664,109.9000015258789,108.13999938964844,109.08999633789062,241422
2024-07-29 09:15:00,105.62999725341795,105.62999725341795,103.22000122070312,104.01000213623048,1126939
2024-07-29 13:15:00,104.01000213623048,104.43000030517578,103.5,103.8499984741211,414158
2024-07-30 09:15:00,104.3000030517578,104.47000122070312,103.51000213623048,103.79000091552734,379442
2024-07-30 13:15:00,103.79000091552734,104.30999755859376,103.48999786376952,103.8000030517578,226812
2024-07-31 09:15:00,104.0,104.4000015258789,103.11000061035156,103.6999969482422,348350
2024-07-31 13:15:00,103.87000274658205,104.25,103.3499984741211,104.0500030517578,193717
2024-08-01 09:15:00,104.0,104.47000122070312,102.5,102.62999725341795,206821
2024-08-01 13:15:00,102.69000244140624,103.4499969482422,102.1999969482422,103.4499969482422,174789
2024-08-02 09:15:00,100.98999786376952,103.23999786376952,100.61000061035156,102.9499969482422,267748
2024-08-02 13:15:00,102.76000213623048,103.55999755859376,102.5,103.5,138448
2024-08-05 09:15:00,101.5,101.5,98.4000015258789,98.93000030517578,387999
2024-08-05 13:15:00,98.93000030517578,99.3000030517578,98.5,98.98999786376952,164808
2024-08-06 09:15:00,99.6999969482422,100.79000091552734,98.1999969482422,98.81999969482422,151629
2024-08-06 13:15:00,98.69000244140624,98.86000061035156,98.1999969482422,98.62000274658205,77291
2024-08-07 09:15:00,99.62999725341795,99.91000366210938,98.3499984741211,98.83000183105467,166799
2024-08-07 13:15:00,98.83000183105467,99.5,98.6999969482422,99.4000015258789,86793
2024-08-08 09:15:00,99.58999633789062,99.58999633789062,96.76000213623048,97.25,295481
2024-08-08 13:15:00,97.1999969482422,97.95999908447266,97.1999969482422,97.45999908447266,114888
2024-08-09 09:15:00,98.6999969482422,100.18000030517578,97.75,99.38999938964844,215026
2024-08-09 13:15:00,99.2699966430664,99.83000183105467,99.23999786376952,99.4800033569336,89396
2024-08-12 09:15:00,99.3000030517578,99.3000030517578,97.9000015258789,98.45999908447266,77240
2024-08-12 13:15:00,98.45999908447266,99.19000244140624,98.01000213623048,98.18000030517578,102770
2024-08-13 09:15:00,98.18000030517578,98.66999816894533,97.3499984741211,97.36000061035156,82097
2024-08-13 13:15:00,97.5,97.5,95.4800033569336,95.8499984741211,189489
2024-08-14 09:15:00,96.83999633789062,96.83999633789062,94.20999908447266,95.27999877929688,206656
2024-08-14 13:15:00,95.47000122070312,95.98999786376952,95.0,95.98999786376952,72214
2024-08-16 09:15:00,96.11000061035156,96.56999969482422,95.55999755859376,96.04000091552734,59922
2024-08-16 13:15:00,96.16000366210938,97.5,96.0,97.02999877929688,158360
2024-08-19 09:15:00,98.0,99.1999969482422,97.80999755859376,98.66999816894533,57271
2024-08-19 13:15:00,98.6500015258789,99.4499969482422,98.3000030517578,99.0199966430664,77076
2024-08-20 09:15:00,99.5999984741211,99.75,98.5999984741211,98.86000061035156,67716
2024-08-20 13:15:00,98.87000274658205,99.27999877929688,98.6999969482422,98.91000366210938,53167
2024-08-21 09:15:00,99.0500030517578,99.3499984741211,98.41000366210938,98.73999786376952,180452
2024-08-21 13:15:00,98.73999786376952,99.5999984741211,98.5,99.25,88704
2024-08-22 09:15:00,100.0999984741211,102.4000015258789,100.05999755859376,101.63999938964844,231924
2024-08-22 13:15:00,101.73999786376952,102.1999969482422,101.5,101.93000030517578,127232
2024-08-23 09:15:00,102.4000015258789,107.02999877929688,102.1999969482422,103.83000183105467,846033
2024-08-23 13:15:00,103.7300033569336,104.5999984741211,103.6500015258789,103.8499984741211,126411
2024-08-26 09:15:00,104.25,104.94000244140624,103.0,103.01000213623048,80170
2024-08-26 13:15:00,103.0,103.5500030517578,102.19000244140624,103.13999938964844,117211
2024-08-27 09:15:00,103.7300033569336,103.7300033569336,101.66000366210938,102.1500015258789,144738
2024-08-27 13:15:00,102.25,103.5,102.11000061035156,103.1500015258789,100377
2024-08-28 09:15:00,102.87999725341795,103.5,101.7300033569336,102.0,134130
2024-08-28 13:15:00,102.05999755859376,102.4800033569336,101.1999969482422,101.3499984741211,98211
2024-08-29 09:15:00,101.38999938964844,101.86000061035156,100.0,100.29000091552734,169139
2024-08-29 13:15:00,100.16999816894533,100.7300033569336,100.0,100.25,50264
2024-08-30 09:15:00,101.25,101.5,99.55999755859376,99.87000274658205,71655
2024-08-30 13:15:00,99.86000061035156,101.0,99.61000061035156,100.75,47169
2024-09-02 09:15:00,101.12999725341795,102.38999938964844,100.0,100.06999969482422,56972
2024-09-02 13:15:00,100.08000183105467,101.0,100.0500030517578,100.98999786376952,59408
2024-09-03 09:15:00,101.3000030517578,101.3000030517578,99.4000015258789,100.0,57670
2024-09-03 13:15:00,100.04000091552734,100.8499984741211,99.4499969482422,100.55999755859376,100358
2024-09-04 09:15:00,99.5,101.95999908447266,99.45999908447266,101.55999755859376,189452
2024-09-04 13:15:00,101.75,102.0,100.0500030517578,101.5999984741211,83671
2024-09-05 09:15:00,102.1999969482422,102.3499984741211,100.4000015258789,100.73999786376952,99569
2024-09-05 13:15:00,100.73999786376952,100.93000030517578,99.37999725341795,100.0,189110
2024-09-06 09:15:00,99.98999786376952,101.0,98.66000366210938,99.0,116203
2024-09-06 13:15:00,98.9499969482422,99.0500030517578,98.5,98.6999969482422,58752
2024-09-09 09:15:00,98.61000061035156,98.63999938964844,96.5999984741211,97.0199966430664,89969
2024-09-09 13:15:00,97.16000366210938,99.0,97.08000183105467,98.27999877929688,91265
2024-09-10 09:15:00,99.0,99.30999755859376,98.01000213623048,98.51000213623048,72023
2024-09-10 13:15:00,98.52999877929688,99.4000015258789,98.01000213623048,98.93000030517578,100977
2024-09-11 09:15:00,98.6500015258789,100.83999633789062,98.63999938964844,99.4000015258789,293830
2024-09-11 13:15:00,99.37999725341795,99.4000015258789,98.1500015258789,98.33000183105467,113331
2024-09-12 09:15:00,99.08999633789062,99.25,98.0,98.63999938964844,39362
2024-09-12 13:15:00,98.55999755859376,99.0,98.4000015258789,98.6500015258789,74898
2024-09-13 09:15:00,99.5,99.8000030517578,98.55999755859376,99.23999786376952,49346
2024-09-13 13:15:00,99.23999786376952,99.29000091552734,98.58000183105467,98.8000030517578,49683
2024-09-16 09:15:00,99.9000015258789,100.12000274658205,98.5999984741211,98.8000030517578,76634
2024-09-16 13:15:00,98.88999938964844,98.91000366210938,98.0,98.72000122070312,108420
2024-09-17 09:15:00,99.29000091552734,99.5,98.36000061035156,99.31999969482422,66494
2024-09-17 13:15:00,99.19000244140624,99.33000183105467,98.58999633789062,98.93000030517578,90689
2024-09-18 09:15:00,98.6999969482422,98.83999633789062,96.41000366210938,96.6999969482422,149978
2024-09-18 13:15:00,96.55999755859376,96.80999755859376,96.16000366210938,96.4000015258789,166429
2024-09-19 09:15:00,97.4000015258789,97.48999786376952,92.8499984741211,93.1999969482422,509707
2024-09-19 13:15:00,93.0999984741211,94.48999786376952,92.9000015258789,94.4000015258789,245509
2024-09-20 09:15:00,94.5,94.8000030517578,93.41999816894533,93.9000015258789,275553
2024-09-20 13:15:00,93.91999816894533,96.0,93.23999786376952,95.98999786376952,219073
2024-09-23 09:15:00,96.43000030517578,101.9000015258789,95.95999908447266,100.27999877929688,2283276
2024-09-23 13:15:00,100.11000061035156,100.1500015258789,97.61000061035156,98.7699966430664,1006393
2024-09-24 09:15:00,99.8000030517578,100.26000213623048,97.73999786376952,98.1500015258789,462731
2024-09-24 13:15:00,98.16000366210938,98.5500030517578,95.5999984741211,96.4800033569336,572817
2024-09-25 09:15:00,96.9000015258789,97.4499969482422,96.4000015258789,96.87999725341795,217362
2024-09-25 13:15:00,96.87999725341795,97.4499969482422,96.6999969482422,97.23999786376952,101879
2024-09-26 09:15:00,97.5,99.0,96.31999969482422,97.93000030517578,424966
2024-09-26 13:15:00,97.93000030517578,98.75,97.51000213623048,98.38999938964844,200239
2024-09-27 09:15:00,98.75,98.75,95.8000030517578,95.9800033569336,308754
2024-09-27 13:15:00,95.9800033569336,96.0999984741211,95.0,95.44000244140624,368058
2024-09-30 09:15:00,95.19000244140624,95.52999877929688,94.3000030517578,94.94000244140624,121966
2024-09-30 13:15:00,94.9000015258789,95.25,94.58999633789062,94.9800033569336,61924
2024-10-01 09:15:00,95.05999755859376,95.72000122070312,94.73999786376952,95.4800033569336,162240
2024-10-01 13:15:00,95.4800033569336,96.20999908447266,95.45999908447266,96.0999984741211,113520
2024-10-03 09:15:00,94.76000213623048,95.9800033569336,94.18000030517578,94.52999877929688,309847
2024-10-03 13:15:00,94.52999877929688,94.68000030517578,92.51000213623048,92.8000030517578,371296
2024-10-04 09:15:00,92.91999816894533,93.9000015258789,90.3499984741211,92.8499984741211,227138
2024-10-04 13:15:00,92.87000274658205,93.3000030517578,92.48999786376952,92.94000244140624,133780
2024-10-07 09:15:00,93.48999786376952,94.33000183105467,90.05999755859375,91.0999984741211,205538
2024-10-07 13:15:00,91.0999984741211,91.23999786376952,89.8499984741211,90.26000213623048,253209
2024-10-08 09:15:00,90.38999938964844,92.08999633789062,90.19000244140624,91.7300033569336,221202
2024-10-08 13:15:00,91.70999908447266,91.70999908447266,91.1500015258789,91.4499969482422,65982
2024-10-09 09:15:00,92.0,93.36000061035156,91.77999877929688,93.36000061035156,137030
2024-10-09 13:15:00,93.27999877929688,93.5,92.80999755859376,93.0,76863
2024-10-10 09:15:00,93.98999786376952,93.98999786376952,92.12000274658205,92.37000274658205,104765
2024-10-10 13:15:00,92.3000030517578,92.4499969482422,91.54000091552734,91.83999633789062,103978
2024-10-11 09:15:00,91.5,92.3000030517578,91.47000122070312,91.81999969482422,37331
2024-10-11 13:15:00,91.9800033569336,92.3000030517578,91.8000030517578,92.0500030517578,52378
2024-10-14 09:15:00,92.8000030517578,92.8000030517578,91.81999969482422,92.01000213623048,102753
2024-10-14 13:15:00,92.01000213623048,92.58000183105467,91.8000030517578,92.44000244140624,71280
2024-10-15 09:15:00,93.25,93.48999786376952,92.51000213623048,92.61000061035156,68809
2024-10-15 13:15:00,92.70999908447266,93.0,92.05999755859376,92.7300033569336,62500
2024-10-16 09:15:00,92.6999969482422,93.26000213623048,92.47000122070312,92.95999908447266,60096
2024-10-16 13:15:00,92.95999908447266,93.9000015258789,92.8499984741211,93.66000366210938,110361
2024-10-17 09:15:00,94.11000061035156,94.11000061035156,91.80999755859376,92.18000030517578,51450
2024-10-17 13:15:00,92.16999816894533,92.48999786376952,91.6999969482422,91.9800033569336,252376
2024-10-18 09:15:00,91.98999786376952,92.33999633789062,90.51000213623048,91.5999984741211,50902
2024-10-18 13:15:00,91.72000122070312,92.4000015258789,91.5,92.04000091552734,79299
2024-10-21 09:15:00,91.88999938964844,92.4000015258789,90.62999725341795,90.80999755859376,84552
2024-10-21 13:15:00,90.7699966430664,91.38999938964844,90.56999969482422,90.87999725341795,99509
2024-10-22 09:15:00,91.5,97.12999725341795,91.0,92.29000091552734,1150778
2024-10-22 13:15:00,92.06999969482422,92.9000015258789,90.95999908447266,91.6500015258789,276397
2024-10-23 09:15:00,91.66000366210938,93.16999816894533,89.9000015258789,91.9000015258789,118280
2024-10-23 13:15:00,91.9000015258789,92.97000122070312,90.5,91.3000030517578,214402
2024-10-24 09:15:00,91.06999969482422,93.01000213623048,90.70999908447266,91.79000091552734,184890
2024-10-24 13:15:00,91.77999877929688,91.81999969482422,91.1500015258789,91.4000015258789,54700
2024-10-25 09:15:00,91.37000274658205,91.9499969482422,87.44999694824219,87.7300033569336,182536
2024-10-25 13:15:00,87.62999725341797,88.11000061035156,87.45999908447266,87.98999786376953,118590
2024-10-28 09:15:00,87.13999938964844,89.1500015258789,85.75,89.1500015258789,152331
2024-10-28 13:15:00,89.1500015258789,89.19999694824219,87.9000015258789,88.0999984741211,143525
2024-10-29 09:15:00,88.75,88.80000305175781,87.69999694824219,88.54000091552734,169813
2024-10-29 13:15:00,88.52999877929688,88.87999725341797,86.98999786376953,87.33999633789062,155728
2024-10-30 09:15:00,87.33000183105469,90.1500015258789,87.19999694824219,89.66000366210938,83711
2024-10-30 13:15:00,89.5,89.88999938964844,88.26000213623047,89.0999984741211,142639
2024-10-31 09:15:00,88.6500015258789,89.75,88.52999877929688,89.45999908447266,52960
2024-10-31 13:15:00,89.41000366210938,89.98999786376953,89.12000274658203,89.69999694824219,49913
2024-11-04 09:15:00,92.4499969482422,92.4499969482422,88.6500015258789,89.54000091552734,97670
2024-11-04 13:15:00,89.37999725341797,89.69000244140625,89.01000213623047,89.33999633789062,77967
2024-11-05 09:15:00,89.44999694824219,89.9000015258789,89.0999984741211,89.63999938964844,98202
2024-11-05 13:15:00,89.62999725341797,90.68000030517578,89.41000366210938,90.23999786376952,68093
2024-11-06 09:15:00,91.54000091552734,91.6500015258789,90.4499969482422,91.58999633789062,48137
2024-11-06 13:15:00,91.5999984741211,92.5500030517578,91.26000213623048,92.37000274658205,102156
2024-11-07 09:15:00,92.6500015258789,93.37999725341795,91.1999969482422,91.88999938964844,57263
2024-11-07 13:15:00,91.88999938964844,92.0500030517578,91.5999984741211,91.83999633789062,28297
2024-11-08 09:15:00,91.83999633789062,91.91999816894533,89.18000030517578,89.93000030517578,100207
2024-11-08 13:15:00,89.80000305175781,90.9800033569336,89.19999694824219,89.5999984741211,124820
2024-11-11 09:15:00,89.69000244140625,89.9000015258789,87.91000366210938,88.69999694824219,63495
2024-11-11 13:15:00,88.69999694824219,89.12999725341797,88.26000213623047,88.68000030517578,34709
2024-11-12 09:15:00,88.91999816894531,89.41999816894531,87.12000274658203,87.12000274658203,73446
2024-11-12 13:15:00,87.41999816894531,87.55999755859375,86.5,86.9000015258789,62484
2024-11-13 09:15:00,86.30999755859375,87.0,83.63999938964844,85.0,345685
2024-11-13 13:15:00,85.30999755859375,86.8499984741211,84.69999694824219,85.19000244140625,264691
2024-11-14 09:15:00,84.30000305175781,84.4800033569336,82.43000030517578,83.16000366210938,137392
2024-11-14 13:15:00,83.2699966430664,83.44999694824219,81.30999755859375,81.86000061035156,160207
2024-11-18 09:15:00,84.30999755859375,85.79000091552734,83.8499984741211,85.36000061035156,145686
2024-11-18 13:15:00,85.38999938964844,85.48999786376953,83.80999755859375,84.25,114578
2024-11-19 09:15:00,84.44999694824219,86.38999938964844,84.23999786376953,85.69999694824219,102923
2024-11-19 13:15:00,85.69999694824219,86.19999694824219,85.51000213623047,85.7300033569336,54496
2024-11-21 09:15:00,85.6500015258789,85.69000244140625,83.25,83.7699966430664,49065
2024-11-21 13:15:00,83.7699966430664,83.91000366210938,82.51000213623047,82.75,85927
2024-11-22 09:15:00,83.37000274658203,83.8499984741211,82.1500015258789,82.87999725341797,48981
2024-11-22 13:15:00,82.87999725341797,87.0,82.5,86.88999938964844,147291
2024-11-25 09:15:00,86.91000366210938,87.55000305175781,86.5,86.80999755859375,37649
2024-11-25 13:15:00,86.68000030517578,86.98999786376953,86.55000305175781,86.7300033569336,36630
2024-11-26 09:15:00,86.7300033569336,86.9000015258789,85.5199966430664,85.9000015258789,40106
2024-11-26 13:15:00,85.87000274658203,86.66000366210938,85.62000274658203,85.9000015258789,40732
2024-11-27 09:15:00,86.22000122070312,87.27999877929688,86.1500015258789,86.94000244140625,54616
2024-11-27 13:15:00,87.02999877929688,87.2699966430664,86.80000305175781,86.94999694824219,38104
2024-11-28 09:15:00,87.19000244140625,88.22000122070312,86.70999908447266,87.54000091552734,57286
2024-11-28 13:15:00,87.62000274658203,87.98999786376953,87.4000015258789,87.76000213623047,43634
2024-11-29 09:15:00,88.25,89.27999877929688,88.25,89.0,40530
2024-11-29 13:15:00,89.08999633789062,89.75,88.75,88.8499984741211,70784
2024-12-02 09:15:00,89.44999694824219,89.58999633789062,88.29000091552734,88.70999908447266,57542
2024-12-02 13:15:00,88.86000061035156,90.11000061035156,88.5999984741211,89.75,119064
2024-12-03 09:15:00,90.4000015258789,92.5999984741211,90.1500015258789,91.37000274658205,81725
2024-12-03 13:15:00,91.26000213623048,91.77999877929688,91.0999984741211,91.5,41103
2024-12-04 09:15:00,92.1500015258789,92.8000030517578,91.16000366210938,91.5999984741211,40954
2024-12-04 13:15:00,91.69000244140624,91.95999908447266,91.25,91.4800033569336,42641
2024-12-05 09:15:00,92.0500030517578,92.5999984741211,91.41000366210938,92.58000183105467,63627
2024-12-05 13:15:00,92.5500030517578,92.8000030517578,92.0,92.33000183105467,55505
2024-12-06 09:15:00,91.83999633789062,92.9499969482422,91.61000061035156,91.87999725341795,53210
2024-12-06 13:15:00,91.79000091552734,91.9800033569336,91.36000061035156,91.8000030517578,54325
2024-12-09 09:15:00,91.5999984741211,91.98999786376952,90.31999969482422,90.58999633789062,120416
2024-12-09 13:15:00,90.4499969482422,90.87999725341795,90.06999969482422,90.25,52327
2024-12-10 09:15:00,90.75,90.98999786376952,89.69000244140625,89.98999786376953,46577
2024-12-10 13:15:00,89.98999786376953,90.4800033569336,89.26000213623047,89.87000274658203,67638
2024-12-11 09:15:00,91.5,91.9499969482422,89.25,89.4800033569336,249546
2024-12-11 13:15:00,89.4000015258789,89.5,89.01000213623047,89.20999908447266,151962
2024-12-12 09:15:00,89.98999786376953,89.98999786376953,88.5999984741211,88.91000366210938,110311
2024-12-12 13:15:00,88.9000015258789,89.22000122070312,88.55999755859375,88.5999984741211,58653
2024-12-13 09:15:00,88.1500015258789,88.38999938964844,87.0,88.13999938964844,66267
2024-12-13 13:15:00,88.12999725341797,88.81999969482422,88.0,88.33999633789062,82511
2024-12-16 09:15:00,89.0,89.47000122070312,88.5,88.5999984741211,47651
2024-12-16 13:15:00,88.69999694824219,88.77999877929688,88.44999694824219,88.55000305175781,50254
2024-12-17 09:15:00,88.73999786376953,88.73999786376953,86.69999694824219,87.77999877929688,115741
2024-12-17 13:15:00,87.62000274658203,88.30000305175781,87.41999816894531,87.79000091552734,92263
2024-12-18 09:15:00,87.48999786376953,87.8499984741211,86.43000030517578,86.55999755859375,81511
2024-12-18 13:15:00,86.68000030517578,86.7300033569336,86.0999984741211,86.37000274658203,63671
2024-12-19 09:15:00,85.54000091552734,86.0999984741211,84.8499984741211,85.66000366210938,47119
2024-12-19 13:15:00,85.8499984741211,86.3499984741211,85.5999984741211,85.88999938964844,33844
2024-12-20 09:15:00,86.29000091552734,86.30000305175781,85.30999755859375,85.31999969482422,37607
2024-12-20 13:15:00,85.30000305175781,85.58000183105469,84.5,85.08000183105469,51823
2024-12-23 09:15:00,85.44999694824219,86.0,84.37999725341797,84.7300033569336,75359
2024-12-23 13:15:00,84.87999725341797,85.08999633789062,84.30000305175781,84.77999877929688,54202
2024-12-24 09:15:00,84.58000183105469,84.97000122070312,84.44999694824219,84.5199966430664,31508
2024-12-24 13:15:00,84.63999938964844,84.69000244140625,84.5,84.52999877929688,19971
2024-12-26 09:15:00,84.8499984741211,85.0,83.5199966430664,84.22000122070312,39038
2024-12-26 13:15:00,84.22000122070312,85.48999786376953,84.06999969482422,84.9000015258789,98013
2024-12-27 09:15:00,85.9000015258789,85.9000015258789,85.05999755859375,85.2300033569336,39317
2024-12-27 13:15:00,85.23999786376953,85.3499984741211,85.0,85.11000061035156,48973
2024-12-30 09:15:00,85.11000061035156,85.5,84.4000015258789,84.5,33298
2024-12-30 13:15:00,84.5,84.77999877929688,84.30000305175781,84.48999786376953,53959
2024-12-31 09:15:00,84.29000091552734,84.69000244140625,84.12000274658203,84.4800033569336,37224
2024-12-31 13:15:00,84.4800033569336,84.83000183105469,84.19999694824219,84.30999755859375,36932
2025-01-01 09:15:00,84.5,85.19999694824219,84.16000366210938,84.93000030517578,21883
2025-01-01 13:15:00,84.91999816894531,85.19999694824219,84.61000061035156,85.13999938964844,40237
2025-01-02 09:15:00,85.05999755859375,88.80000305175781,84.95999908447266,88.11000061035156,240437
2025-01-02 13:15:00,88.11000061035156,88.80000305175781,87.93000030517578,88.4000015258789,131357
2025-01-03 09:15:00,87.51000213623047,88.9000015258789,87.51000213623047,88.88999938964844,63810
2025-01-03 13:15:00,88.8499984741211,88.8499984741211,88.0999984741211,88.22000122070312,45219
2025-01-06 09:15:00,88.69999694824219,88.69999694824219,85.45999908447266,86.55999755859375,98696
2025-01-06 13:15:00,86.55000305175781,86.55000305175781,84.30000305175781,84.66000366210938,84654
2025-01-07 09:15:00,85.01000213623047,87.94999694824219,84.55999755859375,85.7300033569336,76411
2025-01-07 13:15:00,85.5999984741211,86.48999786376953,85.5999984741211,86.48999786376953,28211
2025-01-08 09:15:00,85.08000183105469,85.08000183105469,84.25,84.63999938964844,37684
2025-01-08 13:15:00,84.63999938964844,85.08000183105469,84.37999725341797,84.73999786376953,40770
2025-01-09 09:15:00,84.54000091552734,84.55000305175781,83.9000015258789,84.01000213623047,54222
2025-01-09 13:15:00,83.93000030517578,84.12999725341797,83.4000015258789,83.4000015258789,46232
2025-01-10 09:15:00,83.2300033569336,84.0999984741211,82.0,83.80000305175781,49043
2025-01-10 13:15:00,83.9000015258789,83.91999816894531,82.0,82.29000091552734,65459
2025-01-13 09:15:00,81.0,82.26000213623047,80.5,80.62999725341797,84581
2025-01-13 13:15:00,80.6500015258789,80.7699966430664,77.05000305175781,77.98999786376953,325247
2025-01-14 09:15:00,78.01000213623047,79.62999725341797,77.62999725341797,78.30000305175781,41898
2025-01-14 13:15:00,78.30000305175781,79.0,78.19000244140625,78.72000122070312,27703
2025-01-15 09:15:00,79.08999633789062,80.04000091552734,77.48999786376953,77.94999694824219,166964
2025-01-15 13:15:00,77.9000015258789,77.91999816894531,76.62000274658203,76.88999938964844,145744
2025-01-16 09:15:00,77.9800033569336,79.19999694824219,77.47000122070312,78.81999969482422,78653
2025-01-16 13:15:00,78.7699966430664,79.0,78.37000274658203,78.70999908447266,57976
2025-01-17 09:15:00,78.52999877929688,78.88999938964844,77.9000015258789,78.5999984741211,59754
2025-01-17 13:15:00,78.5999984741211,80.0,78.41999816894531,80.0,93112
2025-01-20 09:15:00,79.91999816894531,80.4000015258789,78.95999908447266,79.20999908447266,113249
2025-01-20 13:15:00,79.29000091552734,79.5999984741211,78.12000274658203,78.58000183105469,114120
2025-01-21 09:15:00,79.27999877929688,81.69999694824219,79.0,79.51000213623047,86095
2025-01-21 13:15:00,79.45999908447266,79.54000091552734,78.69999694824219,79.0,62790
2025-01-22 09:15:00,79.66999816894531,79.66999816894531,76.69999694824219,76.87999725341797,54774
2025-01-22 13:15:00,76.97000122070312,78.30000305175781,76.91999816894531,78.19000244140625,59841
2025-01-23 09:15:00,78.0,78.43000030517578,77.0,77.45999908447266,100888
2025-01-23 13:15:00,77.45999908447266,79.0,76.94999694824219,77.36000061035156,190517
2025-01-24 09:15:00,78.5,78.5,73.05000305175781,74.37999725341797,252734
2025-01-24 13:15:00,74.23999786376953,74.69999694824219,72.37999725341797,73.23999786376953,661668
2025-01-27 09:15:00,71.31999969482422,71.87000274658203,69.30000305175781,71.2300033569336,182542
2025-01-27 13:15:00,71.2300033569336,71.69999694824219,70.7300033569336,71.13999938964844,89081
2025-01-28 09:15:00,71.5,71.7699966430664,68.13999938964844,70.5,153257
2025-01-28 13:15:00,70.5,71.38999938964844,70.0999984741211,70.41000366210938,97788
2025-01-29 09:15:00,71.43000030517578,72.9000015258789,71.02999877929688,72.38999938964844,110219
2025-01-29 13:15:00,72.41999816894531,72.80000305175781,72.30999755859375,72.5999984741211,99554
2025-01-30 09:15:00,72.19999694824219,73.58999633789062,71.70999908447266,72.22000122070312,79448
2025-01-30 13:15:00,72.2699966430664,72.75,72.0,72.75,54921
2025-01-31 09:15:00,73.01000213623047,76.19999694824219,72.44999694824219,76.19999694824219,132293
2025-01-31 13:15:00,76.08999633789062,76.47000122070312,75.0,75.88999938964844,101459
2025-02-03 09:15:00,74.58999633789062,74.91999816894531,73.0999984741211,73.19999694824219,71502
2025-02-03 13:15:00,73.4800033569336,74.38999938964844,72.0,72.44999694824219,137644
2025-02-04 09:15:00,72.48999786376953,73.29000091552734,72.0,72.30000305175781,76852
2025-02-04 13:15:00,72.30000305175781,73.5,72.0,73.44999694824219,76215
2025-02-05 09:15:00,73.5,74.16999816894531,72.8499984741211,73.08000183105469,174459
2025-02-05 13:15:00,73.06999969482422,73.12999725341797,72.80000305175781,72.9000015258789,47609
2025-02-06 09:15:00,73.27999877929688,73.27999877929688,72.44000244140625,72.69999694824219,93155
2025-02-06 13:15:00,72.80000305175781,73.0,72.69999694824219,72.91000366210938,48559
2025-02-07 09:15:00,72.91000366210938,73.0,72.13999938964844,72.37000274658203,29069
2025-02-07 13:15:00,72.37000274658203,72.58000183105469,72.16000366210938,72.44000244140625,96065
2025-02-10 09:15:00,72.79000091552734,72.79000091552734,71.5199966430664,71.83000183105469,47047
2025-02-10 13:15:00,71.83999633789062,71.95999908447266,71.44000244140625,71.55999755859375,40226
2025-02-11 09:15:00,71.5999984741211,72.6500015258789,70.05000305175781,70.08000183105469,68376
2025-02-11 13:15:00,70.19000244140625,70.30000305175781,69.18000030517578,69.91000366210938,79796
2025-02-12 09:15:00,70.0199966430664,70.0199966430664,66.4000015258789,69.61000061035156,131990
2025-02-12 13:15:00,69.7699966430664,69.80000305175781,67.98999786376953,68.58999633789062,78648
2025-02-13 09:15:00,68.13999938964844,70.0199966430664,68.13999938964844,69.62000274658203,151555
2025-02-13 13:15:00,69.61000061035156,69.63999938964844,68.38999938964844,68.9000015258789,67736
2025-02-14 09:15:00,68.80000305175781,69.0,67.2699966430664,67.79000091552734,108457
2025-02-14 13:15:00,67.80000305175781,68.19000244140625,66.19999694824219,67.43000030517578,80107
2025-02-17 09:15:00,67.33999633789062,67.33999633789062,65.68000030517578,66.12000274658203,55835
2025-02-17 13:15:00,66.18000030517578,66.37999725341797,66.0,66.08000183105469,79643
2025-02-18 09:15:00,66.4000015258789,66.54000091552734,64.68000030517578,64.83000183105469,77199
2025-02-18 13:15:00,64.91999816894531,64.91999816894531,63.900001525878906,64.16999816894531,92898
2025-02-19 09:15:00,63.9900016784668,69.58999633789062,63.54999923706055,68.0,101863
2025-02-19 13:15:00,68.0999984741211,68.69999694824219,67.11000061035156,68.30999755859375,115160
2025-02-20 09:15:00,66.95999908447266,68.54000091552734,66.72000122070312,68.27999877929688,82776
2025-02-20 13:15:00,68.27999877929688,69.63999938964844,68.05000305175781,69.0,79666
2025-02-21 09:15:00,69.23999786376953,70.5999984741211,69.23999786376953,70.20999908447266,82579
2025-02-21 13:15:00,70.30000305175781,72.30000305175781,70.0999984741211,72.30000305175781,94801
2025-02-24 09:15:00,70.37999725341797,70.8499984741211,69.5,70.33000183105469,91692
2025-02-24 13:15:00,70.33000183105469,70.9000015258789,69.6500015258789,70.47000122070312,70052
2025-02-25 09:15:00,70.83999633789062,71.75,70.4000015258789,70.70999908447266,114446
2025-02-25 13:15:00,70.75,71.68000030517578,70.62999725341797,71.18000030517578,46483
2025-02-27 09:15:00,69.38999938964844,70.69000244140625,68.20999908447266,68.94999694824219,148983
2025-02-27 13:15:00,68.94999694824219,69.5,68.87000274658203,69.4000015258789,59825
2025-02-28 09:15:00,68.38999938964844,69.94000244140625,68.3499984741211,69.44999694824219,120827
2025-02-28 13:15:00,69.4000015258789,69.44999694824219,68.91000366210938,69.30999755859375,84378
2025-03-03 09:15:00,69.26000213623047,69.98999786376953,68.5999984741211,69.05000305175781,119547
2025-03-03 13:15:00,69.19000244140625,69.58999633789062,69.19000244140625,69.2300033569336,108484
2025-03-04 09:15:00,68.47000122070312,70.18000030517578,68.37000274658203,69.76000213623047,106682
2025-03-04 13:15:00,69.76000213623047,69.98999786376953,69.6500015258789,69.8499984741211,90549
2025-03-05 09:15:00,69.80000305175781,71.33000183105469,69.20999908447266,70.9000015258789,121369
2025-03-05 13:15:00,70.81999969482422,71.20999908447266,70.70999908447266,71.0199966430664,55322
2025-03-06 09:15:00,71.63999938964844,72.0,70.5999984741211,72.0,87371
2025-03-06 13:15:00,71.98999786376953,71.98999786376953,71.11000061035156,71.31999969482422,62320
2025-03-07 09:15:00,71.69000244140625,71.91999816894531,71.0199966430664,71.13999938964844,47941
2025-03-07 13:15:00,71.19999694824219,71.5999984741211,71.0,71.26000213623047,47545
2025-03-10 09:15:00,71.0999984741211,71.5999984741211,69.54000091552734,69.72000122070312,94913
2025-03-10 13:15:00,69.72000122070312,69.98999786376953,69.0999984741211,69.30000305175781,86124
2025-03-11 09:15:00,68.26000213623047,69.41999816894531,68.26000213623047,69.3499984741211,132251
2025-03-11 13:15:00,69.3499984741211,69.41999816894531,68.9800033569336,69.16000366210938,131751
2025-03-12 09:15:00,69.5999984741211,69.91000366210938,69.0,69.11000061035156,69915
2025-03-12 13:15:00,69.19999694824219,69.33000183105469,69.11000061035156,69.12000274658203,52874
2025-03-13 09:15:00,70.0,70.0,68.0999984741211,68.30999755859375,54933
2025-03-13 13:15:00,68.30999755859375,68.30999755859375,67.11000061035156,67.4000015258789,107556
2025-03-17 09:15:00,67.5,68.73999786376953,67.41999816894531,67.88999938964844,95869
2025-03-17 13:15:00,67.7300033569336,67.91999816894531,66.4800033569336,67.18000030517578,137121
2025-03-18 09:15:00,67.58999633789062,69.5,67.58999633789062,69.12000274658203,245384
2025-03-18 13:15:00,69.0999984741211,69.23999786376953,68.70999908447266,69.05000305175781,64540
2025-03-19 09:15:00,69.29000091552734,71.5,69.2300033569336,70.36000061035156,135359
2025-03-19 13:15:00,70.23999786376953,70.86000061035156,70.0,70.63999938964844,87565
2025-03-20 09:15:00,71.05000305175781,72.27999877929688,70.52999877929688,71.0199966430664,97255
2025-03-20 13:15:00,71.01000213623047,71.36000061035156,70.62999725341797,71.0,114119
2025-03-21 09:15:00,70.98999786376953,72.30000305175781,70.30999755859375,71.58999633789062,154952
2025-03-21 13:15:00,71.52999877929688,72.0,70.69999694824219,71.4800033569336,215530
2025-03-24 09:15:00,71.0,72.4000015258789,71.0,71.37999725341797,126228
2025-03-24 13:15:00,71.36000061035156,71.80000305175781,71.16000366210938,71.44000244140625,122039
2025-03-25 09:15:00,72.19999694824219,72.38999938964844,69.86000061035156,70.30000305175781,170945
2025-03-25 13:15:00,70.23999786376953,70.93000030517578,70.0,70.2300033569336,148889
2025-03-26 09:15:00,70.75,71.08999633789062,69.87000274658203,70.02999877929688,137874
2025-03-26 13:15:00,70.11000061035156,70.19999694824219,69.0,69.41999816894531,168576
2025-03-27 09:15:00,69.56999969482422,70.98999786376953,69.25,69.62999725341797,204784
2025-03-27 13:15:00,69.63999938964844,70.19000244140625,69.0,69.55999755859375,320775
2025-03-28 09:15:00,69.58000183105469,72.30000305175781,69.58000183105469,69.75,144167
2025-03-28 13:15:00,69.73999786376953,70.16000366210938,67.30000305175781,68.30999755859375,415478
2025-04-01 09:15:00,68.25,70.54000091552734,68.25,70.02999877929688,62744
2025-04-01 13:15:00,69.93000030517578,71.0,69.83000183105469,70.68000030517578,80370
2025-04-02 09:15:00,70.0999984741211,72.19000244140625,70.0999984741211,71.86000061035156,67244
2025-04-02 13:15:00,72.16000366210938,74.0,72.01000213623047,73.2699966430664,181578
2025-04-03 09:15:00,72.58999633789062,76.0,72.5,75.56999969482422,511624
2025-04-03 13:15:00,75.6500015258789,76.5,75.06999969482422,76.19000244140625,199455
2025-04-04 09:15:00,76.37999725341797,76.37999725341797,72.80000305175781,72.80000305175781,79089
2025-04-04 13:15:00,72.93000030517578,73.19999694824219,71.80000305175781,73.19999694824219,117381
2025-04-07 09:15:00,67.98999786376953,69.43000030517578,66.97000122070312,68.33999633789062,150041
2025-04-07 13:15:00,68.33999633789062,71.0,68.08999633789062,70.08000183105469,154969
2025-04-08 09:15:00,71.4000015258789,71.98999786376953,69.86000061035156,70.25,75296
2025-04-08 13:15:00,70.20999908447266,70.4000015258789,69.80999755859375,70.37999725341797,49345
2025-04-09 09:15:00,70.2300033569336,70.44000244140625,69.0,69.19999694824219,49211
2025-04-09 13:15:00,69.2300033569336,69.8499984741211,69.12999725341797,69.58000183105469,56906
2025-04-11 09:15:00,69.69999694824219,71.7300033569336,69.58999633789062,71.16000366210938,86863
2025-04-11 13:15:00,71.16000366210938,71.19999694824219,70.3499984741211,70.83999633789062,50655
2025-04-15 09:15:00,72.5999984741211,73.5999984741211,72.0,73.30999755859375,90920
2025-04-15 13:15:00,73.33999633789062,74.20999908447266,73.0,73.80000305175781,102135
2025-04-16 09:15:00,73.27999877929688,73.86000061035156,73.19999694824219,73.6500015258789,75176
2025-04-16 13:15:00,73.56999969482422,73.75,73.02999877929688,73.47000122070312,77706
2025-04-17 09:15:00,72.6500015258789,74.69000244140625,72.63999938964844,73.76000213623047,158054
2025-04-17 13:15:00,73.43000030517578,75.19000244140625,73.43000030517578,74.93000030517578,142460
2025-04-21 09:15:00,75.30000305175781,77.80000305175781,74.76000213623047,77.5999984741211,178783
2025-04-21 13:15:00,77.58000183105469,78.5,77.5,78.12999725341797,146583
2025-04-22 09:15:00,78.25,78.8499984741211,76.70999908447266,78.19999694824219,137576
2025-04-22 13:15:00,78.05999755859375,78.41999816894531,77.79000091552734,78.0,85789
2025-04-23 09:15:00,78.0199966430664,78.63999938964844,77.0,78.19999694824219,90410
2025-04-23 13:15:00,78.23999786376953,78.79000091552734,78.0999984741211,78.68000030517578,56185
2025-04-24 09:15:00,78.4000015258789,79.55999755859375,78.16000366210938,79.1500015258789,46205
2025-04-24 13:15:00,79.1500015258789,79.69000244140625,78.80000305175781,79.56999969482422,121240
2025-04-25 09:15:00,79.63999938964844,80.7699966430664,76.5,79.06999969482422,320981
2025-04-25 13:15:00,79.19999694824219,80.19999694824219,79.0,79.55999755859375,96482
2025-04-28 09:15:00,79.95999908447266,80.9000015258789,78.26000213623047,78.29000091552734,123598
2025-04-28 13:15:00,78.29000091552734,79.69999694824219,76.58000183105469,79.58000183105469,600000
2025-04-29 09:15:00,78.97000122070312,79.73999786376953,77.7699966430664,78.1500015258789,63627
2025-04-29 13:15:00,78.22000122070312,78.80000305175781,77.88999938964844,78.38999938964844,110795
2025-04-30 09:15:00,77.69999694824219,78.68000030517578,77.01000213623047,78.58999633789062,81630
2025-04-30 13:15:00,78.58999633789062,79.29000091552734,78.5,78.62000274658203,48459
2025-05-02 09:15:00,78.5,79.4000015258789,77.72000122070312,78.5,53956
2025-05-02 13:15:00,78.5,78.80000305175781,78.0999984741211,78.37999725341797,109289
2025-05-05 09:15:00,78.5,78.69999694824219,77.55999755859375,78.0199966430664,48130
2025-05-05 13:15:00,78.16000366210938,79.9000015258789,77.5,79.1500015258789,106197
2025-05-06 09:15:00,79.23999786376953,79.23999786376953,77.29000091552734,77.54000091552734,34998
2025-05-06 13:15:00,77.43000030517578,77.51000213623047,76.5,76.9000015258789,56875
2025-05-07 09:15:00,75.0,76.58000183105469,74.91999816894531,76.0,57169
2025-05-07 13:15:00,76.16999816894531,76.29000091552734,75.30999755859375,75.56999969482422,53911
2025-05-08 09:15:00,75.9000015258789,76.38999938964844,75.61000061035156,75.61000061035156,29356
2025-05-08 13:15:00,75.61000061035156,75.66000366210938,74.51000213623047,75.05000305175781,45764
2025-05-09 09:15:00,75.0,75.61000061035156,74.30000305175781,74.80000305175781,52204
2025-05-09 13:15:00,74.79000091552734,75.2699966430664,74.5999984741211,74.87000274658203,60419
2025-05-12 09:15:00,76.69999694824219,77.58999633789062,76.5,77.2300033569336,65866
2025-05-12 13:15:00,77.2300033569336,77.6500015258789,77.0999984741211,77.47000122070312,14804
2025-05-13 09:15:00,77.30999755859375,77.5999984741211,76.80000305175781,77.0,107130
2025-05-13 13:15:00,77.0,78.23999786376953,76.9000015258789,77.88999938964844,39739
2025-05-14 09:15:00,77.94999694824219,79.0199966430664,77.54000091552734,78.5,100714
2025-05-14 13:15:00,78.51000213623047,79.0999984741211,78.0999984741211,78.72000122070312,78783
2025-05-15 09:15:00,79.0,79.5999984741211,78.36000061035156,78.95999908447266,31927
2025-05-15 13:15:00,79.05000305175781,80.94000244140625,78.5999984741211,80.06999969482422,187526
2025-05-16 09:15:00,80.7699966430664,82.6500015258789,80.66000366210938,82.13999938964844,77763
2025-05-16 13:15:00,82.12999725341797,82.87999725341797,82.0,82.16999816894531,130205
2025-05-19 09:15:00,82.69999694824219,83.29000091552734,82.08999633789062,82.30000305175781,88544
2025-05-19 13:15:00,82.25,82.9800033569336,82.0,82.44999694824219,94077
2025-05-20 09:15:00,82.9000015258789,82.9000015258789,81.25,81.44000244140625,36695
2025-05-20 13:15:00,81.4000015258789,81.58999633789062,81.25,81.41000366210938,71002
2025-05-21 09:15:00,81.4000015258789,82.9000015258789,80.30999755859375,82.0999984741211,131405
2025-05-21 13:15:00,82.0999984741211,83.6500015258789,81.9000015258789,82.80999755859375,194689
2025-05-22 09:15:00,82.5,83.62999725341797,82.05000305175781,83.19000244140625,56266
2025-05-22 13:15:00,83.0,83.30000305175781,82.86000061035156,83.0,111667
2025-05-23 09:15:00,83.27999877929688,83.55999755859375,82.18000030517578,83.0999984741211,30838
2025-05-23 13:15:00,83.0,83.3499984741211,82.9000015258789,83.08999633789062,36462
2025-05-26 09:15:00,83.33999633789062,84.5,83.0,83.26000213623047,57095
2025-05-26 13:15:00,83.18000030517578,83.26000213623047,83.0,83.06999969482422,40436
2025-05-27 09:15:00,82.5999984741211,83.41000366210938,82.44000244140625,83.19000244140625,44427
2025-05-27 13:15:00,83.08999633789062,83.52999877929688,83.0,83.25,38492
2025-05-28 09:15:00,83.25,83.58999633789062,82.0999984741211,82.9000015258789,28791
2025-05-28 13:15:00,82.80000305175781,83.19000244140625,82.80000305175781,82.83000183105469,35180
2025-05-29 09:15:00,83.29000091552734,83.29000091552734,82.11000061035156,82.62999725341797,52464
2025-05-29 13:15:00,82.5,83.54000091552734,82.4000015258789,82.91999816894531,59443
2025-05-30 09:15:00,82.9000015258789,83.62000274658203,82.11000061035156,82.54000091552734,93313
2025-05-30 13:15:00,82.54000091552734,82.83000183105469,82.30000305175781,82.56999969482422,63688
2025-06-02 09:15:00,81.80000305175781,81.81999969482422,80.3499984741211,81.11000061035156,47051
2025-06-02 13:15:00,81.08999633789062,81.8499984741211,80.91000366210938,81.69000244140625,75348
2025-06-03 09:15:00,82.08999633789062,82.08999633789062,81.23999786376953,81.80000305175781,91009
2025-06-03 13:15:00,81.83999633789062,81.93000030517578,80.0999984741211,80.44000244140625,36692
2025-06-04 09:15:00,80.27999877929688,81.25,79.0999984741211,81.0199966430664,77705
2025-06-04 13:15:00,81.0199966430664,81.19999694824219,79.5,79.76000213623047,109925
2025-06-05 09:15:00,80.25,80.75,77.9000015258789,78.05000305175781,303116
2025-06-05 13:15:00,78.1500015258789,78.25,77.9000015258789,77.94999694824219,95566
2025-06-06 09:15:00,78.45999908447266,79.73999786376953,77.58000183105469,78.3499984741211,162025
2025-06-06 13:15:00,78.5,79.55000305175781,78.01000213623047,79.5,70623
2025-06-09 09:15:00,79.51000213623047,80.80000305175781,78.37000274658203,79.3499984741211,99425
2025-06-09 13:15:00,79.33000183105469,79.9800033569336,79.26000213623047,79.56999969482422,54757
2025-06-10 09:15:00,79.9000015258789,80.0999984741211,78.80000305175781,79.0,100510
2025-06-10 13:15:00,79.05999755859375,79.05999755859375,78.5,78.83000183105469,65264
2025-06-11 09:15:00,78.87999725341797,80.27999877929688,78.62000274658203,79.30000305175781,191256
2025-06-11 13:15:00,79.30000305175781,79.30000305175781,78.52999877929688,79.0,64492
2025-06-12 09:15:00,78.98999786376953,79.5,78.80999755859375,78.93000030517578,53285
2025-06-12 13:15:00,79.0199966430664,79.26000213623047,77.70999908447266,78.5999984741211,81569
2025-06-13 09:15:00,76.80000305175781,78.0999984741211,76.0,77.91000366210938,43309
2025-06-13 13:15:00,77.9000015258789,78.25,77.7699966430664,78.0,43230
2025-06-16 09:15:00,77.94999694824219,78.73999786376953,76.18000030517578,78.08000183105469,34014
2025-06-16 13:15:00,78.0,78.3499984741211,78.0,78.11000061035156,25252
2025-06-17 09:15:00,78.11000061035156,78.79000091552734,77.0999984741211,77.23999786376953,30860
2025-06-17 13:15:00,77.23999786376953,78.30999755859375,77.1500015258789,77.9800033569336,49699
2025-06-18 09:15:00,77.9800033569336,77.9800033569336,77.0,77.13999938964844,42635
2025-06-18 13:15:00,77.02999877929688,77.16000366210938,76.62999725341797,76.80999755859375,16811
2025-06-19 09:15:00,76.95999908447266,77.3499984741211,75.31999969482422,75.4800033569336,61543
2025-06-19 13:15:00,75.5999984741211,76.37999725341797,75.25,76.20999908447266,26942
2025-06-20 09:15:00,76.48999786376953,76.8499984741211,75.41999816894531,76.55999755859375,46066
2025-06-20 13:15:00,76.58999633789062,80.0,76.36000061035156,80.0,85506
2025-06-23 09:15:00,77.73999786376953,77.8499984741211,76.5999984741211,77.45999908447266,18095
2025-06-23 13:15:00,77.45999908447266,77.55999755859375,77.19999694824219,77.26000213623047,12750
2025-06-24 09:15:00,77.79000091552734,78.41999816894531,77.37000274658203,77.54000091552734,73508
2025-06-24 13:15:00,77.44999694824219,77.5999984741211,76.36000061035156,76.72000122070312,52235
2025-06-25 09:15:00,77.26000213623047,77.75,77.0199966430664,77.37000274658203,73828
2025-06-25 13:15:00,77.37999725341797,78.0,77.19999694824219,77.58999633789062,16084
2025-06-26 09:15:00,77.73999786376953,78.9800033569336,77.73999786376953,78.1500015258789,79186
2025-06-26 13:15:00,78.1500015258789,78.55999755859375,77.94999694824219,78.02999877929688,35684
2025-06-27 09:15:00,78.37000274658203,78.94000244140625,78.02999877929688,78.7300033569336,89352
2025-06-27 13:15:00,78.70999908447266,79.0999984741211,78.5199966430664,78.87999725341797,41249
2025-06-30 09:15:00,78.94000244140625,80.0,77.5999984741211,78.95999908447266,92119
2025-06-30 13:15:00,78.81999969482422,81.80000305175781,78.52999877929688,81.7300033569336,274014
2025-07-01 09:15:00,81.41999816894531,81.70999908447266,79.16999816894531,79.51000213623047,54102
2025-07-01 13:15:00,79.5199966430664,82.02999877929688,79.3499984741211,81.51000213623047,188679
2025-07-02 09:15:00,81.11000061035156,81.33999633789062,80.0999984741211,80.79000091552734,57670
2025-07-02 13:15:00,80.7699966430664,81.9000015258789,80.5,81.66000366210938,75889
2025-07-03 09:15:00,81.01000213623047,81.88999938964844,80.5,81.5,130702
2025-07-03 13:15:00,81.5,81.55999755859375,80.44999694824219,80.58000183105469,56836
2025-07-04 09:15:00,80.9000015258789,81.0,78.5199966430664,78.5199966430664,293337
2025-07-04 13:15:00,78.5199966430664,79.68000030517578,78.3499984741211,79.68000030517578,124106
2025-07-07 09:15:00,79.98999786376953,79.98999786376953,78.01000213623047,78.01000213623047,58517
2025-07-07 13:15:00,78.06999969482422,78.61000061035156,77.61000061035156,78.4000015258789,71198
2025-07-08 09:15:00,78.37999725341797,78.4800033569336,77.4000015258789,77.69999694824219,24772
2025-07-08 13:15:00,77.68000030517578,78.4000015258789,77.51000213623047,77.94000244140625,22576
2025-07-09 09:15:00,78.19999694824219,78.19999694824219,77.20999908447266,77.31999969482422,111151
2025-07-09 13:15:00,77.37000274658203,77.37000274658203,76.9000015258789,77.11000061035156,58981
2025-07-10 09:15:00,77.4000015258789,77.4000015258789,76.19000244140625,76.58000183105469,196012
2025-07-10 13:15:00,76.5,76.58000183105469,76.01000213623047,76.22000122070312,56807
2025-07-11 09:15:00,76.0,76.44000244140625,75.01000213623047,75.20999908447266,139866
2025-07-11 13:15:00,75.2699966430664,76.04000091552734,75.1500015258789,75.5999984741211,149621
2025-07-14 09:15:00,75.55000305175781,75.69999694824219,74.5999984741211,75.25,78290
2025-07-14 13:15:00,75.25,75.3499984741211,74.6500015258789,75.0999984741211,78352
2025-07-15 09:15:00,74.98999786376953,76.3499984741211,74.62999725341797,75.6500015258789,186812
2025-07-15 13:15:00,75.80000305175781,76.33999633789062,75.20999908447266,75.5199966430664,158965
2025-07-16 09:15:00,75.26000213623047,79.95999908447266,75.1500015258789,79.75,306445
2025-07-16 13:15:00,79.77999877929688,86.3499984741211,78.76000213623047,83.68000030517578,2897299
2025-07-17 09:15:00,82.16999816894531,85.19999694824219,81.45999908447266,84.41000366210938,567581
2025-07-17 13:15:00,84.30999755859375,84.73999786376953,83.76000213623047,83.86000061035156,175256
2025-07-18 09:15:00,84.4000015258789,86.80000305175781,83.6500015258789,85.69999694824219,678133
2025-07-18 13:15:00,85.5999984741211,87.5,85.0999984741211,86.5199966430664,637800
2025-07-21 09:15:00,87.02999877929688,87.70999908447266,85.0,85.80000305175781,52440
2025-07-21 13:15:00,85.80000305175781,86.83000183105469,85.45999908447266,85.91999816894531,197902
2025-07-22 09:15:00,86.33999633789062,86.9000015258789,85.69999694824219,86.16999816894531,115479
2025-07-22 13:15:00,86.18000030517578,88.4000015258789,85.80999755859375,87.55000305175781,369625
2025-07-23 09:15:00,88.30000305175781,90.6999969482422,87.79000091552734,90.3000030517578,343899
2025-07-23 13:15:00,90.25,91.27999877929688,90.22000122070312,90.66999816894533,342022
2025-07-24 09:15:00,90.77999877929688,91.8499984741211,88.30999755859375,88.47000122070312,167118
2025-07-24 13:15:00,88.47000122070312,88.94999694824219,87.68000030517578,88.5999984741211,141302
2025-07-25 09:15:00,88.77999877929688,88.88999938964844,85.20999908447266,85.4800033569336,250493
2025-07-25 13:15:00,85.62999725341797,86.23999786376953,85.25,85.9000015258789,105850
2025-07-28 09:15:00,85.0999984741211,90.37000274658205,84.5,86.3499984741211,158745
2025-07-28 13:15:00,86.4000015258789,86.91000366210938,85.51000213623047,86.12000274658203,126592
2025-07-29 09:15:00,86.05000305175781,87.5,85.5999984741211,87.08000183105469,164663
2025-07-29 13:15:00,87.0,88.44000244140625,87.0,88.44000244140625,160259
2025-07-30 09:15:00,87.7300033569336,89.30000305175781,87.16000366210938,87.77999877929688,223055
2025-07-30 13:15:00,87.61000061035156,88.44000244140625,86.66999816894531,87.80000305175781,185595
2025-07-31 09:15:00,83.5,86.30000305175781,80.23999786376953,85.58999633789062,362454
2025-07-31 13:15:00,85.5,85.83999633789062,83.41000366210938,84.56999969482422,172691
2025-08-01 09:15:00,84.01000213623047,87.33999633789062,84.01000213623047,85.20999908447266,139550
2025-08-01 13:15:00,85.30000305175781,86.29000091552734,83.5199966430664,83.97000122070312,138572
2025-08-04 09:15:00,84.48999786376953,84.48999786376953,82.9000015258789,83.75,64579
2025-08-04 13:15:00,83.75,83.80000305175781,82.18000030517578,82.75,102044
2025-08-05 09:15:00,83.0,83.54000091552734,81.9000015258789,82.5,123037
2025-08-05 13:15:00,82.37000274658203,83.04000091552734,82.22000122070312,82.73999786376953,33955
2025-08-06 09:15:00,83.05000305175781,84.6500015258789,81.26000213623047,81.93000030517578,98824
2025-08-06 13:15:00,82.0,83.44000244140625,81.5,81.5,65842
2025-08-07 09:15:00,81.12000274658203,81.9000015258789,80.27999877929688,80.83999633789062,145965
2025-08-07 13:15:00,80.93000030517578,81.3499984741211,80.51000213623047,81.1500015258789,50821
2025-08-08 09:15:00,80.79000091552734,81.95999908447266,80.6500015258789,81.83999633789062,66227
2025-08-08 13:15:00,82.0,82.0,81.12999725341797,81.30000305175781,35596
2025-08-11 09:15:00,81.69000244140625,82.2300033569336,80.7300033569336,81.47000122070312,41015
2025-08-11 13:15:00,81.45999908447266,82.2300033569336,81.44999694824219,81.87000274658203,31681
2025-08-12 09:15:00,81.69000244140625,83.33000183105469,81.56999969482422,82.62999725341797,140627
2025-08-12 13:15:00,82.62000274658203,83.27999877929688,81.87999725341797,81.9800033569336,158878
2025-08-13 09:15:00,82.0199966430664,82.58999633789062,81.69999694824219,81.83000183105469,45497
2025-08-13 13:15:00,81.94000244140625,82.0,81.62000274658203,82.0,35678
2025-08-14 09:15:00,82.0,82.06999969482422,80.5,81.4000015258789,111014
2025-08-14 13:15:00,81.27999877929688,82.56999969482422,81.27999877929688,82.0,67876
2025-08-18 09:15:00,84.25,87.9000015258789,83.69999694824219,86.61000061035156,868677
2025-08-18 13:15:00,86.52999877929688,86.80000305175781,85.80999755859375,86.80000305175781,148696
2025-08-19 09:15:00,86.18000030517578,87.04000091552734,85.48999786376953,86.72000122070312,62006
2025-08-19 13:15:00,86.66000366210938,87.44999694824219,86.20999908447266,86.86000061035156,60216
2025-08-20 09:15:00,87.69999694824219,97.48999786376952,87.20999908447266,95.37999725341795,4547379
2025-08-20 13:15:00,95.37999725341795,96.9000015258789,95.0,95.5999984741211,1662710
2025-08-21 09:15:00,95.26000213623048,99.5,94.93000030517578,97.5,2040270
2025-08-21 13:15:00,97.55999755859376,97.79000091552734,96.30999755859376,97.72000122070312,354692
2025-08-22 09:15:00,96.9000015258789,98.12999725341795,92.76000213623048,95.38999938964844,660268
2025-08-22 13:15:00,95.37999725341795,95.4800033569336,94.0,94.0,154909
2025-08-25 09:15:00,93.98999786376952,98.5500030517578,93.98999786376952,97.11000061035156,281957
2025-08-25 13:15:00,97.2699966430664,107.69000244140624,96.0199966430664,104.08000183105467,5341294
2025-08-26 09:15:00,98.75,100.8000030517578,96.52999877929688,99.0,1975491
2025-08-26 13:15:00,99.0,99.0,96.30999755859376,96.9800033569336,754477
2025-08-28 09:15:00,97.0,97.87000274658205,95.0999984741211,96.8499984741211,349364
2025-08-28 13:15:00,97.0,97.30999755859376,95.68000030517578,96.25,308615
2025-08-29 09:15:00,96.80999755859376,99.8000030517578,95.75,97.88999938964844,845797
2025-08-29 13:15:00,97.68000030517578,98.37000274658205,97.0,97.22000122070312,175799
2025-09-01 09:15:00,97.25,97.91999816894533,95.27999877929688,96.3000030517578,151857
2025-09-01 13:15:00,96.45999908447266,96.76000213623048,94.9499969482422,96.58999633789062,312076
2025-09-02 09:15:00,95.30999755859376,97.6500015258789,94.8000030517578,95.4000015258789,297925
2025-09-02 13:15:00,95.12000274658205,95.58999633789062,94.61000061035156,95.5,195957
2025-09-03 09:15:00,97.29000091552734,97.70999908447266,93.3000030517578,93.5,710289
2025-09-03 13:15:00,93.47000122070312,98.4499969482422,93.06999969482422,98.1999969482422,1022827
2025-09-04 09:15:00,99.22000122070312,99.5,94.25,96.7699966430664,1869241
2025-09-04 13:15:00,96.8499984741211,97.0,95.25,96.2699966430664,370975
2025-09-05 09:15:00,97.97000122070312,98.08999633789062,91.1500015258789,91.23999786376952,919023
2025-09-05 13:15:00,91.25,91.98999786376952,90.16000366210938,90.5,815274
2025-09-08 09:15:00,91.22000122070312,91.29000091552734,89.05000305175781,89.19999694824219,236665
2025-09-08 13:15:00,89.19999694824219,89.75,89.0999984741211,89.63999938964844,221645
2025-09-09 09:15:00,89.55000305175781,89.87000274658203,88.75,89.12000274658203,258247
2025-09-09 13:15:00,89.19999694824219,89.38999938964844,88.9000015258789,89.02999877929688,126427
2025-09-10 09:15:00,89.61000061035156,91.6500015258789,89.25,89.8499984741211,117808
2025-09-10 13:15:00,89.79000091552734,90.0999984741211,89.3499984741211,89.66000366210938,87455
2025-09-11 09:15:00,90.5999984741211,92.22000122070312,90.4000015258789,91.11000061035156,668062
2025-09-11 13:15:00,91.11000061035156,91.1999969482422,90.75,91.0,191606
2025-09-12 09:15:00,91.81999969482422,91.81999969482422,89.75,89.87999725341797,62783
2025-09-12 13:15:00,89.87999725341797,90.3000030517578,89.80000305175781,90.3000030517578,129104
2025-09-15 09:15:00,90.52999877929688,90.52999877929688,89.16999816894531,89.81999969482422,101425
2025-09-15 13:15:00,89.66999816894531,89.98999786376953,89.19999694824219,89.47000122070312,69388
2025-09-16 09:15:00,89.8499984741211,90.05000305175781,89.30000305175781,89.41000366210938,101167
2025-09-16 13:15:00,89.43000030517578,89.6500015258789,89.4000015258789,89.58999633789062,173675
2025-09-17 09:15:00,89.80000305175781,89.80000305175781,89.1500015258789,89.36000061035156,99617
2025-09-17 13:15:00,89.36000061035156,89.45999908447266,89.33000183105469,89.37000274658203,74291
2025-09-18 09:15:00,89.80000305175781,89.80000305175781,89.11000061035156,89.27999877929688,66086
2025-09-18 13:15:00,89.37000274658203,89.5,89.05000305175781,89.30000305175781,364184
2025-09-19 09:15:00,89.62000274658203,90.3000030517578,89.4000015258789,89.55000305175781,36586
2025-09-19 13:15:00,89.56999969482422,90.5,89.4800033569336,89.86000061035156,80288
2025-09-22 09:15:00,89.83999633789062,90.13999938964844,89.25,90.0,75098
2025-09-22 13:15:00,90.0,90.5,89.69999694824219,90.0,148940
2025-09-23 09:15:00,90.0999984741211,90.0999984741211,89.11000061035156,89.3499984741211,70207
2025-09-23 13:15:00,89.23999786376953,89.37000274658203,88.77999877929688,89.22000122070312,300023
2025-09-24 09:15:00,89.66000366210938,91.25,89.2699966430664,90.0,214055
2025-09-24 13:15:00,90.0,90.13999938964844,89.3499984741211,89.55999755859375,121329
2025-09-25 09:15:00,89.80000305175781,90.0999984741211,89.37000274658203,89.56999969482422,74751
2025-09-25 13:15:00,89.56999969482422,89.58000183105469,89.30000305175781,89.30999755859375,87456
2025-09-26 09:15:00,89.33999633789062,89.69999694824219,89.0999984741211,89.4000015258789,84590
2025-09-26 13:15:00,89.30000305175781,89.68000030517578,89.19999694824219,89.30999755859375,343272
2025-09-29 09:15:00,89.87000274658203,89.98999786376953,89.25,89.37999725341797,91470
2025-09-29 13:15:00,89.30999755859375,89.48999786376953,89.29000091552734,89.41999816894531,118257
2025-09-30 09:15:00,89.69000244140625,89.80000305175781,89.25,89.30000305175781,72899
2025-09-30 13:15:00,89.30000305175781,89.44999694824219,89.25,89.30000305175781,83413
2025-10-01 09:15:00,89.7699966430664,90.98999786376952,89.25,90.43000030517578,360709
2025-10-01 13:15:00,90.37000274658205,93.1500015258789,90.01000213623047,91.5,1261884
2025-10-03 09:15:00,92.1999969482422,92.23999786376952,90.5,90.83000183105467,115102
2025-10-03 13:15:00,90.83000183105467,91.08999633789062,90.41999816894533,90.41999816894533,151585
2025-10-06 09:15:00,91.3499984741211,91.38999938964844,89.25,89.41999816894531,220638
2025-10-06 13:15:00,89.51000213623047,89.83000183105469,89.30000305175781,89.66000366210938,87253
2025-10-07 09:15:00,89.98999786376953,89.98999786376953,89.3499984741211,89.81999969482422,104878
2025-10-07 13:15:00,89.73999786376953,89.81999969482422,89.44999694824219,89.5199966430664,49915
2025-10-08 09:15:00,89.86000061035156,90.41000366210938,89.47000122070312,90.06999969482422,104277
2025-10-08 13:15:00,90.12000274658205,90.13999938964844,89.30000305175781,89.30000305175781,68706
2025-10-09 09:15:00,89.7699966430664,90.1999969482422,89.30000305175781,89.5999984741211,29649
2025-10-09 13:15:00,89.51000213623047,89.62000274658203,89.25,89.30999755859375,60728
2025-10-10 09:15:00,89.3499984741211,89.97000122070312,89.33000183105469,89.55000305175781,37613
2025-10-10 13:15:00,89.37999725341797,89.58000183105469,89.25,89.27999877929688,44854
2025-10-13 09:15:00,89.29000091552734,89.97000122070312,89.25,89.4000015258789,119009
2025-10-13 13:15:00,89.4000015258789,89.88999938964844,89.30999755859375,89.4800033569336,95792
2025-10-14 09:15:00,89.79000091552734,89.79000091552734,89.25,89.26000213623047,106716
2025-10-14 13:15:00,89.30000305175781,89.4000015258789,89.25,89.27999877929688,265864
2025-10-15 09:15:00,89.19999694824219,89.94000244140625,89.19999694824219,89.5999984741211,59343
2025-10-15 13:15:00,89.6500015258789,89.8499984741211,89.5,89.66000366210938,40704
2025-10-16 09:15:00,89.83000183105469,90.9000015258789,89.55000305175781,90.11000061035156,139832
2025-10-16 13:15:00,90.11000061035156,90.20999908447266,89.69999694824219,89.81999969482422,48496
2025-10-17 09:15:00,90.1999969482422,90.1999969482422,89.26000213623047,89.94999694824219,80978
2025-10-17 13:15:00,89.9800033569336,96.08999633789062,89.9800033569336,90.70999908447266,3021749
2025-10-20 09:15:00,91.79000091552734,91.79000091552734,90.18000030517578,90.18000030517578,124618
2025-10-20 13:15:00,90.1500015258789,90.58999633789062,89.8499984741211,90.08000183105467,238197
2025-10-21 13:15:00,90.38999938964844,90.88999938964844,90.05000305175781,90.1500015258789,79477
2025-10-23 09:15:00,90.1500015258789,90.66000366210938,90.01000213623047,90.29000091552734,86897
2025-10-23 13:15:00,90.2699966430664,90.8499984741211,90.05000305175781,90.12999725341795,81205
2025-10-24 09:15:00,90.5999984741211,90.5999984741211,90.05000305175781,90.12999725341795,67017
2025-10-24 13:15:00,90.05999755859375,90.1999969482422,90.05000305175781,90.13999938964844,38875
2025-10-27 09:15:00,90.38999938964844,90.38999938964844,89.61000061035156,90.06999969482422,108317
2025-10-27 13:15:00,90.05999755859375,90.33999633789062,90.05999755859375,90.2699966430664,71038
2025-10-28 09:15:00,90.48999786376952,90.6999969482422,90.0999984741211,90.12999725341795,28281
2025-10-28 13:15:00,90.12999725341795,90.6500015258789,90.01000213623047,90.58999633789062,107324
2025-10-29 09:15:00,90.30999755859376,91.1500015258789,90.02999877929688,90.37000274658205,102932
2025-10-29 13:15:00,90.37000274658205,90.8000030517578,90.30999755859376,90.5,70711
2025-10-30 09:15:00,90.20999908447266,93.9499969482422,90.0999984741211,91.87000274658205,724244
2025-10-30 13:15:00,91.8000030517578,92.5,91.33999633789062,92.20999908447266,241107
2025-10-31 09:15:00,92.3000030517578,92.5,91.0199966430664,91.18000030517578,49379
2025-10-31 13:15:00,91.3000030517578,91.69000244140624,90.3000030517578,90.98999786376952,88512
2025-11-03 09:15:00,90.1500015258789,90.98999786376952,90.1500015258789,90.4000015258789,65233
2025-11-03 13:15:00,90.4000015258789,90.62999725341795,90.2699966430664,90.33999633789062,79723
2025-11-04 09:15:00,90.5999984741211,91.31999969482422,90.3000030517578,90.5,29445
2025-11-04 13:15:00,90.41999816894533,91.51000213623048,90.3499984741211,91.26000213623048,195404
2025-11-06 09:15:00,90.5500030517578,91.12000274658205,90.0999984741211,90.5,88647
2025-11-06 13:15:00,90.47000122070312,90.55999755859376,90.0999984741211,90.11000061035156,137351
2025-11-07 09:15:00,89.79000091552734,90.23999786376952,88.5,90.01000213623047,68551
2025-11-07 13:15:00,90.12999725341795,90.61000061035156,89.75,89.91999816894531,63057
2025-11-10 09:15:00,90.0,90.23999786376952,89.69999694824219,89.94999694824219,56313
2025-11-10 13:15:00,89.9000015258789,90.25,89.80000305175781,90.02999877929688,67743
2025-11-11 09:15:00,90.3000030517578,90.3000030517578,90.01000213623047,90.05000305175781,28911
2025-11-11 13:15:00,90.05000305175781,90.25,90.0199966430664,90.02999877929688,65862
2025-11-12 09:15:00,90.0,90.3000030517578,90.0,90.11000061035156,62319
2025-11-12 13:15:00,90.0999984741211,90.18000030517578,90.08999633789062,90.12999725341795,96734
2025-11-13 09:15:00,90.4000015258789,90.4000015258789,90.0999984741211,90.12000274658205,27298
2025-11-13 13:15:00,90.12000274658205,90.31999969482422,90.11000061035156,90.11000061035156,62442
2025-11-14 09:15:00,90.38999938964844,90.38999938964844,90.0999984741211,90.11000061035156,76304
2025-11-14 13:15:00,90.0999984741211,90.1500015258789,90.05000305175781,90.08999633789062,102729
2025-11-17 09:15:00,90.1500015258789,90.33999633789062,90.0999984741211,90.0999984741211,44966
2025-11-17 13:15:00,90.0999984741211,90.29000091552734,90.0999984741211,90.1500015258789,71537
2025-11-18 09:15:00,90.0999984741211,90.33999633789062,89.95999908447266,90.3000030517578,145045
2025-11-18 13:15:00,90.11000061035156,90.3000030517578,90.0999984741211,90.13999938964844,62347
2025-11-19 09:15:00,90.4000015258789,90.45999908447266,90.1500015258789,90.29000091552734,27298
2025-11-19 13:15:00,90.1500015258789,90.9800033569336,90.1500015258789,90.2699966430664,113621
2025-11-20 09:15:00,90.36000061035156,90.73999786376952,90.0999984741211,90.0999984741211,65341
2025-11-20 13:15:00,90.0999984741211,90.25,90.0999984741211,90.0999984741211,84477
2025-11-21 09:15:00,90.41999816894533,90.41999816894533,90.0999984741211,90.0999984741211,73500
2025-11-21 13:15:00,90.11000061035156,90.18000030517578,90.0999984741211,90.11000061035156,111128
2025-11-24 09:15:00,90.25,90.3000030517578,90.11000061035156,90.16000366210938,56685
2025-11-24 13:15:00,90.1500015258789,90.44000244140624,90.0999984741211,90.16999816894533,127545
2025-11-25 09:15:00,90.29000091552734,90.5500030517578,90.11000061035156,90.1999969482422,30005
2025-11-25 13:15:00,90.1999969482422,90.5,90.0999984741211,90.1500015258789,53506
2025-11-26 09:15:00,90.6500015258789,90.9499969482422,90.0999984741211,90.0999984741211,21236
2025-11-26 13:15:00,90.0999984741211,90.37999725341795,90.0999984741211,90.16000366210938,93572
2025-11-27 09:15:00,90.4000015258789,90.4000015258789,90.0999984741211,90.11000061035156,18953
2025-11-27 13:15:00,90.11000061035156,90.19000244140624,90.0999984741211,90.0999984741211,83371
2025-11-28 09:15:00,90.5,90.5,90.0999984741211,90.2699966430664,21684
2025-11-28 13:15:00,90.11000061035156,90.2699966430664,90.0999984741211,90.0999984741211,73394
2025-12-01 09:15:00,90.5,90.5,90.0999984741211,90.11000061035156,33191
2025-12-01 13:15:00,90.1500015258789,90.18000030517578,90.0999984741211,90.0999984741211,90729
2025-12-02 09:15:00,90.4000015258789,92.77999877929688,89.80000305175781,90.77999877929688,574623
2025-12-02 13:15:00,90.62000274658205,91.0,90.0999984741211,90.1500015258789,141219
2025-12-03 09:15:00,90.25,90.52999877929688,90.08999633789062,90.11000061035156,83255
2025-12-03 13:15:00,90.11000061035156,90.3499984741211,90.0999984741211,90.12000274658205,33256
2025-12-04 09:15:00,90.5500030517578,90.6500015258789,90.08999633789062,90.13999938964844,259794
2025-12-04 13:15:00,90.13999938964844,90.3499984741211,90.08999633789062,90.12000274658205,35902
2025-12-05 09:15:00,90.20999908447266,90.4499969482422,90.08999633789062,90.30999755859376,231171
2025-12-05 13:15:00,90.30999755859376,90.30999755859376,90.08999633789062,90.0999984741211,100566
2025-12-08 09:15:00,90.41999816894533,90.41999816894533,90.0999984741211,90.12999725341795,52892
2025-12-08 13:15:00,90.11000061035156,90.18000030517578,89.88999938964844,90.12999725341795,156519
2025-12-09 09:15:00,90.11000061035156,90.4000015258789,90.0,90.16000366210938,254205
2025-12-09 13:15:00,90.23999786376952,90.37999725341795,89.91000366210938,90.12000274658205,93675
2025-12-10 09:15:00,90.01000213623047,90.80999755859376,89.9000015258789,90.11000061035156,136433
2025-12-10 13:15:00,90.11000061035156,90.25,90.11000061035156,90.19000244140624,183981
2025-12-11 09:15:00,90.27999877929688,90.37000274658205,90.04000091552734,90.16999816894533,25650
2025-12-11 13:15:00,90.12000274658205,90.1999969482422,90.12000274658205,90.13999938964844,41928
2025-12-12 09:15:00,90.01000213623047,90.3000030517578,89.80999755859375,90.1500015258789,251726
2025-12-12 13:15:00,90.12000274658205,90.18000030517578,89.41000366210938,89.41000366210938,361926
2025-12-15 09:15:00,90.1500015258789,90.77999877929688,89.87999725341797,90.1500015258789,22147
2025-12-15 13:15:00,90.19000244140624,90.37000274658205,89.8499984741211,90.3000030517578,105460
2025-12-16 09:15:00,90.1500015258789,90.26000213623048,89.9000015258789,90.1500015258789,127771
2025-12-16 13:15:00,90.1500015258789,90.33999633789062,90.11000061035156,90.22000122070312,118963
2025-12-17 09:15:00,90.20999908447266,90.5,90.01000213623047,90.05999755859375,236354
2025-12-17 13:15:00,90.05000305175781,90.37000274658205,88.13999938964844,89.41999816894531,488222
2025-12-18 09:15:00,90.05000305175781,90.4499969482422,90.0,90.0999984741211,92077
2025-12-18 13:15:00,90.0999984741211,90.2699966430664,90.05000305175781,90.23999786376952,57506
2025-12-19 09:15:00,90.29000091552734,90.48999786376952,90.05000305175781,90.06999969482422,94598
2025-12-19 13:15:00,90.06999969482422,90.1999969482422,90.05000305175781,90.05000305175781,599509
2025-12-22 09:15:00,90.4000015258789,90.4000015258789,90.05000305175781,90.0999984741211,166210
2025-12-22 13:15:00,90.05000305175781,90.4000015258789,90.05000305175781,90.26000213623048,46405
2025-12-23 09:15:00,90.4000015258789,90.83000183105467,89.8499984741211,90.13999938964844,69473
2025-12-23 13:15:00,90.13999938964844,90.5,90.05999755859375,90.2300033569336,93358
2025-12-24 09:15:00,90.5500030517578,90.5500030517578,90.1500015258789,90.2300033569336,14937
2025-12-24 13:15:00,90.29000091552734,90.3000030517578,90.02999877929688,90.18000030517578,33325
2025-12-26 09:15:00,90.16000366210938,90.23999786376952,89.80000305175781,90.05000305175781,31612
2025-12-26 13:15:00,90.05000305175781,90.1999969482422,90.0199966430664,90.19000244140624,285119
2025-12-29 09:15:00,90.11000061035156,91.48999786376952,89.80000305175781,91.08999633789062,104517
2025-12-29 13:15:00,91.08000183105467,91.1999969482422,91.0,91.04000091552734,120953
2025-12-30 09:15:00,90.98999786376952,91.1999969482422,90.9000015258789,90.91000366210938,36150
2025-12-30 13:15:00,90.9499969482422,91.0999984741211,90.9499969482422,91.0,54969
2025-12-31 09:15:00,90.6500015258789,91.0199966430664,90.63999938964844,91.0,30038
2025-12-31 13:15:00,91.0,91.0500030517578,90.91000366210938,90.95999908447266,100421
2026-01-01 09:15:00,91.16000366210938,91.48999786376952,90.8499984741211,91.0,19171
2026-01-01 13:15:00,91.1500015258789,91.1500015258789,90.9000015258789,91.0,31909
2026-01-02 09:15:00,90.9000015258789,91.23999786376952,90.8000030517578,91.01000213623048,28193
2026-01-02 13:15:00,91.01000213623048,91.08999633789062,91.0,91.0199966430664,69238
2026-01-05 09:15:00,91.33000183105467,91.33999633789062,91.0500030517578,91.19000244140624,245269
2026-01-05 13:15:00,91.19000244140624,91.25,91.0999984741211,91.11000061035156,40746
2026-01-06 09:15:00,91.33000183105467,91.58999633789062,91.05999755859376,91.41000366210938,73235
2026-01-06 13:15:00,91.45999908447266,91.58999633789062,91.25,91.31999969482422,71672
2026-01-07 09:15:00,91.58999633789062,91.58999633789062,91.06999969482422,91.33999633789062,17491
2026-01-07 13:15:00,91.29000091552734,91.33999633789062,91.1500015258789,91.19000244140624,33339
2026-01-08 09:15:00,91.8000030517578,91.8000030517578,91.1999969482422,91.3000030517578,97435
2026-01-08 13:15:00,91.3000030517578,91.4000015258789,91.1999969482422,91.29000091552734,78772
2026-01-09 09:15:00,91.29000091552734,91.5,91.1999969482422,91.23999786376952,55661
2026-01-09 13:15:00,91.2300033569336,91.29000091552734,91.1999969482422,91.20999908447266,49899
2026-01-12 09:15:00,91.1999969482422,91.29000091552734,91.0,91.1999969482422,394555
2026-01-12 13:15:00,91.1999969482422,91.29000091552734,91.16000366210938,91.2300033569336,168830
2026-01-13 09:15:00,91.01000213623048,91.4800033569336,91.01000213623048,91.1999969482422,41021
2026-01-13 13:15:00,91.1999969482422,91.3000030517578,91.11000061035156,91.19000244140624,95487
2026-01-14 09:15:00,91.01000213623048,91.4499969482422,91.01000213623048,91.3499984741211,30392
2026-01-14 13:15:00,91.3499984741211,91.63999938964844,91.3499984741211,91.48999786376952,34509
2026-01-16 09:15:00,91.16000366210938,91.8000030517578,91.06999969482422,91.3499984741211,192058
2026-01-16 13:15:00,91.36000061035156,91.5,91.33000183105467,91.3499984741211,125909
2026-01-19 09:15:00,90.8499984741211,91.3499984741211,87.5999984741211,88.79000091552734,63905
2026-01-19 13:15:00,88.79000091552734,89.80000305175781,88.69999694824219,89.79000091552734,50294
2026-01-20 09:15:00,88.9800033569336,88.9800033569336,76.33000183105469,77.54000091552734,974223
2026-01-20 13:15:00,77.55999755859375,80.91999816894531,75.80000305175781,76.61000061035156,1142069
2026-01-21 09:15:00,77.55999755859375,77.55999755859375,74.51000213623047,77.33000183105469,121585
2026-01-21 13:15:00,77.25,78.0,76.20999908447266,76.83000183105469,68734
2026-01-22 09:15:00,78.0,78.94999694824219,77.5,78.33999633789062,36819
2026-01-22 13:15:00,78.4800033569336,78.83999633789062,77.81999969482422,78.33000183105469,28813
2026-01-23 09:15:00,77.87999725341797,77.87999725341797,76.11000061035156,76.30999755859375,27474
2026-01-23 13:15:00,76.3499984741211,76.4800033569336,75.12000274658203,75.30000305175781,24377
2026-01-27 09:15:00,78.0,81.0199966430664,76.5,79.5,176451
2026-01-27 13:15:00,79.36000061035156,79.66999816894531,73.06999969482422,73.26000213623047,389663
2026-01-28 09:15:00,73.80000305175781,74.22000122070312,73.05000305175781,73.61000061035156,48812
2026-01-28 13:15:00,73.61000061035156,77.01000213623047,73.33999633789062,75.9000015258789,75603
2026-01-29 09:15:00,76.0,76.0,73.55999755859375,73.62000274658203,49785
2026-01-29 13:15:00,73.75,74.13999938964844,73.4800033569336,73.69999694824219,20846
2026-01-30 09:15:00,73.41000366210938,73.41000366210938,72.0,73.20999908447266,56004
2026-01-30 13:15:00,73.06999969482422,73.88999938964844,73.06999969482422,73.5,29085
2026-02-02 13:15:00,71.93000030517578,71.93000030517578,71.93000030517578,71.93000030517578,0
2026-02-03 09:15:00,73.5,73.80000305175781,72.0,72.25,53690
2026-02-03 13:15:00,72.25,72.9800033569336,72.1500015258789,72.5,31773
2026-02-04 09:15:00,71.80000305175781,74.25,71.41000366210938,74.04000091552734,56271
2026-02-04 13:15:00,73.9000015258789,77.95999908447266,73.9000015258789,76.56999969482422,148859
2026-02-05 09:15:00,76.19000244140625,76.73999786376953,74.83000183105469,75.1500015258789,30319
2026-02-05 13:15:00,75.16000366210938,76.08999633789062,74.91000366210938,75.58000183105469,38529
2026-02-06 09:15:00,75.93000030517578,76.5,74.0,75.01000213623047,23109
2026-02-06 13:15:00,75.1500015258789,78.19999694824219,69.91999816894531,72.04000091552734,454838
2026-02-09 09:15:00,71.94999694824219,72.29000091552734,70.11000061035156,71.05000305175781,93928
2026-02-09 13:15:00,70.91999816894531,71.76000213623047,70.5,71.0999984741211,96140
2026-02-10 09:15:00,70.44999694824219,71.48999786376953,70.30000305175781,71.13999938964844,30853
2026-02-10 13:15:00,71.01000213623047,72.4000015258789,70.91999816894531,71.41000366210938,44255
2026-02-11 09:15:00,71.5999984741211,71.5999984741211,70.61000061035156,70.69999694824219,21398
2026-02-11 13:15:00,70.76000213623047,71.37000274658203,70.61000061035156,70.61000061035156,23158
2026-02-12 09:15:00,70.94999694824219,71.08999633789062,69.91000366210938,70.26000213623047,22404
2026-02-12 13:15:00,70.47000122070312,70.69999694824219,70.06999969482422,70.41999816894531,24366
2026-02-13 09:15:00,70.0,70.05999755859375,68.88999938964844,69.75,46442
2026-02-13 13:15:00,69.6500015258789,69.80000305175781,69.04000091552734,69.31999969482422,26817
2026-02-16 09:15:00,69.0,69.79000091552734,68.5,69.36000061035156,12248
2026-02-16 13:15:00,69.47000122070312,70.6500015258789,69.3499984741211,70.05000305175781,24033
2026-02-17 09:15:00,70.05999755859375,71.19999694824219,70.05000305175781,70.87999725341797,16999
2026-02-17 13:15:00,70.88999938964844,71.5,70.69999694824219,71.5,21630
2026-02-18 09:15:00,71.55000305175781,71.69000244140625,70.5,70.79000091552734,12626
2026-02-18 13:15:00,70.5999984741211,70.9000015258789,70.1500015258789,70.1500015258789,25315
2026-02-19 09:15:00,68.9000015258789,71.0999984741211,65.0,68.58000183105469,1043993
2026-02-19 13:15:00,68.69000244140625,71.37000274658203,68.5,69.80000305175781,366375
2026-02-20 09:15:00,70.5,72.0,68.22000122070312,71.20999908447266,55993
2026-02-20 13:15:00,71.0999984741211,71.98999786376953,71.0,71.66999816894531,58239
2026-02-23 09:15:00,71.68000030517578,71.68000030517578,70.12999725341797,71.12999725341797,27448
2026-02-23 13:15:00,71.23999786376953,73.37000274658203,71.0,71.1500015258789,92672
2026-02-24 09:15:00,71.63999938964844,72.70999908447266,70.12000274658203,71.75,73903
2026-02-24 13:15:00,71.7300033569336,72.5,71.30999755859375,71.77999877929688,70644
2026-02-25 09:15:00,72.38999938964844,72.63999938964844,71.0999984741211,71.44000244140625,46286
2026-02-25 13:15:00,71.44000244140625,72.19999694824219,71.19999694824219,71.91999816894531,69130
2026-02-26 09:15:00,71.55000305175781,71.79000091552734,70.5999984741211,70.83000183105469,30189
2026-02-26 13:15:00,70.80000305175781,71.55000305175781,70.79000091552734,71.30000305175781,29424
2026-02-27 09:15:00,71.0,71.0,69.52999877929688,69.5999984741211,64710
2026-02-27 13:15:00,69.75,70.2300033569336,69.0,69.16000366210938,65644
2026-03-02 09:15:00,66.0,69.5,65.55000305175781,68.12999725341797,76889
2026-03-02 13:15:00,67.87999725341797,68.75,67.62000274658203,68.30000305175781,34948
2026-03-04 09:15:00,66.94000244140625,67.98999786376953,66.87000274658203,67.19999694824219,39767
2026-03-04 13:15:00,67.23999786376953,67.4000015258789,66.87000274658203,66.87000274658203,50421
2026-03-05 09:15:00,66.98999786376953,67.86000061035156,65.5,65.80000305175781,114752
2026-03-05 13:15:00,65.80000305175781,66.0,64.81999969482422,65.48999786376953,148858
2026-03-06 09:15:00,65.30000305175781,66.19000244140625,64.9000015258789,65.0,19347
2026-03-06 13:15:00,65.02999877929688,65.5,64.87000274658203,64.94999694824219,20979
2026-03-09 09:15:00,63.79999923706055,64.38999938964844,61.77000045776367,62.25,86512
2026-03-09 13:15:00,62.2599983215332,63.09000015258789,61.65999984741211,62.16999816894531,74556
2026-03-10 09:15:00,62.54999923706055,64.0,61.66999816894531,63.5,131427
2026-03-10 13:15:00,63.38999938964844,65.5,63.38999938964844,64.8499984741211,48988
2026-03-11 09:15:00,64.22000122070312,65.55000305175781,63.310001373291016,63.66999816894531,74112
2026-03-11 13:15:00,63.59999847412109,64.94000244140625,63.06999969482422,63.75,48267
2026-03-12 09:15:00,63.5,63.709999084472656,62.5099983215332,63.45000076293945,65590
2026-03-12 13:15:00,63.400001525878906,63.59999847412109,63.20000076293945,63.310001373291016,34391
2026-03-13 09:15:00,63.0,63.540000915527344,62.09999847412109,62.18999862670898,75023
2026-03-13 13:15:00,62.11000061035156,64.0999984741211,62.0,63.04999923706055,83272
2026-03-16 09:15:00,63.0,63.040000915527344,59.41999816894531,59.709999084472656,82308
2026-03-16 13:15:00,59.68999862670898,60.880001068115234,59.27000045776367,60.33000183105469,92677
2026-03-17 09:15:00,60.400001525878906,62.79999923706055,59.5,61.88999938964844,77317
2026-03-17 13:15:00,61.619998931884766,62.22999954223633,61.0,61.540000915527344,43747
2026-03-18 09:15:00,61.540000915527344,63.20000076293945,61.400001525878906,62.36000061035156,50805
2026-03-18 13:15:00,62.5,63.0,62.34999847412109,62.470001220703125,47422
2026-03-19 09:15:00,62.38999938964844,62.400001525878906,61.130001068115234,61.25,47561
2026-03-19 13:15:00,61.22999954223633,61.29999923706055,59.58000183105469,60.16999816894531,126231
2026-03-20 09:15:00,60.79999923706055,62.93000030517578,60.20000076293945,62.16999816894531,98773
2026-03-20 13:15:00,62.15999984741211,62.290000915527344,60.02999877929688,60.02999877929688,135024
2026-03-23 09:15:00,58.5,59.09999847412109,55.61000061035156,55.810001373291016,115788
2026-03-23 13:15:00,55.79999923706055,56.68000030517578,54.66999816894531,55.47999954223633,120978
2026-03-24 09:15:00,58.0,59.2400016784668,56.29999923706055,57.61000061035156,94181
2026-03-24 13:15:00,57.72999954223633,58.33000183105469,56.29999923706055,56.9900016784668,138756
2026-03-25 09:15:00,56.5099983215332,59.25,56.5099983215332,58.709999084472656,97867
2026-03-25 13:15:00,58.68999862670898,59.25,57.5099983215332,57.5099983215332,110755
2026-03-27 09:15:00,57.18999862670898,57.88999938964844,55.11000061035156,55.369998931884766,129325
2026-03-27 13:15:00,55.720001220703125,57.150001525878906,55.0099983215332,56.0,241960
2026-03-30 09:15:00,55.9900016784668,58.68999862670898,53.9900016784668,57.81999969482422,246440
2026-03-30 13:15:00,57.810001373291016,58.45000076293945,54.9900016784668,56.93999862670898,347317
2026-04-01 09:15:00,60.18999862670898,64.58999633789062,58.619998931884766,63.97999954223633,272112
2026-04-01 13:15:00,64.02999877929688,64.80000305175781,62.869998931884766,63.97999954223633,102154
2026-04-02 09:15:00,63.400001525878906,63.400001525878906,60.869998931884766,62.0,34965
2026-04-02 13:15:00,62.0,66.91000366210938,62.0,66.12999725341797,166719
2026-04-06 09:15:00,65.81999969482422,66.97000122070312,63.7599983215332,66.8499984741211,205381
2026-04-06 13:15:00,66.94999694824219,67.98999786376953,65.95999908447266,67.55000305175781,49692
2026-04-07 09:15:00,67.3499984741211,68.80000305175781,65.98999786376953,68.23999786376953,14408
2026-04-07 13:15:00,68.11000061035156,68.80000305175781,67.36000061035156,68.80000305175781,34687
2026-04-08 09:15:00,70.0999984741211,71.5,68.5,70.55000305175781,75906
2026-04-08 13:15:00,70.4000015258789,70.5,68.69999694824219,70.19999694824219,177646
2026-04-09 09:15:00,69.0,70.3499984741211,68.72000122070312,69.76000213623047,45330
2026-04-09 13:15:00,69.98999786376953,70.94000244140625,69.30000305175781,70.94000244140625,35842
2026-04-10 09:15:00,71.0,72.0,70.41999816894531,70.70999908447266,35645
2026-04-10 13:15:00,70.80999755859375,71.25,70.5,70.83999633789062,25125
2026-04-13 09:15:00,69.0,71.29000091552734,68.0999984741211,70.7699966430664,20406
2026-04-13 13:15:00,70.8499984741211,71.0999984741211,70.25,70.68000030517578,30073
2026-04-15 09:15:00,72.0,72.5,71.7699966430664,72.45999908447266,25489
2026-04-15 13:15:00,72.69000244140625,73.69999694824219,72.0,73.02999877929688,93206
2026-04-16 09:15:00,73.0,73.29000091552734,71.6500015258789,72.4000015258789,48538
2026-04-16 13:15:00,72.4000015258789,73.0,72.30000305175781,72.75,21370
2026-04-17 09:15:00,72.86000061035156,74.0,72.30000305175781,73.79000091552734,30424
2026-04-17 13:15:00,73.75,74.0999984741211,73.58999633789062,74.0,23335
2026-04-20 09:15:00,73.98999786376953,73.98999786376953,71.86000061035156,72.5,0
2026-04-20 13:15:00,73.98999786376953,74.23999786376953,72.30999755859375,73.26000213623047,261216
2026-04-21 09:15:00,74.19000244140625,74.19000244140625,72.55999755859375,72.9800033569336,25798
2026-04-21 13:15:00,73.12000274658203,73.12000274658203,72.5999984741211,72.7699966430664,27870
2026-04-22 09:15:00,73.48999786376953,73.54000091552734,72.62999725341797,73.20999908447266,10844
2026-04-22 13:15:00,73.22000122070312,74.27999877929688,73.0999984741211,73.77999877929688,30673
2026-04-23 09:15:00,73.01000213623047,75.86000061035156,73.01000213623047,74.5999984741211,84385
2026-04-23 13:15:00,74.47000122070312,74.47000122070312,73.80000305175781,74.0199966430664,31872
2026-04-24 09:15:00,74.94999694824219,74.94999694824219,72.80000305175781,74.05000305175781,62111
2026-04-24 13:15:00,74.27999877929688,74.43000030517578,73.94000244140625,74.12999725341797,28267
2026-04-27 09:15:00,74.1500015258789,75.3499984741211,74.11000061035156,74.69000244140625,24971
2026-04-27 13:15:00,74.6500015258789,74.79000091552734,73.9000015258789,74.0999984741211,31104
2026-04-28 09:15:00,74.0999984741211,75.0999984741211,74.0999984741211,74.25,11926
2026-04-28 13:15:00,74.25,74.52999877929688,73.5199966430664,73.93000030517578,22896
2026-04-29 09:15:00,73.93000030517578,75.91999816894531,71.4000015258789,73.4000015258789,208347
2026-04-29 13:15:00,73.12000274658203,73.44999694824219,71.30000305175781,72.2300033569336,55842
2026-04-30 09:15:00,72.5,72.8499984741211,69.69999694824219,71.58000183105469,81705
2026-04-30 13:15:00,71.44999694824219,73.05000305175781,71.4000015258789,72.7300033569336,83848
2026-05-04 09:15:00,73.87999725341797,76.01000213623047,71.43000030517578,75.25,191343
2026-05-04 13:15:00,75.30000305175781,75.48999786376953,74.25,74.55999755859375,71138
2026-05-05 09:15:00,73.79000091552734,76.12999725341797,73.33000183105469,75.0999984741211,85782
2026-05-05 13:15:00,75.20999908447266,75.5,74.62000274658203,75.18000030517578,26705
2026-05-06 09:15:00,75.4000015258789,75.6500015258789,74.0,74.23999786376953,16655
2026-05-06 13:15:00,74.22000122070312,76.5,74.0,75.81999969482422,77886
2026-05-07 09:15:00,75.80000305175781,78.62999725341797,75.2699966430664,78.04000091552734,97754
2026-05-07 13:15:00,77.9000015258789,79.19999694824219,77.5999984741211,78.77999877929688,94505
2026-05-08 09:15:00,78.56999969482422,80.0,77.91000366210938,78.0,86008
2026-05-08 13:15:00,78.16999816894531,78.54000091552734,77.66000366210938,78.1500015258789,20174
2026-05-11 09:15:00,77.0,77.62999725341797,75.41000366210938,75.98999786376953,21170
2026-05-11 13:15:00,76.16000366210938,76.29000091552734,74.5199966430664,75.4000015258789,29767
2026-05-12 09:15:00,75.0,76.98999786376953,74.04000091552734,74.37000274658203,53710
2026-05-12 13:15:00,74.16999816894531,74.45999908447266,70.91999816894531,71.80999755859375,115278
2026-05-13 09:15:00,72.47000122070312,74.55999755859375,71.81999969482422,72.8499984741211,64997
2026-05-13 13:15:00,73.18000030517578,73.5,72.52999877929688,72.98999786376953,21143
2026-05-14 09:15:00,72.3499984741211,74.63999938964844,72.01000213623047,72.9000015258789,13590
2026-05-14 13:15:00,72.55000305175781,72.98999786376953,72.12000274658203,72.97000122070312,14856
2026-05-15 09:15:00,72.66999816894531,74.98999786376953,71.91000366210938,74.05000305175781,34389
2026-05-15 13:15:00,74.0999984741211,74.33000183105469,73.31999969482422,73.63999938964844,17010
2026-05-18 09:15:00,72.45999908447266,72.62999725341797,71.05999755859375,71.1500015258789,17391
2026-05-18 13:15:00,71.26000213623047,72.0,71.18000030517578,71.9800033569336,11985
2026-05-19 09:15:00,71.11000061035156,72.4000015258789,71.11000061035156,72.0199966430664,12588
2026-05-19 13:15:00,71.91000366210938,72.20999908447266,71.36000061035156,71.7699966430664,24320
2026-05-20 09:15:00,71.3499984741211,71.38999938964844,69.9000015258789,70.31999969482422,59185
2026-05-20 13:15:00,70.31999969482422,70.93000030517578,70.19999694824219,70.93000030517578,13836
2026-05-21 09:15:00,71.5,71.54000091552734,70.61000061035156,70.8499984741211,9295
2026-05-21 13:15:00,70.26000213623047,71.0,70.26000213623047,70.68000030517578,21540
2026-05-22 09:15:00,71.48999786376953,72.30000305175781,70.69999694824219,71.02999877929688,47113
2026-05-22 13:15:00,71.29000091552734,71.69000244140625,70.5999984741211,70.62000274658203,13961
2026-05-25 09:15:00,72.0,72.0,71.0999984741211,71.56999969482422,13859
2026-05-25 13:15:00,71.4000015258789,71.75,71.25,71.52999877929688,8145
2026-05-26 09:15:00,71.0999984741211,72.98999786376953,70.5,71.80000305175781,42658
2026-05-26 13:15:00,71.69000244140625,72.8499984741211,71.69000244140625,72.08999633789062,20151
2026-05-27 09:15:00,71.1500015258789,72.77999877929688,71.1500015258789,71.81999969482422,9961
2026-05-27 13:15:00,71.81999969482422,72.52999877929688,71.36000061035156,71.83000183105469,20163
2026-05-29 09:15:00,72.0,76.77999877929688,71.0199966430664,73.62999725341797,191122
2026-05-29 13:15:00,73.5999984741211,73.70999908447266,70.19999694824219,70.9800033569336,127003
2026-06-01 09:15:00,71.11000061035156,72.83999633789062,70.7300033569336,71.73999786376953,32944
2026-06-01 13:15:00,71.73999786376953,72.19000244140625,70.80000305175781,71.62999725341797,14822
2026-06-02 09:15:00,72.38999938964844,74.69999694824219,70.80000305175781,72.5999984741211,87672
2026-06-02 13:15:00,72.5999984741211,73.31999969482422,72.43000030517578,73.0,23114
2026-06-03 09:15:00,73.0,73.08999633789062,71.41999816894531,71.68000030517578,10361
2026-06-03 13:15:00,71.69999694824219,72.37999725341797,71.61000061035156,72.22000122070312,11878
2026-06-04 09:15:00,72.5999984741211,72.5999984741211,71.33000183105469,71.94000244140625,20302
2026-06-04 13:15:00,71.70999908447266,72.55999755859375,70.75,71.19999694824219,34426
2026-06-05 09:15:00,71.80000305175781,72.37000274658203,71.0199966430664,71.3499984741211,12596
2026-06-05 13:15:00,71.37999725341797,71.58999633789062,70.41000366210938,71.25,14919
2026-06-08 09:15:00,70.19999694824219,71.63999938964844,69.76000213623047,70.16999816894531,9951
2026-06-08 13:15:00,70.16999816894531,70.19000244140625,69.55000305175781,69.55000305175781,15786
2026-06-09 09:15:00,70.5999984741211,71.19999694824219,69.62999725341797,70.1500015258789,36880
2026-06-09 13:15:00,70.37999725341797,70.77999877929688,69.80999755859375,70.06999969482422,19923
2026-06-10 09:15:00,70.7699966430664,70.98999786376953,69.66000366210938,70.0,9742
2026-06-10 13:15:00,70.25,70.30000305175781,69.4000015258789,69.72000122070312,14236
2026-06-11 09:15:00,69.25,70.0,68.75,69.0199966430664,22784
2026-06-11 13:15:00,69.23999786376953,69.38999938964844,68.62999725341797,68.9800033569336,16227
2026-06-12 09:15:00,69.0,74.29000091552734,68.75,73.12999725341797,387952
2026-06-12 13:15:00,73.01000213623047,74.0,72.54000091552734,73.97000122070312,150053
2026-06-15 09:15:00,74.01000213623047,76.12000274658203,74.01000213623047,74.69999694824219,36592
2026-06-15 13:15:00,74.69999694824219,75.55000305175781,74.61000061035156,74.87000274658203,30044
2026-06-16 09:15:00,75.23999786376953,75.23999786376953,72.20999908447266,73.06999969482422,50510
2026-06-16 13:15:00,73.01000213623047,75.0,72.52999877929688,74.1500015258789,49408
2026-06-17 09:15:00,73.3499984741211,75.0,73.3499984741211,74.58000183105469,41422
2026-06-17 13:15:00,74.47000122070312,76.08999633789062,74.20999908447266,75.05000305175781,75985
2026-06-18 09:15:00,75.8499984741211,76.0,75.0999984741211,75.95999908447266,37465
2026-06-18 13:15:00,75.95999908447266,76.48999786376953,75.31999969482422,76.16000366210938,43484
2026-06-19 09:15:00,76.16000366210938,77.19000244140625,75.0999984741211,76.16999816894531,73050
2026-06-19 13:15:00,75.87999725341797,76.41000366210938,75.87999725341797,76.26000213623047,22054
2026-06-22 09:15:00,77.0,77.0,75.55000305175781,75.55000305175781,32373
2026-06-22 13:15:00,75.73999786376953,75.7699966430664,73.30000305175781,74.05999755859375,53435
2026-06-23 09:15:00,73.51000213623047,75.23999786376953,73.51000213623047,75.0,30363
2026-06-23 13:15:00,75.0,75.08999633789062,74.05999755859375,74.91000366210938,30249
2026-06-24 09:15:00,74.25,75.83999633789062,74.25,75.75,31798
2026-06-24 13:15:00,75.30999755859375,75.5,75.0,75.0,14442
2026-06-25 09:15:00,75.30000305175781,77.5199966430664,74.72000122070312,75.41000366210938,73743
2026-06-25 13:15:00,75.16000366210938,76.54000091552734,75.16000366210938,76.01000213623047,51357
2026-06-29 09:15:00,76.0,76.5,74.6500015258789,74.66000366210938,7059
2026-06-29 13:15:00,74.66999816894531,75.11000061035156,73.75,74.52999877929688,17969
2026-06-30 09:15:00,74.01000213623047,75.05000305175781,74.01000213623047,74.75,7566
2026-06-30 13:15:00,74.9000015258789,76.04000091552734,74.08000183105469,74.0999984741211,13328
2026-07-01 09:15:00,76.0,77.30000305175781,74.19000244140625,77.08000183105469,104316
2026-07-01 13:15:00,77.25,78.4000015258789,76.80999755859375,77.22000122070312,82466
2026-07-02 09:15:00,78.69999694824219,79.54000091552734,74.94999694824219,77.9000015258789,202295
2026-07-02 13:15:00,77.58000183105469,77.98999786376953,77.4000015258789,77.87999725341797,19428
2026-07-03 09:15:00,77.55999755859375,78.25,76.94999694824219,76.9800033569336,27759
2026-07-03 13:15:00,77.16999816894531,77.19999694824219,75.80000305175781,76.52999877929688,17098
2026-07-06 09:15:00,76.5999984741211,77.0,75.0999984741211,76.0199966430664,28158
2026-07-06 13:15:00,75.91999816894531,76.44999694824219,75.5,75.93000030517578,14776
2026-07-07 09:15:00,75.44999694824219,76.48999786376953,75.0,76.25,23990
2026-07-07 13:15:00,76.0,76.20999908447266,75.36000061035156,76.05000305175781,6933
2026-07-08 09:15:00,75.6500015258789,77.5999984741211,74.61000061035156,76.5,64325
2026-07-08 13:15:00,76.5,76.58999633789062,74.01000213623047,74.23999786376953,41686
2026-07-09 09:15:00,74.01000213623047,74.97000122070312,74.01000213623047,74.29000091552734,8586
2026-07-09 13:15:00,74.29000091552734,74.55999755859375,73.68000030517578,73.93000030517578,27978
2026-07-10 09:15:00,74.69999694824219,75.58000183105469,74.33999633789062,74.68000030517578,58199
2026-07-10 13:15:00,74.73999786376953,75.25,74.19999694824219,74.58000183105469,36832
2026-07-13 09:15:00,72.80000305175781,74.69000244140625,72.5999984741211,73.4000015258789,70195
2026-07-13 13:15:00,73.41000366210938,73.51000213623047,72.5,73.02999877929688,30368
2026-07-14 09:15:00,73.80000305175781,73.80000305175781,72.3499984741211,72.5,24775
2026-07-14 13:15:00,72.44000244140625,73.33999633789062,72.33000183105469,72.5999984741211,12073
2026-07-15 09:15:00,73.5,74.94999694824219,72.69999694824219,73.38999938964844,65997
2026-07-15 13:15:00,73.37000274658203,74.36000061035156,73.11000061035156,73.66999816894531,24963
2026-07-16 09:15:00,74.9000015258789,74.9000015258789,73.20999908447266,73.4000015258789,13808
2026-07-16 13:15:00,73.55999755859375,73.66000366210938,73.05000305175781,73.37000274658203,10969
2026-07-17 09:15:00,73.6500015258789,73.6500015258789,72.25,72.45999908447266,16678
2026-07-17 13:15:00,72.44000244140625,73.5999984741211,72.26000213623047,73.31999969482422,22108
2026-07-20 09:15:00,73.19999694824219,74.58000183105469,73.19999694824219,73.93000030517578,34981
2026-07-20 13:15:00,74.04000091552734,74.0999984741211,73.11000061035156,73.81999969482422,32775
2026-07-21 09:15:00,73.0999984741211,75.0,73.0999984741211,73.83000183105469,25006
2026-07-21 13:15:00,73.87999725341797,74.94999694824219,73.0,73.0,53490
2026-07-22 09:15:00,73.5999984741211,75.0,72.62999725341797,74.43000030517578,53505
2026-07-22 13:15:00,74.44999694824219,74.79000091552734,74.0,74.44999694824219,25866
2026-07-23 09:15:00,74.44999694824219,75.4800033569336,74.0,74.93000030517578,47429
2026-07-23 13:15:00,74.93000030517578,75.4000015258789,74.41999816894531,74.5,23920
2026-07-24 09:15:00,74.87999725341797,77.22000122070312,73.52999877929688,76.0199966430664,148820
2026-07-24 13:15:00,76.0199966430664,77.0,76.0,76.3499984741211,64210
2026-07-27 09:15:00,75.0,75.0,72.33000183105469,73.16000366210938,47928
2026-07-27 13:15:00,73.05000305175781,73.4800033569336,72.41000366210938,73.37000274658203,48284
2026-07-28 09:15:00,73.0,73.98999786376953,72.75,73.80999755859375,36302
2026-07-28 13:15:00,73.5999984741211,73.98999786376953,73.05000305175781,73.33000183105469,49519
2026-07-29 09:15:00,73.5,73.88999938964844,72.5,72.80999755859375,21390
2026-07-29 13:15:00,73.0999984741211,73.0999984741211,71.5999984741211,72.20999908447266,37737
2026-07-30 09:15:00,71.5,73.79000091552734,71.5,73.0,52425
2026-07-30 13:15:00,73.16000366210938,73.5999984741211,72.4000015258789,73.19999694824219,73078
2026-07-31 09:15:00,73.19999694824219,73.5,71.83999633789062,72.3499984741211,46265
2026-07-31 13:15:00,72.5199966430664,72.9800033569336,72.0199966430664,72.30999755859375,18917
2026-08-03 09:15:00,73.0999984741211,73.0999984741211,72.0,72.69999694824219,4287
2026-08-03 13:15:00,72.61000061035156,74.48999786376953,72.0,73.93000030517578,36801
2026-08-04 09:15:00,73.5,73.5,72.5,72.66999816894531,9579
2026-08-04 13:15:00,72.66999816894531,73.05999755859375,72.44999694824219,72.44999694824219,11948
2026-08-05 09:15:00,72.55000305175781,73.16000366210938,72.0999984741211,72.1500015258789,15077
2026-08-05 13:15:00,72.44000244140625,72.44999694824219,72.0999984741211,72.2300033569336,6580
2026-08-06 09:15:00,72.5,73.22000122070312,72.0,72.43000030517578,35620
2026-08-06 13:15:00,72.62999725341797,72.8499984741211,72.0,72.22000122070312,11754
2026-08-07 09:15:00,71.80000305175781,72.58000183105469,71.80000305175781,72.06999969482422,21129
2026-08-07 13:15:00,72.0199966430664,72.98999786376953,72.0,72.54000091552734,18688
