Datetime,Open,High,Low,Close,Volume
2023-08-28 09:15:00,57.09999847412109,59.59999847412109,56.59999847412109,59.20000076293945,9828323
2023-08-28 13:15:00,59.20000076293945,61.29999923706055,58.84999847412109,60.84999847412109,28504644
2023-08-29 09:15:00,62.84999847412109,63.75,61.54999923706055,62.0,11646871
2023-08-29 13:15:00,61.95000076293945,62.150001525878906,60.95000076293945,61.400001525878906,9123725
2023-08-30 09:15:00,62.20000076293945,63.79999923706055,61.25,63.09999847412109,13871435
2023-08-30 13:15:00,63.04999923706055,63.09999847412109,62.0,62.0,5832237
2023-08-31 09:15:00,62.70000076293945,63.20000076293945,61.59999847412109,61.84999847412109,3237235
2023-08-31 13:15:00,61.84999847412109,62.900001525878906,61.84999847412109,62.650001525878906,4485519
2023-09-01 09:15:00,62.70000076293945,65.25,61.95000076293945,63.70000076293945,6070481
2023-09-01 13:15:00,63.650001525878906,63.75,62.84999847412109,63.150001525878906,5431307
2023-09-04 09:15:00,63.75,67.30000305175781,63.75,66.25,14016505
2023-09-04 13:15:00,66.30000305175781,66.3499984741211,64.69999694824219,65.0,9450229
2023-09-05 09:15:00,65.3499984741211,65.5,63.29999923706055,63.79999923706055,7298969
2023-09-05 13:15:00,63.79999923706055,64.3499984741211,63.54999923706055,64.0,5513943
2023-09-06 09:15:00,64.30000305175781,64.44999694824219,61.34999847412109,62.04999923706055,6175679
2023-09-06 13:15:00,62.04999923706055,62.5,61.79999923706055,62.09999847412109,4250591
2023-09-07 09:15:00,62.150001525878906,64.19999694824219,62.150001525878906,63.84999847412109,4643919
2023-09-07 13:15:00,63.84999847412109,63.95000076293945,63.150001525878906,63.5,3227670
2023-09-08 09:15:00,63.70000076293945,64.4000015258789,63.09999847412109,63.900001525878906,4949792
2023-09-08 13:15:00,63.900001525878906,64.19999694824219,63.5,64.0,3917458
2023-09-11 09:15:00,67.0999984741211,76.1500015258789,66.4000015258789,74.5999984741211,107862110
2023-09-11 13:15:00,74.44999694824219,76.80000305175781,73.0,76.80000305175781,38865688
2023-09-12 09:15:00,80.5,83.1500015258789,68.69999694824219,72.05000305175781,40842947
2023-09-12 13:15:00,72.05000305175781,73.75,69.30000305175781,70.44999694824219,32656325
2023-09-13 09:15:00,70.4000015258789,75.9000015258789,70.0,73.75,45200277
2023-09-13 13:15:00,73.80000305175781,76.9000015258789,72.69999694824219,76.6500015258789,37142422
2023-09-14 09:15:00,77.9000015258789,77.9000015258789,74.5,74.80000305175781,9960408
2023-09-14 13:15:00,74.80000305175781,78.44999694824219,74.5,77.3499984741211,35594370
2023-09-15 09:15:00,77.30000305175781,77.30000305175781,75.30000305175781,75.9000015258789,5723850
2023-09-15 13:15:00,75.9000015258789,77.30000305175781,75.0,75.25,9370218
2023-09-18 09:15:00,75.0,80.9000015258789,73.69999694824219,78.80000305175781,44993639
2023-09-18 13:15:00,78.75,78.9000015258789,76.1500015258789,76.69999694824219,17898701
2023-09-20 09:15:00,75.8499984741211,83.6500015258789,75.25,81.0,101757193
2023-09-20 13:15:00,80.9000015258789,82.9000015258789,80.4000015258789,82.05000305175781,55205462
2023-09-21 09:15:00,74.44999694824219,75.44999694824219,72.1500015258789,72.4000015258789,34984163
2023-09-21 13:15:00,72.4000015258789,73.30000305175781,70.75,71.19999694824219,52574775
2023-09-22 09:15:00,69.6500015258789,74.0,69.6500015258789,73.1500015258789,86173162
2023-09-22 13:15:00,73.1500015258789,73.5,72.0999984741211,72.69999694824219,28318892
2023-09-25 09:15:00,72.30000305175781,73.1500015258789,70.1500015258789,70.5999984741211,19482078
2023-09-25 13:15:00,70.5999984741211,71.05000305175781,69.4000015258789,69.75,20052601
2023-09-26 09:15:00,70.1500015258789,70.69999694824219,69.1500015258789,69.25,9305737
2023-09-26 13:15:00,69.25,69.30000305175781,67.75,68.4000015258789,19852295
2023-09-27 09:15:00,68.69999694824219,70.3499984741211,68.3499984741211,69.9000015258789,9224865
2023-09-27 13:15:00,69.8499984741211,70.19999694824219,69.19999694824219,70.0,14136532
2023-09-28 09:15:00,70.9000015258789,70.9000015258789,69.9000015258789,70.1500015258789,7324660
2023-09-28 13:15:00,70.1500015258789,73.19999694824219,70.05000305175781,72.9000015258789,40592878
2023-09-29 09:15:00,73.5,74.4000015258789,72.3499984741211,73.55000305175781,19056938
2023-09-29 13:15:00,73.5,74.19999694824219,72.80000305175781,73.1500015258789,14999238
2023-10-03 09:15:00,72.75,73.5999984741211,72.44999694824219,72.80000305175781,6624722
2023-10-03 13:15:00,72.75,72.8499984741211,71.75,72.3499984741211,8121178
2023-10-04 09:15:00,71.9000015258789,72.05000305175781,69.19999694824219,69.8499984741211,10168562
2023-10-04 13:15:00,69.9000015258789,70.4000015258789,69.5999984741211,70.19999694824219,8619691
2023-10-05 09:15:00,70.80000305175781,72.19999694824219,69.55000305175781,71.4000015258789,12944188
2023-10-05 13:15:00,71.44999694824219,73.30000305175781,71.0999984741211,73.0,17254612
2023-10-06 09:15:00,72.9000015258789,73.55000305175781,72.0,73.05000305175781,6846663
2023-10-06 13:15:00,73.0999984741211,73.4000015258789,72.5,72.5999984741211,6049580
2023-10-09 09:15:00,71.0,71.05000305175781,69.25,69.55000305175781,6858226
2023-10-09 13:15:00,69.44999694824219,70.3499984741211,69.25,69.4000015258789,6120786
2023-10-10 09:15:00,70.30000305175781,71.6500015258789,69.9000015258789,71.30000305175781,8403423
2023-10-10 13:15:00,71.30000305175781,71.5,70.75,70.9000015258789,4934477
2023-10-11 09:15:00,71.4000015258789,71.5,70.30000305175781,70.4000015258789,4072364
2023-10-11 13:15:00,70.4000015258789,70.5,69.55000305175781,69.94999694824219,6276755
2023-10-12 09:15:00,70.3499984741211,71.8499984741211,69.6500015258789,71.0,12118024
2023-10-12 13:15:00,70.94999694824219,71.55000305175781,70.5999984741211,70.8499984741211,7834196
2023-10-13 09:15:00,71.9000015258789,73.5999984741211,71.69999694824219,73.0999984741211,20942989
2023-10-13 13:15:00,73.0999984741211,74.75,72.8499984741211,73.0999984741211,31237552
2023-10-16 09:15:00,73.44999694824219,74.4000015258789,72.75,73.94999694824219,13338840
2023-10-16 13:15:00,73.94999694824219,76.25,73.9000015258789,75.8499984741211,34570876
2023-10-17 09:15:00,76.5999984741211,77.69999694824219,75.9000015258789,76.4000015258789,7354932
2023-10-17 13:15:00,76.3499984741211,76.44999694824219,74.19999694824219,75.25,15516242
2023-10-18 09:15:00,75.25,76.19999694824219,73.4000015258789,74.0,10504622
2023-10-18 13:15:00,74.0,74.80000305175781,73.5999984741211,74.69999694824219,8794168
2023-10-19 09:15:00,74.0999984741211,75.80000305175781,73.0999984741211,74.8499984741211,12966044
2023-10-19 13:15:00,74.80000305175781,75.3499984741211,74.5999984741211,74.9000015258789,6950826
2023-10-20 09:15:00,74.69999694824219,76.1500015258789,74.30000305175781,74.3499984741211,11696050
2023-10-20 13:15:00,74.30000305175781,76.25,74.25,75.0999984741211,37062650
2023-10-23 09:15:00,75.5,75.6500015258789,69.4000015258789,69.55000305175781,15886094
2023-10-23 13:15:00,69.55000305175781,70.8499984741211,64.8499984741211,65.0,20310772
2023-10-25 09:15:00,66.80000305175781,68.44999694824219,64.4000015258789,64.5999984741211,31312955
2023-10-25 13:15:00,64.6500015258789,67.25,63.79999923706055,66.75,13408303
2023-10-26 09:15:00,65.80000305175781,66.1500015258789,63.400001525878906,66.05000305175781,8303628
2023-10-26 13:15:00,66.0,68.0,65.25,67.75,10302891
2023-10-27 09:15:00,68.3499984741211,69.75,67.55000305175781,69.1500015258789,9312866
2023-10-27 13:15:00,69.0999984741211,70.3499984741211,69.05000305175781,69.44999694824219,7496699
2023-10-30 09:15:00,69.55000305175781,69.75,67.69999694824219,69.69999694824219,5832442
2023-10-30 13:15:00,69.69999694824219,70.05000305175781,69.0,69.30000305175781,5491037
2023-10-31 09:15:00,69.6500015258789,70.75,69.55000305175781,70.4000015258789,5265419
2023-10-31 13:15:00,70.44999694824219,71.55000305175781,70.30000305175781,71.0,9858851
2023-11-01 09:15:00,71.1500015258789,72.5,70.55000305175781,72.0999984741211,8954466
2023-11-01 13:15:00,72.0999984741211,72.19999694824219,70.69999694824219,71.19999694824219,5775756
2023-11-02 09:15:00,71.75,75.1500015258789,71.5,74.9000015258789,32715560
2023-11-02 13:15:00,74.94999694824219,75.3499984741211,74.4000015258789,75.1500015258789,12944772
2023-11-03 09:15:00,75.3499984741211,75.5,74.0,74.30000305175781,4619412
2023-11-03 13:15:00,74.30000305175781,74.5,73.5999984741211,73.8499984741211,4342022
2023-11-06 09:15:00,74.3499984741211,75.5999984741211,73.19999694824219,74.30000305175781,9832042
2023-11-06 13:15:00,74.30000305175781,74.4000015258789,73.1500015258789,73.6500015258789,5649366
2023-11-07 09:15:00,73.80000305175781,77.30000305175781,73.6500015258789,75.9000015258789,24420429
2023-11-07 13:15:00,75.8499984741211,76.94999694824219,75.69999694824219,76.30000305175781,10714950
2023-11-08 09:15:00,77.3499984741211,78.5,76.5999984741211,76.8499984741211,5596322
2023-11-08 13:15:00,76.8499984741211,77.25,76.19999694824219,76.75,5884804
2023-11-09 09:15:00,77.44999694824219,77.44999694824219,75.55000305175781,76.0999984741211,5040796
2023-11-09 13:15:00,76.0,76.1500015258789,73.94999694824219,74.4000015258789,8453864
2023-11-10 09:15:00,74.4000015258789,75.69999694824219,72.75,75.3499984741211,5611664
2023-11-10 13:15:00,75.3499984741211,76.5,75.19999694824219,75.75,8351586
2023-11-13 09:15:00,76.19999694824219,77.30000305175781,75.3499984741211,76.9000015258789,6511170
2023-11-13 13:15:00,76.9000015258789,77.19999694824219,76.30000305175781,76.69999694824219,5607339
2023-11-15 09:15:00,77.25,78.0,76.30000305175781,76.5,6552106
2023-11-15 13:15:00,76.5,76.5999984741211,75.30000305175781,75.6500015258789,7497394
2023-11-16 09:15:00,75.80000305175781,76.30000305175781,75.05000305175781,75.30000305175781,2924197
2023-11-16 13:15:00,75.25,75.75,75.0,75.30000305175781,3531759
2023-11-17 09:15:00,76.6500015258789,77.80000305175781,76.44999694824219,76.8499984741211,7269850
2023-11-17 13:15:00,76.8499984741211,77.4000015258789,75.9000015258789,76.0,8147392
2023-11-20 09:15:00,76.55000305175781,77.25,76.0999984741211,76.44999694824219,5603528
2023-11-20 13:15:00,76.44999694824219,76.69999694824219,75.75,75.8499984741211,3556292
2023-11-21 09:15:00,76.30000305175781,76.6500015258789,75.3499984741211,76.25,3703320
2023-11-21 13:15:00,76.30000305175781,82.5999984741211,76.30000305175781,81.44999694824219,91404841
2023-11-22 09:15:00,81.75,83.19999694824219,80.4000015258789,81.19999694824219,24945809
2023-11-22 13:15:00,81.19999694824219,81.6500015258789,80.80000305175781,80.94999694824219,9569586
2023-11-23 09:15:00,80.9000015258789,82.5999984741211,80.55000305175781,81.5999984741211,8631591
2023-11-23 13:15:00,81.5999984741211,81.69999694824219,81.0,81.05000305175781,6973488
2023-11-24 09:15:00,81.3499984741211,84.9000015258789,80.19999694824219,83.75,34281855
2023-11-24 13:15:00,83.75,84.4000015258789,81.75,82.0999984741211,15737889
2023-11-28 09:15:00,82.9000015258789,85.25,82.3499984741211,84.69999694824219,13832793
2023-11-28 13:15:00,84.69999694824219,86.3499984741211,84.0,84.69999694824219,24029091
2023-11-29 09:15:00,85.1500015258789,86.25,84.30000305175781,84.55000305175781,11568757
2023-11-29 13:15:00,84.5,84.8499984741211,83.69999694824219,84.19999694824219,11282034
2023-11-30 09:15:00,84.55000305175781,84.5999984741211,81.8499984741211,83.44999694824219,5809064
2023-11-30 13:15:00,83.44999694824219,85.5,83.19999694824219,85.0,21888783
2023-12-01 09:15:00,86.25,87.5999984741211,85.5999984741211,85.80000305175781,6400579
2023-12-01 13:15:00,85.80000305175781,85.94999694824219,84.44999694824219,84.5999984741211,6699078
2023-12-04 09:15:00,87.5,88.0,86.1500015258789,87.44999694824219,8129141
2023-12-04 13:15:00,87.44999694824219,87.5,86.55000305175781,86.5999984741211,5979437
2023-12-05 09:15:00,87.0,87.4000015258789,84.9000015258789,86.1500015258789,7908509
2023-12-05 13:15:00,86.1500015258789,86.30000305175781,85.3499984741211,85.6500015258789,5447146
2023-12-06 09:15:00,86.0,86.4000015258789,84.80000305175781,85.05000305175781,5447562
2023-12-06 13:15:00,85.0,85.3499984741211,84.19999694824219,84.44999694824219,6854569
2023-12-07 09:15:00,84.69999694824219,87.30000305175781,82.9000015258789,86.0,12734080
2023-12-07 13:15:00,86.0,91.6999969482422,85.8499984741211,90.9499969482422,47910708
2023-12-08 09:15:00,91.3499984741211,92.0,87.3499984741211,87.8499984741211,10229161
2023-12-08 13:15:00,87.8499984741211,88.94999694824219,86.5999984741211,88.80000305175781,8531038
2023-12-11 09:15:00,88.94999694824219,91.3499984741211,88.6500015258789,89.69999694824219,8861689
2023-12-11 13:15:00,89.69999694824219,90.5,89.4000015258789,89.69999694824219,5225744
2023-12-12 09:15:00,89.9000015258789,93.25,89.9000015258789,90.5500030517578,9400078
2023-12-12 13:15:00,90.5,91.8000030517578,89.8499984741211,91.0500030517578,8703809
2023-12-13 09:15:00,91.25,92.8000030517578,90.0,92.5999984741211,10964548
2023-12-13 13:15:00,92.5999984741211,92.9499969482422,92.25,92.4000015258789,8563128
2023-12-14 09:15:00,93.6999969482422,96.4499969482422,92.9000015258789,94.8000030517578,18585187
2023-12-14 13:15:00,94.8499984741211,98.4499969482422,93.8000030517578,97.5,29166092
2023-12-15 09:15:00,98.0500030517578,100.4000015258789,95.8000030517578,97.0,10002691
2023-12-15 13:15:00,96.9499969482422,97.1500015258789,95.6999969482422,96.0,8432081
2023-12-18 09:15:00,94.3000030517578,94.5999984741211,92.3499984741211,92.8499984741211,7003093
2023-12-18 13:15:00,92.8499984741211,93.6999969482422,92.6999969482422,93.1999969482422,7088022
2023-12-19 09:15:00,93.5,94.6999969482422,90.5999984741211,91.5,7447537
2023-12-19 13:15:00,91.5500030517578,92.0,91.0999984741211,91.3000030517578,5635688
2023-12-20 09:15:00,91.9000015258789,92.75,89.5,89.6500015258789,6497684
2023-12-20 13:15:00,89.6500015258789,89.80000305175781,82.9000015258789,84.0,28556844
2023-12-21 09:15:00,81.80000305175781,89.6500015258789,81.5999984741211,88.25,15139919
2023-12-21 13:15:00,88.1500015258789,90.6500015258789,87.8499984741211,90.1500015258789,15616603
2023-12-22 09:15:00,90.8499984741211,90.8499984741211,88.19999694824219,89.0,13645865
2023-12-22 13:15:00,89.0,89.94999694824219,88.4000015258789,89.5,5659157
2023-12-26 09:15:00,90.05000305175781,92.6999969482422,89.3499984741211,91.1500015258789,4011125
2023-12-26 13:15:00,91.1999969482422,91.75,90.8499984741211,91.5500030517578,4112714
2023-12-27 09:15:00,95.0999984741211,95.4499969482422,92.6500015258789,92.8000030517578,7408849
2023-12-27 13:15:00,92.8000030517578,93.5500030517578,92.3499984741211,92.5999984741211,7582140
2023-12-28 09:15:00,93.1999969482422,93.1999969482422,90.9000015258789,91.0500030517578,5633025
2023-12-28 13:15:00,91.0500030517578,91.5999984741211,90.9000015258789,91.5500030517578,5400935
2023-12-29 09:15:00,91.3499984741211,92.3499984741211,90.5999984741211,91.4000015258789,5130151
2023-12-29 13:15:00,91.3499984741211,91.5,90.6999969482422,91.0999984741211,5155907
2024-01-01 09:15:00,93.3000030517578,94.1500015258789,91.75,92.9000015258789,10425973
2024-01-01 13:15:00,92.8499984741211,93.5999984741211,92.3499984741211,92.6500015258789,5763259
2024-01-02 09:15:00,95.0,95.0,92.0999984741211,93.0500030517578,7997660
2024-01-02 13:15:00,93.0999984741211,94.4000015258789,92.9000015258789,93.5999984741211,8511411
2024-01-03 09:15:00,93.5999984741211,94.0999984741211,92.8000030517578,93.1999969482422,3050360
2024-01-03 13:15:00,93.25,93.5,92.1999969482422,92.5,5111617
2024-01-04 09:15:00,92.9499969482422,95.9000015258789,92.6500015258789,94.25,19021314
2024-01-04 13:15:00,94.3000030517578,94.6500015258789,93.8000030517578,94.0,7277211
2024-01-05 09:15:00,94.5,97.0,94.4000015258789,95.1500015258789,10253422
2024-01-05 13:15:00,95.1999969482422,95.4000015258789,94.0,94.4499969482422,10919619
2024-01-08 09:15:00,96.5500030517578,96.5500030517578,94.6500015258789,95.0,5594991
2024-01-08 13:15:00,95.0,95.3000030517578,94.0999984741211,94.4000015258789,6589550
2024-01-09 09:15:00,95.25,95.25,93.4000015258789,94.8000030517578,6514782
2024-01-09 13:15:00,94.8000030517578,95.1999969482422,93.8499984741211,94.0,5999174
2024-01-10 09:15:00,94.4499969482422,94.4499969482422,92.25,93.0,6240598
2024-01-10 13:15:00,93.0,94.0,88.9000015258789,90.5500030517578,20827092
2024-01-11 09:15:00,90.9000015258789,93.4000015258789,90.9000015258789,93.0999984741211,7290651
2024-01-11 13:15:00,93.0500030517578,93.6999969482422,92.75,93.0999984741211,7290718
2024-01-12 09:15:00,94.1999969482422,95.4499969482422,93.6999969482422,94.6500015258789,8357431
2024-01-12 13:15:00,94.6500015258789,95.0,93.9499969482422,94.0999984741211,5980474
2024-01-15 09:15:00,94.75,98.5,93.5500030517578,97.9499969482422,30070337
2024-01-15 13:15:00,98.0,103.75,97.5999984741211,102.5999984741211,80553423
2024-01-16 09:15:00,103.5999984741211,103.6500015258789,97.9000015258789,98.0500030517578,23582914
2024-01-16 13:15:00,98.0500030517578,100.6500015258789,97.4000015258789,100.1999969482422,19803129
2024-01-17 09:15:00,97.8499984741211,104.8499984741211,97.0,101.0,27934304
2024-01-17 13:15:00,100.9499969482422,102.0500030517578,100.0500030517578,101.5,12304326
2024-01-18 09:15:00,101.5500030517578,102.1500015258789,96.75,99.9499969482422,8643135
2024-01-18 13:15:00,99.9000015258789,101.6999969482422,99.0500030517578,101.1500015258789,8567433
2024-01-19 09:15:00,101.25,106.75,101.1999969482422,106.0999984741211,37570830
2024-01-19 13:15:00,106.0999984741211,107.3000030517578,104.5500030517578,104.9499969482422,24711102
2024-01-23 09:15:00,112.8000030517578,116.4000015258789,106.25,107.3000030517578,15293977
2024-01-23 13:15:00,107.3499984741211,107.4000015258789,102.5999984741211,104.5,16546193
2024-01-24 09:15:00,104.5,110.4000015258789,102.6999969482422,108.3000030517578,15257400
2024-01-24 13:15:00,108.3000030517578,114.0,107.8499984741211,113.1500015258789,29473752
2024-01-25 09:15:00,114.1999969482422,118.9000015258789,112.5500030517578,118.1999969482422,24930576
2024-01-25 13:15:00,118.3000030517578,118.4000015258789,115.6500015258789,115.9499969482422,14324091
2024-01-29 09:15:00,121.4000015258789,134.39999389648438,120.8499984741211,131.35000610351562,44602500
2024-01-29 13:15:00,131.39999389648438,132.6999969482422,128.0,130.1999969482422,26843217
2024-01-30 09:15:00,134.35000610351562,134.35000610351562,126.8000030517578,128.35000610351562,10486945
2024-01-30 13:15:00,128.35000610351562,131.0,127.0,128.5,16196104
2024-01-31 09:15:00,128.6999969482422,132.14999389648438,127.4000015258789,130.3000030517578,10129321
2024-01-31 13:15:00,130.3000030517578,132.8000030517578,129.3000030517578,131.9499969482422,17448531
2024-02-01 09:15:00,132.3000030517578,132.3000030517578,125.9000015258789,128.14999389648438,17913106
2024-02-01 13:15:00,128.1999969482422,128.5,126.5999984741211,127.5999984741211,9253554
2024-02-02 09:15:00,129.39999389648438,146.25,128.6999969482422,139.89999389648438,120649065
2024-02-02 13:15:00,139.9499969482422,143.5,139.4499969482422,142.9499969482422,30140798
2024-02-05 09:15:00,144.85000610351562,168.10000610351562,144.85000610351562,167.8000030517578,35961209
2024-02-05 13:15:00,167.8000030517578,170.35000610351562,135.5,148.6999969482422,120573017
2024-02-06 09:15:00,151.9499969482422,159.4499969482422,144.0500030517578,146.60000610351562,21364481
2024-02-06 13:15:00,146.60000610351562,148.0,145.8000030517578,147.1999969482422,19471942
2024-02-07 09:15:00,148.3000030517578,157.3000030517578,145.8000030517578,148.89999389648438,18196939
2024-02-07 13:15:00,149.0,149.60000610351562,145.75,147.4499969482422,12774475
2024-02-08 09:15:00,156.0,160.89999389648438,148.14999389648438,149.89999389648438,19770332
2024-02-08 13:15:00,149.85000610351562,151.5500030517578,149.0500030517578,150.6999969482422,16759691
2024-02-09 09:15:00,151.39999389648438,151.89999389648438,137.60000610351562,141.75,19664828
2024-02-09 13:15:00,141.75,141.8000030517578,138.8000030517578,141.25,15917451
2024-02-12 09:15:00,128.0500030517578,130.60000610351562,112.4499969482422,112.4499969482422,46981575
2024-02-12 13:15:00,112.4499969482422,112.4499969482422,112.4499969482422,112.4499969482422,7019119
2024-02-13 09:15:00,105.5,113.9000015258789,100.6999969482422,106.8000030517578,46940183
2024-02-13 13:15:00,106.75,109.1999969482422,105.5999984741211,109.0999984741211,27019867
2024-02-14 09:15:00,105.9000015258789,118.4000015258789,105.8499984741211,115.1999969482422,53369472
2024-02-14 13:15:00,115.1999969482422,123.0999984741211,114.3499984741211,121.5,49972202
2024-02-15 09:15:00,123.0,128.14999389648438,123.0,125.25,24925915
2024-02-15 13:15:00,125.1999969482422,126.3000030517578,123.8499984741211,124.5500030517578,21866902
2024-02-16 09:15:00,125.3499984741211,125.9000015258789,118.6500015258789,120.6500015258789,10164339
2024-02-16 13:15:00,120.6500015258789,122.6500015258789,120.0,120.5,18381726
2024-02-19 09:15:00,121.5,127.5999984741211,121.25,124.9499969482422,12334332
2024-02-19 13:15:00,125.0500030517578,128.5,124.3000030517578,125.5500030517578,19491681
2024-02-20 09:15:00,125.8499984741211,125.9000015258789,122.5,123.8000030517578,5892078
2024-02-20 13:15:00,123.8000030517578,124.5999984741211,121.8499984741211,123.0999984741211,10647302
2024-02-21 09:15:00,122.1500015258789,122.5,119.5999984741211,120.6999969482422,6552059
2024-02-21 13:15:00,120.6999969482422,121.5,119.1999969482422,121.1500015258789,9128336
2024-02-22 09:15:00,121.0500030517578,121.3499984741211,115.8499984741211,119.3499984741211,9206988
2024-02-22 13:15:00,119.3499984741211,123.3000030517578,119.1999969482422,121.3499984741211,11355343
2024-02-23 09:15:00,122.0999984741211,122.0999984741211,119.8000030517578,120.3499984741211,4939223
2024-02-23 13:15:00,120.3499984741211,120.4000015258789,119.0,119.4000015258789,6064218
2024-02-26 09:15:00,119.8000030517578,127.4000015258789,118.5,123.0500030517578,20509725
2024-02-26 13:15:00,123.1500015258789,123.9000015258789,119.75,120.75,13919247
2024-02-27 09:15:00,122.3000030517578,124.0,121.4000015258789,122.0,5656998
2024-02-27 13:15:00,122.0,123.25,121.0500030517578,121.9000015258789,8753834
2024-02-28 09:15:00,123.4000015258789,123.9000015258789,117.3000030517578,117.3499984741211,12269906
2024-02-28 13:15:00,117.0999984741211,119.75,116.6500015258789,118.1999969482422,8388106
2024-02-29 09:15:00,118.4499969482422,120.8499984741211,115.5500030517578,119.75,10636848
2024-02-29 13:15:00,119.8000030517578,122.5,118.4499969482422,122.3000030517578,8648729
2024-03-01 09:15:00,122.8499984741211,123.5,121.5999984741211,121.9000015258789,2988964
2024-03-01 13:15:00,121.9000015258789,122.0,120.8499984741211,121.3000030517578,4560849
2024-03-04 09:15:00,124.5500030517578,125.5,121.75,122.1500015258789,16208903
2024-03-04 13:15:00,122.25,122.9499969482422,121.9499969482422,122.0999984741211,5873346
2024-03-05 09:15:00,121.6500015258789,123.5500030517578,120.3499984741211,122.1500015258789,5776967
2024-03-05 13:15:00,122.1500015258789,122.75,121.0,121.4499969482422,4845497
2024-03-06 09:15:00,121.5500030517578,121.8499984741211,116.9000015258789,118.0999984741211,5448529
2024-03-06 13:15:00,118.0,119.8499984741211,118.0,119.0999984741211,4869699
2024-03-07 09:15:00,119.6500015258789,120.0999984741211,118.25,119.1999969482422,2928107
2024-03-07 13:15:00,119.1500015258789,123.5,118.6500015258789,121.25,16116438
2024-03-11 09:15:00,122.8000030517578,122.8000030517578,120.3000030517578,120.8499984741211,3942889
2024-03-11 13:15:00,120.8499984741211,121.0500030517578,119.1500015258789,119.5999984741211,4450342
2024-03-12 09:15:00,119.8000030517578,119.8000030517578,112.3000030517578,113.4499969482422,8320639
2024-03-12 13:15:00,113.4499969482422,114.8499984741211,111.0999984741211,111.75,7421939
2024-03-13 09:15:00,112.1500015258789,114.3000030517578,102.4000015258789,104.9000015258789,18121602
2024-03-13 13:15:00,104.9000015258789,105.8000030517578,98.9000015258789,100.1999969482422,18919449
2024-03-14 09:15:00,99.6500015258789,114.5999984741211,98.25,111.8499984741211,33596212
2024-03-14 13:15:00,111.8499984741211,120.0,111.8499984741211,117.9000015258789,38122629
2024-03-15 09:15:00,115.8000030517578,120.75,114.0,118.1500015258789,21679911
2024-03-15 13:15:00,118.25,127.9000015258789,117.6500015258789,127.0,73945810
2024-03-18 09:15:00,127.4000015258789,130.8000030517578,125.1500015258789,126.75,16420892
2024-03-18 13:15:00,126.8000030517578,126.9000015258789,122.25,123.3499984741211,15776376
2024-03-19 09:15:00,121.9499969482422,124.0500030517578,118.5999984741211,119.6500015258789,9390061
2024-03-19 13:15:00,119.6500015258789,120.6999969482422,118.0,118.5999984741211,9313149
2024-03-20 09:15:00,120.0999984741211,120.6999969482422,115.25,118.9000015258789,13794960
2024-03-20 13:15:00,118.9499969482422,119.0,116.8499984741211,117.75,9993958
2024-03-21 09:15:00,120.3499984741211,124.25,119.1999969482422,121.5,7785728
2024-03-21 13:15:00,121.5,122.1500015258789,120.3000030517578,120.5999984741211,6270486
2024-03-22 09:15:00,120.5999984741211,123.1999969482422,120.0,122.5500030517578,6836234
2024-03-22 13:15:00,122.5500030517578,124.6999969482422,122.25,122.5500030517578,10368952
2024-03-26 09:15:00,122.0,123.6500015258789,120.5500030517578,122.5500030517578,6359945
2024-03-26 13:15:00,122.5999984741211,123.1999969482422,121.0,121.3000030517578,5694302
2024-03-27 09:15:00,122.0,127.1500015258789,121.9000015258789,124.5,13185413
2024-03-27 13:15:00,124.5500030517578,124.6999969482422,122.0500030517578,122.9499969482422,12691468
2024-03-28 09:15:00,124.0999984741211,124.5500030517578,122.5500030517578,122.9000015258789,4942869
2024-03-28 13:15:00,122.9499969482422,123.0500030517578,121.0,121.6500015258789,6938222
2024-04-01 09:15:00,123.25,125.3000030517578,122.9499969482422,124.75,5132117
2024-04-01 13:15:00,124.6999969482422,125.9499969482422,124.5,125.4000015258789,8421470
2024-04-02 09:15:00,125.8499984741211,128.5500030517578,124.1500015258789,127.9000015258789,12775365
2024-04-02 13:15:00,127.9000015258789,134.64999389648438,127.4000015258789,132.39999389648438,48695717
2024-04-03 09:15:00,131.0,135.89999389648438,131.0,133.9499969482422,11528687
2024-04-03 13:15:00,133.9499969482422,134.35000610351562,133.0,133.35000610351562,9174724
2024-04-04 09:15:00,134.6999969482422,135.64999389648438,131.0500030517578,132.35000610351562,6885046
2024-04-04 13:15:00,132.25,132.75,131.1999969482422,131.85000610351562,5999874
2024-04-05 09:15:00,131.25,137.5,128.8000030517578,135.1999969482422,26586623
2024-04-05 13:15:00,135.1999969482422,136.9499969482422,134.75,135.39999389648438,13429069
2024-04-08 09:15:00,136.5500030517578,137.0,134.0500030517578,135.10000610351562,5275147
2024-04-08 13:15:00,135.1999969482422,135.6999969482422,133.4499969482422,135.14999389648438,7674748
2024-04-09 09:15:00,135.4499969482422,135.60000610351562,131.35000610351562,131.35000610351562,6533657
2024-04-09 13:15:00,131.1999969482422,131.60000610351562,130.3000030517578,131.0,8069349
2024-04-10 09:15:00,131.1999969482422,133.0,130.64999389648438,132.60000610351562,6555537
2024-04-10 13:15:00,132.5,133.5500030517578,132.0500030517578,132.14999389648438,6219103
2024-04-12 09:15:00,131.1999969482422,133.3000030517578,130.35000610351562,133.25,6314511
2024-04-12 13:15:00,133.1999969482422,134.0,130.5,130.89999389648438,6360382
2024-04-15 09:15:00,123.0,127.0,121.75,125.6999969482422,15606170
2024-04-15 13:15:00,125.6999969482422,126.0,123.5500030517578,124.4000015258789,7229489
2024-04-16 09:15:00,123.3000030517578,127.5,123.3000030517578,126.5999984741211,6519771
2024-04-16 13:15:00,126.6999969482422,128.39999389648438,126.1999969482422,127.25,6869511
2024-04-18 09:15:00,127.75,129.64999389648438,126.3499984741211,129.10000610351562,7162651
2024-04-18 13:15:00,129.0500030517578,130.4499969482422,127.25,127.5500030517578,11416724
2024-04-19 09:15:00,124.4499969482422,126.5999984741211,122.8000030517578,126.25,6691714
2024-04-19 13:15:00,126.1500015258789,126.5,123.9000015258789,124.5,8873607
2024-04-22 09:15:00,125.9499969482422,128.6999969482422,125.9499969482422,128.25,4785141
2024-04-22 13:15:00,128.14999389648438,129.10000610351562,128.0500030517578,128.39999389648438,5257077
2024-04-23 09:15:00,128.5,129.64999389648438,127.5,128.6999969482422,5112139
2024-04-23 13:15:00,128.75,131.0,128.5500030517578,129.14999389648438,7418012
2024-04-24 09:15:00,130.10000610351562,131.64999389648438,128.85000610351562,131.1999969482422,6540125
2024-04-24 13:15:00,131.1999969482422,131.25,129.1999969482422,129.5,4075139
2024-04-25 09:15:00,130.10000610351562,134.39999389648438,129.85000610351562,133.5,7667731
2024-04-25 13:15:00,133.39999389648438,133.6999969482422,132.4499969482422,132.6999969482422,6783138
2024-04-26 09:15:00,133.5500030517578,137.25,131.85000610351562,136.64999389648438,22100631
2024-04-26 13:15:00,136.60000610351562,137.10000610351562,134.3000030517578,134.5,8944691
2024-04-29 09:15:00,136.25,141.1999969482422,135.39999389648438,137.3000030517578,6497423
2024-04-29 13:15:00,137.3000030517578,137.4499969482422,136.0,137.0500030517578,6538148
2024-04-30 09:15:00,137.6999969482422,139.25,135.5,136.14999389648438,7075245
2024-04-30 13:15:00,136.14999389648438,137.35000610351562,133.89999389648438,134.75,7414758
2024-05-02 09:15:00,135.0500030517578,138.60000610351562,133.8000030517578,137.3000030517578,6535460
2024-05-02 13:15:00,137.3000030517578,137.5500030517578,136.0,136.89999389648438,5085200
2024-05-03 09:15:00,137.60000610351562,139.5500030517578,134.4499969482422,135.1999969482422,7390429
2024-05-03 13:15:00,135.1999969482422,135.60000610351562,133.10000610351562,135.3000030517578,5316487
2024-05-06 09:15:00,136.35000610351562,136.8000030517578,130.5,132.64999389648438,5636993
2024-05-06 13:15:00,132.64999389648438,134.0500030517578,132.0500030517578,132.25,4853616
2024-05-07 09:15:00,131.5,132.60000610351562,125.5999984741211,125.9000015258789,17094569
2024-05-07 13:15:00,125.8499984741211,127.9000015258789,125.8000030517578,126.9499969482422,5034762
2024-05-08 09:15:00,126.5999984741211,130.1999969482422,125.25,129.5,4757535
2024-05-08 13:15:00,129.5,130.14999389648438,127.5,128.5,3512562
2024-05-09 09:15:00,128.3000030517578,129.4499969482422,125.75,126.1500015258789,4418144
2024-05-09 13:15:00,126.1500015258789,126.1500015258789,123.0,124.25,6295500
2024-05-10 09:15:00,124.8499984741211,125.6999969482422,119.9499969482422,124.0999984741211,3807123
2024-05-10 13:15:00,124.1500015258789,125.5,123.8000030517578,125.5,3090541
2024-05-13 09:15:00,124.6500015258789,125.1999969482422,120.8499984741211,123.25,4455104
2024-05-13 13:15:00,123.25,124.25,122.0999984741211,123.4000015258789,3084012
2024-05-14 09:15:00,124.5,128.64999389648438,124.5,127.8000030517578,5513084
2024-05-14 13:15:00,127.8499984741211,131.39999389648438,127.5999984741211,129.75,8026517
2024-05-15 09:15:00,130.60000610351562,131.6999969482422,128.89999389648438,130.0,2820308
2024-05-15 13:15:00,130.0500030517578,130.1999969482422,128.89999389648438,129.39999389648438,2575845
2024-05-16 09:15:00,130.3000030517578,133.39999389648438,130.3000030517578,130.89999389648438,10581357
2024-05-16 13:15:00,130.89999389648438,132.1999969482422,130.10000610351562,131.89999389648438,3920021
2024-05-17 09:15:00,132.1999969482422,134.5,131.39999389648438,134.14999389648438,6832409
2024-05-17 13:15:00,134.14999389648438,135.85000610351562,134.0500030517578,134.4499969482422,9361014
2024-05-21 09:15:00,134.6999969482422,150.60000610351562,133.5500030517578,146.10000610351562,61902132
2024-05-21 13:15:00,146.0500030517578,149.35000610351562,145.1999969482422,148.3000030517578,18221312
2024-05-22 09:15:00,149.85000610351562,153.0,144.5500030517578,145.0500030517578,5122030
2024-05-22 13:15:00,145.10000610351562,147.0,144.89999389648438,146.25,6915850
2024-05-23 09:15:00,146.60000610351562,152.0,144.85000610351562,147.1999969482422,12518575
2024-05-23 13:15:00,147.1999969482422,148.14999389648438,146.60000610351562,147.3000030517578,5643633
2024-05-24 09:15:00,147.39999389648438,149.60000610351562,145.14999389648438,146.14999389648438,3487844
2024-05-24 13:15:00,146.14999389648438,146.60000610351562,143.64999389648438,145.3000030517578,5195808
2024-05-27 09:15:00,145.8000030517578,147.10000610351562,142.0,144.1999969482422,3141642
2024-05-27 13:15:00,144.25,146.14999389648438,143.9499969482422,144.5,5549660
2024-05-28 09:15:00,144.89999389648438,145.4499969482422,137.64999389648438,139.14999389648438,7284891
2024-05-28 13:15:00,139.0500030517578,139.5,138.5,139.0,4741002
2024-05-29 09:15:00,138.6999969482422,141.39999389648438,136.0,139.8000030517578,3280709
2024-05-29 13:15:00,139.6999969482422,141.5,139.0,139.6999969482422,5840527
2024-05-30 09:15:00,133.3000030517578,136.39999389648438,131.64999389648438,134.85000610351562,9762585
2024-05-30 13:15:00,134.85000610351562,134.85000610351562,132.85000610351562,133.75,6372266
2024-05-31 09:15:00,135.39999389648438,136.5,130.60000610351562,132.89999389648438,12921820
2024-05-31 13:15:00,132.89999389648438,143.0,132.75,143.0,17956870
2024-06-03 09:15:00,150.6999969482422,150.6999969482422,141.35000610351562,143.39999389648438,15561657
2024-06-03 13:15:00,143.4499969482422,144.25,142.64999389648438,143.1999969482422,9947998
2024-06-04 09:15:00,138.0,138.0,114.5500030517578,125.4000015258789,34916314
2024-06-04 13:15:00,125.4000015258789,130.35000610351562,122.0500030517578,124.0,15102185
2024-06-05 09:15:00,126.75,128.14999389648438,116.9499969482422,125.9000015258789,10347395
2024-06-05 13:15:00,125.9000015258789,128.35000610351562,125.5,126.8000030517578,5105060
2024-06-06 09:15:00,128.89999389648438,133.8000030517578,128.8000030517578,129.6999969482422,6932690
2024-06-06 13:15:00,129.6999969482422,131.9499969482422,129.6999969482422,131.89999389648438,4716808
2024-06-07 09:15:00,130.5500030517578,133.0,129.1999969482422,131.89999389648438,3946884
2024-06-07 13:15:00,131.85000610351562,134.6999969482422,131.5,133.1999969482422,7857241
2024-06-10 09:15:00,135.25,135.25,132.4199981689453,133.0399932861328,4218125
2024-06-10 13:15:00,133.0800018310547,133.3000030517578,131.9499969482422,132.38999938964844,4200420
2024-06-11 09:15:00,133.61000061035156,134.5,132.27000427246094,133.67999267578125,3667717
2024-06-11 13:15:00,133.75,135.39999389648438,133.00999450683594,133.85000610351562,5601793
2024-06-12 09:15:00,134.16000366210938,136.57000732421875,133.83999633789062,134.4199981689453,3145374
2024-06-12 13:15:00,134.5,134.6999969482422,133.80999755859375,134.35000610351562,3089167
2024-06-13 09:15:00,135.00999450683594,135.3699951171875,132.44000244140625,133.3000030517578,3025050
2024-06-13 13:15:00,133.33999633789062,133.49000549316406,132.8000030517578,133.3000030517578,2530053
2024-06-14 09:15:00,133.52999877929688,138.85000610351562,131.85000610351562,135.94000244140625,12493516
2024-06-14 13:15:00,135.94000244140625,136.14999389648438,134.57000732421875,135.0,4069022
2024-06-18 09:15:00,135.69000244140625,136.1999969482422,134.22999572753906,134.3699951171875,2282914
2024-06-18 13:15:00,134.35000610351562,134.5500030517578,133.7899932861328,134.0,2842343
2024-06-19 09:15:00,134.0,134.11000061035156,130.5,132.57000732421875,2251905
2024-06-19 13:15:00,132.57000732421875,133.47999572753906,131.60000610351562,132.14999389648438,2930963
2024-06-20 09:15:00,132.47999572753906,134.3800048828125,131.41000366210938,132.50999450683594,3680344
2024-06-20 13:15:00,132.5500030517578,133.10000610351562,132.00999450683594,132.10000610351562,2442694
2024-06-21 09:15:00,132.27000427246094,134.17999267578125,131.25999450683594,131.88999938964844,4087707
2024-06-21 13:15:00,131.88999938964844,132.66000366210938,131.61000061035156,131.94000244140625,3176413
2024-06-24 09:15:00,131.63999938964844,132.5500030517578,130.72000122070312,131.39999389648438,1667283
2024-06-24 13:15:00,131.38999938964844,132.49000549316406,131.0,131.1999969482422,2357076
2024-06-25 09:15:00,131.89999389648438,132.42999267578125,130.25999450683594,130.39999389648438,1723682
2024-06-25 13:15:00,130.4600067138672,130.4600067138672,128.72000122070312,129.3300018310547,2513608
2024-06-26 09:15:00,129.99000549316406,132.1999969482422,128.3300018310547,130.80999755859375,5677531
2024-06-26 13:15:00,130.80999755859375,131.47000122070312,129.25,129.39999389648438,2905607
2024-06-27 09:15:00,131.2899932861328,133.3000030517578,130.63999938964844,131.11000061035156,3522780
2024-06-27 13:15:00,131.0500030517578,133.3000030517578,129.72000122070312,132.5,8316485
2024-06-28 09:15:00,132.99000549316406,133.1999969482422,130.60000610351562,132.4499969482422,2919945
2024-06-28 13:15:00,132.4499969482422,132.75,131.1199951171875,131.5,2358601
2024-07-01 09:15:00,132.35000610351562,132.89999389648438,130.64999389648438,131.8000030517578,3698827
2024-07-01 13:15:00,131.8000030517578,132.0500030517578,131.39999389648438,132.0,2099500
2024-07-02 09:15:00,132.5,132.5800018310547,130.50999450683594,131.19000244140625,2804837
2024-07-02 13:15:00,131.1999969482422,131.42999267578125,130.80999755859375,131.0,1874653
2024-07-03 09:15:00,131.5500030517578,136.85000610351562,130.61000061035156,134.9199981689453,22409487
2024-07-03 13:15:00,134.9199981689453,137.0,134.5800018310547,135.75999450683594,12713537
2024-07-04 09:15:00,136.9499969482422,142.0,136.5500030517578,139.0,34089844
2024-07-04 13:15:00,139.05999755859375,141.1999969482422,138.5,140.19000244140625,12996347
2024-07-05 09:15:00,140.67999267578125,142.64999389648438,139.4600067138672,140.88999938964844,4873963
2024-07-05 13:15:00,140.82000732421875,144.1999969482422,140.58999633789062,141.8000030517578,21458081
2024-07-08 09:15:00,143.60000610351562,146.24000549316406,142.0,143.32000732421875,7794520
2024-07-08 13:15:00,143.30999755859375,143.99000549316406,142.2100067138672,142.8800048828125,6171681
2024-07-09 09:15:00,144.33999633789062,149.0,143.05999755859375,146.60000610351562,11918351
2024-07-09 13:15:00,146.64999389648438,147.24000549316406,144.5800018310547,145.5500030517578,8712605
2024-07-10 09:15:00,145.58999633789062,146.8800048828125,136.1300048828125,141.5500030517578,12870999
2024-07-10 13:15:00,141.5399932861328,143.8000030517578,140.11000061035156,142.63999938964844,8692946
2024-07-11 09:15:00,143.42999267578125,147.33999633789062,142.4199981689453,145.4199981689453,18518196
2024-07-11 13:15:00,145.4199981689453,151.5500030517578,145.0,151.5500030517578,42105926
2024-07-12 09:15:00,153.3000030517578,156.99000549316406,150.14999389648438,152.85000610351562,28506102
2024-07-12 13:15:00,152.89999389648438,153.38999938964844,150.0,151.0,14123493
2024-07-15 09:15:00,151.5,158.0,147.6300048828125,154.8699951171875,38443778
2024-07-15 13:15:00,154.77999877929688,155.6999969482422,152.5500030517578,153.77999877929688,11546840
2024-07-16 09:15:00,155.3699951171875,156.0,152.14999389648438,152.32000732421875,5431692
2024-07-16 13:15:00,152.3300018310547,152.6999969482422,150.50999450683594,151.3300018310547,5223949
2024-07-18 09:15:00,151.8800048828125,153.38999938964844,144.60000610351562,147.52000427246094,20760331
2024-07-18 13:15:00,147.63999938964844,148.24000549316406,145.60000610351562,146.5,5126138
2024-07-19 09:15:00,144.11000061035156,147.49000549316406,141.16000366210938,142.2899932861328,14832080
2024-07-19 13:15:00,142.1999969482422,143.89999389648438,140.25999450683594,140.75,6313778
2024-07-22 09:15:00,138.7899932861328,144.74000549316406,138.27999877929688,144.10000610351562,3750004
2024-07-22 13:15:00,144.0399932861328,144.58999633789062,143.11000061035156,144.39999389648438,3334479
2024-07-23 09:15:00,145.25,146.75,130.1699981689453,138.49000549316406,15720144
2024-07-23 13:15:00,138.6199951171875,149.0,137.57000732421875,146.19000244140625,13595698
2024-07-24 09:15:00,143.88999938964844,148.25,143.55999755859375,144.64999389648438,3686578
2024-07-24 13:15:00,144.57000732421875,145.72000122070312,144.00999450683594,144.5,4185421
2024-07-25 09:15:00,142.00999450683594,143.47999572753906,140.63999938964844,142.1999969482422,3220170
2024-07-25 13:15:00,142.19000244140625,142.3000030517578,140.6199951171875,141.0,2773344
2024-07-26 09:15:00,157.3800048828125,159.52000427246094,151.10000610351562,152.5500030517578,70539534
2024-07-26 13:15:00,152.60000610351562,152.60000610351562,147.50999450683594,148.0,24754923
2024-07-29 09:15:00,149.39999389648438,152.24000549316406,148.05999755859375,151.1999969482422,9292102
2024-07-29 13:15:00,151.27999877929688,151.6199951171875,149.60000610351562,150.47000122070312,7391042
2024-07-30 09:15:00,149.67999267578125,151.89999389648438,149.41000366210938,150.49000549316406,10129747
2024-07-30 13:15:00,150.41000366210938,151.44000244140625,149.8300018310547,150.6999969482422,5327842
2024-07-31 09:15:00,151.35000610351562,153.6199951171875,149.0,152.47999572753906,11732275
2024-07-31 13:15:00,152.4600067138672,152.49000549316406,147.0,148.5,8086966
2024-08-01 09:15:00,149.60000610351562,150.0,146.61000061035156,146.9499969482422,7072799
2024-08-01 13:15:00,146.99000549316406,148.2100067138672,146.00999450683594,146.44000244140625,4419423
2024-08-02 09:15:00,142.92999267578125,144.89999389648438,142.3800048828125,143.97000122070312,8717236
2024-08-02 13:15:00,143.91000366210938,144.60000610351562,143.30999755859375,144.10000610351562,3077440
2024-08-05 09:15:00,138.91000366210938,142.1999969482422,136.63999938964844,138.25,7887022
2024-08-05 13:15:00,138.24000549316406,140.58999633789062,137.57000732421875,138.2899932861328,5683808
2024-08-06 09:15:00,141.89999389648438,143.4199981689453,140.00999450683594,141.58999633789062,2814225
2024-08-06 13:15:00,141.5399932861328,141.5800018310547,135.0,135.7899932861328,6104406
2024-08-07 09:15:00,139.07000732421875,139.41000366210938,136.77999877929688,139.0800018310547,2619587
2024-08-07 13:15:00,139.0,141.4499969482422,138.41000366210938,140.8000030517578,3362290
2024-08-08 09:15:00,139.99000549316406,140.9600067138672,138.83999633789062,139.58999633789062,2336295
2024-08-08 13:15:00,139.4600067138672,143.3000030517578,138.36000061035156,139.2899932861328,6225432
2024-08-09 09:15:00,141.6999969482422,142.69000244140625,139.32000732421875,140.0,2643084
2024-08-09 13:15:00,140.0,140.77999877929688,138.5,138.5,3026393
2024-08-12 09:15:00,138.0,141.88999938964844,137.02000427246094,140.52999877929688,5454321
2024-08-12 13:15:00,140.5399932861328,141.6999969482422,140.00999450683594,140.10000610351562,3700456
2024-08-13 09:15:00,141.2100067138672,143.25,139.3300018310547,139.77000427246094,6112538
2024-08-13 13:15:00,139.8300018310547,140.25999450683594,135.75999450683594,137.1999969482422,3328962
2024-08-14 09:15:00,145.11000061035156,148.72000122070312,142.02000427246094,143.9600067138672,64212799
2024-08-14 13:15:00,143.92999267578125,144.08999633789062,140.77999877929688,142.10000610351562,13085068
2024-08-16 09:15:00,144.14999389648438,144.5500030517578,142.00999450683594,143.13999938964844,2524948
2024-08-16 13:15:00,143.08999633789062,143.39999389648438,142.14999389648438,142.60000610351562,3962781
2024-08-19 09:15:00,143.6999969482422,143.6999969482422,140.74000549316406,141.25,3535210
2024-08-19 13:15:00,141.25,141.49000549316406,140.8000030517578,141.14999389648438,3184712
2024-08-20 09:15:00,141.77000427246094,141.77000427246094,138.61000061035156,138.89999389648438,3017592
2024-08-20 13:15:00,138.89999389648438,139.17999267578125,138.14999389648438,138.5500030517578,3102676
2024-08-21 09:15:00,137.83999633789062,138.5,136.35000610351562,136.67999267578125,3331982
2024-08-21 13:15:00,136.63999938964844,137.3000030517578,136.0,137.3000030517578,3908580
2024-08-22 09:15:00,136.33999633789062,136.33999633789062,133.0,133.4600067138672,6708766
2024-08-22 13:15:00,133.4600067138672,133.7899932861328,133.0,133.2899932861328,4600627
2024-08-23 09:15:00,133.2899932861328,135.88999938964844,132.0,134.07000732421875,11272037
2024-08-23 13:15:00,134.1199951171875,134.35000610351562,133.3000030517578,134.0,3234190
2024-08-26 09:15:00,134.5500030517578,135.25999450683594,133.41000366210938,133.6699981689453,1919754
2024-08-26 13:15:00,133.6699981689453,134.10000610351562,133.35000610351562,133.39999389648438,2465010
2024-08-27 09:15:00,133.88999938964844,134.42999267578125,133.0,133.1199951171875,3296113
2024-08-27 13:15:00,133.17999267578125,133.39999389648438,132.5,132.7100067138672,1555385
2024-08-28 09:15:00,133.0,133.35000610351562,132.00999450683594,132.72000122070312,5450998
2024-08-28 13:15:00,132.6999969482422,132.8699951171875,132.10000610351562,132.1999969482422,1952163
2024-08-29 09:15:00,132.88999938964844,136.5,132.41000366210938,133.75,13947131
2024-08-29 13:15:00,133.6699981689453,134.0800018310547,132.6999969482422,133.6999969482422,4069410
2024-08-30 09:15:00,134.10000610351562,134.27000427246094,132.60000610351562,133.57000732421875,5391872
2024-08-30 13:15:00,133.52000427246094,134.0,133.0,133.1999969482422,2222455
2024-09-02 09:15:00,139.5,139.5,135.72999572753906,136.0,13366198
2024-09-02 13:15:00,136.0500030517578,137.0800018310547,135.36000061035156,136.1999969482422,6194223
2024-09-03 09:15:00,136.75,136.75,135.02000427246094,135.39999389648438,1401981
2024-09-03 13:15:00,135.47000122070312,136.25,135.24000549316406,135.7899932861328,2271636
2024-09-04 09:15:00,132.7899932861328,134.58999633789062,132.7899932861328,133.6300048828125,1476990
2024-09-04 13:15:00,133.67999267578125,133.9499969482422,133.3000030517578,133.89999389648438,1470807
2024-09-05 09:15:00,134.2899932861328,134.2899932861328,132.89999389648438,133.10000610351562,2811136
2024-09-05 13:15:00,133.0500030517578,133.25,132.5,132.67999267578125,2217404
2024-09-06 09:15:00,132.6699981689453,133.2100067138672,129.85000610351562,131.02000427246094,4860290
2024-09-06 13:15:00,130.9600067138672,131.05999755859375,130.0399932861328,130.94000244140625,2357972
2024-09-09 09:15:00,129.80999755859375,129.80999755859375,124.87000274658205,125.77999877929688,3082679
2024-09-09 13:15:00,125.77999877929688,126.75,125.75,126.75,3323311
2024-09-10 09:15:00,128.1300048828125,131.7100067138672,128.1300048828125,129.9600067138672,8224835
2024-09-10 13:15:00,129.9600067138672,134.39999389648438,129.75,134.13999938964844,16418995
2024-09-11 09:15:00,134.0,134.0,131.6699981689453,131.85000610351562,1590198
2024-09-11 13:15:00,131.85000610351562,132.35000610351562,131.0,131.8300018310547,1725291
2024-09-12 09:15:00,132.5,132.5,129.41000366210938,129.88999938964844,3828567
2024-09-12 13:15:00,129.88999938964844,132.0,129.60000610351562,131.2899932861328,4012779
2024-09-13 09:15:00,131.39999389648438,132.8000030517578,130.58999633789062,131.42999267578125,1036824
2024-09-13 13:15:00,131.49000549316406,131.49000549316406,130.2100067138672,130.5,1690749
2024-09-16 09:15:00,131.0,132.1999969482422,129.6999969482422,130.77999877929688,2231662
2024-09-16 13:15:00,130.8000030517578,130.8000030517578,129.5,129.94000244140625,1614585
2024-09-17 09:15:00,130.5500030517578,132.1999969482422,129.75,130.6300048828125,4725953
2024-09-17 13:15:00,130.6300048828125,130.6999969482422,129.1999969482422,129.6999969482422,2052498
2024-09-18 09:15:00,130.39999389648438,131.8000030517578,129.5399932861328,129.6699981689453,1572733
2024-09-18 13:15:00,129.6699981689453,129.6699981689453,128.7899932861328,129.08999633789062,1878167
2024-09-19 09:15:00,130.8000030517578,130.85000610351562,125.54000091552734,128.0,4040636
2024-09-19 13:15:00,127.6500015258789,129.25,127.23999786376952,128.0,2216269
2024-09-20 09:15:00,128.99000549316406,130.4499969482422,127.94000244140624,129.6199951171875,3810548
2024-09-20 13:15:00,129.6199951171875,130.89999389648438,128.64999389648438,130.0,2771381
2024-09-23 09:15:00,130.6999969482422,131.39999389648438,129.22999572753906,129.5500030517578,1452655
2024-09-23 13:15:00,129.5800018310547,129.75999450683594,128.0,128.94000244140625,2116797
2024-09-24 09:15:00,129.0,130.75,128.5399932861328,129.5,3700492
2024-09-24 13:15:00,129.5,130.3000030517578,129.1199951171875,129.5,1733807
2024-09-25 09:15:00,129.9499969482422,130.74000549316406,126.93000030517578,127.5199966430664,3434580
2024-09-25 13:15:00,127.5199966430664,127.9000015258789,126.6999969482422,126.9800033569336,2553079
2024-09-26 09:15:00,127.33999633789062,127.88999938964844,125.81999969482422,126.02999877929688,2166142
2024-09-26 13:15:00,126.02999877929688,126.25,125.80999755859376,126.13999938964844,2081291
2024-09-27 09:15:00,127.8000030517578,132.0,127.31999969482422,131.6300048828125,14964058
2024-09-27 13:15:00,131.6199951171875,134.88999938964844,131.5,133.83999633789062,20554900
2024-09-30 09:15:00,132.99000549316406,135.0,129.92999267578125,133.1999969482422,6161306
2024-09-30 13:15:00,133.1999969482422,133.89999389648438,131.2100067138672,132.50999450683594,3693617
2024-10-01 09:15:00,133.0500030517578,133.22999572753906,130.50999450683594,131.14999389648438,4845343
2024-10-01 13:15:00,131.10000610351562,131.75,130.32000732421875,130.72000122070312,2314333
2024-10-03 09:15:00,127.5500030517578,129.25,127.5500030517578,127.73999786376952,1975349
2024-10-03 13:15:00,127.6999969482422,127.7699966430664,126.75,127.1999969482422,2677441
2024-10-04 09:15:00,127.3499984741211,127.9800033569336,124.1500015258789,126.66999816894533,1853619
2024-10-04 13:15:00,126.6500015258789,127.37000274658205,126.31999969482422,126.70999908447266,1648301
2024-10-07 09:15:00,126.8000030517578,127.4000015258789,117.58000183105467,118.95999908447266,5180479
2024-10-07 13:15:00,119.0,119.33999633789062,117.4800033569336,118.30999755859376,4362944
2024-10-08 09:15:00,119.0,121.25,116.54000091552734,119.77999877929688,3945695
2024-10-08 13:15:00,119.6500015258789,121.5500030517578,119.25,121.4499969482422,3318149
2024-10-09 09:15:00,122.38999938964844,123.8000030517578,121.6999969482422,121.8499984741211,2598850
2024-10-09 13:15:00,121.8499984741211,122.0,120.6500015258789,121.4000015258789,1967685
2024-10-10 09:15:00,122.63999938964844,123.16000366210938,120.7699966430664,120.9000015258789,1324822
2024-10-10 13:15:00,120.9000015258789,120.9000015258789,118.6999969482422,119.05999755859376,3458738
2024-10-11 09:15:00,119.05999755859376,120.68000030517578,118.5,119.76000213623048,1301071
2024-10-11 13:15:00,119.81999969482422,120.5,119.5999984741211,120.19000244140624,1389649
2024-10-14 09:15:00,120.62000274658205,121.31999969482422,119.06999969482422,119.12000274658205,1276482
2024-10-14 13:15:00,119.18000030517578,119.5,118.91000366210938,119.08999633789062,1532385
2024-10-15 09:15:00,119.98999786376952,123.11000061035156,119.6999969482422,121.0999984741211,2479871
2024-10-15 13:15:00,121.08000183105467,121.8000030517578,120.9499969482422,121.25,1958570
2024-10-16 09:15:00,120.69000244140624,122.25,120.48999786376952,121.13999938964844,1016580
2024-10-16 13:15:00,121.13999938964844,121.5199966430664,118.76000213623048,119.5999984741211,2895208
2024-10-17 09:15:00,119.69000244140624,120.08999633789062,118.8000030517578,119.19000244140624,1044681
2024-10-17 13:15:00,119.11000061035156,119.30999755859376,118.68000030517578,118.95999908447266,1177218
2024-10-18 09:15:00,117.8000030517578,118.18000030517578,115.69000244140624,117.83999633789062,998035
2024-10-18 13:15:00,117.83999633789062,123.4800033569336,117.80999755859376,122.6999969482422,8367686
2024-10-21 09:15:00,121.62000274658205,121.63999938964844,119.5,119.8000030517578,927525
2024-10-21 13:15:00,119.80999755859376,120.58999633789062,118.8000030517578,118.83999633789062,1645007
2024-10-22 09:15:00,118.9800033569336,119.6999969482422,112.25,112.87999725341795,4493717
2024-10-22 13:15:00,112.81999969482422,112.98999786376952,110.01000213623048,111.9499969482422,3925758
2024-10-23 09:15:00,110.47000122070312,112.0999984741211,106.3000030517578,110.7300033569336,2617465
2024-10-23 13:15:00,110.72000122070312,112.68000030517578,109.95999908447266,111.55999755859376,2949291
2024-10-24 09:15:00,111.8499984741211,114.58999633789062,110.76000213623048,112.6500015258789,2537720
2024-10-24 13:15:00,112.6500015258789,112.75,111.3000030517578,111.58999633789062,1464394
2024-10-25 09:15:00,111.61000061035156,111.7699966430664,106.58999633789062,107.75,2505044
2024-10-25 13:15:00,107.8499984741211,108.66999816894533,106.6999969482422,107.75,2446968
2024-10-28 09:15:00,108.0,109.75,106.22000122070312,109.47000122070312,1623116
2024-10-28 13:15:00,109.5199966430664,109.8000030517578,108.58999633789062,108.9499969482422,1516479
2024-10-29 09:15:00,108.7699966430664,110.3000030517578,108.0500030517578,109.25,1167645
2024-10-29 13:15:00,109.2699966430664,111.66999816894533,108.5500030517578,111.3000030517578,2019363
2024-10-30 09:15:00,110.66999816894533,113.9800033569336,109.91999816894533,113.41000366210938,1584224
2024-10-30 13:15:00,113.37000274658205,113.7300033569336,112.73999786376952,113.58000183105467,1574255
2024-10-31 09:15:00,113.56999969482422,113.8499984741211,112.26000213623048,113.12000274658205,907848
2024-10-31 13:15:00,113.16999816894533,113.5999984741211,112.8499984741211,113.5,1219707
2024-11-04 09:15:00,115.0,115.0,110.5,111.7300033569336,1880604
2024-11-04 13:15:00,111.75,112.23999786376952,110.80999755859376,111.0999984741211,1222257
2024-11-05 09:15:00,110.33000183105467,110.9499969482422,109.16000366210938,110.5,1355657
2024-11-05 13:15:00,110.4499969482422,116.43000030517578,110.3499984741211,112.75,8034164
2024-11-06 09:15:00,114.33000183105467,114.91999816894533,113.23999786376952,114.6999969482422,1682429
2024-11-06 13:15:00,114.6999969482422,115.8000030517578,114.5999984741211,115.5500030517578,3036301
2024-11-07 09:15:00,115.81999969482422,117.29000091552734,114.95999908447266,116.0,1504105
2024-11-07 13:15:00,116.02999877929688,116.0999984741211,114.5,114.6500015258789,1475032
2024-11-08 09:15:00,114.4000015258789,114.75,112.1999969482422,112.75,1043496
2024-11-08 13:15:00,112.75,112.81999969482422,111.0,111.45999908447266,1308672
2024-11-11 09:15:00,110.0199966430664,111.08999633789062,108.55999755859376,110.0,1567448
2024-11-11 13:15:00,110.0,110.12000274658205,108.72000122070312,109.5,1275889
2024-11-12 09:15:00,109.94000244140624,111.7699966430664,109.4000015258789,109.51000213623048,1351918
2024-11-12 13:15:00,109.55999755859376,109.8000030517578,107.8499984741211,108.19000244140624,1392905
2024-11-13 09:15:00,107.44000244140624,108.33999633789062,104.97000122070312,105.73999786376952,2031696
2024-11-13 13:15:00,105.8000030517578,106.47000122070312,103.47000122070312,104.4499969482422,2222779
2024-11-14 09:15:00,104.0,106.33999633789062,103.80999755859376,105.18000030517578,1456604
2024-11-14 13:15:00,105.2300033569336,105.63999938964844,103.4499969482422,104.19000244140624,1600192
2024-11-18 09:15:00,104.66000366210938,104.9000015258789,101.75,104.08000183105467,1481474
2024-11-18 13:15:00,104.08000183105467,105.37999725341795,103.72000122070312,104.4000015258789,2069506
2024-11-19 09:15:00,105.16000366210938,107.77999877929688,105.0,107.0999984741211,1496018
2024-11-19 13:15:00,107.19000244140624,107.4000015258789,105.0500030517578,105.1999969482422,1712573
2024-11-21 09:15:00,105.37000274658205,105.37000274658205,102.8499984741211,103.87000274658205,1666639
2024-11-21 13:15:00,103.8499984741211,104.18000030517578,103.12999725341795,103.58000183105467,1411556
2024-11-22 09:15:00,105.4000015258789,110.13999938964844,105.4000015258789,107.4499969482422,16799408
2024-11-22 13:15:00,107.36000061035156,108.31999969482422,106.5500030517578,107.56999969482422,6350556
2024-11-25 09:15:00,109.9800033569336,112.83999633789062,109.9800033569336,111.12000274658205,1865712
2024-11-25 13:15:00,111.12000274658205,114.19000244140624,111.0199966430664,113.8000030517578,4094986
2024-11-26 09:15:00,113.9000015258789,113.9000015258789,112.33000183105467,113.0999984741211,1786025
2024-11-26 13:15:00,113.11000061035156,113.41999816894533,112.5999984741211,112.6500015258789,1205954
2024-11-27 09:15:00,112.37999725341795,114.0999984741211,111.6500015258789,113.5,1574806
2024-11-27 13:15:00,113.5500030517578,113.88999938964844,113.22000122070312,113.6999969482422,1339010
2024-11-28 09:15:00,113.94000244140624,116.9800033569336,113.91000366210938,115.5500030517578,2444791
2024-11-28 13:15:00,115.5,119.5999984741211,115.41999816894533,119.3000030517578,4455002
2024-11-29 09:15:00,118.9000015258789,119.08000183105467,114.5199966430664,114.86000061035156,2427832
2024-11-29 13:15:00,114.87999725341795,115.25,114.5999984741211,114.8000030517578,2551842
2024-12-02 09:15:00,114.5999984741211,115.2699966430664,113.63999938964844,113.83999633789062,1529708
2024-12-02 13:15:00,113.83000183105467,114.01000213623048,113.6500015258789,113.6500015258789,1252217
2024-12-03 09:15:00,114.0,116.29000091552734,114.0,115.47000122070312,1194323
2024-12-03 13:15:00,115.5199966430664,117.88999938964844,115.4499969482422,117.5999984741211,2796991
2024-12-04 09:15:00,117.70999908447266,118.9000015258789,116.8000030517578,117.41000366210938,1687902
2024-12-04 13:15:00,117.4000015258789,117.68000030517578,116.91000366210938,117.25,1413284
2024-12-05 09:15:00,117.87000274658205,117.87000274658205,116.4499969482422,117.3000030517578,1164514
2024-12-05 13:15:00,117.38999938964844,117.4000015258789,116.8000030517578,116.8000030517578,1043367
2024-12-06 09:15:00,117.08999633789062,122.75,116.76000213623048,120.1500015258789,13704797
2024-12-06 13:15:00,120.16999816894533,120.97000122070312,119.9499969482422,120.83999633789062,3051942
2024-12-09 09:15:00,121.05999755859376,124.4000015258789,121.05999755859376,122.81999969482422,5854452
2024-12-09 13:15:00,122.8499984741211,123.08000183105467,122.0,122.2699966430664,2974281
2024-12-10 09:15:00,121.7300033569336,122.1999969482422,119.27999877929688,119.4000015258789,1806665
2024-12-10 13:15:00,119.37999725341795,120.26000213623048,119.08000183105467,119.3000030517578,2302564
2024-12-11 09:15:00,119.54000091552734,121.19000244140624,119.2300033569336,120.29000091552734,2002489
2024-12-11 13:15:00,120.29000091552734,120.6999969482422,119.76000213623048,119.76000213623048,1457388
2024-12-12 09:15:00,120.3499984741211,120.3499984741211,117.83999633789062,118.5500030517578,1422861
2024-12-12 13:15:00,118.5500030517578,118.75,117.9499969482422,118.43000030517578,923231
2024-12-13 09:15:00,117.9499969482422,118.18000030517578,115.0,117.88999938964844,1886879
2024-12-13 13:15:00,117.87000274658205,118.5,117.73999786376952,118.08000183105467,1419985
2024-12-16 09:15:00,118.06999969482422,119.1999969482422,117.47000122070312,117.8000030517578,1405016
2024-12-16 13:15:00,117.7699966430664,118.08000183105467,117.0999984741211,117.19000244140624,1327679
2024-12-17 09:15:00,117.51000213623048,119.9499969482422,116.5999984741211,119.0199966430664,3121736
2024-12-17 13:15:00,119.0,119.41000366210938,117.66000366210938,118.02999877929688,2334037
2024-12-18 09:15:00,117.9800033569336,118.0999984741211,115.33000183105467,115.9499969482422,2508040
2024-12-18 13:15:00,115.97000122070312,116.06999969482422,115.1500015258789,115.6999969482422,1585737
2024-12-19 09:15:00,112.80999755859376,115.0500030517578,112.23999786376952,114.19000244140624,1355118
2024-12-19 13:15:00,114.18000030517578,114.54000091552734,113.80999755859376,114.2699966430664,1245402
2024-12-20 09:15:00,114.43000030517578,115.31999969482422,113.1999969482422,113.22000122070312,1635475
2024-12-20 13:15:00,113.1999969482422,113.69000244140624,111.01000213623048,111.43000030517578,2042888
2024-12-23 09:15:00,112.23999786376952,112.66000366210938,110.0500030517578,110.12999725341795,1603115
2024-12-23 13:15:00,110.12000274658205,110.5500030517578,109.33000183105467,109.5999984741211,1846975
2024-12-24 09:15:00,110.02999877929688,111.68000030517578,109.58000183105467,110.08999633789062,1383725
2024-12-24 13:15:00,110.04000091552734,110.19000244140624,109.37000274658205,109.77999877929688,1165752
2024-12-26 09:15:00,110.1999969482422,111.11000061035156,108.76000213623048,109.11000061035156,1277406
2024-12-26 13:15:00,109.11000061035156,109.1999969482422,108.36000061035156,108.9499969482422,1804750
2024-12-27 09:15:00,109.0500030517578,109.9499969482422,107.83999633789062,108.1500015258789,1017235
2024-12-27 13:15:00,108.0500030517578,108.43000030517578,107.20999908447266,107.4000015258789,1020990
2024-12-30 09:15:00,107.43000030517578,108.0999984741211,105.5,105.5500030517578,1504596
2024-12-30 13:15:00,105.5500030517578,105.58999633789062,102.80999755859376,103.79000091552734,7148522
2024-12-31 09:15:00,103.3000030517578,105.3000030517578,103.3000030517578,104.0,1583837
2024-12-31 13:15:00,104.0199966430664,104.8499984741211,103.97000122070312,104.5999984741211,1959388
2025-01-01 09:15:00,107.1999969482422,112.30999755859376,106.61000061035156,111.18000030517578,53479756
2025-01-01 13:15:00,111.1500015258789,111.4000015258789,110.20999908447266,110.9000015258789,11893855
2025-01-02 09:15:00,111.5,112.41999816894533,107.3499984741211,108.3499984741211,4666750
2025-01-02 13:15:00,108.33999633789062,109.79000091552734,108.33999633789062,109.5,4200953
2025-01-03 09:15:00,109.6500015258789,111.75,109.6500015258789,110.2300033569336,1739498
2025-01-03 13:15:00,110.26000213623048,110.3499984741211,108.9000015258789,109.1500015258789,2147581
2025-01-06 09:15:00,109.45999908447266,109.45999908447266,104.11000061035156,105.4000015258789,4035195
2025-01-06 13:15:00,105.4000015258789,105.4000015258789,102.55999755859376,102.9800033569336,5298078
2025-01-07 09:15:00,104.2699966430664,105.41000366210938,103.5500030517578,104.18000030517578,2030664
2025-01-07 13:15:00,104.18000030517578,104.6999969482422,103.9499969482422,104.1500015258789,1588951
2025-01-08 09:15:00,104.5199966430664,104.79000091552734,101.79000091552734,102.05999755859376,2613571
2025-01-08 13:15:00,102.02999877929688,103.4000015258789,101.81999969482422,103.0,2243122
2025-01-09 09:15:00,103.06999969482422,103.4000015258789,101.4000015258789,101.48999786376952,1964449
2025-01-09 13:15:00,101.4800033569336,101.5500030517578,100.4000015258789,100.75,2144882
2025-01-10 09:15:00,100.0999984741211,100.62000274658205,97.51000213623048,98.6999969482422,2425923
2025-01-10 13:15:00,98.61000061035156,98.7300033569336,96.61000061035156,97.1999969482422,2921180
2025-01-13 09:15:00,95.05999755859376,96.9499969482422,93.0,93.08999633789062,2860847
2025-01-13 13:15:00,93.0,93.1999969482422,90.20999908447266,90.6999969482422,5358551
2025-01-14 09:15:00,92.4800033569336,94.4000015258789,91.86000061035156,92.75,3991581
2025-01-14 13:15:00,92.7699966430664,94.6999969482422,92.68000030517578,94.6999969482422,2628136
2025-01-15 09:15:00,95.38999938964844,97.0999984741211,93.83999633789062,96.0999984741211,5603825
2025-01-15 13:15:00,96.13999938964844,96.1500015258789,94.11000061035156,95.0,2948279
2025-01-16 09:15:00,96.91999816894533,99.0,96.69000244140624,97.5500030517578,1954613
2025-01-16 13:15:00,97.5,98.0199966430664,97.0500030517578,97.58999633789062,1632478
2025-01-17 09:15:00,96.51000213623048,99.70999908447266,96.51000213623048,99.18000030517578,2215650
2025-01-17 13:15:00,99.16999816894533,101.01000213623048,99.12000274658205,100.76000213623048,5332865
2025-01-20 09:15:00,100.54000091552734,101.5999984741211,99.75,101.4800033569336,1920625
2025-01-20 13:15:00,101.4800033569336,102.2300033569336,101.0999984741211,101.1999969482422,1957215
2025-01-21 09:15:00,101.9000015258789,102.33999633789062,99.7699966430664,100.12999725341795,2238092
2025-01-21 13:15:00,100.12999725341795,100.2699966430664,98.5,98.8000030517578,2238237
2025-01-22 09:15:00,99.0,99.0,94.04000091552734,94.75,3135861
2025-01-22 13:15:00,94.8000030517578,96.08000183105467,94.0,95.75,2752550
2025-01-23 09:15:00,95.6500015258789,98.75,95.51000213623048,98.13999938964844,2552386
2025-01-23 13:15:00,98.11000061035156,98.56999969482422,97.1500015258789,98.31999969482422,2240536
2025-01-24 09:15:00,98.6500015258789,98.98999786376952,96.0500030517578,97.02999877929688,1292720
2025-01-24 13:15:00,96.98999786376952,96.98999786376952,95.11000061035156,95.45999908447266,1835187
2025-01-27 09:15:00,93.87999725341795,94.0999984741211,91.62000274658205,93.25,2590368
2025-01-27 13:15:00,93.31999969482422,93.41999816894533,90.54000091552734,91.0500030517578,4746620
2025-01-28 09:15:00,92.30999755859376,92.48999786376952,88.16000366210938,91.98999786376952,4082894
2025-01-28 13:15:00,91.9800033569336,92.05999755859376,89.66000366210938,90.01000213623047,3118435
2025-01-29 09:15:00,90.70999908447266,93.1999969482422,89.69999694824219,90.5999984741211,4885922
2025-01-29 13:15:00,90.5999984741211,91.62000274658205,90.5999984741211,91.37999725341795,2523492
2025-01-30 09:15:00,92.58999633789062,95.11000061035156,91.63999938964844,94.93000030517578,4711547
2025-01-30 13:15:00,94.94000244140624,94.98999786376952,93.83000183105467,94.98999786376952,4685170
2025-01-31 09:15:00,94.97000122070312,97.47000122070312,93.91000366210938,97.2699966430664,2508807
2025-01-31 13:15:00,97.25,97.73999786376952,96.72000122070312,97.69000244140624,2335221
2025-02-03 09:15:00,95.0,95.87000274658205,92.58999633789062,93.77999877929688,2612969
2025-02-03 13:15:00,93.77999877929688,94.41000366210938,93.45999908447266,94.0,1858265
2025-02-04 09:15:00,95.62999725341795,96.58999633789062,94.6999969482422,95.62000274658205,1598307
2025-02-04 13:15:00,95.5500030517578,95.87999725341795,95.37000274658205,95.5999984741211,1226545
2025-02-05 09:15:00,96.3499984741211,98.45999908447266,96.3000030517578,96.8000030517578,1429084
2025-02-05 13:15:00,96.8000030517578,97.0999984741211,96.22000122070312,96.4499969482422,1354841
2025-02-06 09:15:00,97.04000091552734,97.5999984741211,96.25,97.25,2363183
2025-02-06 13:15:00,97.25,97.69000244140624,95.9000015258789,97.33999633789062,3428197
2025-02-07 09:15:00,97.2300033569336,97.2300033569336,94.80999755859376,95.76000213623048,2496967
2025-02-07 13:15:00,95.77999877929688,96.20999908447266,95.0,95.38999938964844,2014745
2025-02-10 09:15:00,95.79000091552734,96.23999786376952,93.69000244140624,94.08000183105467,1517729
2025-02-10 13:15:00,94.08000183105467,94.98999786376952,93.8000030517578,94.3000030517578,1742840
2025-02-11 09:15:00,94.01000213623048,94.02999877929688,90.83000183105467,90.87000274658205,1630265
2025-02-11 13:15:00,90.86000061035156,91.75,90.3499984741211,91.0,2318645
2025-02-12 09:15:00,89.80999755859375,90.69000244140624,86.25,90.4800033569336,3814926
2025-02-12 13:15:00,90.43000030517578,90.5500030517578,89.2699966430664,90.4499969482422,1911941
2025-02-13 09:15:00,90.87999725341795,92.63999938964844,90.58999633789062,92.02999877929688,2133840
2025-02-13 13:15:00,92.0500030517578,93.1999969482422,91.41999816894533,92.41999816894533,3568149
2025-02-14 09:15:00,92.58000183105467,93.30999755859376,89.0,89.22000122070312,3678009
2025-02-14 13:15:00,89.16000366210938,90.37000274658205,88.58000183105469,89.23999786376953,3056459
2025-02-17 09:15:00,88.9000015258789,90.6999969482422,86.62999725341797,88.30999755859375,2957379
2025-02-17 13:15:00,88.27999877929688,89.18000030517578,87.87999725341797,88.81999969482422,2613564
2025-02-18 09:15:00,89.75,89.75,86.86000061035156,87.27999877929688,2837841
2025-02-18 13:15:00,87.38999938964844,89.7300033569336,87.0,89.4800033569336,3331144
2025-02-19 09:15:00,88.2699966430664,90.9000015258789,88.01000213623047,89.63999938964844,2435008
2025-02-19 13:15:00,89.63999938964844,90.33000183105467,89.3499984741211,89.87000274658203,2354002
2025-02-20 09:15:00,89.27999877929688,92.83000183105467,89.27999877929688,92.56999969482422,2565897
2025-02-20 13:15:00,92.56999969482422,94.37000274658205,92.33000183105467,93.9000015258789,4223902
2025-02-21 09:15:00,93.8000030517578,95.66999816894533,93.41000366210938,93.8499984741211,2794653
2025-02-21 13:15:00,93.80999755859376,94.0999984741211,92.61000061035156,92.62999725341795,2153740
2025-02-24 09:15:00,91.27999877929688,91.48999786376952,90.0,90.9499969482422,1248682
2025-02-24 13:15:00,90.91000366210938,91.22000122070312,90.25,90.77999877929688,1621230
2025-02-25 09:15:00,90.5,91.79000091552734,89.44999694824219,90.41000366210938,1442630
2025-02-25 13:15:00,90.4000015258789,91.05999755859376,89.0999984741211,89.52999877929688,1974214
2025-02-27 09:15:00,89.87999725341797,89.93000030517578,88.1500015258789,88.41999816894531,2962634
2025-02-27 13:15:00,88.38999938964844,88.75,87.27999877929688,87.9800033569336,1982553
2025-02-28 09:15:00,86.83999633789062,87.38999938964844,83.5199966430664,83.72000122070312,2999564
2025-02-28 13:15:00,83.69999694824219,85.29000091552734,83.51000213623047,83.8499984741211,2870661
2025-03-03 09:15:00,84.58000183105469,85.75,80.55000305175781,82.5,3669688
2025-03-03 13:15:00,82.5,82.66999816894531,81.5,82.4000015258789,2947863
2025-03-04 09:15:00,81.08000183105469,84.86000061035156,80.8499984741211,82.19999694824219,2145974
2025-03-04 13:15:00,82.19999694824219,83.30000305175781,81.69999694824219,83.05000305175781,2356011
2025-03-05 09:15:00,82.95999908447266,86.41000366210938,82.95999908447266,86.13999938964844,3016280
2025-03-05 13:15:00,86.12999725341797,86.93000030517578,85.93000030517578,86.80000305175781,2169676
2025-03-06 09:15:00,87.2300033569336,88.33999633789062,86.77999877929688,88.1500015258789,2111211
2025-03-06 13:15:00,88.12999725341797,88.1500015258789,87.02999877929688,87.19000244140625,1668104
2025-03-07 09:15:00,87.01000213623047,89.4000015258789,86.9000015258789,87.61000061035156,2891959
2025-03-07 13:15:00,87.58000183105469,88.38999938964844,87.4800033569336,87.77999877929688,1550028
2025-03-10 09:15:00,87.7699966430664,88.93000030517578,86.70999908447266,87.16999816894531,1570640
2025-03-10 13:15:00,87.11000061035156,87.16999816894531,85.05999755859375,85.05999755859375,2251575
2025-03-11 09:15:00,85.19999694824219,86.55000305175781,84.5199966430664,85.05999755859375,1904597
2025-03-11 13:15:00,84.9800033569336,86.58999633789062,84.97000122070312,86.58999633789062,1593976
2025-03-12 09:15:00,86.48999786376953,88.12999725341797,84.86000061035156,85.91999816894531,1909899
2025-03-12 13:15:00,85.97000122070312,86.62000274658203,85.73999786376953,86.30000305175781,2030325
2025-03-13 09:15:00,86.9000015258789,87.44000244140625,86.05999755859375,86.12000274658203,1268272
2025-03-13 13:15:00,86.12000274658203,86.30000305175781,85.2300033569336,85.31999969482422,1319277
2025-03-17 09:15:00,85.80000305175781,87.0,85.5,85.93000030517578,1371645
2025-03-17 13:15:00,85.87999725341797,86.69000244140625,85.87999725341797,86.37999725341797,1620434
2025-03-18 09:15:00,86.75,87.44999694824219,86.48999786376953,87.37999725341797,2268878
2025-03-18 13:15:00,87.37000274658203,87.9800033569336,87.0999984741211,87.94000244140625,1645211
2025-03-19 09:15:00,88.5,91.70999908447266,88.33999633789062,91.38999938964844,3744200
2025-03-19 13:15:00,91.37999725341795,91.9499969482422,91.13999938964844,91.70999908447266,2624265
2025-03-20 09:15:00,92.19000244140624,92.5999984741211,90.4499969482422,91.0500030517578,1116876
2025-03-20 13:15:00,91.0500030517578,91.48999786376952,90.8499984741211,90.93000030517578,1919390
2025-03-21 09:15:00,90.8000030517578,96.3499984741211,90.8000030517578,96.12000274658205,7940308
2025-03-21 13:15:00,96.0999984741211,96.83999633789062,94.91999816894533,95.12000274658205,10791372
2025-03-24 09:15:00,96.16000366210938,97.83999633789062,96.16000366210938,96.61000061035156,2466794
2025-03-24 13:15:00,96.5,97.41000366210938,96.45999908447266,97.0,2790627
2025-03-25 09:15:00,97.12999725341795,97.1500015258789,93.2699966430664,93.61000061035156,3072493
2025-03-25 13:15:00,93.61000061035156,94.4000015258789,93.0500030517578,93.25,2233434
2025-03-26 09:15:00,93.8499984741211,94.80999755859376,92.8499984741211,93.0500030517578,2425288
2025-03-26 13:15:00,93.02999877929688,93.2699966430664,91.31999969482422,91.5500030517578,3148337
2025-03-27 09:15:00,91.1999969482422,92.25,90.86000061035156,91.37000274658205,2595720
2025-03-27 13:15:00,91.37000274658205,92.79000091552734,91.11000061035156,92.37000274658205,4454297
2025-03-28 09:15:00,92.91000366210938,96.0999984741211,92.62000274658205,93.0999984741211,2839834
2025-03-28 13:15:00,93.0999984741211,93.0999984741211,91.2300033569336,91.4499969482422,3309659
2025-04-01 09:15:00,91.4499969482422,92.9499969482422,90.58999633789062,91.36000061035156,2814790
2025-04-01 13:15:00,91.36000061035156,91.8000030517578,90.91999816894533,91.5500030517578,1600612
2025-04-02 09:15:00,92.3000030517578,93.06999969482422,89.69999694824219,92.8000030517578,2560440
2025-04-02 13:15:00,92.80999755859376,93.58999633789062,92.45999908447266,93.4499969482422,1937253
2025-04-03 09:15:00,93.0,95.9000015258789,92.98999786376952,95.05999755859376,3228536
2025-04-03 13:15:00,95.0999984741211,96.0,94.9000015258789,95.95999908447266,3027952
2025-04-04 09:15:00,95.9499969482422,96.0999984741211,91.94000244140624,92.4499969482422,2052630
2025-04-04 13:15:00,92.41000366210938,92.83999633789062,91.7300033569336,92.83000183105467,1920694
2025-04-07 09:15:00,85.0999984741211,88.8499984741211,84.83999633789062,87.43000030517578,2117576
2025-04-07 13:15:00,87.43000030517578,90.0,87.30000305175781,89.80000305175781,1616017
2025-04-08 09:15:00,91.0,91.9800033569336,89.52999877929688,91.0199966430664,1224695
2025-04-08 13:15:00,91.0199966430664,91.62999725341795,90.33999633789062,90.8000030517578,1488338
2025-04-09 09:15:00,90.02999877929688,90.7300033569336,89.05999755859375,90.4800033569336,952953
2025-04-09 13:15:00,90.54000091552734,90.5500030517578,89.73999786376953,90.1500015258789,811455
2025-04-11 09:15:00,92.4000015258789,92.4000015258789,90.5500030517578,91.5999984741211,915532
2025-04-11 13:15:00,91.63999938964844,91.87000274658205,90.9000015258789,91.47000122070312,1156572
2025-04-15 09:15:00,92.5199966430664,94.4499969482422,92.5199966430664,93.9800033569336,1160407
2025-04-15 13:15:00,93.94000244140624,94.3000030517578,93.9000015258789,94.08999633789062,1947215
2025-04-16 09:15:00,94.26000213623048,95.5500030517578,93.8499984741211,95.0,2187179
2025-04-16 13:15:00,95.0199966430664,95.16999816894533,93.9000015258789,95.0,1728272
2025-04-17 09:15:00,94.8000030517578,95.62999725341795,93.41000366210938,94.43000030517578,1916498
2025-04-17 13:15:00,94.4000015258789,94.73999786376952,94.0500030517578,94.18000030517578,1421320
2025-04-21 09:15:00,94.51000213623048,96.37000274658205,93.8499984741211,95.80999755859376,2495315
2025-04-21 13:15:00,95.80999755859376,96.13999938964844,95.25,95.93000030517578,2021180
2025-04-22 09:15:00,96.29000091552734,100.9000015258789,95.18000030517578,99.66999816894533,12841878
2025-04-22 13:15:00,99.6500015258789,99.69000244140624,98.87000274658205,99.4499969482422,4155072
2025-04-23 09:15:00,100.79000091552734,100.83999633789062,97.58999633789062,98.94000244140624,2957293
2025-04-23 13:15:00,98.97000122070312,100.16999816894533,98.72000122070312,100.0,3805728
2025-04-24 09:15:00,100.06999969482422,101.75,99.62000274658205,99.91999816894533,7481875
2025-04-24 13:15:00,99.9000015258789,100.1500015258789,98.51000213623048,98.87000274658205,3998353
2025-04-25 09:15:00,99.26000213623048,99.7699966430664,93.61000061035156,95.0999984741211,4123411
2025-04-25 13:15:00,95.08000183105467,97.1500015258789,94.9000015258789,96.0500030517578,4315559
2025-04-28 09:15:00,95.5,97.94000244140624,95.5,97.62999725341795,1445267
2025-04-28 13:15:00,97.62999725341795,98.0999984741211,97.11000061035156,98.0199966430664,2139441
2025-04-29 09:15:00,98.38999938964844,99.47000122070312,97.1999969482422,97.5500030517578,1548809
2025-04-29 13:15:00,97.5500030517578,97.66999816894533,96.5,96.68000030517578,1895745
2025-04-30 09:15:00,96.73999786376952,96.77999877929688,95.0999984741211,95.12000274658205,1205527
2025-04-30 13:15:00,95.12000274658205,95.4499969482422,93.3499984741211,93.91000366210938,1999851
2025-05-02 09:15:00,93.55999755859376,96.06999969482422,93.55999755859376,93.9499969482422,1823614
2025-05-02 13:15:00,93.93000030517578,94.44000244140624,93.0,93.4000015258789,1428459
2025-05-05 09:15:00,93.69000244140624,94.47000122070312,92.75,93.81999969482422,1265700
2025-05-05 13:15:00,93.83999633789062,94.33999633789062,93.62999725341795,94.04000091552734,1053502
2025-05-06 09:15:00,94.36000061035156,94.5999984741211,91.1999969482422,91.58000183105467,1678618
2025-05-06 13:15:00,91.54000091552734,91.6999969482422,90.0,90.0999984741211,1953876
2025-05-07 09:15:00,88.4800033569336,92.3000030517578,88.4800033569336,91.5500030517578,2116760
2025-05-07 13:15:00,91.5999984741211,92.19000244140624,91.25,92.04000091552734,1239985
2025-05-08 09:15:00,92.36000061035156,93.0,91.75,91.87999725341795,968429
2025-05-08 13:15:00,91.83999633789062,91.83999633789062,88.5999984741211,88.80000305175781,2081543
2025-05-09 09:15:00,88.0,88.4000015258789,86.5199966430664,87.33999633789062,1653896
2025-05-09 13:15:00,87.38999938964844,89.5,87.08000183105469,89.5,1991223
2025-05-12 09:15:00,92.26000213623048,94.6500015258789,92.26000213623048,94.45999908447266,1715662
2025-05-12 13:15:00,94.4499969482422,96.76000213623048,94.4000015258789,96.25,4118349
2025-05-13 09:15:00,96.7699966430664,97.5,95.1999969482422,96.6500015258789,3749629
2025-05-13 13:15:00,96.6999969482422,96.6999969482422,95.55999755859376,96.0,1322561
2025-05-14 09:15:00,96.25,98.83000183105467,96.08000183105467,98.0,3792219
2025-05-14 13:15:00,97.91999816894533,98.9000015258789,97.5500030517578,98.87999725341795,2955386
2025-05-15 09:15:00,98.66000366210938,99.18000030517578,97.8499984741211,98.16999816894533,2036860
2025-05-15 13:15:00,98.2300033569336,98.66999816894533,98.01000213623048,98.38999938964844,1740209
2025-05-16 09:15:00,98.83000183105467,105.05999755859376,98.5199966430664,104.83999633789062,14028856
2025-05-16 13:15:00,104.83000183105467,105.4499969482422,103.88999938964844,104.3499984741211,7580912
2025-05-19 09:15:00,105.25,107.4499969482422,105.08999633789062,105.98999786376952,3512863
2025-05-19 13:15:00,106.0,106.18000030517578,104.5999984741211,104.87999725341795,3019325
2025-05-20 09:15:00,105.45999908447266,105.45999908447266,102.5500030517578,102.7300033569336,1576757
2025-05-20 13:15:00,102.72000122070312,102.87000274658205,101.3000030517578,101.5999984741211,2542417
2025-05-21 09:15:00,101.80999755859376,102.16999816894533,99.30999755859376,100.54000091552734,2481255
2025-05-21 13:15:00,100.58999633789062,101.25,100.30999755859376,101.18000030517578,2493374
2025-05-22 09:15:00,100.77999877929688,102.05999755859376,100.25,100.62999725341795,1244373
2025-05-22 13:15:00,100.68000030517578,101.38999938964844,99.4000015258789,101.1999969482422,2127208
2025-05-23 09:15:00,101.26000213623048,101.33999633789062,99.1999969482422,100.58999633789062,1822975
2025-05-23 13:15:00,100.54000091552734,101.0,100.12000274658205,100.48999786376952,1726846
2025-05-26 09:15:00,100.86000061035156,102.81999969482422,100.86000061035156,101.6999969482422,1368727
2025-05-26 13:15:00,101.76000213623048,102.5999984741211,101.6999969482422,101.91999816894533,1733432
2025-05-27 09:15:00,102.1500015258789,103.33999633789062,101.0,103.0,3410605
2025-05-27 13:15:00,103.0,103.0,102.05999755859376,102.6999969482422,1922071
2025-05-28 09:15:00,103.05999755859376,103.91999816894533,102.83000183105467,103.38999938964844,1829479
2025-05-28 13:15:00,103.37999725341795,103.37999725341795,102.25,102.47000122070312,1929799
2025-05-29 09:15:00,103.23999786376952,103.4000015258789,101.33000183105467,102.86000061035156,1989335
2025-05-29 13:15:00,102.81999969482422,102.91000366210938,101.9499969482422,102.16000366210938,1509146
2025-05-30 09:15:00,98.41000366210938,99.8000030517578,95.8499984741211,95.9800033569336,19076327
2025-05-30 13:15:00,96.0,96.88999938964844,95.98999786376952,96.41999816894533,6208303
2025-06-02 09:15:00,95.95999908447266,98.69000244140624,95.13999938964844,98.3000030517578,2469235
2025-06-02 13:15:00,98.3000030517578,98.4000015258789,97.25,97.62999725341795,2608959
2025-06-03 09:15:00,97.69000244140624,98.44000244140624,96.69000244140624,96.87999725341795,1640352
2025-06-03 13:15:00,96.87999725341795,97.2300033569336,96.51000213623048,96.81999969482422,1170065
2025-06-04 09:15:00,97.29000091552734,99.0,96.43000030517578,98.5,3941420
2025-06-04 13:15:00,98.5,98.88999938964844,98.25,98.8000030517578,2699262
2025-06-05 09:15:00,99.08999633789062,103.70999908447266,99.08999633789062,103.27999877929688,13289348
2025-06-05 13:15:00,103.22000122070312,103.27999877929688,101.91000366210938,102.61000061035156,5047729
2025-06-06 09:15:00,102.4499969482422,102.81999969482422,101.8000030517578,102.41999816894533,1489611
2025-06-06 13:15:00,102.37000274658205,104.4000015258789,102.33999633789062,103.5199966430664,5213716
2025-06-09 09:15:00,104.1500015258789,105.3499984741211,103.68000030517578,104.22000122070312,2024770
2025-06-09 13:15:00,104.22000122070312,104.27999877929688,103.1999969482422,103.37000274658205,2346199
2025-06-10 09:15:00,103.95999908447266,104.5999984741211,103.26000213623048,103.91000366210938,1958438
2025-06-10 13:15:00,103.91000366210938,105.6500015258789,103.87000274658205,104.12000274658205,4474068
2025-06-11 09:15:00,104.45999908447266,105.8499984741211,104.0500030517578,104.43000030517578,4153969
2025-06-11 13:15:00,104.43000030517578,104.43000030517578,102.5,103.1500015258789,2612809
2025-06-12 09:15:00,103.0999984741211,103.5999984741211,101.30999755859376,101.77999877929688,2511318
2025-06-12 13:15:00,101.77999877929688,101.77999877929688,99.5500030517578,99.88999938964844,2459830
2025-06-13 09:15:00,97.98999786376952,99.25,97.70999908447266,98.16000366210938,1505625
2025-06-13 13:15:00,98.16000366210938,98.8000030517578,97.87999725341795,98.77999877929688,1232368
2025-06-16 09:15:00,98.4000015258789,99.11000061035156,96.16000366210938,98.79000091552734,1419033
2025-06-16 13:15:00,98.79000091552734,99.48999786376952,98.51000213623048,99.1999969482422,2025080
2025-06-17 09:15:00,99.1999969482422,99.5,97.4000015258789,97.61000061035156,1179455
2025-06-17 13:15:00,97.56999969482422,97.97000122070312,97.25,97.2699966430664,1180061
2025-06-18 09:15:00,97.4499969482422,97.9000015258789,96.0,96.08000183105467,1397473
2025-06-18 13:15:00,96.08000183105467,96.44000244140624,95.5999984741211,95.98999786376952,1487093
2025-06-19 09:15:00,95.81999969482422,96.37000274658205,93.31999969482422,93.47000122070312,3378477
2025-06-19 13:15:00,93.48999786376952,94.20999908447266,92.87999725341795,93.04000091552734,2361999
2025-06-20 09:15:00,93.73999786376952,96.31999969482422,93.73999786376952,95.1999969482422,2343234
2025-06-20 13:15:00,95.22000122070312,97.29000091552734,95.19000244140624,96.87999725341795,3430872
2025-06-23 09:15:00,95.6999969482422,97.97000122070312,95.6999969482422,97.86000061035156,3670040
2025-06-23 13:15:00,97.88999938964844,98.3000030517578,97.58000183105467,98.16999816894533,2844295
2025-06-24 09:15:00,99.23999786376952,100.1999969482422,97.8499984741211,99.43000030517578,3146400
2025-06-24 13:15:00,99.37000274658205,99.5,98.01000213623048,98.30999755859376,2087405
2025-06-25 09:15:00,99.01000213623048,102.27999877929688,98.76000213623048,101.0999984741211,11149947
2025-06-25 13:15:00,101.1500015258789,101.2699966430664,100.5999984741211,100.8499984741211,2600906
2025-06-26 09:15:00,101.20999908447266,101.54000091552734,99.3499984741211,99.4000015258789,2194693
2025-06-26 13:15:00,99.4000015258789,100.38999938964844,99.1500015258789,99.95999908447266,2704245
2025-06-27 09:15:00,100.69000244140624,101.47000122070312,99.83999633789062,100.04000091552734,1609683
2025-06-27 13:15:00,100.04000091552734,100.20999908447266,99.30999755859376,100.01000213623048,3126343
2025-06-30 09:15:00,99.76000213623048,100.5500030517578,99.5,99.83000183105467,1034512
2025-06-30 13:15:00,99.83000183105467,101.4800033569336,99.76000213623048,100.5,2336747
2025-07-01 09:15:00,100.9000015258789,101.01000213623048,99.0199966430664,100.05999755859376,2347041
2025-07-01 13:15:00,100.05999755859376,100.68000030517578,99.86000061035156,100.4000015258789,1556450
2025-07-02 09:15:00,100.47000122070312,100.6999969482422,98.55999755859376,98.77999877929688,1490867
2025-07-02 13:15:00,98.75,99.0999984741211,98.1500015258789,98.88999938964844,1702344
2025-07-03 09:15:00,99.05999755859376,99.88999938964844,98.06999969482422,99.1500015258789,1106381
2025-07-03 13:15:00,99.1500015258789,99.1999969482422,98.01000213623048,98.1999969482422,1717570
2025-07-04 09:15:00,98.47000122070312,99.36000061035156,97.5,97.95999908447266,1818519
2025-07-04 13:15:00,97.97000122070312,98.83000183105467,97.5999984741211,98.5,1712189
2025-07-07 09:15:00,98.18000030517578,99.88999938964844,97.8000030517578,98.73999786376952,1425717
2025-07-07 13:15:00,98.73999786376952,98.94000244140624,98.4000015258789,98.5999984741211,966666
2025-07-08 09:15:00,98.5,100.4800033569336,97.77999877929688,98.05999755859376,1666910
2025-07-08 13:15:00,98.0999984741211,99.45999908447266,98.06999969482422,99.16000366210938,1831820
2025-07-09 09:15:00,99.23999786376952,100.0999984741211,98.62000274658205,99.08000183105467,1201725
2025-07-09 13:15:00,99.08000183105467,99.12000274658205,98.02999877929688,98.37999725341795,1417663
2025-07-10 09:15:00,98.66000366210938,99.22000122070312,97.5500030517578,97.72000122070312,2010304
2025-07-10 13:15:00,97.69000244140624,97.91999816894533,97.26000213623048,97.58999633789062,1294061
2025-07-11 09:15:00,97.7300033569336,99.0999984741211,97.3000030517578,98.6999969482422,2837169
2025-07-11 13:15:00,98.6999969482422,98.73999786376952,97.4000015258789,97.4000015258789,1548733
2025-07-14 09:15:00,97.8000030517578,98.83999633789062,96.94000244140624,98.20999908447266,1628691
2025-07-14 13:15:00,98.20999908447266,98.79000091552734,97.97000122070312,98.4499969482422,1274388
2025-07-15 09:15:00,98.54000091552734,99.37000274658205,97.54000091552734,98.55999755859376,3353922
2025-07-15 13:15:00,98.55999755859376,99.3499984741211,98.41000366210938,99.3000030517578,2434963
2025-07-16 09:15:00,98.94000244140624,99.18000030517578,98.18000030517578,98.61000061035156,688743
2025-07-16 13:15:00,98.61000061035156,99.6999969482422,98.5999984741211,99.08999633789062,1756571
2025-07-17 09:15:00,99.08999633789062,99.54000091552734,98.5199966430664,99.0,2220497
2025-07-17 13:15:00,99.0,99.36000061035156,98.91999816894533,99.0199966430664,1034381
2025-07-18 09:15:00,98.7699966430664,99.37999725341795,97.4000015258789,99.22000122070312,2865769
2025-07-18 13:15:00,99.22000122070312,99.97000122070312,98.61000061035156,98.87000274658205,1907126
2025-07-21 09:15:00,98.16000366210938,99.9000015258789,98.0999984741211,99.6500015258789,1577512
2025-07-21 13:15:00,99.6500015258789,99.66000366210938,98.8499984741211,99.08999633789062,1374514
2025-07-22 09:15:00,99.18000030517578,100.5,99.02999877929688,99.0500030517578,797773
2025-07-22 13:15:00,99.04000091552734,99.16999816894533,98.68000030517578,99.0,1426657
2025-07-23 09:15:00,98.9000015258789,99.5999984741211,98.44000244140624,98.83000183105467,1867665
2025-07-23 13:15:00,98.83000183105467,98.98999786376952,98.47000122070312,98.88999938964844,1084957
2025-07-24 09:15:00,98.81999969482422,99.1999969482422,97.6999969482422,98.08999633789062,1562102
2025-07-24 13:15:00,98.04000091552734,99.3000030517578,98.04000091552734,98.63999938964844,1429807
2025-07-25 09:15:00,98.11000061035156,98.5,95.83000183105467,96.0199966430664,2511319
2025-07-25 13:15:00,96.0500030517578,96.0999984741211,95.0,95.2300033569336,1622476
2025-07-28 09:15:00,94.70999908447266,97.08999633789062,94.48999786376952,95.52999877929688,1150583
2025-07-28 13:15:00,95.52999877929688,95.58999633789062,94.41000366210938,94.66000366210938,1232065
2025-07-29 09:15:00,94.70999908447266,96.08000183105467,94.2699966430664,95.45999908447266,2357156
2025-07-29 13:15:00,95.45999908447266,96.4800033569336,95.36000061035156,96.47000122070312,1130476
2025-07-30 09:15:00,96.66000366210938,97.7300033569336,96.22000122070312,97.37999725341795,2544496
2025-07-30 13:15:00,97.37999725341795,97.55999755859376,96.5199966430664,96.81999969482422,845275
2025-07-31 09:15:00,95.58000183105467,96.2300033569336,94.51000213623048,94.97000122070312,2515466
2025-07-31 13:15:00,95.0500030517578,95.0999984741211,93.0999984741211,93.3000030517578,2803742
2025-08-01 09:15:00,93.55999755859376,94.25,92.83999633789062,93.54000091552734,730628
2025-08-01 13:15:00,93.5199966430664,93.5999984741211,92.02999877929688,92.08000183105467,1051484
2025-08-04 09:15:00,92.2300033569336,93.1500015258789,91.62999725341795,92.83000183105467,824411
2025-08-04 13:15:00,92.79000091552734,93.29000091552734,92.52999877929688,93.1999969482422,863872
2025-08-05 09:15:00,93.22000122070312,94.5,93.06999969482422,93.45999908447266,678182
2025-08-05 13:15:00,93.41999816894533,93.6999969482422,92.75,93.3499984741211,1080464
2025-08-06 09:15:00,93.48999786376952,93.69000244140624,91.8499984741211,92.37000274658205,575974
2025-08-06 13:15:00,92.4000015258789,92.9499969482422,92.0,92.25,974126
2025-08-07 09:15:00,92.4499969482422,92.5,91.0199966430664,91.33000183105467,1818870
2025-08-07 13:15:00,91.4000015258789,93.5199966430664,90.70999908447266,93.33999633789062,1843156
2025-08-08 09:15:00,93.69000244140624,93.88999938964844,92.87000274658205,93.16000366210938,1348928
2025-08-08 13:15:00,93.16000366210938,93.30999755859376,91.76000213623048,91.9000015258789,750373
2025-08-11 09:15:00,92.20999908447266,94.8000030517578,91.6999969482422,93.0199966430664,2528540
2025-08-11 13:15:00,93.0199966430664,93.62999725341795,92.22000122070312,93.01000213623048,1782329
2025-08-12 09:15:00,92.79000091552734,98.9000015258789,92.79000091552734,98.0999984741211,26379614
2025-08-12 13:15:00,98.13999938964844,98.29000091552734,97.52999877929688,97.98999786376952,5675863
2025-08-13 09:15:00,98.79000091552734,98.79000091552734,93.73999786376952,94.11000061035156,6794253
2025-08-13 13:15:00,94.16000366210938,94.25,93.25,93.63999938964844,3572925
2025-08-14 09:15:00,93.76000213623048,93.9000015258789,92.05999755859376,92.18000030517578,1111070
2025-08-14 13:15:00,92.18000030517578,92.29000091552734,91.61000061035156,92.0,2197449
2025-08-18 09:15:00,92.5,93.33000183105467,91.91999816894533,92.66000366210938,1470079
2025-08-18 13:15:00,92.6500015258789,93.16999816894533,92.51000213623048,92.69000244140624,1212213
2025-08-19 09:15:00,92.9800033569336,94.51000213623048,92.6999969482422,94.16999816894533,1440678
2025-08-19 13:15:00,94.20999908447266,95.08999633789062,94.1500015258789,95.08999633789062,1907895
2025-08-20 09:15:00,95.1999969482422,99.08999633789062,94.9800033569336,98.1500015258789,10444207
2025-08-20 13:15:00,98.1999969482422,98.3000030517578,97.16999816894533,97.56999969482422,2421296
2025-08-21 09:15:00,97.69000244140624,99.6999969482422,97.16999816894533,97.75,6844636
2025-08-21 13:15:00,97.8000030517578,97.86000061035156,97.18000030517578,97.4000015258789,1381537
2025-08-22 09:15:00,97.5199966430664,100.5,97.4499969482422,99.61000061035156,10103739
2025-08-22 13:15:00,99.61000061035156,99.9499969482422,99.4000015258789,99.4499969482422,3459761
2025-08-25 09:15:00,100.3000030517578,100.3000030517578,99.08000183105467,99.87999725341795,1572460
2025-08-25 13:15:00,99.86000061035156,100.3000030517578,99.06999969482422,99.12999725341795,2147202
2025-08-26 09:15:00,98.87000274658205,101.4499969482422,98.4499969482422,100.19000244140624,9121395
2025-08-26 13:15:00,100.1999969482422,100.3499984741211,99.0199966430664,99.1999969482422,2858622
2025-08-28 09:15:00,98.8000030517578,100.3000030517578,96.9000015258789,97.91999816894533,3087354
2025-08-28 13:15:00,98.0199966430664,98.0199966430664,95.51000213623048,95.83999633789062,3027623
2025-08-29 09:15:00,95.75,95.95999908447266,93.68000030517578,93.87000274658205,1447684
2025-08-29 13:15:00,93.87000274658205,94.05999755859376,93.41999816894533,93.4499969482422,1745880
2025-09-01 09:15:00,93.86000061035156,94.54000091552734,93.4000015258789,93.93000030517578,959510
2025-09-01 13:15:00,93.87000274658205,94.4000015258789,93.75,94.4000015258789,959756
2025-09-02 09:15:00,93.87000274658205,94.9800033569336,93.56999969482422,94.48999786376952,1251873
2025-09-02 13:15:00,94.48999786376952,94.48999786376952,93.5999984741211,93.9800033569336,1276630
2025-09-03 09:15:00,94.0999984741211,94.5999984741211,93.75,93.93000030517578,1724044
2025-09-03 13:15:00,93.93000030517578,94.13999938964844,93.6500015258789,93.9000015258789,1129522
2025-09-04 09:15:00,94.69000244140624,94.9499969482422,93.33000183105467,93.41000366210938,947076
2025-09-04 13:15:00,93.44000244140624,93.54000091552734,92.1999969482422,92.43000030517578,1896012
2025-09-05 09:15:00,92.5500030517578,92.97000122070312,92.04000091552734,92.52999877929688,1731758
2025-09-05 13:15:00,92.58999633789062,93.04000091552734,92.47000122070312,92.98999786376952,1104778
2025-09-08 09:15:00,92.61000061035156,93.8000030517578,92.61000061035156,93.61000061035156,661410
2025-09-08 13:15:00,93.61000061035156,93.66999816894533,92.47000122070312,92.98999786376952,813306
2025-09-09 09:15:00,93.23999786376952,93.4499969482422,92.0,92.55999755859376,393718
2025-09-09 13:15:00,92.58999633789062,92.8000030517578,92.4000015258789,92.51000213623048,708615
2025-09-10 09:15:00,92.91999816894533,93.77999877929688,92.88999938964844,93.0500030517578,508930
2025-09-10 13:15:00,93.0500030517578,94.01000213623048,92.6999969482422,93.5199966430664,796528
2025-09-11 09:15:00,94.0,94.83000183105467,93.6999969482422,93.70999908447266,2352925
2025-09-11 13:15:00,93.6999969482422,93.80999755859376,93.4000015258789,93.66000366210938,949197
2025-09-12 09:15:00,94.01000213623048,94.33000183105467,93.20999908447266,93.22000122070312,1551861
2025-09-12 13:15:00,93.22000122070312,93.4000015258789,92.9800033569336,93.08999633789062,1157284
2025-09-15 09:15:00,93.4800033569336,95.5500030517578,93.4800033569336,94.0,1064428
2025-09-15 13:15:00,94.0,94.1999969482422,93.6999969482422,93.91999816894533,1314435
2025-09-16 09:15:00,94.63999938964844,95.54000091552734,94.23999786376952,94.37000274658205,1316660
2025-09-16 13:15:00,94.37999725341795,94.55999755859376,94.33000183105467,94.55999755859376,1020876
2025-09-17 09:15:00,94.9800033569336,95.19000244140624,94.22000122070312,94.3000030517578,1879373
2025-09-17 13:15:00,94.3000030517578,94.5,94.1999969482422,94.41999816894533,939630
2025-09-18 09:15:00,94.83999633789062,95.36000061035156,93.5500030517578,93.61000061035156,867989
2025-09-18 13:15:00,93.61000061035156,94.19000244140624,93.5199966430664,94.04000091552734,816275
2025-09-19 09:15:00,94.02999877929688,94.4800033569336,93.8000030517578,94.04000091552734,662559
2025-09-19 13:15:00,94.0999984741211,94.63999938964844,93.91999816894533,94.4499969482422,1515669
2025-09-22 09:15:00,94.63999938964844,95.26000213623048,93.8499984741211,94.08999633789062,821716
2025-09-22 13:15:00,94.0500030517578,94.0999984741211,93.6999969482422,93.94000244140624,982047
2025-09-23 09:15:00,93.68000030517578,93.86000061035156,92.3499984741211,92.5199966430664,1613140
2025-09-23 13:15:00,92.5199966430664,92.9499969482422,92.47000122070312,92.6999969482422,1393676
2025-09-24 09:15:00,93.0,93.25,92.45999908447266,92.75,729347
2025-09-24 13:15:00,92.8000030517578,92.8499984741211,92.26000213623048,92.4800033569336,935657
2025-09-25 09:15:00,92.54000091552734,93.1999969482422,92.1999969482422,92.1999969482422,533846
2025-09-25 13:15:00,92.1999969482422,92.41000366210938,91.58999633789062,91.98999786376952,1672187
2025-09-26 09:15:00,92.06999969482422,92.06999969482422,90.20999908447266,90.3000030517578,617794
2025-09-26 13:15:00,90.3000030517578,91.9000015258789,90.0,91.5,1566165
2025-09-29 09:15:00,91.44000244140624,91.75,90.22000122070312,90.5,1637742
2025-09-29 13:15:00,90.48999786376952,90.73999786376952,89.7300033569336,90.0999984741211,1978339
2025-09-30 09:15:00,90.6500015258789,91.33999633789062,90.36000061035156,90.76000213623048,511549
2025-09-30 13:15:00,90.83000183105467,90.9499969482422,90.01000213623047,90.44000244140624,956625
2025-10-01 09:15:00,91.12999725341795,91.18000030517578,90.4000015258789,90.6500015258789,491151
2025-10-01 13:15:00,90.5999984741211,91.20999908447266,90.41000366210938,91.0999984741211,1004771
2025-10-03 09:15:00,91.3499984741211,92.0999984741211,90.87999725341795,91.0999984741211,715607
2025-10-03 13:15:00,91.0999984741211,91.5999984741211,90.91000366210938,91.5199966430664,808176
2025-10-06 09:15:00,91.73999786376952,91.83000183105467,90.61000061035156,90.62000274658205,512937
2025-10-06 13:15:00,90.62000274658205,90.87999725341795,90.5999984741211,90.63999938964844,693411
2025-10-07 09:15:00,91.1999969482422,91.1999969482422,90.48999786376952,90.54000091552734,484684
2025-10-07 13:15:00,90.58999633789062,90.69000244140624,90.41000366210938,90.5,691206
2025-10-08 09:15:00,90.86000061035156,90.86000061035156,89.77999877929688,89.94999694824219,546772
2025-10-08 13:15:00,89.94999694824219,90.06999969482422,89.81999969482422,89.98999786376953,736934
2025-10-09 09:15:00,90.12999725341795,90.5500030517578,89.70999908447266,89.80000305175781,551993
2025-10-09 13:15:00,89.80000305175781,90.04000091552734,89.80000305175781,89.98999786376953,666249
2025-10-10 09:15:00,90.1999969482422,91.3499984741211,90.05999755859375,90.2300033569336,909086
2025-10-10 13:15:00,90.2300033569336,90.43000030517578,90.01000213623047,90.1500015258789,813644
2025-10-13 09:15:00,90.0999984741211,90.93000030517578,89.94000244140625,90.0999984741211,659427
2025-10-13 13:15:00,90.0999984741211,90.16000366210938,89.83999633789062,90.04000091552734,781522
2025-10-14 09:15:00,90.20999908447266,90.4499969482422,88.62000274658203,88.69000244140625,1071486
2025-10-14 13:15:00,88.69000244140625,88.9800033569336,88.18000030517578,88.41999816894531,1028407
2025-10-15 09:15:00,89.05999755859375,89.80000305175781,88.83000183105469,89.30999755859375,509007
2025-10-15 13:15:00,89.30999755859375,89.73999786376953,88.91999816894531,89.69000244140625,951456
2025-10-16 09:15:00,89.83999633789062,89.88999938964844,88.8499984741211,88.86000061035156,529480
2025-10-16 13:15:00,88.9000015258789,89.12999725341797,88.8499984741211,88.94999694824219,568322
2025-10-17 09:15:00,89.06999969482422,89.26000213623047,88.13999938964844,88.1500015258789,1150910
2025-10-17 13:15:00,88.18000030517578,91.25,87.91000366210938,90.8000030517578,4361439
2025-10-20 09:15:00,90.5,90.5,88.91000366210938,89.06999969482422,851379
2025-10-20 13:15:00,89.06999969482422,89.29000091552734,89.01000213623047,89.25,696905
2025-10-21 13:15:00,89.55000305175781,90.16999816894533,89.5199966430664,89.79000091552734,488957
2025-10-23 09:15:00,90.19000244140624,90.30999755859376,89.45999908447266,89.55999755859375,960033
2025-10-23 13:15:00,89.51000213623047,89.58999633789062,89.12999725341797,89.30000305175781,702885
2025-10-24 09:15:00,89.58000183105469,89.58000183105469,88.5999984741211,88.62000274658203,793648
2025-10-24 13:15:00,88.66999816894531,89.1500015258789,88.51000213623047,88.94000244140625,735514
2025-10-27 09:15:00,89.01000213623047,89.0199966430664,88.3499984741211,88.36000061035156,648063
2025-10-27 13:15:00,88.41000366210938,88.47000122070312,87.97000122070312,88.05000305175781,1216454
2025-10-28 09:15:00,88.41999816894531,89.06999969482422,88.0,88.06999969482422,967662
2025-10-28 13:15:00,88.06999969482422,88.30999755859375,88.0,88.12000274658203,833573
2025-10-29 09:15:00,88.37000274658203,90.12000274658205,88.26000213623047,89.08000183105469,1767629
2025-10-29 13:15:00,89.08000183105469,89.16000366210938,88.54000091552734,88.91999816894531,1512123
2025-10-30 09:15:00,89.16000366210938,89.31999969482422,88.16000366210938,88.26000213623047,751083
2025-10-30 13:15:00,88.26000213623047,88.44000244140625,88.0999984741211,88.30999755859375,981085
2025-10-31 09:15:00,88.25,88.3499984741211,88.0,88.02999877929688,453051
2025-10-31 13:15:00,88.02999877929688,88.1500015258789,88.0,88.08999633789062,695925
2025-11-03 09:15:00,88.55999755859375,88.83000183105469,87.7699966430664,88.08999633789062,796367
2025-11-03 13:15:00,88.1500015258789,88.19999694824219,87.91000366210938,88.05000305175781,573673
2025-11-04 09:15:00,88.13999938964844,88.19000244140625,87.5,87.5199966430664,470448
2025-11-04 13:15:00,87.5,87.55999755859375,87.16999816894531,87.27999877929688,959159
2025-11-06 09:15:00,87.30999755859375,87.30999755859375,86.0,86.43000030517578,495492
2025-11-06 13:15:00,86.5,86.56999969482422,85.7699966430664,85.88999938964844,1013576
2025-11-07 09:15:00,85.52999877929688,85.52999877929688,84.4000015258789,84.69999694824219,632572
2025-11-07 13:15:00,84.69999694824219,85.1500015258789,84.5,84.75,871513
2025-11-10 09:15:00,85.12000274658203,85.2699966430664,84.0199966430664,84.12000274658203,737572
2025-11-10 13:15:00,84.12000274658203,84.80000305175781,83.26000213623047,84.18000030517578,2425016
2025-11-11 09:15:00,84.2300033569336,84.37999725341797,81.91000366210938,82.56999969482422,1094222
2025-11-11 13:15:00,82.5999984741211,83.12999725341797,82.01000213623047,82.48999786376953,1761321
2025-11-12 09:15:00,82.94000244140625,83.69000244140625,82.62999725341797,82.72000122070312,1340693
2025-11-12 13:15:00,82.69999694824219,83.0199966430664,82.5999984741211,82.80000305175781,1249502
2025-11-13 09:15:00,83.0,83.16999816894531,82.55000305175781,82.68000030517578,824892
2025-11-13 13:15:00,82.66000366210938,82.9800033569336,82.01000213623047,82.4000015258789,936726
2025-11-14 09:15:00,82.19999694824219,84.05999755859375,81.91000366210938,82.95999908447266,2088116
2025-11-14 13:15:00,82.95999908447266,83.69000244140625,82.80000305175781,83.68000030517578,1052161
2025-11-17 09:15:00,83.73999786376953,84.36000061035156,83.27999877929688,83.30000305175781,655517
2025-11-17 13:15:00,83.33999633789062,83.5,83.25,83.25,570382
2025-11-18 09:15:00,82.76000213623047,82.76000213623047,82.1500015258789,82.16999816894531,551633
2025-11-18 13:15:00,82.16999816894531,82.30999755859375,82.01000213623047,82.12999725341797,887809
2025-11-19 09:15:00,82.31999969482422,82.31999969482422,81.66000366210938,81.9000015258789,618278
2025-11-19 13:15:00,81.9000015258789,82.2699966430664,81.70999908447266,81.9000015258789,777103
2025-11-20 09:15:00,82.38999938964844,82.4000015258789,81.9000015258789,82.0,339920
2025-11-20 13:15:00,82.0,82.05999755859375,81.70999908447266,81.73999786376953,586288
2025-11-21 09:15:00,81.80000305175781,81.80000305175781,81.05000305175781,81.12000274658203,437875
2025-11-21 13:15:00,81.12000274658203,81.22000122070312,80.9000015258789,80.93000030517578,738645
2025-11-24 09:15:00,81.20999908447266,81.20999908447266,79.12999725341797,79.16000366210938,871425
2025-11-24 13:15:00,79.16000366210938,79.68000030517578,78.79000091552734,79.33999633789062,1198481
2025-11-25 09:15:00,79.27999877929688,79.47000122070312,78.0,78.30000305175781,713677
2025-11-25 13:15:00,78.33000183105469,78.37000274658203,77.73999786376953,77.88999938964844,1431404
2025-11-26 09:15:00,78.04000091552734,78.81999969482422,77.80999755859375,78.08000183105469,1059211
2025-11-26 13:15:00,78.12999725341797,78.83999633789062,78.0,78.7300033569336,928598
2025-11-27 09:15:00,78.93000030517578,79.51000213623047,78.8499984741211,78.86000061035156,609405
2025-11-27 13:15:00,78.88999938964844,79.23999786376953,78.69999694824219,78.91000366210938,521142
2025-11-28 09:15:00,78.75,78.75,77.79000091552734,77.9000015258789,487914
2025-11-28 13:15:00,77.9000015258789,78.04000091552734,77.7699966430664,77.7699966430664,453430
2025-12-01 09:15:00,78.16000366210938,78.98999786376953,77.5999984741211,77.73999786376953,524575
2025-12-01 13:15:00,77.70999908447266,78.0999984741211,77.5999984741211,77.8499984741211,714509
2025-12-02 09:15:00,77.80000305175781,78.87000274658203,77.3499984741211,77.36000061035156,1205688
2025-12-02 13:15:00,77.36000061035156,77.58999633789062,77.0999984741211,77.3499984741211,801988
2025-12-03 09:15:00,77.26000213623047,77.48999786376953,75.51000213623047,75.5999984741211,858487
2025-12-03 13:15:00,75.5999984741211,76.18000030517578,75.55999755859375,75.9000015258789,993674
2025-12-04 09:15:00,75.9000015258789,76.08999633789062,75.0199966430664,75.54000091552734,681827
2025-12-04 13:15:00,75.51000213623047,75.73999786376953,75.22000122070312,75.4000015258789,667810
2025-12-05 09:15:00,75.69999694824219,75.69999694824219,73.94000244140625,74.05000305175781,1122604
2025-12-05 13:15:00,74.05999755859375,74.25,73.91999816894531,74.0,1010019
2025-12-08 09:15:00,73.9000015258789,74.0,71.19000244140625,71.20999908447266,1604490
2025-12-08 13:15:00,71.23999786376953,71.55000305175781,70.69999694824219,71.19999694824219,1733833
2025-12-09 09:15:00,71.0,72.18000030517578,70.0,72.05000305175781,2573736
2025-12-09 13:15:00,72.08000183105469,75.4000015258789,71.23999786376953,74.9000015258789,3037856
2025-12-10 09:15:00,74.11000061035156,74.76000213623047,73.25,73.30000305175781,882164
2025-12-10 13:15:00,73.33000183105469,74.27999877929688,73.26000213623047,73.44000244140625,730236
2025-12-11 09:15:00,73.5999984741211,73.5999984741211,71.83999633789062,72.18000030517578,757953
2025-12-11 13:15:00,72.18000030517578,72.44999694824219,72.01000213623047,72.1500015258789,1142477
2025-12-12 09:15:00,72.29000091552734,72.87999725341797,72.0999984741211,72.25,508103
2025-12-12 13:15:00,72.2699966430664,72.5,72.1500015258789,72.1500015258789,756459
2025-12-15 09:15:00,72.29000091552734,72.79000091552734,72.05999755859375,72.19999694824219,598367
2025-12-15 13:15:00,72.19999694824219,72.51000213623047,72.12000274658203,72.4000015258789,739112
2025-12-16 09:15:00,72.4000015258789,72.8499984741211,72.0,72.05000305175781,577219
2025-12-16 13:15:00,72.05000305175781,72.80000305175781,72.0,72.11000061035156,911845
2025-12-17 09:15:00,72.25,72.25,71.20999908447266,71.36000061035156,401751
2025-12-17 13:15:00,71.30999755859375,71.9000015258789,71.25,71.68000030517578,1002305
2025-12-18 09:15:00,70.70999908447266,70.7699966430664,70.0199966430664,70.36000061035156,1488499
2025-12-18 13:15:00,70.36000061035156,70.47000122070312,70.05000305175781,70.27999877929688,966372
2025-12-19 09:15:00,70.41000366210938,70.79000091552734,69.91999816894531,70.4800033569336,867027
2025-12-19 13:15:00,70.5,73.0,70.44999694824219,72.66000366210938,2470351
2025-12-22 09:15:00,72.56999969482422,73.55999755859375,72.5,73.02999877929688,736948
2025-12-22 13:15:00,73.05999755859375,73.25,72.80000305175781,72.91000366210938,698137
2025-12-23 09:15:00,73.05000305175781,76.08999633789062,72.75,75.12999725341797,3127134
2025-12-23 13:15:00,75.12999725341797,75.43000030517578,74.9000015258789,75.27999877929688,1454597
2025-12-24 09:15:00,75.4800033569336,75.72000122070312,74.69999694824219,74.70999908447266,597867
2025-12-24 13:15:00,74.70999908447266,75.19999694824219,74.48999786376953,74.93000030517578,713568
2025-12-26 09:15:00,74.80000305175781,76.19000244140625,74.0199966430664,74.43000030517578,2547294
2025-12-26 13:15:00,74.43000030517578,74.47000122070312,74.0,74.18000030517578,1542751
2025-12-29 09:15:00,74.02999877929688,74.12999725341797,73.01000213623047,73.05000305175781,864542
2025-12-29 13:15:00,73.05000305175781,73.36000061035156,73.01000213623047,73.1500015258789,907018
2025-12-30 09:15:00,73.19000244140625,73.19000244140625,72.05999755859375,72.76000213623047,578911
2025-12-30 13:15:00,72.80000305175781,73.6500015258789,72.5199966430664,73.6500015258789,861531
2025-12-31 09:15:00,73.26000213623047,76.25,73.26000213623047,74.75,1897560
2025-12-31 13:15:00,74.75,75.16000366210938,74.5999984741211,74.75,870281
2026-01-01 09:15:00,75.08999633789062,75.5,74.61000061035156,74.69999694824219,504552
2026-01-01 13:15:00,74.69999694824219,74.98999786376953,74.5999984741211,74.73999786376953,624387
2026-01-02 09:15:00,74.93000030517578,79.8499984741211,74.66999816894531,78.7699966430664,12503785
2026-01-02 13:15:00,78.75,83.9800033569336,78.72000122070312,83.23999786376953,69192387
2026-01-05 09:15:00,84.0,88.79000091552734,84.0,87.20999908447266,30627759
2026-01-05 13:15:00,87.20999908447266,88.69999694824219,86.83000183105469,87.6500015258789,24008308
2026-01-06 09:15:00,87.0,87.0,83.61000061035156,84.30000305175781,3328575
2026-01-06 13:15:00,84.36000061035156,84.75,83.9000015258789,84.30000305175781,4465238
2026-01-07 09:15:00,84.33000183105469,84.33000183105469,82.23999786376953,82.83999633789062,1830255
2026-01-07 13:15:00,82.83999633789062,83.43000030517578,82.5,82.66000366210938,2124909
2026-01-08 09:15:00,82.66000366210938,83.45999908447266,80.1500015258789,80.5199966430664,1890398
2026-01-08 13:15:00,80.5199966430664,81.1500015258789,79.44999694824219,79.80000305175781,2608325
2026-01-09 09:15:00,79.80000305175781,80.23999786376953,78.0999984741211,78.18000030517578,2164680
2026-01-09 13:15:00,78.16000366210938,78.62999725341797,77.95999908447266,78.30000305175781,1753801
2026-01-12 09:15:00,77.87999725341797,78.08000183105469,76.02999877929688,77.9800033569336,2391999
2026-01-12 13:15:00,77.9800033569336,81.0,77.66000366210938,80.75,4210163
2026-01-13 09:15:00,80.55999755859375,81.37999725341797,79.1500015258789,79.83000183105469,2467314
2026-01-13 13:15:00,79.80999755859375,80.29000091552734,79.11000061035156,79.18000030517578,1944975
2026-01-14 09:15:00,79.37999725341797,79.37999725341797,78.25,78.93000030517578,1643952
2026-01-14 13:15:00,78.93000030517578,79.0,78.5,78.79000091552734,1086716
2026-01-16 09:15:00,78.86000061035156,79.25,77.94000244140625,77.98999786376953,1175960
2026-01-16 13:15:00,77.94000244140625,78.37999725341797,75.87000274658203,76.47000122070312,6514216
2026-01-19 09:15:00,76.3499984741211,76.94000244140625,74.4000015258789,74.66000366210938,1601843
2026-01-19 13:15:00,74.61000061035156,74.87000274658203,74.37999725341797,74.5199966430664,1457919
2026-01-20 09:15:00,74.5199966430664,74.77999877929688,72.33999633789062,72.36000061035156,2159487
2026-01-20 13:15:00,72.3499984741211,72.41999816894531,70.98999786376953,71.76000213623047,2934159
2026-01-21 09:15:00,71.63999938964844,72.37000274658203,70.62000274658203,71.94999694824219,3336036
2026-01-21 13:15:00,71.97000122070312,72.23999786376953,70.9800033569336,71.5999984741211,1757855
2026-01-22 09:15:00,73.19000244140625,73.19000244140625,72.0,72.44000244140625,953889
2026-01-22 13:15:00,72.4000015258789,72.83999633789062,72.19999694824219,72.62000274658203,1055667
2026-01-23 09:15:00,72.62999725341797,72.86000061035156,70.88999938964844,70.98999786376953,1059321
2026-01-23 13:15:00,71.0,71.2300033569336,70.6500015258789,70.75,1449922
2026-01-27 09:15:00,70.86000061035156,71.79000091552734,69.81999969482422,71.12999725341797,1164665
2026-01-27 13:15:00,71.13999938964844,72.0,70.7699966430664,71.5,1241869
2026-01-28 09:15:00,71.91000366210938,73.62000274658203,71.91000366210938,73.44000244140625,3388478
2026-01-28 13:15:00,73.44000244140625,74.47000122070312,73.38999938964844,74.3499984741211,2356467
2026-01-29 09:15:00,74.5,74.70999908447266,72.33999633789062,72.6500015258789,3254532
2026-01-29 13:15:00,72.69999694824219,72.80000305175781,72.30000305175781,72.37999725341797,1950809
2026-01-30 09:15:00,72.06999969482422,74.0999984741211,71.4000015258789,71.87000274658203,2720267
2026-01-30 13:15:00,71.87999725341797,72.9000015258789,71.8499984741211,72.6500015258789,2203408
2026-02-03 09:15:00,73.29000091552734,73.45999908447266,71.52999877929688,71.73999786376953,3440971
2026-02-03 13:15:00,71.75,72.29000091552734,71.41000366210938,72.11000061035156,1722926
2026-02-04 09:15:00,71.5,73.7300033569336,71.5,73.08000183105469,1300035
2026-02-04 13:15:00,73.04000091552734,74.30000305175781,72.98999786376953,73.9800033569336,2892008
2026-02-05 09:15:00,73.4000015258789,73.83000183105469,72.3499984741211,72.5199966430664,924764
2026-02-05 13:15:00,72.55000305175781,72.70999908447266,72.01000213623047,72.0999984741211,1354419
2026-02-06 09:15:00,72.0,72.54000091552734,71.69999694824219,72.12000274658203,980412
2026-02-06 13:15:00,72.12000274658203,72.4800033569336,72.02999877929688,72.26000213623047,1324145
2026-02-09 09:15:00,72.9000015258789,73.36000061035156,72.41000366210938,73.04000091552734,1402545
2026-02-09 13:15:00,73.0199966430664,73.43000030517578,72.94999694824219,73.30000305175781,965316
2026-02-10 09:15:00,73.48999786376953,73.86000061035156,72.9000015258789,73.0999984741211,1368961
2026-02-10 13:15:00,73.0999984741211,73.13999938964844,72.69999694824219,72.80000305175781,1192667
2026-02-11 09:15:00,73.0199966430664,73.0199966430664,71.91000366210938,72.30000305175781,1332035
2026-02-11 13:15:00,72.30000305175781,78.41000366210938,72.30000305175781,77.98999786376953,24558572
2026-02-12 09:15:00,79.0,81.4800033569336,78.93000030517578,79.02999877929688,13595632
2026-02-12 13:15:00,79.02999877929688,79.68000030517578,78.0999984741211,78.25,12668220
2026-02-13 09:15:00,77.91000366210938,77.91000366210938,76.0999984741211,77.02999877929688,1921128
2026-02-13 13:15:00,77.02999877929688,77.0999984741211,76.30000305175781,76.79000091552734,2021033
2026-02-16 09:15:00,76.5,77.80000305175781,75.56999969482422,77.06999969482422,2177959
2026-02-16 13:15:00,77.08000183105469,78.30000305175781,77.05000305175781,77.80000305175781,2272208
2026-02-17 09:15:00,77.58000183105469,78.43000030517578,77.30000305175781,77.41000366210938,1097661
2026-02-17 13:15:00,77.41000366210938,77.76000213623047,77.30000305175781,77.55000305175781,1169968
2026-02-18 09:15:00,77.8499984741211,77.8499984741211,76.54000091552734,76.61000061035156,1021834
2026-02-18 13:15:00,76.5999984741211,76.81999969482422,76.55000305175781,76.66999816894531,1095868
2026-02-19 09:15:00,76.80000305175781,77.16999816894531,75.75,75.8499984741211,1250346
2026-02-19 13:15:00,75.81999969482422,75.91999816894531,74.69999694824219,75.13999938964844,1909622
2026-02-20 09:15:00,74.30000305175781,75.66999816894531,73.55000305175781,75.30999755859375,1565506
2026-02-20 13:15:00,75.30999755859375,75.66000366210938,74.88999938964844,75.0999984741211,1317587
2026-02-23 09:15:00,75.3499984741211,75.41999816894531,74.0,74.05000305175781,672083
2026-02-23 13:15:00,74.01000213623047,74.2699966430664,73.5199966430664,73.69000244140625,1183523
2026-02-24 09:15:00,73.33000183105469,74.5999984741211,72.93000030517578,73.81999969482422,1474629
2026-02-24 13:15:00,73.87000274658203,74.5,73.25,74.4800033569336,1665065
2026-02-25 09:15:00,74.75,75.61000061035156,74.5999984741211,75.01000213623047,1765034
2026-02-25 13:15:00,75.01000213623047,75.47000122070312,74.9800033569336,74.9800033569336,1421611
2026-02-26 09:15:00,74.80000305175781,75.0,73.94999694824219,74.06999969482422,971805
2026-02-26 13:15:00,74.06999969482422,74.25,73.75,74.05999755859375,1083937
2026-02-27 09:15:00,73.75,74.22000122070312,73.18000030517578,73.41000366210938,1112725
2026-02-27 13:15:00,73.36000061035156,73.52999877929688,72.95999908447266,73.05000305175781,1084765
2026-03-02 09:15:00,69.93000030517578,71.48999786376953,69.93000030517578,70.01000213623047,1131830
2026-03-02 13:15:00,70.01000213623047,70.5,69.55999755859375,70.4000015258789,1679890
2026-03-04 09:15:00,69.05000305175781,69.05000305175781,67.8499984741211,68.2300033569336,1467105
2026-03-04 13:15:00,68.22000122070312,68.58999633789062,67.9000015258789,68.23999786376953,1544410
2026-03-05 09:15:00,69.0999984741211,70.58999633789062,69.0999984741211,70.37999725341797,1943130
2026-03-05 13:15:00,70.37999725341797,73.04000091552734,70.16000366210938,72.79000091552734,4641597
2026-03-06 09:15:00,72.05999755859375,73.18000030517578,71.4000015258789,71.52999877929688,1122315
2026-03-06 13:15:00,71.56999969482422,71.73999786376953,70.79000091552734,70.98999786376953,1168521
2026-03-09 09:15:00,68.98999786376953,69.43000030517578,68.4000015258789,68.44000244140625,1112710
2026-03-09 13:15:00,68.44000244140625,69.2300033569336,68.44000244140625,69.18000030517578,1110923
2026-03-10 09:15:00,70.30000305175781,70.45999908447266,69.1500015258789,69.4000015258789,1223153
2026-03-10 13:15:00,69.4000015258789,70.19999694824219,69.30000305175781,70.1500015258789,1497100
2026-03-11 09:15:00,70.37999725341797,71.9000015258789,70.0199966430664,70.83000183105469,2074800
2026-03-11 13:15:00,70.83000183105469,71.1500015258789,70.08000183105469,70.52999877929688,1447702
2026-03-12 09:15:00,70.37999725341797,73.33000183105469,69.2300033569336,72.4000015258789,5156744
2026-03-12 13:15:00,72.4000015258789,73.12000274658203,72.11000061035156,72.41999816894531,2377948
2026-03-13 09:15:00,72.72000122070312,73.80999755859375,70.80000305175781,70.80000305175781,1807520
2026-03-13 13:15:00,70.83000183105469,71.06999969482422,69.62999725341797,69.94000244140625,3204227
2026-03-16 09:15:00,70.27999877929688,71.30000305175781,68.61000061035156,68.68000030517578,3359537
2026-03-16 13:15:00,68.69000244140625,69.69000244140625,68.44999694824219,69.19000244140625,2498196
2026-03-17 09:15:00,69.58999633789062,70.19000244140625,68.5199966430664,68.94999694824219,1257008
2026-03-17 13:15:00,68.95999908447266,69.45999908447266,68.91999816894531,69.0,1835382
2026-03-18 09:15:00,69.41999816894531,71.48999786376953,69.18000030517578,70.97000122070312,2638277
2026-03-18 13:15:00,70.97000122070312,71.3499984741211,70.30000305175781,70.5,3039310
2026-03-19 09:15:00,70.44000244140625,70.61000061035156,69.5,69.51000213623047,1305269
2026-03-19 13:15:00,69.55000305175781,69.62999725341797,68.5199966430664,68.88999938964844,1864238
2026-03-20 09:15:00,69.86000061035156,71.83999633789062,69.69000244140625,71.0,3336887
2026-03-20 13:15:00,70.94999694824219,71.29000091552734,69.69999694824219,70.18000030517578,4548458
2026-03-23 09:15:00,69.55999755859375,69.55999755859375,66.01000213623047,66.13999938964844,2512864
2026-03-23 13:15:00,66.16000366210938,67.16000366210938,66.0999984741211,66.36000061035156,2042047
2026-03-24 09:15:00,67.66999816894531,67.83000183105469,66.05999755859375,67.63999938964844,1715367
2026-03-24 13:15:00,67.62999725341797,67.75,66.69000244140625,67.0,1637321
2026-03-25 09:15:00,67.48999786376953,69.1500015258789,67.48999786376953,68.22000122070312,1536219
2026-03-25 13:15:00,68.19999694824219,68.41999816894531,67.75,67.9000015258789,1756632
2026-03-27 09:15:00,67.25,67.83999633789062,66.2300033569336,66.44999694824219,2218916
2026-03-27 13:15:00,66.44999694824219,66.6500015258789,66.05999755859375,66.08999633789062,3328609
2026-03-30 09:15:00,65.9800033569336,65.9800033569336,64.5199966430664,64.70999908447266,1875628
2026-03-30 13:15:00,64.68000030517578,64.75,63.09999847412109,63.290000915527344,3567802
2026-04-01 09:15:00,65.30000305175781,66.94999694824219,64.63999938964844,66.8499984741211,2269972
2026-04-01 13:15:00,66.87999725341797,67.6500015258789,66.19000244140625,67.25,2434089
2026-04-02 09:15:00,65.98999786376953,66.45999908447266,64.87999725341797,66.33000183105469,1567034
2026-04-02 13:15:00,66.37999725341797,67.62000274658203,66.2699966430664,67.31999969482422,1862114
2026-04-06 09:15:00,67.22000122070312,67.66999816894531,65.95999908447266,67.45999908447266,2272926
2026-04-06 13:15:00,67.55999755859375,67.9000015258789,67.30000305175781,67.9000015258789,1651307
2026-04-07 09:15:00,67.29000091552734,68.4800033569336,67.04000091552734,67.5,1379714
2026-04-07 13:15:00,67.5,67.69999694824219,67.3499984741211,67.54000091552734,1130443
2026-04-08 09:15:00,69.94000244140625,70.55000305175781,69.1500015258789,70.06999969482422,2170016
2026-04-08 13:15:00,70.06999969482422,70.73999786376953,70.0199966430664,70.7300033569336,1637059
2026-04-09 09:15:00,70.9800033569336,71.5,69.76000213623047,70.94000244140625,2045269
2026-04-09 13:15:00,70.94000244140625,70.95999908447266,70.20999908447266,70.79000091552734,1625921
2026-04-10 09:15:00,71.25,72.6500015258789,71.25,72.27999877929688,1083204
2026-04-10 13:15:00,72.27999877929688,72.30000305175781,71.83999633789062,72.1500015258789,1198562
2026-04-13 09:15:00,70.55000305175781,73.31999969482422,69.95999908447266,72.79000091552734,3098457
2026-04-13 13:15:00,72.79000091552734,73.12999725341797,72.20999908447266,72.26000213623047,2122635
2026-04-15 09:15:00,73.9000015258789,75.30000305175781,73.70999908447266,75.06999969482422,2995228
2026-04-15 13:15:00,75.05999755859375,75.62999725341797,74.87999725341797,75.1500015258789,3189165
2026-04-16 09:15:00,75.5,76.27999877929688,74.77999877929688,75.2300033569336,1743228
2026-04-16 13:15:00,75.18000030517578,76.9000015258789,75.08999633789062,76.9000015258789,2861638
2026-04-17 09:15:00,76.87999725341797,77.80000305175781,76.5999984741211,76.86000061035156,1617722
2026-04-17 13:15:00,76.86000061035156,79.6500015258789,76.80000305175781,79.0999984741211,6055568
2026-04-20 09:15:00,78.69999694824219,79.12999725341797,76.33000183105469,77.02999877929688,0
2026-04-20 13:15:00,78.62000274658203,78.62000274658203,76.68000030517578,76.80000305175781,4189189
2026-04-21 09:15:00,77.05000305175781,78.3499984741211,76.9800033569336,77.2300033569336,1036187
2026-04-21 13:15:00,77.2300033569336,77.30000305175781,76.5999984741211,76.76000213623047,1044879
2026-04-22 09:15:00,76.72000122070312,77.8499984741211,76.72000122070312,77.73999786376953,1427980
2026-04-22 13:15:00,77.73999786376953,81.44999694824219,77.5199966430664,81.08999633789062,14392604
2026-04-23 09:15:00,80.5,82.0199966430664,79.41000366210938,79.91000366210938,2172000
2026-04-23 13:15:00,79.97000122070312,80.12999725341797,78.75,78.9800033569336,2046514
2026-04-24 09:15:00,79.23999786376953,79.62000274658203,77.2699966430664,77.30000305175781,931080
2026-04-24 13:15:00,77.30000305175781,78.08000183105469,76.86000061035156,77.8499984741211,1344423
2026-04-27 09:15:00,77.98999786376953,81.19999694824219,77.98999786376953,80.68000030517578,3712501
2026-04-27 13:15:00,80.68000030517578,80.98999786376953,80.19999694824219,80.5999984741211,1965378
2026-04-28 09:15:00,80.45999908447266,82.2300033569336,80.19999694824219,80.94999694824219,2186378
2026-04-28 13:15:00,80.87999725341797,82.29000091552734,80.55000305175781,81.79000091552734,3663106
2026-04-29 09:15:00,82.61000061035156,82.79000091552734,81.11000061035156,81.62000274658203,1644059
2026-04-29 13:15:00,81.56999969482422,81.6500015258789,80.2699966430664,80.33999633789062,2039145
2026-04-30 09:15:00,80.48999786376953,80.77999877929688,78.5999984741211,78.80000305175781,1476619
2026-04-30 13:15:00,78.80000305175781,79.48999786376953,78.6500015258789,78.9800033569336,2285004
2026-05-04 09:15:00,79.9800033569336,80.94999694824219,79.19000244140625,79.4800033569336,1465969
2026-05-04 13:15:00,79.43000030517578,80.23999786376953,78.80000305175781,79.86000061035156,1183598
2026-05-05 09:15:00,79.8499984741211,80.58999633789062,79.08000183105469,79.97000122070312,1124136
2026-05-05 13:15:00,79.93000030517578,79.9800033569336,79.0199966430664,79.12000274658203,818802
2026-05-06 09:15:00,79.80999755859375,80.08999633789062,78.51000213623047,78.68000030517578,1016023
2026-05-06 13:15:00,78.68000030517578,80.04000091552734,78.68000030517578,79.98999786376953,1556979
2026-05-07 09:15:00,80.33999633789062,80.5,79.54000091552734,80.0999984741211,1383589
2026-05-07 13:15:00,80.0999984741211,80.19999694824219,79.69999694824219,80.1500015258789,1191243
2026-05-08 09:15:00,79.51000213623047,80.08999633789062,78.91999816894531,79.19999694824219,805531
2026-05-08 13:15:00,79.2300033569336,79.27999877929688,78.51000213623047,78.69000244140625,1194664
2026-05-11 09:15:00,78.12999725341797,78.12999725341797,76.94999694824219,77.7699966430664,608857
2026-05-11 13:15:00,77.77999877929688,78.11000061035156,77.20999908447266,77.48999786376953,1072684
2026-05-12 09:15:00,77.2300033569336,77.6500015258789,75.2300033569336,75.38999938964844,956756
2026-05-12 13:15:00,75.38999938964844,75.55000305175781,74.01000213623047,74.25,1265783
2026-05-13 09:15:00,74.25,75.87000274658203,74.25,75.80000305175781,797468
2026-05-13 13:15:00,75.80000305175781,76.31999969482422,75.44999694824219,75.69999694824219,1145366
2026-05-14 09:15:00,76.06999969482422,78.38999938964844,76.06999969482422,77.25,1712107
2026-05-14 13:15:00,77.26000213623047,77.3499984741211,76.7300033569336,77.16999816894531,1199440
2026-05-15 09:15:00,77.73999786376953,78.36000061035156,76.20999908447266,77.4000015258789,1207991
2026-05-15 13:15:00,77.4000015258789,79.31999969482422,75.77999877929688,77.1500015258789,9763972
2026-05-18 09:15:00,75.69999694824219,76.0,70.6500015258789,72.75,2581404
2026-05-18 13:15:00,72.75,73.33999633789062,72.63999938964844,73.0,2541967
2026-05-19 09:15:00,73.5,74.9000015258789,73.30000305175781,74.2699966430664,1196507
2026-05-19 13:15:00,74.26000213623047,74.9000015258789,74.25,74.4000015258789,1330069
2026-05-20 09:15:00,74.20999908447266,74.20999908447266,73.3499984741211,73.73999786376953,816416
2026-05-20 13:15:00,73.73999786376953,73.80000305175781,73.37999725341797,73.58000183105469,769535
2026-05-21 09:15:00,74.11000061035156,74.56999969482422,73.37000274658203,73.44999694824219,764809
2026-05-21 13:15:00,73.44999694824219,73.69000244140625,73.23999786376953,73.44000244140625,745544
2026-05-22 09:15:00,73.61000061035156,73.93000030517578,73.08000183105469,73.29000091552734,493443
2026-05-22 13:15:00,73.29000091552734,73.41999816894531,73.0,73.19999694824219,829747
2026-05-25 09:15:00,74.0999984741211,74.75,73.93000030517578,74.55000305175781,659236
2026-05-25 13:15:00,74.55000305175781,74.55000305175781,74.1500015258789,74.2699966430664,530912
2026-05-26 09:15:00,74.19000244140625,75.19000244140625,73.93000030517578,74.1500015258789,981660
2026-05-26 13:15:00,74.1500015258789,74.1500015258789,73.55000305175781,73.94000244140625,861923
2026-05-27 09:15:00,73.94000244140625,76.08999633789062,73.75,75.12999725341797,2765154
2026-05-27 13:15:00,75.19999694824219,75.68000030517578,75.0999984741211,75.63999938964844,1196333
2026-05-29 09:15:00,76.30000305175781,77.7300033569336,75.80999755859375,76.1500015258789,1402119
2026-05-29 13:15:00,76.1500015258789,76.51000213623047,74.45999908447266,75.30000305175781,3526415
2026-06-01 09:15:00,75.66999816894531,75.66999816894531,73.1500015258789,73.22000122070312,1691918
2026-06-01 13:15:00,73.18000030517578,73.4000015258789,72.73999786376953,72.91999816894531,1146686
2026-06-02 09:15:00,72.44999694824219,72.44999694824219,71.3499984741211,71.9000015258789,1237854
2026-06-02 13:15:00,71.95999908447266,72.23999786376953,71.80000305175781,72.08000183105469,1210756
2026-06-03 09:15:00,72.55000305175781,73.5,72.06999969482422,72.94000244140625,831191
2026-06-03 13:15:00,72.95999908447266,73.52999877929688,72.86000061035156,73.4000015258789,1323940
2026-06-04 09:15:00,72.61000061035156,74.31999969482422,72.38999938964844,73.33999633789062,669703
2026-06-04 13:15:00,73.37000274658203,73.94999694824219,73.3499984741211,73.61000061035156,626528
2026-06-05 09:15:00,74.0,74.1500015258789,73.55000305175781,73.7699966430664,638492
2026-06-05 13:15:00,73.7699966430664,73.97000122070312,73.18000030517578,73.55000305175781,1357717
2026-06-08 09:15:00,72.69999694824219,73.1500015258789,72.22000122070312,72.68000030517578,323056
2026-06-08 13:15:00,72.69000244140625,72.69999694824219,72.19999694824219,72.2300033569336,507047
2026-06-09 09:15:00,73.0,73.11000061035156,71.91000366210938,72.19999694824219,709328
2026-06-09 13:15:00,72.23999786376953,73.16000366210938,72.0,72.80000305175781,966473
2026-06-10 09:15:00,72.98999786376953,73.05999755859375,72.08999633789062,72.16999816894531,350669
2026-06-10 13:15:00,72.20999908447266,72.22000122070312,71.43000030517578,71.73999786376953,777176
2026-06-11 09:15:00,71.5,71.69000244140625,70.69999694824219,70.69999694824219,430007
2026-06-11 13:15:00,70.69999694824219,70.73999786376953,70.05000305175781,70.69000244140625,808539
2026-06-12 09:15:00,71.3499984741211,71.79000091552734,71.0999984741211,71.30000305175781,432603
2026-06-12 13:15:00,71.2699966430664,72.95999908447266,71.23999786376953,72.61000061035156,1396354
2026-06-15 09:15:00,73.83999633789062,73.87999725341797,73.22000122070312,73.4800033569336,738496
2026-06-15 13:15:00,73.41000366210938,73.6500015258789,73.0,73.18000030517578,555990
2026-06-16 09:15:00,73.30000305175781,73.77999877929688,72.94999694824219,73.08000183105469,926313
2026-06-16 13:15:00,73.08000183105469,73.91999816894531,73.05999755859375,73.66999816894531,1773834
2026-06-17 09:15:00,73.79000091552734,73.86000061035156,73.25,73.66000366210938,435712
2026-06-17 13:15:00,73.66999816894531,74.19999694824219,73.44999694824219,73.87000274658203,995315
2026-06-18 09:15:00,74.44000244140625,75.16000366210938,73.81999969482422,74.33999633789062,1164355
2026-06-18 13:15:00,74.30999755859375,74.37000274658203,73.9000015258789,74.19999694824219,896961
2026-06-19 09:15:00,73.66000366210938,73.8499984741211,73.05000305175781,73.0999984741211,635761
2026-06-19 13:15:00,73.0999984741211,73.4000015258789,72.7300033569336,72.80999755859375,1689660
2026-06-22 09:15:00,73.37000274658203,75.48999786376953,73.31999969482422,74.58000183105469,2329981
2026-06-22 13:15:00,74.55000305175781,74.5999984741211,74.08000183105469,74.13999938964844,994028
2026-06-23 09:15:00,74.87999725341797,74.87999725341797,72.75,72.9800033569336,930408
2026-06-23 13:15:00,72.95999908447266,73.37999725341797,72.80000305175781,73.0,718914
2026-06-24 09:15:00,73.0199966430664,73.13999938964844,72.11000061035156,73.0999984741211,617781
2026-06-24 13:15:00,73.08999633789062,73.4800033569336,72.73999786376953,72.8499984741211,1056206
2026-06-25 09:15:00,73.27999877929688,73.27999877929688,72.18000030517578,72.18000030517578,450746
2026-06-25 13:15:00,72.18000030517578,72.37000274658203,72.0,72.1500015258789,726487
2026-06-29 09:15:00,72.08999633789062,72.72000122070312,71.41999816894531,72.62999725341797,886337
2026-06-29 13:15:00,72.58999633789062,72.86000061035156,71.48999786376953,72.11000061035156,1740989
2026-06-30 09:15:00,73.0999984741211,74.56999969482422,73.01000213623047,73.2300033569336,3404274
2026-06-30 13:15:00,73.2300033569336,73.68000030517578,72.62000274658203,73.0,2243245
2026-07-01 09:15:00,73.22000122070312,73.55999755859375,72.80999755859375,72.9000015258789,661694
2026-07-01 13:15:00,72.8499984741211,72.97000122070312,72.44999694824219,72.54000091552734,642334
2026-07-02 09:15:00,73.0,73.0,72.55999755859375,72.5999984741211,319732
2026-07-02 13:15:00,72.63999938964844,72.68000030517578,72.45999908447266,72.55999755859375,567690
2026-07-03 09:15:00,72.7699966430664,73.19999694824219,72.45999908447266,72.52999877929688,729930
2026-07-03 13:15:00,72.52999877929688,72.7300033569336,72.37000274658203,72.5,589431
2026-07-06 09:15:00,72.83999633789062,72.83999633789062,71.5199966430664,71.58000183105469,1006008
2026-07-06 13:15:00,71.5199966430664,71.95999908447266,71.51000213623047,71.8499984741211,951918
2026-07-07 09:15:00,71.70999908447266,71.70999908447266,71.26000213623047,71.33000183105469,387967
2026-07-07 13:15:00,71.30999755859375,72.36000061035156,71.2699966430664,71.73999786376953,585223
2026-07-08 09:15:00,71.08000183105469,71.25,70.75,71.0999984741211,445208
2026-07-08 13:15:00,71.0999984741211,71.13999938964844,69.9000015258789,70.11000061035156,1393665
2026-07-09 09:15:00,70.1500015258789,70.87999725341797,69.94000244140625,70.58999633789062,303616
2026-07-09 13:15:00,70.55000305175781,70.66000366210938,70.0,70.06999969482422,587617
2026-07-10 09:15:00,70.19999694824219,71.27999877929688,70.19999694824219,71.05999755859375,252728
2026-07-10 13:15:00,71.06999969482422,71.1500015258789,70.80999755859375,70.9000015258789,635918
2026-07-13 09:15:00,69.9000015258789,70.94999694824219,69.80000305175781,70.43000030517578,428627
2026-07-13 13:15:00,70.43000030517578,70.76000213623047,70.31999969482422,70.61000061035156,583186
2026-07-14 09:15:00,70.36000061035156,70.95999908447266,70.11000061035156,70.26000213623047,619826
2026-07-14 13:15:00,70.30999755859375,70.55999755859375,70.16000366210938,70.33000183105469,555698
2026-07-15 09:15:00,70.30000305175781,70.5999984741211,69.86000061035156,70.12999725341797,520033
2026-07-15 13:15:00,70.12999725341797,70.2300033569336,69.9000015258789,70.0,563123
2026-07-16 09:15:00,70.23999786376953,70.58999633789062,69.91999816894531,70.0,694198
2026-07-16 13:15:00,69.94999694824219,70.37999725341797,69.9000015258789,70.05000305175781,773512
2026-07-17 09:15:00,70.05000305175781,70.05000305175781,69.0999984741211,69.19999694824219,462166
2026-07-17 13:15:00,69.19999694824219,69.55000305175781,69.01000213623047,69.12000274658203,792852
2026-07-20 09:15:00,69.22000122070312,69.7300033569336,68.69000244140625,69.31999969482422,689045
2026-07-20 13:15:00,69.37999725341797,69.5999984741211,68.94999694824219,69.04000091552734,1034797
2026-07-21 09:15:00,69.08999633789062,69.38999938964844,68.6500015258789,68.7300033569336,734217
2026-07-21 13:15:00,68.70999908447266,68.91999816894531,68.5199966430664,68.5999984741211,844994
2026-07-22 09:15:00,68.76000213623047,68.76000213623047,67.6500015258789,67.75,727135
2026-07-22 13:15:00,67.75,68.83000183105469,67.73999786376953,68.66000366210938,871645
2026-07-23 09:15:00,68.55000305175781,68.73999786376953,67.69999694824219,68.51000213623047,1033466
2026-07-23 13:15:00,68.51000213623047,68.55999755859375,67.5,67.72000122070312,944778
2026-07-24 09:15:00,67.3499984741211,67.58999633789062,66.81999969482422,67.3499984741211,538515
2026-07-24 13:15:00,67.3499984741211,67.73999786376953,67.16000366210938,67.68000030517578,619482
2026-07-27 09:15:00,67.91000366210938,68.30000305175781,67.8499984741211,68.05000305175781,380055
2026-07-27 13:15:00,68.05000305175781,68.16999816894531,67.93000030517578,68.08999633789062,431555
2026-07-28 09:15:00,68.1500015258789,68.1500015258789,67.69999694824219,67.7300033569336,255596
2026-07-28 13:15:00,67.76000213623047,67.80000305175781,67.58000183105469,67.6500015258789,501459
2026-07-29 09:15:00,67.9000015258789,68.75,67.88999938964844,68.5999984741211,512688
2026-07-29 13:15:00,68.58000183105469,69.22000122070312,68.4000015258789,69.0199966430664,971279
2026-07-30 09:15:00,69.05000305175781,69.05000305175781,68.33999633789062,68.56999969482422,370812
2026-07-30 13:15:00,68.56999969482422,68.68000030517578,68.4000015258789,68.55000305175781,398068
2026-07-31 09:15:00,68.94000244140625,69.0,68.4000015258789,68.62999725341797,737847
2026-07-31 13:15:00,68.66000366210938,69.4000015258789,67.63999938964844,69.05000305175781,4447203
2026-08-03 09:15:00,69.19999694824219,70.3499984741211,69.01000213623047,69.37000274658203,761870
2026-08-03 13:15:00,69.41000366210938,69.69000244140625,69.19999694824219,69.41999816894531,681384
2026-08-04 09:15:00,69.44999694824219,69.75,69.01000213623047,69.05000305175781,404626
2026-08-04 13:15:00,69.05999755859375,69.19999694824219,68.75,68.86000061035156,610563
2026-08-05 09:15:00,69.5,69.83000183105469,68.63999938964844,68.8499984741211,545949
2026-08-05 13:15:00,68.83999633789062,69.33999633789062,68.66000366210938,69.11000061035156,593210
2026-08-06 09:15:00,69.38999938964844,69.38999938964844,68.12999725341797,68.6500015258789,412413
2026-08-06 13:15:00,68.5999984741211,68.68000030517578,68.30000305175781,68.5999984741211,532109
2026-08-07 09:15:00,68.5999984741211,69.0199966430664,68.1500015258789,68.16000366210938,560752
2026-08-07 13:15:00,68.19000244140625,68.25,67.80999755859375,67.87000274658203,801126
