Datetime,Open,High,Low,Close,Volume
2023-08-28 09:15:00,1104.050048828125,1138.0,1104.050048828125,1117.8499755859375,7482
2023-08-28 13:15:00,1119.949951171875,1125.0,1112.0,1116.6500244140625,3058
2023-08-29 09:15:00,1120.0,1127.800048828125,1100.050048828125,1120.0,5385
2023-08-29 13:15:00,1121.0,1133.550048828125,1112.699951171875,1129.300048828125,3853
2023-08-30 09:15:00,1129.25,1138.050048828125,1113.0,1114.0,7379
2023-08-30 13:15:00,1113.0,1118.0,1104.0,1112.5,5754
2023-08-31 09:15:00,1120.0,1120.0,1100.050048828125,1110.5999755859375,2887
2023-08-31 13:15:00,1110.949951171875,1123.5,1104.050048828125,1106.0999755859375,3177
2023-09-01 09:15:00,1113.5,1120.949951171875,1103.0,1103.5999755859375,4952
2023-09-01 13:15:00,1105.0,1109.75,1093.449951171875,1100.0,10088
2023-09-04 09:15:00,1109.800048828125,1113.5999755859375,1075.800048828125,1080.050048828125,12269
2023-09-04 13:15:00,1080.050048828125,1082.0,1071.0,1077.699951171875,9853
2023-09-05 09:15:00,1070.199951171875,1100.0,1070.199951171875,1084.800048828125,4236
2023-09-05 13:15:00,1085.1500244140625,1085.25,1074.1500244140625,1079.25,6215
2023-09-06 09:15:00,1075.0,1088.199951171875,1067.050048828125,1084.0,8444
2023-09-06 13:15:00,1082.050048828125,1086.0,1061.0,1065.0,7644
2023-09-07 09:15:00,1062.0,1117.25,1062.0,1092.0,11745
2023-09-07 13:15:00,1089.25,1100.0,1088.0,1094.4000244140625,10389
2023-09-08 09:15:00,1095.050048828125,1101.0,1076.0,1080.0,6234
2023-09-08 13:15:00,1079.9000244140625,1086.4000244140625,1071.1500244140625,1077.5999755859375,5171
2023-09-11 09:15:00,1077.5999755859375,1100.9000244140625,1075.0999755859375,1076.25,6964
2023-09-11 13:15:00,1075.0,1080.0,1038.0,1054.199951171875,21026
2023-09-12 09:15:00,1067.0999755859375,1075.25,1034.5999755859375,1038.0,11568
2023-09-12 13:15:00,1037.949951171875,1048.0,1032.0,1039.3499755859375,7057
2023-09-13 09:15:00,1039.3499755859375,1058.300048828125,1022.0,1031.550048828125,4809
2023-09-13 13:15:00,1031.5999755859375,1070.0,1031.0,1064.5999755859375,6649
2023-09-14 09:15:00,1070.0,1089.3499755859375,1062.9000244140625,1084.949951171875,16944
2023-09-14 13:15:00,1086.0,1088.199951171875,1072.199951171875,1081.5,12551
2023-09-15 09:15:00,1089.5,1097.4000244140625,1083.0999755859375,1092.0,8741
2023-09-15 13:15:00,1090.0,1094.800048828125,1082.550048828125,1087.75,6472
2023-09-18 09:15:00,1085.3499755859375,1104.75,1083.449951171875,1095.550048828125,5791
2023-09-18 13:15:00,1094.8499755859375,1100.6500244140625,1085.0,1090.9000244140625,9390
2023-09-20 09:15:00,1083.75,1105.9000244140625,1079.0,1100.0,30369
2023-09-20 13:15:00,1099.949951171875,1102.800048828125,1073.050048828125,1086.800048828125,11469
2023-09-21 09:15:00,1083.800048828125,1096.9000244140625,1072.0,1077.9000244140625,5569
2023-09-21 13:15:00,1078.300048828125,1085.3499755859375,1062.550048828125,1063.8499755859375,9233
2023-09-22 09:15:00,1070.75,1084.8499755859375,1057.300048828125,1064.3499755859375,8495
2023-09-22 13:15:00,1064.9000244140625,1066.0,1052.25,1057.9000244140625,3172
2023-09-25 09:15:00,1057.0,1073.5999755859375,1030.0,1037.0,8088
2023-09-25 13:15:00,1037.5,1046.1500244140625,1035.0,1038.0,5878
2023-09-26 09:15:00,1043.050048828125,1061.800048828125,1034.5,1047.0,2932
2023-09-26 13:15:00,1044.949951171875,1053.5999755859375,1035.1500244140625,1043.449951171875,4188
2023-09-27 09:15:00,1045.5999755859375,1087.199951171875,1040.199951171875,1085.3499755859375,8519
2023-09-27 13:15:00,1083.25,1094.3499755859375,1079.0999755859375,1081.449951171875,5892
2023-09-28 09:15:00,1082.0,1086.050048828125,1069.6500244140625,1074.0,2887
2023-09-28 13:15:00,1072.25,1080.699951171875,1065.050048828125,1066.25,2951
2023-09-29 09:15:00,1060.0,1090.0,1060.0,1089.949951171875,5990
2023-09-29 13:15:00,1089.949951171875,1090.0,1080.0999755859375,1089.300048828125,5362
2023-10-03 09:15:00,1062.5,1117.75,1062.5,1086.0999755859375,10282
2023-10-03 13:15:00,1087.949951171875,1103.75,1085.0,1098.75,7142
2023-10-04 09:15:00,1100.0,1105.5999755859375,1090.0,1093.050048828125,12782
2023-10-04 13:15:00,1091.050048828125,1096.0,1055.1500244140625,1074.050048828125,13047
2023-10-05 09:15:00,1064.050048828125,1087.0,1058.0,1061.449951171875,5361
2023-10-05 13:15:00,1061.5999755859375,1061.5999755859375,1045.0,1050.4000244140625,7807
2023-10-06 09:15:00,1050.199951171875,1072.949951171875,1050.199951171875,1064.9000244140625,9336
2023-10-06 13:15:00,1064.9000244140625,1088.0,1064.5,1083.5,9349
2023-10-09 09:15:00,1070.0,1098.5,1061.0,1089.4000244140625,17150
2023-10-09 13:15:00,1091.25,1102.050048828125,1076.6500244140625,1086.3499755859375,14125
2023-10-10 09:15:00,1070.5999755859375,1088.0,1058.5999755859375,1061.6500244140625,4771
2023-10-10 13:15:00,1061.5999755859375,1067.0,1054.0,1061.75,10637
2023-10-11 09:15:00,1075.0,1080.800048828125,1049.3499755859375,1051.9000244140625,9064
2023-10-11 13:15:00,1050.050048828125,1056.449951171875,1046.25,1055.0,8717
2023-10-12 09:15:00,1059.0,1075.5999755859375,1049.25,1062.0,15411
2023-10-12 13:15:00,1059.3499755859375,1061.9000244140625,1034.5999755859375,1045.25,27420
2023-10-13 09:15:00,1054.5999755859375,1139.699951171875,1039.949951171875,1125.0,83456
2023-10-13 13:15:00,1123.800048828125,1167.5999755859375,1116.75,1156.300048828125,100032
2023-10-16 09:15:00,1199.300048828125,1298.6500244140625,1191.0999755859375,1247.0,74358
2023-10-16 13:15:00,1247.0,1256.9000244140625,1224.449951171875,1240.5,53861
2023-10-17 09:15:00,1292.949951171875,1296.8499755859375,1250.0999755859375,1261.5,24667
2023-10-17 13:15:00,1261.0,1264.25,1248.0,1258.449951171875,22913
2023-10-18 09:15:00,1260.0,1269.550048828125,1225.8499755859375,1236.699951171875,27499
2023-10-18 13:15:00,1236.699951171875,1249.800048828125,1226.9000244140625,1233.5999755859375,24464
2023-10-19 09:15:00,1229.75,1261.0,1215.4000244140625,1253.800048828125,14768
2023-10-19 13:15:00,1255.75,1281.5999755859375,1253.300048828125,1275.9000244140625,31795
2023-10-20 09:15:00,1285.1500244140625,1307.6500244140625,1272.3499755859375,1287.0,51685
2023-10-20 13:15:00,1286.300048828125,1395.4000244140625,1224.0999755859375,1326.75,589692
2023-10-23 09:15:00,1432.0,1468.0,1372.0,1379.0,128205
2023-10-23 13:15:00,1379.0,1402.300048828125,1352.199951171875,1361.550048828125,42942
2023-10-25 09:15:00,1388.800048828125,1417.800048828125,1361.800048828125,1375.3499755859375,116002
2023-10-25 13:15:00,1376.3499755859375,1380.75,1329.0,1330.0,49167
2023-10-26 09:15:00,1329.949951171875,1350.0,1285.0,1343.0,39443
2023-10-26 13:15:00,1343.449951171875,1398.0,1340.0,1384.949951171875,56847
2023-10-27 09:15:00,1414.0,1421.949951171875,1390.050048828125,1410.0,37120
2023-10-27 13:15:00,1410.0,1425.0,1409.25,1415.0,35061
2023-10-30 09:15:00,1415.0,1432.9000244140625,1395.25,1409.800048828125,20721
2023-10-30 13:15:00,1410.0,1412.449951171875,1401.5,1407.0,28002
2023-10-31 09:15:00,1399.949951171875,1414.949951171875,1373.0999755859375,1385.449951171875,12611
2023-10-31 13:15:00,1387.449951171875,1394.0999755859375,1373.300048828125,1378.199951171875,11358
2023-11-01 09:15:00,1381.0,1398.9000244140625,1362.550048828125,1386.050048828125,13584
2023-11-01 13:15:00,1385.5999755859375,1436.4000244140625,1385.0,1435.0,47829
2023-11-02 09:15:00,1445.0,1445.0,1406.0,1414.4000244140625,25152
2023-11-02 13:15:00,1412.5,1415.75,1394.0,1411.0,12219
2023-11-03 09:15:00,1418.0,1419.6500244140625,1391.949951171875,1397.0999755859375,19561
2023-11-03 13:15:00,1397.0,1405.0,1351.699951171875,1367.0999755859375,17831
2023-11-06 09:15:00,1372.0,1389.949951171875,1357.8499755859375,1363.0,9481
2023-11-06 13:15:00,1363.0,1365.800048828125,1315.0,1330.0,18950
2023-11-07 09:15:00,1324.9000244140625,1329.0,1284.0,1324.949951171875,12512
2023-11-07 13:15:00,1323.3499755859375,1328.25,1300.0,1309.0,9518
2023-11-08 09:15:00,1309.0,1328.8499755859375,1286.0,1288.3499755859375,13540
2023-11-08 13:15:00,1289.75,1294.6500244140625,1268.0,1272.449951171875,28276
2023-11-09 09:15:00,1283.949951171875,1320.050048828125,1258.050048828125,1318.699951171875,17862
2023-11-09 13:15:00,1316.199951171875,1319.050048828125,1293.0,1306.25,13499
2023-11-10 09:15:00,1300.0,1346.9000244140625,1300.0,1341.8499755859375,15539
2023-11-10 13:15:00,1339.699951171875,1346.699951171875,1332.0,1344.0,11623
2023-11-13 09:15:00,1365.0,1386.050048828125,1333.0999755859375,1374.0,12455
2023-11-13 13:15:00,1374.050048828125,1377.949951171875,1362.800048828125,1364.8499755859375,4288
2023-11-15 09:15:00,1373.949951171875,1393.0,1370.050048828125,1388.0,8832
2023-11-15 13:15:00,1387.449951171875,1391.75,1365.0,1383.5,6683
2023-11-16 09:15:00,1395.800048828125,1395.800048828125,1352.0,1355.0999755859375,5156
2023-11-16 13:15:00,1356.949951171875,1359.800048828125,1333.0,1344.0,9464
2023-11-17 09:15:00,1347.0,1367.6500244140625,1340.0,1354.9000244140625,7968
2023-11-17 13:15:00,1356.300048828125,1366.0,1343.699951171875,1350.9000244140625,9840
2023-11-20 09:15:00,1364.0999755859375,1379.0,1352.0,1358.5,4342
2023-11-20 13:15:00,1356.25,1364.8499755859375,1352.0,1359.0,3801
2023-11-21 09:15:00,1365.699951171875,1367.699951171875,1351.050048828125,1365.0,3816
2023-11-21 13:15:00,1365.0,1376.699951171875,1363.1500244140625,1374.0,7759
2023-11-22 09:15:00,1380.25,1489.050048828125,1377.0,1434.0,110041
2023-11-22 13:15:00,1434.0,1468.5,1415.25,1440.050048828125,34873
2023-11-23 09:15:00,1445.3499755859375,1480.0,1445.0,1458.449951171875,11258
2023-11-23 13:15:00,1458.8499755859375,1470.0,1456.0,1466.4000244140625,12494
2023-11-24 09:15:00,1487.949951171875,1487.949951171875,1443.0,1450.0,9217
2023-11-24 13:15:00,1448.800048828125,1454.0,1422.0,1441.449951171875,11682
2023-11-28 09:15:00,1462.550048828125,1480.0,1447.0,1452.5999755859375,15935
2023-11-28 13:15:00,1452.5999755859375,1474.449951171875,1450.0999755859375,1470.0,8549
2023-11-29 09:15:00,1478.25,1513.8499755859375,1449.0,1479.75,30691
2023-11-29 13:15:00,1480.0999755859375,1487.050048828125,1455.800048828125,1470.9000244140625,11623
2023-11-30 09:15:00,1483.8499755859375,1483.8499755859375,1450.0,1459.949951171875,8250
2023-11-30 13:15:00,1459.9000244140625,1459.949951171875,1445.0,1450.0,5996
2023-12-01 09:15:00,1450.5,1478.4000244140625,1435.5999755859375,1457.050048828125,10184
2023-12-01 13:15:00,1453.0,1453.8499755859375,1435.0999755859375,1442.0,13471
2023-12-04 09:15:00,1464.0,1469.949951171875,1431.0,1456.199951171875,13180
2023-12-04 13:15:00,1456.050048828125,1463.699951171875,1452.0,1457.0999755859375,10136
2023-12-05 09:15:00,1460.0,1479.949951171875,1443.949951171875,1467.550048828125,13011
2023-12-05 13:15:00,1466.6500244140625,1519.0,1464.0,1499.9000244140625,28053
2023-12-06 09:15:00,1475.0,1532.0,1475.0,1517.0,10381
2023-12-06 13:15:00,1515.300048828125,1528.800048828125,1515.0,1522.8499755859375,16700
2023-12-07 09:15:00,1509.699951171875,1540.949951171875,1468.0,1526.699951171875,18656
2023-12-07 13:15:00,1527.949951171875,1535.25,1500.0,1500.1500244140625,16568
2023-12-08 09:15:00,1530.0,1535.9000244140625,1491.0999755859375,1502.0,11707
2023-12-08 13:15:00,1502.0999755859375,1520.0,1488.1500244140625,1515.8499755859375,8426
2023-12-11 09:15:00,1521.050048828125,1549.800048828125,1504.699951171875,1547.4000244140625,12246
2023-12-11 13:15:00,1545.0999755859375,1549.800048828125,1534.050048828125,1540.050048828125,6531
2023-12-12 09:15:00,1546.8499755859375,1551.0,1532.0,1551.0,7668
2023-12-12 13:15:00,1551.0,1551.0,1517.3499755859375,1524.6500244140625,6992
2023-12-13 09:15:00,1539.449951171875,1564.8499755859375,1513.0,1534.949951171875,16516
2023-12-13 13:15:00,1533.199951171875,1549.9000244140625,1505.0,1524.3499755859375,8793
2023-12-14 09:15:00,1530.0,1544.3499755859375,1505.0,1520.050048828125,9813
2023-12-14 13:15:00,1520.449951171875,1536.0,1507.050048828125,1513.300048828125,6123
2023-12-15 09:15:00,1525.0,1549.0,1509.3499755859375,1530.0,5446
2023-12-15 13:15:00,1530.3499755859375,1539.699951171875,1521.5999755859375,1532.550048828125,6695
2023-12-18 09:15:00,1532.550048828125,1547.3499755859375,1530.0,1540.0,10195
2023-12-18 13:15:00,1540.0,1544.800048828125,1509.75,1515.6500244140625,4440
2023-12-19 09:15:00,1518.0,1540.0,1516.4000244140625,1520.949951171875,5404
2023-12-19 13:15:00,1525.0,1547.3499755859375,1523.0,1531.8499755859375,12001
2023-12-20 09:15:00,1535.0999755859375,1547.75,1524.050048828125,1529.0,8142
2023-12-20 13:15:00,1529.0,1529.0,1425.699951171875,1447.4000244140625,28377
2023-12-21 09:15:00,1450.0,1516.699951171875,1447.4000244140625,1506.3499755859375,6811
2023-12-21 13:15:00,1506.3499755859375,1506.3499755859375,1469.949951171875,1474.9000244140625,3078
2023-12-22 09:15:00,1480.0,1510.0,1480.0,1507.4000244140625,9804
2023-12-22 13:15:00,1508.4000244140625,1513.949951171875,1500.0,1502.050048828125,6186
2023-12-26 09:15:00,1502.199951171875,1512.0,1448.25,1472.800048828125,11742
2023-12-26 13:15:00,1472.800048828125,1476.0,1447.0,1453.25,8839
2023-12-27 09:15:00,1463.8499755859375,1486.3499755859375,1445.1500244140625,1454.0,6809
2023-12-27 13:15:00,1454.5,1458.6500244140625,1429.199951171875,1435.0999755859375,6579
2023-12-28 09:15:00,1445.0,1452.449951171875,1431.0,1434.949951171875,3988
2023-12-28 13:15:00,1434.0,1437.0999755859375,1431.050048828125,1433.300048828125,3739
2023-12-29 09:15:00,1443.199951171875,1450.949951171875,1427.300048828125,1442.949951171875,4851
2023-12-29 13:15:00,1440.449951171875,1450.0,1430.0,1443.6500244140625,6182
2024-01-01 09:15:00,1450.0,1472.800048828125,1434.1500244140625,1460.5999755859375,8205
2024-01-01 13:15:00,1472.25,1474.949951171875,1437.0999755859375,1437.0999755859375,4612
2024-01-02 09:15:00,1425.9000244140625,1469.949951171875,1425.9000244140625,1469.949951171875,6273
2024-01-02 13:15:00,1469.9000244140625,1511.0,1466.449951171875,1499.9000244140625,15291
2024-01-03 09:15:00,1504.3499755859375,1546.0,1499.0,1522.25,14228
2024-01-03 13:15:00,1524.699951171875,1526.0,1513.0999755859375,1520.949951171875,4026
2024-01-04 09:15:00,1512.0,1529.8499755859375,1496.050048828125,1507.1500244140625,4642
2024-01-04 13:15:00,1508.0,1517.9000244140625,1500.0,1503.5,4928
2024-01-05 09:15:00,1500.0,1530.0,1490.0,1501.0999755859375,2296
2024-01-05 13:15:00,1505.0,1539.550048828125,1494.9000244140625,1494.9000244140625,14775
2024-01-08 09:15:00,1505.0,1529.449951171875,1497.300048828125,1514.050048828125,5150
2024-01-08 13:15:00,1516.050048828125,1518.949951171875,1500.0,1514.199951171875,7170
2024-01-09 09:15:00,1518.0,1528.9000244140625,1491.0,1500.5,4352
2024-01-09 13:15:00,1500.5,1500.75,1475.4000244140625,1487.050048828125,4827
2024-01-10 09:15:00,1487.050048828125,1599.949951171875,1486.5,1537.199951171875,33220
2024-01-10 13:15:00,1536.5999755859375,1566.0,1530.0,1551.0,24314
2024-01-11 09:15:00,1575.0,1592.25,1544.8499755859375,1579.0999755859375,10574
2024-01-11 13:15:00,1578.199951171875,1590.0999755859375,1535.550048828125,1553.300048828125,13203
2024-01-12 09:15:00,1556.0,1599.699951171875,1556.0,1593.949951171875,10973
2024-01-12 13:15:00,1591.25,1595.0,1568.300048828125,1582.0,5170
2024-01-15 09:15:00,1584.0,1616.949951171875,1564.0,1572.4000244140625,4446
2024-01-15 13:15:00,1573.800048828125,1607.0,1560.949951171875,1585.5,8878
2024-01-16 09:15:00,1590.0,1602.449951171875,1555.25,1567.4000244140625,8727
2024-01-16 13:15:00,1565.199951171875,1579.0,1551.75,1570.1500244140625,7720
2024-01-17 09:15:00,1554.949951171875,1572.0,1522.0,1533.25,13668
2024-01-17 13:15:00,1534.8499755859375,1550.949951171875,1522.0,1525.8499755859375,5754
2024-01-18 09:15:00,1515.050048828125,1548.949951171875,1500.199951171875,1542.0,2228
2024-01-18 13:15:00,1542.0999755859375,1562.699951171875,1525.050048828125,1538.300048828125,7599
2024-01-19 09:15:00,1538.300048828125,1565.3499755859375,1525.25,1542.5,2823
2024-01-19 13:15:00,1544.9000244140625,1572.0,1531.0,1568.0,5469
2024-01-23 09:15:00,1568.0,1570.0,1492.0,1506.0,11046
2024-01-23 13:15:00,1502.4000244140625,1507.0,1466.0,1480.0,7590
2024-01-24 09:15:00,1499.949951171875,1516.1500244140625,1486.1500244140625,1513.5999755859375,11200
2024-01-24 13:15:00,1515.0,1520.0,1485.0,1508.6500244140625,4295
2024-01-25 09:15:00,1510.949951171875,1560.0,1510.949951171875,1543.0,7281
2024-01-25 13:15:00,1542.25,1550.0,1540.0,1548.5999755859375,4126
2024-01-29 09:15:00,1558.6500244140625,1588.9000244140625,1544.9000244140625,1570.9000244140625,21661
2024-01-29 13:15:00,1573.75,1580.0,1520.050048828125,1541.550048828125,12073
2024-01-30 09:15:00,1544.8499755859375,1559.25,1517.050048828125,1530.8499755859375,6018
2024-01-30 13:15:00,1525.0,1545.8499755859375,1521.050048828125,1531.949951171875,5186
2024-01-31 09:15:00,1540.0,1575.9000244140625,1516.0,1561.0,5953
2024-01-31 13:15:00,1561.0,1572.5,1525.0,1541.199951171875,7892
2024-02-01 09:15:00,1550.0,1555.0,1526.25,1541.949951171875,5008
2024-02-01 13:15:00,1543.6500244140625,1559.800048828125,1538.050048828125,1551.0,3649
2024-02-02 09:15:00,1566.0,1601.949951171875,1545.4000244140625,1555.0,26426
2024-02-02 13:15:00,1553.0999755859375,1576.949951171875,1537.0,1537.0,10999
2024-02-05 09:15:00,1530.0,1547.9000244140625,1488.75,1516.699951171875,19327
2024-02-05 13:15:00,1516.5,1516.699951171875,1495.0,1510.0,23471
2024-02-06 09:15:00,1536.0,1560.0,1526.050048828125,1541.0,18737
2024-02-06 13:15:00,1538.6500244140625,1553.0,1538.0,1548.0,7734
2024-02-07 09:15:00,1559.949951171875,1595.699951171875,1554.050048828125,1588.8499755859375,16205
2024-02-07 13:15:00,1588.8499755859375,1593.0,1580.25,1589.699951171875,14611
2024-02-08 09:15:00,1600.0,1626.5,1590.1500244140625,1614.949951171875,21093
2024-02-08 13:15:00,1615.949951171875,1618.0,1605.050048828125,1614.699951171875,12611
2024-02-09 09:15:00,1625.0,1648.949951171875,1593.3499755859375,1636.8499755859375,27789
2024-02-09 13:15:00,1636.6500244140625,1650.0,1620.0,1636.300048828125,33296
2024-02-12 09:15:00,1589.9000244140625,1595.800048828125,1506.050048828125,1511.9000244140625,18498
2024-02-12 13:15:00,1511.1500244140625,1518.6500244140625,1490.0,1500.0,14471
2024-02-13 09:15:00,1503.949951171875,1503.949951171875,1445.3499755859375,1465.699951171875,8286
2024-02-13 13:15:00,1463.5,1482.199951171875,1461.949951171875,1475.0,5847
2024-02-14 09:15:00,1410.0,1515.5999755859375,1410.0,1489.050048828125,10814
2024-02-14 13:15:00,1491.699951171875,1499.4000244140625,1472.0,1479.449951171875,3823
2024-02-15 09:15:00,1503.0,1512.0,1495.050048828125,1497.3499755859375,2934
2024-02-15 13:15:00,1499.949951171875,1500.0,1480.199951171875,1500.0,3399
2024-02-16 09:15:00,1492.800048828125,1506.949951171875,1478.0,1484.199951171875,6062
2024-02-16 13:15:00,1484.0,1488.4000244140625,1472.5,1477.800048828125,4602
2024-02-19 09:15:00,1496.050048828125,1517.0,1481.25,1484.699951171875,9495
2024-02-19 13:15:00,1481.300048828125,1490.0,1480.5999755859375,1483.1500244140625,4668
2024-02-20 09:15:00,1497.550048828125,1498.0,1481.1500244140625,1489.050048828125,4515
2024-02-20 13:15:00,1492.4000244140625,1514.6500244140625,1491.050048828125,1499.8499755859375,4999
2024-02-21 09:15:00,1524.8499755859375,1524.8499755859375,1495.949951171875,1500.300048828125,3763
2024-02-21 13:15:00,1499.0,1510.0,1490.550048828125,1500.949951171875,7296
2024-02-22 09:15:00,1509.949951171875,1509.949951171875,1470.0999755859375,1485.0999755859375,5042
2024-02-22 13:15:00,1486.449951171875,1499.0,1475.0,1490.5999755859375,2620
2024-02-23 09:15:00,1505.0999755859375,1547.949951171875,1487.75,1525.449951171875,16744
2024-02-23 13:15:00,1524.949951171875,1538.550048828125,1515.0999755859375,1530.0,7924
2024-02-26 09:15:00,1531.0,1550.0,1500.0,1511.4000244140625,2750
2024-02-26 13:15:00,1512.5,1512.5,1485.050048828125,1490.0,5740
2024-02-27 09:15:00,1493.5,1515.0,1493.5,1494.6500244140625,3383
2024-02-27 13:15:00,1492.5,1492.5,1464.949951171875,1465.0,6813
2024-02-28 09:15:00,1482.0,1493.0,1468.300048828125,1472.0,7124
2024-02-28 13:15:00,1472.0,1477.5,1458.050048828125,1465.5,5409
2024-02-29 09:15:00,1458.0,1468.0999755859375,1449.0,1450.550048828125,4875
2024-02-29 13:15:00,1450.5,1470.0,1440.0,1446.5999755859375,7494
2024-03-01 09:15:00,1460.699951171875,1466.0,1443.25,1450.0,7666
2024-03-01 13:15:00,1450.0,1454.0999755859375,1448.0,1450.199951171875,2397
2024-03-04 09:15:00,1467.3499755859375,1484.550048828125,1446.050048828125,1448.800048828125,14869
2024-03-04 13:15:00,1449.5,1450.0,1437.5,1440.0,25358
2024-03-05 09:15:00,1437.0,1456.800048828125,1437.0,1440.6500244140625,13017
2024-03-05 13:15:00,1438.699951171875,1442.0,1431.949951171875,1436.8499755859375,7860
2024-03-06 09:15:00,1445.0,1449.0,1332.300048828125,1355.699951171875,33538
2024-03-06 13:15:00,1357.9000244140625,1379.9000244140625,1344.4000244140625,1365.0,14249
2024-03-07 09:15:00,1384.550048828125,1418.8499755859375,1338.0,1343.0,17410
2024-03-07 13:15:00,1343.0,1353.0,1340.0,1349.0,9176
2024-03-11 09:15:00,1360.0,1398.699951171875,1332.75,1371.050048828125,11943
2024-03-11 13:15:00,1372.0,1379.050048828125,1368.0,1370.0,11386
2024-03-12 09:15:00,1372.3499755859375,1391.949951171875,1351.0,1354.5,8137
2024-03-12 13:15:00,1353.6500244140625,1354.449951171875,1343.0,1350.0,9748
2024-03-13 09:15:00,1354.0,1362.449951171875,1286.0,1306.0,29199
2024-03-13 13:15:00,1305.949951171875,1314.949951171875,1298.550048828125,1304.3499755859375,15793
2024-03-14 09:15:00,1312.0,1369.449951171875,1304.199951171875,1325.5,7593
2024-03-14 13:15:00,1323.5,1345.3499755859375,1322.0,1339.300048828125,15145
2024-03-15 09:15:00,1352.0,1356.8499755859375,1329.0,1334.949951171875,2428
2024-03-15 13:15:00,1335.0,1349.949951171875,1331.0,1338.699951171875,10585
2024-03-18 09:15:00,1351.800048828125,1368.449951171875,1333.949951171875,1353.75,7864
2024-03-18 13:15:00,1353.0,1370.0,1350.0,1364.8499755859375,8430
2024-03-19 09:15:00,1365.949951171875,1377.8499755859375,1353.0,1353.0,5066
2024-03-19 13:15:00,1355.0,1365.0,1350.25,1359.699951171875,4949
2024-03-20 09:15:00,1362.949951171875,1371.9000244140625,1343.0,1360.0,8512
2024-03-20 13:15:00,1358.0,1364.75,1352.0,1358.699951171875,5901
2024-03-21 09:15:00,1372.0,1372.0,1353.0,1353.949951171875,6122
2024-03-21 13:15:00,1354.9000244140625,1372.0,1351.699951171875,1372.0,10907
2024-03-22 09:15:00,1358.1500244140625,1445.75,1358.1500244140625,1431.550048828125,14165
2024-03-22 13:15:00,1432.0,1441.9000244140625,1416.6500244140625,1434.449951171875,6626
2024-03-26 09:15:00,1378.0,1483.0999755859375,1378.0,1453.5,3434
2024-03-26 13:15:00,1453.5,1490.449951171875,1451.0999755859375,1471.949951171875,13187
2024-03-27 09:15:00,1458.0,1475.949951171875,1445.0999755859375,1455.300048828125,6089
2024-03-27 13:15:00,1457.5999755859375,1485.199951171875,1409.0,1423.3499755859375,21024
2024-03-28 09:15:00,1444.699951171875,1463.300048828125,1430.199951171875,1434.0999755859375,2739
2024-03-28 13:15:00,1433.75,1435.0,1420.25,1431.050048828125,6446
2024-04-01 09:15:00,1455.0,1464.9000244140625,1432.5999755859375,1457.0,5136
2024-04-01 13:15:00,1458.0,1499.0,1450.050048828125,1487.25,6308
2024-04-02 09:15:00,1500.0,1515.0,1484.5999755859375,1490.0,6530
2024-04-02 13:15:00,1490.0,1515.0,1490.0,1508.300048828125,5626
2024-04-03 09:15:00,1508.0,1561.199951171875,1499.0,1556.949951171875,13447
2024-04-03 13:15:00,1556.5,1559.5,1524.0,1527.5,10171
2024-04-04 09:15:00,1542.0,1563.0,1530.0,1557.0,7448
2024-04-04 13:15:00,1557.5,1561.199951171875,1552.0,1554.699951171875,6923
2024-04-05 09:15:00,1535.050048828125,1560.0,1535.050048828125,1543.25,4565
2024-04-05 13:15:00,1546.550048828125,1546.75,1541.0,1543.0,2403
2024-04-08 09:15:00,1544.4000244140625,1549.6500244140625,1526.050048828125,1527.949951171875,2447
2024-04-08 13:15:00,1526.0999755859375,1534.0,1515.0,1523.25,7067
2024-04-09 09:15:00,1538.050048828125,1557.949951171875,1519.050048828125,1550.0999755859375,10245
2024-04-09 13:15:00,1550.0999755859375,1553.8499755859375,1547.0,1550.699951171875,11358
2024-04-10 09:15:00,1554.949951171875,1563.949951171875,1536.0,1540.550048828125,6133
2024-04-10 13:15:00,1542.699951171875,1568.0,1539.6500244140625,1568.0,9186
2024-04-12 09:15:00,1538.5999755859375,1580.0,1538.5999755859375,1571.0,10606
2024-04-12 13:15:00,1573.0,1573.0,1536.199951171875,1540.449951171875,7365
2024-04-15 09:15:00,1507.0,1537.949951171875,1475.550048828125,1533.0,2655
2024-04-15 13:15:00,1530.1500244140625,1534.199951171875,1511.0,1518.300048828125,3983
2024-04-16 09:15:00,1510.550048828125,1541.550048828125,1507.0999755859375,1527.699951171875,6776
2024-04-16 13:15:00,1523.75,1527.25,1477.0999755859375,1500.0,10306
2024-04-18 09:15:00,1511.0,1558.300048828125,1505.5,1552.0,9768
2024-04-18 13:15:00,1552.0,1552.0,1510.0,1513.300048828125,6771
2024-04-19 09:15:00,1475.050048828125,1548.300048828125,1475.050048828125,1544.5,3835
2024-04-19 13:15:00,1543.0999755859375,1549.0,1522.800048828125,1539.699951171875,7840
2024-04-22 09:15:00,1554.949951171875,1559.949951171875,1535.0999755859375,1535.0999755859375,5328
2024-04-22 13:15:00,1535.5,1538.0,1505.5999755859375,1535.0,5810
2024-04-23 09:15:00,1534.0,1556.0,1534.0,1538.25,8423
2024-04-23 13:15:00,1538.6500244140625,1544.3499755859375,1529.050048828125,1537.8499755859375,5081
2024-04-24 09:15:00,1549.4000244140625,1557.949951171875,1534.0,1543.8499755859375,5361
2024-04-24 13:15:00,1543.8499755859375,1544.0,1533.0,1535.550048828125,3687
2024-04-25 09:15:00,1549.0,1603.550048828125,1535.050048828125,1596.0,25013
2024-04-25 13:15:00,1596.0,1660.0,1588.050048828125,1645.0,56568
2024-04-26 09:15:00,1664.9000244140625,1712.6500244140625,1653.050048828125,1706.8499755859375,118660
2024-04-26 13:15:00,1706.75,1731.8499755859375,1690.0,1691.0,37518
2024-04-29 09:15:00,1714.9000244140625,1730.0,1669.199951171875,1677.1500244140625,10462
2024-04-29 13:15:00,1677.550048828125,1694.0,1662.550048828125,1680.4000244140625,10030
2024-04-30 09:15:00,1681.5999755859375,1703.300048828125,1656.0,1677.8499755859375,7424
2024-04-30 13:15:00,1675.0,1681.449951171875,1645.0,1651.949951171875,12117
2024-05-02 09:15:00,1651.1500244140625,1671.550048828125,1646.0,1657.699951171875,3911
2024-05-02 13:15:00,1658.050048828125,1659.199951171875,1639.949951171875,1649.699951171875,4166
2024-05-03 09:15:00,1658.0,1678.0,1635.5,1645.4000244140625,3154
2024-05-03 13:15:00,1643.9000244140625,1644.0,1631.0999755859375,1638.6500244140625,5461
2024-05-06 09:15:00,1637.949951171875,1650.0,1593.25,1609.550048828125,9451
2024-05-06 13:15:00,1607.050048828125,1778.0,1550.0,1580.0,92356
2024-05-07 09:15:00,1586.699951171875,1620.0,1566.3499755859375,1569.0,28524
2024-05-07 13:15:00,1570.050048828125,1579.5,1566.0,1572.25,9199
2024-05-08 09:15:00,1579.9000244140625,1647.9000244140625,1563.0999755859375,1640.0,21806
2024-05-08 13:15:00,1636.5,1640.8499755859375,1612.0,1623.0,5693
2024-05-09 09:15:00,1638.1500244140625,1645.8499755859375,1595.449951171875,1599.0,5382
2024-05-09 13:15:00,1599.0,1624.0,1599.0,1605.550048828125,8923
2024-05-10 09:15:00,1591.0,1671.0,1591.0,1667.949951171875,13733
2024-05-10 13:15:00,1664.0999755859375,1675.0,1651.1500244140625,1659.800048828125,13761
2024-05-13 09:15:00,1668.949951171875,1717.050048828125,1636.1500244140625,1643.9000244140625,15487
2024-05-13 13:15:00,1641.1500244140625,1682.449951171875,1636.050048828125,1669.5,11841
2024-05-14 09:15:00,1650.050048828125,1700.0,1650.050048828125,1685.0,11641
2024-05-14 13:15:00,1685.800048828125,1700.0,1676.199951171875,1693.3499755859375,11404
2024-05-15 09:15:00,1740.0,1740.0,1687.4000244140625,1704.4000244140625,6348
2024-05-15 13:15:00,1704.4000244140625,1724.9000244140625,1696.0,1716.949951171875,9432
2024-05-16 09:15:00,1730.0,1849.0,1718.0,1838.0,156426
2024-05-16 13:15:00,1839.0,1875.0,1804.0,1854.0,69349
2024-05-17 09:15:00,1870.0,1874.0,1809.5999755859373,1811.0,7792
2024-05-17 13:15:00,1813.6500244140625,1844.6500244140625,1810.0999755859373,1815.050048828125,9266
2024-05-21 09:15:00,1804.8499755859373,1818.449951171875,1769.199951171875,1784.0999755859375,9836
2024-05-21 13:15:00,1783.9000244140625,1790.800048828125,1760.0,1762.949951171875,5196
2024-05-22 09:15:00,1762.0,1799.9000244140625,1720.0,1785.949951171875,20676
2024-05-22 13:15:00,1779.6500244140625,1833.0,1775.1500244140625,1832.949951171875,22979
2024-05-23 09:15:00,1822.0,1829.699951171875,1771.199951171875,1810.8499755859373,15671
2024-05-23 13:15:00,1809.6500244140625,1885.5,1791.0,1869.449951171875,24905
2024-05-24 09:15:00,1878.800048828125,1886.0,1832.6500244140625,1866.0,16305
2024-05-24 13:15:00,1866.0,1890.0,1850.0,1873.699951171875,19948
2024-05-27 09:15:00,1882.0,1882.0,1807.1500244140625,1858.550048828125,9052
2024-05-27 13:15:00,1854.0,1870.0,1836.5,1861.300048828125,8704
2024-05-28 09:15:00,1865.0,1875.949951171875,1765.5999755859375,1775.5,14793
2024-05-28 13:15:00,1773.5999755859375,1799.949951171875,1770.25,1780.0999755859375,12956
2024-05-29 09:15:00,1779.25,1779.25,1741.0,1761.5,5867
2024-05-29 13:15:00,1759.0,1784.9000244140625,1759.0,1768.3499755859375,7924
2024-05-30 09:15:00,1765.0,1820.0,1752.050048828125,1772.0,3474
2024-05-30 13:15:00,1771.5,1797.0,1762.0,1764.3499755859375,4696
2024-05-31 09:15:00,1772.0,1795.0,1738.8499755859375,1773.300048828125,9021
2024-05-31 13:15:00,1774.0,1799.699951171875,1748.0,1750.300048828125,8769
2024-06-03 09:15:00,1808.0,1818.0,1751.449951171875,1785.3499755859375,8859
2024-06-03 13:15:00,1788.0,1799.9000244140625,1776.199951171875,1790.050048828125,4246
2024-06-04 09:15:00,1786.300048828125,1786.300048828125,1547.5,1688.9000244140625,22986
2024-06-04 13:15:00,1688.75,1767.0,1656.199951171875,1691.5,18219
2024-06-05 09:15:00,1708.0,1766.8499755859375,1605.6500244140625,1763.0,11942
2024-06-05 13:15:00,1758.300048828125,1785.0,1749.0,1757.1500244140625,15126
2024-06-06 09:15:00,1757.1500244140625,1836.0,1757.1500244140625,1810.0999755859373,28665
2024-06-06 13:15:00,1815.800048828125,1869.800048828125,1815.800048828125,1842.75,26689
2024-06-07 09:15:00,1840.0,1943.3499755859373,1811.0,1936.25,37362
2024-06-07 13:15:00,1933.75,1970.0,1909.199951171875,1915.0,31024
2024-06-10 09:15:00,1935.0,2009.800048828125,1935.0,1949.0999755859373,11644
2024-06-10 13:15:00,1949.0999755859373,1951.9000244140625,1899.75,1910.550048828125,9099
2024-06-11 09:15:00,1914.0,1997.0,1912.800048828125,1985.0,14197
2024-06-11 13:15:00,1985.0,2049.0,1975.449951171875,2007.6500244140625,37328
2024-06-12 09:15:00,2000.0,2084.800048828125,1966.699951171875,2063.35009765625,25916
2024-06-12 13:15:00,2063.449951171875,2092.0,2053.050048828125,2060.0,17874
2024-06-13 09:15:00,2063.85009765625,2098.5,2028.4000244140625,2032.0,9947
2024-06-13 13:15:00,2029.5999755859373,2102.0,2021.800048828125,2100.050048828125,18808
2024-06-14 09:15:00,2086.0,2183.0,2086.0,2162.5,35461
2024-06-14 13:15:00,2163.14990234375,2182.0,2160.0,2170.0,18871
2024-06-18 09:15:00,2179.050048828125,2192.75,2077.64990234375,2135.5,19200
2024-06-18 13:15:00,2135.5,2146.949951171875,2110.0,2124.0,12563
2024-06-19 09:15:00,2150.0,2190.0,2072.0,2098.0,16840
2024-06-19 13:15:00,2094.699951171875,2094.699951171875,2042.5999755859373,2048.300048828125,13495
2024-06-20 09:15:00,2060.0,2099.0,2036.300048828125,2091.949951171875,20248
2024-06-20 13:15:00,2092.0,2112.60009765625,2080.0,2087.050048828125,8349
2024-06-21 09:15:00,2085.0,2268.89990234375,2085.0,2202.60009765625,66153
2024-06-21 13:15:00,2204.0,2213.800048828125,2153.0,2190.0,15242
2024-06-24 09:15:00,2160.0,2160.0,2106.0,2116.0,5322
2024-06-24 13:15:00,2116.0,2137.449951171875,2092.699951171875,2100.300048828125,5705
2024-06-25 09:15:00,2100.300048828125,2125.449951171875,2043.550048828125,2060.199951171875,5994
2024-06-25 13:15:00,2055.0,2055.0,2032.0,2050.0,6977
2024-06-26 09:15:00,2035.0,2059.64990234375,2011.0999755859373,2030.0,5701
2024-06-26 13:15:00,2025.3499755859373,2078.199951171875,2025.0,2028.5999755859373,5389
2024-06-27 09:15:00,1969.0,2023.0,1869.0,1958.949951171875,1039181
2024-06-27 13:15:00,1960.0,1978.949951171875,1940.0,1955.0,157245
2024-06-28 09:15:00,2009.4000244140625,2090.0,1978.3499755859373,2067.0,125327
2024-06-28 13:15:00,2067.89990234375,2242.0,2057.5,2150.0,280076
2024-07-01 09:15:00,2164.0,2201.0,2115.85009765625,2198.0,127021
2024-07-01 13:15:00,2198.0,2237.0,2120.199951171875,2123.0,142802
2024-07-02 09:15:00,2137.39990234375,2249.699951171875,2118.199951171875,2223.89990234375,100911
2024-07-02 13:15:00,2223.60009765625,2265.89990234375,2219.0,2265.89990234375,88145
2024-07-03 09:15:00,2280.0,2305.550048828125,2250.10009765625,2271.949951171875,46407
2024-07-03 13:15:00,2271.949951171875,2290.0,2258.0,2280.0,38172
2024-07-04 09:15:00,2280.0,2310.0,2240.0,2304.25,81016
2024-07-04 13:15:00,2298.949951171875,2301.0,2284.0,2297.0,24087
2024-07-05 09:15:00,2293.14990234375,2400.0,2285.699951171875,2388.050048828125,72139
2024-07-05 13:15:00,2383.800048828125,2414.800048828125,2351.050048828125,2359.949951171875,51828
2024-07-08 09:15:00,2391.75,2399.800048828125,2325.0,2330.0,34451
2024-07-08 13:15:00,2330.0,2375.39990234375,2305.0,2344.699951171875,33461
2024-07-09 09:15:00,2390.0,2397.85009765625,2316.050048828125,2328.050048828125,37803
2024-07-09 13:15:00,2327.0,2397.449951171875,2316.0,2353.0,54576
2024-07-10 09:15:00,2425.0,2425.0,2261.5,2335.949951171875,105314
2024-07-10 13:15:00,2335.300048828125,2350.0,2310.0,2330.89990234375,30762
2024-07-11 09:15:00,2359.0,2359.0,2275.0,2350.0,27217
2024-07-11 13:15:00,2348.050048828125,2350.0,2308.050048828125,2335.0,26408
2024-07-12 09:15:00,2359.89990234375,2410.050048828125,2339.949951171875,2350.0,60168
2024-07-12 13:15:00,2350.0,2359.800048828125,2321.699951171875,2353.0,33310
2024-07-15 09:15:00,2390.0,2400.0,2332.14990234375,2361.10009765625,21448
2024-07-15 13:15:00,2363.199951171875,2380.0,2345.0,2350.0,23613
2024-07-16 09:15:00,2665.14990234375,2707.699951171875,2550.0,2553.60009765625,428895
2024-07-16 13:15:00,2553.60009765625,2592.0,2540.300048828125,2588.0,91086
2024-07-18 09:15:00,2601.699951171875,2620.699951171875,2476.25,2516.39990234375,110094
2024-07-18 13:15:00,2518.89990234375,2579.0,2510.0,2552.14990234375,35024
2024-07-19 09:15:00,2550.0,2551.10009765625,2456.64990234375,2465.14990234375,87911
2024-07-19 13:15:00,2465.949951171875,2495.0,2436.5,2469.800048828125,34984
2024-07-22 09:15:00,2475.0,2580.10009765625,2420.0,2517.050048828125,52256
2024-07-22 13:15:00,2521.199951171875,2620.0,2521.199951171875,2545.25,60013
2024-07-23 09:15:00,2550.050048828125,2576.0,2352.0,2500.0,77050
2024-07-23 13:15:00,2500.0,2535.85009765625,2500.0,2515.0,21342
2024-07-24 09:15:00,2515.0,2654.949951171875,2515.0,2606.0,68901
2024-07-24 13:15:00,2606.14990234375,2677.75,2595.14990234375,2650.0,53375
2024-07-25 09:15:00,2648.949951171875,2729.949951171875,2614.14990234375,2691.800048828125,32132
2024-07-25 13:15:00,2693.60009765625,2698.0,2676.14990234375,2690.0,12344
2024-07-26 09:15:00,2690.0,2724.199951171875,2653.39990234375,2667.5,28862
2024-07-26 13:15:00,2668.60009765625,2685.800048828125,2658.699951171875,2675.89990234375,9108
2024-07-29 09:15:00,2710.0,2712.550048828125,2666.75,2686.85009765625,41225
2024-07-29 13:15:00,2684.60009765625,2685.0,2617.550048828125,2672.449951171875,26211
2024-07-30 09:15:00,2665.64990234375,2690.0,2628.85009765625,2640.0,40576
2024-07-30 13:15:00,2631.60009765625,2643.699951171875,2620.0,2634.0,17849
2024-07-31 09:15:00,2637.949951171875,2686.949951171875,2619.949951171875,2637.75,19738
2024-07-31 13:15:00,2639.64990234375,2653.949951171875,2601.0,2620.0,21541
2024-08-01 09:15:00,2621.300048828125,2658.449951171875,2583.0,2586.5,28156
2024-08-01 13:15:00,2586.5,2640.0,2570.64990234375,2600.89990234375,14764
2024-08-02 09:15:00,2550.0,2664.5,2531.0,2644.449951171875,33221
2024-08-02 13:15:00,2645.5,2648.949951171875,2615.0,2630.050048828125,10352
2024-08-05 09:15:00,2579.949951171875,2637.5,2482.14990234375,2515.199951171875,51009
2024-08-05 13:15:00,2515.5,2633.25,2500.0,2606.85009765625,53568
2024-08-06 09:15:00,2600.0,2656.0,2548.300048828125,2584.75,34721
2024-08-06 13:15:00,2584.35009765625,2585.0,2544.0,2556.050048828125,21742
2024-08-07 09:15:00,2644.75,2646.85009765625,2540.35009765625,2625.10009765625,34648
2024-08-07 13:15:00,2625.0,2626.949951171875,2611.0,2625.0,37688
2024-08-08 09:15:00,2622.64990234375,2672.14990234375,2610.89990234375,2621.0,36508
2024-08-08 13:15:00,2622.60009765625,2652.050048828125,2620.0,2644.800048828125,13850
2024-08-09 09:15:00,2669.0,2683.75,2619.5,2627.800048828125,20842
2024-08-09 13:15:00,2625.0,2641.300048828125,2622.0,2634.449951171875,8609
2024-08-12 09:15:00,2634.0,2665.64990234375,2601.0,2626.35009765625,10262
2024-08-12 13:15:00,2627.0,2639.949951171875,2600.050048828125,2612.050048828125,9619
2024-08-13 09:15:00,2644.949951171875,2644.949951171875,2530.0,2542.60009765625,11628
2024-08-13 13:15:00,2542.60009765625,2605.0,2521.0,2598.800048828125,29968
2024-08-14 09:15:00,2576.050048828125,2599.0,2505.10009765625,2518.60009765625,35389
2024-08-14 13:15:00,2518.699951171875,2520.0,2480.0,2488.949951171875,25203
2024-08-16 09:15:00,2492.699951171875,2609.89990234375,2492.699951171875,2572.85009765625,19383
2024-08-16 13:15:00,2574.949951171875,2575.0,2540.0,2541.10009765625,20054
2024-08-19 09:15:00,2610.0,2610.0,2500.0,2525.449951171875,19371
2024-08-19 13:15:00,2525.0,2532.949951171875,2496.89990234375,2510.0,24196
2024-08-20 09:15:00,2550.0,2555.35009765625,2510.60009765625,2548.14990234375,10791
2024-08-20 13:15:00,2544.10009765625,2619.89990234375,2525.0,2600.0,23053
2024-08-21 09:15:00,2616.800048828125,2682.0,2615.0,2647.449951171875,24337
2024-08-21 13:15:00,2649.25,2649.25,2626.300048828125,2632.60009765625,5719
2024-08-22 09:15:00,2679.0,2680.0,2644.199951171875,2659.449951171875,13760
2024-08-22 13:15:00,2659.449951171875,2675.0,2649.89990234375,2668.949951171875,6204
2024-08-23 09:15:00,2700.0,2709.949951171875,2616.0,2694.85009765625,30411
2024-08-23 13:15:00,2695.949951171875,2835.0,2692.89990234375,2770.550048828125,96839
2024-08-26 09:15:00,2835.0,2876.550048828125,2807.0,2813.449951171875,22756
2024-08-26 13:15:00,2813.10009765625,2840.0,2800.050048828125,2819.64990234375,13586
2024-08-27 09:15:00,2843.0,2863.800048828125,2766.050048828125,2785.0,26010
2024-08-27 13:15:00,2786.25,2789.10009765625,2747.0,2765.949951171875,21948
2024-08-28 09:15:00,2780.0,2843.199951171875,2734.5,2753.89990234375,18063
2024-08-28 13:15:00,2753.199951171875,2763.75,2722.25,2733.0,10573
2024-08-29 09:15:00,2732.949951171875,2733.550048828125,2651.0,2676.60009765625,19194
2024-08-29 13:15:00,2676.949951171875,2696.39990234375,2670.0,2681.75,7031
2024-08-30 09:15:00,2707.550048828125,2707.550048828125,2634.199951171875,2652.0,9455
2024-08-30 13:15:00,2654.89990234375,2665.0,2633.0,2643.050048828125,11713
2024-09-02 09:15:00,2643.0,2693.949951171875,2643.0,2657.699951171875,13745
2024-09-02 13:15:00,2660.0,2668.14990234375,2628.0,2645.449951171875,19563
2024-09-03 09:15:00,2651.0,2678.0,2628.0,2633.64990234375,6860
2024-09-03 13:15:00,2633.550048828125,2636.85009765625,2615.10009765625,2626.949951171875,13429
2024-09-04 09:15:00,2630.050048828125,2653.800048828125,2614.60009765625,2622.449951171875,26481
2024-09-04 13:15:00,2620.0,2624.75,2615.39990234375,2622.800048828125,5679
2024-09-05 09:15:00,2668.949951171875,2686.949951171875,2615.0,2653.85009765625,31719
2024-09-05 13:15:00,2653.85009765625,2654.0,2619.89990234375,2636.0,8949
2024-09-06 09:15:00,2660.39990234375,2672.800048828125,2625.699951171875,2631.0,41091
2024-09-06 13:15:00,2631.85009765625,2631.85009765625,2600.0,2626.89990234375,12000
2024-09-09 09:15:00,2622.0,2643.949951171875,2554.0,2562.35009765625,13589
2024-09-09 13:15:00,2562.75,2590.0,2530.0,2565.0,19106
2024-09-10 09:15:00,2530.0,2614.0,2526.050048828125,2579.10009765625,22360
2024-09-10 13:15:00,2575.449951171875,2584.89990234375,2535.199951171875,2548.800048828125,19520
2024-09-11 09:15:00,2548.75,2563.199951171875,2508.0,2518.75,22613
2024-09-11 13:15:00,2518.800048828125,2529.699951171875,2434.800048828125,2462.300048828125,38656
2024-09-12 09:15:00,2462.300048828125,2507.0,2450.300048828125,2480.0,24230
2024-09-12 13:15:00,2479.949951171875,2481.14990234375,2445.0,2450.0,9987
2024-09-13 09:15:00,2468.0,2491.949951171875,2424.0,2446.5,26813
2024-09-13 13:15:00,2447.550048828125,2450.85009765625,2430.0,2448.449951171875,14342
2024-09-16 09:15:00,2447.85009765625,2462.39990234375,2401.550048828125,2421.14990234375,22434
2024-09-16 13:15:00,2421.14990234375,2421.14990234375,2404.0,2409.39990234375,9562
2024-09-17 09:15:00,2415.0,2438.0,2400.0,2409.050048828125,30166
2024-09-17 13:15:00,2408.199951171875,2412.39990234375,2404.300048828125,2408.39990234375,10252
2024-09-18 09:15:00,2420.0,2429.949951171875,2400.0,2411.5,21929
2024-09-18 13:15:00,2410.39990234375,2415.0,2380.949951171875,2400.10009765625,23142
2024-09-19 09:15:00,2410.35009765625,2416.60009765625,2318.75,2346.75,35595
2024-09-19 13:15:00,2346.800048828125,2356.60009765625,2323.10009765625,2323.10009765625,14233
2024-09-20 09:15:00,2337.550048828125,2435.0,2337.550048828125,2420.60009765625,16717
2024-09-20 13:15:00,2423.75,2468.949951171875,2410.0,2453.64990234375,19421
2024-09-23 09:15:00,2484.0,2528.60009765625,2459.949951171875,2508.25,14628
2024-09-23 13:15:00,2513.39990234375,2550.0,2510.0,2550.0,16207
2024-09-24 09:15:00,2569.949951171875,2580.0,2491.0,2515.0,20261
2024-09-24 13:15:00,2515.0,2528.800048828125,2495.949951171875,2512.89990234375,9938
2024-09-25 09:15:00,2522.199951171875,2540.0,2460.449951171875,2470.0,15723
2024-09-25 13:15:00,2470.0,2475.050048828125,2463.300048828125,2467.0,12874
2024-09-26 09:15:00,2499.89990234375,2518.199951171875,2442.0,2443.64990234375,14286
2024-09-26 13:15:00,2442.0,2445.0,2423.89990234375,2436.85009765625,18982
2024-09-27 09:15:00,2452.449951171875,2468.0,2408.89990234375,2408.89990234375,6149
2024-09-27 13:15:00,2404.10009765625,2416.550048828125,2401.0,2401.050048828125,13505
2024-09-30 09:15:00,2388.0,2425.050048828125,2386.14990234375,2416.85009765625,4760
2024-09-30 13:15:00,2416.85009765625,2466.0,2413.800048828125,2457.25,9482
2024-10-01 09:15:00,2469.25,2546.800048828125,2469.25,2533.85009765625,15335
2024-10-01 13:15:00,2532.449951171875,2629.85009765625,2528.0,2604.0,42496
2024-10-03 09:15:00,2543.300048828125,2591.199951171875,2543.300048828125,2563.449951171875,19906
2024-10-03 13:15:00,2554.300048828125,2581.35009765625,2520.0,2561.60009765625,17638
2024-10-04 09:15:00,2566.14990234375,2583.75,2502.050048828125,2542.199951171875,16146
2024-10-04 13:15:00,2541.75,2544.89990234375,2427.89990234375,2499.0,32885
2024-10-07 09:15:00,2489.0,2489.0,2342.0,2355.949951171875,33304
2024-10-07 13:15:00,2353.5,2391.89990234375,2328.0,2368.5,48336
2024-10-08 09:15:00,2397.949951171875,2438.85009765625,2352.5,2434.550048828125,9335
2024-10-08 13:15:00,2432.35009765625,2441.35009765625,2393.0,2419.0,12927
2024-10-09 09:15:00,2449.949951171875,2474.64990234375,2429.60009765625,2444.10009765625,12837
2024-10-09 13:15:00,2444.35009765625,2468.050048828125,2397.14990234375,2424.0,17057
2024-10-10 09:15:00,2428.0,2560.0,2426.75,2502.300048828125,26145
2024-10-10 13:15:00,2501.300048828125,2526.25,2460.10009765625,2481.10009765625,14279
2024-10-11 09:15:00,2490.949951171875,2570.0,2490.949951171875,2545.300048828125,15581
2024-10-11 13:15:00,2545.300048828125,2550.0,2525.0,2545.699951171875,13770
2024-10-14 09:15:00,2574.0,2661.85009765625,2526.300048828125,2648.0,53013
2024-10-14 13:15:00,2649.85009765625,2672.0,2618.0,2624.0,32868
2024-10-15 09:15:00,2638.0,2654.10009765625,2612.300048828125,2626.949951171875,6613
2024-10-15 13:15:00,2626.949951171875,2657.0,2619.050048828125,2655.0,13081
2024-10-16 09:15:00,2647.0,2668.0,2620.0,2629.550048828125,9257
2024-10-16 13:15:00,2629.550048828125,2633.39990234375,2602.14990234375,2613.89990234375,7928
2024-10-17 09:15:00,2629.949951171875,2629.949951171875,2527.050048828125,2536.800048828125,5344
2024-10-17 13:15:00,2532.550048828125,2549.949951171875,2530.0,2539.64990234375,9891
2024-10-18 09:15:00,2530.89990234375,2538.0,2465.60009765625,2532.5,7678
2024-10-18 13:15:00,2532.050048828125,2559.949951171875,2516.35009765625,2517.050048828125,7988
2024-10-21 09:15:00,2545.39990234375,2571.550048828125,2455.050048828125,2465.0,10367
2024-10-21 13:15:00,2464.949951171875,2509.0,2450.0,2505.0,18007
2024-10-22 09:15:00,2510.050048828125,2510.050048828125,2396.550048828125,2407.699951171875,19062
2024-10-22 13:15:00,2403.85009765625,2479.64990234375,2401.10009765625,2450.0,26804
2024-10-23 09:15:00,2449.949951171875,2488.0,2403.300048828125,2439.14990234375,10787
2024-10-23 13:15:00,2439.050048828125,2458.85009765625,2389.75,2414.60009765625,11825
2024-10-24 09:15:00,2420.0,2520.0,2414.60009765625,2441.75,34724
2024-10-24 13:15:00,2441.14990234375,2452.60009765625,2425.050048828125,2426.0,7645
2024-10-25 09:15:00,2458.14990234375,2463.10009765625,2349.699951171875,2373.0,16716
2024-10-25 13:15:00,2373.0,2385.0,2315.60009765625,2375.64990234375,32262
2024-10-28 09:15:00,2423.89990234375,2442.64990234375,2336.199951171875,2427.0,14557
2024-10-28 13:15:00,2430.0,2453.39990234375,2410.0,2430.89990234375,10421
2024-10-29 09:15:00,2470.0,2546.75,2455.0,2467.89990234375,60512
2024-10-29 13:15:00,2465.0,2499.85009765625,2462.050048828125,2481.60009765625,35233
2024-10-30 09:15:00,2498.699951171875,2539.199951171875,2486.0,2499.050048828125,23794
2024-10-30 13:15:00,2494.199951171875,2498.800048828125,2465.0,2478.449951171875,14625
2024-10-31 09:15:00,2478.0,2492.85009765625,2429.050048828125,2446.449951171875,8153
2024-10-31 13:15:00,2446.449951171875,2509.800048828125,2415.75,2499.0,21424
2024-11-04 09:15:00,2544.64990234375,2563.449951171875,2452.0,2464.85009765625,28741
2024-11-04 13:15:00,2465.35009765625,2489.85009765625,2464.800048828125,2470.14990234375,5485
2024-11-05 09:15:00,2468.85009765625,2499.949951171875,2460.0,2477.699951171875,12647
2024-11-05 13:15:00,2477.85009765625,2490.0,2462.39990234375,2478.39990234375,11908
2024-11-06 09:15:00,2493.0,2500.0,2445.75,2460.300048828125,18669
2024-11-06 13:15:00,2457.25,2562.199951171875,2454.550048828125,2553.85009765625,57242
2024-11-07 09:15:00,2570.0,2570.0,2526.550048828125,2545.0,9235
2024-11-07 13:15:00,2548.60009765625,2556.60009765625,2521.10009765625,2522.050048828125,15975
2024-11-08 09:15:00,2559.0,2571.75,2475.050048828125,2493.35009765625,9813
2024-11-08 13:15:00,2497.449951171875,2535.0,2486.800048828125,2520.0,12338
2024-11-11 09:15:00,2549.949951171875,2549.949951171875,2466.199951171875,2502.050048828125,28199
2024-11-11 13:15:00,2503.0,2540.0,2473.14990234375,2500.0,18153
2024-11-12 09:15:00,2525.85009765625,2545.0,2486.75,2489.050048828125,6769
2024-11-12 13:15:00,2490.0,2495.949951171875,2460.0,2460.050048828125,14415
2024-11-13 09:15:00,2471.64990234375,2501.85009765625,2361.550048828125,2379.949951171875,18706
2024-11-13 13:15:00,2377.85009765625,2382.050048828125,2340.0,2382.050048828125,21632
2024-11-14 09:15:00,2365.050048828125,2420.0,2350.0,2419.14990234375,9207
2024-11-14 13:15:00,2419.14990234375,2436.39990234375,2362.0,2374.199951171875,11933
2024-11-18 09:15:00,2345.0,2413.199951171875,2306.14990234375,2413.0,6059
2024-11-18 13:15:00,2410.10009765625,2448.0,2402.64990234375,2442.0,11872
2024-11-19 09:15:00,2474.800048828125,2496.89990234375,2440.0,2444.300048828125,17659
2024-11-19 13:15:00,2442.0,2454.10009765625,2431.85009765625,2435.449951171875,6784
2024-11-21 09:15:00,2435.39990234375,2450.699951171875,2372.39990234375,2402.39990234375,8471
2024-11-21 13:15:00,2402.39990234375,2431.39990234375,2381.300048828125,2415.0,14744
2024-11-22 09:15:00,2420.0,2427.89990234375,2372.64990234375,2384.0,10271
2024-11-22 13:15:00,2384.0,2419.39990234375,2381.300048828125,2400.35009765625,11421
2024-11-25 09:15:00,2420.0,2483.699951171875,2407.89990234375,2417.949951171875,6924
2024-11-25 13:15:00,2415.800048828125,2430.0,2391.0,2401.25,6210
2024-11-26 09:15:00,2415.0,2447.0,2386.699951171875,2411.10009765625,11083
2024-11-26 13:15:00,2413.199951171875,2435.0,2402.050048828125,2430.0,7896
2024-11-27 09:15:00,2426.300048828125,2514.949951171875,2411.550048828125,2498.10009765625,17698
2024-11-27 13:15:00,2498.35009765625,2519.0,2480.449951171875,2502.85009765625,13649
2024-11-28 09:15:00,2503.0,2538.0,2490.60009765625,2518.64990234375,13008
2024-11-28 13:15:00,2518.75,2526.0,2503.550048828125,2517.050048828125,21106
2024-11-29 09:15:00,2517.0,2532.0,2485.10009765625,2501.800048828125,3244
2024-11-29 13:15:00,2502.0,2525.0,2501.449951171875,2521.85009765625,4216
2024-12-02 09:15:00,2540.64990234375,2540.64990234375,2483.550048828125,2484.75,24073
2024-12-02 13:15:00,2484.60009765625,2510.0,2484.10009765625,2505.0,15685
2024-12-03 09:15:00,2499.89990234375,2514.64990234375,2477.0,2498.300048828125,6929
2024-12-03 13:15:00,2501.949951171875,2524.0,2496.25,2513.5,10369
2024-12-04 09:15:00,2532.0,2566.449951171875,2501.300048828125,2527.0,20513
2024-12-04 13:15:00,2529.5,2531.14990234375,2493.0,2513.39990234375,25017
2024-12-05 09:15:00,2547.35009765625,2583.0,2507.5,2580.0,19383
2024-12-05 13:15:00,2575.5,2733.0,2563.050048828125,2720.0,163740
2024-12-06 09:15:00,2745.60009765625,2797.699951171875,2714.89990234375,2763.85009765625,51378
2024-12-06 13:15:00,2760.199951171875,2767.89990234375,2749.050048828125,2765.0,43818
2024-12-09 09:15:00,2812.5,2893.449951171875,2798.60009765625,2862.89990234375,107233
2024-12-09 13:15:00,2867.300048828125,2876.0,2802.050048828125,2861.0,77961
2024-12-10 09:15:00,2865.60009765625,2903.800048828125,2825.10009765625,2867.25,40896
2024-12-10 13:15:00,2867.25,2953.800048828125,2858.050048828125,2919.25,70812
2024-12-11 09:15:00,2953.800048828125,2986.949951171875,2926.10009765625,2960.699951171875,21562
2024-12-11 13:15:00,2960.60009765625,2979.949951171875,2935.0,2936.0,21569
2024-12-12 09:15:00,2969.25,3006.0,2892.0,2969.0,64246
2024-12-12 13:15:00,2966.64990234375,3010.0,2949.949951171875,2980.0,34440
2024-12-13 09:15:00,2986.949951171875,2990.0,2915.25,2982.89990234375,21775
2024-12-13 13:15:00,2983.949951171875,3019.89990234375,2959.699951171875,3015.10009765625,30915
2024-12-16 09:15:00,3029.050048828125,3068.0,2961.35009765625,2993.050048828125,15981
2024-12-16 13:15:00,2993.0,3011.0,2975.14990234375,2999.5,19826
2024-12-17 09:15:00,2960.0,2962.0,2887.14990234375,2936.14990234375,26728
2024-12-17 13:15:00,2936.25,2989.0,2923.85009765625,2966.199951171875,20514
2024-12-18 09:15:00,2945.0,2965.949951171875,2918.5,2953.39990234375,14256
2024-12-18 13:15:00,2953.25,3054.39990234375,2947.800048828125,3038.550048828125,54427
2024-12-19 09:15:00,2996.0,3088.85009765625,2965.300048828125,3071.949951171875,30372
2024-12-19 13:15:00,3069.699951171875,3075.0,3045.60009765625,3059.300048828125,12841
2024-12-20 09:15:00,3061.050048828125,3090.0,2987.0,3001.75,17966
2024-12-20 13:15:00,3002.0,3021.0,2950.0,2973.050048828125,30392
2024-12-23 09:15:00,3007.10009765625,3041.85009765625,2960.0,2991.449951171875,8172
2024-12-23 13:15:00,2984.10009765625,3019.10009765625,2969.0,2992.25,15850
2024-12-24 09:15:00,2992.0,3003.0,2960.10009765625,2972.699951171875,5267
2024-12-24 13:15:00,2972.949951171875,2995.199951171875,2951.699951171875,2976.25,17410
2024-12-26 09:15:00,2965.050048828125,2971.89990234375,2931.5,2953.39990234375,7715
2024-12-26 13:15:00,2950.39990234375,2969.0,2905.550048828125,2952.35009765625,15250
2024-12-27 09:15:00,2937.75,2989.699951171875,2923.5,2928.449951171875,6844
2024-12-27 13:15:00,2925.14990234375,2943.949951171875,2881.050048828125,2920.10009765625,19387
2024-12-30 09:15:00,2927.050048828125,2936.449951171875,2890.800048828125,2929.25,4665
2024-12-30 13:15:00,2928.449951171875,2940.0,2859.89990234375,2923.10009765625,24507
2024-12-31 09:15:00,2896.5,2925.0,2855.60009765625,2877.949951171875,12356
2024-12-31 13:15:00,2881.39990234375,2925.14990234375,2866.300048828125,2917.64990234375,21718
2025-01-01 09:15:00,2896.800048828125,3001.0,2896.800048828125,2995.25,12850
2025-01-01 13:15:00,2995.85009765625,3062.85009765625,2987.0,3053.800048828125,13415
2025-01-02 09:15:00,3082.949951171875,3090.0,3015.60009765625,3042.89990234375,4904
2025-01-02 13:15:00,3037.5,3043.300048828125,3001.0,3015.300048828125,7417
2025-01-03 09:15:00,3015.0,3063.0,2965.0,2985.0,7288
2025-01-03 13:15:00,2984.949951171875,2985.0,2914.199951171875,2936.199951171875,27691
2025-01-06 09:15:00,2979.0,3035.0,2934.300048828125,2941.0,19521
2025-01-06 13:15:00,2937.25,2938.35009765625,2880.0,2890.0,20176
2025-01-07 09:15:00,2922.949951171875,2966.35009765625,2886.60009765625,2945.89990234375,10931
2025-01-07 13:15:00,2947.64990234375,2974.949951171875,2941.14990234375,2954.89990234375,7471
2025-01-08 09:15:00,2939.25,2954.89990234375,2909.0,2925.050048828125,5839
2025-01-08 13:15:00,2928.14990234375,3030.60009765625,2919.050048828125,3009.0,22123
2025-01-09 09:15:00,3004.300048828125,3007.199951171875,2939.85009765625,2958.449951171875,6751
2025-01-09 13:15:00,2958.5,3004.199951171875,2931.39990234375,2984.10009765625,16378
2025-01-10 09:15:00,2985.64990234375,3042.0,2870.0,2893.800048828125,19928
2025-01-10 13:15:00,2893.800048828125,2910.0,2792.10009765625,2898.0,60507
2025-01-13 09:15:00,2844.949951171875,2873.550048828125,2696.25,2712.10009765625,29665
2025-01-13 13:15:00,2709.0,2766.39990234375,2690.10009765625,2733.14990234375,45096
2025-01-14 09:15:00,2799.0,2859.89990234375,2701.64990234375,2773.60009765625,7209
2025-01-14 13:15:00,2772.949951171875,2779.199951171875,2713.5,2715.14990234375,12497
2025-01-15 09:15:00,2729.75,2775.25,2700.5,2750.39990234375,6817
2025-01-15 13:15:00,2749.10009765625,2767.0,2739.800048828125,2754.0,6367
2025-01-16 09:15:00,2799.0,2809.85009765625,2770.60009765625,2781.550048828125,5566
2025-01-16 13:15:00,2778.050048828125,2800.0,2762.199951171875,2779.14990234375,8305
2025-01-17 09:15:00,2774.699951171875,2797.35009765625,2733.64990234375,2750.0,7570
2025-01-17 13:15:00,2749.949951171875,2755.300048828125,2716.050048828125,2732.10009765625,10426
2025-01-20 09:15:00,2732.14990234375,2799.949951171875,2724.75,2756.0,6093
2025-01-20 13:15:00,2756.0,2765.050048828125,2728.0,2753.35009765625,4816
2025-01-21 09:15:00,2745.550048828125,2799.800048828125,2688.25,2720.0,24198
2025-01-21 13:15:00,2720.0,2738.25,2665.550048828125,2690.0,54505
2025-01-22 09:15:00,2699.949951171875,2699.949951171875,2580.0,2582.89990234375,13646
2025-01-22 13:15:00,2582.949951171875,2695.0,2558.39990234375,2661.300048828125,18594
2025-01-23 09:15:00,2660.0,2660.64990234375,2582.0,2650.10009765625,12270
2025-01-23 13:15:00,2651.10009765625,2662.0,2645.0,2653.35009765625,6310
2025-01-24 09:15:00,2655.050048828125,2673.25,2572.0,2572.0,9626
2025-01-24 13:15:00,2570.0,2615.449951171875,2537.39990234375,2599.35009765625,27145
2025-01-27 09:15:00,2600.0,2602.39990234375,2537.050048828125,2558.75,12285
2025-01-27 13:15:00,2557.0,2560.14990234375,2500.10009765625,2500.199951171875,16865
2025-01-28 09:15:00,2515.0,2532.949951171875,2422.0,2483.89990234375,16791
2025-01-28 13:15:00,2484.85009765625,2492.0,2451.050048828125,2451.050048828125,11444
2025-01-29 09:15:00,2444.89990234375,2590.75,2441.199951171875,2581.199951171875,9291
2025-01-29 13:15:00,2581.300048828125,2635.0,2581.10009765625,2604.800048828125,12484
2025-01-30 09:15:00,2557.050048828125,2736.75,2557.050048828125,2720.10009765625,8804
2025-01-30 13:15:00,2719.5,2719.5,2562.0,2575.0,47089
2025-01-31 09:15:00,2569.75,2569.75,2414.60009765625,2455.0,39318
2025-01-31 13:15:00,2454.10009765625,2494.0,2440.050048828125,2479.449951171875,21358
2025-02-01 13:15:00,2540.35009765625,2540.35009765625,2540.35009765625,2540.35009765625,0
2025-02-03 09:15:00,2529.0,2550.0,2447.25,2544.89990234375,29307
2025-02-03 13:15:00,2544.89990234375,2550.0,2514.050048828125,2547.14990234375,21728
2025-02-04 09:15:00,2549.89990234375,2601.64990234375,2537.199951171875,2582.449951171875,5779
2025-02-04 13:15:00,2580.35009765625,2593.300048828125,2532.199951171875,2565.0,9204
2025-02-05 09:15:00,2548.0,2724.0,2548.0,2724.0,19413
2025-02-05 13:15:00,2724.0,2724.699951171875,2650.14990234375,2660.0,9438
2025-02-06 09:15:00,2694.89990234375,2698.449951171875,2601.10009765625,2615.550048828125,9037
2025-02-06 13:15:00,2612.699951171875,2641.699951171875,2591.050048828125,2625.300048828125,8833
2025-02-07 09:15:00,2647.14990234375,2647.14990234375,2573.85009765625,2594.39990234375,3532
2025-02-07 13:15:00,2594.39990234375,2596.949951171875,2555.39990234375,2563.5,7956
2025-02-10 09:15:00,2557.050048828125,2557.050048828125,2495.14990234375,2534.39990234375,6141
2025-02-10 13:15:00,2533.14990234375,2598.25,2530.0,2593.75,11498
2025-02-11 09:15:00,2593.75,2593.75,2500.050048828125,2506.89990234375,6694
2025-02-11 13:15:00,2505.199951171875,2554.449951171875,2500.0,2550.10009765625,18246
2025-02-12 09:15:00,2539.10009765625,2539.10009765625,2404.14990234375,2505.300048828125,15835
2025-02-12 13:15:00,2503.550048828125,2509.949951171875,2441.35009765625,2463.0,10275
2025-02-13 09:15:00,2465.0,2574.0,2434.14990234375,2560.949951171875,13199
2025-02-13 13:15:00,2563.699951171875,2577.800048828125,2520.0,2525.60009765625,11179
2025-02-14 09:15:00,2548.949951171875,2548.949951171875,2401.0,2406.050048828125,9487
2025-02-14 13:15:00,2406.0,2474.89990234375,2392.199951171875,2426.10009765625,15421
2025-02-17 09:15:00,2419.25,2434.300048828125,2321.75,2386.14990234375,9871
2025-02-17 13:15:00,2385.0,2453.0,2376.050048828125,2435.64990234375,13694
2025-02-18 09:15:00,2475.0,2490.0,2412.0,2412.64990234375,4799
2025-02-18 13:15:00,2418.0,2455.0,2412.25,2442.89990234375,6464
2025-02-19 09:15:00,2390.5,2534.050048828125,2390.5,2479.699951171875,7472
2025-02-19 13:15:00,2482.550048828125,2500.0,2466.949951171875,2485.39990234375,6992
2025-02-20 09:15:00,2456.550048828125,2524.89990234375,2456.550048828125,2515.14990234375,6518
2025-02-20 13:15:00,2516.14990234375,2524.75,2502.699951171875,2508.699951171875,7453
2025-02-21 09:15:00,2521.199951171875,2540.449951171875,2485.14990234375,2508.550048828125,7723
2025-02-21 13:15:00,2508.050048828125,2510.75,2485.14990234375,2498.050048828125,4684
2025-02-24 09:15:00,2485.0,2510.89990234375,2458.85009765625,2477.35009765625,8186
2025-02-24 13:15:00,2477.050048828125,2499.75,2457.949951171875,2486.699951171875,4856
2025-02-25 09:15:00,2485.0,2521.25,2450.14990234375,2454.199951171875,8894
2025-02-25 13:15:00,2456.699951171875,2456.699951171875,2431.550048828125,2440.800048828125,9746
2025-02-27 09:15:00,2455.949951171875,2457.550048828125,2383.0,2383.5,5107
2025-02-27 13:15:00,2384.949951171875,2399.0,2375.0,2385.5,14736
2025-02-28 09:15:00,2352.39990234375,2354.949951171875,2261.0,2285.550048828125,14555
2025-02-28 13:15:00,2285.550048828125,2355.550048828125,2277.800048828125,2325.35009765625,33179
2025-03-03 09:15:00,2354.75,2384.199951171875,2220.75,2324.0,10788
2025-03-03 13:15:00,2324.0,2340.64990234375,2304.89990234375,2304.89990234375,6781
2025-03-04 09:15:00,2270.300048828125,2368.300048828125,2267.60009765625,2329.25,5510
2025-03-04 13:15:00,2334.39990234375,2366.199951171875,2315.25,2359.0,4315
2025-03-05 09:15:00,2374.0,2467.949951171875,2372.300048828125,2448.85009765625,6536
2025-03-05 13:15:00,2451.5,2501.0,2436.550048828125,2501.0,6639
2025-03-06 09:15:00,2510.0,2538.550048828125,2488.449951171875,2509.800048828125,9748
2025-03-06 13:15:00,2507.14990234375,2526.550048828125,2494.25,2501.39990234375,4989
2025-03-07 09:15:00,2523.949951171875,2557.449951171875,2502.0,2545.199951171875,8987
2025-03-07 13:15:00,2544.699951171875,2664.89990234375,2540.0,2641.199951171875,34962
2025-03-10 09:15:00,2639.949951171875,2712.85009765625,2627.14990234375,2667.800048828125,13759
2025-03-10 13:15:00,2665.89990234375,2704.949951171875,2625.10009765625,2684.699951171875,14634
2025-03-11 09:15:00,2626.14990234375,2722.199951171875,2615.199951171875,2709.949951171875,21581
2025-03-11 13:15:00,2710.85009765625,2720.0,2691.64990234375,2716.550048828125,15424
2025-03-12 09:15:00,2734.14990234375,2775.0,2718.699951171875,2756.89990234375,5512
2025-03-12 13:15:00,2760.0,2767.800048828125,2739.25,2762.050048828125,7727
2025-03-13 09:15:00,2762.050048828125,2784.85009765625,2738.050048828125,2762.0,5955
2025-03-13 13:15:00,2756.449951171875,2784.0,2740.0,2779.050048828125,6465
2025-03-17 09:15:00,2794.949951171875,2857.449951171875,2789.10009765625,2836.949951171875,13190
2025-03-17 13:15:00,2839.800048828125,2843.449951171875,2779.0,2805.949951171875,12822
2025-03-18 09:15:00,2820.35009765625,2835.0,2745.300048828125,2762.0,12700
2025-03-18 13:15:00,2765.35009765625,2794.0,2765.35009765625,2775.550048828125,9550
2025-03-19 09:15:00,2764.0,2775.0,2674.550048828125,2727.0,22476
2025-03-19 13:15:00,2729.85009765625,2758.949951171875,2729.75,2757.949951171875,12520
2025-03-20 09:15:00,2749.949951171875,2800.0,2714.60009765625,2750.0,5292
2025-03-20 13:15:00,2747.10009765625,2760.0,2712.14990234375,2738.199951171875,5488
2025-03-21 09:15:00,2735.25,2795.050048828125,2712.39990234375,2783.800048828125,10502
2025-03-21 13:15:00,2780.199951171875,2786.85009765625,2710.050048828125,2726.10009765625,15285
2025-03-24 09:15:00,2729.35009765625,2818.699951171875,2710.199951171875,2799.949951171875,19945
2025-03-24 13:15:00,2798.050048828125,2820.0,2742.14990234375,2773.75,16184
2025-03-25 09:15:00,2799.0,2801.39990234375,2725.60009765625,2748.64990234375,7618
2025-03-25 13:15:00,2748.64990234375,2748.64990234375,2712.449951171875,2723.35009765625,6307
2025-03-26 09:15:00,2735.0,2746.39990234375,2673.0,2677.800048828125,6788
2025-03-26 13:15:00,2677.550048828125,2683.800048828125,2626.85009765625,2642.0,15196
2025-03-27 09:15:00,2615.949951171875,2657.949951171875,2589.050048828125,2649.449951171875,16729
2025-03-27 13:15:00,2649.449951171875,2732.0,2642.10009765625,2701.0,17110
2025-03-28 09:15:00,2706.800048828125,2779.0,2691.14990234375,2734.699951171875,26954
2025-03-28 13:15:00,2732.39990234375,2753.699951171875,2715.0,2730.0,8760
2025-04-01 09:15:00,2724.89990234375,2761.85009765625,2646.0,2649.89990234375,11661
2025-04-01 13:15:00,2649.89990234375,2651.14990234375,2638.35009765625,2645.0,11909
2025-04-02 09:15:00,2637.699951171875,2735.0,2616.14990234375,2722.300048828125,7536
2025-04-02 13:15:00,2722.75,2795.0,2708.199951171875,2778.949951171875,9326
2025-04-03 09:15:00,2750.0,2793.64990234375,2715.14990234375,2786.25,6675
2025-04-03 13:15:00,2785.800048828125,2830.85009765625,2780.0,2803.39990234375,13440
2025-04-04 09:15:00,2801.800048828125,2803.14990234375,2674.10009765625,2713.75,6396
2025-04-04 13:15:00,2710.0,2713.5,2660.050048828125,2685.75,8086
2025-04-07 09:15:00,2350.0,2620.35009765625,2250.0,2540.10009765625,7344
2025-04-07 13:15:00,2540.10009765625,2675.0,2532.449951171875,2619.800048828125,12331
2025-04-08 09:15:00,2643.64990234375,2680.050048828125,2568.0,2646.199951171875,11618
2025-04-08 13:15:00,2646.35009765625,2649.5,2621.35009765625,2640.5,4722
2025-04-09 09:15:00,2640.0,2640.0,2576.5,2585.699951171875,9726
2025-04-09 13:15:00,2582.85009765625,2596.5,2561.5,2573.14990234375,6008
2025-04-11 09:15:00,2651.300048828125,2699.89990234375,2621.14990234375,2689.14990234375,8024
2025-04-11 13:15:00,2688.800048828125,2688.800048828125,2631.0,2649.5,9589
2025-04-15 09:15:00,2676.699951171875,2758.0,2676.699951171875,2746.199951171875,3742
2025-04-15 13:15:00,2746.199951171875,2750.0,2731.89990234375,2745.60009765625,2897
2025-04-16 09:15:00,2715.89990234375,2799.0,2715.89990234375,2774.10009765625,11298
2025-04-16 13:15:00,2776.199951171875,2779.89990234375,2755.0,2776.199951171875,6486
2025-04-17 09:15:00,2769.89990234375,2833.0,2753.39990234375,2782.699951171875,7757
2025-04-17 13:15:00,2785.0,2805.0,2770.0,2802.0,10471
2025-04-21 09:15:00,2790.39990234375,2851.10009765625,2778.0,2840.60009765625,18978
2025-04-21 13:15:00,2844.5,2928.699951171875,2835.10009765625,2925.0,20177
2025-04-22 09:15:00,2921.10009765625,2950.0,2877.300048828125,2932.5,6306
2025-04-22 13:15:00,2934.800048828125,2935.199951171875,2874.199951171875,2875.300048828125,6384
2025-04-23 09:15:00,2899.89990234375,2899.89990234375,2802.5,2850.0,8544
2025-04-23 13:15:00,2850.0,2896.5,2843.199951171875,2879.199951171875,9529
2025-04-24 09:15:00,2879.0,2949.0,2844.10009765625,2901.5,24377
2025-04-24 13:15:00,2900.300048828125,2908.0,2860.0,2866.10009765625,12098
2025-04-25 09:15:00,2866.10009765625,2866.10009765625,2725.0,2810.0,15364
2025-04-25 13:15:00,2815.60009765625,2871.39990234375,2815.60009765625,2843.199951171875,21417
2025-04-28 09:15:00,2820.0,2875.699951171875,2787.60009765625,2866.60009765625,7032
2025-04-28 13:15:00,2860.699951171875,2887.10009765625,2830.0,2858.60009765625,11079
2025-04-29 09:15:00,2858.10009765625,2880.0,2830.0,2852.199951171875,6153
2025-04-29 13:15:00,2853.5,2874.5,2835.0,2840.0,8405
2025-04-30 09:15:00,2830.0,2882.0,2779.60009765625,2820.0,21879
2025-04-30 13:15:00,2822.800048828125,2825.0,2737.10009765625,2737.10009765625,13531
2025-05-02 09:15:00,2742.10009765625,2781.199951171875,2717.800048828125,2737.89990234375,7285
2025-05-02 13:15:00,2739.0,2815.0,2701.800048828125,2774.10009765625,11506
2025-05-05 09:15:00,2796.0,2796.0,2743.699951171875,2771.300048828125,6254
2025-05-05 13:15:00,2771.300048828125,2774.39990234375,2750.89990234375,2758.300048828125,6905
2025-05-06 09:15:00,2758.300048828125,2770.0,2725.0,2746.300048828125,6963
2025-05-06 13:15:00,2744.10009765625,2746.699951171875,2690.10009765625,2727.800048828125,7771
2025-05-07 09:15:00,2675.0,2775.0,2674.10009765625,2753.5,5496
2025-05-07 13:15:00,2754.199951171875,2758.699951171875,2730.0,2738.39990234375,8162
2025-05-08 09:15:00,2749.300048828125,2767.60009765625,2735.10009765625,2738.300048828125,4767
2025-05-08 13:15:00,2736.39990234375,2741.39990234375,2680.0,2704.39990234375,6828
2025-05-09 09:15:00,2636.800048828125,2690.699951171875,2621.0,2665.5,6927
2025-05-09 13:15:00,2665.5,2683.89990234375,2644.699951171875,2669.800048828125,7106
2025-05-12 09:15:00,2724.0,2840.0,2706.0,2803.39990234375,7957
2025-05-12 13:15:00,2802.39990234375,2805.0,2767.5,2787.199951171875,4805
2025-05-13 09:15:00,2810.5,2838.89990234375,2773.199951171875,2801.199951171875,6966
2025-05-13 13:15:00,2796.89990234375,2825.0,2788.0,2813.300048828125,6710
2025-05-14 09:15:00,2820.89990234375,2824.800048828125,2770.10009765625,2797.0,13797
2025-05-14 13:15:00,2797.0,2800.0,2758.0,2769.5,12594
2025-05-15 09:15:00,2769.89990234375,2798.0,2760.0,2788.699951171875,12400
2025-05-15 13:15:00,2785.699951171875,2862.0,2766.699951171875,2860.0,15261
2025-05-16 09:15:00,2873.300048828125,2890.60009765625,2837.300048828125,2855.0,5281
2025-05-16 13:15:00,2855.0,2897.39990234375,2848.5,2869.5,8202
2025-05-19 09:15:00,2888.699951171875,2979.0,2852.39990234375,2963.199951171875,33497
2025-05-19 13:15:00,2965.89990234375,2967.60009765625,2943.89990234375,2958.0,7994
2025-05-20 09:15:00,2980.0,2985.0,2925.0,2956.39990234375,8789
2025-05-20 13:15:00,2958.0,2980.0,2912.60009765625,2979.0,16643
2025-05-21 09:15:00,2955.89990234375,3014.89990234375,2934.60009765625,2955.800048828125,6526
2025-05-21 13:15:00,2955.60009765625,3000.0,2949.0,2990.300048828125,9999
2025-05-22 09:15:00,2990.300048828125,2990.300048828125,2917.199951171875,2937.89990234375,9469
2025-05-22 13:15:00,2937.300048828125,3000.0,2934.199951171875,2992.800048828125,13426
2025-05-23 09:15:00,2999.0,3006.0,2927.39990234375,2956.5,8707
2025-05-23 13:15:00,2955.699951171875,3002.89990234375,2955.699951171875,2995.0,12053
2025-05-26 09:15:00,3050.0,3059.0,2888.89990234375,2939.60009765625,15778
2025-05-26 13:15:00,2937.10009765625,2960.0,2925.199951171875,2940.199951171875,11371
2025-05-27 09:15:00,2953.300048828125,2964.60009765625,2924.10009765625,2925.10009765625,4509
2025-05-27 13:15:00,2925.199951171875,2944.89990234375,2884.0,2908.60009765625,12680
2025-05-28 09:15:00,2925.300048828125,2937.39990234375,2890.0,2893.800048828125,6264
2025-05-28 13:15:00,2895.0,2910.0,2884.0,2891.5,7044
2025-05-29 09:15:00,2895.0,2914.699951171875,2861.0,2885.0,5304
2025-05-29 13:15:00,2890.0,2945.0,2874.699951171875,2935.0,8659
2025-05-30 09:15:00,2968.0,3183.0,2966.699951171875,3137.0,128711
2025-05-30 13:15:00,3136.39990234375,3169.0,3110.0,3153.5,54410
2025-06-02 09:15:00,3194.800048828125,3300.0,3194.5,3236.199951171875,34529
2025-06-02 13:15:00,3232.300048828125,3248.89990234375,3217.800048828125,3237.10009765625,16318
2025-06-03 09:15:00,3247.0,3254.10009765625,3155.10009765625,3189.10009765625,12934
2025-06-03 13:15:00,3187.800048828125,3283.89990234375,3181.10009765625,3279.199951171875,20398
2025-06-04 09:15:00,3272.0,3272.0,3226.10009765625,3247.699951171875,16343
2025-06-04 13:15:00,3245.5,3275.0,3230.0,3265.0,13248
2025-06-05 09:15:00,3290.0,3344.39990234375,3290.0,3333.0,17546
2025-06-05 13:15:00,3333.0,3337.0,3306.0,3306.0,58060
2025-06-06 09:15:00,3320.199951171875,3350.0,3280.0,3332.0,17853
2025-06-06 13:15:00,3328.39990234375,3343.89990234375,3257.0,3283.10009765625,9009
2025-06-09 09:15:00,3289.60009765625,3443.0,3289.60009765625,3395.300048828125,28915
2025-06-09 13:15:00,3392.0,3440.0,3380.0,3421.10009765625,15156
2025-06-10 09:15:00,3443.0,3489.699951171875,3421.10009765625,3465.89990234375,84521
2025-06-10 13:15:00,3469.60009765625,3475.800048828125,3453.60009765625,3467.800048828125,8784
2025-06-11 09:15:00,3466.800048828125,3498.0,3404.60009765625,3424.800048828125,25783
2025-06-11 13:15:00,3427.300048828125,3450.0,3364.0,3424.39990234375,11965
2025-06-12 09:15:00,3435.0,3465.5,3365.10009765625,3370.0,40023
2025-06-12 13:15:00,3372.10009765625,3383.300048828125,3341.0,3363.60009765625,8392
2025-06-13 09:15:00,3276.60009765625,3402.10009765625,3265.60009765625,3316.699951171875,29953
2025-06-13 13:15:00,3316.300048828125,3317.89990234375,3295.0,3298.10009765625,13432
2025-06-16 09:15:00,3279.800048828125,3319.0,3212.5,3300.800048828125,4602
2025-06-16 13:15:00,3296.699951171875,3330.300048828125,3294.89990234375,3320.800048828125,5278
2025-06-17 09:15:00,3315.0,3367.89990234375,3302.39990234375,3331.10009765625,24649
2025-06-17 13:15:00,3330.300048828125,3335.699951171875,3291.300048828125,3308.199951171875,6293
2025-06-18 09:15:00,3289.5,3361.800048828125,3262.5,3322.39990234375,22669
2025-06-18 13:15:00,3323.199951171875,3343.5,3314.89990234375,3316.800048828125,14898
2025-06-19 09:15:00,3325.0,3346.60009765625,3261.800048828125,3270.10009765625,21435
2025-06-19 13:15:00,3267.0,3293.300048828125,3252.0,3274.5,9032
2025-06-20 09:15:00,3274.699951171875,3303.60009765625,3227.0,3295.300048828125,8074
2025-06-20 13:15:00,3296.39990234375,3344.0,3288.39990234375,3320.0,7060
2025-06-23 09:15:00,3284.5,3309.800048828125,3250.0,3301.39990234375,7272
2025-06-23 13:15:00,3301.0,3302.89990234375,3266.0,3282.699951171875,4834
2025-06-24 09:15:00,3314.300048828125,3316.5,3232.800048828125,3265.39990234375,18590
2025-06-24 13:15:00,3263.300048828125,3274.39990234375,3226.60009765625,3238.60009765625,12343
2025-06-25 09:15:00,3242.0,3262.800048828125,3185.60009765625,3221.10009765625,17086
2025-06-25 13:15:00,3220.0,3232.10009765625,3205.5,3223.199951171875,11458
2025-06-26 09:15:00,3223.0,3243.800048828125,3161.699951171875,3219.10009765625,22337
2025-06-26 13:15:00,3224.0,3242.5,3220.39990234375,3230.0,7122
2025-06-27 09:15:00,3268.5,3268.5,3195.0,3211.39990234375,7272
2025-06-27 13:15:00,3207.800048828125,3219.0,3164.699951171875,3180.5,14279
2025-06-30 09:15:00,3193.39990234375,3216.800048828125,3171.0,3197.10009765625,7049
2025-06-30 13:15:00,3196.60009765625,3225.0,3171.300048828125,3219.199951171875,13460
2025-07-01 09:15:00,3227.89990234375,3229.0,3132.39990234375,3165.199951171875,12785
2025-07-01 13:15:00,3163.10009765625,3170.0,3127.199951171875,3156.800048828125,9757
2025-07-02 09:15:00,3154.699951171875,3188.39990234375,3142.89990234375,3174.39990234375,7368
2025-07-02 13:15:00,3177.10009765625,3208.0,3160.0,3186.0,5936
2025-07-03 09:15:00,3200.0,3200.0,3158.0,3175.89990234375,8841
2025-07-03 13:15:00,3176.0,3200.39990234375,3148.0,3192.0,6214
2025-07-04 09:15:00,3190.0,3196.39990234375,3127.0,3145.800048828125,10558
2025-07-04 13:15:00,3148.5,3202.0,3141.0,3202.0,9831
2025-07-07 09:15:00,3176.699951171875,3215.5,3151.0,3155.0,3249
2025-07-07 13:15:00,3158.0,3200.0,3152.39990234375,3191.0,6298
2025-07-08 09:15:00,3182.0,3212.300048828125,3155.199951171875,3160.0,3543
2025-07-08 13:15:00,3160.0,3188.300048828125,3158.0,3171.5,3370
2025-07-09 09:15:00,3165.0,3195.0,3152.5,3183.800048828125,3612
2025-07-09 13:15:00,3183.89990234375,3199.89990234375,3151.60009765625,3159.0,11728
2025-07-10 09:15:00,3159.0,3169.199951171875,3138.39990234375,3150.0,4008
2025-07-10 13:15:00,3150.0,3167.699951171875,3121.0,3125.0,8425
2025-07-11 09:15:00,3127.800048828125,3173.699951171875,3090.89990234375,3112.800048828125,16516
2025-07-11 13:15:00,3110.699951171875,3201.699951171875,3101.0,3196.60009765625,24324
2025-07-14 09:15:00,3190.0,3246.0,3174.0,3177.0,7237
2025-07-14 13:15:00,3178.0,3216.0,3175.0,3202.0,6981
2025-07-15 09:15:00,3229.800048828125,3229.800048828125,3171.10009765625,3172.10009765625,11872
2025-07-15 13:15:00,3172.39990234375,3175.0,3161.0,3169.800048828125,7708
2025-07-16 09:15:00,3175.0,3219.89990234375,3160.10009765625,3190.199951171875,12771
2025-07-16 13:15:00,3191.60009765625,3215.0,3183.0,3205.0,9143
2025-07-17 09:15:00,3205.10009765625,3206.0,3160.199951171875,3187.10009765625,8725
2025-07-17 13:15:00,3186.800048828125,3210.0,3165.10009765625,3174.60009765625,8352
2025-07-18 09:15:00,3185.0,3188.699951171875,3150.0,3181.5,6904
2025-07-18 13:15:00,3177.39990234375,3188.0,3162.39990234375,3177.5,4360
2025-07-21 09:15:00,3177.0,3180.0,3161.89990234375,3177.5,3879
2025-07-21 13:15:00,3177.5,3179.800048828125,3152.5,3162.800048828125,3170
2025-07-22 09:15:00,3180.89990234375,3189.699951171875,3130.300048828125,3156.199951171875,12632
2025-07-22 13:15:00,3156.699951171875,3159.0,3150.0,3150.60009765625,1848
2025-07-23 09:15:00,3150.0,3207.89990234375,3133.300048828125,3148.0,17245
2025-07-23 13:15:00,3148.0,3200.0,3147.699951171875,3159.800048828125,15331
2025-07-24 09:15:00,3159.800048828125,3194.39990234375,3130.300048828125,3132.0,10099
2025-07-24 13:15:00,3132.0,3156.89990234375,3132.0,3148.0,6470
2025-07-25 09:15:00,3131.10009765625,3134.0,3010.0,3024.0,21364
2025-07-25 13:15:00,3024.0,3093.89990234375,3010.10009765625,3060.300048828125,18958
2025-07-28 09:15:00,3060.0,3060.0,2955.0,2965.0,12555
2025-07-28 13:15:00,2961.89990234375,2988.0,2909.0,2913.199951171875,16502
2025-07-29 09:15:00,2912.60009765625,2914.800048828125,2864.60009765625,2900.39990234375,13898
2025-07-29 13:15:00,2900.60009765625,2913.0,2870.0,2888.0,13745
2025-07-30 09:15:00,2905.0,2928.0,2870.60009765625,2890.300048828125,12977
2025-07-30 13:15:00,2891.0,2929.800048828125,2877.699951171875,2915.89990234375,8599
2025-07-31 09:15:00,2880.699951171875,2942.199951171875,2856.0,2933.89990234375,3918
2025-07-31 13:15:00,2933.300048828125,2945.5,2894.60009765625,2906.800048828125,4257
2025-08-01 09:15:00,2904.199951171875,2935.0,2861.699951171875,2874.699951171875,8852
2025-08-01 13:15:00,2875.300048828125,2889.199951171875,2825.10009765625,2835.10009765625,10149
2025-08-04 09:15:00,2825.0,2870.0,2810.10009765625,2842.699951171875,4107
2025-08-04 13:15:00,2844.300048828125,2879.89990234375,2825.0,2868.0,4704
2025-08-05 09:15:00,2868.0,2877.0,2833.10009765625,2840.300048828125,2956
2025-08-05 13:15:00,2843.800048828125,2928.0,2829.89990234375,2919.800048828125,13997
2025-08-06 09:15:00,2910.0,2910.800048828125,2832.5,2846.699951171875,4552
2025-08-06 13:15:00,2844.39990234375,2890.5,2830.0,2835.0,10135
2025-08-07 09:15:00,2822.60009765625,2838.39990234375,2775.60009765625,2792.89990234375,10856
2025-08-07 13:15:00,2792.89990234375,2826.10009765625,2770.60009765625,2825.0,8662
2025-08-08 09:15:00,2797.5,2824.0,2764.60009765625,2811.0,2683
2025-08-08 13:15:00,2815.0,2816.699951171875,2739.0,2767.5,9682
2025-08-11 09:15:00,2766.300048828125,2792.60009765625,2742.699951171875,2752.0,4445
2025-08-11 13:15:00,2753.60009765625,2801.199951171875,2745.199951171875,2756.10009765625,8032
2025-08-12 09:15:00,2744.0,2784.0,2744.0,2759.10009765625,4145
2025-08-12 13:15:00,2757.199951171875,2760.39990234375,2735.0,2744.199951171875,4062
2025-08-13 09:15:00,2752.0,2761.89990234375,2697.199951171875,2707.800048828125,13587
2025-08-13 13:15:00,2709.89990234375,2722.800048828125,2652.800048828125,2669.0,11111
2025-08-14 09:15:00,2652.60009765625,2652.60009765625,2577.199951171875,2622.0,35263
2025-08-14 13:15:00,2621.800048828125,2649.89990234375,2618.199951171875,2637.5,10005
2025-08-18 09:15:00,2716.39990234375,2762.199951171875,2674.39990234375,2740.0,11949
2025-08-18 13:15:00,2740.0,2741.199951171875,2706.0,2713.699951171875,5080
2025-08-19 09:15:00,2737.699951171875,2745.60009765625,2651.0,2668.0,38953
2025-08-19 13:15:00,2668.0,2671.300048828125,2655.0,2669.800048828125,25748
2025-08-20 09:15:00,2672.5,2719.800048828125,2643.0,2649.0,12674
2025-08-20 13:15:00,2647.0,2665.0,2645.0,2652.0,23891
2025-08-21 09:15:00,2630.0,2640.89990234375,2611.60009765625,2617.39990234375,14210
2025-08-21 13:15:00,2618.10009765625,2618.89990234375,2590.0,2600.0,16226
2025-08-22 09:15:00,2594.199951171875,2606.800048828125,2547.60009765625,2576.10009765625,28505
2025-08-22 13:15:00,2576.199951171875,2609.89990234375,2573.60009765625,2600.0,33799
2025-08-25 09:15:00,2600.300048828125,2724.0,2594.199951171875,2697.39990234375,17026
2025-08-25 13:15:00,2694.39990234375,2712.89990234375,2682.10009765625,2702.5,9621
2025-08-26 09:15:00,2708.89990234375,2708.89990234375,2662.800048828125,2684.60009765625,4569
2025-08-26 13:15:00,2684.60009765625,2719.0,2660.0,2688.300048828125,5267
2025-08-28 09:15:00,2682.39990234375,2706.89990234375,2658.0,2703.89990234375,9377
2025-08-28 13:15:00,2698.300048828125,2735.0,2695.10009765625,2715.39990234375,11387
2025-08-29 09:15:00,2701.0,2720.5,2663.5,2691.39990234375,10684
2025-08-29 13:15:00,2693.0,2695.0,2658.5,2663.0,12435
2025-09-01 09:15:00,2674.300048828125,2719.39990234375,2670.10009765625,2696.10009765625,4653
2025-09-01 13:15:00,2694.300048828125,2724.89990234375,2693.0,2715.89990234375,6302
2025-09-02 09:15:00,2644.800048828125,2690.0,2603.0,2685.5,35864
2025-09-02 13:15:00,2684.0,2686.5,2626.0,2638.39990234375,14613
2025-09-03 09:15:00,2635.0,2702.0,2629.89990234375,2673.199951171875,11236
2025-09-03 13:15:00,2671.300048828125,2675.89990234375,2648.0,2655.5,8135
2025-09-04 09:15:00,2686.300048828125,2700.0,2670.300048828125,2680.199951171875,6853
2025-09-04 13:15:00,2680.300048828125,2700.0,2675.0,2684.89990234375,11598
2025-09-05 09:15:00,2683.89990234375,2691.699951171875,2641.0,2644.5,8216
2025-09-05 13:15:00,2645.800048828125,2694.89990234375,2640.89990234375,2690.0,15386
2025-09-08 09:15:00,2678.39990234375,2690.0,2640.39990234375,2645.10009765625,5621
2025-09-08 13:15:00,2643.10009765625,2644.10009765625,2585.10009765625,2592.800048828125,24598
2025-09-09 09:15:00,2608.89990234375,2629.800048828125,2581.199951171875,2620.300048828125,12009
2025-09-09 13:15:00,2620.89990234375,2636.0,2607.39990234375,2621.60009765625,5292
2025-09-10 09:15:00,2621.60009765625,2666.300048828125,2616.5,2653.199951171875,11038
2025-09-10 13:15:00,2653.699951171875,2659.699951171875,2632.199951171875,2645.0,5971
2025-09-11 09:15:00,2647.800048828125,2648.300048828125,2612.0,2612.0,10976
2025-09-11 13:15:00,2611.0,2618.89990234375,2593.300048828125,2603.5,14217
2025-09-12 09:15:00,2603.0,2610.800048828125,2577.199951171875,2582.60009765625,8164
2025-09-12 13:15:00,2582.699951171875,2604.89990234375,2580.60009765625,2595.699951171875,3496
2025-09-15 09:15:00,2595.0,2622.5,2585.0,2589.199951171875,4485
2025-09-15 13:15:00,2589.199951171875,2600.199951171875,2580.0,2588.800048828125,5583
2025-09-16 09:15:00,2568.10009765625,2568.300048828125,2554.60009765625,2561.800048828125,24498
2025-09-16 13:15:00,2561.0,2565.699951171875,2557.800048828125,2558.699951171875,10780
2025-09-17 09:15:00,2570.60009765625,2612.10009765625,2562.89990234375,2609.89990234375,14362
2025-09-17 13:15:00,2607.89990234375,2609.89990234375,2590.0,2597.39990234375,6429
2025-09-18 09:15:00,2592.0,2592.0,2550.699951171875,2552.60009765625,10162
2025-09-18 13:15:00,2552.60009765625,2568.89990234375,2550.0,2561.199951171875,7471
2025-09-19 09:15:00,2560.0,2560.89990234375,2525.0,2526.89990234375,9880
2025-09-19 13:15:00,2527.0,2540.0,2520.10009765625,2525.39990234375,8690
2025-09-22 09:15:00,2539.699951171875,2539.699951171875,2510.0,2520.0,3402
2025-09-22 13:15:00,2520.0,2525.0,2515.89990234375,2520.699951171875,3738
2025-09-23 09:15:00,2510.5,2522.39990234375,2489.0,2494.800048828125,5025
2025-09-23 13:15:00,2494.60009765625,2495.60009765625,2480.89990234375,2484.5,6934
2025-09-24 09:15:00,2475.0,2486.0,2448.800048828125,2460.699951171875,11801
2025-09-24 13:15:00,2460.699951171875,2461.89990234375,2440.5,2442.0,13201
2025-09-25 09:15:00,2424.0,2450.60009765625,2420.0,2424.39990234375,5025
2025-09-25 13:15:00,2421.10009765625,2435.0,2418.0,2425.60009765625,11194
2025-09-26 09:15:00,2424.0,2424.0,2377.199951171875,2386.89990234375,7585
2025-09-26 13:15:00,2384.199951171875,2389.800048828125,2368.0,2387.89990234375,15373
2025-09-29 09:15:00,2406.89990234375,2409.199951171875,2358.300048828125,2376.5,28110
2025-09-29 13:15:00,2376.10009765625,2415.39990234375,2330.10009765625,2358.800048828125,91916
2025-09-30 09:15:00,2349.5,2371.0,2335.0,2336.0,6055
2025-09-30 13:15:00,2335.0,2360.5,2324.0,2348.0,17103
2025-10-01 09:15:00,2348.199951171875,2348.699951171875,2323.0,2335.0,5662
2025-10-01 13:15:00,2335.699951171875,2403.89990234375,2330.5,2380.199951171875,30718
2025-10-03 09:15:00,2396.89990234375,2450.0,2373.0,2443.300048828125,8234
2025-10-03 13:15:00,2443.300048828125,2494.300048828125,2434.39990234375,2465.39990234375,15522
2025-10-06 09:15:00,2465.39990234375,2479.800048828125,2420.0,2420.39990234375,4844
2025-10-06 13:15:00,2420.5,2505.0,2412.60009765625,2505.0,11262
2025-10-07 09:15:00,2470.0,2478.0,2433.699951171875,2434.800048828125,8535
2025-10-07 13:15:00,2434.199951171875,2443.0,2420.60009765625,2425.0,5680
2025-10-08 09:15:00,2419.89990234375,2426.199951171875,2374.5,2375.0,8821
2025-10-08 13:15:00,2377.300048828125,2377.5,2348.199951171875,2360.60009765625,19320
2025-10-09 09:15:00,2360.0,2377.60009765625,2344.0,2350.0,5277
2025-10-09 13:15:00,2350.300048828125,2353.5,2329.0,2336.699951171875,7340
2025-10-10 09:15:00,2345.0,2454.10009765625,2328.199951171875,2399.0,32898
2025-10-10 13:15:00,2399.0,2407.60009765625,2377.5,2384.39990234375,11160
2025-10-13 09:15:00,2384.39990234375,2393.5,2335.39990234375,2359.10009765625,14125
2025-10-13 13:15:00,2359.0,2388.0,2345.0,2365.5,20194
2025-10-14 09:15:00,2365.0,2382.39990234375,2316.0,2319.10009765625,8058
2025-10-14 13:15:00,2319.10009765625,2328.800048828125,2314.699951171875,2318.89990234375,14765
2025-10-15 09:15:00,2327.39990234375,2340.699951171875,2317.699951171875,2333.699951171875,5934
2025-10-15 13:15:00,2332.10009765625,2362.89990234375,2328.39990234375,2352.10009765625,7487
2025-10-16 09:15:00,2350.0,2389.300048828125,2340.0,2360.800048828125,5103
2025-10-16 13:15:00,2358.0,2379.0,2345.0,2359.800048828125,25388
2025-10-17 09:15:00,2359.800048828125,2405.0,2341.300048828125,2348.89990234375,30518
2025-10-17 13:15:00,2347.300048828125,2390.0,2331.10009765625,2350.300048828125,10793
2025-10-20 09:15:00,2415.89990234375,2459.699951171875,2385.300048828125,2424.800048828125,34966
2025-10-20 13:15:00,2427.10009765625,2431.39990234375,2412.10009765625,2430.0,20412
2025-10-21 13:15:00,2492.0,2622.699951171875,2466.5,2569.300048828125,61795
2025-10-23 09:15:00,2594.800048828125,2594.800048828125,2522.0,2553.699951171875,56388
2025-10-23 13:15:00,2554.199951171875,2564.0,2539.199951171875,2543.89990234375,10096
2025-10-24 09:15:00,2560.0,2563.89990234375,2471.10009765625,2476.39990234375,13662
2025-10-24 13:15:00,2474.300048828125,2510.89990234375,2470.199951171875,2503.39990234375,21930
2025-10-27 09:15:00,2514.699951171875,2543.199951171875,2479.10009765625,2484.5,15429
2025-10-27 13:15:00,2482.0,2509.5,2481.0,2498.800048828125,14822
2025-10-28 09:15:00,2493.60009765625,2495.0,2480.0,2481.5,9143
2025-10-28 13:15:00,2480.10009765625,2482.39990234375,2460.10009765625,2464.60009765625,8863
2025-10-29 09:15:00,2465.300048828125,2477.60009765625,2442.10009765625,2448.10009765625,5983
2025-10-29 13:15:00,2448.0,2465.0,2441.39990234375,2449.5,8012
2025-10-30 09:15:00,2450.300048828125,2450.300048828125,2410.0,2419.39990234375,9346
2025-10-30 13:15:00,2417.10009765625,2419.39990234375,2393.0,2398.699951171875,18162
2025-10-31 09:15:00,2398.699951171875,2402.300048828125,2365.0,2370.0,6852
2025-10-31 13:15:00,2372.60009765625,2375.800048828125,2359.60009765625,2368.800048828125,19960
2025-11-03 09:15:00,2377.300048828125,2407.0,2366.800048828125,2390.10009765625,6993
2025-11-03 13:15:00,2393.0,2409.0,2387.0,2409.0,8049
2025-11-04 09:15:00,2419.89990234375,2432.39990234375,2360.0,2366.300048828125,9439
2025-11-04 13:15:00,2364.60009765625,2404.89990234375,2360.0,2391.800048828125,14184
2025-11-06 09:15:00,2395.300048828125,2400.0,2345.0,2348.800048828125,12296
2025-11-06 13:15:00,2348.39990234375,2360.199951171875,2320.0,2332.0,14472
2025-11-07 09:15:00,2325.0,2330.5,2291.0,2309.199951171875,11459
2025-11-07 13:15:00,2306.800048828125,2360.199951171875,2306.60009765625,2352.10009765625,16545
2025-11-10 09:15:00,2352.0,2352.0,2306.10009765625,2321.0,5838
2025-11-10 13:15:00,2321.10009765625,2339.89990234375,2316.0,2327.39990234375,6445
2025-11-11 09:15:00,2327.39990234375,2344.300048828125,2300.10009765625,2323.10009765625,8807
2025-11-11 13:15:00,2322.0,2329.5,2307.300048828125,2319.39990234375,7512
2025-11-12 09:15:00,2329.89990234375,2369.39990234375,2318.89990234375,2352.800048828125,9533
2025-11-12 13:15:00,2358.39990234375,2388.0,2333.0,2365.60009765625,15912
2025-11-13 09:15:00,2320.0,2339.60009765625,2280.0,2315.5,77507
2025-11-13 13:15:00,2314.39990234375,2358.60009765625,2298.0,2328.60009765625,98676
2025-11-14 09:15:00,2336.699951171875,2344.699951171875,2283.89990234375,2285.5,22843
2025-11-14 13:15:00,2285.0,2288.199951171875,2223.0,2247.300048828125,65916
2025-11-17 09:15:00,2236.10009765625,2236.10009765625,2150.0,2169.800048828125,37902
2025-11-17 13:15:00,2165.89990234375,2174.300048828125,2130.0,2134.89990234375,124208
2025-11-18 09:15:00,2134.89990234375,2146.0,2108.0,2131.0,16557
2025-11-18 13:15:00,2131.0,2134.0,2113.699951171875,2118.0,12108
2025-11-19 09:15:00,2118.0,2118.0,2016.4000244140625,2072.0,76110
2025-11-19 13:15:00,2072.10009765625,2080.0,2040.0,2047.0,34451
2025-11-20 09:15:00,2050.0,2082.39990234375,2026.0,2026.0,28336
2025-11-20 13:15:00,2029.5,2073.39990234375,2009.0,2067.800048828125,35681
2025-11-21 09:15:00,2060.199951171875,2110.89990234375,2056.5,2076.699951171875,21117
2025-11-21 13:15:00,2080.0,2080.0,2030.199951171875,2039.4000244140625,12630
2025-11-24 09:15:00,2055.0,2065.5,2015.0,2018.9000244140625,7550
2025-11-24 13:15:00,2018.9000244140625,2022.800048828125,2001.199951171875,2019.699951171875,17380
2025-11-25 09:15:00,2044.0,2055.0,2010.0999755859373,2026.0,10613
2025-11-25 13:15:00,2025.800048828125,2055.0,2017.4000244140625,2043.0,11763
2025-11-26 09:15:00,2043.5999755859373,2071.0,2040.0,2048.60009765625,4631
2025-11-26 13:15:00,2049.0,2077.800048828125,2040.4000244140625,2070.89990234375,13001
2025-11-27 09:15:00,2077.0,2120.0,2065.699951171875,2071.10009765625,16243
2025-11-27 13:15:00,2066.0,2093.300048828125,2057.0,2077.699951171875,17152
2025-11-28 09:15:00,2085.0,2085.0,2054.0,2072.5,3739
2025-11-28 13:15:00,2072.0,2102.199951171875,2067.39990234375,2088.300048828125,11271
2025-12-01 09:15:00,2094.0,2109.800048828125,2061.199951171875,2065.10009765625,7421
2025-12-01 13:15:00,2069.5,2070.0,2040.0,2042.0,9030
2025-12-02 09:15:00,2038.699951171875,2059.0,2020.0999755859373,2057.0,8650
2025-12-02 13:15:00,2055.0,2075.0,2053.199951171875,2061.0,10755
2025-12-03 09:15:00,2075.0,2077.300048828125,2041.0,2069.0,3433
2025-12-03 13:15:00,2069.0,2074.0,2060.10009765625,2066.10009765625,4194
2025-12-04 09:15:00,2066.0,2094.0,2056.0,2082.39990234375,9965
2025-12-04 13:15:00,2082.39990234375,2095.60009765625,2070.0,2074.10009765625,7764
2025-12-05 09:15:00,2072.0,2073.0,2060.0,2066.89990234375,2942
2025-12-05 13:15:00,2066.89990234375,2084.800048828125,2060.0,2071.800048828125,4505
2025-12-08 09:15:00,2070.199951171875,2070.199951171875,2005.9000244140625,2012.0,12367
2025-12-08 13:15:00,2012.0,2035.0,1988.800048828125,2029.800048828125,18783
2025-12-09 09:15:00,2012.0,2058.0,2004.0999755859373,2049.10009765625,10539
2025-12-09 13:15:00,2054.60009765625,2100.0,2029.800048828125,2084.39990234375,16394
2025-12-10 09:15:00,2079.800048828125,2120.0,2071.5,2087.10009765625,4957
2025-12-10 13:15:00,2083.10009765625,2095.0,2055.0,2072.699951171875,7985
2025-12-11 09:15:00,2070.0,2070.0,2040.0,2040.0,8274
2025-12-11 13:15:00,2040.800048828125,2070.0,2037.0,2055.10009765625,7712
2025-12-12 09:15:00,2065.0,2081.0,2052.5,2058.300048828125,2411
2025-12-12 13:15:00,2056.0,2076.699951171875,2050.39990234375,2056.0,10035
2025-12-15 09:15:00,2072.5,2072.5,2036.4000244140625,2050.699951171875,5427
2025-12-15 13:15:00,2052.39990234375,2060.800048828125,2040.0,2040.0999755859373,6036
2025-12-16 09:15:00,2040.199951171875,2048.300048828125,2016.0999755859373,2042.0999755859373,10978
2025-12-16 13:15:00,2040.5,2052.0,2030.0,2041.300048828125,3962
2025-12-17 09:15:00,2035.0,2065.699951171875,2020.199951171875,2022.5999755859373,3374
2025-12-17 13:15:00,2024.300048828125,2024.300048828125,2005.0,2013.0999755859373,8670
2025-12-18 09:15:00,1994.9000244140625,2000.0,1966.0999755859373,1999.0,23467
2025-12-18 13:15:00,1999.300048828125,2003.4000244140625,1994.5,1995.0,7943
2025-12-19 09:15:00,1995.0,2019.9000244140625,1967.0,1982.5999755859373,16739
2025-12-19 13:15:00,1979.0,1982.5999755859373,1960.0,1963.0,16767
2025-12-22 09:15:00,1976.0999755859373,2010.0,1971.199951171875,2008.0,6400
2025-12-22 13:15:00,2005.5,2013.9000244140625,1995.800048828125,2007.0,4722
2025-12-23 09:15:00,2004.0,2033.9000244140625,1990.199951171875,2018.0,2972
2025-12-23 13:15:00,2018.0,2023.800048828125,2005.0,2013.0,4501
2025-12-24 09:15:00,2013.0,2026.699951171875,1995.699951171875,2013.5,8580
2025-12-24 13:15:00,2015.0999755859373,2019.300048828125,1998.699951171875,2008.4000244140625,7204
2025-12-26 09:15:00,1992.5999755859373,1999.699951171875,1985.199951171875,1989.300048828125,6216
2025-12-26 13:15:00,1989.300048828125,1993.5,1976.0,1979.800048828125,7251
2025-12-29 09:15:00,1983.0,1987.300048828125,1958.5999755859373,1962.9000244140625,7057
2025-12-29 13:15:00,1962.699951171875,2004.9000244140625,1960.0999755859373,1989.0999755859373,11483
2025-12-30 09:15:00,1995.0,1995.0,1965.0999755859373,1968.800048828125,4230
2025-12-30 13:15:00,1968.5999755859373,1980.800048828125,1965.5,1967.199951171875,7148
2025-12-31 09:15:00,1969.199951171875,1986.0,1968.0999755859373,1983.5,1957
2025-12-31 13:15:00,1982.0,1982.0,1972.199951171875,1976.199951171875,1965
2026-01-01 09:15:00,1978.0,1998.0,1966.9000244140625,1995.5,2721
2026-01-01 13:15:00,1998.0,2040.0999755859373,1993.0999755859373,2027.9000244140625,15997
2026-01-02 09:15:00,2029.0,2045.0,2006.5999755859373,2030.5999755859373,5805
2026-01-02 13:15:00,2030.5999755859373,2040.0,2026.199951171875,2035.5,8014
2026-01-05 09:15:00,2033.0,2035.0,2005.699951171875,2025.0,6475
2026-01-05 13:15:00,2025.0,2025.0,1967.300048828125,1977.0,24029
2026-01-06 09:15:00,1975.800048828125,1985.199951171875,1953.0999755859373,1962.699951171875,9566
2026-01-06 13:15:00,1963.9000244140625,1972.9000244140625,1951.0999755859373,1955.800048828125,8999
2026-01-07 09:15:00,1980.0,1980.0,1949.0999755859373,1951.300048828125,7397
2026-01-07 13:15:00,1953.4000244140625,1954.9000244140625,1943.0999755859373,1953.5,7236
2026-01-08 09:15:00,1942.5999755859373,1948.0,1920.0,1925.0,20663
2026-01-08 13:15:00,1924.5,1926.0,1905.0,1925.0,40293
2026-01-09 09:15:00,1925.0,1925.0,1890.0,1910.0,32945
2026-01-09 13:15:00,1910.0,1929.0,1896.0999755859373,1910.5999755859373,30237
2026-01-12 09:15:00,1900.0,1932.199951171875,1872.699951171875,1923.5,18750
2026-01-12 13:15:00,1926.5,1963.199951171875,1926.5,1953.800048828125,7883
2026-01-13 09:15:00,1912.5999755859373,1993.5999755859373,1912.5999755859373,1934.4000244140625,9549
2026-01-13 13:15:00,1934.9000244140625,1940.0,1916.9000244140625,1927.5999755859373,6893
2026-01-14 09:15:00,1927.0,1935.0,1900.0,1906.5,4448
2026-01-14 13:15:00,1907.300048828125,1919.9000244140625,1899.5999755859373,1913.699951171875,11893
2026-01-16 09:15:00,1899.0999755859373,1925.800048828125,1893.0999755859373,1901.300048828125,2916
2026-01-16 13:15:00,1901.300048828125,1919.699951171875,1900.0999755859373,1916.0,18575
2026-01-19 09:15:00,1916.0,1916.0,1880.5,1902.4000244140625,6560
2026-01-19 13:15:00,1902.0,1939.0,1897.300048828125,1939.0,14594
2026-01-20 09:15:00,1900.0,1901.9000244140625,1879.300048828125,1890.0,6672
2026-01-20 13:15:00,1890.0,1895.0,1873.0,1877.5,15380
2026-01-21 09:15:00,1866.5999755859373,1891.9000244140625,1866.5999755859373,1885.0,7206
2026-01-21 13:15:00,1885.0,1894.0,1871.5,1877.199951171875,12293
2026-01-22 09:15:00,1886.5,1900.199951171875,1875.0999755859373,1882.0,2779
2026-01-22 13:15:00,1881.0,1965.199951171875,1881.0,1908.5999755859373,4228
2026-01-23 09:15:00,1915.0,1930.199951171875,1897.5999755859373,1897.9000244140625,5658
2026-01-23 13:15:00,1897.800048828125,1958.0999755859373,1885.0,1943.0,14248
2026-01-27 09:15:00,1952.0,1960.0,1901.800048828125,1902.300048828125,7889
2026-01-27 13:15:00,1902.300048828125,1923.5999755859373,1902.300048828125,1915.4000244140625,8388
2026-01-28 09:15:00,1912.9000244140625,1925.4000244140625,1903.800048828125,1904.199951171875,5001
2026-01-28 13:15:00,1904.5,1908.0999755859373,1891.0,1896.0999755859373,4798
2026-01-29 09:15:00,1894.0,1900.800048828125,1883.699951171875,1895.0,8479
2026-01-29 13:15:00,1895.0,1962.0,1839.0999755859373,1921.199951171875,67826
2026-01-30 09:15:00,1919.9000244140625,1919.9000244140625,1876.300048828125,1900.0,10042
2026-01-30 13:15:00,1900.0,1947.0,1895.0,1921.4000244140625,10184
2026-02-03 09:15:00,1938.5999755859373,1981.199951171875,1925.0,1935.0,19378
2026-02-03 13:15:00,1931.9000244140625,1941.699951171875,1925.0,1925.0,7759
2026-02-04 09:15:00,1949.0,1967.800048828125,1920.199951171875,1937.0,5368
2026-02-04 13:15:00,1932.4000244140625,1940.199951171875,1922.5,1939.9000244140625,11714
2026-02-05 09:15:00,1920.0,1936.0999755859373,1902.800048828125,1930.9000244140625,2563
2026-02-05 13:15:00,1930.0999755859373,1934.0999755859373,1906.0,1910.4000244140625,4421
2026-02-06 09:15:00,1910.0,1916.699951171875,1884.4000244140625,1890.0,5815
2026-02-06 13:15:00,1891.0,1893.5999755859373,1885.0,1893.5999755859373,9888
2026-02-09 09:15:00,1898.0999755859373,1942.0,1893.0,1914.5,8250
2026-02-09 13:15:00,1915.9000244140625,1918.800048828125,1891.0,1905.0,6797
2026-02-10 09:15:00,1908.300048828125,2025.0,1908.300048828125,1998.699951171875,33899
2026-02-10 13:15:00,1998.699951171875,2000.0,1980.0999755859373,1990.0,8725
2026-02-11 09:15:00,1990.0,2008.9000244140625,1952.0,1974.300048828125,1952
2026-02-11 13:15:00,1975.9000244140625,2000.0,1975.9000244140625,1989.0,4302
2026-02-12 09:15:00,1995.0,1995.0,1970.0,1977.800048828125,2029
2026-02-12 13:15:00,1977.199951171875,1993.9000244140625,1974.9000244140625,1982.199951171875,3982
2026-02-13 09:15:00,1977.0,1977.0,1955.0999755859373,1960.0,6889
2026-02-13 13:15:00,1960.0,1970.0,1955.0999755859373,1955.0999755859373,7109
2026-02-16 09:15:00,1955.0,1955.5999755859373,1937.0,1941.0999755859373,2049
2026-02-16 13:15:00,1945.4000244140625,1963.300048828125,1943.300048828125,1954.5,6153
2026-02-17 09:15:00,1945.4000244140625,1980.0,1945.4000244140625,1961.9000244140625,2412
2026-02-17 13:15:00,1958.800048828125,1998.800048828125,1953.300048828125,1995.0,10703
2026-02-18 09:15:00,1994.0,2005.5999755859373,1971.0,1978.300048828125,5533
2026-02-18 13:15:00,1981.5999755859373,1984.5999755859373,1972.0999755859373,1977.0,6890
2026-02-19 09:15:00,1975.0999755859373,1988.0,1952.5999755859373,1959.0,3007
2026-02-19 13:15:00,1963.199951171875,1984.199951171875,1952.699951171875,1975.0999755859373,5677
2026-02-20 09:15:00,1960.0,1968.300048828125,1941.0,1950.5999755859373,3926
2026-02-20 13:15:00,1950.0,1954.800048828125,1945.0,1949.0,4599
2026-02-23 09:15:00,1958.5,1965.199951171875,1933.0999755859373,1942.0,2220
2026-02-23 13:15:00,1945.4000244140625,1946.9000244140625,1933.9000244140625,1940.300048828125,4846
2026-02-24 09:15:00,1939.4000244140625,1939.4000244140625,1907.0999755859373,1915.0,10456
2026-02-24 13:15:00,1915.0,1927.0999755859373,1914.5999755859373,1915.0,4076
2026-02-25 09:15:00,1915.0,1919.9000244140625,1906.800048828125,1915.0,4062
2026-02-25 13:15:00,1915.0,1932.699951171875,1910.800048828125,1919.9000244140625,4542
2026-02-26 09:15:00,1919.9000244140625,1937.5999755859373,1912.4000244140625,1918.0999755859373,2669
2026-02-26 13:15:00,1917.0999755859373,1928.0,1915.0,1920.9000244140625,6398
2026-02-27 09:15:00,1920.9000244140625,1924.5999755859373,1905.0,1915.699951171875,2063
2026-02-27 13:15:00,1915.4000244140625,1933.0,1913.4000244140625,1915.0,7282
2026-03-02 09:15:00,1858.0,1899.800048828125,1850.0999755859373,1854.0,7662
2026-03-02 13:15:00,1852.0,1925.0,1845.0,1910.0,12389
2026-03-04 09:15:00,1875.0,1894.0,1848.699951171875,1865.0999755859373,17518
2026-03-04 13:15:00,1865.0,1899.9000244140625,1862.0,1899.9000244140625,14905
2026-03-05 09:15:00,1875.0,1889.0,1861.0999755859373,1870.0999755859373,8479
2026-03-05 13:15:00,1870.0999755859373,1876.9000244140625,1870.0,1870.0,4812
2026-03-06 09:15:00,1870.0999755859373,1875.9000244140625,1855.0,1869.0,3471
2026-03-06 13:15:00,1869.0,1874.0,1856.0,1874.0,15982
2026-03-09 09:15:00,1851.0999755859373,1873.0,1820.4000244140625,1866.0999755859373,17798
2026-03-09 13:15:00,1866.0999755859373,1899.800048828125,1861.800048828125,1884.0,20560
2026-03-10 09:15:00,1901.9000244140625,1955.0,1874.699951171875,1954.300048828125,222421
2026-03-10 13:15:00,1954.300048828125,1955.0,1921.0,1950.0,15439
2026-03-11 09:15:00,1947.300048828125,2049.89990234375,1944.9000244140625,2035.0,12184
2026-03-11 13:15:00,2036.300048828125,2079.0,2025.0,2043.0999755859373,56194
2026-03-12 09:15:00,2035.0,2079.5,2000.0,2065.699951171875,33318
2026-03-12 13:15:00,2069.89990234375,2079.0,2060.0,2073.800048828125,11815
2026-03-13 09:15:00,2078.0,2105.0,1990.0,1994.5999755859373,18597
2026-03-13 13:15:00,2000.0,2049.300048828125,1973.199951171875,2035.0,28670
2026-03-16 09:15:00,2049.0,2049.0,1990.0,1996.0999755859373,25819
2026-03-16 13:15:00,1996.0,2000.0,1965.0,1966.0,14715
2026-03-17 09:15:00,1976.0,1977.0,1941.0,1945.0,6410
2026-03-17 13:15:00,1945.0,1950.0,1895.5999755859373,1895.5999755859373,44624
2026-03-18 09:15:00,1902.5999755859373,2036.0,1890.0,2014.9000244140625,15785
2026-03-18 13:15:00,2014.9000244140625,2037.800048828125,1980.199951171875,1987.199951171875,29973
2026-03-19 09:15:00,1980.0,1997.5999755859373,1951.0,1980.0,5261
2026-03-19 13:15:00,1974.0999755859373,1981.9000244140625,1933.300048828125,1953.9000244140625,17109
2026-03-20 09:15:00,1977.0,2001.5,1964.699951171875,1992.5999755859373,4841
2026-03-20 13:15:00,1994.0,1995.300048828125,1963.0,1969.699951171875,8493
2026-03-23 09:15:00,1950.0,1950.0,1864.800048828125,1870.4000244140625,19855
2026-03-23 13:15:00,1871.5,1887.4000244140625,1829.199951171875,1839.9000244140625,11714
2026-03-24 09:15:00,1875.0,1894.0,1833.199951171875,1891.5999755859373,8704
2026-03-24 13:15:00,1892.0999755859373,1922.0,1888.0,1911.0999755859373,16098
2026-03-25 09:15:00,1922.0,1942.300048828125,1910.0,1923.5999755859373,15548
2026-03-25 13:15:00,1926.300048828125,1937.5,1915.4000244140625,1925.0,9190
2026-03-27 09:15:00,1924.9000244140625,1926.300048828125,1846.300048828125,1850.0,21054
2026-03-27 13:15:00,1850.0,1855.800048828125,1796.800048828125,1825.4000244140625,28541
2026-03-30 09:15:00,1791.800048828125,1810.800048828125,1780.0,1801.0,14511
2026-03-30 13:15:00,1800.9000244140625,1802.0,1788.699951171875,1798.0,26314
2026-04-01 09:15:00,1840.0,1899.0,1835.0999755859373,1885.0,5594
2026-04-01 13:15:00,1885.0,1885.0,1836.0999755859373,1845.4000244140625,9086
2026-04-02 09:15:00,1833.0,1856.699951171875,1802.699951171875,1820.800048828125,17025
2026-04-02 13:15:00,1820.0,1846.0999755859373,1815.5,1829.4000244140625,8991
2026-04-06 09:15:00,1838.0999755859373,1879.0,1818.699951171875,1875.0,8834
2026-04-06 13:15:00,1875.0,1895.800048828125,1871.199951171875,1887.4000244140625,9868
2026-04-07 09:15:00,1885.0,1914.0,1881.4000244140625,1893.0,3785
2026-04-07 13:15:00,1894.0,1910.0,1888.0,1905.0,3252
2026-04-08 09:15:00,1965.0,1965.0,1905.5,1917.5999755859373,9574
2026-04-08 13:15:00,1919.699951171875,1925.0,1912.0,1920.5999755859373,4703
2026-04-09 09:15:00,1921.0,1999.0,1921.0,1960.5,13507
2026-04-09 13:15:00,1960.5,1981.4000244140625,1940.0,1953.0999755859373,12464
2026-04-10 09:15:00,1972.0,2019.0,1963.0,2007.699951171875,8813
2026-04-10 13:15:00,2005.0999755859373,2010.0,1992.300048828125,2000.9000244140625,5311
2026-04-13 09:15:00,1977.699951171875,2095.0,1950.0,2081.300048828125,21023
2026-04-13 13:15:00,2086.5,2159.89990234375,2084.699951171875,2145.0,54819
2026-04-15 09:15:00,2192.0,2232.0,2155.0,2208.39990234375,23096
2026-04-15 13:15:00,2212.0,2230.0,2185.800048828125,2211.5,17054
2026-04-16 09:15:00,2260.5,2260.5,2168.300048828125,2169.800048828125,17889
2026-04-16 13:15:00,2169.699951171875,2190.0,2162.0,2162.0,9240
2026-04-17 09:15:00,2170.0,2254.0,2162.0,2239.5,28347
2026-04-17 13:15:00,2239.5,2244.0,2210.0,2221.5,21976
2026-04-20 09:15:00,2240.0,2240.0,2183.0,2200.800048828125,0
2026-04-20 13:15:00,2221.5,2221.5,2173.0,2183.89990234375,56325
2026-04-21 09:15:00,2191.0,2265.0,2183.89990234375,2250.10009765625,30117
2026-04-21 13:15:00,2253.5,2254.39990234375,2234.0,2250.10009765625,13064
2026-04-22 09:15:00,2242.0,2257.60009765625,2216.0,2220.699951171875,5222
2026-04-22 13:15:00,2225.800048828125,2286.0,2223.0,2272.300048828125,23822
2026-04-23 09:15:00,2272.300048828125,2304.0,2253.300048828125,2298.0,17524
2026-04-23 13:15:00,2301.0,2320.0,2297.5,2311.0,17470
2026-04-24 09:15:00,2312.0,2367.0,2292.0,2311.89990234375,13883
2026-04-24 13:15:00,2310.0,2340.0,2310.0,2326.0,11497
2026-04-27 09:15:00,2375.0,2437.800048828125,2317.0,2330.60009765625,16790
2026-04-27 13:15:00,2328.10009765625,2349.0,2321.60009765625,2346.0,14519
2026-04-28 09:15:00,2335.0,2381.60009765625,2323.0,2337.0,7015
2026-04-28 13:15:00,2336.89990234375,2345.800048828125,2310.0,2320.0,9510
2026-04-29 09:15:00,2329.0,2355.0,2322.699951171875,2348.0,17430
2026-04-29 13:15:00,2346.10009765625,2351.300048828125,2291.10009765625,2306.10009765625,11120
2026-04-30 09:15:00,2300.0,2303.5,2236.300048828125,2259.199951171875,7953
2026-04-30 13:15:00,2258.5,2270.300048828125,2246.10009765625,2258.199951171875,4811
2026-05-04 09:15:00,2260.89990234375,2310.0,2255.0,2256.199951171875,8292
2026-05-04 13:15:00,2256.199951171875,2259.0,2240.0,2259.0,5212
2026-05-05 09:15:00,2239.89990234375,2267.699951171875,2233.0,2259.800048828125,4063
2026-05-05 13:15:00,2259.199951171875,2264.0,2221.0,2226.199951171875,3452
2026-05-06 09:15:00,2246.0,2342.0,2242.10009765625,2307.10009765625,17949
2026-05-06 13:15:00,2302.89990234375,2340.0,2300.0,2327.60009765625,14623
2026-05-07 09:15:00,2327.60009765625,2358.10009765625,2312.0,2329.60009765625,7604
2026-05-07 13:15:00,2328.0,2345.0,2307.60009765625,2320.699951171875,8353
2026-05-08 09:15:00,2320.699951171875,2360.699951171875,2276.89990234375,2316.39990234375,18308
2026-05-08 13:15:00,2316.5,2340.0,2309.199951171875,2323.39990234375,5211
2026-05-11 09:15:00,2326.0,2326.0,2272.0,2293.699951171875,4571
2026-05-11 13:15:00,2297.0,2304.0,2281.300048828125,2300.0,5532
2026-05-12 09:15:00,2280.0,2290.0,2230.300048828125,2235.89990234375,5585
2026-05-12 13:15:00,2232.10009765625,2259.800048828125,2201.0,2201.0,16007
2026-05-13 09:15:00,2225.0,2250.0,2202.199951171875,2226.199951171875,5912
2026-05-13 13:15:00,2226.60009765625,2234.800048828125,2208.89990234375,2220.0,2934
2026-05-14 09:15:00,2250.0,2258.89990234375,2207.10009765625,2247.0,6039
2026-05-14 13:15:00,2247.0,2339.0,2246.800048828125,2334.0,14982
2026-05-15 09:15:00,2330.10009765625,2378.39990234375,2302.0,2335.199951171875,9460
2026-05-15 13:15:00,2335.0,2361.60009765625,2326.39990234375,2344.800048828125,9774
2026-05-18 09:15:00,2329.800048828125,2329.800048828125,2191.60009765625,2259.89990234375,15293
2026-05-18 13:15:00,2259.199951171875,2305.0,2208.0,2284.699951171875,25487
2026-05-19 09:15:00,2280.0,2309.699951171875,2255.0,2282.699951171875,5362
2026-05-19 13:15:00,2286.39990234375,2290.89990234375,2254.800048828125,2268.39990234375,9636
2026-05-20 09:15:00,2245.0,2248.5,2205.0,2219.89990234375,7821
2026-05-20 13:15:00,2219.60009765625,2237.0,2201.800048828125,2208.5,7034
2026-05-21 09:15:00,2219.5,2231.5,2202.0,2208.60009765625,5383
2026-05-21 13:15:00,2203.699951171875,2213.0,2187.60009765625,2205.0,5307
2026-05-22 09:15:00,2198.199951171875,2274.800048828125,2186.800048828125,2253.0,12094
2026-05-22 13:15:00,2251.0,2251.0,2206.0,2223.800048828125,3499
2026-05-25 09:15:00,2223.0,2280.0,2198.0,2269.0,9945
2026-05-25 13:15:00,2269.0,2278.0,2261.199951171875,2272.39990234375,5167
2026-05-26 09:15:00,2252.800048828125,2335.0,2252.800048828125,2306.0,19158
2026-05-26 13:15:00,2308.0,2313.199951171875,2294.0,2301.0,10239
2026-05-27 09:15:00,2327.0,2327.0,2281.60009765625,2293.800048828125,7732
2026-05-27 13:15:00,2290.300048828125,2300.0,2256.0,2269.199951171875,7983
2026-05-29 09:15:00,2269.199951171875,2278.300048828125,2242.199951171875,2275.0,6054
2026-05-29 13:15:00,2275.0,2293.199951171875,2262.0,2286.0,6630
2026-06-01 09:15:00,2300.0,2308.89990234375,2228.0,2264.89990234375,7669
2026-06-01 13:15:00,2264.89990234375,2269.800048828125,2220.5,2221.300048828125,8205
2026-06-02 09:15:00,2232.0,2270.0,2210.300048828125,2256.10009765625,2725
2026-06-02 13:15:00,2256.300048828125,2271.10009765625,2251.0,2257.699951171875,3952
2026-06-03 09:15:00,2254.300048828125,2259.89990234375,2225.39990234375,2232.5,2454
2026-06-03 13:15:00,2232.60009765625,2239.5,2225.39990234375,2231.699951171875,2908
2026-06-04 09:15:00,2225.0,2251.89990234375,2220.0,2231.60009765625,6093
2026-06-04 13:15:00,2231.60009765625,2235.800048828125,2205.0,2211.0,11464
2026-06-05 09:15:00,2222.5,2231.89990234375,2200.0,2215.0,7352
2026-06-05 13:15:00,2215.800048828125,2225.0,2190.0,2201.199951171875,5234
2026-06-08 09:15:00,2177.199951171875,2201.0,2153.300048828125,2171.0,4867
2026-06-08 13:15:00,2169.199951171875,2175.0,2129.60009765625,2142.0,10910
2026-06-09 09:15:00,2141.10009765625,2176.10009765625,2135.699951171875,2156.0,2821
2026-06-09 13:15:00,2158.300048828125,2166.0,2150.199951171875,2157.60009765625,2713
2026-06-10 09:15:00,2172.0,2196.199951171875,2148.199951171875,2185.699951171875,8071
2026-06-10 13:15:00,2186.0,2190.699951171875,2152.89990234375,2178.89990234375,4039
2026-06-11 09:15:00,2152.60009765625,2157.5,2132.0,2147.0,3657
2026-06-11 13:15:00,2147.0,2147.0,2105.0,2125.800048828125,13428
2026-06-12 09:15:00,2150.0,2154.800048828125,2102.39990234375,2119.699951171875,6407
2026-06-12 13:15:00,2122.89990234375,2143.10009765625,2116.10009765625,2133.0,8317
2026-06-15 09:15:00,2160.0,2220.0,2153.60009765625,2158.5,3748
2026-06-15 13:15:00,2158.5,2217.39990234375,2143.0,2177.10009765625,22954
2026-06-16 09:15:00,2166.0,2213.0,2157.89990234375,2200.89990234375,6145
2026-06-16 13:15:00,2204.39990234375,2233.300048828125,2201.800048828125,2217.89990234375,9188
2026-06-17 09:15:00,2217.0,2229.800048828125,2190.0,2212.0,6465
2026-06-17 13:15:00,2215.699951171875,2228.699951171875,2192.199951171875,2228.699951171875,6911
2026-06-18 09:15:00,2228.89990234375,2245.0,2215.89990234375,2245.0,4166
2026-06-18 13:15:00,2245.0,2265.0,2235.60009765625,2251.800048828125,13154
2026-06-19 09:15:00,2240.0,2344.0,2235.60009765625,2304.699951171875,24733
2026-06-19 13:15:00,2303.0,2329.199951171875,2300.0,2312.89990234375,9681
2026-06-22 09:15:00,2325.0,2412.89990234375,2296.699951171875,2405.89990234375,24529
2026-06-22 13:15:00,2404.800048828125,2409.0,2372.199951171875,2373.0,12291
2026-06-23 09:15:00,2384.0,2423.89990234375,2340.300048828125,2353.60009765625,10171
2026-06-23 13:15:00,2353.0,2410.0,2341.0,2382.10009765625,11085
2026-06-24 09:15:00,2381.39990234375,2400.0,2334.0,2339.89990234375,6163
2026-06-24 13:15:00,2339.300048828125,2370.0,2334.0,2351.800048828125,8139
2026-06-25 09:15:00,2382.60009765625,2382.60009765625,2315.0,2326.39990234375,2410
2026-06-25 13:15:00,2331.5,2359.0,2310.0,2334.39990234375,7327
2026-06-29 09:15:00,2304.5,2321.89990234375,2290.0,2313.5,4596
2026-06-29 13:15:00,2313.199951171875,2319.89990234375,2260.10009765625,2274.0,8612
2026-06-30 09:15:00,2274.0,2320.0,2274.0,2282.60009765625,2164
2026-06-30 13:15:00,2275.10009765625,2318.39990234375,2275.0,2297.800048828125,5863
2026-07-01 09:15:00,2284.89990234375,2309.89990234375,2275.0,2303.0,4354
2026-07-01 13:15:00,2303.0,2303.0,2289.0,2297.5,3415
2026-07-02 09:15:00,2295.10009765625,2350.0,2295.10009765625,2336.5,7116
2026-07-02 13:15:00,2340.800048828125,2345.5,2335.0,2341.300048828125,2917
2026-07-03 09:15:00,2360.0,2373.800048828125,2317.0,2325.5,5488
2026-07-03 13:15:00,2317.0,2320.0,2286.0,2295.699951171875,5487
2026-07-06 09:15:00,2298.0,2305.0,2263.0,2271.10009765625,6473
2026-07-06 13:15:00,2272.39990234375,2299.0,2262.199951171875,2285.10009765625,7042
2026-07-07 09:15:00,2285.0,2299.0,2251.199951171875,2260.0,4262
2026-07-07 13:15:00,2260.0,2282.699951171875,2257.800048828125,2272.800048828125,4688
2026-07-08 09:15:00,2250.0,2280.800048828125,2233.89990234375,2259.60009765625,5379
2026-07-08 13:15:00,2259.60009765625,2268.0,2200.699951171875,2204.5,9280
2026-07-09 09:15:00,2205.0,2271.0,2205.0,2259.60009765625,7339
2026-07-09 13:15:00,2255.89990234375,2289.699951171875,2242.10009765625,2276.5,6900
2026-07-10 09:15:00,2298.89990234375,2307.0,2265.0,2298.10009765625,11508
2026-07-10 13:15:00,2303.89990234375,2303.89990234375,2265.0,2271.300048828125,11874
2026-07-13 09:15:00,2265.0,2310.0,2246.699951171875,2298.60009765625,4595
2026-07-13 13:15:00,2293.0,2334.0,2291.89990234375,2317.39990234375,10380
2026-07-14 09:15:00,2315.199951171875,2315.199951171875,2255.0,2274.199951171875,8627
2026-07-14 13:15:00,2272.10009765625,2295.0,2251.0,2264.300048828125,9674
2026-07-15 09:15:00,2264.0,2322.800048828125,2257.300048828125,2272.0,37076
2026-07-15 13:15:00,2269.800048828125,2281.89990234375,2232.60009765625,2248.300048828125,6356
2026-07-16 09:15:00,2241.10009765625,2260.199951171875,2216.199951171875,2220.5,18790
2026-07-16 13:15:00,2224.10009765625,2230.0,2213.300048828125,2226.89990234375,6976
2026-07-17 09:15:00,2222.0,2226.5,2188.89990234375,2212.10009765625,4579
2026-07-17 13:15:00,2210.60009765625,2246.0,2200.0,2240.10009765625,13540
2026-07-20 09:15:00,2260.5,2311.10009765625,2260.5,2297.699951171875,85355
2026-07-20 13:15:00,2305.0,2376.10009765625,2297.10009765625,2365.10009765625,110124
2026-07-21 09:15:00,2388.0,2518.0,2385.800048828125,2455.0,147643
2026-07-21 13:15:00,2456.39990234375,2473.800048828125,2430.0,2437.0,69413
2026-07-22 09:15:00,2456.800048828125,2456.800048828125,2385.0,2407.699951171875,18907
2026-07-22 13:15:00,2405.0,2442.0,2403.300048828125,2431.89990234375,19729
2026-07-23 09:15:00,2431.0,2497.300048828125,2398.5,2482.0,45181
2026-07-23 13:15:00,2485.699951171875,2525.0,2430.0,2432.800048828125,37996
2026-07-24 09:15:00,2433.0,2494.300048828125,2404.39990234375,2470.199951171875,22587
2026-07-24 13:15:00,2470.39990234375,2486.39990234375,2448.199951171875,2455.0,24811
2026-07-27 09:15:00,2478.199951171875,2514.39990234375,2463.800048828125,2481.800048828125,11411
2026-07-27 13:15:00,2485.10009765625,2493.699951171875,2468.300048828125,2475.10009765625,11572
2026-07-28 09:15:00,2486.5,2519.0,2456.0,2460.0,16246
2026-07-28 13:15:00,2458.199951171875,2471.89990234375,2425.60009765625,2441.60009765625,12761
2026-07-29 09:15:00,2469.0,2496.199951171875,2425.0,2471.89990234375,10582
2026-07-29 13:15:00,2470.60009765625,2490.800048828125,2469.300048828125,2482.5,17492
2026-07-30 09:15:00,2472.5,2480.0,2426.10009765625,2426.10009765625,12184
2026-07-30 13:15:00,2432.5,2480.0,2430.0,2430.0,8387
2026-07-31 09:15:00,2455.60009765625,2545.39990234375,2448.10009765625,2529.60009765625,9870
2026-07-31 13:15:00,2522.10009765625,2525.0,2466.39990234375,2476.5,17579
2026-08-03 09:15:00,2507.0,2557.60009765625,2480.0,2490.0,21103
2026-08-03 13:15:00,2486.300048828125,2508.199951171875,2479.0,2487.300048828125,15498
2026-08-04 09:15:00,2495.0,2651.89990234375,2495.0,2549.89990234375,373083
2026-08-04 13:15:00,2549.89990234375,2559.0,2475.10009765625,2488.60009765625,253001
2026-08-05 09:15:00,2520.0,2539.0,2490.300048828125,2499.699951171875,34323
2026-08-05 13:15:00,2500.0,2503.0,2472.0,2474.0,37036
2026-08-06 09:15:00,2440.0,2440.0,2293.60009765625,2297.39990234375,86914
2026-08-06 13:15:00,2297.39990234375,2299.89990234375,2245.0,2273.0,118283
2026-08-07 09:15:00,2270.0,2324.39990234375,2270.0,2284.39990234375,24106
2026-08-07 13:15:00,2282.0,2284.60009765625,2244.39990234375,2251.0,31659
