Datetime,Open,High,Low,Close,Volume
2023-08-28 09:15:00,901.9500122070312,912.4000244140625,898.2000122070312,905.2000122070312,23830
2023-08-28 13:15:00,905.5999755859375,908.4500122070312,895.7000122070312,899.0,20273
2023-08-29 09:15:00,905.25,906.3499755859375,899.7000122070312,900.7999877929688,18976
2023-08-29 13:15:00,900.7999877929688,904.5499877929688,898.5999755859375,901.0499877929688,13287
2023-08-30 09:15:00,906.9000244140625,928.0,906.2000122070312,928.0,59880
2023-08-30 13:15:00,927.4500122070312,944.7999877929688,927.4000244140625,938.2999877929688,68288
2023-08-31 09:15:00,940.9000244140625,993.0,930.3499755859375,973.7000122070312,171153
2023-08-31 13:15:00,974.4000244140625,974.75,905.3499755859375,935.2999877929688,245422
2023-09-01 09:15:00,942.9500122070312,967.9000244140625,938.75,966.5499877929688,57231
2023-09-01 13:15:00,967.3499755859375,977.0,960.0,963.0499877929688,54145
2023-09-04 09:15:00,974.9500122070312,978.2000122070312,942.0999755859375,947.3499755859375,21694
2023-09-04 13:15:00,947.3499755859375,949.9000244140625,941.5,944.6500244140625,40472
2023-09-05 09:15:00,950.0,967.0,942.5499877929688,960.0,249790
2023-09-05 13:15:00,960.25,991.0,952.75,985.0,92572
2023-09-06 09:15:00,978.1500244140625,984.2000122070312,952.5999755859375,957.1500244140625,108916
2023-09-06 13:15:00,957.2000122070312,960.25,953.0499877929688,953.3499755859375,59879
2023-09-07 09:15:00,963.0,989.0,954.0,977.25,179495
2023-09-07 13:15:00,977.25,986.2000122070312,974.0499877929688,977.9500122070312,63344
2023-09-08 09:15:00,982.0,982.75,961.4500122070312,970.9500122070312,28772
2023-09-08 13:15:00,970.9500122070312,1024.949951171875,970.9500122070312,981.4000244140625,247007
2023-09-11 09:15:00,982.0499877929688,985.9500122070312,962.0,969.9500122070312,162125
2023-09-11 13:15:00,969.9500122070312,972.5499877929688,965.5,969.0,159489
2023-09-12 09:15:00,966.1500244140625,975.5999755859375,950.4000244140625,969.6500244140625,110211
2023-09-12 13:15:00,969.6500244140625,975.9500122070312,963.1500244140625,968.75,153610
2023-09-13 09:15:00,975.0,976.6500244140625,946.7999877929688,970.25,35469
2023-09-13 13:15:00,969.7000122070312,984.5499877929688,967.6500244140625,975.5999755859375,51278
2023-09-14 09:15:00,975.5999755859375,982.5499877929688,964.75,979.0999755859375,85893
2023-09-14 13:15:00,978.2000122070312,984.5999755859375,974.0499877929688,978.5,36167
2023-09-15 09:15:00,977.0,997.8499755859375,971.8499755859375,988.4500122070312,228066
2023-09-15 13:15:00,988.0,988.5999755859375,978.6500244140625,985.0,152170
2023-09-18 09:15:00,987.9000244140625,994.2000122070312,981.0,983.0499877929688,44559
2023-09-18 13:15:00,983.0499877929688,984.5,972.9500122070312,975.0,13672
2023-09-20 09:15:00,972.4000244140625,985.4500122070312,966.0,978.9000244140625,29077
2023-09-20 13:15:00,979.4000244140625,980.5999755859375,957.7999877929688,967.7999877929688,21109
2023-09-21 09:15:00,967.7999877929688,972.4500122070312,955.3499755859375,959.8499755859375,15929
2023-09-21 13:15:00,959.75,960.7999877929688,946.0499877929688,947.5999755859375,29453
2023-09-22 09:15:00,947.5999755859375,970.7000122070312,946.0,959.4000244140625,36839
2023-09-22 13:15:00,958.5499877929688,963.0,947.5999755859375,955.5499877929688,12786
2023-09-25 09:15:00,954.75,973.9000244140625,949.3499755859375,965.0499877929688,256713
2023-09-25 13:15:00,965.3499755859375,983.9000244140625,953.9000244140625,982.2000122070312,72194
2023-09-26 09:15:00,986.9500122070312,986.9500122070312,961.4000244140625,965.0499877929688,61317
2023-09-26 13:15:00,965.7000122070312,992.5499877929688,965.0,992.4000244140625,74687
2023-09-27 09:15:00,992.9500122070312,992.9500122070312,976.2999877929688,979.8499755859375,245056
2023-09-27 13:15:00,979.9500122070312,982.9000244140625,964.5499877929688,969.25,138825
2023-09-28 09:15:00,969.25,975.7000122070312,956.25,957.0,10295
2023-09-28 13:15:00,956.8499755859375,965.0,955.4500122070312,960.9500122070312,11844
2023-09-29 09:15:00,967.5,969.5999755859375,950.7999877929688,954.9000244140625,17100
2023-09-29 13:15:00,954.9000244140625,956.0999755859375,923.3499755859375,932.0,155421
2023-10-03 09:15:00,953.0,964.7000122070312,933.6500244140625,961.5,47571
2023-10-03 13:15:00,961.5,974.0,956.0,964.0,43705
2023-10-04 09:15:00,966.9000244140625,968.2999877929688,950.2000122070312,957.5499877929688,108736
2023-10-04 13:15:00,957.6500244140625,960.0,955.0,955.0,24119
2023-10-05 09:15:00,961.6500244140625,964.4500122070312,950.9000244140625,953.4500122070312,10680
2023-10-05 13:15:00,952.9500122070312,955.1500244140625,941.2000122070312,948.0,13013
2023-10-06 09:15:00,951.4000244140625,958.7999877929688,945.0,957.9000244140625,39111
2023-10-06 13:15:00,957.9000244140625,962.0,945.6500244140625,961.9500122070312,52468
2023-10-09 09:15:00,942.0999755859375,947.5999755859375,933.5,944.9000244140625,121978
2023-10-09 13:15:00,944.9000244140625,948.0999755859375,926.25,927.0499877929688,42841
2023-10-10 09:15:00,936.0999755859375,947.9500122070312,934.4500122070312,940.5999755859375,27206
2023-10-10 13:15:00,940.75,943.4000244140625,936.5499877929688,938.0999755859375,42564
2023-10-11 09:15:00,952.0499877929688,952.0499877929688,927.0,929.75,24105
2023-10-11 13:15:00,929.75,930.0999755859375,927.0,928.5,17240
2023-10-12 09:15:00,933.0,936.9500122070312,916.0999755859375,928.0,75077
2023-10-12 13:15:00,928.5999755859375,939.0,928.5999755859375,936.7000122070312,25763
2023-10-13 09:15:00,945.0,945.0,927.0,931.0,10749
2023-10-13 13:15:00,931.5,937.9500122070312,930.3499755859375,936.5499877929688,45382
2023-10-16 09:15:00,933.7999877929688,939.9500122070312,928.4500122070312,930.5499877929688,76319
2023-10-16 13:15:00,930.4500122070312,939.9000244140625,930.0499877929688,938.1500244140625,29256
2023-10-17 09:15:00,940.0499877929688,946.6500244140625,935.5,942.2999877929688,13135
2023-10-17 13:15:00,942.9500122070312,949.7999877929688,933.0999755859375,939.5,151738
2023-10-18 09:15:00,939.7000122070312,945.9500122070312,928.0,933.9000244140625,16460
2023-10-18 13:15:00,933.7999877929688,937.7000122070312,929.1500244140625,930.0999755859375,24282
2023-10-19 09:15:00,934.0499877929688,937.5,928.0,935.5,6957
2023-10-19 13:15:00,936.0,943.25,932.7999877929688,943.0,12482
2023-10-20 09:15:00,935.0,944.8499755859375,925.0,932.6500244140625,21450
2023-10-20 13:15:00,933.2000122070312,937.7999877929688,931.0,935.0,12993
2023-10-23 09:15:00,939.5999755859375,939.5999755859375,906.2999877929688,907.25,231567
2023-10-23 13:15:00,908.4500122070312,925.7000122070312,906.0499877929688,918.0,60204
2023-10-25 09:15:00,923.0,924.0999755859375,898.5499877929688,904.5,130687
2023-10-25 13:15:00,905.1500244140625,907.8499755859375,893.2999877929688,894.0,83583
2023-10-26 09:15:00,894.8499755859375,897.7999877929688,851.0999755859375,864.0499877929688,69394
2023-10-26 13:15:00,864.0,896.0,855.3499755859375,873.9500122070312,339921
2023-10-27 09:15:00,857.5,857.5,818.0,830.0,369182
2023-10-27 13:15:00,830.0,831.1500244140625,812.5,815.75,602510
2023-10-30 09:15:00,831.5,831.5,806.4000244140625,810.9500122070312,70696
2023-10-30 13:15:00,811.0,813.0499877929688,806.0,810.0,221127
2023-10-31 09:15:00,810.25,819.0499877929688,786.75,799.0,256679
2023-10-31 13:15:00,799.0,802.2999877929688,790.4000244140625,794.9000244140625,101515
2023-11-01 09:15:00,799.9500122070312,806.9500122070312,793.1500244140625,804.0999755859375,80623
2023-11-01 13:15:00,804.75,811.0,800.0,805.0499877929688,186312
2023-11-02 09:15:00,818.2000122070312,818.2000122070312,799.1500244140625,801.0999755859375,175628
2023-11-02 13:15:00,801.0999755859375,818.0,800.4000244140625,812.7999877929688,107504
2023-11-03 09:15:00,813.1500244140625,818.0,803.0499877929688,810.0999755859375,92573
2023-11-03 13:15:00,811.0,826.5999755859375,810.0,820.3499755859375,65331
2023-11-06 09:15:00,819.0,826.8499755859375,815.1500244140625,826.8499755859375,21074
2023-11-06 13:15:00,826.4500122070312,836.0,825.9000244140625,827.0,32004
2023-11-07 09:15:00,836.8499755859375,836.8499755859375,807.2999877929688,821.4500122070312,363824
2023-11-07 13:15:00,821.4500122070312,831.5,821.0,828.25,60056
2023-11-08 09:15:00,837.25,837.25,814.0,814.5,149035
2023-11-08 13:15:00,814.5,823.8499755859375,812.0,814.5999755859375,96242
2023-11-09 09:15:00,820.0,820.0,806.2000122070312,808.75,114552
2023-11-09 13:15:00,808.75,815.0,807.5,810.4000244140625,113061
2023-11-10 09:15:00,810.0,817.7000122070312,802.5999755859375,815.75,37934
2023-11-10 13:15:00,815.75,825.0,813.5,818.4000244140625,55560
2023-11-13 09:15:00,826.0,828.0,818.0,825.0999755859375,41778
2023-11-13 13:15:00,825.0999755859375,827.5,824.9500122070312,825.2000122070312,19599
2023-11-15 09:15:00,833.5999755859375,872.0,824.1500244140625,854.9000244140625,183625
2023-11-15 13:15:00,854.9500122070312,856.0,844.5,850.0,66225
2023-11-16 09:15:00,847.0,851.75,837.5499877929688,840.9000244140625,20612
2023-11-16 13:15:00,840.8499755859375,851.0499877929688,837.2999877929688,840.0,49927
2023-11-17 09:15:00,849.5999755859375,859.9500122070312,843.9000244140625,857.9500122070312,32877
2023-11-17 13:15:00,858.2999877929688,880.2999877929688,854.7000122070312,862.0,72022
2023-11-20 09:15:00,872.0999755859375,876.0,860.0,875.0,126985
2023-11-20 13:15:00,875.0,882.0499877929688,874.1500244140625,881.9500122070312,120560
2023-11-21 09:15:00,880.0,880.0,862.5999755859375,867.25,32266
2023-11-21 13:15:00,868.0499877929688,875.5,868.0,871.2999877929688,116126
2023-11-22 09:15:00,879.9500122070312,879.9500122070312,867.9000244140625,873.0,10129
2023-11-22 13:15:00,873.0,873.9500122070312,867.0,870.7999877929688,9541
2023-11-23 09:15:00,872.0,875.9000244140625,870.0,873.0,5483
2023-11-23 13:15:00,873.0,879.2999877929688,862.1500244140625,872.7999877929688,10524
2023-11-24 09:15:00,875.25,879.9500122070312,866.2999877929688,868.25,24475
2023-11-24 13:15:00,868.2999877929688,870.0499877929688,863.2999877929688,869.7000122070312,42038
2023-11-28 09:15:00,871.9000244140625,892.25,866.5499877929688,890.0,70844
2023-11-28 13:15:00,890.0,890.0,885.25,886.0,57042
2023-11-29 09:15:00,894.0,896.0,883.4500122070312,885.0,40953
2023-11-29 13:15:00,885.0,889.8499755859375,878.25,879.9500122070312,42116
2023-11-30 09:15:00,884.9500122070312,888.2000122070312,878.2999877929688,884.0,16891
2023-11-30 13:15:00,884.0,904.0,881.75,904.0,62666
2023-12-01 09:15:00,906.9500122070312,919.7999877929688,892.7999877929688,895.0,28989
2023-12-01 13:15:00,895.0,899.75,886.0,891.0,47439
2023-12-04 09:15:00,927.4000244140625,927.4000244140625,872.5,874.9500122070312,69356
2023-12-04 13:15:00,874.6500244140625,875.0,864.3499755859375,871.0499877929688,105201
2023-12-05 09:15:00,871.0,875.5,863.7999877929688,865.0,23481
2023-12-05 13:15:00,865.0,866.4000244140625,861.25,863.0,41521
2023-12-06 09:15:00,870.0,874.9500122070312,861.25,865.0,24780
2023-12-06 13:15:00,865.0,873.0,865.0,867.8499755859375,29360
2023-12-07 09:15:00,870.0999755859375,881.5,863.9000244140625,872.7999877929688,29594
2023-12-07 13:15:00,872.8499755859375,878.0,859.5499877929688,860.4000244140625,92271
2023-12-08 09:15:00,863.0,877.9500122070312,863.0,869.3499755859375,50968
2023-12-08 13:15:00,868.7999877929688,870.4500122070312,861.7000122070312,866.75,20244
2023-12-11 09:15:00,870.0,870.0,852.5499877929688,853.7999877929688,13090
2023-12-11 13:15:00,853.75,854.7000122070312,845.0499877929688,850.0,251540
2023-12-12 09:15:00,852.0,855.0,839.0,841.3499755859375,270381
2023-12-12 13:15:00,841.3499755859375,845.0,839.1500244140625,843.8499755859375,37905
2023-12-13 09:15:00,850.0,864.7999877929688,843.5499877929688,858.9500122070312,377114
2023-12-13 13:15:00,859.4500122070312,859.6500244140625,849.0,854.5999755859375,20021
2023-12-14 09:15:00,854.75,856.7000122070312,832.25,837.8499755859375,64713
2023-12-14 13:15:00,837.8499755859375,840.4000244140625,833.3499755859375,836.0,123997
2023-12-15 09:15:00,839.5499877929688,853.9000244140625,835.4500122070312,851.9500122070312,235814
2023-12-15 13:15:00,852.0,855.0,844.2000122070312,845.1500244140625,90907
2023-12-18 09:15:00,850.9500122070312,850.9500122070312,838.0999755859375,839.0499877929688,17704
2023-12-18 13:15:00,839.0499877929688,841.9500122070312,828.0,832.0499877929688,57068
2023-12-19 09:15:00,835.7999877929688,839.8499755859375,819.0,823.0999755859375,66129
2023-12-19 13:15:00,823.8499755859375,831.0499877929688,822.0,826.6500244140625,203181
2023-12-20 09:15:00,828.0,833.7000122070312,809.2999877929688,811.25,149852
2023-12-20 13:15:00,811.6500244140625,816.8499755859375,801.5,805.5999755859375,113328
2023-12-21 09:15:00,804.3499755859375,820.0,800.0,814.2000122070312,27008
2023-12-21 13:15:00,814.4000244140625,819.0,809.0,819.0,15069
2023-12-22 09:15:00,820.0,827.6500244140625,814.4500122070312,822.2999877929688,37618
2023-12-22 13:15:00,822.2999877929688,823.9500122070312,813.6500244140625,821.0,161768
2023-12-26 09:15:00,822.5,829.2000122070312,816.2000122070312,819.4000244140625,146988
2023-12-26 13:15:00,819.4000244140625,827.9500122070312,817.0999755859375,822.0999755859375,32367
2023-12-27 09:15:00,822.9000244140625,831.7000122070312,808.5999755859375,810.1500244140625,34002
2023-12-27 13:15:00,810.4500122070312,810.9500122070312,802.0499877929688,803.0,61660
2023-12-28 09:15:00,804.9500122070312,824.0,796.0499877929688,821.7999877929688,516805
2023-12-28 13:15:00,821.3499755859375,822.0499877929688,806.5,819.0,159271
2023-12-29 09:15:00,823.5,829.0,810.5499877929688,815.7999877929688,59831
2023-12-29 13:15:00,815.7999877929688,819.0999755859375,811.2000122070312,812.0,97074
2024-01-01 09:15:00,821.9500122070312,822.5499877929688,813.7000122070312,817.5499877929688,14362
2024-01-01 13:15:00,817.5499877929688,821.0,816.4500122070312,819.2000122070312,19911
2024-01-02 09:15:00,815.0499877929688,823.0,811.7999877929688,823.0,19175
2024-01-02 13:15:00,823.0,825.9500122070312,818.0,823.9500122070312,34520
2024-01-03 09:15:00,823.9500122070312,826.5499877929688,818.4500122070312,821.6500244140625,21950
2024-01-03 13:15:00,821.5999755859375,822.5499877929688,812.7000122070312,815.0,24069
2024-01-04 09:15:00,824.0,831.0,814.4500122070312,819.0,70181
2024-01-04 13:15:00,818.0,818.7000122070312,812.7000122070312,817.7999877929688,101120
2024-01-05 09:15:00,820.2999877929688,823.9500122070312,818.0999755859375,821.9000244140625,12111
2024-01-05 13:15:00,821.0999755859375,825.0,818.0,823.0,30082
2024-01-08 09:15:00,823.9500122070312,833.7999877929688,823.0999755859375,830.4500122070312,43803
2024-01-08 13:15:00,830.5999755859375,830.7000122070312,815.0,827.7999877929688,39556
2024-01-09 09:15:00,825.7999877929688,831.0,817.5,818.6500244140625,27092
2024-01-09 13:15:00,819.4500122070312,821.2999877929688,815.0,816.0,25833
2024-01-10 09:15:00,819.7000122070312,820.0,806.5999755859375,813.5999755859375,75818
2024-01-10 13:15:00,813.6500244140625,819.0,810.2000122070312,815.0,23489
2024-01-11 09:15:00,818.5999755859375,824.1500244140625,817.1500244140625,821.5999755859375,6598
2024-01-11 13:15:00,822.2999877929688,822.2999877929688,808.75,815.0499877929688,77455
2024-01-12 09:15:00,814.7000122070312,832.0999755859375,814.6500244140625,827.7000122070312,33591
2024-01-12 13:15:00,827.5,831.4000244140625,813.5499877929688,831.4000244140625,24385
2024-01-15 09:15:00,831.5999755859375,837.8499755859375,828.9500122070312,834.0499877929688,16328
2024-01-15 13:15:00,835.9500122070312,843.9000244140625,833.1500244140625,843.0,45164
2024-01-16 09:15:00,842.9500122070312,856.9500122070312,841.2000122070312,852.2999877929688,40041
2024-01-16 13:15:00,851.5999755859375,868.7999877929688,850.0,868.0,138507
2024-01-17 09:15:00,867.0,867.0,845.0,858.7999877929688,28830
2024-01-17 13:15:00,858.75,862.75,858.0,861.5499877929688,31106
2024-01-18 09:15:00,858.9000244140625,858.9000244140625,824.7000122070312,852.5499877929688,21804
2024-01-18 13:15:00,853.5,857.25,845.0,849.75,24188
2024-01-19 09:15:00,851.7000122070312,855.4000244140625,840.5,843.5,12916
2024-01-19 13:15:00,844.25,850.0499877929688,840.0499877929688,846.0,130059
2024-01-23 09:15:00,840.0499877929688,851.5499877929688,829.9000244140625,830.0,23983
2024-01-23 13:15:00,830.4000244140625,831.7000122070312,813.0,829.0,34186
2024-01-24 09:15:00,829.1500244140625,831.7999877929688,813.2999877929688,831.2000122070312,82705
2024-01-24 13:15:00,831.3499755859375,839.0,825.25,832.6500244140625,47953
2024-01-25 09:15:00,834.9000244140625,834.9000244140625,823.3499755859375,832.0,15614
2024-01-25 13:15:00,831.25,832.0,821.5999755859375,822.5999755859375,18069
2024-01-29 09:15:00,833.5999755859375,833.5999755859375,809.0,815.0,76141
2024-01-29 13:15:00,815.0,816.7999877929688,815.0,815.9500122070312,58100
2024-01-30 09:15:00,818.2000122070312,825.75,815.0,816.75,17653
2024-01-30 13:15:00,816.5,823.2999877929688,814.0,815.9500122070312,26941
2024-01-31 09:15:00,824.9500122070312,830.7999877929688,815.0,819.0,34505
2024-01-31 13:15:00,819.2999877929688,838.0,818.6500244140625,838.0,93686
2024-02-01 09:15:00,805.0,838.3499755859375,805.0,829.9500122070312,549358
2024-02-01 13:15:00,830.0,831.0,825.2999877929688,828.0,86601
2024-02-02 09:15:00,844.4500122070312,856.6500244140625,834.25,846.3499755859375,137892
2024-02-02 13:15:00,845.75,849.2000122070312,836.5499877929688,846.6500244140625,39677
2024-02-05 09:15:00,852.9500122070312,852.9500122070312,832.2999877929688,838.5999755859375,15572
2024-02-05 13:15:00,838.5999755859375,843.6500244140625,830.6500244140625,836.0,18753
2024-02-06 09:15:00,840.2000122070312,844.3499755859375,819.5999755859375,825.6500244140625,52774
2024-02-06 13:15:00,824.9500122070312,832.3499755859375,822.2000122070312,823.0,25790
2024-02-07 09:15:00,833.2000122070312,837.3499755859375,813.4000244140625,817.6500244140625,26182
2024-02-07 13:15:00,815.5499877929688,817.5499877929688,810.7999877929688,811.5999755859375,19465
2024-02-08 09:15:00,814.2000122070312,820.7000122070312,808.0,811.0499877929688,90136
2024-02-08 13:15:00,811.0499877929688,811.0499877929688,790.0,796.1500244140625,31348
2024-02-09 09:15:00,799.0,800.5,780.0,784.9500122070312,53511
2024-02-09 13:15:00,784.9500122070312,789.0999755859375,773.7999877929688,780.7000122070312,30343
2024-02-12 09:15:00,782.0,785.0499877929688,756.9500122070312,766.5999755859375,39945
2024-02-12 13:15:00,766.5999755859375,788.5999755859375,765.1500244140625,781.7000122070312,53207
2024-02-13 09:15:00,786.9500122070312,798.3499755859375,767.4000244140625,796.9500122070312,24468
2024-02-13 13:15:00,797.0,818.2999877929688,795.5999755859375,814.2000122070312,38959
2024-02-14 09:15:00,807.6500244140625,824.4500122070312,799.0,817.0,54132
2024-02-14 13:15:00,817.0,826.0,813.7999877929688,824.9500122070312,19652
2024-02-15 09:15:00,820.0,825.5499877929688,813.9500122070312,820.0,12815
2024-02-15 13:15:00,820.0,821.0,810.2000122070312,816.2000122070312,6503
2024-02-16 09:15:00,818.6500244140625,827.75,816.75,824.4000244140625,76651
2024-02-16 13:15:00,824.4000244140625,828.9000244140625,819.2999877929688,824.8499755859375,73184
2024-02-19 09:15:00,826.0,829.8499755859375,820.0499877929688,823.9000244140625,9685
2024-02-19 13:15:00,823.7000122070312,826.8499755859375,815.2000122070312,817.0,9898
2024-02-20 09:15:00,819.9500122070312,824.5,806.5999755859375,809.7999877929688,20363
2024-02-20 13:15:00,809.2000122070312,816.0,800.2000122070312,803.9500122070312,14802
2024-02-21 09:15:00,808.75,825.0,805.5499877929688,822.4000244140625,22952
2024-02-21 13:15:00,822.3499755859375,825.0,820.0,822.75,13481
2024-02-22 09:15:00,829.0,830.7999877929688,820.4500122070312,822.7999877929688,12039
2024-02-22 13:15:00,822.75,825.7999877929688,806.9000244140625,813.0,23086
2024-02-23 09:15:00,801.0,804.0,793.8499755859375,799.5499877929688,50971
2024-02-23 13:15:00,799.5,800.0,788.0,793.9000244140625,60336
2024-02-26 09:15:00,782.0,792.9000244140625,778.0,783.0,98960
2024-02-26 13:15:00,783.0,818.25,781.0,807.7999877929688,75668
2024-02-27 09:15:00,800.5999755859375,801.4000244140625,792.0,794.25,9803
2024-02-27 13:15:00,793.5999755859375,802.6500244140625,756.5999755859375,790.0499877929688,516762
2024-02-28 09:15:00,790.0999755859375,794.7999877929688,765.9000244140625,765.9000244140625,42318
2024-02-28 13:15:00,765.7000122070312,767.3499755859375,744.0499877929688,749.75,108639
2024-02-29 09:15:00,751.0999755859375,757.0,728.1500244140625,746.1500244140625,113445
2024-02-29 13:15:00,745.9000244140625,755.5999755859375,740.5499877929688,753.0,87474
2024-03-01 09:15:00,751.0999755859375,755.5,737.8499755859375,739.7999877929688,243068
2024-03-01 13:15:00,740.25,744.0499877929688,725.5499877929688,728.6500244140625,90203
2024-03-04 09:15:00,754.9500122070312,754.9500122070312,735.4000244140625,742.2000122070312,42698
2024-03-04 13:15:00,742.2000122070312,743.2999877929688,730.7999877929688,730.7999877929688,231846
2024-03-05 09:15:00,737.0499877929688,744.75,729.75,730.2999877929688,25549
2024-03-05 13:15:00,730.3499755859375,804.9000244140625,722.5499877929688,785.5499877929688,1639686
2024-03-06 09:15:00,776.0999755859375,787.7999877929688,763.2000122070312,768.2999877929688,72875
2024-03-06 13:15:00,768.2999877929688,780.5,764.7000122070312,768.8499755859375,362821
2024-03-07 09:15:00,765.7000122070312,770.0499877929688,759.9500122070312,763.1500244140625,25575
2024-03-07 13:15:00,763.9000244140625,766.9500122070312,755.0499877929688,759.4500122070312,72968
2024-03-11 09:15:00,760.0,773.4500122070312,754.0499877929688,754.0499877929688,73012
2024-03-11 13:15:00,754.5499877929688,755.25,744.1500244140625,747.0,10502
2024-03-12 09:15:00,747.0,751.0,740.0,744.6500244140625,10441
2024-03-12 13:15:00,744.5999755859375,755.2000122070312,742.6500244140625,749.0,20903
2024-03-13 09:15:00,745.7000122070312,745.9000244140625,717.5499877929688,724.6500244140625,40376
2024-03-13 13:15:00,724.7000122070312,728.5999755859375,712.4000244140625,715.7999877929688,38179
2024-03-14 09:15:00,714.2999877929688,757.0999755859375,708.9500122070312,737.25,84304
2024-03-14 13:15:00,738.0999755859375,758.3499755859375,730.25,739.7999877929688,62068
2024-03-15 09:15:00,726.6500244140625,737.4500122070312,722.0,725.5499877929688,19703
2024-03-15 13:15:00,725.4000244140625,742.0,724.2000122070312,740.25,46746
2024-03-18 09:15:00,730.0999755859375,739.75,726.0499877929688,737.0999755859375,19274
2024-03-18 13:15:00,737.0999755859375,742.4000244140625,735.8499755859375,740.25,19355
2024-03-19 09:15:00,739.9500122070312,739.9500122070312,730.0499877929688,731.2999877929688,6979
2024-03-19 13:15:00,732.5,734.8499755859375,725.2999877929688,730.7000122070312,9472
2024-03-20 09:15:00,730.0499877929688,748.75,724.4500122070312,745.25,242932
2024-03-20 13:15:00,745.8499755859375,748.7000122070312,735.2999877929688,742.4000244140625,26209
2024-03-21 09:15:00,746.0,746.0,737.2000122070312,741.0,22561
2024-03-21 13:15:00,741.0,746.0,741.0,745.0,21039
2024-03-22 09:15:00,746.9500122070312,761.7999877929688,746.9500122070312,756.4000244140625,13697
2024-03-22 13:15:00,756.4000244140625,766.0,753.5499877929688,761.0999755859375,21526
2024-03-26 09:15:00,763.7000122070312,767.4500122070312,755.0999755859375,757.0499877929688,14862
2024-03-26 13:15:00,758.0999755859375,759.5,754.8499755859375,755.6500244140625,16889
2024-03-27 09:15:00,758.7000122070312,769.4000244140625,756.5499877929688,766.0,15605
2024-03-27 13:15:00,767.75,789.4000244140625,766.8499755859375,781.0,52836
2024-03-28 09:15:00,784.5,823.4000244140625,781.0,800.0,65513
2024-03-28 13:15:00,800.0,813.5499877929688,795.0,804.4500122070312,32156
2024-04-01 09:15:00,800.0499877929688,823.0,800.0499877929688,807.2999877929688,545932
2024-04-01 13:15:00,805.9000244140625,808.5,799.0,803.9500122070312,30507
2024-04-02 09:15:00,795.5999755859375,811.9500122070312,795.5999755859375,807.4500122070312,12049
2024-04-02 13:15:00,807.4500122070312,807.7000122070312,801.1500244140625,803.6500244140625,12908
2024-04-03 09:15:00,807.9000244140625,820.2999877929688,803.5999755859375,812.75,801781
2024-04-03 13:15:00,812.5999755859375,814.0,800.1500244140625,809.1500244140625,20834
2024-04-04 09:15:00,813.4000244140625,815.0499877929688,806.0,808.0,91249
2024-04-04 13:15:00,808.0,811.8499755859375,803.25,810.25,23964
2024-04-05 09:15:00,817.0,829.6500244140625,808.0499877929688,812.0499877929688,76519
2024-04-05 13:15:00,812.0499877929688,814.7999877929688,809.0999755859375,810.0,25809
2024-04-08 09:15:00,810.0,821.0,810.0,819.7999877929688,185910
2024-04-08 13:15:00,820.1500244140625,825.0,816.0,821.5499877929688,14309
2024-04-09 09:15:00,815.1500244140625,826.7000122070312,808.7000122070312,810.0,23539
2024-04-09 13:15:00,809.25,814.0,803.2000122070312,810.4500122070312,36889
2024-04-10 09:15:00,814.0,818.7999877929688,802.5499877929688,803.5999755859375,67525
2024-04-10 13:15:00,803.0999755859375,814.75,801.5999755859375,807.8499755859375,15221
2024-04-12 09:15:00,818.8499755859375,819.5,808.5499877929688,814.4500122070312,10747
2024-04-12 13:15:00,814.0999755859375,831.0,812.0999755859375,828.5,287523
2024-04-15 09:15:00,849.0,849.0,809.5999755859375,827.0,102343
2024-04-15 13:15:00,827.0999755859375,835.9500122070312,820.2000122070312,829.0,103567
2024-04-16 09:15:00,821.5,836.8499755859375,818.0,834.0,27424
2024-04-16 13:15:00,834.0999755859375,839.8499755859375,831.0,839.8499755859375,19529
2024-04-18 09:15:00,834.4500122070312,838.9500122070312,822.0499877929688,836.2000122070312,15066
2024-04-18 13:15:00,835.5499877929688,843.1500244140625,819.5,825.5999755859375,24264
2024-04-19 09:15:00,823.3499755859375,829.6500244140625,809.0,810.9000244140625,22758
2024-04-19 13:15:00,810.2999877929688,823.1500244140625,807.0499877929688,813.5499877929688,46037
2024-04-22 09:15:00,817.7999877929688,824.8499755859375,814.25,820.5499877929688,8957
2024-04-22 13:15:00,820.0,823.9500122070312,812.1500244140625,816.2000122070312,20882
2024-04-23 09:15:00,816.5499877929688,827.7000122070312,813.3499755859375,819.8499755859375,8101
2024-04-23 13:15:00,819.7999877929688,821.0,806.0999755859375,815.5499877929688,23156
2024-04-24 09:15:00,816.2000122070312,827.8499755859375,815.5499877929688,818.9500122070312,8812
2024-04-24 13:15:00,819.7000122070312,825.0,817.0,817.0,8936
2024-04-25 09:15:00,821.0499877929688,829.0,812.0999755859375,817.9500122070312,13384
2024-04-25 13:15:00,817.9500122070312,825.0,817.0,822.7999877929688,10631
2024-04-26 09:15:00,825.1500244140625,870.8499755859375,823.1500244140625,858.0,190955
2024-04-26 13:15:00,858.0,895.0999755859375,853.4500122070312,876.2000122070312,324909
2024-04-29 09:15:00,888.0,892.8499755859375,860.5,866.9000244140625,145525
2024-04-29 13:15:00,866.7999877929688,870.2999877929688,856.0499877929688,861.8499755859375,36621
2024-04-30 09:15:00,860.0,864.2000122070312,848.7000122070312,851.2999877929688,13358
2024-04-30 13:15:00,850.75,854.8499755859375,839.75,850.1500244140625,37010
2024-05-02 09:15:00,865.0,865.0,839.0,842.8499755859375,12735
2024-05-02 13:15:00,844.2999877929688,844.5499877929688,829.0,831.4000244140625,37761
2024-05-03 09:15:00,832.2000122070312,854.0,825.9500122070312,847.9000244140625,25829
2024-05-03 13:15:00,847.9000244140625,849.9000244140625,831.5,833.2000122070312,18641
2024-05-06 09:15:00,842.0,858.5,826.25,853.0,17233
2024-05-06 13:15:00,853.0499877929688,856.0,842.75,851.2000122070312,13140
2024-05-07 09:15:00,849.7000122070312,900.0,839.2999877929688,880.0,176362
2024-05-07 13:15:00,880.0,890.4000244140625,879.5499877929688,884.9000244140625,63026
2024-05-08 09:15:00,886.0499877929688,887.0999755859375,866.75,868.3499755859375,42451
2024-05-08 13:15:00,869.1500244140625,873.3499755859375,828.75,866.7000122070312,384140
2024-05-09 09:15:00,841.4000244140625,863.3499755859375,828.7999877929688,848.0,503674
2024-05-09 13:15:00,848.0,851.9000244140625,843.25,849.0,97172
2024-05-10 09:15:00,844.7000122070312,857.7000122070312,829.0,844.0,21630
2024-05-10 13:15:00,843.4500122070312,852.8499755859375,834.2999877929688,837.2999877929688,19687
2024-05-13 09:15:00,842.0,842.5999755859375,822.1500244140625,830.5,70310
2024-05-13 13:15:00,830.5,832.3499755859375,822.0499877929688,827.7999877929688,137433
2024-05-14 09:15:00,830.0,833.0999755859375,825.2999877929688,827.25,13573
2024-05-14 13:15:00,827.9500122070312,844.0,827.5,830.0499877929688,359509
2024-05-15 09:15:00,832.8499755859375,843.9500122070312,832.0,835.0,99822
2024-05-15 13:15:00,835.0,840.5499877929688,832.4000244140625,836.6500244140625,4756
2024-05-16 09:15:00,840.25,845.7999877929688,831.5999755859375,842.0,94646
2024-05-16 13:15:00,842.0,842.0,833.8499755859375,839.5499877929688,8642
2024-05-17 09:15:00,842.0499877929688,843.6500244140625,836.8499755859375,839.5,60798
2024-05-17 13:15:00,839.0499877929688,844.75,838.5499877929688,840.6500244140625,8718
2024-05-21 09:15:00,840.8499755859375,850.0,827.6500244140625,849.0,13598
2024-05-21 13:15:00,849.0,854.7999877929688,845.0,849.3499755859375,19704
2024-05-22 09:15:00,845.0,875.0,845.0,871.0,42330
2024-05-22 13:15:00,870.5,872.0,863.25,866.9000244140625,120114
2024-05-23 09:15:00,881.1500244140625,885.9500122070312,866.2000122070312,867.2000122070312,15632
2024-05-23 13:15:00,866.0,869.0,858.0,864.4500122070312,23452
2024-05-24 09:15:00,864.4500122070312,869.0,858.5499877929688,866.6500244140625,6969
2024-05-24 13:15:00,866.7000122070312,867.3499755859375,860.2000122070312,867.3499755859375,54943
2024-05-27 09:15:00,865.6500244140625,865.6500244140625,850.5499877929688,856.2999877929688,270902
2024-05-27 13:15:00,857.5999755859375,870.0,854.1500244140625,868.7999877929688,43425
2024-05-28 09:15:00,882.0,882.0,851.5999755859375,855.8499755859375,12974
2024-05-28 13:15:00,855.8499755859375,858.2999877929688,846.0,850.7000122070312,8072
2024-05-29 09:15:00,845.2999877929688,850.7000122070312,837.1500244140625,838.5,61233
2024-05-29 13:15:00,838.7999877929688,846.0,832.0,836.0,11905
2024-05-30 09:15:00,840.4000244140625,844.7000122070312,826.3499755859375,842.2000122070312,9424
2024-05-30 13:15:00,842.2000122070312,849.5999755859375,830.6500244140625,844.0499877929688,44867
2024-05-31 09:15:00,857.3499755859375,857.3499755859375,820.0499877929688,830.0499877929688,23024
2024-05-31 13:15:00,830.0,833.7000122070312,826.4000244140625,830.0499877929688,23770
2024-06-03 09:15:00,840.4000244140625,850.0,818.0499877929688,821.75,46048
2024-06-03 13:15:00,821.0999755859375,829.6500244140625,816.6500244140625,819.0999755859375,22013
2024-06-04 09:15:00,817.5,817.5,750.7999877929688,783.5499877929688,19197
2024-06-04 13:15:00,783.5499877929688,807.4000244140625,776.0499877929688,805.5999755859375,13956
2024-06-05 09:15:00,788.6500244140625,792.5999755859375,752.25,772.6500244140625,164850
2024-06-05 13:15:00,772.6500244140625,800.5499877929688,772.0499877929688,790.2000122070312,79293
2024-06-06 09:15:00,795.6500244140625,820.0,792.0499877929688,802.3499755859375,23527
2024-06-06 13:15:00,801.6500244140625,819.5,801.5499877929688,816.0,27387
2024-06-07 09:15:00,815.4500122070312,840.25,806.7000122070312,831.5999755859375,14034
2024-06-07 13:15:00,831.9500122070312,832.0499877929688,816.7000122070312,818.4000244140625,123153
2024-06-10 09:15:00,829.4500122070312,838.3499755859375,814.5,819.9500122070312,14093
2024-06-10 13:15:00,820.0,823.0999755859375,816.6500244140625,819.1500244140625,14294
2024-06-11 09:15:00,819.9000244140625,835.4000244140625,819.3499755859375,826.0499877929688,45942
2024-06-11 13:15:00,826.0499877929688,829.3499755859375,822.0499877929688,825.0,49720
2024-06-12 09:15:00,829.6500244140625,837.5499877929688,828.2999877929688,830.0,11310
2024-06-12 13:15:00,830.0,830.0,817.0,819.2999877929688,23019
2024-06-13 09:15:00,823.5999755859375,823.7999877929688,808.3499755859375,812.7000122070312,13094
2024-06-13 13:15:00,813.4000244140625,813.4000244140625,807.2999877929688,809.5,41555
2024-06-14 09:15:00,813.5,813.5,805.0,807.0,170897
2024-06-14 13:15:00,807.0,807.0,802.1500244140625,804.0,18594
2024-06-18 09:15:00,807.8499755859375,809.9000244140625,793.4000244140625,807.4000244140625,200280
2024-06-18 13:15:00,807.4000244140625,810.4000244140625,804.0499877929688,808.1500244140625,24088
2024-06-19 09:15:00,811.8499755859375,830.0,809.5499877929688,820.0,168109
2024-06-19 13:15:00,820.0,823.0,814.9000244140625,815.25,32841
2024-06-20 09:15:00,815.9500122070312,832.8499755859375,810.7000122070312,826.0499877929688,81774
2024-06-20 13:15:00,825.0,826.1500244140625,818.0,820.0,18416
2024-06-21 09:15:00,825.0,825.0,811.2000122070312,817.2000122070312,62923
2024-06-21 13:15:00,817.0999755859375,825.0,815.7000122070312,820.0999755859375,27761
2024-06-24 09:15:00,820.0499877929688,843.8499755859375,815.5499877929688,835.9500122070312,51764
2024-06-24 13:15:00,836.0,842.25,834.75,840.9500122070312,23382
2024-06-25 09:15:00,841.9500122070312,868.9500122070312,837.5499877929688,865.0,71758
2024-06-25 13:15:00,865.0,886.4000244140625,860.2000122070312,875.0499877929688,210168
2024-06-26 09:15:00,878.0999755859375,896.6500244140625,860.0499877929688,861.6500244140625,47206
2024-06-26 13:15:00,861.6500244140625,863.0,845.0,849.0,53981
2024-06-27 09:15:00,845.0,919.4500122070312,845.0,876.25,413536
2024-06-27 13:15:00,875.6500244140625,878.7000122070312,839.0999755859375,846.9500122070312,222400
2024-06-28 09:15:00,853.75,853.75,822.7000122070312,824.6500244140625,141060
2024-06-28 13:15:00,824.9500122070312,843.0499877929688,822.7000122070312,839.75,112779
2024-07-01 09:15:00,843.4000244140625,848.9500122070312,825.5999755859375,830.3499755859375,20577
2024-07-01 13:15:00,829.75,831.0,821.5999755859375,826.0,25827
2024-07-02 09:15:00,828.6500244140625,832.4500122070312,816.0,827.2999877929688,51253
2024-07-02 13:15:00,827.2999877929688,833.0,822.0,830.2999877929688,33397
2024-07-03 09:15:00,833.2999877929688,836.5,826.0499877929688,833.0,11990
2024-07-03 13:15:00,833.0,837.0,832.0,834.9000244140625,14075
2024-07-04 09:15:00,839.9500122070312,839.9500122070312,828.6500244140625,832.25,13029
2024-07-04 13:15:00,832.0,833.0999755859375,822.0,823.4500122070312,24307
2024-07-05 09:15:00,829.7999877929688,858.0,825.0,850.0,101729
2024-07-05 13:15:00,849.8499755859375,858.0,846.7999877929688,853.5999755859375,31711
2024-07-08 09:15:00,858.0,874.0,850.9000244140625,852.4500122070312,74681
2024-07-08 13:15:00,852.4500122070312,854.6500244140625,833.75,841.5499877929688,88065
2024-07-09 09:15:00,849.4500122070312,857.7999877929688,840.0,845.4000244140625,26550
2024-07-09 13:15:00,844.4500122070312,844.4500122070312,833.7999877929688,835.25,14980
2024-07-10 09:15:00,838.0,849.9000244140625,836.1500244140625,845.25,113593
2024-07-10 13:15:00,845.9000244140625,873.5999755859375,845.0999755859375,854.9000244140625,122015
2024-07-11 09:15:00,859.0,870.0,849.6500244140625,850.1500244140625,32469
2024-07-11 13:15:00,850.6500244140625,853.3499755859375,850.0,850.0999755859375,16550
2024-07-12 09:15:00,857.9500122070312,876.7999877929688,852.0499877929688,854.9500122070312,19526
2024-07-12 13:15:00,854.9500122070312,862.7999877929688,845.0,853.7999877929688,36222
2024-07-15 09:15:00,854.9500122070312,863.0999755859375,850.0,852.5999755859375,21903
2024-07-15 13:15:00,851.9500122070312,858.0,850.0,853.25,19440
2024-07-16 09:15:00,857.25,861.9500122070312,849.0,854.0999755859375,63183
2024-07-16 13:15:00,854.1500244140625,855.7000122070312,850.0,851.7999877929688,22492
2024-07-18 09:15:00,858.0,858.4500122070312,849.8499755859375,853.0,6779
2024-07-18 13:15:00,852.5499877929688,854.9000244140625,850.0,850.9000244140625,12121
2024-07-19 09:15:00,855.4000244140625,855.4000244140625,848.5499877929688,851.1500244140625,13163
2024-07-19 13:15:00,851.3499755859375,854.25,849.8499755859375,850.5499877929688,27882
2024-07-22 09:15:00,850.5499877929688,854.4000244140625,847.0999755859375,847.5,87952
2024-07-22 13:15:00,844.5,844.5,832.25,838.0499877929688,14494
2024-07-23 09:15:00,842.5,845.9000244140625,826.0499877929688,835.0,14663
2024-07-23 13:15:00,836.9000244140625,848.0499877929688,831.5999755859375,833.3499755859375,11001
2024-07-24 09:15:00,836.1500244140625,844.0,831.0499877929688,840.9000244140625,13520
2024-07-24 13:15:00,840.9000244140625,883.4500122070312,839.75,857.9000244140625,261336
2024-07-25 09:15:00,845.0499877929688,856.4000244140625,845.0499877929688,848.5499877929688,4883
2024-07-25 13:15:00,848.5,849.9000244140625,821.75,838.9500122070312,103492
2024-07-26 09:15:00,825.2999877929688,837.2000122070312,809.25,811.0499877929688,29455
2024-07-26 13:15:00,811.0499877929688,846.8499755859375,810.0999755859375,833.0,51899
2024-07-29 09:15:00,831.0,847.9500122070312,828.9000244140625,839.0,11882
2024-07-29 13:15:00,839.0,839.9500122070312,833.0499877929688,837.6500244140625,5967
2024-07-30 09:15:00,845.0499877929688,845.0499877929688,826.5999755859375,827.0,13189
2024-07-30 13:15:00,827.0499877929688,832.9500122070312,826.0999755859375,830.3499755859375,6955
2024-07-31 09:15:00,830.3499755859375,836.5499877929688,823.5,827.8499755859375,9802
2024-07-31 13:15:00,827.0,834.9000244140625,824.5999755859375,828.7000122070312,16752
2024-08-01 09:15:00,839.9500122070312,839.9500122070312,816.2999877929688,821.0,280942
2024-08-01 13:15:00,820.0499877929688,820.9000244140625,808.8499755859375,817.7999877929688,24680
2024-08-02 09:15:00,811.7000122070312,821.0,803.0,808.0,36017
2024-08-02 13:15:00,808.0,812.3499755859375,802.9500122070312,810.3499755859375,32163
2024-08-05 09:15:00,806.0,806.0,791.0,797.0,13460
2024-08-05 13:15:00,795.2000122070312,814.5499877929688,786.5499877929688,793.5,19428
2024-08-06 09:15:00,790.0,800.8499755859375,788.2999877929688,790.7000122070312,13004
2024-08-06 13:15:00,790.9000244140625,790.9500122070312,783.0,786.7999877929688,10049
2024-08-07 09:15:00,790.0,800.4000244140625,784.0,796.0999755859375,16270
2024-08-07 13:15:00,793.0499877929688,810.4000244140625,790.0499877929688,801.75,17567
2024-08-08 09:15:00,807.9000244140625,807.9000244140625,791.2000122070312,794.25,4191
2024-08-08 13:15:00,794.9500122070312,796.7000122070312,791.0,794.7000122070312,2545
2024-08-09 09:15:00,797.5,804.0,795.5999755859375,800.7999877929688,5523
2024-08-09 13:15:00,800.0499877929688,803.0,799.0499877929688,802.9000244140625,9690
2024-08-12 09:15:00,786.5499877929688,809.6500244140625,786.5499877929688,794.5499877929688,73294
2024-08-12 13:15:00,794.9500122070312,797.0,780.0,785.0,21288
2024-08-13 09:15:00,785.2000122070312,791.25,771.0499877929688,773.3499755859375,13275
2024-08-13 13:15:00,770.0999755859375,800.0,770.0999755859375,795.7000122070312,152574
2024-08-14 09:15:00,795.7000122070312,795.9500122070312,781.8499755859375,785.75,15595
2024-08-14 13:15:00,786.75,800.5,784.7000122070312,795.75,14064
2024-08-16 09:15:00,805.4500122070312,807.75,790.5499877929688,801.4500122070312,5261
2024-08-16 13:15:00,801.2999877929688,807.0,800.0,805.7000122070312,9465
2024-08-19 09:15:00,800.0,805.8499755859375,794.6500244140625,802.4500122070312,5586
2024-08-19 13:15:00,802.4500122070312,807.2999877929688,798.6500244140625,805.6500244140625,4272
2024-08-20 09:15:00,804.3499755859375,808.9500122070312,799.5,801.25,13912
2024-08-20 13:15:00,801.75,812.0,800.0499877929688,808.4500122070312,7690
2024-08-21 09:15:00,806.0499877929688,818.0,802.1500244140625,814.5,10091
2024-08-21 13:15:00,814.5,818.3499755859375,812.4500122070312,815.25,24067
2024-08-22 09:15:00,819.5,839.8499755859375,816.0999755859375,838.0,27636
2024-08-22 13:15:00,837.0499877929688,854.25,837.0499877929688,848.8499755859375,153119
2024-08-23 09:15:00,846.75,859.75,840.25,857.5,26447
2024-08-23 13:15:00,856.5999755859375,886.0499877929688,855.0,878.0,127293
2024-08-26 09:15:00,869.4000244140625,892.9500122070312,857.2999877929688,887.7999877929688,79462
2024-08-26 13:15:00,888.4000244140625,893.0,879.0,888.6500244140625,52969
2024-08-27 09:15:00,880.0999755859375,888.5499877929688,867.0999755859375,887.6500244140625,19696
2024-08-27 13:15:00,887.6500244140625,887.8499755859375,860.0499877929688,864.6500244140625,26708
2024-08-28 09:15:00,875.6500244140625,879.8499755859375,851.2000122070312,857.0,225057
2024-08-28 13:15:00,858.0,885.0,845.0499877929688,869.2000122070312,45443
2024-08-29 09:15:00,862.0499877929688,869.2000122070312,851.0999755859375,853.0,5299
2024-08-29 13:15:00,852.8499755859375,853.9000244140625,845.3499755859375,849.25,9515
2024-08-30 09:15:00,849.25,857.9500122070312,835.0499877929688,836.0,13649
2024-08-30 13:15:00,836.0,836.2999877929688,820.4000244140625,822.0499877929688,53914
2024-09-02 09:15:00,823.2999877929688,844.0,813.5999755859375,813.9000244140625,15309
2024-09-02 13:15:00,814.0999755859375,823.9500122070312,813.9000244140625,821.9000244140625,19921
2024-09-03 09:15:00,823.7999877929688,829.0,816.7999877929688,822.9500122070312,13520
2024-09-03 13:15:00,821.7999877929688,824.0,816.9500122070312,820.0,19385
2024-09-04 09:15:00,824.9000244140625,836.0,818.5499877929688,820.1500244140625,149142
2024-09-04 13:15:00,820.0,820.9000244140625,815.0999755859375,815.0999755859375,46820
2024-09-05 09:15:00,818.75,821.5499877929688,812.0,816.7999877929688,24788
2024-09-05 13:15:00,816.7999877929688,822.4000244140625,812.5499877929688,822.4000244140625,38852
2024-09-06 09:15:00,819.7999877929688,835.0,816.4500122070312,823.7000122070312,37464
2024-09-06 13:15:00,823.5499877929688,831.5499877929688,821.5499877929688,822.0499877929688,30539
2024-09-09 09:15:00,832.8499755859375,832.8499755859375,799.0,799.25,14112
2024-09-09 13:15:00,798.5999755859375,800.0,795.5,799.3499755859375,36335
2024-09-10 09:15:00,800.0,803.9000244140625,789.7000122070312,789.7000122070312,59220
2024-09-10 13:15:00,789.7000122070312,804.4000244140625,789.0,804.0,77917
2024-09-11 09:15:00,806.0,808.0,797.3499755859375,800.0,20664
2024-09-11 13:15:00,800.0,800.4000244140625,793.9000244140625,795.7000122070312,10693
2024-09-12 09:15:00,797.4000244140625,798.5,791.25,793.4500122070312,11118
2024-09-12 13:15:00,793.5,805.0,791.7999877929688,805.0,16773
2024-09-13 09:15:00,808.0,845.4000244140625,801.1500244140625,839.5499877929688,70347
2024-09-13 13:15:00,838.6500244140625,889.0,837.5499877929688,852.0,998750
2024-09-16 09:15:00,853.9500122070312,865.0,835.25,838.9000244140625,39183
2024-09-16 13:15:00,838.4000244140625,852.0499877929688,836.9000244140625,841.0,35606
2024-09-17 09:15:00,845.6500244140625,858.4000244140625,833.4500122070312,849.0,47703
2024-09-17 13:15:00,849.0,855.7000122070312,845.5999755859375,848.5499877929688,18790
2024-09-18 09:15:00,853.9000244140625,854.0,842.0999755859375,850.3499755859375,19221
2024-09-18 13:15:00,850.0,855.0,845.2000122070312,845.2000122070312,29549
2024-09-19 09:15:00,854.0,854.0,840.0,848.7000122070312,34260
2024-09-19 13:15:00,848.75,863.0,848.75,860.1500244140625,69734
2024-09-20 09:15:00,870.2000122070312,879.9500122070312,857.75,878.0499877929688,47828
2024-09-20 13:15:00,878.0499877929688,881.0,868.1500244140625,875.0,74981
2024-09-23 09:15:00,870.0,882.0,868.0,868.25,15774
2024-09-23 13:15:00,869.9500122070312,880.9500122070312,868.25,875.4000244140625,5086
2024-09-24 09:15:00,891.5999755859375,891.9500122070312,875.2999877929688,879.1500244140625,78597
2024-09-24 13:15:00,880.4000244140625,898.5,879.0999755859375,898.5,82257
2024-09-25 09:15:00,900.0,904.5,875.0,877.5999755859375,32727
2024-09-25 13:15:00,877.5499877929688,915.9000244140625,874.4000244140625,886.2999877929688,94689
2024-09-26 09:15:00,900.0,911.75,875.0,877.6500244140625,14648
2024-09-26 13:15:00,877.6500244140625,883.0999755859375,875.0,879.9000244140625,13666
2024-09-27 09:15:00,901.2999877929688,956.9000244140625,895.1500244140625,935.2000122070312,3782048
2024-09-27 13:15:00,935.2000122070312,939.8499755859375,922.9000244140625,930.5,666577
2024-09-30 09:15:00,926.7999877929688,929.1500244140625,913.4000244140625,918.4500122070312,38083
2024-09-30 13:15:00,918.4500122070312,948.7999877929688,917.0,941.0999755859375,149955
2024-10-01 09:15:00,939.0,943.5499877929688,897.5,899.9000244140625,141201
2024-10-01 13:15:00,899.9000244140625,913.4000244140625,898.0,901.8499755859375,84651
2024-10-03 09:15:00,890.0,890.0,875.0,875.0499877929688,79245
2024-10-03 13:15:00,875.0,890.4000244140625,875.0,889.75,64231
2024-10-04 09:15:00,910.0,910.0,868.3499755859375,881.9000244140625,10305
2024-10-04 13:15:00,881.9000244140625,905.5499877929688,870.8499755859375,898.3499755859375,50307
2024-10-07 09:15:00,894.75,896.7999877929688,857.9500122070312,875.9000244140625,34656
2024-10-07 13:15:00,875.9000244140625,895.3499755859375,863.0999755859375,881.0,38736
2024-10-08 09:15:00,887.5999755859375,902.9500122070312,883.0,896.7999877929688,35596
2024-10-08 13:15:00,896.7999877929688,900.9500122070312,890.0999755859375,896.0499877929688,15502
2024-10-09 09:15:00,901.9500122070312,904.0,889.5,895.1500244140625,31383
2024-10-09 13:15:00,895.1500244140625,899.25,886.5999755859375,892.0999755859375,14709
2024-10-10 09:15:00,896.7999877929688,903.4500122070312,896.0999755859375,900.6500244140625,375910
2024-10-10 13:15:00,901.9500122070312,916.9000244140625,896.0,896.0,23356
2024-10-11 09:15:00,907.9500122070312,907.9500122070312,883.5,885.8499755859375,106704
2024-10-11 13:15:00,885.2999877929688,888.5999755859375,878.9500122070312,880.0499877929688,11599
2024-10-14 09:15:00,885.5,885.5,865.2000122070312,870.8499755859375,10248
2024-10-14 13:15:00,871.9500122070312,879.7999877929688,868.2999877929688,874.4500122070312,14279
2024-10-15 09:15:00,879.0,879.0,864.9000244140625,868.7000122070312,7530
2024-10-15 13:15:00,869.25,873.2999877929688,860.7000122070312,863.25,14600
2024-10-16 09:15:00,869.3499755859375,877.0,866.4500122070312,873.4500122070312,7727
2024-10-16 13:15:00,873.4500122070312,874.9500122070312,868.3499755859375,871.9500122070312,7593
2024-10-17 09:15:00,876.7999877929688,893.0,868.6500244140625,871.25,15948
2024-10-17 13:15:00,870.0499877929688,882.0,863.0999755859375,875.0,20682
2024-10-18 09:15:00,867.0,875.0,865.5499877929688,868.0,6211
2024-10-18 13:15:00,867.0,876.0,864.0,868.7999877929688,8584
2024-10-21 09:15:00,870.4000244140625,898.0,870.4000244140625,891.2999877929688,46661
2024-10-21 13:15:00,890.4500122070312,896.0,875.0,875.0,40531
2024-10-22 09:15:00,879.0,880.9000244140625,840.0,841.7999877929688,10269
2024-10-22 13:15:00,841.9000244140625,846.9000244140625,840.0,840.0999755859375,13280
2024-10-23 09:15:00,840.0,847.5,821.0999755859375,837.7000122070312,6941
2024-10-23 13:15:00,837.6500244140625,844.9000244140625,821.25,825.3499755859375,16971
2024-10-24 09:15:00,825.0,843.7999877929688,805.0,841.2000122070312,40921
2024-10-24 13:15:00,841.75,847.9000244140625,785.4500122070312,804.6500244140625,209288
2024-10-25 09:15:00,799.0,799.0,752.0499877929688,763.5,394417
2024-10-25 13:15:00,763.75,779.9500122070312,753.5999755859375,773.0,89924
2024-10-28 09:15:00,785.0999755859375,785.0999755859375,741.7000122070312,749.9500122070312,36629
2024-10-28 13:15:00,749.9500122070312,751.25,742.75,743.6500244140625,35928
2024-10-29 09:15:00,746.9500122070312,749.25,728.4000244140625,740.0499877929688,43378
2024-10-29 13:15:00,740.3499755859375,756.8499755859375,736.9000244140625,755.0499877929688,33748
2024-10-30 09:15:00,765.0,767.9500122070312,749.0999755859375,759.5999755859375,10252
2024-10-30 13:15:00,759.4000244140625,779.0,755.5999755859375,771.7000122070312,27688
2024-10-31 09:15:00,771.7000122070312,788.2999877929688,767.7000122070312,777.0499877929688,14263
2024-10-31 13:15:00,777.0,777.0999755859375,757.0499877929688,762.0,17253
2024-11-04 09:15:00,766.7000122070312,776.4500122070312,754.6500244140625,772.0,25736
2024-11-04 13:15:00,772.5,788.0,765.4000244140625,785.3499755859375,28539
2024-11-05 09:15:00,781.0,781.0,765.25,768.2999877929688,18271
2024-11-05 13:15:00,768.2999877929688,772.4500122070312,762.25,765.0,14530
2024-11-06 09:15:00,777.9500122070312,777.9500122070312,764.9500122070312,770.4000244140625,3587
2024-11-06 13:15:00,770.4000244140625,780.0,769.25,777.0499877929688,9945
2024-11-07 09:15:00,782.0,782.0,767.1500244140625,776.0,8527
2024-11-07 13:15:00,776.0,780.7000122070312,770.0,770.0,10658
2024-11-08 09:15:00,776.9500122070312,776.9500122070312,756.0499877929688,757.0499877929688,5730
2024-11-08 13:15:00,757.0999755859375,761.4500122070312,749.0,754.4500122070312,19216
2024-11-11 09:15:00,751.0499877929688,753.0499877929688,736.7000122070312,745.0,80674
2024-11-11 13:15:00,745.0,747.0,736.6500244140625,740.5,93046
2024-11-12 09:15:00,756.0,756.0,740.5499877929688,742.5,4135
2024-11-12 13:15:00,743.25,754.7999877929688,741.0,747.0499877929688,10344
2024-11-13 09:15:00,740.0499877929688,740.2000122070312,716.7000122070312,724.7999877929688,36851
2024-11-13 13:15:00,724.0,728.9000244140625,722.0,728.4000244140625,58078
2024-11-14 09:15:00,728.0499877929688,730.9000244140625,674.8499755859375,707.75,518582
2024-11-14 13:15:00,707.75,708.1500244140625,700.5,705.9000244140625,105534
2024-11-18 09:15:00,704.0499877929688,704.0499877929688,685.5999755859375,700.0,52279
2024-11-18 13:15:00,700.0499877929688,702.25,695.9500122070312,699.9000244140625,41551
2024-11-19 09:15:00,700.0499877929688,723.8499755859375,697.9500122070312,723.8499755859375,20423
2024-11-19 13:15:00,723.5,726.9000244140625,715.5,722.8499755859375,62447
2024-11-21 09:15:00,720.2000122070312,721.2999877929688,692.0,698.5499877929688,33540
2024-11-21 13:15:00,698.7999877929688,706.4500122070312,686.3499755859375,705.0,168560
2024-11-22 09:15:00,710.5,710.5,690.5499877929688,697.0499877929688,67800
2024-11-22 13:15:00,697.0499877929688,708.5,697.0499877929688,706.8499755859375,40419
2024-11-25 09:15:00,707.0,718.0,706.1500244140625,718.0,12602
2024-11-25 13:15:00,717.9500122070312,720.0,715.0,717.3499755859375,47820
2024-11-26 09:15:00,714.9500122070312,727.7000122070312,708.4500122070312,725.9500122070312,65050
2024-11-26 13:15:00,725.0,750.5999755859375,723.7000122070312,745.0499877929688,86256
2024-11-27 09:15:00,749.0499877929688,759.0,738.9000244140625,755.75,16103
2024-11-27 13:15:00,755.75,764.4500122070312,755.0999755859375,758.0,40187
2024-11-28 09:15:00,758.5,765.0499877929688,752.0,760.9500122070312,13224
2024-11-28 13:15:00,760.9500122070312,775.0,756.0,766.7000122070312,50724
2024-11-29 09:15:00,765.0999755859375,765.0999755859375,747.5,756.75,17017
2024-11-29 13:15:00,756.8499755859375,762.5999755859375,750.2999877929688,755.0,20150
2024-12-02 09:15:00,764.8499755859375,764.8499755859375,745.4500122070312,760.5499877929688,13632
2024-12-02 13:15:00,760.6500244140625,769.1500244140625,759.0,764.6500244140625,51263
2024-12-03 09:15:00,760.7999877929688,769.0499877929688,756.8499755859375,766.5499877929688,4000
2024-12-03 13:15:00,766.5999755859375,800.0499877929688,765.3499755859375,780.4000244140625,48065
2024-12-04 09:15:00,786.0,797.75,774.7999877929688,797.75,40139
2024-12-04 13:15:00,797.7000122070312,798.5499877929688,792.0499877929688,795.9000244140625,39289
2024-12-05 09:15:00,795.5999755859375,804.5499877929688,789.5,797.9500122070312,29623
2024-12-05 13:15:00,798.0999755859375,799.75,792.4500122070312,797.9500122070312,26608
2024-12-06 09:15:00,810.0499877929688,834.0,783.2999877929688,805.0,359608
2024-12-06 13:15:00,805.0,819.2999877929688,803.4500122070312,815.0499877929688,89594
2024-12-09 09:15:00,806.0999755859375,819.0,801.7999877929688,804.25,30986
2024-12-09 13:15:00,804.2999877929688,817.0,801.8499755859375,808.4500122070312,87647
2024-12-10 09:15:00,814.8499755859375,814.8499755859375,806.0,812.0,7850
2024-12-10 13:15:00,811.0,811.9500122070312,796.0,807.0,59096
2024-12-11 09:15:00,804.7999877929688,806.75,795.0,796.4500122070312,4963
2024-12-11 13:15:00,796.4000244140625,798.0,793.0,796.0999755859375,4304
2024-12-12 09:15:00,800.2999877929688,800.7000122070312,772.7000122070312,779.4000244140625,7571
2024-12-12 13:15:00,779.2999877929688,782.0999755859375,762.0,782.0,111318
2024-12-13 09:15:00,777.9500122070312,838.5999755859375,771.2999877929688,830.6500244140625,976652
2024-12-13 13:15:00,830.5,833.0,803.0,803.0,1345425
2024-12-16 09:15:00,801.0999755859375,801.9500122070312,783.7999877929688,795.5999755859375,98458
2024-12-16 13:15:00,795.0,797.9500122070312,794.0,795.9000244140625,100755
2024-12-17 09:15:00,788.7000122070312,810.5999755859375,788.7000122070312,810.2000122070312,17716
2024-12-17 13:15:00,809.8499755859375,819.4500122070312,808.5,818.2000122070312,84160
2024-12-18 09:15:00,816.8499755859375,841.5499877929688,816.8499755859375,835.2999877929688,89358
2024-12-18 13:15:00,835.0,838.5,834.8499755859375,836.4000244140625,52698
2024-12-19 09:15:00,840.5,868.9500122070312,839.0,850.0499877929688,532684
2024-12-19 13:15:00,850.0,852.0,840.0499877929688,846.0499877929688,220074
2024-12-20 09:15:00,843.0,846.7000122070312,825.0999755859375,825.2999877929688,42699
2024-12-20 13:15:00,825.0999755859375,835.7999877929688,816.0499877929688,825.0499877929688,72862
2024-12-23 09:15:00,825.0499877929688,846.0,813.7000122070312,815.0499877929688,297583
2024-12-23 13:15:00,814.9500122070312,834.8499755859375,814.9500122070312,823.0499877929688,50137
2024-12-24 09:15:00,826.4000244140625,832.5999755859375,809.0499877929688,819.0,127744
2024-12-24 13:15:00,819.0,824.3499755859375,813.0999755859375,819.0499877929688,41031
2024-12-26 09:15:00,815.0,832.7999877929688,813.5999755859375,821.8499755859375,84232
2024-12-26 13:15:00,821.9500122070312,822.0,817.7000122070312,819.9000244140625,8678
2024-12-27 09:15:00,823.7999877929688,823.8499755859375,807.7000122070312,810.75,27869
2024-12-27 13:15:00,808.75,823.75,808.0,819.8499755859375,42473
2024-12-30 09:15:00,812.4500122070312,818.9000244140625,802.2999877929688,816.0,57937
2024-12-30 13:15:00,816.0,827.9000244140625,804.0,808.0,25276
2024-12-31 09:15:00,810.7999877929688,820.0499877929688,787.25,788.7000122070312,437611
2024-12-31 13:15:00,788.7999877929688,801.7000122070312,787.5,791.0499877929688,107352
2025-01-01 09:15:00,792.4500122070312,792.4500122070312,777.25,781.9000244140625,7967
2025-01-01 13:15:00,781.7000122070312,790.0,781.5,788.25,23648
2025-01-02 09:15:00,792.7000122070312,793.0499877929688,780.0499877929688,786.7000122070312,18385
2025-01-02 13:15:00,785.5999755859375,789.0,785.0999755859375,787.5,25370
2025-01-03 09:15:00,787.5999755859375,819.0,786.5,800.75,421941
2025-01-03 13:15:00,800.5,807.9000244140625,797.7000122070312,800.5499877929688,34968
2025-01-06 09:15:00,811.0499877929688,815.5499877929688,792.0,806.5499877929688,147050
2025-01-06 13:15:00,805.4500122070312,814.0499877929688,795.0,799.9500122070312,292067
2025-01-07 09:15:00,800.0,825.7000122070312,787.0999755859375,823.2999877929688,94955
2025-01-07 13:15:00,822.9500122070312,825.7999877929688,813.9000244140625,823.5999755859375,65915
2025-01-08 09:15:00,832.8499755859375,832.8499755859375,800.0,818.0,25519
2025-01-08 13:15:00,818.0,828.0,812.25,823.4500122070312,45879
2025-01-09 09:15:00,830.0,830.0,811.2000122070312,812.6500244140625,11519
2025-01-09 13:15:00,812.7000122070312,818.0,802.0,804.0,13876
2025-01-10 09:15:00,804.0,809.0499877929688,787.5,791.1500244140625,57382
2025-01-10 13:15:00,790.5499877929688,794.0,789.0499877929688,790.0,8729
2025-01-13 09:15:00,787.4000244140625,787.4000244140625,750.75,750.9500122070312,30765
2025-01-13 13:15:00,751.0499877929688,758.9000244140625,742.5499877929688,752.9500122070312,24904
2025-01-14 09:15:00,756.9000244140625,756.9000244140625,727.0,731.2999877929688,22040
2025-01-14 13:15:00,732.0999755859375,737.75,726.6500244140625,735.0,94284
2025-01-15 09:15:00,737.9000244140625,743.4500122070312,723.8499755859375,741.6500244140625,12590
2025-01-15 13:15:00,741.0999755859375,745.0999755859375,735.0499877929688,745.0999755859375,191813
2025-01-16 09:15:00,736.25,760.0,736.2000122070312,738.3499755859375,35745
2025-01-16 13:15:00,737.4500122070312,748.7999877929688,732.0,735.2000122070312,22185
2025-01-17 09:15:00,739.7000122070312,739.9000244140625,722.5499877929688,723.7000122070312,15120
2025-01-17 13:15:00,723.5,727.0499877929688,716.3499755859375,724.2999877929688,121111
2025-01-20 09:15:00,715.0,760.25,710.8499755859375,760.0,68024
2025-01-20 13:15:00,760.25,767.9000244140625,750.0,758.0499877929688,68574
2025-01-21 09:15:00,758.5499877929688,759.8499755859375,747.3499755859375,749.6500244140625,7905
2025-01-21 13:15:00,750.25,756.9500122070312,737.1500244140625,746.6500244140625,19692
2025-01-22 09:15:00,755.0,755.0,732.5499877929688,745.7999877929688,7910
2025-01-22 13:15:00,745.7999877929688,756.4500122070312,742.1500244140625,742.3499755859375,70571
2025-01-23 09:15:00,742.0,754.0,737.0,750.0,10218
2025-01-23 13:15:00,750.0,753.0,749.9500122070312,750.0,17967
2025-01-24 09:15:00,753.0,753.0,735.9500122070312,742.0,26837
2025-01-24 13:15:00,742.0,747.1500244140625,741.1500244140625,743.9000244140625,46422
2025-01-27 09:15:00,740.7999877929688,740.7999877929688,718.0,726.4500122070312,29441
2025-01-27 13:15:00,726.4000244140625,734.0,725.0,729.0999755859375,29294
2025-01-28 09:15:00,732.5499877929688,732.9000244140625,688.0499877929688,712.75,21159
2025-01-28 13:15:00,712.75,714.7999877929688,703.0,709.8499755859375,24939
2025-01-29 09:15:00,708.4500122070312,724.7000122070312,707.4500122070312,719.2000122070312,8831
2025-01-29 13:15:00,719.2000122070312,729.7999877929688,716.5999755859375,722.75,48904
2025-01-30 09:15:00,722.7000122070312,722.75,705.0,720.9000244140625,9135
2025-01-30 13:15:00,720.9000244140625,722.7000122070312,718.3499755859375,719.9500122070312,16204
2025-01-31 09:15:00,710.0,719.9500122070312,705.6500244140625,714.9500122070312,12328
2025-01-31 13:15:00,714.9500122070312,733.9000244140625,712.75,716.2999877929688,18830
2025-02-03 09:15:00,766.9500122070312,842.2999877929688,753.5999755859375,820.0,610844
2025-02-03 13:15:00,820.0,839.2999877929688,804.0,825.8499755859375,291106
2025-02-04 09:15:00,796.7000122070312,836.7999877929688,786.5,833.2000122070312,124006
2025-02-04 13:15:00,831.8499755859375,891.5999755859375,831.0,880.5999755859375,213157
2025-02-05 09:15:00,864.9000244140625,869.5,841.0499877929688,864.2000122070312,133934
2025-02-05 13:15:00,863.1500244140625,868.5,847.0999755859375,857.0999755859375,88017
2025-02-06 09:15:00,846.0,875.0,842.0,859.9500122070312,61667
2025-02-06 13:15:00,859.4500122070312,881.9500122070312,856.0999755859375,860.0999755859375,49004
2025-02-07 09:15:00,865.5,868.0,844.5499877929688,852.0999755859375,11628
2025-02-07 13:15:00,851.0999755859375,859.4000244140625,840.0499877929688,844.2999877929688,18709
2025-02-10 09:15:00,849.75,852.9500122070312,825.6500244140625,826.4500122070312,14582
2025-02-10 13:15:00,826.5499877929688,837.2000122070312,818.4000244140625,828.8499755859375,13519
2025-02-11 09:15:00,828.0499877929688,828.0499877929688,784.5999755859375,785.0,19227
2025-02-11 13:15:00,785.8499755859375,802.5,781.5999755859375,788.6500244140625,66911
2025-02-12 09:15:00,816.0,816.0,764.1500244140625,767.4500122070312,22966
2025-02-12 13:15:00,766.8499755859375,767.75,750.8499755859375,760.2999877929688,38610
2025-02-13 09:15:00,758.5999755859375,771.0,750.5,760.0999755859375,18399
2025-02-13 13:15:00,759.3499755859375,765.2999877929688,740.3499755859375,744.4500122070312,24734
2025-02-14 09:15:00,733.0,755.5499877929688,722.0,723.9500122070312,17617
2025-02-14 13:15:00,725.0,731.4000244140625,720.0,725.0499877929688,13843
2025-02-17 09:15:00,720.0,730.5499877929688,703.4000244140625,712.5999755859375,12088
2025-02-17 13:15:00,710.7999877929688,724.5499877929688,710.7999877929688,714.4500122070312,10569
2025-02-18 09:15:00,711.7999877929688,730.7000122070312,697.0,716.6500244140625,17846
2025-02-18 13:15:00,715.8499755859375,717.2000122070312,700.0,708.2000122070312,9381
2025-02-19 09:15:00,708.2000122070312,734.75,707.6500244140625,725.25,10525
2025-02-19 13:15:00,725.75,741.0,724.7000122070312,735.2999877929688,8552
2025-02-20 09:15:00,739.2000122070312,756.3499755859375,726.0999755859375,750.9500122070312,9238
2025-02-20 13:15:00,750.9000244140625,763.2000122070312,749.5999755859375,759.9500122070312,12749
2025-02-21 09:15:00,754.25,771.2999877929688,750.4500122070312,759.9000244140625,5954
2025-02-21 13:15:00,759.25,765.2999877929688,751.0,751.0499877929688,9311
2025-02-24 09:15:00,760.0499877929688,760.0499877929688,731.5,740.5499877929688,8087
2025-02-24 13:15:00,740.8499755859375,740.8499755859375,724.0,725.7999877929688,27210
2025-02-25 09:15:00,721.2000122070312,733.4500122070312,710.0,711.2000122070312,47685
2025-02-25 13:15:00,711.2000122070312,725.0,705.0499877929688,715.0,29215
2025-02-27 09:15:00,722.0999755859375,725.5999755859375,701.0,703.9500122070312,17367
2025-02-27 13:15:00,703.25,711.4000244140625,696.0999755859375,703.0,19179
2025-02-28 09:15:00,699.9500122070312,699.9500122070312,654.5999755859375,656.8499755859375,116625
2025-02-28 13:15:00,656.7000122070312,696.1500244140625,652.1500244140625,683.0499877929688,171754
2025-03-03 09:15:00,686.5999755859375,692.4000244140625,663.75,685.7000122070312,30783
2025-03-03 13:15:00,685.5,692.9500122070312,680.0499877929688,683.7999877929688,17039
2025-03-04 09:15:00,677.5999755859375,699.9500122070312,668.4500122070312,684.2999877929688,9395
2025-03-04 13:15:00,684.2999877929688,695.5,683.9000244140625,689.9000244140625,13455
2025-03-05 09:15:00,683.5999755859375,704.5999755859375,683.5999755859375,704.2000122070312,9994
2025-03-05 13:15:00,704.7999877929688,709.9500122070312,692.1500244140625,705.1500244140625,22236
2025-03-06 09:15:00,710.4500122070312,727.9500122070312,708.8499755859375,721.4500122070312,9302
2025-03-06 13:15:00,721.5499877929688,728.0,713.8499755859375,718.7999877929688,15455
2025-03-07 09:15:00,718.7000122070312,721.0,705.7999877929688,714.9000244140625,24545
2025-03-07 13:15:00,714.9000244140625,716.5,706.0,710.2000122070312,21642
2025-03-10 09:15:00,713.9000244140625,713.9000244140625,690.1500244140625,700.4000244140625,7684
2025-03-10 13:15:00,701.4000244140625,701.9500122070312,692.0,699.4000244140625,14912
2025-03-11 09:15:00,699.4000244140625,703.0999755859375,680.6500244140625,686.7000122070312,9648
2025-03-11 13:15:00,686.4000244140625,700.0,685.2000122070312,690.2999877929688,16287
2025-03-12 09:15:00,690.9500122070312,693.9500122070312,684.0499877929688,687.5,6772
2025-03-12 13:15:00,687.4000244140625,690.25,685.5499877929688,688.5999755859375,5896
2025-03-13 09:15:00,681.0,688.3499755859375,674.5499877929688,678.9500122070312,7821
2025-03-13 13:15:00,679.8499755859375,696.7999877929688,678.8499755859375,686.2999877929688,15844
2025-03-17 09:15:00,689.5,691.4000244140625,675.6500244140625,681.3499755859375,5874
2025-03-17 13:15:00,681.4000244140625,689.4000244140625,679.2000122070312,686.2000122070312,14952
2025-03-18 09:15:00,680.2999877929688,707.4000244140625,677.0499877929688,703.6500244140625,41074
2025-03-18 13:15:00,703.8499755859375,718.4500122070312,699.1500244140625,707.7999877929688,54875
2025-03-19 09:15:00,708.0,728.0,708.0,725.5,6174
2025-03-19 13:15:00,726.0,727.25,721.2000122070312,724.5499877929688,59464
2025-03-20 09:15:00,732.9000244140625,747.9500122070312,709.75,712.0499877929688,31868
2025-03-20 13:15:00,712.0,727.7000122070312,712.0,726.8499755859375,28989
2025-03-21 09:15:00,727.0,731.3499755859375,721.0999755859375,723.0499877929688,7850
2025-03-21 13:15:00,723.9500122070312,725.3499755859375,712.2000122070312,722.3499755859375,14547
2025-03-24 09:15:00,731.0,736.0999755859375,716.0999755859375,732.5,13781
2025-03-24 13:15:00,732.5,738.4500122070312,725.6500244140625,731.0499877929688,13284
2025-03-25 09:15:00,737.6500244140625,741.9500122070312,713.25,714.75,30249
2025-03-25 13:15:00,714.75,719.3499755859375,702.7000122070312,713.0,37247
2025-03-26 09:15:00,718.1500244140625,718.1500244140625,705.3499755859375,705.6500244140625,48294
2025-03-26 13:15:00,705.9500122070312,706.8499755859375,690.4500122070312,694.3499755859375,24476
2025-03-27 09:15:00,688.7999877929688,701.2999877929688,686.0499877929688,689.5999755859375,11732
2025-03-27 13:15:00,689.4000244140625,708.0,687.3499755859375,701.5499877929688,28886
2025-03-28 09:15:00,701.5499877929688,702.5999755859375,682.5999755859375,691.5,16062
2025-03-28 13:15:00,691.0,702.2000122070312,691.0,699.7999877929688,40168
2025-04-01 09:15:00,705.0,705.0,689.7000122070312,698.2999877929688,10642
2025-04-01 13:15:00,698.8499755859375,703.0,693.0,697.0,11218
2025-04-02 09:15:00,701.7999877929688,703.5,691.7999877929688,700.0,12445
2025-04-02 13:15:00,700.0,704.9500122070312,691.5,696.4000244140625,18959
2025-04-03 09:15:00,697.0,705.8499755859375,697.0,698.25,7645
2025-04-03 13:15:00,698.9000244140625,699.7999877929688,695.0,698.0,8906
2025-04-04 09:15:00,698.25,699.75,678.5,683.0999755859375,6192
2025-04-04 13:15:00,683.7999877929688,689.0,676.0,679.5499877929688,9443
2025-04-07 09:15:00,674.5,674.9500122070312,640.7000122070312,658.0,13750
2025-04-07 13:15:00,658.0999755859375,698.0499877929688,657.7000122070312,692.2999877929688,36119
2025-04-08 09:15:00,690.0499877929688,691.9500122070312,677.0499877929688,688.6500244140625,8517
2025-04-08 13:15:00,688.6500244140625,709.3499755859375,686.5,705.8499755859375,18907
2025-04-09 09:15:00,705.8499755859375,711.5999755859375,687.5499877929688,693.5999755859375,7003
2025-04-09 13:15:00,693.5499877929688,694.9000244140625,686.4500122070312,689.0499877929688,9568
2025-04-11 09:15:00,693.0999755859375,716.0,693.0999755859375,708.9500122070312,66179
2025-04-11 13:15:00,708.9500122070312,709.8499755859375,705.9000244140625,708.4500122070312,18737
2025-04-15 09:15:00,719.0999755859375,720.25,704.4000244140625,710.0,9877
2025-04-15 13:15:00,710.3499755859375,713.8499755859375,708.0,709.3499755859375,23016
2025-04-16 09:15:00,714.7000122070312,715.0,702.9000244140625,705.0,5588
2025-04-16 13:15:00,704.4000244140625,711.2999877929688,702.4000244140625,706.4500122070312,13494
2025-04-17 09:15:00,708.0999755859375,709.5999755859375,699.5499877929688,708.0999755859375,24738
2025-04-17 13:15:00,706.4500122070312,719.9000244140625,704.0,709.4000244140625,42192
2025-04-21 09:15:00,716.4500122070312,717.7999877929688,706.4000244140625,714.7999877929688,9483
2025-04-21 13:15:00,714.7999877929688,717.9000244140625,711.5,716.9000244140625,15312
2025-04-22 09:15:00,717.0,721.8499755859375,703.4500122070312,717.5999755859375,31295
2025-04-22 13:15:00,717.5999755859375,728.0499877929688,717.5999755859375,720.0,35957
2025-04-23 09:15:00,725.0,725.0,710.0999755859375,715.6500244140625,9916
2025-04-23 13:15:00,716.4000244140625,724.0,715.9000244140625,719.1500244140625,8852
2025-04-24 09:15:00,722.4500122070312,726.3499755859375,712.5999755859375,723.5999755859375,14826
2025-04-24 13:15:00,723.5999755859375,724.3499755859375,719.5,723.9000244140625,19890
2025-04-25 09:15:00,719.0,719.0,701.5,709.0,9161
2025-04-25 13:15:00,708.5,725.4000244140625,708.5,721.5499877929688,37057
2025-04-28 09:15:00,714.0999755859375,730.9000244140625,711.1500244140625,727.0,13611
2025-04-28 13:15:00,727.5499877929688,734.0,721.0999755859375,732.4500122070312,17925
2025-04-29 09:15:00,738.9000244140625,740.4500122070312,714.0,716.5499877929688,9591
2025-04-29 13:15:00,716.0999755859375,724.5499877929688,713.0,718.7000122070312,19793
2025-04-30 09:15:00,719.9500122070312,719.9500122070312,680.0499877929688,680.2999877929688,51593
2025-04-30 13:15:00,680.2999877929688,682.7000122070312,662.0499877929688,670.7000122070312,66051
2025-05-02 09:15:00,670.0999755859375,670.9000244140625,654.2000122070312,664.9500122070312,22387
2025-05-02 13:15:00,664.9500122070312,674.75,664.4500122070312,670.75,15779
2025-05-05 09:15:00,674.0,700.0,664.0,699.5999755859375,15841
2025-05-05 13:15:00,699.7999877929688,704.6500244140625,692.7000122070312,702.25,22166
2025-05-06 09:15:00,706.0,706.2999877929688,685.25,694.4000244140625,55292
2025-05-06 13:15:00,694.4000244140625,699.75,694.0,695.0,21664
2025-05-07 09:15:00,686.0,696.2000122070312,677.7999877929688,691.3499755859375,55205
2025-05-07 13:15:00,691.75,700.0499877929688,690.5999755859375,699.9500122070312,14453
2025-05-08 09:15:00,698.5999755859375,699.9500122070312,688.6500244140625,689.4000244140625,5605
2025-05-08 13:15:00,689.4000244140625,690.6500244140625,670.5499877929688,671.0,18632
2025-05-09 09:15:00,662.0,671.7999877929688,659.5499877929688,662.9500122070312,21008
2025-05-09 13:15:00,663.0,670.0,663.0,669.0499877929688,20741
2025-05-12 09:15:00,679.9500122070312,688.4500122070312,679.9500122070312,684.9000244140625,16536
2025-05-12 13:15:00,685.2000122070312,686.0,680.4000244140625,683.6500244140625,4484
2025-05-13 09:15:00,684.0,698.0,677.5499877929688,685.9500122070312,123074
2025-05-13 13:15:00,686.75,700.75,685.0,697.1500244140625,66603
2025-05-14 09:15:00,705.0,706.0,698.5,702.9000244140625,70348
2025-05-14 13:15:00,702.9000244140625,705.0,685.0,700.0,165004
2025-05-15 09:15:00,691.0499877929688,713.5999755859375,688.2000122070312,702.5999755859375,33249
2025-05-15 13:15:00,702.5,705.8499755859375,697.6500244140625,705.0,21407
2025-05-16 09:15:00,704.9500122070312,704.9500122070312,695.0,695.4000244140625,7090
2025-05-16 13:15:00,695.5,699.75,692.0,694.0,23694
2025-05-19 09:15:00,695.0,700.0,695.0,699.0999755859375,18551
2025-05-19 13:15:00,699.0999755859375,704.0,694.2999877929688,702.6500244140625,231827
2025-05-20 09:15:00,700.5499877929688,720.0999755859375,700.1500244140625,700.5999755859375,15897
2025-05-20 13:15:00,701.0,702.7999877929688,695.2999877929688,700.0,33016
2025-05-21 09:15:00,692.0499877929688,699.0,685.0499877929688,686.5,16341
2025-05-21 13:15:00,686.5,700.0,686.25,699.6500244140625,42527
2025-05-22 09:15:00,691.0,695.7000122070312,688.3499755859375,690.0,4042
2025-05-22 13:15:00,689.1500244140625,697.9000244140625,679.2999877929688,693.1500244140625,40565
2025-05-23 09:15:00,695.0,695.2999877929688,686.7999877929688,689.1500244140625,4682
2025-05-23 13:15:00,689.9500122070312,689.9500122070312,681.5,681.5,9571
2025-05-26 09:15:00,689.75,692.25,684.8499755859375,690.0,10760
2025-05-26 13:15:00,689.6500244140625,695.9000244140625,683.0,684.2999877929688,26756
2025-05-27 09:15:00,685.5999755859375,685.5999755859375,677.9000244140625,680.9000244140625,10856
2025-05-27 13:15:00,680.0,680.5499877929688,676.0,678.0,112972
2025-05-28 09:15:00,677.5,679.9500122070312,669.6500244140625,673.7999877929688,180351
2025-05-28 13:15:00,673.8499755859375,675.2000122070312,671.0,673.0,33312
2025-05-29 09:15:00,671.0,677.4500122070312,669.5499877929688,670.2999877929688,18070
2025-05-29 13:15:00,670.2000122070312,673.7000122070312,669.9500122070312,672.5499877929688,8708
2025-05-30 09:15:00,671.0,672.0499877929688,662.8499755859375,662.8499755859375,21834
2025-05-30 13:15:00,663.7000122070312,670.4000244140625,662.2000122070312,669.25,92632
2025-06-02 09:15:00,671.0499877929688,678.9500122070312,670.2000122070312,675.0,22696
2025-06-02 13:15:00,675.0,679.7000122070312,672.6500244140625,674.7999877929688,27506
2025-06-03 09:15:00,677.0,678.4000244140625,667.9500122070312,667.9500122070312,5835
2025-06-03 13:15:00,667.8499755859375,670.5,663.3499755859375,665.5,11819
2025-06-04 09:15:00,664.0,670.75,663.0,667.1500244140625,3170
2025-06-04 13:15:00,667.2000122070312,668.4000244140625,663.2000122070312,665.8499755859375,11257
2025-06-05 09:15:00,664.0,670.0,664.0,667.2999877929688,3137
2025-06-05 13:15:00,666.7000122070312,673.0499877929688,665.7999877929688,669.6500244140625,31336
2025-06-06 09:15:00,668.5,670.0999755859375,665.2000122070312,670.0,58429
2025-06-06 13:15:00,669.9500122070312,670.3499755859375,665.5499877929688,667.3499755859375,5251
2025-06-09 09:15:00,671.0,720.0,668.8499755859375,711.25,561582
2025-06-09 13:15:00,710.8499755859375,752.0,707.4000244140625,738.0,3691551
2025-06-10 09:15:00,728.0,732.7000122070312,714.4000244140625,716.3499755859375,71396
2025-06-10 13:15:00,715.75,717.0,708.7999877929688,710.9000244140625,136930
2025-06-11 09:15:00,710.0,721.2999877929688,707.0499877929688,707.2000122070312,68341
2025-06-11 13:15:00,708.0,709.5,701.3499755859375,705.8499755859375,152996
2025-06-12 09:15:00,704.8499755859375,710.4500122070312,703.5,704.6500244140625,12059
2025-06-12 13:15:00,704.8499755859375,705.9000244140625,697.4000244140625,703.9000244140625,15157
2025-06-13 09:15:00,695.0,704.25,691.4500122070312,700.5999755859375,31080
2025-06-13 13:15:00,701.2000122070312,718.0499877929688,700.5999755859375,716.0499877929688,49430
2025-06-16 09:15:00,715.9500122070312,715.9500122070312,697.0,699.0,237961
2025-06-16 13:15:00,699.0,702.7999877929688,697.1500244140625,699.5,22999
2025-06-17 09:15:00,699.5,703.4500122070312,694.5499877929688,698.3499755859375,7944
2025-06-17 13:15:00,698.5999755859375,699.2999877929688,690.0999755859375,690.0999755859375,14755
2025-06-18 09:15:00,687.5999755859375,701.7000122070312,683.4500122070312,697.5,65650
2025-06-18 13:15:00,696.5999755859375,702.75,695.0,700.0,57829
2025-06-19 09:15:00,700.9000244140625,700.9000244140625,693.4000244140625,697.4500122070312,18055
2025-06-19 13:15:00,697.5999755859375,699.9500122070312,695.0,695.4500122070312,10612
2025-06-20 09:15:00,696.25,701.0,687.0999755859375,695.9000244140625,120663
2025-06-20 13:15:00,695.75,708.5999755859375,695.0,699.0,1629773
2025-06-23 09:15:00,697.0,723.2999877929688,691.8499755859375,716.0499877929688,86996
2025-06-23 13:15:00,716.0,733.0,716.0,732.0,80485
2025-06-24 09:15:00,730.9000244140625,747.25,722.5,744.1500244140625,106756
2025-06-24 13:15:00,743.7999877929688,744.75,734.5499877929688,736.8499755859375,45404
2025-06-25 09:15:00,739.0,757.0999755859375,734.5,744.7999877929688,243986
2025-06-25 13:15:00,744.0,751.9000244140625,742.0,748.7999877929688,44068
2025-06-26 09:15:00,748.7999877929688,755.25,742.0999755859375,744.6500244140625,21136
2025-06-26 13:15:00,744.3499755859375,746.4500122070312,741.2000122070312,745.1500244140625,2391
2025-06-27 09:15:00,745.0499877929688,750.1500244140625,739.1500244140625,744.5999755859375,18473
2025-06-27 13:15:00,743.5499877929688,756.0,742.6500244140625,751.6500244140625,13878
2025-06-30 09:15:00,750.2000122070312,756.0,740.8499755859375,745.5999755859375,11472
2025-06-30 13:15:00,745.5999755859375,751.0,743.0999755859375,745.0999755859375,16029
2025-07-01 09:15:00,738.2999877929688,754.5999755859375,738.2999877929688,749.0999755859375,19341
2025-07-01 13:15:00,749.3499755859375,772.0,747.5999755859375,770.0,112927
2025-07-02 09:15:00,768.0,770.5499877929688,757.0,760.6500244140625,13459
2025-07-02 13:15:00,760.0,764.7999877929688,757.0,759.75,9022
2025-07-03 09:15:00,757.0,763.5,750.9500122070312,760.5,27586
2025-07-03 13:15:00,760.5,764.4000244140625,758.0499877929688,760.2000122070312,19013
2025-07-04 09:15:00,763.9500122070312,811.7000122070312,763.0,780.25,473515
2025-07-04 13:15:00,780.25,780.75,753.4000244140625,753.9500122070312,133726
2025-07-07 09:15:00,764.7000122070312,772.0,759.25,766.5,18078
2025-07-07 13:15:00,766.1500244140625,780.0499877929688,765.1500244140625,772.4500122070312,41497
2025-07-08 09:15:00,772.4500122070312,786.7999877929688,765.8499755859375,786.6500244140625,32496
2025-07-08 13:15:00,786.4500122070312,797.5999755859375,783.0,795.0999755859375,47051
2025-07-09 09:15:00,787.8499755859375,816.75,780.4500122070312,808.5,83611
2025-07-09 13:15:00,807.5999755859375,811.5,803.25,807.8499755859375,26944
2025-07-10 09:15:00,807.8499755859375,809.3499755859375,785.8499755859375,786.9500122070312,17902
2025-07-10 13:15:00,786.9500122070312,791.3499755859375,783.5499877929688,785.4500122070312,9450
2025-07-11 09:15:00,781.5,789.9500122070312,773.9000244140625,777.7000122070312,19020
2025-07-11 13:15:00,777.9500122070312,780.5999755859375,768.1500244140625,774.4000244140625,5348
2025-07-14 09:15:00,768.0,783.5999755859375,767.4500122070312,779.0999755859375,4798
2025-07-14 13:15:00,778.9000244140625,795.7000122070312,778.9000244140625,784.3499755859375,16261
2025-07-15 09:15:00,785.5,805.8499755859375,783.0499877929688,789.6500244140625,88138
2025-07-15 13:15:00,790.25,800.0,780.75,788.7000122070312,11383
2025-07-16 09:15:00,791.9500122070312,791.9500122070312,772.0,777.4000244140625,27186
2025-07-16 13:15:00,776.4500122070312,779.5999755859375,772.4000244140625,775.5,7394
2025-07-17 09:15:00,775.5,788.75,773.5499877929688,779.9500122070312,25347
2025-07-17 13:15:00,779.9500122070312,781.0999755859375,769.9500122070312,774.0,17484
2025-07-18 09:15:00,775.0,777.4000244140625,763.0,766.9500122070312,9072
2025-07-18 13:15:00,766.2999877929688,788.7999877929688,766.2999877929688,767.6500244140625,16609
2025-07-21 09:15:00,771.5999755859375,771.5999755859375,755.5,761.7999877929688,28075
2025-07-21 13:15:00,761.7999877929688,763.5,756.2000122070312,758.8499755859375,6194
2025-07-22 09:15:00,757.0,769.7999877929688,753.2000122070312,762.7000122070312,124584
2025-07-22 13:15:00,763.9000244140625,768.5999755859375,757.0,760.1500244140625,86440
2025-07-23 09:15:00,760.1500244140625,762.8499755859375,741.4500122070312,742.4000244140625,40882
2025-07-23 13:15:00,742.5999755859375,787.0,737.0,777.2999877929688,548651
2025-07-24 09:15:00,763.5499877929688,772.75,748.25,759.5999755859375,127593
2025-07-24 13:15:00,759.7999877929688,773.6500244140625,758.9500122070312,770.0,32363
2025-07-25 09:15:00,751.5499877929688,760.75,742.75,745.5999755859375,47862
2025-07-25 13:15:00,745.7999877929688,773.0,742.9500122070312,760.0999755859375,38244
2025-07-28 09:15:00,762.0,762.9000244140625,739.9500122070312,760.0,41237
2025-07-28 13:15:00,759.3499755859375,759.3499755859375,745.0999755859375,745.0999755859375,16935
2025-07-29 09:15:00,757.4000244140625,757.4000244140625,736.25,739.7999877929688,19840
2025-07-29 13:15:00,739.75,778.9500122070312,739.7000122070312,760.7999877929688,66678
2025-07-30 09:15:00,764.7999877929688,766.0,753.1500244140625,754.5999755859375,9583
2025-07-30 13:15:00,754.0,755.0,745.2000122070312,745.2000122070312,8267
2025-07-31 09:15:00,745.0,749.2000122070312,736.5999755859375,743.0,14049
2025-07-31 13:15:00,742.0,742.9500122070312,723.0,724.75,26193
2025-08-01 09:15:00,727.75,738.4500122070312,724.0,731.2999877929688,15304
2025-08-01 13:15:00,731.2999877929688,732.25,716.6500244140625,719.5,8898
2025-08-04 09:15:00,717.75,720.7999877929688,701.4000244140625,710.5999755859375,14038
2025-08-04 13:15:00,711.25,713.9000244140625,709.0499877929688,710.5999755859375,9271
2025-08-05 09:15:00,714.2999877929688,716.5999755859375,706.7000122070312,713.2999877929688,26518
2025-08-05 13:15:00,713.2999877929688,716.9500122070312,707.2999877929688,711.0,18753
2025-08-06 09:15:00,713.9500122070312,713.9500122070312,690.0499877929688,690.2999877929688,12335
2025-08-06 13:15:00,690.5,699.9000244140625,685.25,692.7999877929688,44265
2025-08-07 09:15:00,689.0,690.5499877929688,674.4000244140625,683.0,91978
2025-08-07 13:15:00,682.0999755859375,686.7000122070312,679.2000122070312,683.9500122070312,7194
2025-08-08 09:15:00,688.0,692.3499755859375,680.0,682.25,7861
2025-08-08 13:15:00,682.9000244140625,686.7999877929688,675.5,677.0,14426
2025-08-11 09:15:00,676.0499877929688,683.1500244140625,671.3499755859375,677.8499755859375,8128
2025-08-11 13:15:00,678.75,680.6500244140625,675.4000244140625,676.0499877929688,15637
2025-08-12 09:15:00,672.0,681.5,670.0,673.0999755859375,13421
2025-08-12 13:15:00,673.75,677.8499755859375,661.4500122070312,669.4500122070312,8431
2025-08-13 09:15:00,671.0,673.0,666.6500244140625,667.6500244140625,56185
2025-08-13 13:15:00,668.9000244140625,670.5999755859375,667.0999755859375,669.3499755859375,223983
2025-08-14 09:15:00,669.0,669.0,658.4000244140625,660.0,24228
2025-08-14 13:15:00,659.9500122070312,670.0,658.5,664.0,84836
2025-08-18 09:15:00,664.5999755859375,664.8499755859375,655.2999877929688,659.3499755859375,193040
2025-08-18 13:15:00,659.9500122070312,660.5,656.0,657.2000122070312,70042
2025-08-19 09:15:00,662.2999877929688,682.75,652.0,678.2999877929688,859424
2025-08-19 13:15:00,678.1500244140625,693.8499755859375,671.0,688.0499877929688,387999
2025-08-20 09:15:00,685.0,722.0,684.75,710.9500122070312,227417
2025-08-20 13:15:00,710.5999755859375,724.7999877929688,709.0,724.7999877929688,77039
2025-08-21 09:15:00,715.0,736.4000244140625,712.0,717.1500244140625,38067
2025-08-21 13:15:00,716.2999877929688,717.0,706.7000122070312,710.0,49862
2025-08-22 09:15:00,710.5999755859375,716.0,701.1500244140625,704.75,22154
2025-08-22 13:15:00,704.75,706.5999755859375,697.0999755859375,699.9500122070312,23357
2025-08-25 09:15:00,699.2000122070312,720.4500122070312,699.2000122070312,712.8499755859375,38667
2025-08-25 13:15:00,712.7999877929688,714.8499755859375,705.6500244140625,709.4500122070312,15505
2025-08-26 09:15:00,709.0,721.0499877929688,700.2000122070312,714.0999755859375,50109
2025-08-26 13:15:00,714.7999877929688,718.9000244140625,703.6500244140625,705.9000244140625,54095
2025-08-28 09:15:00,704.6500244140625,721.75,698.3499755859375,720.6500244140625,48472
2025-08-28 13:15:00,720.0,728.3499755859375,713.2000122070312,721.5,47757
2025-08-29 09:15:00,718.0,727.2000122070312,709.0,721.4500122070312,36206
2025-08-29 13:15:00,721.7999877929688,724.4500122070312,715.0499877929688,718.0499877929688,27333
2025-09-01 09:15:00,718.0499877929688,737.7000122070312,717.7000122070312,735.7000122070312,25378
2025-09-01 13:15:00,735.6500244140625,749.6500244140625,734.5499877929688,748.9000244140625,63992
2025-09-02 09:15:00,746.7000122070312,752.4500122070312,740.2000122070312,743.0,13484
2025-09-02 13:15:00,742.9500122070312,743.8499755859375,734.6500244140625,739.2000122070312,8409
2025-09-03 09:15:00,732.5,744.8499755859375,732.5,740.1500244140625,11575
2025-09-03 13:15:00,740.6500244140625,749.9500122070312,735.0,749.9500122070312,8257
2025-09-04 09:15:00,750.1500244140625,770.8499755859375,735.4500122070312,747.5999755859375,102421
2025-09-04 13:15:00,747.5,751.2000122070312,736.0,736.0499877929688,27717
2025-09-05 09:15:00,738.0,746.1500244140625,728.75,731.7000122070312,10885
2025-09-05 13:15:00,732.5,742.6500244140625,731.5,741.0,10752
2025-09-08 09:15:00,740.9000244140625,753.2000122070312,736.2999877929688,738.8499755859375,7539
2025-09-08 13:15:00,738.8499755859375,755.5999755859375,735.6500244140625,747.0,37334
2025-09-09 09:15:00,752.7000122070312,752.9000244140625,737.0999755859375,740.0999755859375,6897
2025-09-09 13:15:00,740.1500244140625,744.7999877929688,734.9500122070312,739.4500122070312,45483
2025-09-10 09:15:00,741.0,753.0,733.1500244140625,739.7999877929688,25239
2025-09-10 13:15:00,739.7999877929688,752.3499755859375,737.6500244140625,750.2000122070312,53096
2025-09-11 09:15:00,754.0499877929688,767.2000122070312,750.0499877929688,758.0,41698
2025-09-11 13:15:00,758.75,759.7000122070312,746.9000244140625,748.2000122070312,20081
2025-09-12 09:15:00,746.0499877929688,753.4000244140625,741.2999877929688,749.25,8697
2025-09-12 13:15:00,749.9500122070312,751.5,742.5499877929688,743.8499755859375,89620
2025-09-15 09:15:00,746.0,757.5499877929688,742.1500244140625,745.25,12033
2025-09-15 13:15:00,744.9500122070312,749.5999755859375,738.75,741.75,12333
2025-09-16 09:15:00,745.6500244140625,759.2000122070312,745.0499877929688,756.5,7046
2025-09-16 13:15:00,755.6500244140625,757.9500122070312,750.7999877929688,750.8499755859375,11157
2025-09-17 09:15:00,753.1500244140625,760.2999877929688,743.1500244140625,744.7000122070312,15981
2025-09-17 13:15:00,744.1500244140625,745.0,736.4500122070312,739.3499755859375,46599
2025-09-18 09:15:00,743.2000122070312,743.2000122070312,735.2999877929688,738.9000244140625,5452
2025-09-18 13:15:00,738.0499877929688,746.4500122070312,737.0,740.7999877929688,6565
2025-09-19 09:15:00,740.7999877929688,744.6500244140625,720.5,725.5,25495
2025-09-19 13:15:00,725.3499755859375,732.9500122070312,720.2000122070312,727.0,83252
2025-09-22 09:15:00,720.0,731.3499755859375,715.1500244140625,715.5499877929688,18147
2025-09-22 13:15:00,715.6500244140625,716.4500122070312,706.1500244140625,708.8499755859375,22024
2025-09-23 09:15:00,704.2999877929688,720.4500122070312,701.1500244140625,711.5,23399
2025-09-23 13:15:00,711.5499877929688,721.3499755859375,707.7000122070312,712.2999877929688,96014
2025-09-24 09:15:00,712.25,712.25,700.1500244140625,703.9500122070312,23634
2025-09-24 13:15:00,703.9500122070312,706.7000122070312,696.5,700.5499877929688,58892
2025-09-25 09:15:00,703.5999755859375,715.8499755859375,698.8499755859375,699.9000244140625,35755
2025-09-25 13:15:00,699.9000244140625,702.3499755859375,691.2000122070312,695.0499877929688,39323
2025-09-26 09:15:00,691.2000122070312,697.0,689.2999877929688,690.8499755859375,23141
2025-09-26 13:15:00,690.2000122070312,691.25,680.8499755859375,683.1500244140625,17427
2025-09-29 09:15:00,687.4000244140625,690.4500122070312,670.0,681.4500122070312,50122
2025-09-29 13:15:00,681.0999755859375,763.5999755859375,659.6500244140625,663.7000122070312,1703523
2025-09-30 09:15:00,690.0499877929688,690.0499877929688,671.0,678.75,37878
2025-09-30 13:15:00,679.25,695.0,666.9000244140625,687.5999755859375,135069
2025-10-01 09:15:00,691.2000122070312,691.2000122070312,677.1500244140625,686.4500122070312,20533
2025-10-01 13:15:00,687.2000122070312,690.0499877929688,679.4500122070312,680.25,26162
2025-10-03 09:15:00,683.9500122070312,686.9500122070312,677.7000122070312,680.5999755859375,15462
2025-10-03 13:15:00,680.5999755859375,684.0,672.0999755859375,675.7999877929688,82360
2025-10-06 09:15:00,674.9500122070312,682.2000122070312,667.7999877929688,669.9500122070312,8462
2025-10-06 13:15:00,669.9500122070312,684.9000244140625,669.5499877929688,671.0999755859375,34971
2025-10-07 09:15:00,672.3499755859375,676.0999755859375,667.1500244140625,674.0999755859375,47481
2025-10-07 13:15:00,674.0999755859375,686.0,672.1500244140625,676.5499877929688,74369
2025-10-08 09:15:00,681.5499877929688,683.2999877929688,671.1500244140625,673.8499755859375,60354
2025-10-08 13:15:00,673.9000244140625,680.0,666.0,668.0,42307
2025-10-09 09:15:00,674.9500122070312,675.7000122070312,658.1500244140625,658.7999877929688,30923
2025-10-09 13:15:00,659.4000244140625,662.7999877929688,653.5499877929688,656.8499755859375,62169
2025-10-10 09:15:00,658.0,659.6500244140625,642.7000122070312,644.0,57456
2025-10-10 13:15:00,644.0999755859375,645.2000122070312,638.9500122070312,642.5999755859375,51025
2025-10-13 09:15:00,644.2999877929688,644.2999877929688,623.0499877929688,627.9000244140625,62728
2025-10-13 13:15:00,627.2000122070312,631.1500244140625,623.7000122070312,627.7000122070312,57398
2025-10-14 09:15:00,629.4000244140625,629.7999877929688,605.6500244140625,605.75,56169
2025-10-14 13:15:00,605.7999877929688,609.1500244140625,603.0,606.0499877929688,36957
2025-10-15 09:15:00,610.0,621.9000244140625,603.0,603.7999877929688,109681
2025-10-15 13:15:00,603.9000244140625,614.9000244140625,598.4000244140625,614.9000244140625,498436
2025-10-16 09:15:00,615.0,633.0499877929688,607.2000122070312,609.1500244140625,80564
2025-10-16 13:15:00,608.4500122070312,614.4000244140625,607.4000244140625,609.0,126882
2025-10-17 09:15:00,611.5999755859375,611.5999755859375,588.5,603.1500244140625,453884
2025-10-17 13:15:00,603.8499755859375,604.4500122070312,594.7999877929688,599.6500244140625,157837
2025-10-20 09:15:00,596.7000122070312,601.9000244140625,588.7000122070312,590.0,37210
2025-10-20 13:15:00,589.9000244140625,595.75,588.0,591.75,135934
2025-10-21 13:15:00,595.7999877929688,603.8499755859375,595.0,600.0499877929688,13973
2025-10-23 09:15:00,597.0999755859375,609.8499755859375,597.0999755859375,600.7999877929688,103296
2025-10-23 13:15:00,600.75,601.7000122070312,595.8499755859375,597.8499755859375,34358
2025-10-24 09:15:00,600.2000122070312,601.2999877929688,588.1500244140625,588.7000122070312,26791
2025-10-24 13:15:00,588.7000122070312,590.0,585.2999877929688,587.8499755859375,55606
2025-10-27 09:15:00,587.0,590.0,583.6500244140625,588.0,48254
2025-10-27 13:15:00,587.4000244140625,590.7000122070312,584.5999755859375,587.4500122070312,57083
2025-10-28 09:15:00,590.0,596.9000244140625,586.4000244140625,587.1500244140625,25400
2025-10-28 13:15:00,587.1500244140625,589.0,583.25,586.6500244140625,51980
2025-10-29 09:15:00,590.2000122070312,590.2000122070312,579.8499755859375,586.7000122070312,131866
2025-10-29 13:15:00,586.5999755859375,591.0499877929688,584.3499755859375,587.3499755859375,195156
2025-10-30 09:15:00,589.0,605.9000244140625,584.5499877929688,605.0,99109
2025-10-30 13:15:00,604.9000244140625,608.0,597.0,600.0999755859375,177561
2025-10-31 09:15:00,605.9500122070312,605.9500122070312,591.1500244140625,595.2000122070312,21509
2025-10-31 13:15:00,595.2000122070312,604.5,592.0,597.5,44875
2025-11-03 09:15:00,599.75,599.75,570.5999755859375,579.0,56710
2025-11-03 13:15:00,579.0999755859375,604.4000244140625,577.75,588.2000122070312,408300
2025-11-04 09:15:00,587.9500122070312,587.9500122070312,574.0,574.5,110785
2025-11-04 13:15:00,574.5,590.0,565.7000122070312,585.25,192781
2025-11-06 09:15:00,585.25,585.25,573.7000122070312,579.4500122070312,13939
2025-11-06 13:15:00,579.5,586.9000244140625,578.7000122070312,585.0,59239
2025-11-07 09:15:00,582.0,582.0,573.2999877929688,577.0,14440
2025-11-07 13:15:00,577.25,581.2000122070312,569.0999755859375,574.9500122070312,45078
2025-11-10 09:15:00,578.0,578.0,564.0999755859375,566.0,16185
2025-11-10 13:15:00,566.0,570.0,557.4500122070312,558.9000244140625,50800
2025-11-11 09:15:00,558.75,562.5,552.25,562.2000122070312,12688
2025-11-11 13:15:00,562.2000122070312,567.2999877929688,561.2999877929688,564.6500244140625,25591
2025-11-12 09:15:00,563.0,565.0499877929688,555.25,561.2000122070312,98803
2025-11-12 13:15:00,561.2000122070312,561.5499877929688,548.5999755859375,550.5499877929688,195116
2025-11-13 09:15:00,550.5499877929688,562.4500122070312,548.9500122070312,561.75,29119
2025-11-13 13:15:00,562.0,562.7000122070312,559.5999755859375,560.0,34042
2025-11-14 09:15:00,559.9000244140625,559.9000244140625,554.0499877929688,554.0499877929688,12589
2025-11-14 13:15:00,554.7000122070312,556.1500244140625,547.0,550.2999877929688,29039
2025-11-17 09:15:00,548.0,564.1500244140625,538.25,543.6500244140625,176071
2025-11-17 13:15:00,543.7000122070312,545.5499877929688,539.8499755859375,544.0,54489
2025-11-18 09:15:00,567.6500244140625,578.7000122070312,541.0,550.2000122070312,502124
2025-11-18 13:15:00,550.7000122070312,551.0,540.2000122070312,546.4000244140625,143619
2025-11-19 09:15:00,548.5999755859375,548.5999755859375,535.0,540.5,74341
2025-11-19 13:15:00,540.9500122070312,564.7999877929688,535.75,561.8499755859375,353224
2025-11-20 09:15:00,562.5,562.5,550.0,550.0999755859375,47484
2025-11-20 13:15:00,550.0499877929688,551.5,548.0499877929688,550.0,39226
2025-11-21 09:15:00,550.0,552.7999877929688,542.0999755859375,550.0,49381
2025-11-21 13:15:00,550.25,551.5499877929688,546.0499877929688,550.0,87663
2025-11-24 09:15:00,550.0,551.8499755859375,540.4000244140625,548.5999755859375,484127
2025-11-24 13:15:00,549.0,562.5999755859375,545.9500122070312,559.7999877929688,208909
2025-11-25 09:15:00,554.0,555.9500122070312,546.7999877929688,555.0499877929688,15828
2025-11-25 13:15:00,555.0499877929688,564.4500122070312,554.0499877929688,560.0,57381
2025-11-26 09:15:00,563.2999877929688,563.2999877929688,556.0499877929688,557.8499755859375,7390
2025-11-26 13:15:00,557.7999877929688,569.25,557.1500244140625,566.5999755859375,56031
2025-11-27 09:15:00,563.0499877929688,568.0499877929688,556.8499755859375,563.0999755859375,18703
2025-11-27 13:15:00,563.0499877929688,565.0499877929688,559.5999755859375,563.0999755859375,12386
2025-11-28 09:15:00,560.0,572.0,556.0,568.5999755859375,42392
2025-11-28 13:15:00,567.8499755859375,570.1500244140625,565.0,567.2000122070312,26360
2025-12-01 09:15:00,565.75,579.0,564.5499877929688,576.0,76182
2025-12-01 13:15:00,575.8499755859375,576.5,575.0,575.5,35922
2025-12-02 09:15:00,575.3499755859375,584.4500122070312,575.3499755859375,579.1500244140625,28176
2025-12-02 13:15:00,579.7999877929688,589.0499877929688,577.9000244140625,582.2000122070312,44576
2025-12-03 09:15:00,587.0,592.0,580.9000244140625,583.2000122070312,34795
2025-12-03 13:15:00,583.2999877929688,590.0,580.0,586.3499755859375,34669
2025-12-04 09:15:00,586.2000122070312,586.2000122070312,576.2999877929688,578.7999877929688,10257
2025-12-04 13:15:00,578.4000244140625,582.5999755859375,571.2000122070312,576.2000122070312,20626
2025-12-05 09:15:00,555.0,571.7000122070312,555.0,566.1500244140625,438359
2025-12-05 13:15:00,565.8499755859375,566.9500122070312,555.5499877929688,555.5499877929688,34951
2025-12-08 09:15:00,558.5499877929688,558.5499877929688,546.9000244140625,551.2000122070312,31445
2025-12-08 13:15:00,551.4500122070312,551.4500122070312,545.4500122070312,548.9000244140625,12986
2025-12-09 09:15:00,547.0,555.2000122070312,534.9000244140625,549.9000244140625,82948
2025-12-09 13:15:00,549.9000244140625,557.0999755859375,546.2000122070312,546.2000122070312,13054
2025-12-10 09:15:00,546.5,556.7000122070312,542.8499755859375,544.0,15560
2025-12-10 13:15:00,543.9500122070312,556.0499877929688,542.7000122070312,546.6500244140625,17269
2025-12-11 09:15:00,546.6500244140625,549.3499755859375,539.0499877929688,545.8499755859375,63573
2025-12-11 13:15:00,546.5,555.0,544.7000122070312,549.7000122070312,10910
2025-12-12 09:15:00,547.4000244140625,554.9000244140625,546.2999877929688,550.2000122070312,5010
2025-12-12 13:15:00,550.1500244140625,553.8499755859375,548.25,550.6500244140625,11843
2025-12-15 09:15:00,555.0,555.0,547.0,552.0,7492
2025-12-15 13:15:00,552.0,552.2000122070312,545.5999755859375,547.9500122070312,7105
2025-12-16 09:15:00,545.9500122070312,546.0,531.2000122070312,531.5999755859375,33481
2025-12-16 13:15:00,531.6500244140625,532.75,527.0499877929688,530.9500122070312,39999
2025-12-17 09:15:00,530.9500122070312,535.7000122070312,526.5,526.8499755859375,5843
2025-12-17 13:15:00,526.5,535.0,524.2999877929688,531.0,22094
2025-12-18 09:15:00,524.25,524.25,516.4500122070312,516.5,38027
2025-12-18 13:15:00,516.5,523.0,513.0,523.0,121938
2025-12-19 09:15:00,520.3499755859375,524.4500122070312,513.0,515.5999755859375,14506
2025-12-19 13:15:00,516.2000122070312,524.4500122070312,516.0499877929688,524.4500122070312,31652
2025-12-22 09:15:00,517.1500244140625,524.9500122070312,515.75,524.2000122070312,6810
2025-12-22 13:15:00,524.7000122070312,528.9000244140625,522.1500244140625,525.75,17876
2025-12-23 09:15:00,523.0,525.75,518.8499755859375,522.5,8554
2025-12-23 13:15:00,522.7000122070312,528.9000244140625,522.6500244140625,527.9000244140625,19981
2025-12-24 09:15:00,523.2000122070312,542.7000122070312,521.9000244140625,537.5,42975
2025-12-24 13:15:00,537.4500122070312,542.2999877929688,537.0,538.2000122070312,23270
2025-12-26 09:15:00,534.0,544.7999877929688,533.8499755859375,544.4000244140625,6245
2025-12-26 13:15:00,544.4000244140625,546.0,540.7999877929688,543.0,15354
2025-12-29 09:15:00,538.5999755859375,547.4000244140625,538.2000122070312,542.0999755859375,25476
2025-12-29 13:15:00,540.7999877929688,545.0,532.6500244140625,541.8499755859375,466803
2025-12-30 09:15:00,541.25,541.25,523.0999755859375,535.9500122070312,57591
2025-12-30 13:15:00,535.6500244140625,545.0,533.0,536.7999877929688,60691
2025-12-31 09:15:00,536.7999877929688,542.5499877929688,532.9000244140625,541.7999877929688,4837
2025-12-31 13:15:00,542.0,569.7000122070312,541.5999755859375,555.0499877929688,68325
2026-01-01 09:15:00,555.5,558.0,544.3499755859375,545.5,11077
2026-01-01 13:15:00,545.2999877929688,545.2999877929688,537.0999755859375,538.0,28108
2026-01-02 09:15:00,537.0499877929688,538.5499877929688,529.5999755859375,535.1500244140625,14066
2026-01-02 13:15:00,535.0999755859375,545.0,535.0,538.6500244140625,14727
2026-01-05 09:15:00,541.5,543.7999877929688,535.0999755859375,541.5499877929688,16280
2026-01-05 13:15:00,541.5499877929688,549.5499877929688,540.75,547.6500244140625,20644
2026-01-06 09:15:00,547.0,547.0,531.2000122070312,533.5,8752
2026-01-06 13:15:00,533.5,543.25,532.0999755859375,534.9000244140625,28500
2026-01-07 09:15:00,534.5,537.0,521.4000244140625,523.1500244140625,13790
2026-01-07 13:15:00,522.9000244140625,529.3499755859375,522.0,525.4500122070312,18877
2026-01-08 09:15:00,529.6500244140625,529.6500244140625,514.5,517.8499755859375,11146
2026-01-08 13:15:00,518.0499877929688,525.0,517.0999755859375,524.0999755859375,62158
2026-01-09 09:15:00,518.9000244140625,523.2000122070312,507.1000061035156,512.4500122070312,22888
2026-01-09 13:15:00,512.4500122070312,512.75,499.95001220703125,499.95001220703125,53034
2026-01-12 09:15:00,503.04998779296875,506.1000061035156,493.3999938964844,502.1000061035156,14714
2026-01-12 13:15:00,502.1000061035156,502.1000061035156,500.0,500.1000061035156,207994
2026-01-13 09:15:00,500.0,510.3500061035156,495.1499938964844,504.1499938964844,32368
2026-01-13 13:15:00,504.70001220703125,514.0999755859375,503.3500061035156,504.3999938964844,68709
2026-01-14 09:15:00,511.0,513.75,495.8999938964844,498.6000061035156,25439
2026-01-14 13:15:00,498.8500061035156,500.1000061035156,495.0,497.8999938964844,27832
2026-01-16 09:15:00,494.20001220703125,495.25,483.6000061035156,485.79998779296875,25707
2026-01-16 13:15:00,486.1000061035156,489.6499938964844,482.0,487.5,76031
2026-01-19 09:15:00,480.8500061035156,493.70001220703125,480.8500061035156,484.1499938964844,12650
2026-01-19 13:15:00,484.8999938964844,489.79998779296875,478.79998779296875,489.79998779296875,22555
2026-01-20 09:15:00,481.0,487.0,478.0,479.79998779296875,11965
2026-01-20 13:15:00,478.54998779296875,494.75,477.20001220703125,487.0,59899
2026-01-21 09:15:00,484.20001220703125,492.8500061035156,479.20001220703125,492.8500061035156,20260
2026-01-21 13:15:00,492.8500061035156,506.0,491.1499938964844,503.6000061035156,45874
2026-01-22 09:15:00,503.6499938964844,505.54998779296875,486.3999938964844,493.0,16869
2026-01-22 13:15:00,493.0,497.75,488.5,488.5,20361
2026-01-23 09:15:00,499.8500061035156,499.8500061035156,490.0,494.29998779296875,16951
2026-01-23 13:15:00,494.79998779296875,496.20001220703125,490.95001220703125,490.95001220703125,23065
2026-01-27 09:15:00,492.0,493.54998779296875,477.79998779296875,486.95001220703125,8651
2026-01-27 13:15:00,486.95001220703125,511.95001220703125,480.0,480.0,540745
2026-01-28 09:15:00,480.54998779296875,489.0,464.29998779296875,487.29998779296875,259601
2026-01-28 13:15:00,486.5,505.0,485.5,494.29998779296875,74907
2026-01-29 09:15:00,496.0,496.95001220703125,483.20001220703125,485.0,7219
2026-01-29 13:15:00,484.8999938964844,485.75,478.20001220703125,478.5,17560
2026-01-30 09:15:00,482.79998779296875,496.0,481.6000061035156,488.8500061035156,59133
2026-01-30 13:15:00,489.1000061035156,508.0,482.79998779296875,493.1499938964844,65065
2026-02-03 09:15:00,490.0,502.0,481.1499938964844,486.54998779296875,50664
2026-02-03 13:15:00,486.29998779296875,487.0,481.20001220703125,481.8500061035156,12379
2026-02-04 09:15:00,483.8999938964844,483.95001220703125,477.1000061035156,481.8500061035156,16757
2026-02-04 13:15:00,482.0,505.0,471.54998779296875,475.8999938964844,1128169
2026-02-05 09:15:00,483.0,537.5999755859375,481.6499938964844,530.25,4363520
2026-02-05 13:15:00,530.4500122070312,557.9500122070312,524.7000122070312,549.9000244140625,5406998
2026-02-06 09:15:00,534.7000122070312,554.8499755859375,526.0,549.2000122070312,1626421
2026-02-06 13:15:00,549.0,551.0499877929688,527.5,527.5999755859375,612016
2026-02-09 09:15:00,528.9500122070312,531.4000244140625,518.1500244140625,523.0499877929688,94083
2026-02-09 13:15:00,523.0499877929688,527.0,521.0,522.9500122070312,92594
2026-02-10 09:15:00,522.6500244140625,536.9000244140625,516.0,535.75,122925
2026-02-10 13:15:00,535.4500122070312,545.75,534.0499877929688,538.4000244140625,168811
2026-02-11 09:15:00,538.3499755859375,543.7000122070312,532.5499877929688,537.2000122070312,51678
2026-02-11 13:15:00,537.6500244140625,550.1500244140625,537.2000122070312,545.9500122070312,113557
2026-02-12 09:15:00,543.75,543.75,523.9000244140625,527.8499755859375,52679
2026-02-12 13:15:00,527.8499755859375,545.5,527.6500244140625,532.9500122070312,67442
2026-02-13 09:15:00,539.0,539.0,522.0499877929688,529.1500244140625,30473
2026-02-13 13:15:00,528.7999877929688,531.2999877929688,519.7000122070312,521.7999877929688,49408
2026-02-16 09:15:00,521.5999755859375,522.0,513.2000122070312,521.5999755859375,13728
2026-02-16 13:15:00,521.5999755859375,523.5999755859375,511.1499938964844,514.7999877929688,22165
2026-02-17 09:15:00,514.7999877929688,524.2000122070312,514.7999877929688,520.9500122070312,16167
2026-02-17 13:15:00,521.4000244140625,526.7999877929688,519.1500244140625,524.1500244140625,183158
2026-02-18 09:15:00,524.0,524.0,513.6500244140625,516.7999877929688,11730
2026-02-18 13:15:00,516.5999755859375,518.0,514.2000122070312,515.8499755859375,15181
2026-02-19 09:15:00,512.0,515.0999755859375,502.8500061035156,510.04998779296875,76873
2026-02-19 13:15:00,510.20001220703125,512.0,508.95001220703125,509.8500061035156,52075
2026-02-20 09:15:00,509.8500061035156,513.6500244140625,502.70001220703125,510.29998779296875,13571
2026-02-20 13:15:00,509.95001220703125,513.0499877929688,501.75,505.29998779296875,32247
2026-02-23 09:15:00,507.75,512.5,504.75,508.3999938964844,6792
2026-02-23 13:15:00,507.75,508.70001220703125,502.6000061035156,504.5,16905
2026-02-24 09:15:00,504.6000061035156,505.20001220703125,490.70001220703125,492.1000061035156,16257
2026-02-24 13:15:00,492.3999938964844,497.0,489.6000061035156,491.79998779296875,20346
2026-02-25 09:15:00,492.8500061035156,495.1499938964844,489.3500061035156,493.1499938964844,13400
2026-02-25 13:15:00,492.6499938964844,514.8499755859375,492.29998779296875,500.70001220703125,24148
2026-02-26 09:15:00,500.0,507.75,492.6499938964844,499.1499938964844,44406
2026-02-26 13:15:00,499.1499938964844,502.8999938964844,490.45001220703125,500.0,65643
2026-02-27 09:15:00,500.79998779296875,503.54998779296875,495.1499938964844,497.3500061035156,20695
2026-02-27 13:15:00,497.29998779296875,501.0,492.6499938964844,493.0,32435
2026-03-02 09:15:00,468.0,489.29998779296875,468.0,487.45001220703125,10884
2026-03-02 13:15:00,487.75,499.0,487.0,494.8500061035156,36778
2026-03-04 09:15:00,480.0,487.04998779296875,473.8500061035156,476.1000061035156,24058
2026-03-04 13:15:00,475.79998779296875,481.8500061035156,471.0,471.0,20854
2026-03-05 09:15:00,475.0,480.79998779296875,471.25,479.25,12062
2026-03-05 13:15:00,479.25,481.0,468.70001220703125,477.8999938964844,32037
2026-03-06 09:15:00,477.8999938964844,494.0,475.0,489.54998779296875,61296
2026-03-06 13:15:00,489.54998779296875,498.8500061035156,485.5,485.5,72186
2026-03-09 09:15:00,465.0,476.95001220703125,465.0,471.75,12012
2026-03-09 13:15:00,472.3500061035156,473.25,466.70001220703125,470.0,20591
2026-03-10 09:15:00,471.5,483.29998779296875,471.5,475.75,23948
2026-03-10 13:15:00,475.5,485.0,471.0,471.0,71869
2026-03-11 09:15:00,474.0,474.54998779296875,462.6499938964844,470.8500061035156,31957
2026-03-11 13:15:00,469.70001220703125,491.79998779296875,466.6000061035156,476.8999938964844,109425
2026-03-12 09:15:00,470.1000061035156,480.6499938964844,462.04998779296875,476.8999938964844,15244
2026-03-12 13:15:00,478.25,481.29998779296875,458.95001220703125,461.04998779296875,41917
2026-03-13 09:15:00,456.8999938964844,457.29998779296875,444.0,445.0,20407
2026-03-13 13:15:00,445.0,460.1499938964844,442.8500061035156,453.95001220703125,62757
2026-03-16 09:15:00,455.0,456.29998779296875,427.95001220703125,431.3999938964844,56439
2026-03-16 13:15:00,431.3500061035156,439.3999938964844,429.95001220703125,430.0,89352
2026-03-17 09:15:00,435.0,439.25,429.3999938964844,438.6000061035156,16962
2026-03-17 13:15:00,438.6000061035156,439.79998779296875,435.0,437.0,18456
2026-03-18 09:15:00,440.0,444.0,435.3500061035156,439.3999938964844,44152
2026-03-18 13:15:00,439.8500061035156,442.20001220703125,437.0,439.5,26894
2026-03-19 09:15:00,435.45001220703125,438.0,431.79998779296875,435.3500061035156,6731
2026-03-19 13:15:00,435.3999938964844,437.0,428.1000061035156,437.0,19736
2026-03-20 09:15:00,436.1499938964844,438.8999938964844,431.70001220703125,433.70001220703125,144088
2026-03-20 13:15:00,433.8999938964844,446.95001220703125,427.3999938964844,438.0,68857
2026-03-23 09:15:00,435.0,435.0,404.0,404.5,59372
2026-03-23 13:15:00,405.04998779296875,421.6000061035156,398.5,416.8500061035156,141653
2026-03-24 09:15:00,423.5,423.5,404.0,418.04998779296875,40214
2026-03-24 13:15:00,417.8500061035156,426.75,415.3999938964844,424.79998779296875,40197
2026-03-25 09:15:00,424.8999938964844,434.5,420.8500061035156,434.1000061035156,46449
2026-03-25 13:15:00,434.0,441.79998779296875,432.75,436.45001220703125,85909
2026-03-27 09:15:00,448.0,448.0,427.3500061035156,445.0,57763
2026-03-27 13:15:00,445.6000061035156,457.0,437.29998779296875,443.0,159566
2026-03-30 09:15:00,436.3999938964844,444.1499938964844,429.0,440.0,104970
2026-03-30 13:15:00,440.20001220703125,494.95001220703125,440.0,477.95001220703125,1060774
2026-04-01 09:15:00,486.8999938964844,490.8999938964844,452.1000061035156,460.6499938964844,141492
2026-04-01 13:15:00,460.6499938964844,465.75,456.04998779296875,456.04998779296875,262045
2026-04-02 09:15:00,459.95001220703125,459.95001220703125,445.20001220703125,455.54998779296875,7789
2026-04-02 13:15:00,455.25,471.0,454.54998779296875,454.54998779296875,40669
2026-04-06 09:15:00,459.95001220703125,459.95001220703125,447.0,455.8500061035156,21804
2026-04-06 13:15:00,455.8500061035156,462.29998779296875,451.5,453.0,418718
2026-04-07 09:15:00,447.3999938964844,455.0,447.0,448.70001220703125,31628
2026-04-07 13:15:00,448.8500061035156,450.79998779296875,444.0,446.0,22330
2026-04-08 09:15:00,459.75,462.6499938964844,453.0,461.79998779296875,17977
2026-04-08 13:15:00,462.0,464.20001220703125,456.04998779296875,458.20001220703125,22340
2026-04-09 09:15:00,458.8500061035156,464.45001220703125,451.54998779296875,459.1000061035156,23200
2026-04-09 13:15:00,459.1000061035156,460.0,452.5,453.0,15720
2026-04-10 09:15:00,462.0,476.0,456.0,471.79998779296875,45989
2026-04-10 13:15:00,472.20001220703125,472.20001220703125,460.20001220703125,463.1499938964844,64241
2026-04-13 09:15:00,457.0,464.20001220703125,448.8500061035156,459.95001220703125,8043
2026-04-13 13:15:00,459.5,464.0,455.0,458.29998779296875,12099
2026-04-15 09:15:00,465.0,473.29998779296875,461.54998779296875,472.70001220703125,20598
2026-04-15 13:15:00,472.54998779296875,474.8999938964844,467.0,469.75,37292
2026-04-16 09:15:00,475.0,484.29998779296875,465.29998779296875,470.20001220703125,12468
2026-04-16 13:15:00,469.3999938964844,470.79998779296875,464.0,464.0,20172
2026-04-17 09:15:00,464.95001220703125,469.6000061035156,462.95001220703125,464.54998779296875,10666
2026-04-17 13:15:00,464.54998779296875,465.20001220703125,462.6499938964844,464.95001220703125,15673
2026-04-20 09:15:00,470.0,470.0,458.0,458.1499938964844,0
2026-04-20 13:15:00,464.3500061035156,464.3500061035156,456.0,458.5,34410
2026-04-21 09:15:00,459.0,475.75,457.1000061035156,469.8500061035156,48681
2026-04-21 13:15:00,471.0,483.0,469.70001220703125,482.8500061035156,118393
2026-04-22 09:15:00,484.8999938964844,491.70001220703125,478.0,490.0,25542
2026-04-22 13:15:00,489.8999938964844,490.0,481.20001220703125,481.20001220703125,26448
2026-04-23 09:15:00,481.0,500.25,481.0,491.70001220703125,529441
2026-04-23 13:15:00,491.70001220703125,492.8500061035156,478.1000061035156,482.25,87641
2026-04-24 09:15:00,481.29998779296875,487.0,466.29998779296875,466.79998779296875,15706
2026-04-24 13:15:00,466.5,466.5,460.20001220703125,462.45001220703125,23064
2026-04-27 09:15:00,464.70001220703125,474.25,462.79998779296875,470.75,19966
2026-04-27 13:15:00,470.1499938964844,470.8500061035156,467.6499938964844,469.6499938964844,15661
2026-04-28 09:15:00,469.29998779296875,471.3999938964844,466.0,467.8500061035156,8495
2026-04-28 13:15:00,466.8999938964844,480.70001220703125,465.6499938964844,479.29998779296875,24847
2026-04-29 09:15:00,470.04998779296875,491.3999938964844,470.04998779296875,484.79998779296875,58417
2026-04-29 13:15:00,484.29998779296875,484.79998779296875,480.0,482.0,12663
2026-04-30 09:15:00,479.8999938964844,480.20001220703125,473.3999938964844,475.54998779296875,6092
2026-04-30 13:15:00,475.6000061035156,478.75,474.6000061035156,475.8500061035156,15252
2026-05-04 09:15:00,480.0,498.70001220703125,477.75,486.45001220703125,43395
2026-05-04 13:15:00,486.0,486.0,478.6000061035156,481.20001220703125,24575
2026-05-05 09:15:00,476.5,489.95001220703125,476.5,488.5,404605
2026-05-05 13:15:00,488.5,489.45001220703125,483.20001220703125,487.1000061035156,15569
2026-05-06 09:15:00,490.0,493.3500061035156,482.0,490.0,43620
2026-05-06 13:15:00,490.0,499.0,487.6000061035156,494.45001220703125,41957
2026-05-07 09:15:00,500.5,505.45001220703125,494.45001220703125,500.0,27579
2026-05-07 13:15:00,500.0,504.8999938964844,495.54998779296875,500.95001220703125,48341
2026-05-08 09:15:00,504.0,511.0,485.0,506.04998779296875,100414
2026-05-08 13:15:00,506.04998779296875,508.54998779296875,500.1000061035156,506.0,88104
2026-05-11 09:15:00,504.0,504.0,486.20001220703125,501.1499938964844,18181
2026-05-11 13:15:00,500.29998779296875,505.0,498.8500061035156,501.0,27180
2026-05-12 09:15:00,500.0,504.29998779296875,499.29998779296875,502.6499938964844,17766
2026-05-12 13:15:00,502.79998779296875,512.0999755859375,502.6499938964844,510.0,41471
2026-05-13 09:15:00,508.0,508.95001220703125,482.79998779296875,489.1499938964844,34934
2026-05-13 13:15:00,489.79998779296875,492.5,481.3500061035156,486.75,163183
2026-05-14 09:15:00,486.75,489.25,464.0,474.25,276899
2026-05-14 13:15:00,474.25,478.79998779296875,465.04998779296875,466.0,39847
2026-05-15 09:15:00,467.70001220703125,475.1000061035156,459.6499938964844,474.29998779296875,17867
2026-05-15 13:15:00,474.70001220703125,475.20001220703125,472.8500061035156,473.0,21790
2026-05-18 09:15:00,466.04998779296875,469.6499938964844,455.0,467.5,13542
2026-05-18 13:15:00,467.5,470.0,465.0,466.8999938964844,9616
2026-05-19 09:15:00,466.8999938964844,476.45001220703125,463.1000061035156,475.8999938964844,19052
2026-05-19 13:15:00,475.8500061035156,477.95001220703125,461.20001220703125,462.0,156757
2026-05-20 09:15:00,465.0,468.0,456.3999938964844,462.1499938964844,17185
2026-05-20 13:15:00,462.1499938964844,473.3500061035156,461.20001220703125,468.20001220703125,26907
2026-05-21 09:15:00,467.45001220703125,473.25,464.54998779296875,466.54998779296875,15600
2026-05-21 13:15:00,466.5,472.0,465.0,468.1000061035156,29338
2026-05-22 09:15:00,473.95001220703125,473.95001220703125,465.5,469.25,10920
2026-05-22 13:15:00,470.1499938964844,476.0,468.45001220703125,470.0,38910
2026-05-25 09:15:00,476.0,476.6499938964844,471.0,473.54998779296875,7585
2026-05-25 13:15:00,473.8500061035156,473.8500061035156,464.0,464.0,15865
2026-05-26 09:15:00,466.5,472.6000061035156,464.04998779296875,471.54998779296875,6076
2026-05-26 13:15:00,471.0,471.75,465.5,468.70001220703125,9973
2026-05-27 09:15:00,466.20001220703125,474.6000061035156,466.20001220703125,470.0,7022
2026-05-27 13:15:00,470.0,471.6000061035156,468.1499938964844,469.0,5111
2026-05-29 09:15:00,471.6000061035156,471.70001220703125,456.8999938964844,461.3500061035156,45456
2026-05-29 13:15:00,461.3500061035156,465.5,439.0,443.0,134886
2026-06-01 09:15:00,448.0,451.8999938964844,437.70001220703125,437.70001220703125,17459
2026-06-01 13:15:00,437.25,438.3500061035156,425.29998779296875,428.0,22049
2026-06-02 09:15:00,428.0,428.0,417.04998779296875,420.6000061035156,28263
2026-06-02 13:15:00,420.6000061035156,421.54998779296875,418.75,420.0,37408
2026-06-03 09:15:00,422.1000061035156,422.1000061035156,413.25,414.70001220703125,31757
2026-06-03 13:15:00,414.29998779296875,434.0,410.70001220703125,430.6000061035156,114305
2026-06-04 09:15:00,429.1499938964844,441.54998779296875,425.70001220703125,436.5,21597
2026-06-04 13:15:00,436.45001220703125,441.5,436.45001220703125,438.5,11942
2026-06-05 09:15:00,441.20001220703125,450.25,437.8999938964844,445.20001220703125,13172
2026-06-05 13:15:00,445.45001220703125,447.70001220703125,443.79998779296875,444.20001220703125,6923
2026-06-08 09:15:00,442.54998779296875,442.54998779296875,436.04998779296875,440.1000061035156,5710
2026-06-08 13:15:00,440.1499938964844,440.70001220703125,430.0,432.0,12440
2026-06-09 09:15:00,432.0,435.8999938964844,430.04998779296875,434.04998779296875,5169
2026-06-09 13:15:00,434.5,439.5,432.6000061035156,437.3500061035156,7049
2026-06-10 09:15:00,435.04998779296875,450.29998779296875,435.04998779296875,437.04998779296875,7025
2026-06-10 13:15:00,436.6499938964844,436.6499938964844,427.04998779296875,429.3999938964844,11955
2026-06-11 09:15:00,434.0,438.6000061035156,422.20001220703125,427.45001220703125,8670
2026-06-11 13:15:00,427.45001220703125,443.20001220703125,427.0,438.54998779296875,20385
2026-06-12 09:15:00,443.8999938964844,445.6000061035156,436.20001220703125,445.5,9138
2026-06-12 13:15:00,445.3500061035156,447.75,444.0,445.8500061035156,9604
2026-06-15 09:15:00,448.8999938964844,482.0,448.8999938964844,478.0,99414
2026-06-15 13:15:00,479.29998779296875,479.6000061035156,471.0,473.3999938964844,45950
2026-06-16 09:15:00,475.1000061035156,480.20001220703125,463.29998779296875,463.3999938964844,189913
2026-06-16 13:15:00,463.04998779296875,465.25,456.1499938964844,457.0,57063
2026-06-17 09:15:00,459.75,460.29998779296875,453.1499938964844,454.0,15545
2026-06-17 13:15:00,454.0,459.8999938964844,454.0,457.5,46252
2026-06-18 09:15:00,457.8500061035156,461.3500061035156,454.25,459.0,8732
2026-06-18 13:15:00,458.70001220703125,467.29998779296875,458.0,464.25,22409
2026-06-19 09:15:00,465.79998779296875,471.95001220703125,458.3500061035156,467.54998779296875,18085
2026-06-19 13:15:00,468.0,468.95001220703125,465.0,467.1000061035156,9256
2026-06-22 09:15:00,467.1000061035156,478.95001220703125,467.1000061035156,475.04998779296875,10448
2026-06-22 13:15:00,474.0,488.95001220703125,473.70001220703125,486.95001220703125,79671
2026-06-23 09:15:00,489.0,501.8500061035156,483.5,486.75,37436
2026-06-23 13:15:00,486.75,488.45001220703125,480.6000061035156,485.54998779296875,84003
2026-06-24 09:15:00,482.0,486.3999938964844,472.25,484.8500061035156,36017
2026-06-24 13:15:00,484.54998779296875,485.25,477.3999938964844,477.54998779296875,51003
2026-06-25 09:15:00,481.29998779296875,498.79998779296875,477.04998779296875,485.0,25562
2026-06-25 13:15:00,485.0,487.70001220703125,484.0,487.0,12016
2026-06-29 09:15:00,486.29998779296875,497.04998779296875,481.3999938964844,487.8500061035156,105732
2026-06-29 13:15:00,488.0,488.0,467.6000061035156,469.04998779296875,32935
2026-06-30 09:15:00,473.0,486.8500061035156,467.45001220703125,484.8500061035156,25650
2026-06-30 13:15:00,484.8500061035156,494.0,481.8999938964844,487.0,49433
2026-07-01 09:15:00,494.6000061035156,509.45001220703125,490.45001220703125,505.70001220703125,33456
2026-07-01 13:15:00,506.3500061035156,507.20001220703125,502.0,502.0,22595
2026-07-02 09:15:00,505.0,508.3500061035156,501.20001220703125,504.25,16024
2026-07-02 13:15:00,504.25,509.75,504.25,507.5,27837
2026-07-03 09:15:00,510.0,510.0,495.29998779296875,506.8500061035156,16337
2026-07-03 13:15:00,507.5,509.8999938964844,505.20001220703125,507.5,26487
2026-07-06 09:15:00,505.0,507.20001220703125,502.1499938964844,502.1499938964844,6595
2026-07-06 13:15:00,502.1499938964844,507.0,500.0,500.8999938964844,8991
2026-07-07 09:15:00,505.3999938964844,505.3999938964844,496.20001220703125,496.54998779296875,7161
2026-07-07 13:15:00,496.0,512.0,495.0,507.79998779296875,27396
2026-07-08 09:15:00,505.1000061035156,512.4000244140625,499.95001220703125,508.70001220703125,11321
2026-07-08 13:15:00,508.70001220703125,509.8999938964844,496.79998779296875,503.70001220703125,37448
2026-07-09 09:15:00,503.70001220703125,509.29998779296875,497.54998779296875,498.04998779296875,9899
2026-07-09 13:15:00,498.8999938964844,501.0,496.0,497.5,13439
2026-07-10 09:15:00,500.95001220703125,507.5,499.29998779296875,503.0,17162
2026-07-10 13:15:00,503.70001220703125,511.0,503.0,507.6000061035156,15772
2026-07-13 09:15:00,508.3500061035156,509.25,499.95001220703125,503.25,11536
2026-07-13 13:15:00,503.1499938964844,503.70001220703125,498.04998779296875,499.1000061035156,9214
2026-07-14 09:15:00,496.1000061035156,496.79998779296875,480.6000061035156,481.04998779296875,19850
2026-07-14 13:15:00,480.79998779296875,483.8999938964844,480.6000061035156,481.0,17047
2026-07-15 09:15:00,484.8999938964844,488.1499938964844,475.0,475.6000061035156,14489
2026-07-15 13:15:00,476.25,479.79998779296875,473.0,475.6499938964844,5302
2026-07-16 09:15:00,481.0,481.0,471.29998779296875,472.70001220703125,13791
2026-07-16 13:15:00,474.3999938964844,476.8999938964844,470.1000061035156,470.1000061035156,10207
2026-07-17 09:15:00,477.1499938964844,477.1499938964844,459.75,460.20001220703125,22121
2026-07-17 13:15:00,460.20001220703125,463.29998779296875,456.0,459.1000061035156,16022
2026-07-20 09:15:00,459.1000061035156,459.1499938964844,446.45001220703125,448.5,110368
2026-07-20 13:15:00,448.5,451.8999938964844,443.75,450.1000061035156,78373
2026-07-21 09:15:00,451.0,469.45001220703125,446.20001220703125,462.1000061035156,76260
2026-07-21 13:15:00,461.79998779296875,537.2999877929688,461.54998779296875,498.0,1780130
2026-07-22 09:15:00,494.1499938964844,498.8999938964844,478.04998779296875,495.8500061035156,65754
2026-07-22 13:15:00,496.04998779296875,505.3500061035156,495.1499938964844,498.0,115799
2026-07-23 09:15:00,501.6499938964844,501.6499938964844,484.6000061035156,487.0,41816
2026-07-23 13:15:00,486.6499938964844,500.0,472.45001220703125,474.29998779296875,744036
2026-07-24 09:15:00,474.95001220703125,476.25,459.79998779296875,460.95001220703125,68581
2026-07-24 13:15:00,459.95001220703125,468.75,454.54998779296875,456.0,108656
2026-07-27 09:15:00,459.8999938964844,470.79998779296875,459.20001220703125,459.54998779296875,23720
2026-07-27 13:15:00,459.54998779296875,466.0,459.25,463.0,31578
2026-07-28 09:15:00,462.25,468.5,462.20001220703125,464.29998779296875,11998
2026-07-28 13:15:00,463.3999938964844,468.3500061035156,462.5,466.79998779296875,21629
2026-07-29 09:15:00,467.0,489.70001220703125,466.95001220703125,488.6000061035156,68585
2026-07-29 13:15:00,488.04998779296875,492.6499938964844,486.95001220703125,487.3500061035156,58458
2026-07-30 09:15:00,489.0,501.20001220703125,475.1499938964844,477.70001220703125,101326
2026-07-30 13:15:00,477.1000061035156,496.75,472.3999938964844,486.95001220703125,490418
2026-07-31 09:15:00,475.0,513.7999877929688,475.0,502.79998779296875,86680
2026-07-31 13:15:00,502.79998779296875,509.0,493.3500061035156,507.1000061035156,149203
2026-08-03 09:15:00,510.0,534.6500244140625,505.3999938964844,527.9000244140625,81088
2026-08-03 13:15:00,528.0499877929688,533.0,526.0,531.2000122070312,63674
2026-08-04 09:15:00,531.0499877929688,542.0,523.5499877929688,535.0,46880
2026-08-04 13:15:00,534.9500122070312,548.5499877929688,534.25,542.5499877929688,71482
2026-08-05 09:15:00,542.0,582.9000244140625,538.75,582.9000244140625,170375
2026-08-05 13:15:00,582.7999877929688,597.0,571.2999877929688,585.0,634272
2026-08-06 09:15:00,584.9500122070312,587.4500122070312,569.2000122070312,586.4000244140625,72711
2026-08-06 13:15:00,585.7000122070312,586.1500244140625,574.9000244140625,578.75,52712
2026-08-07 09:15:00,572.7999877929688,580.2999877929688,566.9000244140625,575.1500244140625,29950
2026-08-07 13:15:00,575.1500244140625,607.1500244140625,575.0,584.0,106657
